-8.757325101559850777e-01 -3.506467912426705080e-01 -3.506467999999956078e+02
-8.748517137133162702e-01 -3.505596511571957841e-01 -3.506471625741212961e+02
-1.483014142557026460e-04 -3.505583834884846706e-01 -3.506463622775931981e+02
-2.870516971897885128e-07 -3.505326675031973371e-01 -3.506459534533958049e+02
-2.950905408916071337e-09 -3.504958194839326024e-01 -3.506463529131846144e+02
-5.775964040388714693e-09 -3.504262135050104088e-01 -3.506471502164156959e+02
8.021370234700953006e-10 -3.504351185999604601e-01 -3.506471508859683013e+02
9.536869627346789002e-09 -3.505403481071864280e-01 -3.506463631413017197e+02
5.465894847844765536e-09 -3.505976468507785992e-01 -3.506459730589248238e+02
2.984414937401425050e-10 -3.506002313891226629e-01 -3.506459737807250576e+02
-5.784105083783686041e-09 -3.505450157235199260e-01 -3.506463558915820045e+02
6.400028285113990023e-10 -3.505503310691688301e-01 -3.506463583446321195e+02
7.939488289032681223e-09 -3.506167474764299574e-01 -3.506459951435942912e+02
2.955401479098895834e-10 -3.506186963406938140e-01 -3.506459967678071052e+02
-8.167693521521357525e-09 -3.505575863781918433e-01 -3.506463443909060516e+02
7.306929505901393895e-10 -3.505622645866614540e-01 -3.506463497861170140e+02
8.187576172602462066e-10 -3.505672171173042084e-01 -3.506463566695144323e+02
8.194864786759126218e-10 -3.505718546827275572e-01 -3.506463644396703216e+02
1.156925288903210003e-08 -3.506384650746721676e-01 -3.506460871493915192e+02
-1.111761915861819716e-08 -3.505775514696252704e-01 -3.506463561761062238e+02
6.960991782989367493e-10 -3.505807066354607038e-01 -3.506463652278021073e+02
8.387747163496328540e-10 -3.505843638427328934e-01 -3.506463772005315604e+02
8.320631961211688576e-10 -3.505877770882815936e-01 -3.506463901738152344e+02
8.224732006567592180e-10 -3.505909565481966639e-01 -3.506464041191794081e+02
1.509375302521931417e-08 -3.506526222919125746e-01 -3.506462813010717241e+02
-1.473544797292447583e-08 -3.505949708117130914e-01 -3.506463893011330697e+02
5.764114741069192860e-10 -3.505967173239666335e-01 -3.506464015845587028e+02
8.156668673819922333e-10 -3.505992306940266534e-01 -3.506464202177154448e+02
8.073535173735990611e-10 -3.506016058570068927e-01 -3.506464399297028081e+02
7.944100932633091361e-10 -3.506038425757017074e-01 -3.506464606017716505e+02
7.809732860408757915e-10 -3.506059541023933690e-01 -3.506464822035220550e+02
7.671124846453380997e-10 -3.506079527848505184e-01 -3.506465047001844937e+02
7.528165868464498089e-10 -3.506098498698371757e-01 -3.506465280503787199e+02
7.380668298750947542e-10 -3.506116555500716769e-01 -3.506465522056162740e+02
7.228395659808484197e-10 -3.506133790173598386e-01 -3.506465771099040580e+02
2.134945797926945943e-08 -3.506692883846952991e-01 -3.506469497243127762e+02
-2.124496034650036336e-08 -3.506154941641518308e-01 -3.506465439312809167e+02
2.217882544286453594e-10 -3.506157954519936726e-01 -3.506465527288524413e+02
6.999069102064936487e-10 -3.506172671446953215e-01 -3.506465817023080263e+02
2.357458495083619709e-08 -3.506733494822680264e-01 -3.506471980233395129e+02
-2.352022765439443219e-08 -3.506190401705449600e-01 -3.506465442278564524e+02
-4.785503915361033478e-08 -3.505085632149135821e-01 -3.506451205066494481e+02
2.266598353450888226e-09 -3.505112619157702003e-01 -3.506452295208149508e+02
5.363569899330400403e-08 -3.506289527701612063e-01 -3.506470941910241095e+02
1.826466311527497055e-09 -3.506333125478846569e-01 -3.506471877348982957e+02
3.952126403916622621e-10 -3.506345704661414930e-01 -3.506472085601192248e+02
3.312482510509084932e-10 -3.506357013509607268e-01 -3.506472264833881241e+02
3.050657504388709640e-10 -3.506367873740592889e-01 -3.506472434003010790e+02
2.800234755184760616e-08 -3.506969093652917424e-01 -3.506484317872411793e+02
-6.643893213365004158e-10 -3.506975254394781305e-01 -3.506483933102373953e+02
-1.518317138682334644e-09 -3.506963033587280898e-01 -3.506483037006910877e+02
-3.081314969843873541e-08 -3.506337194356504705e-01 -3.506468537793094811e+02
-5.291154181463753048e-10 -3.748110774815024152e-05 -2.078884496238459260e-04
3.071678156274515459e-08 -1.000504855469612047e-04 -2.096943946251589655e-03
-6.213120018472295669e-10 -9.740801097878932927e-05 -2.010760867026885942e-03
-3.295330164299059561e-08 -2.719772497369970886e-05 1.179372500702551181e-04
-5.481575193755361397e-10 -2.175436263368768139e-05 1.578440902390709105e-04
5.343341324959283156e-10 -1.870119807698126564e-05 1.278065901561708693e-04
3.338175535994025722e-08 -8.468130196260892719e-05 -2.021926632653533139e-03
-3.397597747589742312e-08 -1.576813762043132225e-05 2.272349226561420129e-04
-6.304475830276601300e-10 -1.362903908290386925e-05 2.717350033169462723e-04
5.579670059319141728e-10 -1.275689907956996375e-05 2.385291273483907499e-04
3.540827708814475727e-08 -8.147553853301160286e-05 -2.060112185588251592e-03
-3.603581588684789949e-08 -1.045068863591364289e-05 3.287123561652905042e-04
-7.511820054872941910e-10 -8.425536344658405240e-06 3.795989341437943612e-04
5.851604756301753696e-10 -7.779183162135331833e-06 3.441707783701572617e-04
6.120619566729601502e-10 -7.291899153034165298e-06 3.078475706140532228e-04
5.875360198359658170e-10 -6.868874096563006335e-06 2.739691754303545342e-04
5.608719044758458949e-10 -6.498645256542017837e-06 2.426310654160673537e-04
5.341228570543421483e-10 -7.427515753462842843e-06 2.115053622734935272e-04
5.074631825863207268e-10 -7.088293391276206246e-06 1.856181697362447778e-04
4.809849185605230559e-10 -6.769887109611459435e-06 1.621101536798480133e-04
4.025126132400913548e-08 -7.978150887805124326e-05 -2.293567363059415692e-03
-4.126311925478631792e-08 -4.454560280820688955e-06 2.596792349665493285e-04
-1.283149586583931523e-09 -1.086094144658683740e-06 3.418097461699996960e-04
4.544401521755503381e-10 -2.059121303814629060e-06 3.131534792038831059e-04
5.066752573057442532e-10 -1.969544533754846141e-06 2.881414451441957061e-04
4.840359224544954486e-10 -1.880853338735521903e-06 2.651481656441264430e-04
4.584002066820858090e-10 -1.802729479528089056e-06 2.441561170822573396e-04
4.330622527248806364e-10 -1.732568676385444484e-06 2.250562077444120675e-04
4.082154614337696330e-10 -1.668157290167122399e-06 2.077309257806676129e-04
4.465057834579511109e-08 -7.550757197664242134e-05 -2.233940266094381136e-03
-1.020617812486079856e-09 -7.411959314124411460e-05 -2.124898996321847137e-03
-1.389080266367415106e-07 1.520549120592448516e-04 5.335055423974307057e-03
9.496782249485136163e-10 1.531505081851591377e-04 5.188753150919303038e-03
1.000928868677419814e-07 -3.647022111986274401e-06 -9.910706257355243048e-05
4.974630707366145543e-09 -1.222983240775698034e-05 -3.610452045717919031e-04
1.500023438794073627e-10 -1.223636840862967246e-05 -3.548634884142564338e-04
-1.106279512441687984e-10 -1.184057436606015221e-05 -3.356347929448374144e-04
-1.371965874241709571e-10 -1.142512914439481216e-05 -3.158677374379427450e-04
-1.507209912432472265e-10 -1.211035958832885765e-05 -3.159992272436732276e-04
-1.626300205614938932e-10 -1.167522721556729331e-05 -2.947320204823696216e-04
-1.735510624101266330e-10 -8.990183021985422089e-06 -2.287370263285636940e-04
-1.835497309699007928e-10 -6.336401177078025653e-06 -1.647311385974784296e-04
-1.926616643999068401e-10 -6.031324709142005835e-06 -1.538851082304272056e-04
-2.009209465470007672e-10 -5.793857776544605611e-06 -1.448298381647447684e-04
-2.083613281911311788e-10 -5.563409295624831968e-06 -1.361597692695034668e-04
-2.150162270453392921e-10 -5.338811723068612094e-06 -1.278615718135345659e-04
-1.055180018916246354e-07 1.380245054158260717e-04 4.459553411508196223e-03
1.906681590391201553e-09 1.358975142938594830e-04 4.252423382245194665e-03
1.150161440532926349e-07 -1.654397066851891803e-05 -7.473204479412180745e-04
5.989757345670199129e-08 -9.675280524808478979e-05 -3.279170587298163315e-03
-1.568473462221220416e-09 -9.595150442936793516e-05 -3.150639144975804148e-03
-6.010810449375014741e-08 -1.993960334176855429e-05 -6.312492342302354273e-04
-1.152686566197047568e-07 1.249047967041140399e-04 3.999163527623139647e-03
1.130911359004116434e-07 -1.671654562600551172e-05 -6.301714654381859390e-04
6.252053941224744449e-08 -9.444548699985109844e-05 -3.080654335574626191e-03
-5.836094330025076715e-08 -2.379493785948239969e-05 -7.395570072614298003e-04
-4.309593348850171424e-09 -1.867759228658319307e-05 -5.540997449728397731e-04
-9.487556296150501112e-10 -1.893361362410911198e-05 -5.450279670634977603e-04
-7.274137958646065272e-10 -1.810140192393783182e-05 -5.013909904839056100e-04
-1.185251368163164898e-07 1.213936793411501687e-04 3.935630639183394439e-03
1.194533478798831538e-07 -1.608680978023820703e-05 -5.446089610541072004e-04
6.703310906353010523e-09 -2.528005814881761107e-05 -8.198958524881464361e-04
-1.212191641508653106e-07 1.129045985008660970e-04 3.580861241285368708e-03
1.217762811700495718e-07 -2.318773935194241484e-05 -8.392493974334726617e-04
6.712193911795338863e-09 -3.088328272523254391e-05 -1.055990095831828074e-03
-8.579589261259457089e-10 -3.020875598742787704e-05 -1.001101950237755570e-03
-1.336257771100690661e-09 -2.900527429366826131e-05 -9.312650425960855355e-04
-1.342373323609535873e-09 -2.778999573030949596e-05 -8.633075159921082056e-04
-1.316129760731143961e-09 -2.659813982222658657e-05 -7.982806558368186166e-04
-1.287049467002532310e-09 -2.543284090510776661e-05 -7.361877380611314345e-04
-1.257206450056003177e-09 -2.429496004239984445e-05 -6.769600108869444459e-04
-1.226821422228852043e-09 -2.465106871908036469e-05 -6.692105042697841849e-04
-1.195985643853703095e-09 -2.356366673923500078e-05 -6.137011381619757004e-04
-1.164778384854514570e-09 -2.244240315590958904e-05 -5.588078260955873676e-04
-1.133274585285448666e-09 -2.134911489890096937e-05 -5.065615143315116160e-04
-1.101545410442383854e-09 -2.028673277371989867e-05 -4.569722620132643173e-04
-1.069658805974427196e-09 -1.925549662059664719e-05 -4.099608049167692081e-04
-1.037679275839309412e-09 -1.825544428309651217e-05 -3.654439907286756027e-04
-1.005667993325687348e-09 -1.728653017083113961e-05 -3.233388325629610099e-04
-9.736825790085390508e-10 -1.634863758809162359e-05 -2.835629080761016248e-04
-9.417779889275834648e-10 -1.691958033701325257e-05 -2.945544519566230452e-04
-1.391723301047420591e-07 1.152991592562026079e-04 3.884988293140607951e-03
-1.110980973884068135e-09 1.209134877071230043e-04 3.942916896529306825e-03
1.489686553002300684e-07 -1.533000352423976903e-05 -4.765661033039833051e-04
9.722666338696228649e-09 -2.467369830475271876e-05 -7.563075055510772460e-04
-7.904746857079203437e-10 -2.441906006816535788e-05 -7.245826446427511627e-04
-1.443296443470742929e-07 1.083300286828638517e-04 3.485296425717405479e-03
1.414587337267292355e-07 -2.014610210860868437e-05 -6.769120076618685353e-04
9.160811553776682103e-09 -2.895822380684782678e-05 -9.336432753391571328e-04
-1.465335297545777848e-07 1.026323771786691731e-04 3.245363214625328167e-03
-2.719834357733930119e-09 1.060354643630286443e-04 3.250170732722153927e-03
8.268051909787743625e-09 9.961928804151562987e-05 2.945217899081227844e-03
1.569515446497860012e-07 -3.801499305315861744e-05 -1.487176311618334211e-03
9.702104120101751050e-09 -4.739005697344772738e-05 -1.736012582200568890e-03
-2.023234024761677574e-09 -4.658681849324472236e-05 -1.656124039627415419e-03
-1.536890474884700097e-07 8.510612549771204337e-05 2.547069151138364740e-03
-4.326636271478889739e-09 8.946497152090678246e-05 2.604018747942142293e-03
7.528556333902258757e-09 8.656616004511648007e-05 2.431790505154261817e-03
1.616145893779119547e-07 -4.651392930074970831e-05 -1.837612941976969269e-03
9.628449593179766453e-09 -5.577447006276300414e-05 -2.071601622768490161e-03
-2.881158533973859903e-09 -5.620574596837180542e-05 -2.020600186430868573e-03
-1.598824166393342239e-07 7.324894722751846849e-05 2.121189514767782541e-03
1.511215854677061543e-07 -5.064241797983186507e-05 -1.849019428051387661e-03
8.939993856316164056e-09 -5.624626061928425416e-05 -1.966531906119519356e-03
-1.616587639308164626e-07 7.365246330356809605e-05 2.187234821492829197e-03
-6.170411848138712685e-09 7.748215858764822303e-05 2.238469337176258577e-03
1.672251834783367030e-07 -5.600941473862453197e-05 -2.036602460470994438e-03
1.010329575557022963e-08 -6.528533833569108370e-05 -2.264698104514231355e-03
-1.654868613254478760e-07 6.404684569202854832e-05 1.879356599456802335e-03
-7.070834362465916456e-09 6.984761287065977735e-05 2.002740116033159459e-03
1.703103290617846710e-07 -5.980399058576177016e-05 -2.142135964200185278e-03
1.021608087015124511e-08 -6.892976903839960218e-05 -2.362071439460687768e-03
-3.809233706242309836e-09 -6.743107323646875442e-05 -2.240613056714338327e-03
-1.713093790156605678e-07 6.494097243324632469e-05 1.997372889360757211e-03
1.592084738488708240e-07 -5.575969572385792473e-05 -1.864918006832594084e-03
9.558572600099068950e-09 -6.430640374854241560e-05 -2.075309979595359264e-03
-3.805613713048217051e-09 -6.282643618770334532e-05 -1.963490760041135090e-03
-4.886410498450288742e-09 -6.047368386649598583e-05 -1.827725311325798354e-03
-4.853868307286290928e-09 -5.807506122844857617e-05 -1.694792622246535851e-03
-4.719463708724447315e-09 -5.570780653260083102e-05 -1.567033851001322590e-03
-4.575489209734939777e-09 -5.338111416544609499e-05 -1.444575040272439272e-03
-4.430639743979725154e-09 -5.109776483170811422e-05 -1.327336434378708491e-03
-1.782573174624602075e-07 7.707719822433990405e-05 2.746776198557984543e-03
-8.166860188119073882e-09 8.360822043236163035e-05 2.865772269195348242e-03
7.488550890499823254e-09 7.892918784068072961e-05 2.628392663689875421e-03
1.851496487237369593e-07 -5.220639222359231731e-05 -1.579064134945806514e-03
1.284255313205306948e-08 -6.226900169645989045e-05 -1.845934055082889668e-03
-1.815329004895005482e-07 6.435201105751643051e-05 2.194303796670135556e-03
-9.360922814671823744e-09 7.136263945283094913e-05 2.345722822560312570e-03
1.866631877955882146e-07 -5.792887416022065520e-05 -1.793795452943281344e-03
1.292323381640869684e-08 -6.788468907474403107e-05 -2.050483559104574350e-03
-1.851883999481884757e-07 5.837832644451427220e-05 1.983947113822981650e-03
-1.013374051339610560e-07 1.307601494032401067e-04 4.197549770605081554e-03
4.058151925612207833e-09 1.319310543596003251e-04 4.102661994533452622e-03
2.897521431677319015e-07 -6.298424277517282758e-05 -2.153871765247612584e-03
2.235192320121370813e-08 -7.946568586039159140e-05 -2.604327018059343982e-03
-1.894873959962239951e-07 4.574880330549092953e-05 1.413365597934944373e-03
-1.193789522790922319e-08 5.626175232801349456e-05 1.699604480916873340e-03
5.524690926961284276e-09 5.270763919454219391e-05 1.534423247673843711e-03
1.949802800327304908e-07 -7.585174941751060844e-05 -2.554255977282636394e-03
-1.760112658955037546e-07 4.042085191490736817e-05 1.180260000477566153e-03
-1.062595860190640451e-07 1.121142069473683581e-04 3.396336542654174433e-03
9.714107596092702579e-08 5.226456530805069587e-05 1.409147674139829380e-03
1.561000562144698733e-08 4.182923217852492297e-05 1.036883102497985522e-03
7.007071922693342003e-09 3.662511091642693808e-05 8.406779906826237873e-04
5.877223152594979183e-09 3.209406380415174203e-05 6.717951396102403482e-04
5.520614076992558239e-09 3.036659406148962346e-05 5.965807734769046876e-04
5.248752210640361682e-09 2.889759835637275513e-05 5.318624589437481558e-04
-9.261253119952073121e-08 8.886028844481066590e-05 2.398979262272341734e-03
9.928547473059268214e-08 2.642722946493800021e-05 3.623282818266664734e-04
1.420853090738916080e-08 1.631885156551802682e-05 3.329760371443635583e-05
5.027184779571314266e-09 1.183868066723761826e-05 -1.086011096351617339e-04
3.849859209203998489e-09 1.066484579942273949e-05 -1.419297589125480415e-04
3.525272962434655710e-09 7.232965018025939519e-06 -2.453706183067973267e-04
3.297163320148399634e-09 3.744734458780465654e-06 -3.473437182764190943e-04
-9.729113570333680627e-08 6.395428661919431198e-05 1.554507262773497734e-03
9.977941994865346942e-08 5.507711526795158426e-06 -3.295558205075621062e-04
2.152503085772750069e-07 -1.255139930001119631e-04 -4.433582679369269322e-03
1.132989702057329851e-08 -1.354246223680755155e-04 -4.605692505902678029e-03
-2.144307619245111596e-07 -8.101479095330542260e-06 -4.631851824441783269e-04
-2.083771111216492500e-08 5.416543777730502838e-06 -2.408860855792011122e-05
2.258730980031486979e-10 3.970397934321461339e-06 -6.885108429185600172e-05
2.390115438899442779e-09 1.051817811416149145e-06 -1.584490625236916958e-04
2.480339711397050451e-09 -1.916015467791035859e-06 -2.467734617892817172e-04
2.346206340320122763e-09 -2.238891269379071229e-06 -2.490627071348902296e-04
2.191818171404236182e-09 -4.860242948968649101e-06 -3.236392575519285919e-04
2.039772795114913606e-09 -7.581567012988977617e-06 -3.990237018674449459e-04
1.892565659744605000e-09 -1.020769564297541242e-05 -4.690475686587212371e-04
1.750450784321344599e-09 -1.272301217057586200e-05 -5.333880110142369228e-04
1.613425393287570841e-09 -1.512814879267061802e-05 -5.922437350815851209e-04
1.481451072926631696e-09 -1.742528180958160779e-05 -6.458557581263931271e-04
1.354479084447746118e-09 -1.961679152300695140e-05 -6.944639203158975817e-04
1.232454138744287775e-09 -2.170513198032351693e-05 -7.383028137863019424e-04
1.115314618438389971e-09 -2.117407311139782663e-05 -6.983614104090542793e-04
1.002993466059365346e-09 -2.040772410120237517e-05 -6.522800227851076587e-04
-1.072159110382386871e-07 4.037905674794095546e-05 1.275762795262054506e-03
-4.324028468616347709e-09 4.214819729037165184e-05 1.291157171322860871e-03
1.161604947785832564e-07 -2.261419713063935128e-05 -7.815316331131387604e-04
2.320538936562144272e-07 -1.488579577860887090e-04 -4.717983925940927477e-03
-2.071495887046026496e-07 -3.615342816136519924e-05 -1.033728128470443736e-03
-1.340285740170088502e-07 3.517008444790578462e-05 1.236332446755297396e-03
1.024119321568761620e-07 -2.112641540889803604e-05 -5.687497811564883564e-04
1.211447009374921890e-08 -2.668066236489023633e-05 -7.250767042283261070e-04
2.236079488238118529e-07 -1.443544222665042818e-04 -4.393695617036627935e-03
1.128402193906197226e-08 -1.493745733600867272e-04 -4.413168757966601241e-03
-2.373552348000629308e-07 -2.583640653382862900e-05 -3.995540065352617964e-04
-2.765227236078970918e-08 -1.279825169525033861e-05 2.185523943392606852e-05
-2.508177665561106551e-09 -1.043149505002700556e-05 9.547078678339275559e-05
-1.125260868928279478e-07 4.999179769042178976e-05 1.987781603153945288e-03
1.081775847788790657e-07 -4.784338235924227270e-06 2.074563951742840976e-04
1.355917023104780128e-08 -1.318910691807419708e-05 -6.275053707035374638e-05
1.993538445432818662e-09 -1.337870400479929590e-05 -6.667760085049228408e-05
5.369414912692604958e-10 -1.140854532641934442e-05 -2.659277957604323783e-06
2.300080662598347203e-07 -1.289274507697749485e-04 -3.688021480151208384e-03
1.285632200698216820e-08 -1.359865170992121048e-04 -3.793682956208064595e-03
-2.445923531491089875e-07 -1.139302491999502685e-05 2.324725799491417222e-04
-2.906752949449753487e-08 4.346348016714816936e-06 7.187876362909744734e-04
2.302638455464744993e-07 -1.114822051762440241e-04 -2.935765042720356235e-03
-2.192944702494870057e-07 -9.356137224795379624e-07 6.226600772200152449e-04
-2.572597923578001655e-08 1.419305588657085443e-05 1.077611706846688840e-03
-1.525773618560322120e-09 1.608224222010883801e-05 1.103098340865471755e-03
2.370135963047914629e-07 -1.014414731421836829e-04 -2.616235154646095150e-03
-2.207777910490094087e-07 8.052117057751062307e-06 8.987258201488554712e-04
-2.585309000213698027e-08 2.169231765177800781e-05 1.298217916107207619e-03
-1.186931775087884944e-09 2.319198488492551548e-05 1.304556548943792233e-03
1.896990231564643636e-09 2.312509988643507392e-05 1.261582503135497699e-03
2.414019247831689086e-07 -9.328962246869744370e-05 -2.427363991353519330e-03
-2.232701230564515527e-07 1.534974366195905777e-05 1.054389460789501368e-03
-2.627123252274543574e-08 2.635090145301544783e-05 1.366074578003880109e-03
-9.711983439686378006e-10 2.494810531531975066e-05 1.279152342170544916e-03
2.234460505512458894e-09 2.445468114916491388e-05 1.223595078738180103e-03
2.587835723488751682e-09 2.400833597599511031e-05 1.171268917416024274e-03
2.571329926759347018e-09 2.354433899226172474e-05 1.120030530771465999e-03
2.506278851122090146e-09 2.306121390352915132e-05 1.069798186413562814e-03
2.434530133044177092e-09 2.256126343300491206e-05 1.020612425068871329e-03
2.361672413186965969e-09 2.204671022851336593e-05 9.725101366621963141e-04
2.288569334041312686e-09 2.151961725113006929e-05 9.255220590534156064e-04
2.215460703780536278e-09 2.098192608619149868e-05 8.796741572580896824e-04
2.142496846602170990e-09 2.043546969309619448e-05 8.349881735010667534e-04
2.069809101890029979e-09 1.988197754709951657e-05 7.914819199904307538e-04
1.997519372132217086e-09 1.932307916286499526e-05 7.491695132509376773e-04
-1.229972048655270100e-07 7.685252781708737510e-05 2.528453217299262302e-03
1.188708055321896495e-07 2.271798939563413945e-05 7.528950614034742722e-04
1.720606368493804439e-08 1.503672298986509913e-05 4.886141865551253596e-04
3.485001731640124945e-09 1.358000856522536417e-05 4.276590881860164789e-04
-1.247457263042761610e-07 7.090671960385725749e-05 2.210476382137097420e-03
1.193932885890092166e-07 1.826378797906897566e-05 4.918508218038455167e-04
2.709591533367472493e-07 -1.038268269085325108e-04 -3.348774978821012632e-03
2.032343049407359103e-08 -1.143485887437972683e-04 -3.573508270449650068e-03
-3.964483838991839093e-07 6.118444612600624317e-05 2.037756899965503972e-03
-4.387259222582429175e-08 8.137954315969206343e-05 2.606593347950849921e-03
4.080431770248083012e-09 8.158174893071075938e-05 2.531316847067761455e-03
1.390790963506916000e-07 2.015630621816546359e-05 5.277085350127168513e-04
1.989758269260732959e-08 1.127199170741000155e-05 2.328530151899348014e-04
-1.260535748004443235e-07 6.486480834343555759e-05 1.904290930817618618e-03
-8.142668095345584334e-09 6.639050319293575756e-05 1.892307053931500732e-03
1.380222546254472604e-07 5.709739656188425453e-06 -6.777643131311420800e-05
1.913769198669257321e-08 -2.816547458726924571e-06 -3.327303229460694032e-04
2.511336250066165121e-09 -4.080216166248824299e-06 -3.618907037702744447e-04
1.521786030522775945e-10 -3.130713625897715297e-06 -3.207637665535651491e-04
-1.317117406252066303e-07 5.429426335684316119e-05 1.487920899933823206e-03
1.219049062806121242e-07 1.688171200679922579e-06 -2.063475045077961707e-04
1.663275606134106965e-08 -5.738317871232341033e-06 -4.324869299431847330e-04
1.728583387539117666e-09 -6.784571938031052942e-06 -4.517144297020502875e-04
-1.332653295493813062e-07 4.798509994595257834e-05 1.277632968189774346e-03
-1.067185906311607368e-08 5.034473903981460680e-05 1.311405274856414400e-03
1.400151605768229501e-07 -9.413712449421370856e-06 -6.011355985882328376e-04
1.871228894056997660e-08 -1.760301608192923247e-05 -8.387677232848011121e-04
1.339723554316663012e-09 -2.078732173342229587e-05 -9.123148291468496018e-04
-1.156045592587418014e-09 -2.075518421237662880e-05 -8.827440662540422681e-04
-1.514688485748649782e-09 -2.029389453006462190e-05 -8.406504324237254857e-04
-1.367850261946301771e-07 3.726506697931263626e-05 9.880532132310122957e-04
-1.204270749788349804e-08 4.049934914663642043e-05 1.058299106723687788e-03
1.416321449010382594e-07 -1.853744094680094572e-05 -8.234062615758706068e-04
1.865996079875031910e-08 -2.643589123380975448e-05 -1.044927332045489160e-03
7.630004406067314449e-10 -2.690710763038014521e-05 -1.026954644728669385e-03
-1.387219470405653965e-07 3.057531369921894274e-05 8.049826133446470831e-04
1.241760873016417577e-07 -2.269443390526009374e-05 -8.881444239918355639e-04
-1.215118771158429922e-07 2.716583508722499897e-05 7.007177270183075415e-04
1.270415798115820394e-07 -2.461833375522633736e-05 -9.424649995215237698e-04
1.628056789382270608e-08 -3.136688810387495713e-05 -1.124226619126750823e-03
-5.325961893731800956e-11 -3.147998577681717779e-05 -1.092560891542373146e-03
-2.434590307132111775e-09 -3.061503820924863547e-05 -1.031268918971390853e-03
-2.747447824802407013e-09 -2.960896339895043044e-05 -9.674793280571034396e-04
-1.422863089572956596e-07 2.802389432900973280e-05 8.669853118580942743e-04
-1.418101303052310413e-08 3.432291521992831412e-05 1.037037293057670347e-03
4.707533363124127845e-09 3.301926247374135340e-05 9.637736057485038910e-04
4.288279962239016641e-07 -1.389155497817174192e-04 -4.448377401073036648e-03
4.251618734851803083e-08 -1.574115164136269092e-04 -4.888083948025345390e-03
-4.384784768607374872e-07 1.636741423254790850e-05 7.044117480185770400e-04
-2.000318192196814948e-07 9.663194602576232893e-05 3.194691272101971968e-03
1.285605473189121994e-07 4.689306564576691189e-05 1.537884242010177302e-03
1.686399374589697686e-07 -1.808245922575600813e-05 -5.438833036209619193e-04
2.281799349468371929e-08 -2.706232500549037452e-05 -8.079082483480031635e-04
-1.421247155519722583e-07 2.877000448495404498e-05 9.648144481172902728e-04
1.282193093921080163e-07 -2.121991241136517213e-05 -6.299257602772373628e-04
1.664410265167504122e-08 -2.676831236211467445e-05 -7.838131126342948608e-04
-3.960766159494255589e-10 -2.675143768919131259e-05 -7.587492706064820694e-04
-1.470284822779888145e-07 2.798608560135304522e-05 9.779392121977545285e-04
-1.583094555446251661e-08 3.196192990928331187e-05 1.071665224753651094e-03
4.172291734327870927e-09 3.172378449553134251e-05 1.030710352076183098e-03
1.520660978249210871e-07 -2.530739570808544640e-05 -7.861928654266784645e-04
2.001913756988216164e-08 -3.193779399447561180e-05 -9.690250113233811295e-04
-4.171502032690455053e-10 -3.196303587206165395e-05 -9.394859221388353375e-04
-1.495196099154938452e-07 2.504157290782460792e-05 8.736699046027878455e-04
-1.695290130498960934e-08 3.297701948769277006e-05 1.094677833990724417e-03
1.501847640694720099e-07 -2.269371500826533085e-05 -6.814816216034135475e-04
1.971991514526649780e-08 -3.043155903892204111e-05 -9.022715093601159971e-04
-6.803887453443735467e-10 -3.064904189191632489e-05 -8.808499563351196654e-04
-3.795327496725064975e-09 -2.969439521091605684e-05 -8.234255980567081312e-04
-4.188793090165177091e-09 -2.856771854425714101e-05 -7.624164475163918092e-04
-4.152064803086830125e-09 -2.627967258733110594e-05 -6.669416883187599503e-04
-4.046600055040983079e-09 -2.503210174887322278e-05 -6.070441380706230201e-04
-3.929738423558148952e-09 -2.394706967540332832e-05 -5.541115778673652136e-04
-1.529789374066226060e-07 3.279770792676555303e-05 1.238492306520977979e-03
-1.753297840245693351e-08 4.074885121247292060e-05 1.448527148863303646e-03
3.873885101590701652e-09 4.090244172603078952e-05 1.408051468641193134e-03
7.067975094088296828e-09 3.866516170263107233e-05 1.294007961458426342e-03
1.577688825138423567e-07 -1.947465159893565297e-05 -5.652597032725684666e-04
2.132800536180923245e-08 -2.788044752005790097e-05 -8.105399196431543668e-04
-1.515870848844969032e-07 2.722323023691869244e-05 9.385355267038795113e-04
-1.828865536790402757e-08 3.395361345893961700e-05 1.119699202816829995e-03
1.547134877988298740e-07 -2.140627323908401926e-05 -6.469780104438561594e-04
2.077028726787943924e-08 -2.829203423256659982e-05 -8.420948945460015548e-04
-1.531528996956410538e-07 2.689792352241809884e-05 9.105355629882929975e-04
-1.892108947298964949e-08 3.370805856876561073e-05 1.095053611673312390e-03
1.556515200062946747e-07 -2.266133009780283011e-05 -7.023337372420751946e-04
-1.323266227704067433e-07 2.559163777949630185e-05 8.288854641217131922e-04
-1.595235288309737598e-08 3.135052305524072447e-05 9.830704495850620551e-04
1.567506505706361963e-07 -2.391891667783839666e-05 -7.762741269186689084e-04
2.087151029783740341e-08 -3.202375480939074624e-05 -1.005490202688418509e-03
-1.378703706755857183e-09 -3.236785766392426625e-05 -9.848198611342308222e-04
-1.596613296017679318e-07 2.375037195800232319e-05 8.010336235667312767e-04
-2.066867044181464053e-08 3.094487271685582058e-05 1.000967409569784080e-03
1.575078591997680633e-07 -2.503826879749641366e-05 -7.811291040392861736e-04
2.119912057008122019e-08 -3.213672637463430855e-05 -9.786668546216551259e-04
-1.572991824572156361e-07 2.388954202224676177e-05 8.040268439345147223e-04
-2.057920589493278385e-08 3.224738795473245810e-05 1.040271988996296698e-03
1.586181618273840854e-07 -2.574894233050559661e-05 -8.059446018818382674e-04
2.142346333666722558e-08 -3.658286714045991077e-05 -1.119618564360465220e-03
-1.428921536650307189e-09 -3.606254297942800918e-05 -1.068324139982529961e-03
-1.625969695551177097e-07 2.232593061782493511e-05 7.909111369909700446e-04
-2.163249190889615647e-08 3.121497118372456247e-05 1.044162142900830880e-03
1.933035287393636281e-09 3.066849682196402658e-05 9.944175945869934002e-04
1.640944496950069720e-07 -2.626743879981154067e-05 -8.169381480570885251e-04
2.244302754750293616e-08 -3.366927923303365350e-05 -1.022807878558591906e-03
-1.604025404722264625e-07 2.092748769879094328e-05 7.162081704860192612e-04
-2.177357827370940413e-08 2.821432490604126463e-05 9.216301023363942385e-04
1.612051145905013527e-07 -2.724545687556765249e-05 -8.411671938884069354e-04
2.204070381761624731e-08 -3.444436440447705671e-05 -1.039920124704793534e-03
-1.617498028849695402e-07 2.122048609909765022e-05 7.329331191819389059e-04
-2.223992356942261495e-08 2.985583462178438194e-05 9.800150069964777121e-04
1.488648426750671661e-09 2.932668113521017493e-05 9.328219694938144580e-04
1.664409645663056381e-07 -2.733722498670337317e-05 -8.678134455795144140e-04
2.288726763666204533e-08 -3.596463552213401951e-05 -1.110410370010488654e-03
-1.633567252579126716e-07 1.935913444768284068e-05 6.538190373522557650e-04
-2.297605383727585604e-08 2.806491066149002469e-05 9.055516560227451234e-04
1.128433013697360821e-09 2.760403752989365404e-05 8.628242492956247163e-04
1.676666215866262633e-07 -2.887698713804623060e-05 -9.297474301400014988e-04
2.308285207419658036e-08 -3.752842372541292866e-05 -1.171138455350521348e-03
-1.896137691304033979e-09 -3.788380611445521295e-05 -1.145655316482200453e-03
-6.071116387396102709e-09 -3.680593775694987588e-05 -1.076167454359391743e-03
-6.620806902724041265e-09 -3.548969712421744797e-05 -1.001400882528592036e-03
-1.705526513351429685e-07 2.022487346584500334e-05 7.713574034935053933e-04
-2.422041289751319937e-08 2.808488533470483028e-05 9.929105326748114378e-04
1.658811519256175870e-07 -2.560414353128771998e-05 -7.162039926785390871e-04
2.362439122105541855e-08 -3.281374653131088236e-05 -9.191332077805038862e-04
-1.257818293964874101e-09 -3.190740194354840261e-05 -8.620538288350738107e-04
-1.709414523265451180e-07 2.461809617493378069e-05 9.315774164552855690e-04
-2.433128143408680444e-08 3.257292146377522988e-05 1.151069960938895737e-03
1.444579234011200697e-09 3.200103973935996968e-05 1.097206677263980667e-03
1.721699898205031332e-07 -2.309506931779115984e-05 -6.589691879344578441e-04
2.496859641265558594e-08 -3.073914603263267376e-05 -8.772481344378733371e-04
-1.679756811423516183e-07 2.300253443516235850e-05 8.296703193143427791e-04
-2.423504064097414812e-08 3.059019783481155177e-05 1.040848647244530141e-03
1.687496730129467437e-07 -2.296670161192322597e-05 -6.653458525135612844e-04
2.451493297250806336e-08 -3.042614042930325978e-05 -8.776417114451113416e-04
-1.692270303887966065e-07 2.322029701485857443e-05 8.261958805983701023e-04
-2.464162840443151481e-08 3.195057344481196424e-05 1.073204812330363477e-03
1.174273678294923684e-09 3.260597635890967954e-05 1.060167001256927168e-03
5.635578226304005511e-09 3.070549523017904078e-05 9.676388857863186914e-04
1.754667716680202716e-07 -2.551482165872702581e-05 -8.193533821701343926e-04
-1.439251391399665181e-07 1.928390514327994677e-05 6.060492784865146622e-04
-2.086301509329757664e-08 2.658689135991874956e-05 8.153167387239139202e-04
1.272866256840643473e-09 2.709096281249159896e-05 8.056085349553663297e-04
1.754631027139907928e-07 -2.856016136923459223e-05 -9.584120369534424337e-04
2.536578203038430956e-08 -3.757565287490332846e-05 -1.210171848074470579e-03
-1.727190621636509604e-07 1.676757107493654324e-05 5.255641375274183388e-04
-2.647300145763864521e-08 2.587446474803099697e-05 7.936933809692418764e-04
9.366474262861856914e-11 2.562733958125291869e-05 7.611605873643287074e-04
4.780439044616002775e-09 2.373276037921066172e-05 6.781691815154659115e-04
5.461974983411721496e-09 2.158554484621118532e-05 5.898787707786991730e-04
1.777408854541917549e-07 -3.311799332692804413e-05 -1.137566904708104667e-03
2.556679401521932959e-08 -4.089462236517085194e-05 -1.344962240219392665e-03
-1.751747452649610182e-07 1.352748286664354850e-05 3.972519147993275931e-04
1.454447198234731786e-07 -3.185354010580641448e-05 -1.032880309741619849e-03
1.997556831057067939e-08 -3.908273572881480187e-05 -1.226469045623794453e-03
-3.059040354358444347e-09 -3.816498059338549898e-05 -1.159473560121334354e-03
-1.811297367648734280e-07 1.771208827819421221e-05 6.222826358086614058e-04
1.457720539832507711e-07 -2.729254772232832702e-05 -8.030270674698660599e-04
3.697994769291668149e-07 -1.415046307202959025e-04 -4.345664880903188886e-03
-3.100834801150753606e-07 -4.784188676486155107e-05 -1.284158955858818400e-03
-2.384284927270385879e-07 2.508848339697810020e-05 1.034063571889106380e-03
-3.813400695218405190e-08 3.774915913049689997e-05 1.397250425998754556e-03
1.748866174100527360e-07 -1.533211846552138402e-05 -3.044271789705275434e-04
3.793109834004937397e-07 -1.310852378116515249e-04 -3.910484917439959601e-03
-3.096485419185057708e-07 -3.832651337597255017e-05 -8.910557804909348747e-04
-2.391515139255062650e-07 3.425521373911882117e-05 1.403811793629278649e-03
-3.751490973424864706e-08 4.676197061888556663e-05 1.750613384207466011e-03
1.774144785526843293e-07 -6.409578977690422359e-06 3.521720754820056171e-05
2.912517671482817150e-08 -1.575994986341209658e-05 -2.579345881763177371e-04
1.223404710870568124e-09 -1.683871636943720687e-05 -2.835871713020516661e-04
-3.885652022361796298e-09 -1.636687731291745846e-05 -2.600095949883334608e-04
-4.675384412955452262e-09 -1.561729297579691231e-05 -2.284935313293030065e-04
-4.648072482460463561e-09 -1.374423200185997983e-05 -1.628457246572956535e-04
-4.468827863313151738e-09 -1.172898400696438816e-05 -9.480406645036374823e-05
-1.832327148898471592e-07 4.226940934829217231e-05 1.594491083485058674e-03
-2.647064978322788420e-08 5.018785039893774346e-05 1.791967871920846500e-03
3.308896601161848139e-09 4.933868955323695286e-05 1.709474864282564243e-03
8.783462068784331223e-09 4.793431142910873038e-05 1.612249573832112747e-03
1.896522366928721226e-07 -6.600862499527010560e-06 -1.410774043034790197e-04
3.227664568949961676e-08 -1.543095380244969325e-05 -4.123908632101146079e-04
2.124729725494489685e-09 -1.660276164477355102e-05 -4.361150349680251604e-04
-1.843981771720848428e-07 3.665205338496124732e-05 1.240426085685474326e-03
1.536436992077838681e-07 -7.272610736115090206e-06 -1.698662382972730440e-04
2.572898449848537439e-08 -1.416706807773744593e-05 -3.798244370013057077e-04
1.098732882454100945e-09 -1.502791140376189566e-05 -3.948543056356147284e-04
-1.854692810443481221e-07 3.814351345005220035e-05 1.277689610654833812e-03
1.545620472720443672e-07 -5.696914931397186127e-06 -1.310478808484887882e-04
-1.562058006276956235e-07 4.013078854166575118e-05 1.303944929852830174e-03
-2.212962324499301303e-08 4.766740138543125644e-05 1.498561972871336476e-03
3.783323876405120245e-09 4.775150118704491337e-05 1.454415149937648803e-03
8.591613309683054922e-09 4.531329327763905626e-05 1.332867854124205557e-03
1.928211014190495121e-07 -9.196204799798056103e-06 -4.105865798611253725e-04
3.305030760181182359e-08 -1.829797706665987721e-05 -6.819176124145843055e-04
1.835371077341108048e-09 -1.853890926245419304e-05 -6.681359447485312906e-04
-1.884921481121182296e-07 3.450361714243263479e-05 1.008682061811305968e-03
1.552707149521381780e-07 -1.012756213690719611e-05 -4.161785810309948140e-04
3.957760656980724434e-07 -1.225769912591024430e-04 -3.913708559144589254e-03
-3.209380681212792297e-07 -3.229827867666795890e-05 -9.731681867475167058e-04
-2.524438130757644672e-07 3.950828236844310283e-05 1.298869628775622086e-03
-4.113363105684442189e-08 5.218637668735395520e-05 1.654112234915655188e-03
1.864278952323772387e-07 6.411817140114690894e-07 -6.589142664729843307e-06
3.318618468917122755e-08 -9.307604071214443849e-06 -3.169630001066980917e-04
-1.835957008644584221e-07 4.150101548689663102e-05 1.278948224147051851e-03
1.588129715512920370e-07 -2.346101840630506949e-06 -1.296727298540595145e-04
2.782279284740951653e-08 -1.078953774860821362e-05 -3.892009724867330424e-04
-1.854323180561223694e-07 4.025927872214735386e-05 1.216390603894101311e-03
1.591179331628111981e-07 -4.489205422865997716e-06 -2.183745465355988076e-04
2.800505194411329057e-08 -1.201349257476659425e-05 -4.464082738721335481e-04
1.852426434467702165e-09 -1.320767916099825414e-05 -4.697613446737440449e-04
-3.261337311322165533e-09 -1.525781309704291177e-05 -5.191581639455865229e-04
-1.926947188479744000e-07 3.708154193058641113e-05 1.130643066793993916e-03
-2.976334023685467400e-08 4.623204236327317504e-05 1.380967668213636205e-03
1.918668676159640540e-07 -5.593256920576771722e-06 -2.796433421306419517e-04
3.484187349744871653e-08 -1.564790705701683585e-05 -5.847360970753050224e-04
3.823849755724140209e-07 -1.238522632235452886e-04 -3.943631541984780366e-03
-3.308732056117591469e-07 -3.508081739185603322e-05 -1.050036993674727855e-03
-2.599690615001648553e-07 3.658245598071880992e-05 1.219308889293915527e-03
-4.285755617061681733e-08 4.968554562888184819e-05 1.590209462144865759e-03
1.915923847350953224e-07 -2.306149191868990653e-06 -8.199665839199454798e-05
3.588330788062421561e-08 -1.247932173860705493e-05 -3.969291155532936799e-04
4.268800313234066834e-09 -1.414237696798752722e-05 -4.364502207675874899e-04
-2.061462778257805439e-09 -1.407353855348660900e-05 -4.206897759787900913e-04
-3.234575274291273672e-09 -1.365449658884014762e-05 -3.944921240351438401e-04
-3.355908995139600393e-09 -1.316775228016107015e-05 -3.669990147109679184e-04
3.810295876593983166e-07 -1.167215725640909161e-04 -3.587005209790694680e-03
5.047629603183168001e-08 -1.308218238420628878e-04 -3.915050010201502617e-03
-4.017959873703347284e-07 -2.276166888789991026e-05 -4.208796893239693040e-04
-8.326759803889416389e-08 6.188479397574272913e-07 3.218496424297876725e-04
3.687787623052329877e-07 -9.735461243472759581e-05 -2.745300781689541218e-03
5.041113315673584339e-08 -1.118947029077220414e-04 -3.113335544786159387e-03
-4.017564948499696698e-07 -5.521760262566677182e-06 3.029374113058796308e-04
-2.754875155774882955e-07 6.813763940990700857e-05 2.591824900317148475e-03
1.515659009410086355e-07 2.950735121406531812e-05 1.305639158937202740e-03
3.281922988929153462e-08 2.123265284184875956e-05 1.006718998235280223e-03
8.216816671513527126e-09 1.924758965890180519e-05 9.133683802581937621e-04
3.148835636679336858e-09 1.855696704288686217e-05 8.633183732310992014e-04
2.134980969792366068e-09 1.918097966745821589e-05 8.558729033852990019e-04
3.928363058181005840e-07 -8.456327895352040854e-05 -2.407606229214041913e-03
-3.335097475964943214e-07 3.638313814942871222e-06 4.193430564705374203e-04
-6.733579138717971091e-08 2.262357419388171513e-05 9.985997845872399831e-04
-1.162722507164204444e-08 2.710030777742376392e-05 1.107136141252262592e-03
5.385514256772694353e-11 2.849653753415988999e-05 1.116179039173030400e-03
2.508796170808125225e-09 2.814956450035260816e-05 1.070530168918453753e-03
3.023916783639890582e-09 2.744661139753837211e-05 1.015195732719075938e-03
3.126929937202760357e-09 2.666801474482573134e-05 9.592278420450567247e-04
3.138793225332392467e-09 2.692491823723901692e-05 9.373353046767202374e-04
3.127251457790691802e-09 2.629527385940291301e-05 8.884487653406617381e-04
3.106843338152032175e-09 2.338699349233362381e-05 7.699520577209279350e-04
3.080905974783831880e-09 2.220785691884541110e-05 7.091353204148258087e-04
3.050407815230471442e-09 2.242478031150121930e-05 6.937988364283670254e-04
3.015808158757238289e-09 2.288531264650716903e-05 6.865456719412978441e-04
2.977449398144926818e-09 2.231203635354243571e-05 6.472464074876102536e-04
2.935640175394382823e-09 2.153974852640569220e-05 6.029612115573180532e-04
4.017263146582905620e-07 -8.110764044322656293e-05 -2.617638812069661772e-03
6.161143262239932028e-08 -9.802630468336879859e-05 -3.063715436198763582e-03
-4.098838090049738980e-07 6.042121855101889919e-06 2.778849020445063080e-04
-8.365980130875527720e-08 2.845875284340575705e-05 9.684334957807445724e-04
-1.399427995707469563e-08 3.235511066336773582e-05 1.059755735525550954e-03
4.021441446511175855e-07 -7.038935367862549628e-05 -2.177911579050236402e-03
6.363274418497155693e-08 -8.766563196095259825e-05 -2.648828105816737090e-03
-4.104337932853141524e-07 1.589405509819951561e-05 6.637266160236122287e-04
-8.279723751059009373e-08 3.812601185706739147e-05 1.336433412572410415e-03
-1.243257663485763942e-08 4.284653178461580287e-05 1.442001893901224355e-03
2.625429762481701346e-09 4.272016566158743213e-05 1.393087803033409402e-03
5.775942613084339428e-09 4.156828036431743417e-05 1.313711750434095032e-03
4.110600976270362139e-07 -6.431564609767626548e-05 -2.029511803639021117e-03
-3.378952606603036202e-07 1.978383219142160535e-05 6.565404925238473889e-04
-6.738163260688878609e-08 3.790339115602025936e-05 1.201163797668614421e-03
-2.119884873197364072e-07 9.286409258464526988e-05 2.877714852269626367e-03
1.762441235175771226e-07 4.965341046901434221e-05 1.440439679186919768e-03
4.331393133050198685e-08 3.914741481386444714e-05 1.067889014039551457e-03
4.219047684550503163e-07 -6.644738435004440857e-05 -2.258318687025126503e-03
6.985011624660586449e-08 -8.494059297182550091e-05 -2.764588336800654321e-03
-4.146499082979815398e-07 1.756180463779701472e-05 5.179959486280804291e-04
-8.422935293683764257e-08 3.866673975064476558e-05 1.159955829911401594e-03
-1.221506862325583143e-08 3.995181030383632885e-05 1.163806765934710273e-03
4.133939344175274755e-07 -6.499417821475582716e-05 -2.144979533452020387e-03
-3.409480394678254811e-07 1.853526050384025816e-05 5.264849067123638510e-04
-2.736120210400372343e-07 8.665884292323363649e-05 2.634247733458991610e-03
1.656674389893808552e-07 4.464877515531569165e-05 1.242156515174865777e-03
4.542687771502684768e-07 -6.951080210248580696e-05 -2.356164677449211313e-03
7.867490003921062680e-08 -8.995671440380117578e-05 -2.920204434504142330e-03
-4.161455818829651321e-07 1.292070374868358720e-05 3.785441501069747826e-04
-8.456177902349537590e-08 3.445390426622915351e-05 1.038139608356629384e-03
4.022547701598711001e-07 -6.363544656367096637e-05 -2.052510813510404885e-03
6.870169255712710310e-08 -8.086937314804562614e-05 -2.525830439174851609e-03
-4.191146882881469082e-07 2.131344498117204462e-05 7.387610227518031508e-04
-8.447945221146113681e-08 4.265901653265125103e-05 1.381235255748696497e-03
-1.049706122024929300e-08 4.404586686795788474e-05 1.381371678163407536e-03
4.219103628688714025e-07 -5.834878759630095311e-05 -1.853997531267527824e-03
7.434212767609693628e-08 -7.674515201348897976e-05 -2.369713156531458222e-03
-2.260515774565874381e-09 -7.657425224683750160e-05 -2.290495910640849217e-03
-1.861926779422873324e-08 -7.236310764800117472e-05 -2.087793191502596013e-03
-4.396474080348156122e-07 3.404455538740096016e-05 1.294537941579247415e-03
-8.749354418746690953e-08 5.625379377162811006e-05 1.946551136056674314e-03
-9.055593719331511693e-09 5.967747486824941631e-05 1.992610032827504297e-03
4.277198557556260994e-07 -4.237075800982314551e-05 -1.250691553513680375e-03
7.834282023111427407e-08 -6.123256644592015713e-05 -1.799671533439216493e-03
6.834846022485407957e-10 -6.155888854828201265e-05 -1.753731205284115354e-03
-1.609063793317488944e-08 -5.781959396797972336e-05 -1.582489145254711545e-03
-4.405598375001318345e-07 4.787555030865392307e-05 1.761553934758199351e-03
-8.648094484975388241e-08 6.976619932306775819e-05 2.389015015956827415e-03
-7.050004358077899269e-09 7.281394796914618340e-05 2.409558247751939636e-03
4.332941352380714761e-07 -2.940203138200515632e-05 -8.516579093065840440e-04
8.195992706738763900e-08 -5.089157608619338164e-05 -1.494976700187685900e-03
3.204565945935655691e-09 -5.415569250965046664e-05 -1.550162577721494886e-03
-4.381314411272541065e-07 4.966219496787978554e-05 1.734076848250078228e-03
-8.557983799395429969e-08 7.119276402426397230e-05 2.351120525491737310e-03
4.190411519999770462e-07 -2.674939885578020188e-05 -7.748403922145066965e-04
8.033661225148591711e-08 -4.750014230001709567e-05 -1.397478379010636852e-03
-4.219929371496178305e-07 5.004957010077350937e-05 1.686417733251459501e-03
-8.180706800864356865e-08 7.027281132988472579e-05 2.264161387400672083e-03
4.221591766162546833e-07 -2.780563073795110811e-05 -8.631653576571668429e-04
8.181613453395186752e-08 -4.664154942299331011e-05 -1.423290477523937725e-03
-4.230788206438518273e-07 5.312939057066256887e-05 1.730525243081767507e-03
-8.203932411188219476e-08 7.378420749858680475e-05 2.320323431557242203e-03
-4.467632930271747682e-09 7.433945233543508009e-05 2.265284380950614591e-03
4.420760847390070580e-07 -2.807063351738798402e-05 -9.968674657935554413e-04
8.673173879092388461e-08 -4.806997942805003935e-05 -1.589047337995141106e-03
-4.243235365297692852e-07 5.221032593296805039e-05 1.585615817905123692e-03
3.476522413281557533e-07 -2.740247999980597449e-05 -9.447724891942354403e-04
6.595561863331766972e-08 -4.241590588955757425e-05 -1.383175552774643493e-03
2.174049594794169593e-07 -9.488054291792384740e-05 -2.975026898464428263e-03
-1.929880351081436629e-07 -5.288373292868794396e-05 -1.573650978589374904e-03
-4.889164283428115709e-07 6.026746280348700506e-05 2.001364502047921733e-03
-9.608070050681760677e-08 8.399938780275238758e-05 2.678529328074690918e-03
4.275023073319061950e-07 -1.311146001655881174e-05 -4.309654306029913652e-04
8.654476790770360140e-08 -3.452066665673331777e-05 -1.084681123373204548e-03
8.097985837451915359e-09 -3.636731676625480018e-05 -1.108414042955233395e-03
-9.600034989176720046e-09 -3.276377030422306135e-05 -9.615517564176021079e-04
-1.323086518123517408e-08 -2.904602641160163100e-05 -8.157261345809508919e-04
-1.360678081319122157e-08 -2.740791139125988931e-05 -7.392929007191891303e-04
-1.323502618610916670e-08 -2.623397971332046421e-05 -6.797140879507917142e-04
-1.269790705915596618e-08 -2.313642933491977190e-05 -5.620126105099513755e-04
-1.213107458930551275e-08 -1.969667305533587991e-05 -4.373084009220011862e-04
-4.488916262035402838e-07 8.160995761786388246e-05 2.732704026582078415e-03
3.532458585642217486e-07 5.584971144809852683e-07 1.222434266854241502e-04
2.928750059139062500e-07 -6.557411642140080553e-05 -1.941991673589666366e-03
-1.735914800793381119e-07 -2.580120845643063044e-05 -6.423100726800153211e-04
-4.827188926359582410e-08 -1.399470712312824897e-05 -2.544393668949601270e-04
-1.851123443419311343e-08 -1.084606744372767665e-05 -1.484368966371914689e-04
-1.115016057262607774e-08 -9.711338431594962564e-06 -1.084888712061015184e-04
-9.052572469414599254e-09 -9.054281152531101616e-06 -8.466765559177311020e-05
-8.200709333827660430e-09 -8.519200888518596283e-06 -6.538751213239918109e-05
-7.651671851682806391e-09 -5.995915419595377531e-06 1.527606986081080163e-05
-7.183998951276748812e-09 -3.110487342645329992e-06 1.047168740312409425e-04
-6.745649927530905643e-09 -2.250394013413327377e-07 1.913722321260331405e-04
-4.489836320509255074e-07 1.000570472731565749e-04 3.309388055931456862e-03
3.615003301149499748e-07 1.898613415699994614e-05 6.807781161210909801e-04
5.240214635549023114e-07 -9.942108150267153712e-05 -3.028984077499345239e-03
9.028960457069246104e-08 -1.218478673586298119e-04 -3.633263440487163095e-03
-2.334496480571601751e-07 -6.994754699644028910e-05 -1.903345843823864812e-03
-7.395762658957139024e-07 9.599989399067022932e-05 3.325239988175857780e-03
-1.481586929807932052e-07 1.318028488869243595e-04 4.336938772517393188e-03
6.602795962207252956e-07 -1.420259607420485759e-05 -3.461170087112885874e-04
1.396218054505737882e-07 -4.634719546535551226e-05 -1.336620340941868440e-03
1.634843149744824586e-08 -5.145360977044845935e-05 -1.454063107562712873e-03
-2.358572661620428335e-07 1.431879927111189520e-06 2.385276207114586742e-04
-5.722801377228137198e-08 1.572842957014369358e-05 6.764332775895926355e-04
2.095885934805252759e-07 -3.082929252522467766e-05 -7.947850898159261818e-04
3.498041423188880117e-08 -3.966928850479317821e-05 -1.045383651410835635e-03
-6.142624520144579492e-09 -3.752359809570178940e-05 -9.459676430573539258e-04
-1.534447668927185759e-08 -3.289282854669121995e-05 -7.722403639195223306e-04
-1.691507756085286474e-08 -2.980636768982998448e-05 -6.520658238066411342e-04
-1.666955562473759755e-08 -2.711845243578862240e-05 -5.480565597357904854e-04
-1.600173271665283892e-08 -2.256076732177769186e-05 -3.890126654505932785e-04
-1.524628190363586100e-08 -1.769904915920264966e-05 -2.254465498084561644e-04
-1.448386977020987842e-08 -1.289090821698550489e-05 -6.864410221747458546e-05
-2.396463079090693782e-07 3.917620398355726465e-05 1.555040051330556930e-03
1.733864970487886126e-07 1.135985231884589655e-06 3.219049871519066852e-04
3.224585454209005775e-08 -4.562664336632120963e-06 1.344348396258684053e-04
-1.330212162642396834e-09 -4.606186772511197008e-06 1.288852405026897816e-04
-8.940318152461657064e-09 -3.312899144802393826e-06 1.651326921692012045e-04
-1.028721619000805276e-08 -2.743418751906621510e-06 1.776888568262048596e-04
-1.013289452345134123e-08 -1.345905774893757067e-06 2.156577391664734299e-04
-2.370457419242910646e-07 5.149307932168069671e-05 1.854413728916020493e-03
-4.942756159920236314e-08 6.470960486325252252e-05 2.208271118269947153e-03
4.517876669440923365e-07 -3.228674967194744008e-05 -8.809522455851548101e-04
7.723781588753197980e-07 -1.999189644823962846e-04 -6.073510390906347936e-03
-3.340023699838212679e-07 -1.306410441458176420e-04 -3.727144773540692381e-03
-5.718445942326511044e-07 -9.277415759254578707e-06 1.680100426794868020e-04
-1.417142829751583122e-07 2.089903536966343010e-05 1.102413881472552939e-03
1.925450413553519979e-07 -2.038826694834305095e-05 -2.175189672276579790e-04
2.598357153882346893e-07 -7.649465289670651005e-05 -1.957762745779848511e-03
3.304581297491893110e-08 -8.449641510957362606e-05 -2.145957964352301125e-03
-2.507207261803756637e-07 -3.174381730293131731e-05 -4.365990863504580054e-04
-7.446377392472669499e-08 -1.404932076789289973e-05 1.279770975728596613e-04
-3.049060326443253643e-08 -7.128735675609322424e-06 3.394793104705405053e-04
-1.897076162826749623e-08 -3.925971893061310555e-06 4.286097285284540780e-04
-1.543662886405172685e-08 -6.827812539442936336e-07 5.162385521608541753e-04
-1.388589854212085584e-08 2.467716604274904318e-06 5.982563018686790600e-04
-1.284473694074250716e-08 5.500321311842778723e-06 6.740504885107531565e-04
-1.195086951621959770e-08 8.411643054421016636e-06 7.437088134072441636e-04
-1.111508574069830502e-08 1.120263114147045173e-05 8.074518224255055644e-04
-1.031528995554253925e-08 1.387513152350837101e-05 8.655212124996179007e-04
2.221057996409925295e-07 -3.254222847017507159e-05 -6.065196911779586423e-04
3.337376019985072162e-08 -3.955184324375254890e-05 -8.058562083125171693e-04
-1.229961221760333956e-08 -3.694848876628613755e-05 -6.997133439968256270e-04
-2.548816291358946273e-07 1.882109989145708674e-05 1.058313757357870607e-03
-6.662016105440926594e-08 3.398034351127957140e-05 1.497307606026413536e-03
2.132489198558573662e-07 -1.187617655604913806e-05 2.311359295819616876e-05
3.533330505955945000e-08 -2.132153139947778756e-05 -2.716841580981956775e-04
-2.410885797665685004e-07 2.808250534216746451e-05 1.274700494206409875e-03
-2.939883048114211306e-07 9.233957116854874837e-05 3.235361879174533488e-03
1.752530612852964964e-07 5.978881821203042759e-05 2.121427242488010088e-03
2.770383573658108389e-07 2.700919819152381915e-06 2.783122111431320187e-04
5.216754513925891956e-07 -1.066581861219282614e-04 -3.134538135014561244e-03
-3.830958188455468871e-07 -2.867763959015505904e-05 -6.095984487125383038e-04
-1.085932594957483843e-07 -5.944336111405983114e-06 1.170180348961682949e-04
-3.916634871981017341e-08 2.858816523204442796e-06 3.874064919992375447e-04
4.484938943560834446e-07 -9.041228873564081210e-05 -2.527892316671426828e-03
7.128040402371027540e-08 -1.065589171072098414e-04 -2.951802346831124482e-03
-4.919696555694130780e-07 -6.129445402463726267e-06 2.660427848749803009e-04
-3.660513059333680985e-07 6.937763352308578093e-05 2.607963654294716098e-03
1.525287226522564765e-07 3.854398924628787932e-05 1.567078144644701559e-03
3.208371368579321370e-08 3.226776021213108737e-05 1.322952222784808248e-03
2.355183714719544241e-09 3.208620976512146209e-05 1.276122230895816332e-03
-4.573858958245580197e-09 3.336164842358423002e-05 1.276098747576929864e-03
-5.785743550923427847e-09 3.492978386545013273e-05 1.285186672739386995e-03
-5.580381490233321529e-09 3.748776720449444836e-05 1.324819848688526657e-03
4.685998783449107918e-07 -5.798408705604004925e-05 -1.687771698666648210e-03
-3.896156310911891296e-07 2.130033186788407422e-05 8.322914645570098080e-04
-3.375599078037083700e-07 9.076546692091924900e-05 2.968294112921918571e-03
1.661426975996249666e-07 5.796020705633695444e-05 1.854959289609363609e-03
5.160390549319160414e-07 -4.664840660356049098e-05 -1.458329667193863487e-03
9.893782304537523942e-08 -6.721782287796897464e-05 -2.053080193987894854e-03
-4.816363371462628606e-07 3.135796345298102875e-05 1.078574381080336236e-03
-1.206967062961084025e-07 5.775148653355282225e-05 1.866409497767375358e-03
-2.862055226149351483e-08 6.374346629199166157e-05 1.994786261201536657e-03
4.723838070708197279e-07 -3.531466624409534201e-05 -1.149998875786558891e-03
9.187639538055236699e-08 -5.688232927105898822e-05 -1.785426179178333525e-03
-4.819549067613948523e-07 4.000950597377576521e-05 1.285275267113411253e-03
3.606227045871435166e-07 -3.196206728794426276e-05 -9.943386626412359288e-04
-4.126103950730097836e-07 5.077106590631797931e-05 1.611076191167521180e-03
-9.893608177158341732e-08 6.991122177967035482e-05 2.156508669293794554e-03
4.611425029610316528e-07 -2.389876241134020391e-05 -8.297217500861440824e-04
9.369047448970491132e-08 -4.364946410841847332e-05 -1.418491029244158550e-03
-4.798353147039691180e-07 5.210731749840990861e-05 1.605241748470909906e-03
-1.139953593742859539e-07 7.546386459332232982e-05 2.282051408083118297e-03
-2.607264302234568731e-07 1.285450807627892074e-04 3.862693419772561705e-03
6.805051797620365051e-07 -6.539463643119231072e-06 -4.606751345484104074e-04
3.933903045538755805e-07 -8.550744598059557269e-05 -2.903412522534609078e-03
-1.774484029715139854e-07 -5.101112903148179167e-05 -1.739739343436387314e-03
-6.593552737133023811e-08 -3.833139653864199277e-05 -1.291087228919706982e-03
-3.621133670694831608e-08 -3.136678104570253067e-05 -1.034216755010385069e-03
2.142747338451655992e-07 -7.419062007367539552e-05 -2.334420640763204460e-03
2.227737205817703625e-08 -8.011835797317679790e-05 -2.446229850753553828e-03
-2.681320702135892020e-07 -2.843989343445199364e-05 -7.622894969050012827e-04
-5.686860677922567220e-07 8.356386328428251924e-05 2.746086234566622649e-03
3.561570421917181761e-07 1.421595840395957982e-05 5.031249261363379514e-04
3.214131860662661211e-07 -4.871502832123399964e-05 -1.470382609956110039e-03
5.457451146551051124e-08 -6.033053314282379336e-05 -1.786010889764424667e-03
-2.565654673158945798e-07 -1.063815059288693114e-05 -1.844945055586252360e-04
-7.697934012451668195e-08 5.112637590283454665e-06 3.112685498323079000e-04
2.140482193713211245e-07 -3.516847934799104147e-05 -9.515157446858125805e-04
2.747738995223514280e-07 -8.852533850856248625e-05 -2.581792265535474105e-03
3.209019028282966701e-08 -9.573600948960435332e-05 -2.725789288994014646e-03
-2.736289552718318419e-07 -4.499704111184235416e-05 -1.062610048188791789e-03
-3.359425090332379682e-07 2.010964446791288062e-05 9.957964063409844788e-04
1.538611045237558983e-07 -9.800818092595411034e-06 3.436582039118007970e-05
2.665693147330117085e-07 -6.197024079311021433e-05 -1.589563756419274873e-03
2.813447185223694191e-07 -1.194167832657086503e-04 -3.327149969994568773e-03
-2.193881069034731013e-07 -7.977780246721548536e-05 -1.990648812674447078e-03
-8.721354627372335244e-08 -6.349783602672506746e-05 -1.422314178276384150e-03
-5.111108736244318607e-08 -5.254193732545179023e-05 -1.037245936653131799e-03
2.055933221445371828e-07 -9.209496501840484274e-05 -2.235287491352417819e-03
1.256635684399043384e-08 -9.453698132011852584e-05 -2.241700040123379561e-03
-2.823780177463319774e-07 -3.955917290383636825e-05 -4.618703255075300770e-04
-9.580739723791253937e-08 -2.020060959850069606e-05 1.546546506238402315e-04
2.011112898436806518e-07 -5.823750592224858497e-05 -1.033245198768111689e-03
1.789268189167358969e-08 -6.108551274385716772e-05 -1.089669761882362678e-03
-2.860828618445054872e-08 -5.683126203311956613e-05 -9.234713577573239098e-04
-2.863076136172537645e-07 -1.064061970136787787e-06 8.398018732153791736e-04
-8.939335971458461927e-08 1.861729409051676547e-05 1.425867058512492527e-03
2.112054239278293721e-07 -2.020208654500963742e-05 1.741715994623795668e-04
2.802421894543272174e-08 -2.618874708480381118e-05 -1.745329853339826209e-05
-2.667898117980627148e-07 2.414736431746142319e-05 1.548607537739224698e-03
-7.925574163625270785e-08 4.083431923712262655e-05 2.019446116417849147e-03
-2.868642490216899432e-08 4.843899733002562545e-05 2.193178883230865669e-03
2.340856458671325413e-07 5.749475549739088654e-06 7.973312945486255889e-04
3.994771813342623545e-08 -2.060673680207258636e-06 5.296311027644564750e-04
-1.024535456473074646e-08 -7.299563841572931366e-07 5.545299917213263735e-04
-2.228667295156583350e-08 4.842005084257618923e-06 7.105920134404704325e-04
4.742955034275908588e-07 -8.594745862468673942e-05 -2.134981060809602350e-03
7.665996071271052870e-08 -1.000399420363970861e-04 -2.506813369334269428e-03
-5.262463276256568179e-07 1.262106701749719675e-06 7.215059800312890841e-04
-1.529155312374186337e-07 3.064775919419617016e-05 1.612898858242865861e-03
-5.230404920286702009e-08 4.077314290899028269e-05 1.877608365958861100e-03
4.760133897052654106e-07 -4.762127210779909916e-05 -9.295705772806484198e-04
-4.157164499307697270e-07 3.300229557075404967e-05 1.606517537180369212e-03
-1.186109447326444410e-07 5.914460423897172536e-05 2.369550996967249856e-03
-3.825773997601089604e-08 6.760934826709224426e-05 2.559094255594825291e-03
4.860647617732638537e-07 -2.479261135322642759e-05 -3.938099488350881461e-04
-4.096150512111762509e-07 5.200079690379653594e-05 2.006344488175998073e-03
-1.128439910402789792e-07 7.372385431868124016e-05 2.619426643691325288e-03
-3.251046953867131606e-08 8.058470845558949442e-05 2.751307704488014511e-03
4.932178150340860157e-07 -1.258543929221127928e-05 -2.313136875755775548e-04
9.890510088705894987e-08 -3.255910998163122187e-05 -8.451996389957847078e-04
-5.402749914118487595e-09 -3.205076021303739759e-05 -8.031150485802915611e-04
-5.364153248255121298e-07 7.060262451285668377e-05 2.413705918643966816e-03
-1.403753202566804248e-07 9.853341402638811125e-05 3.207112103846854103e-03
4.721766355686440875e-07 1.046684441183351065e-05 3.691912867667818121e-04
9.959349156485330923e-08 -8.937178027463687623e-06 -2.456103332550125086e-04
5.519339429937986097e-10 -8.998826490758045664e-06 -2.398863905206098006e-04
-2.473542726200150810e-08 -4.017190128591187522e-06 -7.753314908410353316e-05
-3.015172023168588566e-08 1.196991157111470107e-06 8.698405471467784934e-05
-3.024030004183941855e-08 5.390365514631475065e-06 2.146258661581301362e-04
-2.892951256328046838e-08 9.221794894454063722e-06 3.270418689009630363e-04
-2.728128223328241120e-08 1.382155679824531613e-05 4.598688306042167493e-04
-2.558286671394682799e-08 1.945124048698687884e-05 6.206092257734124916e-04
-2.391195308426574684e-08 2.422693917084228668e-05 7.497893185948540035e-04
2.322615657579518711e-07 -1.959430205698920531e-05 -6.358765997445953036e-04
3.189002750758618276e-08 -2.781271587893955342e-05 -8.716426333482663567e-04
-2.093944206915665518e-08 -2.549029316442403984e-05 -7.723686587380903905e-04
-2.888233446851629083e-07 2.680199047507584128e-05 8.772590736284564383e-04
1.667756346357407438e-07 -4.470702268156282236e-06 -1.222016655203809424e-04
-2.355046790913917221e-07 3.745410197490887483e-05 1.184871972139157252e-03
-7.163669391019311661e-08 4.946669172267369153e-05 1.521435536491719124e-03
2.297910660642443759e-07 7.038360040380860021e-06 1.552035558999335322e-04
4.045103862981846987e-08 -6.048818603827959715e-07 -8.722011808537719199e-05
-9.935844369479696070e-09 1.604040180960901148e-07 -6.073857622848984381e-05
-2.240956931132132013e-08 3.138225324347067345e-06 3.369423248440365582e-05
-2.456132008887834672e-08 6.630068225458562981e-06 1.411702996851124246e-04
-2.393083198271028778e-08 1.112695843121506338e-05 2.765657593154596762e-04
-2.257981901454542140e-08 1.576489937931378082e-05 4.121418438728086369e-04
-2.107228214143219702e-08 1.935974771029705442e-05 5.110639713820535387e-04
-2.768853397672188521e-07 6.967254491518385057e-05 2.059043986046574237e-03
1.854649998023205626e-07 3.698196799737063197e-05 9.789415403756284578e-04
2.964329852694902456e-07 -1.603650023881443565e-05 -6.994090870101451942e-04
-2.043684266261891480e-07 2.187640717321453647e-05 5.007542444079714650e-04
-6.606165836586797013e-08 3.410101245089892490e-05 8.651510590093390660e-04
-2.707571766791261325e-08 3.918570722448650508e-05 9.962970647109116971e-04
-1.547038208649098578e-08 4.222641519367027562e-05 1.059836841942142721e-03
-1.144536154740194434e-08 4.462553958979036415e-05 1.101461531713224641e-03
-9.546631152268503229e-09 4.486380477177724787e-05 1.074597915287913222e-03
-8.270298779144980017e-09 4.451446051465868855e-05 1.030300289370489862e-03
-7.200859908351731065e-09 4.590420326465353507e-05 1.041466100506381869e-03
2.531075142808703049e-07 7.446629302603066051e-07 -3.944122360069655074e-04
4.962499322580526950e-08 -7.895973617275971581e-06 -6.506852292999885240e-04
-5.546535342126901469e-09 -8.449121082790305619e-06 -6.476778705030264731e-04
-1.969273655255676658e-08 -4.887264491083720560e-06 -5.168490671648108201e-04
-2.250770503309240667e-08 -3.112838104498636673e-07 -3.585624528051278522e-04
-2.221580464034644820e-08 4.430390127598415482e-06 -2.000444852436807108e-04
2.393200400074846357e-07 -3.965683221062128521e-05 -1.563938142581372016e-03
3.568037432177817436e-08 -4.604627560429485126e-05 -1.713886795064642780e-03
-1.941432004048948556e-08 -4.212976405770968208e-05 -1.538895238831025462e-03
-3.324940356375094552e-08 -3.550628415412557172e-05 -1.285219377456713876e-03
4.866309490925146974e-07 -1.238026794119287399e-04 -3.989139752075488744e-03
7.674517898959010154e-08 -1.399461504971107907e-04 -4.366853508047167237e-03
-3.503652667991019598e-08 -1.361607772260163454e-04 -4.113540013011840468e-03
-5.871107574551004404e-07 -3.156456182348484107e-05 -7.354303901213900783e-04
3.421854392060552641e-07 -9.119504267250010598e-05 -2.565501160872276851e-03
4.538971121181845092e-08 -1.002031144308681990e-04 -2.765694400483743355e-03
2.269463297288609738e-07 -1.419708534462361786e-04 -3.977621505667482474e-03
7.966111104096285089e-10 -1.438401751149281785e-04 -3.912114708992221225e-03
2.028448445878794359e-07 -1.814870384021712870e-04 -4.960343215831390824e-03
-1.741226496321246486e-08 -1.801728374668584839e-04 -4.765378004606039310e-03
-3.388383881253176355e-07 -1.215523195178489239e-04 -2.795850675638071429e-03
1.172689313433394886e-07 -1.430110449288440010e-04 -3.375729643187662908e-03
-3.229722167485959972e-08 -1.380106289396746614e-04 -3.115462261018668317e-03
-7.124997181140457769e-08 -1.258788936336419420e-04 -2.641705380611709085e-03
-7.920158362484386316e-08 -1.120425217842911441e-04 -2.129706983753588880e-03
-7.850823546817764509e-08 -9.897295258498294023e-05 -1.657461894003700760e-03
1.885396108125547698e-07 -1.329794229416461442e-04 -2.662548908986220320e-03
-1.456751963502256331e-08 -1.313979086716939352e-04 -2.530687322507274139e-03
4.601603855736158266e-07 -2.123086657444256528e-04 -4.965890381671249007e-03
3.428330763721731955e-08 -2.196103676644438861e-04 -5.038453699912571505e-03
1.830526132895471392e-07 -2.521481702908439249e-04 -5.892807637734316650e-03
-5.260814217589171449e-08 -2.431989999854840918e-04 -5.431666098295409931e-03
-1.145361997467730930e-07 -2.239594086333569442e-04 -4.665169830156264304e-03
-1.274657681626933936e-07 -2.022564439836598373e-04 -3.845964123291060847e-03
-1.266360467599980666e-07 -1.803116535059506908e-04 -3.044701106355615638e-03
-1.220112477717805177e-07 -1.587577451276140543e-04 -2.280478350095864470e-03
-1.164124695529622500e-07 -1.377760378676212466e-04 -1.557777187363070144e-03
-1.106404632356117190e-07 -1.174188070234336414e-04 -8.769309522723717915e-04
-1.049239317651995407e-07 -9.770073495696582734e-05 -2.370948242534313272e-04
-9.932927380607026180e-08 -7.862491219749279201e-05 3.629098116451883599e-04
-9.387659405390991196e-08 -5.924929640187834388e-05 9.536050290608480764e-04
1.780586964539310202e-07 -8.763305510047333024e-05 4.224846664799492349e-05
-2.485648598060663517e-08 -8.207824114419073891e-05 2.135247067627092134e-04
-7.851424510540994106e-08 -6.637471327643434775e-05 6.947549932781902846e-04
-8.980307775185991659e-08 -4.827525298903385053e-05 1.235463888751378060e-03
-8.913821913925090712e-08 -2.997812054476948216e-05 1.765514964890491003e-03
-8.518041028082734556e-08 -1.210395336939375449e-05 2.265959849010896424e-03
-8.039762455780419259e-08 5.175493613094548631e-06 2.732383183349770383e-03
-7.549364078318632210e-08 2.181673200375426505e-05 3.164491226795258100e-03
-7.066916463127626002e-08 3.781336504518105295e-05 3.563151569802836070e-03
-6.598120072531798996e-08 5.317011232220606853e-05 3.929550075087297027e-03
-6.144553721387779888e-08 6.695719531565067287e-05 4.235788396622702442e-03
-5.706599970345394013e-08 7.989488247200378758e-05 4.506125393889447682e-03
2.158730684209686501e-07 4.593019832650429668e-05 3.311190437392111125e-03
1.084694423170162736e-08 4.688167458150889868e-05 3.237951617533677169e-03
-4.464874225895698601e-08 5.741705065681412075e-05 3.464661347167166498e-03
-3.265980267341817012e-07 1.165061299805702919e-04 5.192433182492348261e-03
-1.177981003852579533e-07 1.394746205452856752e-04 5.744570638995388778e-03
2.142142222494314296e-07 1.055444621273363484e-04 4.512304061719096815e-03
2.496433904042305585e-08 1.036230018964767979e-04 4.312516085284318415e-03
-2.672140142490064818e-08 1.105525361110181902e-04 4.393828430755435457e-03
-3.892733713151130814e-08 1.178102038107774712e-04 4.482765785470349887e-03
-3.986892160856569944e-08 1.249037940570516317e-04 4.563837680429632185e-03
-3.766696909934807991e-08 1.316858873531160724e-04 4.632717207846335367e-03
-3.465921716294673161e-08 1.399880569944191011e-04 4.746706155498400456e-03
-3.151794703004640041e-08 1.465242660056481269e-04 4.802281074615210102e-03
-2.843543556174665810e-08 1.523175550633719324e-04 4.833052710676258301e-03
-2.546546662429705066e-08 1.567268943320078542e-04 4.819870673811982309e-03
-2.262178366851941291e-08 1.605468146792541153e-04 4.788791530496403458e-03
5.230133912625944959e-07 7.093892917897913790e-05 1.857252185512951563e-03
1.047408042520459048e-07 5.123441525132067884e-05 1.187627150945651721e-03
-1.359909607145937116e-08 5.248036724302902246e-05 1.189421086073031916e-03
-4.512338214190947383e-08 5.859937176912557479e-05 1.342473997992439400e-03
-5.156762361568922870e-08 6.591603577195225125e-05 1.527964191488678574e-03
-5.082626386432309573e-08 7.336303684612183857e-05 1.711742647051145991e-03
-4.808900433417306886e-08 8.063255310800623756e-05 1.884304382566390950e-03
2.277865503996778784e-07 4.165601177600957924e-05 6.154676837935981002e-04
2.006387456177094464e-08 3.654934798432715000e-05 4.377545461839421463e-04
-3.755915356506989156e-08 4.108767353115357415e-05 5.650527996258626184e-04
-5.158993821030577465e-08 4.635971411700665220e-05 7.111469073048955593e-04
-5.301604621976707676e-08 5.171564298313497191e-05 8.553040342209555866e-04
-5.085843279850621457e-08 5.602347735305859963e-05 9.624256168581958593e-04
2.259158261574967241e-07 1.401316458480954263e-05 -3.719515591789615203e-04
1.773023949880325745e-08 6.757009404794058318e-06 -5.857778838330553531e-04
2.338007263347208209e-07 -3.638862159620852429e-05 -1.907290221823949904e-03
8.024064968026323186e-09 -4.181728017259189636e-05 -2.016684428828069767e-03
-5.470970820820042491e-08 -3.641297480639824318e-05 -1.786324410084303912e-03
-6.985257361424856981e-08 -2.803292321735460736e-05 -1.470720806260078029e-03
-7.116092115566630127e-08 -1.897594786505693858e-05 -1.143896462411302106e-03
-6.851090761372802262e-08 -9.915654832096766147e-06 -8.271141963735490366e-04
4.852095006890877471e-07 -9.267508418532720998e-05 -3.370889863134793850e-03
6.488306858454251369e-08 -1.060019434576257619e-04 -3.680014485802562355e-03
2.207537376230916948e-07 -1.459536142394458631e-04 -4.806141570435957036e-03
-2.278988309178942018e-08 -1.457120038043375858e-04 -4.649456044187397392e-03
-9.004226275699522830e-08 -1.339552963638861237e-04 -4.140134265192385588e-03
-1.055895012536112176e-07 -1.191109031796990154e-04 -3.550765505935585091e-03
-1.060373895356292451e-07 -1.036594933456696328e-04 -2.960849695637818822e-03
1.740185699983243239e-07 -1.340612650032488805e-04 -3.812743813460973876e-03
-3.361002065549456574e-08 -1.300862027721706509e-04 -3.570975946677702045e-03
-9.042813342574618218e-08 -1.163324464343694223e-04 -3.033138419291961287e-03
-1.029050928913477492e-07 -1.000481175928275533e-04 -2.433439308614226970e-03
-1.024177090913624966e-07 -8.337155530433414379e-05 -1.840182363056136472e-03
-9.821911528540283598e-08 -6.693483866326133515e-05 -1.272789486927317993e-03
1.841208178143816099e-07 -9.658072602094624343e-05 -2.153546913157518023e-03
-2.368285256793001281e-08 -9.301687879386191793e-05 -1.976052722219376594e-03
-8.086878389157448055e-08 -7.998973450492989634e-05 -1.510308183892458689e-03
-9.361828423593010484e-08 -6.452603259603245265e-05 -9.833873933124247929e-04
-9.333489792151539177e-08 -4.778196553209041906e-05 -4.330646215092024331e-04
4.666578526935083460e-07 -1.222559694985283748e-04 -2.731359517945708935e-03
4.457962432535822472e-08 -1.289943116533994903e-04 -2.855708833676022951e-03
-7.578513294692612590e-08 -1.160794478809172472e-04 -2.366150629188081868e-03
-1.067585918557156788e-07 -9.777483035703401614e-05 -1.724491148762697344e-03
1.673196776685870191e-07 -1.238632009974681165e-04 -2.480723435845404688e-03
-4.337966519329938819e-08 -1.155885183478387915e-04 -2.146838658896296770e-03
-1.010756282004976470e-07 -9.758312583144768257e-05 -1.521283088404031935e-03
-1.134020436444060920e-07 -7.716822977489227282e-05 -8.403580328092451548e-04
1.669337253984437552e-07 -1.020229312362779298e-04 -1.585702903364220699e-03
-4.234027539684603880e-08 -9.289416711991929816e-05 -1.253087020367396522e-03
-9.969762948536242675e-08 -7.416043295299651469e-05 -6.326767993230196507e-04
4.476611505932481805e-07 -1.440196846563582505e-04 -2.781305666357812220e-03
2.000176257954677794e-08 -1.468437575748217394e-04 -2.782603330097969604e-03
1.782026859409313602e-07 -1.756213495359984977e-04 -3.589422323420968057e-03
-6.709108879565661709e-08 -1.647941722052598799e-04 -3.141954588480354478e-03
1.461271100788863464e-07 -1.881274192892609274e-04 -3.768630449701088243e-03
-8.269481688305546641e-08 -1.743895298732704236e-04 -3.225264295161347876e-03
1.359890940966224093e-07 -1.955756213847667448e-04 -3.782698556850117369e-03
4.706641481000417571e-07 -2.707696229170838227e-04 -5.999029702081250248e-03
2.605389932686108523e-07 -3.134403629835616186e-04 -7.137170276203086416e-03
-9.400749312327150164e-08 -2.992522814886825833e-04 -6.475330446146109267e-03
8.919657601413888415e-08 -3.141153454645376295e-04 -6.735679613953993172e-03
-1.474255563183035633e-07 -2.906657766141191061e-04 -5.798878966158608345e-03
-2.100870318821890237e-07 -2.565153764987928827e-04 -4.559062239660348001e-03
6.119614437416487362e-08 -2.652692419214765012e-04 -4.689269758661624224e-03
-1.493280684661257851e-07 -2.408929733148057429e-04 -3.787237189696304393e-03
-2.042437459159884838e-07 -2.073608228283019880e-04 -2.629066087681559277e-03
-2.125500089267262638e-07 -1.728043502436275381e-04 -1.475071625216045276e-03
-2.070348477101191520e-07 -1.387160787078496908e-04 -3.714185965086637398e-04
-1.975686572119883522e-07 -1.055494346289856627e-04 6.693885713497365469e-04
3.785809458145550366e-07 -1.639270763330743196e-04 -1.163092908884996897e-03
-6.085410866329965529e-07 -6.487657985736287056e-05 1.946981805584279811e-03
-2.955553792816090208e-07 -1.448873571068898594e-05 3.450234020870307158e-03
3.725962332001842015e-07 -7.181244115672571603e-05 1.564185369596206125e-03
-2.207902338735578951e-08 -6.707937657450676553e-05 1.662579065488845216e-03
1.499053023934493467e-07 -9.044897933837539507e-05 8.857336160751289392e-04
-9.258421962421437001e-08 -7.542449580404234121e-05 1.324496072986967258e-03
-1.581450870258294117e-07 -4.954055013702430427e-05 2.086608214282655634e-03
1.137576670640072507e-07 -6.627941371753010361e-05 1.502389240433516654e-03
-9.893794350457341125e-08 -4.910296023090475036e-05 1.988810584909833385e-03
-1.556636425315005567e-07 -2.334046120488467071e-05 2.726525813861332536e-03
-1.653255174982604103e-07 4.288267183763527519e-06 3.499256764465195207e-03
-1.609402858759878541e-07 3.174759226482598822e-05 4.242758927289039944e-03
-1.525230285404077790e-07 5.842654286119397132e-05 4.938983054186841734e-03
-1.431129568185696144e-07 8.414833374195229525e-05 5.583910958604775508e-03
-1.336321882039470665e-07 1.088691488894720310e-04 6.177774524287285053e-03
-1.243596966515880808e-07 1.316748273199158897e-04 6.693769353411855791e-03
1.701777921914171543e-07 1.081917865954172683e-04 5.757453462455389137e-03
-3.819963834139628034e-08 1.174483029349260906e-04 5.866124286432153508e-03
4.763458563150635428e-07 4.593513004899250299e-05 3.465242692324253370e-03
3.062250186758319614e-08 4.404993223942649423e-05 3.299377574425304237e-03
-9.829063163380169499e-08 6.084984351628213188e-05 3.718298970677352388e-03
-1.307738517475343087e-07 8.270678075773802004e-05 4.281105589385291767e-03
-1.340460463739034935e-07 1.054608999622716264e-04 4.854284042576537291e-03
1.580376788323789583e-07 8.286457945624555767e-05 4.002635419110264769e-03
-5.164407090862965788e-08 9.226425783700787113e-05 4.170137973022174094e-03
-1.092094606969240544e-07 1.108240651199540066e-04 4.616612623418116582e-03
-1.204606187021894925e-07 1.315657005074261999e-04 5.116920724725127628e-03
-1.177561365084400791e-07 1.523621645473367098e-04 5.603407860196063170e-03
-1.109968437162933697e-07 1.716628079577901876e-04 6.028375050726975451e-03
1.843848156379834791e-07 1.450292926738811394e-04 5.015141640450402651e-03
-2.569742174607370089e-08 1.510937988564734153e-04 5.047760234446941122e-03
-8.429101128193394743e-08 1.647915559760366544e-04 5.316108122653692702e-03
-9.660166266911573985e-08 1.803379984347925030e-04 5.633470516258552198e-03
-9.490991015326244451e-08 1.950479898411256277e-04 5.915018000601314323e-03
-8.912422200246794546e-08 2.090499261788219740e-04 6.165865155641031721e-03
-8.228584136293903839e-08 2.214786283260156976e-04 6.360110415013909071e-03
-7.532677193111680936e-08 2.330225450040449247e-04 6.520883587948065989e-03
2.203112300369625132e-07 1.981542781872842711e-04 5.237006533855563702e-03
8.336220380655845474e-09 1.940723170372944423e-04 4.947877107382148143e-03
-5.213753317967473322e-08 1.982583114682994873e-04 4.924149645672573627e-03
-6.610383995742097341e-08 2.047185496830192090e-04 4.971700535183302960e-03
-6.591654577725591935e-08 2.106969550426219617e-04 5.002819479936747825e-03
-6.154879772513055514e-08 2.162940698722765976e-04 5.021150538771173774e-03
-5.607432962406733168e-08 2.215420463065380049e-04 5.028091235380465276e-03
-5.043870554555240915e-08 2.255500589033785741e-04 4.996349710729508856e-03
-4.493058636256819227e-08 2.289947110350362930e-04 4.948124311759304929e-03
-3.963566619358260823e-08 2.320866503901709735e-04 4.890463062780432170e-03
-3.457681130303313921e-08 2.348965911834393423e-04 4.825852581493632158e-03
-2.975735735599727150e-08 2.374530779475816759e-04 4.755393863033596964e-03
5.562120536373171831e-07 1.503649529412127007e-04 1.906928581714285691e-03
1.218666701996440338e-07 1.277392871995343957e-04 1.145988782941346866e-03
-8.879767254832415802e-09 1.267608371338850928e-04 1.080044173308270569e-03
-4.559989974506351018e-08 1.322652021208947095e-04 1.217212803656406248e-03
-5.328970509310693160e-08 1.377509032774916367e-04 1.349528374806173957e-03
-5.211583664621599610e-08 1.430898796842948071e-04 1.473187281806653467e-03
2.432748640313064925e-07 1.026926011934022021e-04 1.746614462421721206e-04
2.796210940569920922e-08 9.499948330720864244e-05 -6.940320360820494833e-05
-3.530855041677938289e-08 9.732354532312643427e-05 4.759911615001815449e-06
-5.140826520033670022e-08 1.017064467655767821e-04 1.404644147337532831e-04
2.392588845934184860e-07 6.201927548873256506e-05 -1.094640571641181028e-03
2.207166138745719763e-08 5.546853014357170644e-05 -1.263894954822571918e-03
-4.186162905206458618e-08 5.908349627240850645e-05 -1.112649024182960165e-03
2.345362000166772987e-07 2.114413416905928499e-05 -2.254630260636966525e-03
1.276316319298587132e-08 1.702814721602863377e-05 -2.312384472137382803e-03
5.334715721394545085e-07 -6.581265860225264924e-05 -4.809427129335931521e-03
7.625210951545113858e-08 -7.958752244495312595e-05 -5.087452171216619128e-03
-6.171667510379563737e-08 -7.206591397825268209e-05 -4.696469873822809241e-03
1.934250044577368044e-07 -1.035839140291169619e-04 -5.528111894354649850e-03
-3.438623807916485475e-08 -1.006760437764214083e-04 -5.266537603992596343e-03
-1.005174172785672226e-07 -8.910082619454669358e-05 -4.744335944275956604e-03
-1.161652781744848539e-07 -7.504809564556750613e-05 -4.161514287839455234e-03
-1.161425597917542518e-07 -6.047203530360568740e-05 -3.580540337937687927e-03
1.828361901878849949e-07 -9.044441376867542667e-05 -4.398817790938417370e-03
-3.191274067226856914e-08 -8.781632478198776303e-05 -4.180949344644414346e-03
-9.422767566213963164e-08 -7.616487102425032341e-05 -3.690061208298893013e-03
-1.088367573842674574e-07 -6.195343645397697165e-05 -3.135023020801055559e-03
-1.086112461079480340e-07 -4.721960733221295943e-05 -2.580998582486283312e-03
1.910680035299705537e-07 -7.700532971678707497e-05 -3.424425374865223970e-03
-2.413791333477632861e-08 -7.429871429281514851e-05 -3.234329705053844498e-03
-8.688751562679897233e-08 -6.169868307067077721e-05 -2.743383480386754527e-03
-1.018046821288365322e-07 -4.721411989279237532e-05 -2.209239095423448651e-03
-1.018112358863731970e-07 -3.243170685845672436e-05 -1.682425870376758493e-03
-9.727171224049868670e-08 -1.785772501430824845e-05 -1.178409699152092177e-03
5.002287571942432010e-07 -9.232091862738705992e-05 -3.450361624175714032e-03
3.590908463912967363e-07 -1.460713526132794544e-04 -5.009742728815711095e-03
4.756186555709973618e-09 -1.469666398687493507e-04 -4.882156314837189648e-03
1.949428473091430192e-07 -1.758998857099823847e-04 -5.627720905613471485e-03
-5.470263686468967990e-08 -1.674406072502819965e-04 -5.190958284065485401e-03
-1.274883681956495707e-07 -1.485300940490398396e-04 -4.443738682067404321e-03
-1.445186482706972697e-07 -1.267527648845034405e-04 -3.630816117901898565e-03
1.528052899768539419e-07 -1.487729520912507057e-04 -4.200840783585672866e-03
5.306216330769331080e-07 -2.269688869047123501e-04 -6.494654149968273789e-03
3.211877793729556174e-07 -2.744385559353116786e-04 -7.764832681331206021e-03
-5.435705929812684190e-08 -2.661331069938777279e-04 -7.266603001005077916e-03
-4.632431457318730850e-07 -1.965489455367376678e-04 -4.884197205969738505e-03
-2.687712731264113586e-07 -1.547393549240817529e-04 -3.436650159666293503e-03
9.744076145956626078e-08 -1.665259317878930415e-04 -3.695425270184897470e-03
-9.673992418246513125e-08 -1.493537969897366490e-04 -3.048480386480440212e-03
-1.514937776336822139e-07 -1.236109234734355427e-04 -2.155910158756726980e-03
-1.621357101910803067e-07 -9.577415407335305607e-05 -1.226103920437153234e-03
-1.589465210560803143e-07 -6.968577786682753116e-05 -3.793483860171993800e-04
1.469549657517887908e-07 -8.884892029304016598e-05 -9.615720176785265590e-04
-6.725173673505224770e-08 -7.646526776479824292e-05 -5.478429092642374612e-04
-4.276683123194402469e-07 -1.051292682146143936e-05 1.513570661367327329e-03
8.094260539603936877e-08 -1.869264502106596790e-05 1.213141616523546237e-03
2.295597942847393824e-07 -4.868329674181167289e-05 2.459721126087707332e-04
5.630701062075971208e-07 -1.288252790520677494e-04 -2.245766617187540393e-03
3.885168675665795490e-08 -1.326388921902402250e-04 -2.294296205693678158e-03
-1.210026483455806101e-07 -1.127520995534325894e-04 -1.606714016565343253e-03
-1.647139701299593639e-07 -8.596313358390120056e-05 -7.265104420020032303e-04
-1.715265857127334925e-07 -5.852433647961544864e-05 1.465325091732185610e-04
1.332190990854797974e-07 -7.554514654892495506e-05 -3.855540572917596359e-04
2.182394206462490160e-07 -1.050405623834391178e-04 -1.287779492890459097e-03
5.336482024054234330e-07 -1.817292129599773921e-04 -3.624814293995829058e-03
2.948318256201787335e-09 -1.814211612458492160e-04 -3.502864215077216951e-03
1.421155187975031708e-07 -2.029728515044780870e-04 -4.062306016342383946e-03
-1.247788483649259206e-07 -1.858392372540095504e-04 -3.405364949797862022e-03
-5.023523637071036774e-07 -1.130440598607716915e-04 -1.043608814999525455e-03
-2.945842981771917835e-07 -7.034679146980483619e-05 3.120408177985888043e-04
8.103801896197637689e-08 -8.191606721298850440e-05 -5.623802557100073332e-05
-1.113520025075587228e-07 -6.524208713882693935e-05 4.622974583816897784e-04
-1.652316869993342152e-07 -4.018046787839668231e-05 1.224711061206753930e-03
-1.748386956323955133e-07 -1.310561800071436854e-05 2.025891306274801677e-03
1.312655704133192103e-07 -3.086669761725091207e-05 1.412634352099888160e-03
-8.418092034556678982e-08 -1.741159684385856950e-05 1.785887529739915019e-03
1.560996103489031839e-07 -3.847881417783517027e-05 1.077632600993261259e-03
5.237003811719986857e-07 -1.128539958605953748e-04 -1.260755187553508870e-03
6.665694440854963432e-09 -1.126153504318845111e-04 -1.214215634716489696e-03
-1.511813934040873164e-07 -8.998578986087386357e-05 -4.752603703570014958e-04
-1.934690089244739397e-07 -6.086971123980171663e-05 4.418037612784913616e-04
-1.987287167048990000e-07 -3.039556690890605909e-05 1.372534340984312741e-03
-1.922872623350002641e-07 -2.146756544915110095e-07 2.265336699621665027e-03
-1.823168153114451684e-07 2.914500083000875694e-05 3.105025725903691296e-03
1.316976889764731595e-07 1.369880148120174949e-05 2.530175416392751401e-03
-3.854035498518371128e-07 7.126953192354307937e-05 4.235888519178084358e-03
-2.220247358186711040e-07 1.047369471871434647e-04 5.141722056987830733e-03
-1.622513992050045317e-07 1.298097898656445058e-04 5.759361556226514668e-03
-1.362539845395360771e-07 1.506860205607642189e-04 6.227803484211282686e-03
-1.214365218382695844e-07 1.696531454587244349e-04 6.622572840490155086e-03
1.935292891497297774e-07 1.436936606976663036e-04 5.612954889203200515e-03
-2.206881233313140456e-08 1.487462092119632936e-04 5.595635676719994990e-03
-8.569429421623198095e-08 1.624074535319644714e-04 5.845576237072483937e-03
-1.002560433560617525e-07 1.765760988658243388e-04 6.103451907499242608e-03
-9.912683796020616001e-08 1.895868977880604443e-04 6.317436900006367234e-03
-9.313237570029997414e-08 2.018191043441332146e-04 6.500666225844582181e-03
-8.578386012647598591e-08 2.142813202820153498e-04 6.685367221759457371e-03
2.267890379936687850e-07 1.826929183058117415e-04 5.499468582833856242e-03
8.731466549782851416e-09 1.815196860182606391e-04 5.292721991493699873e-03
-5.685730797289068050e-08 1.898355933582884618e-04 5.386382514683278958e-03
-3.784718944910281380e-07 2.445054617606744066e-04 6.913336317943787578e-03
1.524452554191313425e-07 2.242119250245251433e-04 6.070377523327976504e-03
4.294111843883285928e-09 2.251490015024230050e-04 5.911347484505130416e-03
2.663892056942174236e-07 1.881112181568587636e-04 4.580695937464324997e-03
-2.753575597536084274e-07 2.279684765577014464e-04 5.673618159739894987e-03
-1.216161936712367719e-07 2.474628615128233707e-04 6.101808124952456600e-03
-6.744716274376116871e-08 2.590765089483571568e-04 6.272571252805065299e-03
-4.597818270557496589e-08 2.669313275771847613e-04 6.321577990598275382e-03
-3.537572845768721663e-08 2.715335184246304989e-04 6.268267872978941849e-03
2.781971470966482229e-07 2.313080503047606302e-04 4.827875046611784446e-03
5.750101272905538963e-08 2.221549583497063292e-04 4.394713216240565996e-03
-3.180082417397755989e-07 2.665049192993041967e-04 5.632423570866650943e-03
-1.106202284217872034e-07 2.822538404055843666e-04 5.945779853568634171e-03
2.673054084745274395e-07 2.440477312541992590e-04 4.578011178237768181e-03
6.662250384703582995e-08 2.330369141822795148e-04 4.095045189552066166e-03
3.874402909609386825e-09 2.290519060567067938e-04 3.844659552263549399e-03
-3.214878321333713984e-07 2.708300719882934804e-04 5.019613579939921633e-03
2.098614381162988707e-07 2.373358019220401420e-04 3.826507414296496240e-03
5.858310991868620476e-08 2.249930061361256166e-04 3.325542520108001714e-03
1.135758387338370312e-08 2.204534138377013154e-04 3.081834362975518007e-03
-1.828548978899391386e-09 2.184233544226836716e-04 2.923424346295695232e-03
-3.962162042903116799e-09 2.162934362963853292e-04 2.766825119342442713e-03
-2.591161729625923726e-09 2.141271582305890231e-04 2.613955084911243239e-03
-1.924870263181333030e-10 2.119445951735709523e-04 2.465323207075479327e-03
-3.063752320731083501e-07 2.531860133644062865e-04 3.666309698697368599e-03
2.321558049134253565e-07 2.186625511552914378e-04 2.483384398657516659e-03
-2.274047607997431442e-07 2.484257390474433409e-04 3.328257854669395416e-03
2.608184078711772713e-07 2.093902061633085921e-04 2.016064342370916911e-03
9.339197371005525383e-08 1.917631575781627716e-04 1.407562179473398171e-03
3.942637161191697714e-08 1.813432079358999591e-04 1.041137429756947182e-03
2.279885680245286039e-08 1.734387436940956610e-04 7.639822753885078602e-04
1.840341190550986994e-08 1.664993115494148941e-04 5.253106643638202206e-04
1.795847703878195034e-08 1.600124416064138569e-04 3.080580911799992577e-04
1.873336652469248520e-08 1.538086105935819231e-04 1.063101606017620090e-04
1.982957376078786638e-08 1.478314724038026144e-04 -8.215905537122068086e-05
2.095357487519322603e-08 1.411853358863051494e-04 -2.855144794269917630e-04
2.201166227067119507e-08 1.353622341068962045e-04 -4.570645186200020596e-04
2.297611445545300057e-08 1.299375631456956297e-04 -6.109506013796429935e-04
2.384096953189640544e-08 1.247727915422377782e-04 -7.520130313423524851e-04
2.460740111676074093e-08 1.198216927144094240e-04 -8.820818512798849625e-04
2.527887954517638036e-08 1.150677373186693097e-04 -1.002010190198867300e-03
2.585956848655257545e-08 1.096285560434338461e-04 -1.139451945922642824e-03
2.635379270365945104e-08 1.041210377356345106e-04 -1.274751361916361646e-03
2.676585986183255272e-08 9.874302654697461991e-05 -1.401844936628493694e-03
2.710000046590721468e-08 9.355637461213063273e-05 -1.519070669520387884e-03
2.736034643291418433e-08 8.857867751640908268e-05 -1.626189392116169502e-03
2.755092354256305498e-08 8.381303208154081206e-05 -1.723418572059006067e-03
2.767564799555088939e-08 7.925770376672930427e-05 -1.811118555112675027e-03
2.773832497027228783e-08 7.403539192351164832e-05 -1.916765738619638070e-03
2.774264762361866588e-08 6.876114128301523605e-05 -2.020748902674970090e-03
2.769219664688904459e-08 6.363181971013597850e-05 -2.117020313439745352e-03
2.759043993272314310e-08 5.958146410926535983e-05 -2.176881047183272348e-03
2.744073324123519342e-08 5.513506002095172311e-05 -2.247157303850248408e-03
2.724632008899163793e-08 5.071117893329885827e-05 -2.314558945059064839e-03
2.701033208207803682e-08 4.556998042284400168e-05 -2.402095946504587305e-03
2.673579024836669760e-08 4.124110946318185954e-05 -2.461755357812013892e-03
2.642560537058358250e-08 3.731788407522599232e-05 -2.507000005885801942e-03
2.608257942959824049e-08 3.366379950371413421e-05 -2.542505653845151658e-03
2.570940638157992453e-08 3.023046387162473634e-05 -2.570073353545797648e-03
2.530867382333212845e-08 2.699822150446757425e-05 -2.590558104970933171e-03
2.488286443558251904e-08 2.308528057353607742e-05 -2.631496624788941599e-03
2.443435731525056553e-08 1.910023603242401701e-05 -2.673401631089246996e-03
2.396543008487128645e-08 1.610923992653463116e-05 -2.683215323612597736e-03
2.347826011384057665e-08 1.355675677209095339e-05 -2.679141602590810484e-03
-2.912968323220965772e-07 5.343384538388789456e-05 -1.361490905863224632e-03
-6.260768059540566810e-08 6.231150627669017426e-05 -1.044452789455794540e-03
3.276006393937436201e-07 1.793826150801792107e-05 -2.385970013206686891e-03
-1.920335896965497113e-07 4.509736338776449197e-05 -1.471186746627501339e-03
-3.182690067049520621e-08 5.014837421427504075e-05 -1.269232257795602919e-03
2.093475237607833606e-08 4.794232387077439271e-05 -1.298218794322626192e-03
3.762439548804508149e-08 4.345698515030356360e-05 -1.396875427981418213e-03
4.220164173673879304e-08 3.835996907428483745e-05 -1.511413645627498158e-03
4.271421416568443874e-08 3.320851768779849042e-05 -1.624089165086366020e-03
4.186746660472806525e-08 2.818714991317072371e-05 -1.729247075017874887e-03
4.057222835474050271e-08 2.335513013594125092e-05 -1.825285567411612329e-03
3.548841881473308035e-07 -2.334676749710660923e-05 -3.214585891336270689e-03
-1.922538661602857246e-07 3.274330775159998248e-06 -2.290883830304135411e-03
-4.063743586080192927e-08 1.032364037189949197e-05 -2.001688653331175783e-03
9.507337805914062301e-09 1.000892456137966860e-05 -1.949436263537606372e-03
3.417491689639007291e-07 -3.556187766573522773e-05 -3.299836314286775860e-03
-2.002092736042015986e-07 -8.159867014692666690e-06 -2.349358068676213763e-03
-4.653186103098505555e-08 -1.253163075284880173e-06 -2.062794024970325893e-03
4.453048707553364238e-09 -1.145125972690690184e-06 -1.995568960248661483e-03
2.078589533827113200e-08 -3.217809444409475931e-06 -1.997933068366507681e-03
2.543243904362668673e-08 -5.915561706276117025e-06 -2.019573720598027630e-03
2.614801242195596842e-08 -8.716101488139116446e-06 -2.043726172193652615e-03
2.555299349893402905e-08 -1.144602113184866335e-05 -2.064944721733107287e-03
2.453345437913867499e-08 -1.404975760767972339e-05 -2.081600324516649086e-03
2.338942350910144796e-08 -1.651157621654180519e-05 -2.093347277792543051e-03
2.222277284413820553e-08 -1.882921330307911007e-05 -2.100267594304363380e-03
2.106830421233496509e-08 -2.100495999014454488e-05 -2.102581724801363093e-03
1.993807008382475487e-08 -2.304264399642113904e-05 -2.100550855691665601e-03
1.883636790989129395e-08 -2.494660081729407718e-05 -2.094443791787491994e-03
1.776481572957067101e-08 -2.672132187877321850e-05 -2.084525837331287906e-03
1.672407423658484049e-08 -2.837133053721062223e-05 -2.071055062062541769e-03
1.571443208892020493e-08 -2.990113335133480022e-05 -2.054281015771165873e-03
1.473600741430658445e-08 -3.131520216515367100e-05 -2.034444442812168713e-03
-3.048753616230470698e-07 1.012449557859901160e-05 -6.887967950110352854e-04
2.439166819634408512e-07 -2.157373473049409486e-05 -1.648584846320116665e-03
8.990839983624709930e-08 -3.300288991126575143e-05 -1.951290768091900685e-03
3.696540673558956769e-08 -3.747513608560705333e-05 -2.029299337983461130e-03
1.841865293616962163e-08 -3.951841166611884707e-05 -2.029713960705659820e-03
-3.077235245507736749e-07 2.021608073831521451e-06 -6.811768792960263153e-04
-7.936967683086493253e-08 1.347123764006507673e-05 -3.057063321482643946e-04
-2.707853163919082817e-09 1.476457261791985336e-05 -2.561997748710099446e-04
2.229783613305613699e-08 1.268814995527916910e-05 -3.125201598280149141e-04
2.972165025205697475e-08 9.552913825410097050e-06 -3.998674817678740060e-04
3.117515845474372327e-08 6.145557228171912468e-06 -4.929333185683567849e-04
3.061725650788105213e-08 2.733364730303334904e-06 -5.832683885859280427e-04
2.939857668415868375e-08 -5.935236888840185032e-07 -6.681675242316023567e-04
2.798035958484490493e-08 -3.805476462209464244e-06 -7.468819953685891131e-04
2.652039843287212761e-08 -6.893603188153806438e-06 -8.193281614425566156e-04
-2.955525130188263461e-07 3.275027655400248683e-05 4.329284408217469026e-04
-6.530808149829425702e-08 4.219367427836527345e-05 7.117883270337458778e-04
1.188673670604600829e-08 4.142731428587986798e-05 6.660520737256910104e-04
3.577724273506888153e-07 -4.432507524741763794e-06 -7.737569228698473918e-04
-1.881848417095710602e-07 2.178873750319408283e-05 6.167107472918021381e-05
-3.413772264870829076e-08 2.702723375784069093e-05 2.218845293749853540e-04
1.719646491871174021e-08 2.606132927542022346e-05 1.851464605399073902e-04
3.337138998471544937e-08 2.305240108134526899e-05 8.632466769982103348e-05
3.752862187678118744e-08 1.942877673292836007e-05 -2.846058669992866576e-05
3.759925804036612362e-08 1.568064929810486453e-05 -1.435466622355689378e-04
3.630287215283800606e-08 1.197597885214149276e-05 -2.537269582767816192e-04
-6.095271620765174703e-07 9.338714416225763078e-05 2.273368125685234359e-03
-1.469721871982798689e-07 1.145373322361861311e-04 2.857509776541294205e-03
6.540102331920039092e-07 3.016856529072346478e-05 1.584007510074701350e-04
2.406237568086666556e-07 -1.624519345383250695e-06 -8.302931162611395643e-04
-5.478094630140262211e-07 7.058185759557751354e-05 1.429710642998695790e-03
-1.334140763420421649e-07 8.914257234572502131e-05 1.959801557196577670e-03
6.797248763845686881e-09 8.940655291022047433e-05 1.907335521327342426e-03
5.269715319666801179e-08 8.267670321131963870e-05 1.640072919460283749e-03
-2.569031817278855101e-07 1.170306764749310942e-04 2.652313593147339731e-03
-2.195643555857884621e-08 1.209863794478837685e-04 2.692645092881416988e-03
5.611721287657189805e-08 1.146683901925463038e-04 2.413844809439103477e-03
8.017395336512578297e-08 1.050129774684429142e-04 2.040408418884236824e-03
8.566161457945753455e-08 9.441294189991371300e-05 1.649300901839855209e-03
-2.389159260429707388e-07 1.260860313765510684e-04 2.578259952389723355e-03
-9.079419660551479865e-09 1.278955017632348241e-04 2.554469295326012093e-03
6.699162768963873305e-08 1.196407236234434059e-04 2.220025857347643870e-03
9.002397760582425690e-08 1.081582946963156801e-04 1.796068896597813845e-03
9.480028073660662358e-08 9.581056390816795605e-05 1.358459191547415745e-03
-2.310189037846299698e-07 1.257611270746473043e-04 2.243076827740075364e-03
-1.504355529036160988e-09 1.259751788845304109e-04 2.180289296537427611e-03
7.427198644993637799e-08 1.161902567707053489e-04 1.810090242036834461e-03
-5.525494699565314249e-07 1.878740374590816102e-04 3.971880842877991910e-03
-8.179719657164241653e-08 1.988798188321466774e-04 4.189481443767603501e-03
-2.484749599407365395e-07 2.315355713475936920e-04 5.070169404929416625e-03
-2.901363936880230199e-07 2.697850522532258140e-04 6.096661297304691030e-03
-6.143053917773144690e-07 3.512427584246676686e-04 8.428173584599235948e-03
-4.023281063858519246e-08 3.581435081513660405e-04 8.380918743285430822e-03
1.517988333921138633e-07 3.397121865420392375e-04 7.551434126265913621e-03
2.113834913775036739e-07 3.130267491648012069e-04 6.492260234221801374e-03
2.251167373623630397e-07 2.840180029112073304e-04 5.393981810011556910e-03
-1.028195855123925639e-07 2.978386364382157444e-04 5.654711609751908452e-03
1.233958646373878310e-07 2.825572316314738878e-04 5.007037826716468493e-03
-1.313215151066415842e-07 2.999370171859090661e-04 5.389848408914913250e-03
-2.061191560764896735e-07 3.269673207585940041e-04 6.059358420461053926e-03
-5.452574519670960740e-07 3.978852485782856168e-04 8.065892731440768917e-03
-3.031458208901938178e-07 4.379868593379152974e-04 9.056997681137074485e-03
-2.073054470308477448e-07 4.658084782865504030e-04 9.637584117170045622e-03
-1.629059463992277301e-07 4.878465874028189899e-04 1.002131767522983392e-02
1.899598400800783793e-07 4.642478085380079104e-04 8.981350069063693056e-03
-3.519701393672747258e-07 5.098914615189377051e-04 1.011573964679045139e-02
-1.826600508625375596e-07 5.347094478225013778e-04 1.057074086076407668e-02
2.127405133167670215e-07 5.087646641683725175e-04 9.441271536602995756e-03
1.099574553631299523e-08 5.081739060115706731e-04 9.131198376949395401e-03
2.769103660815730450e-07 4.721722728907838413e-04 7.735135783877071514e-03
3.572195095280505939e-07 4.256857071738306443e-04 6.057943555458513915e-03
4.520449137235260650e-08 4.186275044540503382e-04 5.652472116130541346e-03
2.729763416420283306e-07 3.820168793256972133e-04 4.345159276455441352e-03
-3.158532565494809319e-07 4.202498642601129467e-04 5.393897792963744942e-03
1.642842545335199134e-07 3.970678936075211756e-04 4.509941593094944634e-03
3.190420481136158060e-07 3.535035200946280839e-04 3.022862532508737918e-03
3.185884434042662861e-08 3.459651695477114269e-04 2.696435307586795074e-03
-6.034950128519511736e-08 3.515929288553758247e-04 2.787416674709965875e-03
-7.419182342927044260e-07 4.446911727229994112e-04 5.581913697877693981e-03
-2.735386636087966394e-07 4.770674651592530938e-04 6.410968183196315284e-03
-1.034280878720039709e-07 4.871769382797570304e-04 6.525690431411833997e-03
-6.962453136249990848e-07 5.742171456213853060e-04 9.017394154605905959e-03
1.304740328000875138e-07 5.568162398650368123e-04 8.200297844842170669e-03
4.030448632619254568e-07 5.041559559054561903e-04 6.317898902952524126e-03
4.814985818946126983e-07 4.405429480104233481e-04 4.154902252673134400e-03
1.626879787552937273e-07 4.173014095174992517e-04 3.308040050299573473e-03
5.529967328499196810e-08 4.073799909741762301e-04 2.899316773077111747e-03
-6.375747982900747957e-07 4.851662128399953939e-04 5.217197361323002575e-03
-5.050169017417616146e-07 5.465566251073312575e-04 6.955698929325262320e-03
-1.048106121892544706e-07 5.572892330997722150e-04 7.073044119471835756e-03
-2.925985497226335497e-07 5.923016346798372703e-04 7.938522623345115048e-03
-3.363296048330965959e-07 6.329844133692160910e-04 8.952664171903827045e-03
-6.606293291300247006e-07 7.147310817863176523e-04 1.120634395272892755e-02
-4.026792698175185592e-07 7.640758600834874140e-04 1.238751607606306329e-02
-2.927936885166460002e-07 7.993606471401056533e-04 1.309742295140061200e-02
-2.359622411907125183e-07 8.279727133695469806e-04 1.357919285833797396e-02
-5.295430545171342374e-07 8.935608110517460033e-04 1.519071422102798510e-02
-2.645693885083844066e-07 9.256886841929857189e-04 1.571671375135116899e-02
-4.872636353292492117e-07 9.871486489859632521e-04 1.713507485997611129e-02
1.318291158458606560e-07 9.708259611975794592e-04 1.610186595135687862e-02
3.418971527002767630e-07 9.279307470952120711e-04 1.427887287134453273e-02
4.074404931220243498e-07 8.766000586259571192e-04 1.225137052370022309e-02
7.534767573202927338e-07 7.823307891451146238e-04 8.957312261997578406e-03
-1.492630529176253162e-07 8.004449219946566021e-04 9.244897451628465712e-03
-1.023082973894418046e-07 8.122428101522190941e-04 9.326772134657466268e-03
-4.057790081724022002e-07 8.614384837013916180e-04 1.056438757753746724e-02
-8.128176262056641121e-07 9.613543083124994303e-04 1.333427048414302998e-02
-5.723567602089474349e-07 1.031977326618162098e-03 1.511140498069096783e-02
-4.580423912381448304e-07 1.088159328399880641e-03 1.638732718924198334e-02
-5.726545937445592926e-08 1.094475892704739259e-03 1.608009642784684334e-02
9.007587364884273029e-08 1.082353571843520327e-03 1.521234892431536784e-02
4.797147882262819962e-07 1.022214512476418962e-03 1.288453102901166575e-02
2.680147389577669514e-07 9.882251462755603684e-04 1.143966910001822934e-02
-1.356692436171869076e-07 1.004493895597352755e-03 1.159636983587809811e-02
7.929390044569828433e-08 9.941888299847133521e-04 1.092408589095770349e-02
-5.079263073470841050e-07 1.056158057348871929e-03 1.251330570891741323e-02
-3.382626562187240893e-07 1.098152719225386521e-03 1.343367366230111687e-02
7.732999285359198893e-08 1.088809399816012807e-03 1.273532225773613830e-02
-1.090017455185332551e-07 1.101558588978894613e-03 1.274497036243927434e-02
-8.221584674172888185e-07 1.202684750959700111e-03 1.549482240309293241e-02
-6.799967753323699071e-07 1.286090445767906244e-03 1.760891889915510572e-02
-1.258810461868264952e-06 1.440650595581408761e-03 2.186661967239579563e-02
-7.174233251916461995e-07 1.528805519348262580e-03 2.393291769779734568e-02
-1.568109068150747021e-07 1.546759866979950486e-03 2.376083756505270594e-02
-2.807045059727286684e-07 1.580046501846661330e-03 2.407367807820382649e-02
7.093779958999846258e-07 1.490084342025640475e-03 2.055127975288285891e-02
6.932662121039712133e-07 1.399587968013198125e-03 1.712496878335360156e-02
1.009470674717682925e-06 1.268551126468901030e-03 1.254482218754254808e-02
8.394119632715302259e-08 1.249998761455220920e-03 1.160034706178218744e-02
1.192362347746112050e-07 1.228484535046803910e-03 1.058884949149394711e-02
-1.200070798290653329e-06 1.369449976216451439e-03 1.465760773356914598e-02
-1.243140796747255195e-06 1.517113692462423828e-03 1.880382986362880843e-02
-8.550888163094683136e-07 1.619305188075950783e-03 2.141247339875374661e-02
-1.680233729928204411e-09 1.616411164313927371e-03 2.067788410683672751e-02
6.380133290573297700e-07 1.533077357594655153e-03 1.747039628351946400e-02
5.082774683362600854e-07 1.462972530225574268e-03 1.477687450587668316e-02
1.131911012142161610e-06 1.314990571225018931e-03 9.741650118887307253e-03
9.745656791571022382e-07 1.184148063826082325e-03 5.398007199390923716e-03
8.958977206763307777e-07 1.062938390396249433e-03 1.486025398300519496e-03
5.096519367642216025e-07 9.888377079135799753e-04 -8.406057057613672279e-04
-3.012685459991004677e-07 1.013434944126500193e-03 -2.648326957217783661e-05
-1.222006968837341390e-06 1.151565470804033139e-03 4.292462079062031588e-03
-2.141121391852074396e-06 1.403991108207588989e-03 1.203356562110571848e-02
-1.673926227852007287e-06 1.602902535071788759e-03 1.786653547120921337e-02
-1.093350317171726260e-06 1.732693630682839714e-03 2.137536111412884771e-02
-1.170075307643791973e-06 1.872472817302048981e-03 2.509755510513561605e-02
-1.126792281702648779e-06 2.007705069205160953e-03 2.856753283132047738e-02
-1.380386041693881793e-06 2.174814269862200035e-03 3.293174444966535941e-02
-7.107771156089626174e-07 2.261403570490001097e-03 3.465293725462509355e-02
-1.442015872821222899e-06 2.436578621530332417e-03 3.910032253026313187e-02
-9.278789316891078442e-07 2.549403367020952257e-03 4.146253649622509696e-02
-1.025354715022963603e-06 2.672156350180049204e-03 4.407493786513902445e-02
-1.324102170130458944e-06 2.829152245170069718e-03 4.768368440920828233e-02
-1.001743528794563076e-06 2.945101159701105954e-03 4.990177839387675840e-02
-1.156887563413810938e-06 3.078319708391221918e-03 5.260754097850224575e-02
-1.465721398030694900e-06 3.247314700031977974e-03 5.635976442602246006e-02
-1.136152376624011140e-06 3.376314300937598677e-03 5.875373412716328181e-02
-9.406558413305177169e-07 3.481292552910705482e-03 6.034206233343135384e-02
-1.205729637243635466e-07 3.487754462865351977e-03 5.880613351877246597e-02
-1.370935522881921997e-07 3.494035646713448788e-03 5.733619474693033014e-02
-9.746428875079260479e-08 3.493701582250301890e-03 5.571148237306862427e-02
-4.028535693922918881e-08 3.484386407759660145e-03 5.386318499283071493e-02
-3.181699936849469168e-07 3.504760884916854197e-03 5.301582306350920148e-02
-3.591853644513420818e-07 3.527821025391552137e-03 5.228371348859292556e-02
-3.178072546239363305e-07 3.544264478016255146e-03 5.137716044933729465e-02
4.284940338106224544e-07 3.471838930440273099e-03 4.769833583916996411e-02
3.658024838593121331e-07 3.404479137714831044e-03 4.432094599766227272e-02
7.093336223951141051e-07 3.296560583758548907e-03 3.976369742731074297e-02
4.971846319090644784e-07 3.211091687952256912e-03 3.606971081504284360e-02
7.833731276996047654e-07 3.092102467235929852e-03 3.141843243848098377e-02
2.073042691952409200e-07 3.038752546012395486e-03 2.901403723105241972e-02
3.804670771767604265e-07 2.966807275007197695e-03 2.607568715468298881e-02
1.210449096511467815e-07 2.924931111859109187e-03 2.420357610878372256e-02
1.084954853070030367e-06 2.773994226250837622e-03 1.889617219897447853e-02
1.064429506536512804e-06 2.622910685448821833e-03 1.378061434925728634e-02
7.084005975155349688e-07 2.512323468678787086e-03 1.011484723870817448e-02
1.272711595445841226e-06 2.337530840395040874e-03 4.473538960913348017e-03
7.641990744655657863e-07 2.217892464825023044e-03 7.925250052415871993e-04
9.315058613346138827e-07 2.079440718840745717e-03 -3.418494641275832135e-03
-4.175117540583528353e-08 2.050556610004911420e-03 -3.966762118751035460e-03
-1.403838600921858415e-09 2.019782377789680963e-03 -4.611206172229806444e-03
-2.990082725862208690e-07 2.024028419029490558e-03 -4.093461314046378807e-03
-1.743747446436572091e-08 1.998929211653371896e-03 -4.548609331629149821e-03
1.093254688999678592e-07 1.960071242631339361e-03 -5.416449244798032803e-03
-1.632757224978576005e-07 1.952076284502021405e-03 -5.254631705930323804e-03
-2.197122371816462305e-07 1.950881271960032415e-03 -4.898043827194151212e-03
-1.997893440686127065e-07 1.947425035666023110e-03 -4.630843102680456957e-03
1.873531474405609742e-07 1.899703454400620412e-03 -5.817357424254154807e-03
1.026123433445214062e-06 1.756012417974133974e-03 -1.007364616050726580e-02
9.588663683057774278e-07 1.617996031257992740e-03 -1.398298293294281125e-02
5.832122810245365940e-07 1.523401703433169968e-03 -1.638423817013075212e-02
8.005578400194224287e-07 1.406464063643439108e-03 -1.947480745865341756e-02
5.266959949290495047e-07 1.322348464708826207e-03 -2.139631668350672200e-02
4.372800502805418432e-07 1.251994994486471668e-03 -2.282906331312355153e-02
4.140485992953912842e-07 1.187295767032685301e-03 -2.404628588169199777e-02
1.099087164946332962e-06 1.046544251706868836e-03 -2.771186323524574280e-02
6.273693242686562144e-07 9.606868934205602811e-04 -2.944595449479366078e-02
1.199099362025890514e-07 9.362417271674781244e-04 -2.916958903095062672e-02
-3.681779059405698717e-08 9.331641118079363889e-04 -2.824171060191436877e-02
6.191610274486336607e-07 8.566493544228653140e-04 -2.974637800459685455e-02
1.183990137709756141e-06 7.160335679388049601e-04 -3.324550931415298782e-02
6.637380761675970575e-07 6.366613786995007490e-04 -3.462606639546333270e-02
8.209259203528773696e-07 5.417124036856228730e-04 -3.650830748559517197e-02
8.600357250809764764e-07 4.441156252035696056e-04 -3.841183692698868501e-02
5.123208678403656791e-07 3.888033918737505285e-04 -3.889174561650777379e-02
7.322989390434742063e-07 3.102451390021715438e-04 -4.013186064593563668e-02
1.062701137088950532e-07 3.067166782588313240e-04 -3.889238504145400149e-02
-4.420417929473785534e-07 3.698801707521220256e-04 -3.557113269437597175e-02
-2.531181140241756111e-07 4.132249368716794241e-04 -3.301938667448701265e-02
-8.502089322570682839e-07 5.271726171593993371e-04 -2.825995220275663578e-02
7.169834171927291777e-07 4.588605239274918396e-04 -2.955466608250597454e-02
5.555298423498555849e-07 4.089939970852267404e-04 -3.013329956820459676e-02
1.182349158912465725e-06 2.864139186028579614e-04 -3.304819614410666601e-02
1.365194304159267347e-06 1.428587728399387941e-04 -3.651850349560656350e-02
1.386018009363887415e-06 -2.338017194382369102e-06 -3.992971036478216301e-02
1.003542084210273799e-06 -1.018175582141161301e-04 -4.177054984865465059e-02
1.530815898598270053e-06 -2.627728153341141182e-04 -4.555635579393929602e-02
1.659023101674428347e-06 -4.389327948045203265e-04 -4.969483273407763330e-02
1.297108375819533421e-06 -5.729297181253055482e-04 -5.235907896714148135e-02
1.469330160541737484e-06 -7.270367019106029061e-04 -5.560826619342473104e-02
1.471969522270910602e-06 -8.819252539966297016e-04 -5.878344697400256225e-02
7.229773765216052084e-07 -9.483785357859188248e-04 -5.903759311006495647e-02
-2.570340313923225040e-07 -8.986879322877647930e-04 -5.561255816943039276e-02
-9.319922328332452821e-07 -7.681123280144138560e-04 -4.975407066201423256e-02
-1.127646472753873752e-06 -6.142474680784076879e-04 -4.336749295114258190e-02
-1.840307558453879722e-06 -3.760570565275751093e-04 -3.450416049824120424e-02
-2.355283775345995423e-06 -7.661326171836020660e-05 -2.399308834189316925e-02
-1.739825486568591373e-06 1.493440473424346993e-04 -1.616310953074504009e-02
-1.447739139237569361e-06 3.402973660870424466e-04 -9.662619674267215741e-03
-9.310028996623032072e-07 4.692489701535705604e-04 -5.320462121112458365e-03
-1.395390706093735389e-06 6.530941902318961045e-04 6.477525143780624162e-04
-1.139780162695558374e-06 8.060726454214416775e-04 5.442811421173386621e-03
-1.336753799097145645e-06 9.818784366877643388e-04 1.082435781637201139e-02
-1.334380095197040816e-06 1.156230445243138644e-03 1.599127173838280069e-02
-1.608277708786687299e-06 1.361259162140752293e-03 2.197089145103810204e-02
-1.271009258507760364e-06 1.524708849692513885e-03 2.645401732749913526e-02
-3.860546511358364796e-07 1.582574850756463328e-03 2.748581281860235093e-02
-7.347429582527098546e-07 1.679888349934424360e-03 2.975691944123252941e-02
-1.075562874319757611e-07 1.701998260710532729e-03 2.958430119351987408e-02
-5.561041589441373389e-07 1.773868417487176399e-03 3.099813650180155422e-02
-3.172170472964808141e-07 1.815492176878770458e-03 3.140750956171510511e-02
-5.438688832626326075e-07 1.881036000207701037e-03 3.256697649061200683e-02
-2.270568564277652968e-07 1.907619967869604929e-03 3.246170653581137433e-02
-4.293649640274566082e-07 1.955177825517512638e-03 3.303155460507413432e-02
2.404936643163324561e-07 1.924100821549992735e-03 3.110750011472945831e-02
-2.056031409569669677e-07 1.941959760824386177e-03 3.080225604485647972e-02
-1.370915037157693916e-06 2.090041303540891154e-03 3.460062420101107927e-02
-1.345338516700600451e-06 2.232606751217320815e-03 3.809129037824954267e-02
-1.252569920007218229e-06 2.361009478939567544e-03 4.104272968534976307e-02
-1.138483718521321464e-06 2.472798085391312087e-03 4.339603484103515818e-02
-6.712686262400069381e-07 2.528209166255348042e-03 4.391071919459241246e-02
5.993483505051244720e-07 2.438193098135638462e-03 3.983158899881591997e-02
3.544805919908355918e-07 2.372405687927316847e-03 3.668128498444907237e-02
-6.113606243474123403e-08 2.351745876091368426e-03 3.505084616034832845e-02
-5.199246678744273709e-07 2.380533140736914091e-03 3.503014131554320343e-02
-1.673746715336044133e-06 2.534138230493140215e-03 3.896881048542993886e-02
-1.974569914353629940e-06 2.718364197042195951e-03 4.374151808605271363e-02
-2.312488134648127414e-06 2.934470318416157811e-03 4.940024030898361451e-02
-2.297542818774367390e-06 3.143183257390167254e-03 5.467231838675282174e-02
-1.807147471333259148e-06 3.292002207059401345e-03 5.790656995535628515e-02
-4.677014209253371746e-07 3.290124436476367376e-03 5.627551508612646525e-02
1.116753747587573287e-06 3.113057460892213954e-03 4.914890492456933102e-02
2.723241242619245384e-06 2.762700073037135245e-03 3.674070167207887927e-02
3.570425190058124087e-06 2.323260906029923564e-03 2.189101434378727673e-02
4.113864259691624170e-06 1.830897501597053556e-03 5.787324287344894347e-03
3.473097084594201078e-06 1.411109703704588325e-03 -7.502715428576847700e-03
3.139225552062363533e-06 1.034746442132260941e-03 -1.906153540744758013e-02
2.571574045151514554e-06 7.243129069820705701e-04 -2.819214201902495165e-02
1.590307873389207316e-06 5.232252952420135550e-04 -3.356436829241825348e-02
8.514080307442384310e-07 4.069527510497782802e-04 -3.610156918659870873e-02
5.765537330892911427e-07 3.256320464383403307e-04 -3.749049516955739458e-02
4.747141708616453570e-07 2.594214192862594887e-04 -3.837959885798911813e-02
4.370546595744428942e-07 2.009012103899709273e-04 -3.901095514298616451e-02
7.157349513065014435e-08 1.844578259454845992e-04 -3.826202124827161877e-02
1.010834150827477629e-06 7.215593217729625308e-05 -4.069969575859846284e-02
1.667558471529773101e-06 -1.101351363579968629e-04 -4.529557033833853108e-02
1.493818654108025612e-06 -2.726541022498012862e-04 -4.907123546072823805e-02
1.736440516819648394e-06 -4.579818542069305498e-04 -5.350130922073173534e-02
1.410192488671135891e-06 -6.056703741285779374e-04 -5.656429007634385109e-02
1.246755830686119282e-06 -7.319879229745699517e-04 -5.887370963438141869e-02
8.930739459067638109e-08 -7.287952162021386210e-04 -5.690889572362552856e-02
3.580796015256737519e-08 -7.150042868572098476e-04 -5.474750097845269836e-02
-1.035880109578890540e-06 -5.809600054321583523e-04 -4.873826159690854837e-02
-3.086917531591737429e-07 -5.239000147348234909e-04 -4.549904211878880861e-02
-1.443058128880458924e-06 -3.406798310278246616e-04 -3.819854690868276087e-02
-7.192962649948952958e-07 -2.358582082464914798e-04 -3.374694270264008006e-02
2.796567567520114039e-07 -2.429541445156738200e-04 -3.301966990321755779e-02
9.833801364322880545e-07 -3.287368599927571744e-04 -3.481087853455541725e-02
8.482487074967792751e-07 -3.986618364512396762e-04 -3.599073323824081294e-02
1.127305828463320836e-06 -4.983886849702998806e-04 -3.811871585088452696e-02
1.187166663418892654e-06 -6.037465702999240957e-04 -4.035061432015973892e-02
8.125326426133838709e-07 -6.652449768003252523e-04 -4.110023310813834541e-02
6.514033451532341701e-07 -7.071381034007631627e-04 -4.122013761789592584e-02
-1.356979418831727457e-07 -6.580712870271534370e-04 -3.842077873674498018e-02
-5.240514677762320161e-08 -6.177593107351431884e-04 -3.603558785327824754e-02
-1.814849981407462565e-08 -5.805732699374691053e-04 -3.382786820724089510e-02
-1.063951268531759808e-06 -4.224310575262225226e-04 -2.781019867968283904e-02
-1.034149523349014999e-06 -2.685156869182501321e-04 -2.215867722049956468e-02
-9.774808914508881230e-07 -1.219510222283531897e-04 -1.691073874065290861e-02
-9.123165496394136653e-07 1.594742971106413720e-05 -1.209408544471898481e-02
-1.199799394502321093e-06 1.857309483574189068e-04 -6.402774236941057018e-03
-1.245192758347890560e-06 3.585630909947110090e-04 -7.997229199002975353e-04
-1.555920093099238954e-06 5.652787452539616286e-04 5.697894230161641704e-03
-1.237575191437301214e-06 7.320177552566260737e-04 1.071536730724147873e-02
-1.061706766614101127e-06 8.757773077558393682e-04 1.486372597626199610e-02
-1.296716111043316744e-06 1.043736892488255144e-03 1.966004802938726287e-02
-9.570289362104134057e-07 1.168134775352673918e-03 2.294051914016682903e-02
-7.046204886229645581e-08 1.186815141809502427e-03 2.281132472613814355e-02
-8.948861462965140845e-08 1.205787742371835711e-03 2.273651980265755518e-02
-7.413074643025652222e-08 1.220396708383758230e-03 2.254343485262508273e-02
-4.706519673991493846e-08 1.229366791396379818e-03 2.219388005497797273e-02
-7.276378606313471664e-07 1.312520618146847257e-03 2.419483269969487788e-02
-5.658104446082390382e-07 1.372630477096459245e-03 2.539815334201806635e-02
-8.212630232540263364e-07 1.456781905527311863e-03 2.732089051602963614e-02
-8.584609031414558444e-07 1.540221287530915348e-03 2.915422562709343857e-02
-4.596731256745201222e-07 1.574986747362311368e-03 2.939868073333519460e-02
-9.884888313438366936e-07 1.664948383117544062e-03 3.137678733888171756e-02
-4.015892878239668562e-07 1.687029333909177697e-03 3.115143762952393702e-02
-8.642984571372025471e-07 1.757179924983042624e-03 3.245725368165849889e-02
-9.693394082965767211e-07 1.836138747088652406e-03 3.399500523596933610e-02
-9.416460432509765610e-07 1.908733838183067355e-03 3.529043433111198058e-02
-1.223027823460398622e-06 2.008215552491796063e-03 3.740119957439769216e-02
-1.245593403087497109e-06 2.106232052952693862e-03 3.940445976226074343e-02
-1.173447341074052019e-06 2.192119600981940614e-03 4.097438606773412539e-02
1.442415520358508729e-09 2.148157451586581862e-03 3.841139176342610317e-02
4.534809544542994786e-07 2.053238996967431118e-03 3.435074071404849161e-02
2.723293770490187171e-07 1.977541582798923031e-03 3.103302256681057802e-02
9.430690017797616065e-07 1.832394874519790995e-03 2.561058993198810085e-02
8.192512859217515597e-07 1.701652468917097538e-03 2.082525071759200319e-02
7.726585216083492469e-07 1.578930653709505888e-03 1.643080698187450450e-02
3.971290132298577191e-07 1.498501424940075488e-03 1.350804271621128261e-02
2.756387380564717660e-07 1.433292809151161945e-03 1.114432247355194583e-02
-1.082314395883798852e-07 1.409747921760302891e-03 1.017590506289219043e-02
1.445463190252738173e-07 1.360812314424923036e-03 8.415529066773563827e-03
-1.005267948883670215e-07 1.337440092418186455e-03 7.537324981387885647e-03
-5.141473254921535840e-07 1.357084643012960307e-03 8.057815185990732654e-03
-6.133729227864037625e-07 1.387123589808927915e-03 8.883656281357496520e-03
1.208878681602243432e-07 1.341050608556756951e-03 7.242512183922467095e-03
-6.661711525746127904e-07 1.375440695267484553e-03 8.272404568327867969e-03
-5.336027815161514809e-07 1.398683052645920133e-03 8.877333604099063580e-03
-7.928007618174248705e-07 1.448950786127410628e-03 1.034542404520180647e-02
-1.540000236555094659e-06 1.577335536952668982e-03 1.428090920639991934e-02
-6.380166874819792611e-07 1.614466724581209434e-03 1.511923664977841975e-02
-6.136765537956279104e-07 1.647223927524282816e-03 1.584813384826765092e-02
-5.456244980273083911e-07 1.673389080562259074e-03 1.634928175439109843e-02
-4.638586618144202589e-07 1.691869130449420722e-03 1.659481390947692425e-02
-1.457022301587507229e-06 1.812950656552271556e-03 2.017210133679135653e-02
-1.359238987030941814e-06 1.924698813953081011e-03 2.329054003489217095e-02
-1.949500013753713290e-06 2.093938515652097460e-03 2.820722264324478090e-02
-1.683597449786411460e-06 2.233631665933395044e-03 3.199525741794008449e-02
-7.586754375843440812e-07 2.274369654159398568e-03 3.248132429155656253e-02
3.682907270263768851e-07 2.195668381496283794e-03 2.913243062701251218e-02
1.883502873001319244e-06 1.960773204740157843e-03 2.086316566917074955e-02
2.038160490491769394e-06 1.710344252778273066e-03 1.243204403666485491e-02
3.494230354283978102e-06 1.317760576221165686e-03 -4.055966226531038110e-04
3.198078011745764115e-06 9.596821941049576976e-04 -1.164896677634530420e-02
2.638628566975498302e-06 6.673462414974774826e-04 -2.044999306277628381e-02
2.002801876899162892e-06 4.482171758846062448e-04 -2.665306268792737299e-02
1.361648825026762211e-06 3.026427797238571971e-04 -3.032843919085452533e-02
3.813217165360427430e-07 2.637921252865750577e-04 -3.045491921668880275e-02
1.118861429283413145e-06 1.559374489365702998e-04 -3.293542897953952164e-02
6.428438500405420086e-07 9.859667812129116471e-05 -3.363418792797960577e-02
4.681694308894535084e-07 6.320559291036684235e-05 -3.363692879331471597e-02
7.692647251422712884e-07 -1.724379935473530079e-07 -3.458306981590958396e-02
5.076171197826440107e-07 -3.507706689118150756e-05 -3.454666725791916138e-02
1.135439699040396988e-06 -1.321372725059388742e-04 -3.658493519861950177e-02
9.753882226348764561e-07 -2.110339460819968260e-04 -3.792407824370732511e-02
1.258227967926295321e-06 -3.165832148893307774e-04 -4.012054984908566824e-02
9.659395208139187616e-07 -3.890692243837361175e-04 -4.115312617522695615e-02
8.373536718453422623e-07 -4.453031257652048658e-04 -4.165212713581172010e-02
-3.127683486647825362e-07 -3.793538656409918552e-04 -3.813846654901461436e-02
-3.408674098537289865e-07 -3.083976750444319959e-04 -3.466143815724867516e-02
-1.408620196707843775e-06 -1.264357842205472704e-04 -2.764609385300213773e-02
-1.362167246998780001e-06 4.905102942886346851e-05 -2.113319990880252464e-02
-5.505821013551681631e-07 1.348208932983353814e-04 -1.774488979045590886e-02
-1.303000389474284759e-06 2.974014655869675061e-04 -1.188111956056982221e-02
-4.181871162689532184e-07 3.654384919262593234e-04 -9.347292033719284410e-03
-6.072566782755473014e-08 3.935086446690203021e-04 -8.130032314177269848e-03
9.191058114588201988e-08 4.059550467332348478e-04 -7.440734523207988282e-03
-5.606608084463005071e-07 4.886700250356021402e-04 -4.473459929641633581e-03
-3.915814384969351636e-07 5.544071442624282087e-04 -2.203222073929665681e-03
-2.932365094077127310e-07 6.093608943048764437e-04 -3.440797593917618857e-04
-9.495643185086777294e-07 7.339111477367224468e-04 3.729067156971674346e-03
-3.885534605174711942e-08 7.601747484445656178e-04 4.435148718445844351e-03
3.166322490866235739e-07 7.478453042002904116e-04 3.924393618262883576e-03
-2.697460554923480913e-07 7.983169025018686804e-04 5.490149326622728587e-03
2.774967274854489574e-07 7.896121377523115936e-04 5.049686693167604323e-03
1.252684024288797104e-07 7.961836633195717994e-04 5.153989625178032052e-03
-6.388250014532914633e-07 8.848513830288402826e-04 7.899941942086666224e-03
-5.046281174037048345e-07 9.568301524050908113e-04 9.978632646582039079e-03
-4.119736415342245550e-07 1.016121030475842374e-03 1.159502395699921196e-02
-3.374999875127571158e-07 1.064248732325908525e-03 1.281249283359947588e-02
-2.721015557316519562e-07 1.100834566823291616e-03 1.363565286384575692e-02
-2.121956569345329058e-07 1.127905887624749970e-03 1.413431133993103828e-02
-1.563395071180195828e-07 1.145867112568546564e-03 1.433307345294053403e-02
2.601843388516655864e-07 1.116476550643237531e-03 1.300897947263900123e-02
-3.008926247050069946e-07 1.144497833548644566e-03 1.360038520082963720e-02
2.610594972418667226e-07 1.108272829035111817e-03 1.208933549419428932e-02
-2.473092740595816963e-07 1.121718861695750191e-03 1.226163092211084160e-02
3.320639355708365770e-07 1.068448532726928163e-03 1.027304901422958217e-02
-1.730776248987098143e-07 1.063507393779677263e-03 9.940510732569116104e-03
-3.247009726647931416e-07 1.070326589538869028e-03 9.978851654829368201e-03
2.367182005968970770e-08 1.037152973737485995e-03 8.728548167668603863e-03
-5.536511362702611905e-07 1.062742141452084621e-03 9.420134741131694356e-03
1.403346061579213711e-08 1.028439289591457501e-03 8.136943051219647227e-03
-1.173912873575488902e-07 1.008893743840451329e-03 7.388525552236693827e-03
-1.337366567488729174e-07 9.934397100297767680e-04 6.781648149998376063e-03
-1.072534788759682556e-07 9.772885840273332070e-04 6.165555392562610537e-03
-6.600850466220720136e-08 9.585225015107147473e-04 5.482397771722213875e-03
-2.087251638194231873e-08 9.362598278233429105e-04 4.707849112127696078e-03
3.895895613892363940e-07 8.720525678026849747e-04 2.609224817967284449e-03
1.860061762393172557e-07 8.302790002142658443e-04 1.314583182005141238e-03
-2.346111084294832949e-07 8.332413409085637213e-04 1.487503234533824048e-03
-3.523075471356662547e-07 8.491845794868328745e-04 2.050633582016916923e-03
-1.086214544865349296e-06 9.402318426098080217e-04 5.013285043042242650e-03
-1.284039049420648837e-06 1.050854109101644757e-03 8.481476074295987710e-03
-1.276413806095000325e-06 1.159516163080572676e-03 1.177498562532830473e-02
-1.192290030704867831e-06 1.257963046105588928e-03 1.464501740221449411e-02
-7.155209423848063466e-07 1.307404312750282127e-03 1.585321160229956339e-02
-4.787743014267320518e-07 1.332478503837875722e-03 1.626728459813729655e-02
-3.385232082431244294e-07 1.344382948451343374e-03 1.625714661277662121e-02
-2.386273350030165830e-07 1.345834183200007861e-03 1.592022662678636846e-02
-8.906919285456282864e-07 1.412957484539418412e-03 1.772873497146436328e-02
-6.918813614253949140e-07 1.457652361527141810e-03 1.872487030887207138e-02
-1.875808149920388246e-07 1.447590683307745790e-03 1.793717097639258018e-02
-6.915420804887162376e-07 1.486268171671429467e-03 1.878972093136269117e-02
-7.679291780249286603e-08 1.460892807547915784e-03 1.751412964964339791e-02
5.581113075026067349e-07 1.370301724841864466e-03 1.420118765294420271e-02
8.080411271205178991e-07 1.255814098313476346e-03 1.024959224397788138e-02
5.384548551479184653e-07 1.171482578428757748e-03 7.407517889173848014e-03
4.551676684450001176e-07 1.098039918822107247e-03 4.984187043766505343e-03
7.532488577322027368e-08 1.064464775780326472e-03 3.923018457439655937e-03
-3.991476915654601498e-07 1.079891332457852404e-03 4.462968085313628874e-03
-5.219084249219463345e-07 1.106707214902389463e-03 5.330144390435415103e-03
-8.779162179450850090e-07 1.168247636812086432e-03 7.298302537666584433e-03
-9.370210775072607134e-07 1.235296830411770908e-03 9.366288541991993344e-03
-5.152340096792329405e-07 1.258072958311307749e-03 9.930098594008771040e-03
-1.036721287483999276e-06 1.330925523849731118e-03 1.214670329466664700e-02
-4.109681446262669624e-07 1.341443152427797270e-03 1.222705357334535892e-02
-1.228701429489831298e-07 1.320116731236879726e-03 1.131587987322556221e-02
2.991098257965063567e-08 1.282562611826420368e-03 9.925178402730869265e-03
8.642996403018798901e-07 1.162998974486056242e-03 5.902481792450633979e-03
1.179581092580761492e-06 1.013365692969288301e-03 1.073411748877525773e-03
9.210408205007070137e-07 8.927524485571290691e-04 -2.644203118039811784e-03
4.595442927302073599e-07 8.220780785833346760e-04 -4.640687778124263918e-03
3.092897012946238533e-07 7.700896690531235100e-04 -6.006128889970069329e-03
-8.987091326684293335e-08 7.604956351565141104e-04 -5.955572154765387261e-03
-5.656030389600275043e-07 7.991601902388317802e-04 -4.353432734968049056e-03
-6.814167392565906312e-07 8.507282910209038040e-04 -2.413136605568882986e-03
7.991855688338489472e-08 8.269159288974044231e-04 -3.017077182239272237e-03
-3.419879790467206249e-07 8.442296143735053549e-04 -2.188253065496165162e-03
-4.454666806541496271e-07 8.730815686948563414e-04 -1.039458704037224401e-03
-5.696290727996711212e-08 8.637139658275137799e-04 -1.191111937403635523e-03
-2.409600378117104924e-07 8.724523418468278779e-04 -7.094980409266121724e-04
4.804154285498185573e-07 8.110239100215591024e-04 -2.571275567620712188e-03
3.985930592254049998e-07 7.584697803450606013e-04 -4.027223035520971495e-03
3.922604707717880501e-07 7.095719222227035716e-04 -5.331806549345577406e-03
1.154149534277060241e-06 5.891667203249476015e-04 -8.964741211340346294e-03
1.429448579171044287e-06 4.448008897642644066e-04 -1.322375694224285636e-02
7.714145249249071412e-07 3.701327133833198779e-04 -1.504216929988488882e-02
9.033093562038629898e-07 2.890821610955184029e-04 -1.708662364598498296e-02
9.512443207571052994e-07 2.087308836591118821e-04 -1.904752764431588696e-02
9.650936987348757157e-07 1.324866650870698548e-04 -2.082227223821300766e-02
5.937941239819721773e-07 9.735488363098870890e-05 -2.119490618805421056e-02
-6.487995922732636700e-07 1.887780266715682886e-04 -1.741601577919527077e-02
-3.114726520037081059e-07 2.481905059390603074e-04 -1.491810945225524598e-02
-5.136345320178037355e-07 3.243631320915887906e-04 -1.190749421113869444e-02
-1.653233450138458238e-07 3.635095425438793215e-04 -1.022351857600772851e-02
-3.682979536900887751e-07 4.195309662279392282e-04 -7.998095744941313701e-03
-2.504335705477700458e-08 4.400890351583600091e-04 -7.025903771233951711e-03
-2.349017963476640602e-07 4.799697131874815226e-04 -5.414573205078737628e-03
-2.704355595017915448e-07 5.228416623118542494e-04 -3.771206788695441459e-03
1.322023592820187332e-07 5.248731547519910889e-04 -3.526800198013199661e-03
3.104914190199536961e-07 5.068403798248050096e-04 -3.913921053962432506e-03
3.982011738123958366e-07 4.791546713361384546e-04 -4.591873311886332520e-03
1.192392527715746553e-06 3.733593353980012297e-04 -7.817842867601759727e-03
3.574279449081174675e-07 3.507234419227976685e-04 -8.143747478009485952e-03
8.083296068051026850e-07 2.860120157494212834e-04 -9.920265433132249844e-03
2.307275492885452195e-07 2.813872565080137444e-04 -9.635721313531436794e-03
3.654754099358115127e-08 2.999700951339077937e-04 -8.652699409680345011e-03
-7.524332009678502686e-07 3.989078230925320601e-04 -5.078797784607638754e-03
-1.359604023365434955e-06 5.586984520066090587e-04 3.200986081430268193e-04
-3.837041770982096978e-07 6.182421216915923168e-04 2.217885111863646119e-03
-3.453189395541400586e-07 6.696276729990999210e-04 3.874350386973979266e-03
8.817338714717237735e-08 6.750863723201105948e-04 3.980321007342704775e-03
2.795192468596496838e-07 6.583737291405086789e-04 3.394505327950755880e-03
-3.731510587190456363e-07 7.043510991093931972e-04 4.899368764308437152e-03
1.770074565810020317e-07 6.933233056364875024e-04 4.443290527962676095e-03
3.532040704357086724e-08 6.923208609908720890e-04 4.377802413078960009e-03
1.400797422501653955e-08 6.915023163145371521e-04 4.311863447105823699e-03
3.843826545946171791e-08 6.866022953710797239e-04 4.114509428540455427e-03
4.525077417216749609e-07 6.392326545456329667e-04 2.537181446633174353e-03
6.223056758791756238e-07 5.765484119873362512e-04 5.339298338134235156e-04
6.936440483107375599e-07 5.104356708933339981e-04 -1.515470454596948291e-03
-2.296888934605334498e-08 5.191535218885615088e-04 -1.060333247326308848e-03
1.146879474722695136e-07 5.159086613533633847e-04 -1.065875028730192686e-03
-1.815088279677468108e-07 5.422576628541925237e-04 -9.674869336137592590e-05
1.196147690896154359e-07 5.377011344241192092e-04 -1.862911392196409111e-04
-1.156744635633089047e-07 5.540636064230580748e-04 4.337174105126101464e-04
2.058805459448365127e-07 5.358225268040500699e-04 -1.067319852925963097e-04
1.097874037903068256e-06 4.283603695050819393e-04 -3.516122549062583591e-03
1.044999503485577463e-06 3.263552528692120758e-04 -6.582865899383338881e-03
6.389687809971178467e-07 2.659923582694623256e-04 -8.206807294942886077e-03
1.152271961180062476e-07 2.589628378336927828e-04 -8.076036873913700065e-03
-8.077133739625708131e-07 3.425569277024642645e-04 -5.034908422141937123e-03
-1.469579829826983541e-06 4.900168227876186555e-04 -6.937855011204807631e-05
-1.631841227367480940e-06 6.487665025831368393e-04 5.073534244873362242e-03
-2.348751897085499252e-06 8.718279358696512382e-04 1.215019173418153964e-02
-1.743300998668928514e-06 1.028945450201684819e-03 1.682724816211422780e-02
-1.412944820811112834e-06 1.147975416361864121e-03 2.017253472942359682e-02
-8.213258643197107745e-07 1.203675233473873452e-03 2.138652851187398951e-02
-1.530063518107027676e-07 1.190982434906097398e-03 2.038396063526243251e-02
8.945640761481854497e-07 1.075768734219662015e-03 1.612331522757419477e-02
5.415184356483138117e-07 9.988711609484821063e-04 1.330204280004930462e-02
1.177765910909123193e-06 8.643851259991994218e-04 8.663643993372494023e-03
6.571784921804990631e-07 7.824352685671456809e-04 5.912609859957188019e-03
9.651659738096896035e-08 7.581665106887944261e-04 5.081162471387706825e-03
-8.217595404147459703e-08 7.516202168270438855e-04 4.813076388678644291e-03
-1.103759323939357273e-07 7.474021268521480188e-04 4.617544253345026717e-03
6.715784437449912048e-07 6.656383615942507159e-04 1.906228631433651288e-03
9.755351609852525030e-07 5.549107991806995210e-04 -1.614161513167122752e-03
3.342500631831057945e-07 5.087873889284416640e-04 -2.911052149704912440e-03
4.902847958732081679e-07 4.493749080815498398e-04 -4.647062622151754141e-03
1.869882046978688095e-07 4.210054999182338831e-04 -5.313195477921944798e-03
-6.547390332123370627e-07 4.763408826536294494e-04 -3.259920958602072205e-03
-5.365964816927970560e-07 5.206676882242855520e-04 -1.683810544045982738e-03
-6.056706791657262556e-08 5.197633634832291016e-04 -1.619320119175163275e-03
9.094114601371217077e-07 4.248571298670622554e-04 -4.583791178804308419e-03
5.199247494758196808e-07 3.714570940244465991e-04 -6.048100806056347367e-03
3.860528371424365446e-07 3.352162092782468017e-04 -6.942783635076429927e-03
-7.784223827744796154e-07 4.143721191100652179e-04 -4.068483308322518033e-03
-7.777746056092382787e-07 4.919357616663816435e-04 -1.410405545693965701e-03
-1.468699278306395684e-06 6.301556503611679960e-04 3.149113574360692946e-03
-8.830018065619782419e-07 7.066550348897165934e-04 5.523101614154951600e-03
-1.346598457407921501e-06 8.222093967763105526e-04 9.144250383340407629e-03
-1.432105937726468881e-06 9.418972106170694913e-04 1.276548056026786948e-02
-6.143570728811553749e-07 9.778934372729475299e-04 1.355494368972021135e-02
-6.189240743248447529e-07 1.008954508874317091e-03 1.422288386658034087e-02
-1.774875052484858884e-07 9.955363182383020204e-04 1.342606425407240345e-02
3.811760063143765365e-08 9.598375233964978603e-04 1.196042220445460436e-02
1.601735091227851626e-07 9.122699086415997360e-04 1.016770164179307823e-02
6.202942729460758642e-07 8.213147115208666027e-04 7.023326818708236496e-03
8.119610396262189056e-07 7.149236442168319106e-04 3.498871691832106112e-03
5.154692104269997799e-07 6.418463746824046301e-04 1.172758814289756590e-03
4.474682291366605114e-08 6.191873581868900800e-04 5.323235451065444490e-04
-4.742989403450081909e-07 6.483348169950553519e-04 1.563816336308296306e-03
-9.915812519967204253e-07 7.275494980777882925e-04 4.160396856369805163e-03
-3.512492764423669200e-07 7.435779787774363103e-04 4.584865168795096424e-03
-5.371876721227408780e-08 7.294682456610440680e-04 4.061850010147985413e-03
4.817549766888973295e-07 6.641165987926606062e-04 1.903879569643662784e-03
3.286296936799715240e-07 6.155036906718980294e-04 3.926826275417322210e-04
1.057237888901774170e-06 5.037076843641130619e-04 -3.153665974065300581e-03
1.712397455722047823e-06 3.364534675791008844e-04 -8.361444462902475894e-03
2.692426025352467889e-06 8.463093230476337325e-05 -1.614054615728438558e-02
2.996920654418921970e-06 -1.861734975054582519e-04 -2.425123264268214118e-02
3.789131500675502195e-06 -5.224751252445730687e-04 -3.425307497231185050e-02
4.352702692278498375e-06 -9.034801758782406989e-04 -4.537385079089201190e-02
4.043803783604360547e-06 -1.244512784410081729e-03 -5.483226435749385952e-02
2.650799881376286748e-06 -1.443097061131902448e-03 -5.939360168021540209e-02
8.950947418817634116e-07 -1.465003577032504556e-03 -5.816443948155906873e-02
-2.073575944949723748e-06 -1.197346249443592692e-03 -4.765682997522268510e-02
-3.869242649168214143e-06 -7.589433067432815871e-04 -3.211074109959238809e-02
-5.527289431928039676e-06 -1.708054696910252246e-04 -1.227109390022242119e-02
-5.923622120929117330e-06 4.404122619549519224e-04 7.617052319255801507e-03
-5.437929809670727366e-06 9.830031288887708385e-04 2.466101450986843413e-02
-5.008947448592593332e-06 1.463500995352667866e-03 3.922378856888177057e-02
-3.089638781483827756e-06 1.737736949887436211e-03 4.668369926154095073e-02
-1.432598054074141203e-06 1.834991695504981091e-03 4.831244692813840835e-02
-1.077919894898471398e-06 1.887976171664189351e-03 4.857959186087090764e-02
-8.879855883936471628e-08 1.839807391321141017e-03 4.558121021625780034e-02
-3.763105849152736937e-08 1.786111042288707207e-03 4.256451339054095895e-02
4.162874670532445975e-07 1.691742375033056245e-03 3.831809398270263900e-02
-1.370181763604705338e-07 1.652311215903132235e-03 3.601566001293041164e-02
-1.053375952020374484e-06 1.702577570088875669e-03 3.666115775795528164e-02
-1.691371398715446617e-06 1.811986309041654919e-03 3.915216726599451968e-02
-6.719737821736515571e-07 1.817442994003000412e-03 3.815336006103850486e-02
-5.834849894359450673e-07 1.808159607608154917e-03 3.678417248681173368e-02
2.917964927462435298e-07 1.714024082616935618e-03 3.270586420963036978e-02
6.710197250070493169e-07 1.587009820201511212e-03 2.773854878742124108e-02
4.642167201751590255e-07 1.484303151646312879e-03 2.373266054031905603e-02
4.226584939814870268e-07 1.390790004888391163e-03 2.012668931171862630e-02
6.337275437751088702e-08 1.332175479491888581e-03 1.776134990504463218e-02
-2.194253689857816880e-08 1.281947562119113704e-03 1.571583992782288330e-02
-3.814411522196081705e-07 1.262324601679548630e-03 1.472767595948853980e-02
-4.496812816556783332e-07 1.246771330629635466e-03 1.388132020244728371e-02
-2.125711495715165711e-08 1.186543283569346796e-03 1.160363722355867155e-02
5.810872164557778774e-07 1.065565325240762362e-03 7.446733302308466973e-03
1.609207571973136908e-06 8.488553488250269452e-04 3.296907089238854116e-04
1.229826483761797817e-06 6.695884623642844868e-04 -5.281058364744989353e-03
1.472489655318653945e-06 4.742551346528650624e-04 -1.128791317723237819e-02
7.943173276903081614e-07 3.471579146333420018e-04 -1.487338937374690917e-02
5.536298375297121765e-07 2.485545003081054971e-04 -1.747953545056257774e-02
-2.769881671804697021e-07 2.313747823034506546e-04 -1.736432331900639170e-02
-1.685198344758553901e-06 3.477406290419982060e-04 -1.294050539366894959e-02
-3.260165749141563651e-06 6.082347675517088548e-04 -4.024447246875922923e-03
-4.836480001602083689e-06 1.005202071393818120e-03 8.999259542073340112e-03
-5.199144625489537930e-06 1.418786236512009635e-03 2.208345402282899106e-02
-4.310316471745068156e-06 1.726961990634885702e-03 3.131987217292250825e-02
-2.586321428577065262e-06 1.855294415571494271e-03 3.447180410275860196e-02
5.472697186537089920e-07 1.683429865165265993e-03 2.780684900070992671e-02
3.720552467112447914e-06 1.220314348452745945e-03 1.200059126972316537e-02
5.635388475755398474e-06 5.935152934227749810e-04 -8.494557821168785550e-03
6.989340277208100360e-06 -1.321201768686927625e-04 -3.152886901304391420e-02
6.533903842198540701e-06 -7.866869342774140961e-04 -5.146932849470281512e-02
4.625155934023794657e-06 -1.233241156907982639e-03 -6.403357078380897405e-02
3.376123831388966323e-06 -1.530817724997614315e-03 -7.151784992327643586e-02
1.270669670594415379e-06 -1.607023414900203562e-03 -7.159675551833534490e-02
-3.184723632587704856e-07 -1.508193862904641525e-03 -6.609747492775433497e-02
-4.966899292968562918e-07 -1.367683492556233393e-03 -5.955657053697764602e-02
-1.253212807972303722e-07 -1.244137811660009363e-03 -5.381350036995245778e-02
4.436884476488600626e-07 -1.160986012655178257e-03 -4.956736054535341995e-02
2.220788127949013813e-06 -1.237410776691268144e-03 -5.070959275811735834e-02
4.009237118518527154e-06 -1.480026895275890486e-03 -5.717587512361731183e-02
3.807025434232613748e-06 -1.705934847009649147e-03 -6.273041393598119408e-02
2.841790225249773982e-06 -1.841140160031388973e-03 -6.513507867127173168e-02
2.000369983212735292e-06 -1.897810863038196239e-03 -6.495772966877241816e-02
4.655149485888188110e-07 -1.813981265275287080e-03 -6.020648271666635687e-02
-8.947549223758954895e-07 -1.604385262302512882e-03 -5.157443959736748157e-02
-1.365746023496150485e-06 -1.353661978211628814e-03 -4.196527487777459292e-02
-1.089705210843838756e-06 -1.135858197152547766e-03 -3.377250663321627183e-02
-1.305537489892927283e-06 -9.023691427694005562e-04 -2.528089198410501948e-02
2.259507638768809556e-07 -8.195690139583475253e-04 -2.203386373877476434e-02
4.461579239389834584e-07 -7.588559124693666780e-04 -1.947823572491618610e-02
1.308931879551167299e-06 -7.806083370672720068e-04 -1.969773289273706735e-02
1.228779245132649578e-06 -7.956056163083702337e-04 -1.961527577747665396e-02
7.863650762773843894e-07 -7.704559312550068872e-04 -1.822222741065740448e-02
1.377422626291924246e-06 -8.031358989619291622e-04 -1.880283311600175478e-02
4.138242402085268168e-07 -7.427498692109749112e-04 -1.627105227861559006e-02
4.296521687319199145e-07 -6.831953289584136169e-04 -1.392225119218708923e-02
5.026310312405968261e-08 -5.859186587441403415e-04 -1.041540409752073071e-02
-4.677694235288853974e-07 -4.391071581965888537e-04 -5.431791755026671442e-03
-2.468828369517339638e-07 -3.167372195809620150e-04 -1.435440432179566073e-03
6.381029549196171047e-07 -2.847488605036696541e-04 -4.825242175010013845e-04
9.731495823617208885e-07 -2.870120398996006683e-04 -6.078259799869936697e-04
1.082022999976395283e-06 -3.013219508374853639e-04 -1.095741904348510043e-03
1.871571187472831355e-06 -3.945302474827744321e-04 -4.113164709180508471e-03
9.589547633748196631e-07 -3.955555235006444348e-04 -4.008791313275545526e-03
9.680655002064497694e-07 -3.961897992146093395e-04 -3.954656621947976597e-03
1.714705030186891577e-07 -3.135478429221322250e-04 -1.225279762412653101e-03
-9.076670302032852078e-07 -1.235412324296913944e-04 4.821671655098971193e-03
-1.668005952804030301e-06 1.394223889589901733e-04 1.295892211681660272e-02
-1.887554343382724653e-06 4.165749965087395257e-04 2.125684218380501089e-02
-2.274651862088639120e-06 7.227861357348500104e-04 3.021698519550283096e-02
-1.547441975557894978e-06 9.423051335557541819e-04 3.611390019104138149e-02
-4.135689021245170238e-07 1.032387176591903488e-03 3.774383358088341522e-02
6.123971107996339924e-08 1.057116264427816754e-03 3.731117904400890750e-02
1.813614769696769713e-06 8.851059072682576634e-04 3.067868699152462991e-02
1.667831248441942193e-06 7.110048617317635267e-04 2.428508310084784988e-02
1.565013675097759460e-06 5.309508811615071266e-04 1.791716585701060710e-02
1.092917466971599083e-06 3.855236158835026461e-04 1.285665208734589060e-02
1.057027965156720484e-07 3.317345265503382490e-04 1.084361601149435445e-02
1.193051187842186778e-07 2.763146924527754011e-04 8.804645675338104716e-03
-1.032027067693341849e-06 3.399426092643362263e-04 1.058594845280302899e-02
-1.038763401961517729e-06 4.115899631482664023e-04 1.251838151653639902e-02
-9.878928869389014267e-07 4.864178326576054645e-04 1.448354021202680891e-02
-5.269187534073793699e-07 5.206981827829207377e-04 1.510599518425791848e-02
7.697212123236596426e-08 4.997221768497650540e-04 1.397830066305848218e-02
7.139997003635656370e-07 4.169021025379957002e-04 1.095442353010702558e-02
5.620940087824877196e-07 3.464164410807019090e-04 8.432567222373670013e-03
4.972170849493195988e-07 2.787008832132176206e-04 6.073284881093647669e-03
7.910884369799475735e-08 2.484809717309272026e-04 4.966530803626266477e-03
-4.610502856161602381e-07 2.675112951302516251e-04 5.433057083044569302e-03
-1.417289690053280538e-06 3.790548175294367050e-04 8.780058509015642443e-03
-1.720188968934444063e-06 5.227759608305848626e-04 1.300898277945176928e-02
-1.755611582998639619e-06 6.720644688703661385e-04 1.727402122548130081e-02
-5.155660931510652745e-07 7.024864001231312383e-04 1.767101710108581053e-02
-3.816780945742337394e-07 7.225328930797331184e-04 1.776136455718676371e-02
1.264383757582088208e-06 5.844232367469837097e-04 1.288261878928068788e-02
2.268609104238983321e-06 3.511543207133302480e-04 5.205213143060272163e-03
2.983063192796286955e-06 5.319152586780867553e-05 -4.245925206950870723e-03
3.554784221870832539e-06 -2.923610226863368466e-04 -1.488826796748089765e-02
4.435531288815575124e-06 -7.137873155681970228e-04 -2.757852018002951433e-02
3.839441986785985250e-06 -1.063276495904257046e-03 -3.760590293776776977e-02
3.074930208235571172e-06 -1.325548911993157386e-03 -4.460973088955397237e-02
1.099026718520690338e-06 -1.385184343171530497e-03 -4.506147905675846055e-02
-2.058386401770917473e-06 -1.135177542571010056e-03 -3.583088327542852808e-02
-4.777627714003251924e-06 -6.288240255472102302e-04 -1.891471605668004069e-02
-6.439387518097916541e-06 2.380550491705435423e-05 2.009901956050066940e-03
-7.229161175237308612e-06 7.280876409640757441e-04 2.387933317092329200e-02
-6.859897505928636008e-06 1.367854402418072768e-03 4.304410585966403358e-02
-6.043591546212034871e-06 1.898760289698833703e-03 5.822620430491347310e-02
-3.903594059329051902e-06 2.195557397675157452e-03 6.563197417723722060e-02
-2.883797795449893897e-06 2.374490727929952361e-03 6.917469761589235822e-02
-1.554330329889275220e-06 2.414751774947605789e-03 6.829134543713041849e-02
-5.419103322745755236e-07 2.354147037910717111e-03 6.430672870474060665e-02
-4.722214292929294288e-07 2.287285341970930752e-03 6.027265673527373857e-02
-7.732944565796984193e-07 2.253084487771436772e-03 5.738861568957911996e-02
-1.989904885202342655e-06 2.333520648114248419e-03 5.818489476590876786e-02
-1.952485862877217926e-06 2.407383054448590520e-03 5.872603926774108696e-02
-2.206170567453646925e-06 2.498143936508857854e-03 5.978886734353372479e-02
-2.170470541629221373e-06 2.574737628076854967e-03 6.037592715619896633e-02
-1.237140879517539815e-06 2.551745799325565167e-03 5.782288036859678515e-02
-1.160106083086809292e-06 2.510258776152490823e-03 5.479746190344375600e-02
1.469391315289669819e-07 2.338480096907569195e-03 4.776696425035525939e-02
3.204260821121351910e-07 2.146109860006420456e-03 4.033881535782374295e-02
4.348267619302959019e-07 1.944957496021339216e-03 3.286191325647466743e-02
1.293691204162783492e-07 1.775173810003506658e-03 2.660263398618983866e-02
6.244705663682736940e-08 1.620224423866681307e-03 2.098916032857137126e-02
9.145684254363573018e-08 1.471039595230337615e-03 1.572085783087293076e-02
1.569253998967568009e-07 1.324537015359540659e-03 1.069263767380096430e-02
-1.582205707562067687e-07 1.213868700060564965e-03 6.951490837935281331e-03
5.662838861164587456e-07 1.043999947276011420e-03 1.421986706636957365e-03
4.940947101461645730e-07 8.857713314928614134e-04 -3.547356510934629448e-03
5.038048261907235315e-07 7.308224001851965079e-04 -8.274272364437729177e-03
1.520669841159616453e-07 6.104359018401436798e-04 -1.176095206506386215e-02
6.385948225773319109e-08 5.011100932265019625e-04 -1.481077068249675444e-02
-3.105017967186540773e-07 4.278501409185828108e-04 -1.662154125327969245e-02
2.644790275674324675e-09 3.317548328894900922e-04 -1.913311567710462846e-02
1.814883472395223407e-07 2.256501660827248124e-04 -2.187965014733370128e-02
-9.232649433865702804e-08 1.501692358367584523e-04 -2.355561690583912737e-02
1.038754949500564351e-06 -1.616877924277143608e-05 -2.813416113995831358e-02
1.893141085673732960e-06 -2.505825062744243548e-04 -3.472175514992073553e-02
1.818498393868495100e-06 -4.694537227780959388e-04 -4.057706536698746369e-02
1.378997630641087824e-06 -6.409265739699132602e-04 -4.474649062711236192e-02
1.203966689233837428e-06 -7.896370810875560919e-04 -4.809681064518295246e-02
3.508609054403422078e-07 -8.591383202939048558e-04 -4.879931253054808904e-02
8.364123195159223201e-07 -9.629978473192149502e-04 -5.066265158062523144e-02
1.042800929940135291e-06 -1.079785502785639284e-03 -5.286851062320295502e-02
1.524343272385486614e-06 -1.226791096698549854e-03 -5.598911441959282531e-02
2.488841199910218904e-06 -1.441541015795459735e-03 -6.120776346290182635e-02
2.423398068329696287e-06 -1.630070544521647347e-03 -6.536540111207418680e-02
2.345780201196134840e-06 -1.784780567023878939e-03 -6.832308218595434246e-02
1.869330396586654786e-06 -1.866807884881138691e-03 -6.884599029709655149e-02
8.566564936307585754e-07 -1.828927644560489341e-03 -6.549291452035344019e-02
8.516798740698661163e-07 -1.761389427762001525e-03 -6.137207613796277772e-02
4.545040824810442359e-07 -1.637898280562752329e-03 -5.556534991966871617e-02
7.056628003043741160e-07 -1.526253455917739310e-03 -5.036991334458602865e-02
4.134445678039000427e-07 -1.389160815873688448e-03 -4.448591597638516804e-02
1.101060531860653668e-06 -1.321417180462906849e-03 -4.107123485732784574e-02
1.359532354028303303e-06 -1.289392068947826930e-03 -3.886719362580697001e-02
6.478218367300669911e-07 -1.203982592621700987e-03 -3.495470649326140600e-02
7.630613493292415228e-07 -1.139946373716109462e-03 -3.190326098116937070e-02
1.479720268537931815e-08 -1.014247038269536216e-03 -2.691305310532991074e-02
-2.570899813036930937e-07 -8.693466578152744817e-04 -2.149830883101973289e-02
-7.256821836776339296e-07 -6.854490707115454273e-04 -1.499257158016678582e-02
-8.587977046170536255e-07 -4.919530082701517593e-04 -8.404436868709605490e-03
-4.580710969426249335e-07 -3.392304341018823055e-04 -3.351611585311053965e-03
-6.512480557052668928e-07 -1.730032962353397763e-04 2.016646478121844610e-03
1.150577116915130205e-07 -8.696175425812469051e-05 4.609712237841345761e-03
-3.496222523713399255e-07 3.434815094271320701e-05 8.327110087941000383e-03
-4.926402119576067662e-07 1.587600529214944212e-04 1.200870898104888784e-02
-8.983480946911370779e-07 3.090609899648669168e-04 1.641674650869393015e-02
-6.004855563901401183e-07 4.207245914619531235e-04 1.942444187148444079e-02
3.617126133059755944e-07 4.322353442217929942e-04 1.913366560098363200e-02
3.633944234415764640e-07 4.405570378325160408e-04 1.881207759007055835e-02
-1.587153097837301630e-08 4.822720743354810824e-04 1.957805118246115639e-02
2.601777390198733997e-07 4.953697280401514469e-04 1.937860397952034797e-02
-7.007873392694818904e-09 5.300690918228490034e-04 1.989827895715537420e-02
-8.761192319406418960e-07 6.412506547402371804e-04 2.284768727032071567e-02
-7.618382220631048085e-07 7.339969910653137974e-04 2.507228757121213181e-02
-1.053968827768869687e-06 8.460840230366667436e-04 2.786089090239506072e-02
-1.495436762533053354e-06 9.890942802130847644e-04 3.154684311685182485e-02
-7.882758290556068914e-07 1.056780085622190113e-03 3.269226086440227275e-02
-4.437931359069224868e-07 1.085042366285607351e-03 3.258253670612362707e-02
-1.049004783593154855e-06 1.163628916109341049e-03 3.410649638391956284e-02
-8.171242799059896811e-07 1.211796577896405436e-03 3.458906954516194343e-02
-1.054462297700453632e-06 1.273023352131155694e-03 3.549180695220044424e-02
1.201343928780573833e-07 1.215149751220223617e-03 3.256344135738793721e-02
1.018244532580148132e-06 1.068989424939208177e-03 2.696779226912167371e-02
2.169923368211534864e-06 8.162315484717269642e-04 1.818650252231575337e-02
2.980608491132130666e-06 4.922254612704443644e-04 7.452018602115792478e-03
2.430568513678288411e-06 2.285823049304261390e-04 -1.002495623746643694e-03
3.344459828413803848e-06 -1.065753969112029353e-04 -1.151019346642660757e-02
3.212953807008034346e-06 -4.156594812434050157e-04 -2.083860828377123720e-02
2.666848590071602132e-06 -6.615752231291932572e-04 -2.788802460794278376e-02
2.768197509550596180e-06 -9.055370387355335393e-04 -3.469321933772019639e-02
2.324611991899594443e-06 -1.100960701538575282e-03 -3.974946597750625421e-02
2.075604470963554604e-06 -1.265348439996108465e-03 -4.368942073034359774e-02
1.910740252464293576e-06 -1.406919465829048477e-03 -4.680011289525785878e-02
2.181290076008757239e-06 -1.564528195580464076e-03 -5.033944190021946707e-02
2.612898099108029726e-06 -1.749198070548185768e-03 -5.462784348713604216e-02
2.691738413163058397e-06 -1.927073726399761155e-03 -5.856063053193083512e-02
1.827464762516051167e-06 -2.011027542784940558e-03 -5.939380190401860604e-02
1.413610494438444221e-06 -2.045220752221903193e-03 -5.866377641176173663e-02
-2.818289490669201314e-09 -1.942357720700345347e-03 -5.362482708668485365e-02
-2.165973520429353982e-06 -1.637400151394984016e-03 -4.238352389591454328e-02
-3.748458239027918637e-06 -1.191942894040065593e-03 -2.711401838315175700e-02
-5.037675624985915590e-06 -6.387509572530689073e-04 -8.954833434524769181e-03
-4.562091664217504672e-06 -1.476121174490488408e-04 6.635999538115749941e-03
-3.793520081507573138e-06 2.568200410925924881e-04 1.902565264123282085e-02
-2.931654047744203240e-06 5.695274784578638338e-04 2.816392264724666694e-02
-1.262378220956428265e-06 7.168080319480407692e-04 3.182317794366826963e-02
-9.265917673140222632e-07 8.292141737879857311e-04 3.432838756391257823e-02
-3.358476143855426699e-07 8.824926372792002427e-04 3.490131893667750007e-02
-6.366560845183499850e-08 9.075534891279657401e-04 3.458682675671093804e-02
-3.279161833180666008e-07 9.535180627611022919e-04 3.495178543745862398e-02
-3.970246258422349683e-07 1.000645468063172949e-03 3.533569311601089669e-02
1.435336116628604941e-08 1.005282241729694992e-03 3.436853378110669988e-02
6.028184231787747649e-07 9.518392159321223400e-04 3.161617992194640236e-02
8.403273673573963265e-07 8.777240264497138122e-04 2.831515478569333194e-02
9.279613436552480721e-07 7.962302716969169025e-04 2.489006664273412522e-02
1.516682733848639941e-07 7.868962234272788847e-04 2.384172476132954271e-02
-1.422706080722591082e-07 8.005520333379950726e-04 2.352820059141032955e-02
-1.032524374333654293e-06 8.915201702436870157e-04 2.564725907648320036e-02
-1.727827447339791433e-06 1.041261392989489831e-03 2.952506847692812353e-02
-3.118381146416382421e-06 1.310658471114695134e-03 3.702456647103383180e-02
-3.932761464930933926e-06 1.639308884114995535e-03 4.612353691202084049e-02
-2.881040677138457795e-06 1.852707914109269494e-03 5.131563065204326757e-02
-1.917770627191117683e-06 1.962194470216532816e-03 5.312306414861103776e-02
-1.022639697922933522e-06 1.975528895247581629e-03 5.189088205229851203e-02
2.145536017739146928e-07 1.866101670578317051e-03 4.687492698301606864e-02
-5.898715227381501336e-08 1.775853797962058389e-03 4.264611214846407428e-02
-1.264763781483324578e-07 1.684019119214022475e-03 3.849439562306013196e-02
-5.096372355239964236e-07 1.620706010721922885e-03 3.536549711607789304e-02
-2.030543728714917506e-07 1.523318704538818846e-03 3.125821981344188705e-02
-3.175116436437974698e-08 1.403038290475756844e-03 2.656856745724184288e-02
4.802259424563359858e-07 1.230995575221577321e-03 2.040407178078731953e-02
3.074634060684644510e-07 1.069556341860004867e-03 1.477279528543584686e-02
2.671014789346060070e-07 9.103685898303945367e-04 9.378705185005664635e-03
2.810346713122413576e-07 7.511853267867726891e-04 4.145799855171175552e-03
-8.547393681723747250e-08 6.292853671725773257e-04 2.416882135342079962e-04
2.116089083958883066e-07 4.884040766821862167e-04 -4.154289441243741443e-03
-3.895448774660081881e-08 3.759829762295247013e-04 -7.517215410144342802e-03
-9.872823514278650237e-08 2.785006395116806921e-04 -1.031792260815608819e-02
-4.813202423292750609e-07 2.241049811288337024e-04 -1.168021962298262939e-02
-1.381077675444153385e-06 2.560216430953499156e-04 -1.029033737227234846e-02
-4.451401598437598750e-07 2.132403927602097293e-04 -1.133270434391205062e-02
1.195401280629226903e-06 3.431334167039445937e-05 -1.662284245267228733e-02
1.048358585720166047e-06 -1.207625443536974874e-04 -2.094800228076963700e-02
1.393000733984628425e-06 -2.907726753600958780e-04 -2.563020215939253166e-02
1.921394671033915813e-06 -4.899230420524203211e-04 -3.109214157078733776e-02
1.697880834483633805e-06 -6.494765377295513842e-04 -3.512166695880379608e-02
1.177972520194359163e-06 -7.415812189644419017e-04 -3.690515596053829672e-02
2.568492723287185697e-06 -9.346321037283708555e-04 -4.187945335912561517e-02
4.272426767704118333e-06 -1.256023400819122893e-03 -5.074546693967842137e-02
5.231032079167086124e-06 -1.639892866979950070e-03 -6.128110382139374812e-02
5.849030092819340609e-06 -2.058915790721982386e-03 -7.259963587758197501e-02
4.689871293206415714e-06 -2.360987065810782326e-03 -7.983952932527083046e-02
3.254157424303905088e-06 -2.527166706614430991e-03 -8.259326229824431875e-02
1.352184787473120764e-06 -2.520384218628365924e-03 -7.981880960012351089e-02
-2.676328897388557948e-07 -2.369629436184725324e-03 -7.262502802529476054e-02
-1.715024162352030146e-06 -2.094426634438421864e-03 -6.175254730971752731e-02
-3.441972688977834594e-06 -1.670737626926689645e-03 -4.653653301710557882e-02
-3.199293313049800247e-06 -1.279100092662320554e-03 -3.287883235554313333e-02
-3.377341668553413001e-06 -8.827513296457839553e-04 -1.946905497782634720e-02
-2.101267149723362593e-06 -6.112927861870037782e-04 -1.044978083620427822e-02
-2.820770214073675675e-07 -5.114783795006141998e-04 -7.111249983736245284e-03
4.803874155134835178e-07 -4.828118965719344069e-04 -6.057416506951962543e-03
1.191956356616508117e-06 -5.155088177753591738e-04 -6.955765318564649524e-03
1.048564375327742937e-06 -5.280241087748382967e-04 -7.156927587223346765e-03
5.639196491991071980e-07 -4.883825150732989950e-04 -5.704400489895213033e-03
-4.173867695911326336e-08 -3.865362775213390667e-04 -2.344869013645452249e-03
-1.078398630838250938e-06 -1.881049772772883100e-04 3.950010848651604178e-03
-1.442599281364920216e-06 4.148363205549315813e-05 1.099746497321197475e-02
9.616264262657381323e-08 1.245273115447892431e-04 1.316969997497949990e-02
1.944431970213322813e-06 3.498120296580031763e-05 9.869404090371222682e-03
3.849158133895080880e-06 -2.309308340413332439e-04 1.160365327562171839e-03
3.682097905910453051e-06 -4.812013116185856476e-04 -6.713467800647278383e-03
3.487881613861709695e-06 -7.110825761588515648e-04 -1.370485054290245322e-02
2.476721968291961673e-06 -8.444583907597641437e-04 -1.744017535562262730e-02
3.594224495806486175e-07 -7.815330114579188692e-04 -1.490221189870723911e-02
-2.129790331428793593e-06 -4.922061485604090070e-04 -5.376654439475079400e-03
-5.082426643210347095e-06 5.539591288201972663e-05 1.191067186573894002e-02
-6.086713290276435373e-06 6.699379130143123806e-04 3.068557655127501782e-02
-6.259187725454751217e-06 1.268644442529887062e-03 4.836136321376709180e-02
-4.866619554122486591e-06 1.707240790053493606e-03 6.046770876381860060e-02
-1.669487299738037223e-06 1.827061569640055227e-03 6.224538974071863739e-02
-2.850725205894022452e-07 1.810342600889691678e-03 5.977422571899906889e-02
1.125832783888114363e-06 1.659901470529377698e-03 5.322731305534857127e-02
1.684950430957954381e-06 1.459563475361039253e-03 4.535440691713921169e-02
1.471432808153316785e-06 1.281863526244077234e-03 3.844463368040167833e-02
1.356118921047588799e-06 1.115579361630779365e-03 3.210033865807181835e-02
4.721823080311438048e-07 1.030656829851490930e-03 2.849150619714631988e-02
-2.867096098313481889e-07 1.011031951532764817e-03 2.701677477907622055e-02
-1.373009288818671791e-06 1.082570875339076977e-03 2.842165553778635417e-02
-9.285741627840238266e-07 1.101398988704684057e-03 2.812172989827185776e-02
-2.836469419342790843e-07 1.048236037560580647e-03 2.559862205706439631e-02
4.198490224371909108e-07 9.234462094291073786e-04 2.093379232466514861e-02
1.121423695127354847e-06 7.355632854964058720e-04 1.445699499160832402e-02
1.389725071465619521e-06 5.262321345158860186e-04 7.521062633986864976e-03
1.877033064645594607e-06 2.786671368902177148e-04 -3.930646087163050528e-04
2.027504415136327509e-06 2.658339036276657907e-05 -8.201110008547840557e-03
1.627139885607142844e-06 -1.807864910647258294e-04 -1.437681092121106952e-02
1.015450404429074638e-06 -3.274011567849580140e-04 -1.847883797870848027e-02
1.151587738612569467e-06 -4.771941015542444098e-04 -2.256954345301080689e-02
7.724928428043398299e-07 -5.790808980092321256e-04 -2.503990013724167671e-02
-6.166396832041343146e-07 -5.409935504804008755e-04 -2.307254875697990759e-02
-1.552703621343631823e-06 -4.034807547321356269e-04 -1.808763245795501351e-02
-1.455648131809539336e-06 -2.632182262235008285e-04 -1.318906200708077486e-02
-9.401100797834516243e-07 -1.608931096653345993e-04 -9.624751077654397635e-03
-6.786212796150437043e-07 -7.784395300768770509e-05 -6.761984263395033612e-03
2.848873197347501218e-07 -7.958945120774968407e-05 -6.634141992384823272e-03
6.851933277429722580e-07 -1.183565040244680122e-04 -7.648331197417937433e-03
-3.804123054340635690e-07 -6.908311744493328410e-05 -5.868187712845300552e-03
3.177917862196011356e-08 -6.495825147516398612e-05 -5.577013329019483989e-03
-5.981620440076440559e-07 -1.531637606840691168e-05 -3.858730140504321171e-03
-1.629462527574787600e-06 1.167855515273596989e-04 3.772396999883187441e-04
-1.970645258753123130e-06 2.720583566821685451e-04 5.189851624197334978e-03
-3.238827351204065508e-06 5.323453920741405554e-04 1.313946986113036230e-02
-3.205394824568053025e-06 7.812331442682007854e-04 2.046552916598975980e-02
-3.046612608414989154e-06 1.006491015616138573e-03 2.683396233063858882e-02
-1.207855125806567287e-06 1.060216578424651168e-03 2.764380070150622426e-02
-7.875938834445150860e-07 1.071140197050832188e-03 2.713370801517611675e-02
-1.442580300770046620e-07 1.019658591335098619e-03 2.469501375600631488e-02
9.752809425611630445e-07 8.655057079873518244e-04 1.912866779707711462e-02
1.023785247911135343e-06 7.109469156953637792e-04 1.374545576842108041e-02
1.448591342545491045e-06 5.307940659698348607e-04 7.722060744762671014e-03
1.601985515686799033e-06 3.568851481348181420e-04 2.083823644437626799e-03
1.637292434963910637e-06 2.012204748902610141e-04 -2.813536916654854614e-03
1.621288082009897380e-06 6.917982332498018305e-05 -6.826827216202091542e-03
3.216997612742744650e-06 -1.814240610691075783e-04 -1.445012098218439317e-02
4.184962842823658491e-06 -4.983966663212671677e-04 -2.389427522938927101e-02
5.265828474043665608e-06 -8.957165509997713770e-04 -3.556003622522545954e-02
5.122274733704301752e-06 -1.273533472021193269e-03 -4.623781453960578575e-02
5.295188118537019761e-06 -1.663446253223330173e-03 -5.698039808950031843e-02
4.767709721464896688e-06 -2.006169733584903248e-03 -6.591216862900696472e-02
2.331585768899913091e-06 -2.132832888850279274e-03 -6.779986437280527412e-02
1.714225039695094210e-08 -2.052095046071789053e-03 -6.318180487828559122e-02
-1.755895901234261203e-06 -1.815932101814493604e-03 -5.388571989165225756e-02
-2.833054726703032600e-06 -1.488143751012097060e-03 -4.204295850751734592e-02
-3.993110001765387551e-06 -1.063987766376457700e-03 -2.756380383533160033e-02
-3.094701971129154572e-06 -7.298772242842477276e-04 -1.638249468375183038e-02
-2.200948355124410227e-06 -4.836744582411706128e-04 -8.275461713302956213e-03
-2.157455062823387948e-06 -2.496565467856107223e-04 -7.736253784694918645e-04
-4.136003304289204152e-07 -1.800523694200292790e-04 1.346284796284590024e-03
3.265832583254635324e-07 -1.839651601108702184e-04 1.143187516049123942e-03
1.448225219302656797e-06 -2.907249269968395500e-04 -2.256223565397414560e-03
2.274834324467178703e-06 -4.682304732004233250e-04 -7.739725800351253404e-03
3.768254500102763416e-06 -7.699796641098474725e-04 -1.692701014244950286e-02
4.247859369144180164e-06 -1.098814814197018874e-03 -2.664819969284359241e-02
3.879995905231581332e-06 -1.376785075290966331e-03 -3.447268030243080122e-02
2.353235111773877009e-06 -1.500528326985182959e-03 -3.724575342402852013e-02
4.028915195908311375e-07 -1.436423123744978714e-03 -3.409861798384263010e-02
-2.472699720201809725e-06 -1.109487635648657988e-03 -2.288039955678030507e-02
-4.802215587296210231e-06 -5.798650947680741852e-04 -5.739742669988358997e-03
-5.998632193082720221e-06 4.315968893842114795e-05 1.373973559671461120e-02
-5.038894925313286421e-06 5.605693394633085025e-04 2.930047168047852230e-02
-3.222539401104285162e-06 8.940920762109602626e-04 3.866893455912566446e-02
-7.048793689845567201e-07 9.844925631115469811e-04 4.021044656588231014e-02
1.190654020044590311e-06 8.976228588007603704e-04 3.623193207707600672e-02
2.351145540369081743e-06 7.081360034985051399e-04 2.921598543505242104e-02
2.754943722482749990e-06 4.887041385645343738e-04 2.150370821154703668e-02
2.830396027331261166e-06 2.731314409027754686e-04 1.415375880016837146e-02
2.354094629342107226e-06 1.122779063022424917e-04 8.728671796611093409e-03
1.665309225629130196e-06 1.948477156661632126e-05 5.575900298267041227e-03
1.322937344450103581e-06 -3.766628238440622445e-05 3.615781203520563019e-03
3.112880503364223728e-07 -2.696172615439251796e-06 4.567313642314434208e-03
-1.174479655752236340e-07 6.410562060153029984e-05 6.465474949066108389e-03
-2.910320873183991353e-07 1.366408173987740393e-04 8.480223810474210588e-03
-3.531480535778896979e-07 1.992172370812728133e-04 1.012751721140177190e-02
4.471962467000878405e-08 2.095119903821052176e-04 1.011174745406585168e-02
2.061426834787383200e-07 1.901472631699666072e-04 9.188261768121590289e-03
-1.473963793241495068e-07 1.929247158985042399e-04 8.980741527312763317e-03
1.232305711917902613e-07 1.612480248612199740e-04 7.716554706083660758e-03
-5.942925708213309122e-07 1.865094932123820270e-04 8.251316515947543229e-03
-4.570271582293727874e-07 1.925041631896245997e-04 8.172457548015401446e-03
2.801650389461229906e-08 1.495547897634313950e-04 6.589352273628316763e-03
6.391167045594059459e-07 5.013427046087620687e-05 3.318036551971826655e-03
4.342969062154367066e-08 4.554287343666585386e-06 1.808756207740171542e-03
2.079730333504059558e-07 -5.684074144522710537e-05 -1.430056784403870712e-04
6.798671928764932204e-07 -1.600809500822489295e-04 -3.322191655020044227e-03
2.398442644491183273e-08 -1.984579136426120605e-04 -4.405523269488618651e-03
5.758831447266743453e-07 -2.772624840106166499e-04 -6.702261670970890116e-03
3.683041547297705165e-07 -3.228052884604454276e-04 -7.903154056082835333e-03
-9.707874234488045317e-07 -2.351848262920896993e-04 -4.969582781101810134e-03
-1.902967490030604836e-06 -5.304793731571860738e-05 7.787176946963312273e-04
-1.806639444601465527e-06 1.295946233044673046e-04 6.363240894095333403e-03
-1.287172285535653771e-06 2.691198185419269029e-04 1.044939702777581726e-02
-1.022854526855354607e-06 3.828283273819080290e-04 1.361689393976694973e-02
-4.625562077809064476e-08 4.029549313590494175e-04 1.380873558469689066e-02
7.769685711478402368e-07 3.427676328840098541e-04 1.152691519340520374e-02
1.919907939407217157e-06 1.727682288265725008e-04 5.940286156544451364e-03
1.912860797204096741e-06 7.636551832834737041e-07 4.667189635530815880e-04
1.841972125271595928e-06 -1.656531873645908370e-04 -4.666512468553585084e-03
2.158484839420715673e-06 -3.612935819450879826e-04 -1.054035229706669352e-02
2.208172398154850669e-06 -5.565238141634620828e-04 -1.622046221769600505e-02
2.970262483859009706e-06 -8.116108236437755141e-04 -2.356610495893528973e-02
3.583174350119122664e-06 -1.107117922782688280e-03 -3.192726266053534656e-02
3.695136883030691877e-06 -1.394047740534476443e-03 -3.976669009055860959e-02
3.591829481064401364e-06 -1.647948591875308955e-03 -4.634942546791727402e-02
3.399147067373320397e-06 -1.858831690557255500e-03 -5.140727915192332131e-02
3.172546655050290099e-06 -2.024350622666828969e-03 -5.491512056626865479e-02
1.694711114774705152e-06 -2.038346386225020623e-03 -5.365997836188582393e-02
5.772399477299572368e-07 -1.943380641329948977e-03 -4.909861827993536321e-02
-3.521464477795888115e-07 -1.769320353587802708e-03 -4.225048755121842137e-02
-7.562708559394337726e-07 -1.574758947660799546e-03 -3.498443456274091812e-02
-1.341913721364385026e-06 -1.350130447811265233e-03 -2.702031555068860891e-02
-1.152029294848588847e-06 -1.165814936296673265e-03 -2.053737858317225551e-02
-1.889292890355775967e-06 -9.332505758522097183e-04 -1.277917885571321077e-02
-4.961229502775665878e-07 -8.400755394227243933e-04 -9.526513984740844765e-03
4.879412499603219544e-07 -8.369246457139364881e-04 -9.132713175068543632e-03
1.267103336921593382e-06 -8.983204162039681862e-04 -1.072693316733402957e-02
2.347032552862948762e-06 -1.046874446172060824e-03 -1.493494785868249020e-02
3.510973460185695671e-06 -1.285208887694462565e-03 -2.175435655546277547e-02
3.420425306432939294e-06 -1.497374216252171653e-03 -2.756625605566485893e-02
4.053461171937833285e-06 -1.752157265979055467e-03 -3.448937514414036898e-02
3.300180365095606305e-06 -1.922347986771641426e-03 -3.862020260076964862e-02
2.824543791635214518e-06 -2.040377761162982806e-03 -4.102242543361603322e-02
8.174920800296803236e-07 -1.969744380848278964e-03 -3.760600318655057950e-02
-1.340255704418424898e-06 -1.705734106007744666e-03 -2.840139013206394170e-02
-2.652506942091292785e-06 -1.333124943381870653e-03 -1.616772818624910568e-02
-4.810325117343694501e-06 -7.766788095956225768e-04 1.262932633422170214e-03
-5.576455405109648211e-06 -1.729395331541427883e-04 1.959677582239613414e-02
-5.315803308314492881e-06 3.813492476855001589e-04 3.585713689870240195e-02
-4.631846839409092809e-06 8.501116561608346167e-04 4.900360897023763040e-02
-3.375393469839949034e-06 1.180767711397662234e-03 5.754501643939966687e-02
-2.337229868198953397e-06 1.399281149318462592e-03 6.240243603024185626e-02
-1.008102536892430123e-06 1.483928312379513559e-03 6.304676687648819167e-02
3.962734126394806822e-07 1.435863169737774947e-03 5.964466852703572547e-02
1.366125118140715244e-06 1.298645020943567374e-03 5.363704809980435889e-02
1.287625320478547053e-06 1.171619298972852163e-03 4.809932395798183907e-02
1.190361556324681658e-06 1.055557576786061991e-03 4.306562202842836862e-02
2.551874278555743558e-07 1.024175471023153206e-03 4.072933211692886246e-02
-5.798678174295801568e-07 1.064768494530660137e-03 4.064377158168912263e-02
-9.269449438020771481e-07 1.129069168318314054e-03 4.129074447813237819e-02
-1.890283108929580180e-06 1.267967658327748270e-03 4.415382569210238306e-02
-1.825032944213766939e-06 1.379443610493753802e-03 4.613275535915408593e-02
-9.152199367257196627e-07 1.389145214406167783e-03 4.500368907911776739e-02
-1.011758734570378238e-07 1.312516856106310525e-03 4.129999079971194420e-02
1.477671880967257323e-06 1.084752707782625503e-03 3.317650421959290191e-02
2.901333114868620555e-06 7.308861033950495023e-04 2.149504222378808421e-02
3.373509300463872762e-06 3.442479088238484253e-04 9.156008086852678030e-03
3.428758676538024019e-06 -3.407218518505783500e-05 -2.562349191448737296e-03
2.053747450547760423e-06 -2.770653878304413231e-04 -9.880976798023480279e-03
5.454361852175182435e-07 -3.801952721042972660e-04 -1.275427055640368512e-02
-5.489644566702978068e-07 -3.849617126846158199e-04 -1.255443986289611624e-02
-1.848756189692934981e-06 -2.764007532660775479e-04 -8.947225169108868892e-03
-3.186513071740115777e-06 -5.371337147144772395e-05 -2.009051487690288740e-03
-2.820492894239912118e-06 1.301300533193203157e-04 3.600061811520012534e-03
-1.335834410975955677e-06 1.810057343806167895e-04 5.058934479783651350e-03
-6.872100730692665138e-07 1.799620814805433233e-04 4.875901355942936777e-03
1.260305483752333089e-06 1.542773243637385328e-05 -1.946022974038952302e-04
1.592560309404689178e-06 -1.623052980520359179e-04 -5.560516311222764296e-03
2.072080790394004168e-06 -3.697719200590615651e-04 -1.165204425446866171e-02
2.594003731593019779e-06 -6.119003461476368866e-04 -1.859993452523556190e-02
1.023563330204702027e-06 -7.065624230069636469e-04 -2.094229851524592734e-02
3.042671500308458121e-07 -7.364390591480876602e-04 -2.122555691283684043e-02
-4.523157017821688441e-07 -7.023919435352188323e-04 -1.956817255314399762e-02
-3.614302545029701719e-07 -6.810281237437446067e-04 -1.831971404713773899e-02
-7.551794188875859959e-07 -6.317521072629408985e-04 -1.628128823974930167e-02
-8.250109795326920903e-08 -6.456504507323795883e-04 -1.618592769215712601e-02
1.012655190701927665e-06 -7.536170326652089080e-04 -1.892758097381096183e-02
1.826705011143126001e-06 -9.244246684141088632e-04 -2.349395289264519238e-02
2.492593039415957890e-06 -1.138833580929074496e-03 -2.924131760142922865e-02
1.815109485936439171e-06 -1.273316035141976166e-03 -3.242680551485582763e-02
1.434207185124769524e-06 -1.355935589476456316e-03 -3.393092034183509131e-02
-4.850590693550316246e-07 -1.250046711045019188e-03 -2.971960212534689727e-02
-8.872898931144845847e-07 -1.096309691442025336e-03 -2.414382847770635276e-02
-1.057955889560702190e-06 -9.155488504521414050e-04 -1.791341766228464472e-02
-1.124506089023036282e-06 -7.228803193950472661e-04 -1.151080629126206845e-02
-1.981608503953680156e-06 -4.555328104328057459e-04 -3.066939203429444594e-03
-1.461961456672433712e-06 -2.435502186736507313e-04 3.475542224896072119e-03
-3.820646803376348544e-07 -1.417951488771884705e-04 6.493483036798822217e-03
-3.620336387344380569e-07 -5.579759251898852579e-05 8.910458755270272979e-03
4.708946211851028352e-07 -5.953714541916121927e-05 8.559412267272095698e-03
1.195692880817667003e-06 -1.385443785968179520e-04 5.939211697348706354e-03
2.267752256757127327e-06 -3.183089936606570136e-04 3.638065240815502310e-04
2.606693758955280771e-06 -5.270416730343494005e-04 -5.933963650926965538e-03
3.042862275925983795e-06 -7.697323922266907648e-04 -1.305736628091003215e-02
3.920733353424132872e-06 -1.080028160213124255e-03 -2.198630502114437557e-02
2.851037185447324873e-06 -1.278416257993748861e-03 -2.731189769167866044e-02
1.418031398525698705e-06 -1.338974570608511550e-03 -2.831519918106845113e-02
7.205868652881974867e-07 -1.332432626567181533e-03 -2.723493285737173253e-02
-1.743410097621023169e-06 -1.105073991505521602e-03 -1.957584540724303934e-02
-3.181547491237779468e-06 -7.620044826659594372e-04 -8.630789519176257363e-03
-4.135108837566292550e-06 -3.514185619306123276e-04 4.021917667125257667e-03
-4.427277256691120044e-06 6.099380888264366307e-05 1.635211415030948801e-02
-3.586414777712043644e-06 3.730992109363118203e-04 2.530491916642967076e-02
-2.715160597466237391e-06 5.893013700977306479e-04 3.108140688504028304e-02
-1.018207458680642219e-06 6.414601683870507776e-04 3.175769844030003342e-02
-2.933144300776291402e-07 6.290764102643703337e-04 3.042865981381093904e-02
1.259022177291235778e-06 4.845515333123384671e-04 2.518780252904614242e-02
1.842313962607811106e-06 3.035184967964260627e-04 1.897460241321587138e-02
1.995727698211879897e-06 1.256906792033787856e-04 1.303675663386605343e-02
1.540238849573327684e-06 1.371045058297382102e-06 8.875319435900849707e-03
1.263502420023598916e-06 -9.221883785558854241e-05 5.778882461421178118e-03
6.495479596413389345e-07 -1.291896314385559963e-04 4.472736137832597492e-03
3.352236330744773340e-07 -1.431796193712350784e-04 3.913156271451639912e-03
5.784721962553973640e-07 -1.890231386602117536e-04 2.437110107146603366e-03
-2.154896081574264599e-07 -1.725250563964914052e-04 2.841890372178149105e-03
2.658384617992837207e-07 -2.074525579299699163e-04 1.736847272762145900e-03
8.459880286304510832e-07 -2.971216718981317673e-04 -9.763815670248421341e-04
1.446582122976991513e-06 -4.353623507744042165e-04 -5.066061380491912458e-03
1.612039806975218426e-06 -5.803206190663282027e-04 -9.246619252257060051e-03
2.007937067505238815e-06 -7.507125545827830759e-04 -1.405027578924700205e-02
3.781721610307542392e-07 -7.637440572253531568e-04 -1.405553273711794560e-02
5.831660832011920093e-08 -7.481072173330591268e-04 -1.314115046648797747e-02
-1.805791100650822045e-06 -5.682767570916180677e-04 -7.383890216359392800e-03
-2.567655663643364505e-06 -3.329022091792810389e-04 -9.133669536134925160e-05
-3.257048548088725681e-06 -4.937988075037064162e-05 8.420437473875511114e-03
-3.044890630077290439e-06 1.986443366478810035e-04 1.563503729269624665e-02
-2.034797636496499251e-06 3.446478799793081804e-04 1.958923117564938254e-02
-7.211080523816804089e-07 3.702093072210019264e-04 1.981114305407519205e-02
2.537434951044303943e-07 3.133364528334556254e-04 1.753317604910052674e-02
1.473340082380758531e-06 1.581765137341623051e-04 1.238401250318096891e-02
1.908014879536956698e-06 -2.295608139513127810e-05 6.583098066282405680e-03
1.994135079730341431e-06 -1.998110691498744540e-04 1.078586944174828033e-03
2.350128851746902114e-06 -4.019601593495056302e-04 -4.998207603452139991e-03
1.538328270545008536e-06 -5.265963487212504957e-04 -8.606106271635285965e-03
1.526946371566140215e-06 -6.492563902715728363e-04 -1.200517365035645712e-02
1.852407311986326022e-06 -7.989030832753624134e-04 -1.609208668669341591e-02
2.306833202125879723e-06 -9.881966781532802724e-04 -2.123347564336419691e-02
1.952333011812079633e-06 -1.143390557231137306e-03 -2.522402873684377600e-02
2.534044606594676452e-06 -1.346354153597281722e-03 -3.048137956976480767e-02
3.488482885005694811e-06 -1.626776235846651153e-03 -3.788003664347347477e-02
3.717975827433050995e-06 -1.915315180196858202e-03 -4.531884251485138182e-02
3.206098365904352931e-06 -2.145279929578317035e-03 -5.079409894513711721e-02
1.972139542560924497e-06 -2.252573163849885818e-03 -5.244270144951052037e-02
8.965303244234945623e-07 -2.254347936295371391e-03 -5.086075364359227136e-02
-4.986777337734338289e-07 -2.123081542997985738e-03 -4.534680489498557621e-02
-1.133822579935106489e-06 -1.926812308359962533e-03 -3.801986054849126884e-02
-1.424007084027678616e-06 -1.698712099289179100e-03 -2.995055437871238513e-02
-1.133308527800913623e-06 -1.494327900901586126e-03 -2.281797054266920810e-02
-1.028910210698619210e-06 -1.296763836311144724e-03 -1.612266417196092649e-02
2.642514544959340128e-07 -1.220638353142636245e-03 -1.321795525491969991e-02
2.015558734136391195e-06 -1.305878461081162734e-03 -1.521081793147471828e-02
3.474320286245280442e-06 -1.523888705439721547e-03 -2.112113599205717174e-02
3.907512795331413713e-06 -1.780638339725630626e-03 -2.804405941324572549e-02
3.463263233638436134e-06 -1.996826672928053714e-03 -3.356967939042387883e-02
3.506368224659439647e-06 -2.218711977979875849e-03 -3.905580862280877419e-02
2.479316847270318647e-06 -2.343637359486262783e-03 -4.151984561268756702e-02
1.455524426985377318e-06 -2.376174215233617382e-03 -4.114010032506842940e-02
4.315821089395655008e-08 -2.279315364149624157e-03 -3.693022303487600300e-02
-6.369417637763774565e-07 -2.123051122762870113e-03 -3.104078656412781467e-02
-2.254437711068923988e-06 -1.820374405104033255e-03 -2.103131706396593747e-02
-2.514333927172707206e-06 -1.504360887994646290e-03 -1.086857525831660953e-02
-3.035008161123009529e-06 -1.148100931138325287e-03 1.457027487128392806e-04
-2.372109520698550966e-06 -8.650390242401773122e-04 8.698154989497636214e-03
-1.227397398162466402e-06 -6.947151386431094089e-04 1.365369071195929318e-02
-3.410163824657530540e-07 -6.075084178261969114e-04 1.596376327270851436e-02
4.053162384609620972e-07 -5.914376447607797016e-04 1.608229547718981189e-02
1.065857853643770170e-06 -6.354203246648135184e-04 1.441223139273881126e-02
8.166365604855840843e-07 -6.518719226975555614e-04 1.354963988513421813e-02
1.887988412274665961e-07 -6.080413877983525950e-04 1.447120327513085059e-02
6.960218363882830772e-07 -6.118508241489059585e-04 1.403549307670975965e-02
3.926018131705788505e-07 -5.803183376217393996e-04 1.459741629067715096e-02
-2.451719097740223674e-07 -4.915078446780934973e-04 1.681028569402948092e-02
2.722729166571014048e-07 -4.571542959655797156e-04 1.743356363148640398e-02
8.374625494189658070e-07 -4.816023544437636472e-04 1.631420555519388915e-02
2.677806465456455953e-06 -6.847421994820232505e-04 1.007883934045647467e-02
4.143289948355111108e-06 -1.023263240153247933e-03 4.562197975563342389e-05
3.693095332435447631e-06 -1.315703069813697890e-03 -8.451703428163204190e-03
3.290379207765425917e-06 -1.574218824508727410e-03 -1.566062687798117081e-02
1.642086989162017119e-06 -1.680412217584720258e-03 -1.826210750097059798e-02
3.700951171081712232e-07 -1.677422437487877116e-03 -1.753736685301046649e-02
-1.123644654210664839e-06 -1.543278190817842788e-03 -1.301026060371623938e-02
-3.084419509136182569e-06 -1.238415363466575936e-03 -3.674106349075584310e-03
-3.470113198456026282e-06 -9.176396808460787757e-04 5.963365279406940278e-03
-3.593881912067331541e-06 -5.985094748538546949e-04 1.525534036803283255e-02
-2.320553758705656833e-06 -4.128371433067198892e-04 2.047142470909316114e-02
-9.196851216142221119e-07 -3.619591935690030793e-04 2.158838630181836304e-02
4.880183297473195125e-07 -4.402168673680595390e-04 1.889820434780842273e-02
2.275405958762632963e-06 -6.766652829807845437e-04 1.171986979475267421e-02
2.882043234508913088e-06 -9.551508676919687191e-04 3.440130213675757220e-03
3.387564539658605156e-06 -1.267890232801160977e-03 -5.570026800863714378e-03
2.976426259015951814e-06 -1.526155162217338046e-03 -1.278357180643194257e-02
1.759264201761645552e-06 -1.659280485718853115e-03 -1.619037889553773257e-02
-1.877004084382960514e-07 -1.606971566485287939e-03 -1.415546224572339362e-02
-2.462470295450103208e-07 -1.555456025166920830e-03 -1.200544371290654388e-02
7.639480803511844442e-08 -1.534826803150854402e-03 -1.077668936900957886e-02
9.769552280491922147e-07 -1.600111404351775568e-03 -1.201516098060173565e-02
1.665267139738801916e-06 -1.728536258888031807e-03 -1.506125967519850173e-02
3.944203833650128388e-06 -2.068419396308550373e-03 -2.396370218126614438e-02
4.258401017920299125e-06 -2.423571000366206429e-03 -3.321574611200367455e-02
4.572212759512694902e-06 -2.802411035239142645e-03 -4.283309437818541565e-02
3.589412426951987811e-06 -3.080625571519918227e-03 -4.934339853941427378e-02
1.656129591576238624e-06 -3.173442105741573760e-03 -5.035850471336517087e-02
-6.180477618578095189e-07 -3.053415748400761798e-03 -4.520284919986605754e-02
-2.104418680426434207e-06 -2.798821348397893816e-03 -3.622398402389048755e-02
-3.200677359593839810e-06 -2.445965735391686380e-03 -2.464842003591530273e-02
-2.380031375426305829e-06 -2.175162013026372965e-03 -1.560254916981196338e-02
-2.047969430263307800e-06 -1.931150174328460922e-03 -7.681208126540328696e-03
-2.244874851564659934e-07 -1.859446688758925603e-03 -4.813027588331159068e-03
8.914744690224907231e-07 -1.884859355309666251e-03 -4.913392878977435041e-03
2.093006190584389969e-06 -2.018783771275803329e-03 -8.113483261414672354e-03
2.432268532470693856e-06 -2.180715097655713114e-03 -1.209974388932688605e-02
2.388470901171224625e-06 -2.339190622403838210e-03 -1.588412374478520572e-02
1.752069765048602790e-06 -2.441696968653442323e-03 -1.799019880239299818e-02
1.310013832744871820e-06 -2.510561395024875353e-03 -1.902186227300445287e-02
1.392793409160653084e-06 -2.593836489983430971e-03 -2.035264456264646027e-02
4.120661989404084125e-07 -2.583861059061536708e-03 -1.909051328794375557e-02
-5.624687452465693127e-07 -2.488056140670252131e-03 -1.540182742694101714e-02
-1.500153117839353456e-06 -2.310379983600414217e-03 -9.483187005783211276e-03
-3.244363120380455712e-06 -1.975048067814608177e-03 6.366884256930882557e-04
-2.701213851152850509e-06 -1.714738760597019768e-03 8.583250147337934122e-03
-3.335578265595273706e-06 -1.398266249335505806e-03 1.769537209764207586e-02
-2.735582534163505386e-06 -1.155781646902089010e-03 2.455697068920575932e-02
-2.052928707141354892e-06 -9.876708133331364714e-04 2.907508967231153818e-02
-1.356175472921883340e-06 -8.919207873323321822e-04 3.137727152766145444e-02
-6.759260101629749329e-07 -8.637294046185441110e-04 3.167473238683585213e-02
-8.826305157860758754e-07 -8.109622028375645941e-04 3.252525805781542045e-02
-1.032813231049978242e-06 -7.413124621009382909e-04 3.383157409490919476e-02
-2.950398769741013894e-07 -7.408667449378507353e-04 3.326711129945175704e-02
-5.918383649827774207e-08 -7.536372732556625986e-04 3.227560578183313877e-02
2.097653143184885494e-06 -9.713505752537397731e-04 2.581930166229123857e-02
2.428415113331361397e-06 -1.202942680607613918e-03 1.892168456810477961e-02
3.248797477595211092e-06 -1.510549701523582200e-03 1.020167993182746757e-02
2.960370442228743570e-06 -1.787053053763473093e-03 2.500350365549547371e-03
2.632004651559327613e-06 -2.037637788902580543e-03 -4.200500367068898955e-03
1.436590234993317949e-06 -2.180282171742462666e-03 -7.755363326728048623e-03
3.378285895472288303e-07 -2.230273980711554999e-03 -8.555752476144540264e-03
-1.540662593502162281e-06 -2.111789004264990471e-03 -4.705124354520612284e-03
-1.970140038887180367e-06 -1.970904287353615614e-03 -1.206146736659197138e-04
-3.907751685350291382e-06 -1.650978825911336711e-03 9.097076387493130412e-03
-2.556600910086359590e-06 -1.480127314898424529e-03 1.434315057772658775e-02
-1.554707466211446842e-06 -1.399407139798948541e-03 1.681780298044058264e-02
-3.059897270007994052e-07 -1.432414259863443173e-03 1.605641546819344678e-02
1.435934645410696930e-06 -1.623566560853308138e-03 1.096737232405986529e-02
1.609261268020745206e-06 -1.820018528397197161e-03 5.648500744174334010e-03
1.100631535466689570e-06 -1.966327603079985609e-03 1.810508892050033403e-03
1.174964209260664916e-06 -2.122475211960250102e-03 -2.068541978115623348e-03
1.066163388685481550e-06 -2.265977993458786338e-03 -5.482757447700187248e-03
2.107751007063285442e-08 -2.308374086284765980e-03 -6.091216198390952963e-03
7.597804749792658185e-07 -2.421475891601035380e-03 -8.344094145958852460e-03
9.490972892045590470e-07 -2.540628528552583282e-03 -1.076045663079094883e-02
1.324781975120536970e-06 -2.684975072637957316e-03 -1.374218828140322257e-02
1.766353546761578741e-06 -2.860191917257969008e-03 -1.744776914821719038e-02
3.080028155855174532e-06 -3.150964176763876995e-03 -2.409144396545176425e-02
2.998887104532776959e-06 -3.422593756447097485e-03 -3.018288589859813298e-02
3.177877261673067721e-06 -3.710732000352580384e-03 -3.646296027422868402e-02
1.736967141230394418e-06 -3.861779660302593065e-03 -3.894255264636803382e-02
7.667304169345356968e-08 -3.864911248667536603e-03 -3.721294749333042828e-02
-7.597868122433126814e-07 -3.801674966667740324e-03 -3.353066954648659115e-02
-1.642635419352167503e-06 -3.661259729461269208e-03 -2.780558717249859146e-02
-1.220860556094827132e-06 -3.568215847279461450e-03 -2.336431693388285602e-02
-6.809767827409274332e-07 -3.523550058472057350e-03 -2.038679803733300933e-02
7.540099390412891012e-07 -3.611070987994735582e-03 -2.102961668767050485e-02
1.662719802175693928e-06 -3.773031419203626280e-03 -2.378835558840314279e-02
2.742739388716941562e-06 -4.029397388231052007e-03 -2.902437373470934112e-02
2.563110566011772562e-06 -4.257396539892446818e-03 -3.346115021010331869e-02
1.843673076651342058e-06 -4.412979501931374102e-03 -3.576912268615634050e-02
2.208060453368076992e-06 -4.607141714738161378e-03 -3.884529180616125288e-02
1.299603020088468952e-06 -4.709653360808191760e-03 -3.943601945889285698e-02
3.031632125338745709e-07 -4.722284571466051767e-03 -3.747843247666471367e-02
-2.659117263048571544e-07 -4.690544111150956111e-03 -3.425289614318116627e-02
-6.307668510840969134e-07 -4.631243283235672928e-03 -3.031139687756273515e-02
-4.626497078774605143e-07 -4.596911759712747972e-03 -2.709091773865501818e-02
-5.014212197673728610e-07 -4.562431451417978123e-03 -2.399530589223297650e-02
-6.276625782453137958e-07 -4.520166543884065330e-03 -2.078609505250550438e-02
5.088646733986124104e-07 -4.596306224856031020e-03 -2.073031104409406300e-02
-8.225649827942049797e-09 -4.614554011096689418e-03 -1.933744718941593499e-02
5.059866449164118762e-07 -4.691736950599153383e-03 -1.941704664172738681e-02
5.835390647357385774e-07 -4.775669794287546940e-03 -1.973508209469204688e-02
4.691298509662544802e-07 -4.850229161987053284e-03 -1.978734309964341742e-02
2.751737484540939249e-07 -4.908849474670955171e-03 -1.938197992017404170e-02
4.854215455152299796e-07 -4.991645936151553262e-03 -1.954125124588063089e-02
1.295014200208832733e-06 -5.154854035969809109e-03 -2.176282195993373136e-02
1.469929556852100916e-06 -5.329483672531087554e-03 -2.428548994200024902e-02
1.795280723859704608e-06 -5.536112528247715686e-03 -2.752088952799497390e-02
1.740154517371195197e-06 -5.735702277525787582e-03 -3.046360044220036700e-02
1.953051435465980035e-06 -5.959138523538770604e-03 -3.386132882981579550e-02
1.839912073031690909e-06 -6.172058512813331094e-03 -3.686593987178660159e-02
1.154901734468083419e-06 -6.320010400637398294e-03 -3.804953707356789616e-02
6.773560362605124396e-07 -6.428730880013939879e-03 -3.804022280346097684e-02
-1.276283589923821182e-07 -6.462657678723626037e-03 -3.602310314074069764e-02
-1.809193135304809630e-07 -6.500419123997209538e-03 -3.401808841324904797e-02
-1.205638235690642546e-06 -6.436755980765744393e-03 -2.945150260918122376e-02
-2.181699572667561426e-06 -6.284839109866820032e-03 -2.258089228601922738e-02
-2.234837961578861609e-06 -6.137463000069730799e-03 -1.587072185110766087e-02
-1.450850034223627461e-06 -6.070335460951560395e-03 -1.142637776839550146e-02
-1.195880982352015565e-06 -6.022592440248782965e-03 -7.759035363260280427e-03
5.556036101195260812e-07 -6.148856106961895357e-03 -8.712192765068960121e-03
1.161799454640899398e-06 -6.321662665927786466e-03 -1.111495888703251111e-02
2.116521056860776184e-06 -6.584680406849814996e-03 -1.584924600276971240e-02
1.453539061224695672e-06 -6.775083405957369603e-03 -1.870350704708995115e-02
1.410938903712022352e-06 -6.967598248487546705e-03 -2.138580369344200705e-02
3.364483515122529411e-07 -7.055378430613299529e-03 -2.126280346141656841e-02
1.517975386500225454e-07 -7.134424532816645292e-03 -2.072289240966562751e-02
1.226749036908891810e-06 -7.322691574465366865e-03 -2.296618326973648427e-02
1.508723981968884686e-06 -7.532769179437665170e-03 -2.587229457704659508e-02
2.737061898794301840e-06 -7.863790531945221221e-03 -3.185488093482785610e-02
1.727614449498204863e-06 -8.089774139836660577e-03 -3.513679015928472538e-02
1.081562522431411821e-06 -8.260243486366697363e-03 -3.673206216007912639e-02
1.800569401355645027e-07 -8.346373772326816029e-03 -3.600468262790285090e-02
6.646692929379582893e-08 -8.423752301067103168e-03 -3.497234940652738100e-02
-1.003815928490858767e-06 -8.395305356084776724e-03 -3.121413048770954601e-02
-7.149470167000515630e-07 -8.397097554887027887e-03 -2.824818356564712252e-02
-7.135056920848370510e-07 -8.394600220591207085e-03 -2.534141601146283618e-02
3.257994407590558694e-08 -8.460917709953764271e-03 -2.439488669609279903e-02
-1.530041504049783896e-06 -8.376461725221200777e-03 -1.960855292655733217e-02
-1.433844650011728561e-06 -8.309312842849319106e-03 -1.526551637475243028e-02
-1.487680248768441515e-06 -8.234481898260748861e-03 -1.092605278792274648e-02
-1.603319265353064793e-06 -8.148008983582786385e-03 -6.457480905716406205e-03
-1.740189760068844294e-06 -8.046657106118251801e-03 -1.778772319023069759e-03
-1.010217292152226776e-06 -8.007874759619818331e-03 9.860023341383139517e-04
-1.231630591180810086e-06 -7.940425582107921848e-03 4.283016651937199271e-03
-1.423060001837228583e-06 -7.850988122307559630e-03 8.029144470960536406e-03
-1.593425191459552082e-06 -7.741574414898081367e-03 1.215715925149590815e-02
-2.182185913079948136e-06 -7.574887324490862765e-03 1.769775024439934619e-02
-1.625325712462100114e-06 -7.453263854968139590e-03 2.178792758159969756e-02
-2.327840101012945695e-06 -7.264386831999028113e-03 2.752896150826172894e-02
-2.246407541983685974e-06 -7.079958254680825819e-03 3.296064073271059991e-02
-2.259416933103608471e-06 -6.890386373987776591e-03 3.830192038985186231e-02
-1.439979472661612192e-06 -6.767569794704395361e-03 4.150004547743968430e-02
-7.198442527611703667e-07 -6.700745205453017585e-03 4.285248964730015153e-02
3.688135021828742310e-07 -6.721253666605736705e-03 4.150017792770099856e-02
-1.616540972193547532e-07 -6.692884317157775376e-03 4.145687185894891824e-02
3.632462146629933386e-07 -6.708678959714796386e-03 4.006110580268096300e-02
2.266930576588777058e-08 -6.695219145860046780e-03 3.944780127516750445e-02
-6.834889135776123226e-07 -6.624588455013952562e-03 4.047294149955404929e-02
-6.526222672276205117e-07 -6.557726738341218727e-03 4.129677135621490081e-02
-1.608499383576322828e-06 -6.413967032592824725e-03 4.432241365901024022e-02
-1.652534596829902114e-06 -6.268180291592430689e-03 4.727408560867890630e-02
-2.167773529904160057e-06 -6.080942155476523787e-03 5.133766243809534391e-02
-2.868700159308623654e-06 -5.837304546518795254e-03 5.696662282473924366e-02
-3.187640744140018967e-06 -5.566808247100963301e-03 6.323225366259277447e-02
-3.761961916648459692e-06 -5.249316414469913650e-03 7.074936610248244717e-02
-3.987959580009636795e-06 -4.911084902494788559e-03 7.868859507398939801e-02
-2.741108351855814362e-06 -4.666544818177436292e-03 8.347267350795040119e-02
-1.327343603918507142e-06 -4.529645026110250793e-03 8.475673949458786827e-02
1.126847382071360926e-07 -4.504324531033163277e-03 8.250002777992276881e-02
1.515185484635139801e-06 -4.588824686686535786e-03 7.684577046426310787e-02
2.415526569765624743e-06 -4.746786672950793415e-03 6.900629858876144995e-02
2.626856443699310262e-06 -4.925498141681017121e-03 6.069081437078094332e-02
2.964057660870267341e-06 -5.135000396629283911e-03 5.154785155269844821e-02
2.468122300647301870e-06 -5.310151478685834828e-03 4.369643133786399458e-02
2.059297947165639187e-06 -5.456217294686876648e-03 3.689557431979140212e-02
2.137128118917530628e-06 -5.608935572743525139e-03 2.998320842646573503e-02
1.111820572941013552e-06 -5.683890853631835827e-03 2.571980002195883852e-02
1.386118997803720276e-06 -5.779259448161169765e-03 2.076320457079228188e-02
2.217705150520110635e-06 -5.938563197333749169e-03 1.376784468042763221e-02
2.388073459314021818e-06 -6.112742512212205812e-03 6.382935599069106125e-03
2.698272878465246549e-06 -6.309701000425969181e-03 -1.668988868201271014e-03
3.056262113831920146e-06 -6.531062630407473424e-03 -1.043221040890041085e-02
4.294494801881931778e-06 -6.839277880354948172e-03 -2.198497895406098523e-02
4.996455820305278905e-06 -7.193155550123524547e-03 -3.485571401702547423e-02
6.309715392838199932e-06 -7.631910936322225045e-03 -5.039882740649698212e-02
5.651623486979673316e-06 -8.010221376922775638e-03 -6.361548517695347904e-02
6.335208740049225185e-06 -8.416845288644402706e-03 -7.781144695493552588e-02
5.825520906554970679e-06 -8.767409320894380825e-03 -8.996836565227278593e-02
4.366904172825591957e-06 -8.991646271951876657e-03 -9.775047420765076156e-02
3.413226642212663364e-06 -9.122908126484786939e-03 -1.025360493115178295e-01
2.271478895310430346e-06 -9.152950032916488954e-03 -1.039920470009766951e-01
1.959464785872278014e-06 -9.138956532717758957e-03 -1.042214510462852739e-01
1.581376199877304600e-06 -9.081846192316174460e-03 -1.031312391112060300e-01
2.061563024513546338e-06 -9.036830295538787056e-03 -1.027900970329594932e-01
2.023135031947731477e-06 -8.975594078974066803e-03 -1.019696018727674902e-01
3.509317401673150982e-06 -8.987684095775643617e-03 -1.041165838685214617e-01
4.733198995299225942e-06 -9.061845390185126192e-03 -1.084840980393209642e-01
4.919145800030833016e-06 -9.130756010295795755e-03 -1.125453539665285385e-01
4.638642977172757753e-06 -9.158420085207872458e-03 -1.151972105430087989e-01
3.719825690251532535e-06 -9.107963199689650402e-03 -1.150763762175200378e-01
2.548276341940436396e-06 -8.965043200858637679e-03 -1.117897773732835498e-01
8.642762260313574529e-07 -8.707197075260714181e-03 -1.044798606348465442e-01
1.204587719794147915e-06 -8.443482281125888611e-03 -9.772337075524278882e-02
1.542794846876027748e-06 -8.194865875453712090e-03 -9.171806454677494669e-02
3.183237827220075644e-06 -8.025191545924539177e-03 -8.913505642898367221e-02
4.019919494613333200e-06 -7.904735085432025576e-03 -8.821623683397716853e-02
4.032502827322481664e-06 -7.780159859624404678e-03 -8.702711121683681661e-02
3.678708008103548366e-06 -7.625084983638657360e-03 -8.472597854673502571e-02
3.611154943294891950e-06 -7.451294778403470820e-03 -8.193735286794801009e-02
3.667766833914676283e-06 -7.269612102815646570e-03 -7.900379146544589393e-02
2.894910749118295712e-06 -7.047173950089420658e-03 -7.433759673130679868e-02
2.659186231546151191e-06 -6.800090922389728787e-03 -6.904313094959679820e-02
2.664559656695431045e-06 -6.550082184949734820e-03 -6.379100888200939234e-02
3.212172079436470540e-06 -6.326185535054623665e-03 -5.975025445821968706e-02
3.536802923198578696e-06 -6.127309309641441881e-03 -5.654918553423848859e-02
3.748780764922798880e-06 -5.946396075047939711e-03 -5.393787063427901707e-02
3.900161476888541756e-06 -5.780470527240524903e-03 -5.180753521236658443e-02
3.136602009123912183e-06 -5.590751593967872857e-03 -4.834805056241031629e-02
2.872526335351288651e-06 -5.384285336820608669e-03 -4.446473790620641964e-02
1.514927419621336924e-06 -5.126127146058916118e-03 -3.814982458651516861e-02
1.039893109289202755e-06 -4.836178650636381582e-03 -3.108588029176295731e-02
9.679461618894436015e-07 -4.547010457460420874e-03 -2.429184268710316008e-02
1.949854087079927467e-07 -4.238257482970603229e-03 -1.647574724171885219e-02
1.934665116998246503e-08 -3.923269591279705815e-03 -8.767121304336988885e-03
1.124255574191934670e-07 -3.624961029521978073e-03 -1.861363586219910715e-03
3.204981713356147566e-07 -3.353069641929558309e-03 3.969156774299209545e-03
5.718308649926839848e-07 -3.110531940982950994e-03 8.669243851340158180e-03
8.331346913470483173e-07 -2.899654034613743936e-03 1.220223991178759348e-02
1.969626263309542935e-06 -2.754637330196582634e-03 1.287094417027911941e-02
2.130198030747543214e-06 -2.646860876114702499e-03 1.272483912819100116e-02
1.853369008597560708e-06 -2.540160154088505484e-03 1.287872258053368579e-02
1.391283720453273531e-06 -2.419445130642565445e-03 1.376863147690576827e-02
4.212177174833797721e-07 -2.261231964015619766e-03 1.642437627194115457e-02
-7.404042208225547483e-07 -2.049032213867096885e-03 2.126221185387977552e-02
-1.505917337385476173e-06 -1.797900661069724848e-03 2.736194109899803273e-02
-1.628845764489739167e-06 -1.541003038369993805e-03 3.330988117304467533e-02
-1.462720058298394576e-06 -1.302493615989351594e-03 3.837360265661615699e-02
-1.614040651132242488e-06 -1.071008704615399043e-03 4.330274484432494742e-02
-5.759473734601172623e-07 -8.930660435155224341e-04 4.559213641915593751e-02
-3.705219840943740905e-07 -7.511713069764322515e-04 4.697875951714070020e-02
3.431519489671686074e-07 -6.544955124506701694e-04 4.647777167284894428e-02
1.256610922317769052e-06 -6.200930561536047159e-04 4.365468467096378369e-02
4.617139168772155244e-07 -5.723555617678580121e-04 4.235009696495606324e-02
7.040826536242050793e-07 -5.336990198653440709e-04 4.032991917718931063e-02
5.127728953668864165e-07 -4.992382187349597711e-04 3.851819840446801813e-02
-3.053108311723562451e-07 -4.336716602763648898e-04 3.831574656727798622e-02
-4.894800331722848341e-07 -3.559446034558863547e-04 3.835801363210988857e-02
-3.871234905972187335e-07 -2.865889590685788413e-04 3.803086382072440319e-02
2.801697439602790496e-07 -2.551344994054446924e-04 3.610244095152759236e-02
1.615717984959630371e-06 -2.997099030543556863e-04 3.114815959039607396e-02
1.433374142489896030e-06 -3.539422668337732780e-04 2.674515225849793953e-02
1.910256013371025574e-06 -4.303419954692078164e-04 2.139035826965229870e-02
1.776860501734311981e-06 -5.104698762765438880e-04 1.638805749458893679e-02
4.929049747248726021e-07 -5.288197696787788615e-04 1.440415523037041901e-02
6.875116476123821485e-08 -5.154575813420270158e-04 1.331650408143947306e-02
-1.728910103415692845e-06 -4.108586422747750877e-04 1.630770215133370282e-02
-2.745511459845140223e-06 -2.389927280037756896e-04 2.139315086583359893e-02
-2.937811007130974872e-06 -5.470356734783854424e-05 2.647743245576894555e-02
-1.871976099465655352e-06 6.596041369764937823e-05 2.858353132860080859e-02
-1.610158288034568841e-06 1.520446937976066559e-04 2.976852193895418441e-02
5.000869793825302168e-07 1.193677748441562825e-04 2.582772616890982587e-02
1.587363510857642268e-06 3.881696696808600855e-06 1.945819366823864360e-02
2.183982661385641677e-06 -1.521632223575597465e-04 1.203943948008456832e-02
1.214022970486006159e-06 -2.568878161550297579e-04 7.391168266991599012e-03
4.671250452004116482e-07 -3.046344678118845239e-04 4.881391251133404552e-03
-5.990091179741696692e-07 -2.819900955287474309e-04 5.152875662028044701e-03
-2.212619873986909624e-06 -1.581111214583458269e-04 9.327274133498764108e-03
-3.569476736853260945e-06 5.493796933245254088e-05 1.652378999096326684e-02
-4.320717897354775516e-06 3.156493394589759971e-04 2.501474892282473661e-02
-3.888568447130147376e-06 5.498708607870883558e-04 3.187118474759520481e-02
-3.385649811282753774e-06 7.396056854249571932e-04 3.693283452644346987e-02
-1.536049584749399344e-06 8.103841221885621504e-04 3.709137782970395314e-02
-3.625947553320685302e-08 7.731676916373914077e-04 3.354462698246274410e-02
1.258312216312340581e-06 6.467464076956863650e-04 2.701335263251980479e-02
2.860321847264479800e-06 4.199893848624153270e-04 1.699767466386292725e-02
3.655616227282720843e-06 1.411413646025955204e-04 5.738980123614956241e-03
4.949309212243235834e-06 -2.060885702942494291e-04 -7.793196976602190240e-03
3.755861307630503632e-06 -4.793925239012508666e-04 -1.738135845430044402e-02
3.269174419617826288e-06 -6.974325827544397560e-04 -2.497575970978660465e-02
3.108754984215700290e-06 -8.846027469662232079e-04 -3.135972496726602277e-02
2.208271531634053986e-06 -1.001150178615572983e-03 -3.479391172173396107e-02
2.781443241950398715e-06 -1.128222110099039166e-03 -3.901719142767179349e-02
3.986182497639489952e-06 -1.314844472534021369e-03 -4.543938666859259623e-02
4.095734080555857304e-06 -1.501296134861537790e-03 -5.129799663368961316e-02
5.486178057845236822e-06 -1.753281852084995207e-03 -5.973529793991183556e-02
5.174021972198517005e-06 -1.981491962013706698e-03 -6.652193164842257200e-02
4.555116274840287360e-06 -2.154354562175095356e-03 -7.106716104415122803e-02
3.372167276416426773e-06 -2.239377640551210025e-03 -7.221264950682038108e-02
2.418838979223458807e-06 -2.250437408597996680e-03 -7.080922021658608845e-02
1.596849422025314880e-06 -2.199504394679419050e-03 -6.730989164710221573e-02
8.590267002173135324e-07 -2.095855809188251762e-03 -6.209094615104793213e-02
1.823771087483549991e-07 -1.945533333932270015e-03 -5.540212165924529586e-02
-4.446533935498209189e-07 -1.752653577652460437e-03 -4.742482837335681989e-02
-1.397416379278482168e-07 -1.575202210871734509e-03 -4.050794099422472261e-02
1.248793202179854234e-07 -1.418161520956820465e-03 -3.447852101570281214e-02
1.251322575557267669e-06 -1.329607867620610784e-03 -3.126926203315394392e-02
2.277390052096706086e-06 -1.309380122925848933e-03 -3.049762738215455737e-02
1.888749223244445830e-06 -1.272510588779682261e-03 -2.872929953709879580e-02
2.215856135578953001e-06 -1.247986646306931124e-03 -2.765334924796913896e-02
1.958755785791410631e-06 -1.206834554583674501e-03 -2.584262654501889855e-02
1.003789283360312368e-06 -1.101784714181514024e-03 -2.163990782419766834e-02
-2.306557222997440704e-07 -9.142896912424230971e-04 -1.460840129540141863e-02
-1.547915489341633588e-06 -6.410969100164309875e-04 -4.768542024088162634e-03
-2.411557945891651400e-06 -3.125687487776224183e-04 6.584943166155321492e-03
-3.042031384792309723e-06 4.760095031240696439e-05 1.864900673200131642e-02
-2.654623120212917797e-06 3.758124467145712577e-04 2.897849008752850786e-02
-3.604494337672292659e-06 7.356926850683037644e-04 4.051274460979781278e-02
-4.223940740399889648e-06 1.114957033950703114e-03 5.230986622021105426e-02
-3.335822392425136229e-06 1.421400592729021861e-03 6.083690420417164901e-02
-2.693129580677577906e-06 1.659605982027967386e-03 6.686811843401907485e-02
-2.178378598172159286e-06 1.842302714071347713e-03 7.087288074820285999e-02
-1.290208979654039467e-06 1.955815329979571082e-03 7.230522427218499804e-02
1.813434823416670838e-07 1.969496994379843491e-03 7.011031255757849134e-02
1.418017909760038719e-06 1.898569295343655039e-03 6.514746846721086726e-02
2.507315632671591743e-06 1.756631056572269256e-03 5.792540369959309210e-02
3.046444290943917110e-06 1.579052992280907675e-03 4.984336972048430958e-02
2.428025708933745364e-06 1.437318426607034350e-03 4.355671591003007492e-02
1.757505965538364023e-06 1.338520548730515181e-03 3.893835924244293256e-02
6.385688114951548755e-07 1.302345498085832887e-03 3.673059114832999406e-02
-1.978163102211993873e-07 1.308991698373965229e-03 3.598224233229274649e-02
-4.342677182300747063e-07 1.317294860385634370e-03 3.515807356710365372e-02
-3.948634608175183303e-07 1.304926747008577914e-03 3.358450707758009468e-02
2.126400812096918003e-07 1.239768582992489820e-03 3.011164912734121124e-02
1.609886268738591752e-07 1.161538274211365573e-03 2.649233313195786810e-02
-6.292538231589261954e-07 1.122987135187575314e-03 2.455855704798814987e-02
-1.722035003592914393e-06 1.150167909145474732e-03 2.503677457098141268e-02
-1.126743340296165741e-06 1.143726559963864631e-03 2.390960121231611168e-02
-1.581882915324683836e-06 1.159048686368485681e-03 2.386010331162635723e-02
-1.596393284564179282e-06 1.174730684409652781e-03 2.370546330372524935e-02
-1.412072911821660171e-06 1.174393355483610568e-03 2.295953087421087613e-02
-6.972053492315666290e-07 1.125102298036431692e-03 2.043081729817930459e-02
2.314717143514499753e-07 1.010450350765301764e-03 1.568983138649415743e-02
2.117616250352227780e-06 7.755089977924817246e-04 6.748135118319065207e-03
2.579860419071877686e-06 5.111289497403970206e-04 -2.558190945703087138e-03
3.281387349840514389e-06 2.166004316199315882e-04 -1.267920101681296874e-02
3.169557645676945867e-06 -5.223816524886626400e-05 -2.141764598968154409e-02
2.694754253074194139e-06 -2.666994523076310353e-04 -2.796899387687168392e-02
1.623891131563581780e-06 -3.897063938661238236e-04 -3.108561763585304671e-02
1.214455991549456826e-06 -4.643955453435405500e-04 -3.264850163195642807e-02
2.190579923011526375e-07 -4.628730804832614787e-04 -3.144963664722200125e-02
3.357542917026279383e-07 -4.557173209489007171e-04 -3.037333963437394146e-02
5.122816060243451375e-08 -4.271666383084682383e-04 -2.851452993050040963e-02
-4.033012650506151431e-07 -3.668095931237402851e-04 -2.559936063800460904e-02
-9.183265514689509246e-07 -2.733032677782187836e-04 -2.163887852712020887e-02
-5.477540179210649285e-07 -2.026590364748726003e-04 -1.877163720953956005e-02
-6.874658773359243469e-07 -1.270633807680665583e-04 -1.569870775924009365e-02
-1.553107432661349208e-07 -8.227261585475043049e-05 -1.390190011078162868e-02
2.124835533079405536e-07 -5.733888363620986972e-05 -1.278185274494547663e-02
9.418033845021156480e-07 -7.248741479248810293e-05 -1.313052023882999020e-02
9.125503508400356623e-07 -7.891255315950473914e-05 -1.300172086374029590e-02
9.611011442256511828e-08 -2.281312787955069865e-05 -1.059804069906844504e-02
-1.503157180948733185e-07 6.024018081882132059e-05 -7.492548094941930970e-03
3.145977220953000142e-07 1.180431498622180886e-04 -5.492337554191206728e-03
1.530117881398673774e-06 9.733538176479039628e-05 -6.362186081627640988e-03
2.144098773082525611e-06 3.248149697823721205e-05 -8.562287600039630853e-03
2.466019564995036717e-06 -5.428815951014076546e-05 -1.137509230386568593e-02
1.747861113177151537e-06 -9.500191641523270114e-05 -1.233331535440229665e-02
5.857319577140529532e-07 -6.105971430978018866e-05 -1.067180994985195142e-02
-1.633601300787823618e-06 1.088293578557775199e-04 -4.278240448438053178e-03
-3.803203132424215482e-06 4.110098594875821743e-04 6.359958602811022210e-03
-4.081621063467544275e-06 7.202142660465149504e-04 1.653105259894749324e-02
-3.947076421151329839e-06 9.981094809855817207e-04 2.528200643747435805e-02
-2.731066890082622933e-06 1.177095917431397742e-03 3.025445603021770236e-02
-1.708279256940059554e-07 1.174461847808339066e-03 2.874176668984440575e-02
2.907481102987219401e-06 9.621796553212491609e-04 2.016842918405381546e-02
4.767436842967320842e-06 6.283285129490001619e-04 8.044879108340285967e-03
5.565646107319466296e-06 2.568360581484685490e-04 -4.760301853378279269e-03
6.752591322989331957e-06 -1.674874632663636564e-04 -1.904396465536684069e-02
5.375397249651747700e-06 -4.827482107453429094e-04 -2.875550757706069049e-02
5.131473529651486842e-06 -7.521086726593184668e-04 -3.689815273837226961e-02
3.603694744391816585e-06 -9.055829351771182978e-04 -4.069091507890132409e-02
1.995443985158829037e-06 -9.373517111310458727e-04 -4.030811487008212346e-02
1.749157546027113597e-06 -9.391138195163351021e-04 -3.921504343005244309e-02
1.222756202734487374e-06 -9.015567016045222815e-04 -3.678779358221484497e-02
5.867559498273777763e-07 -8.183990246377614852e-04 -3.289423618181419595e-02
8.202440853199988169e-07 -7.482279100327615673e-04 -2.972603158185893601e-02
-3.610030265832619989e-07 -6.104556331462118735e-04 -2.412969014085875052e-02
-7.905815120334835910e-07 -4.472050794075144164e-04 -1.799295701491421262e-02
-1.316688409969124507e-06 -2.603798978740023973e-04 -1.123372741527484120e-02
-1.418035357247937611e-06 -7.865860848252359538e-05 -4.921845580725947578e-03
2.455848968629936735e-08 -1.711540940446676373e-06 -2.573360237091870673e-03
2.113303702255819871e-06 -7.258531499645948237e-05 -5.324982248595122591e-03
4.421168873003367139e-06 -2.985906415954309168e-04 -1.318770810147329442e-02
5.397824253905447733e-06 -5.834798812911212718e-04 -2.251155884099953486e-02
5.288378781442837351e-06 -8.450671849202229247e-04 -3.058351334965225821e-02
5.138401278581561371e-06 -1.072152715583335469e-03 -3.726861879495302343e-02
4.969877852034620958e-06 -1.263622964881527810e-03 -4.258040049775413394e-02
4.793482986986674632e-06 -1.420460045794713633e-03 -4.659638991099834815e-02
3.714702652368728764e-06 -1.489686889925706526e-03 -4.743144219835893072e-02
3.611596788521964640e-06 -1.532419233328585761e-03 -4.755658271989848807e-02
1.697266133748875916e-06 -1.445160255179517295e-03 -4.303719556423335479e-02
2.179748417874272093e-06 -1.374022003223035471e-03 -3.963746807840873299e-02
5.720848916812570906e-07 -1.203141517546441053e-03 -3.264120150055249692e-02
3.269358488378060201e-07 -1.012209144701542440e-03 -2.544229893655924890e-02
2.527727098744492196e-07 -8.233055203303585312e-04 -1.855413590305865501e-02
2.577950566351461248e-07 -6.423895581912364428e-04 -1.214129783876971569e-02
2.980474508307295878e-07 -4.728189930543746922e-04 -6.295738028498698569e-03
8.029331570735820378e-07 -3.425150726704961901e-04 -2.001398431393575095e-03
5.986831621562771488e-07 -2.078437178250069906e-04 2.450633189643003362e-03
-3.694271750731559223e-07 -1.614611117689568331e-05 8.814155862810313380e-03
1.529653633758343290e-07 1.415467722287455654e-04 1.359447518755019235e-02
-9.235623030789952281e-07 3.542440241312005966e-04 2.035611434149531274e-02
-1.332115826202517894e-06 5.857371442319903032e-04 2.742546997740902270e-02
-1.875465981959756334e-06 8.392934040561406128e-04 3.505715471095316449e-02
-2.459710913949031408e-06 1.119305342031112760e-03 4.336981606013379231e-02
-3.040573604007335007e-06 1.425611106232516079e-03 5.232805075128044159e-02
-3.597609460226358635e-06 1.755818223402760836e-03 6.182984527463997182e-02
-3.670834343827422686e-06 2.076489932688885265e-03 7.066078637418604647e-02
-3.519660637052446361e-06 2.367612170582705788e-03 7.822242426181946762e-02
-2.366449578961038469e-06 2.560484460025297393e-03 8.212387118083308568e-02
-7.968093269639098253e-07 2.620592941709659618e-03 8.143377557733544325e-02
-4.439067573525079524e-07 2.624265478638226901e-03 7.912404232512892932e-02
2.512666166243349153e-07 2.558287007160459092e-03 7.451763942707223531e-02
1.077717372455211375e-06 2.416780345148999976e-03 6.753228767294983115e-02
5.808899136150458276e-07 2.290649939007766145e-03 6.152248836114337927e-02
-4.608204695610851331e-08 2.202944666140710384e-03 5.700794929718588921e-02
-7.110830302359261168e-07 2.160636695002965402e-03 5.415203310134186765e-02
-9.190321736962658861e-07 2.136261640701214715e-03 5.190137562268393179e-02
-3.170855419343254766e-06 2.259400388190918596e-03 5.498078598477407208e-02
-4.009960175688220829e-06 2.442884119288418754e-03 5.970879794400274498e-02
-3.727386766794182904e-06 2.604856815741046772e-03 6.339375797410495839e-02
-2.491762736589464566e-06 2.676616686262039968e-03 6.381953629381442727e-02
-2.219235072375980167e-06 2.714430292517305832e-03 6.328234272574440045e-02
-1.484838616283568058e-06 2.694991033944715841e-03 6.079359174439735725e-02
-1.124199638935508005e-07 2.576728171357123287e-03 5.500562895882521453e-02
1.472202865171468034e-07 2.430411955448380512e-03 4.865877357564285521e-02
7.992465913542190492e-07 2.238728106895349068e-03 4.093707888444042542e-02
7.021124078798735013e-07 2.046782368038124744e-03 3.355868657978011704e-02
7.208882255582693688e-07 1.849295474801559980e-03 2.619169088156292347e-02
-5.660203674651143047e-07 1.727740275058731179e-03 2.176416425992511172e-02
-2.400530050294946705e-06 1.718700944045359336e-03 2.126336204156997756e-02
-2.610421900528514527e-06 1.717274252228451203e-03 2.075830191612604292e-02
-1.623299323294524754e-06 1.643254830619056417e-03 1.769093371324703678e-02
1.232038157272796752e-06 1.380707771566874742e-03 8.216295738785572844e-03
3.479930175687151461e-06 9.745297157336407778e-04 -5.589075605125226609e-03
4.922742958268777613e-06 4.896450344614999839e-04 -2.143905182027772138e-02
6.853913650184395578e-06 -9.530222248715913835e-05 -4.019029984814725953e-02
7.577479458342750718e-06 -6.954745974648846030e-04 -5.869497528836387090e-02
7.722731211301514520e-06 -1.263690981712278782e-03 -7.551985838970054488e-02
6.687798177695825075e-06 -1.721445207269051147e-03 -8.805242580345373771e-02
5.598486764513133096e-06 -2.063319719571465871e-03 -9.642242609183648838e-02
3.608794435727702421e-06 -2.239396842121404996e-03 -9.899521120449661371e-02
1.273004539337208030e-06 -2.229749137875963738e-03 -9.536817893732918439e-02
6.681481452552873179e-07 -2.158980138115634828e-03 -9.013914582436688416e-02
-4.925207767181305485e-07 -2.002108441731098587e-03 -8.217088243881021103e-02
3.994306856380802628e-07 -1.894871594289332384e-03 -7.638563237054218913e-02
1.738715889376685197e-06 -1.871977632933702340e-03 -7.360136161251540354e-02
3.234960532894071150e-06 -1.940136713505152821e-03 -7.390326324343809983e-02
4.296536109005266724e-06 -2.064495576532460186e-03 -7.596950144184111409e-02
5.121758072657023320e-06 -2.223904348828437127e-03 -7.909236970848820825e-02
5.807458669404574891e-06 -2.407631696124234999e-03 -8.290998873060995145e-02
4.587402871236712087e-06 -2.488377358976556764e-03 -8.297504113390274938e-02
3.445505808330473485e-06 -2.470504573378745627e-03 -7.984761535579054659e-02
5.585889719661452091e-07 -2.248844400995458903e-03 -6.991387231631607246e-02
1.500090125450270762e-07 -1.988278536527721130e-03 -5.937995700037246305e-02
-1.389465486334451327e-06 -1.632198325216882573e-03 -4.587759320966133814e-02
-1.574986137398148855e-06 -1.270440265993794116e-03 -3.278992333764685352e-02
-1.138320723237384868e-06 -9.524733458920742191e-04 -2.160718520215465510e-02
2.148164213178205273e-08 -7.269578429401346575e-04 -1.387173723084589305e-02
1.471455630674967097e-06 -6.119306885824238318e-04 -1.000586973006523106e-02
3.458085930274634734e-06 -6.351526017149555781e-04 -1.083323773981614835e-02
5.165584561428460120e-06 -7.700461415461323789e-04 -1.522890624866413134e-02
5.776751216712838755e-06 -9.379529850079004749e-04 -2.041229558475299299e-02
5.409848755633106521e-06 -1.067337890238356790e-03 -2.404513014720510711e-02
4.150952552572917398e-06 -1.096211527744223035e-03 -2.416358466482648737e-02
2.069605321564083056e-06 -9.744286069147123364e-04 -1.925170674380227709e-02
5.894672588935279123e-07 -7.462981820039182868e-04 -1.110840513156174936e-02
-1.151021594703038886e-07 -4.721560495259957690e-04 -1.818279048833248979e-03
-1.352909767438070787e-06 -1.264018224804153157e-04 9.616923504605079387e-03
3.905721505104153835e-07 9.457453231379031600e-05 1.620333355050185276e-02
7.042242619048622032e-07 2.683121025224000089e-04 2.126645654477177239e-02
1.720735535504225311e-06 3.586937050839011931e-04 2.336336919769532727e-02
2.112362069595086211e-06 4.073053870442266966e-04 2.413752987132200545e-02
2.204832753482932617e-06 4.377875387191199064e-04 2.434429246290470417e-02
7.915456359253170149e-07 5.477645218380233771e-04 2.736569317694970138e-02
1.034559446999594456e-07 6.972366593836210047e-04 3.149012691867203451e-02
-2.506885304565109607e-06 1.000943107568486035e-03 4.081672410677206209e-02
-4.083806623311758699e-06 1.395719504494852270e-03 5.270002347008873045e-02
-4.224596807156366651e-06 1.779581366758264949e-03 6.367707817034373718e-02
-4.158000797449545871e-06 2.131257716524392887e-03 7.326479852140677096e-02
-2.174384306830035030e-06 2.325860920421252143e-03 7.716601858439631201e-02
-2.913063767984169772e-07 2.361256454186944076e-03 7.577100796103763969e-02
1.939879173740166607e-06 2.221087880014682714e-03 6.863944551326794929e-02
3.343893113294527097e-06 1.965422866329058493e-03 5.807821857860262504e-02
4.777235480868391448e-06 1.609041500240826483e-03 4.455186895542873060e-02
5.261297124414809900e-06 1.223669108313618636e-03 3.062923213773594000e-02
4.380819481286657435e-06 9.072265090332432003e-04 1.957276096917204278e-02
3.358653050677951057e-06 6.787609988671561290e-04 1.174085942859570686e-02
2.301980106866885478e-06 5.408597180021623707e-04 7.101738087615716566e-03
1.261829471688180604e-06 4.905387604008937252e-04 5.454544344841938397e-03
7.176726859459137131e-07 4.908972900217190016e-04 5.431227661989446176e-03
1.783938616051194970e-06 4.332401050560763522e-04 3.275693153774961175e-03
4.003389811768620632e-06 2.357963806871588019e-04 -3.552913195276063973e-03
5.304254260041219027e-06 -4.653288696349067166e-05 -1.282684436949566020e-02
5.682440852083914251e-06 -3.477336142558296039e-04 -2.231597158542952819e-02
6.989724671502273168e-06 -7.243241455436311149e-04 -3.413325528029220735e-02
7.302743963433222518e-06 -1.110922832470273569e-03 -4.578757890889573190e-02
6.232438543807283793e-06 -1.410096604267441212e-03 -5.405146191134413414e-02
5.472105408577121466e-06 -1.634671377432450612e-03 -5.968907275317447692e-02
3.047649669962737562e-06 -1.680140761484483214e-03 -5.908691571993163194e-02
3.963391875805299946e-07 -1.530728149631066515e-03 -5.212374161844146592e-02
-9.032664327612849320e-07 -1.278830049756540799e-03 -4.222189357581318525e-02
-1.542594487702331207e-06 -9.803049372038574738e-04 -3.119311338740993200e-02
-2.314527379976283328e-06 -6.351264602456607733e-04 -1.895255541244522668e-02
-1.293466466822934535e-06 -3.666279962881158205e-04 -9.838626477218781474e-03
-8.555066948190415133e-07 -1.445043820874070128e-04 -2.415975769315847899e-03
2.159700811521503283e-07 -8.750598462670122757e-06 1.880186389421556470e-03
1.998185235940752591e-06 -4.726007680588839577e-06 1.660214705204721142e-03
1.761209985184919447e-06 -1.002614559764136715e-06 1.729930839200699566e-03
2.434959314623341697e-06 -4.357922285980198041e-05 1.648431045662146488e-04
7.593422977070218849e-07 1.792036072378877520e-05 2.378118096826087324e-03
-5.650740515505958683e-07 1.719681652474491784e-04 7.499675329364574594e-03
-2.599073702924670215e-06 4.619857530736570794e-04 1.701108825070485331e-02
-3.974338249612685559e-06 8.448139608409066525e-04 2.918010833999140630e-02
-5.913709961502533474e-06 1.347838063698147959e-03 4.499279621131013762e-02
-4.841949048817184575e-06 1.773847745986101287e-03 5.741189401452850838e-02
-4.709484535014851758e-06 2.166699672915661790e-03 6.852509710204746085e-02
-2.262762082816394127e-06 2.381319523376224101e-03 7.318851120431113522e-02
-6.644096981478497810e-07 2.467133857923020646e-03 7.365327979145974702e-02
4.944948346352617818e-07 2.458469049455402899e-03 7.109499066130187117e-02
9.567256207265728563e-07 2.409841827492653632e-03 6.742654094269728837e-02
1.541664463977632238e-06 2.319648367521520704e-03 6.250342258904639792e-02
1.247128309622702602e-06 2.247977751094754062e-03 5.846202779838716168e-02
5.585364480920063102e-07 2.224393080670405975e-03 5.616498206336584254e-02
-2.884887777554467903e-07 2.258903932653155699e-03 5.585153219869343211e-02
-1.637770851381503689e-06 2.377579798686857426e-03 5.835110058456094428e-02
-3.171301840354523449e-06 2.587472906522281235e-03 6.376902024046171569e-02
-3.820455628300578610e-06 2.820456761355116804e-03 6.964470304287706526e-02
-4.497525786351097565e-06 3.066447916214187774e-03 7.577052077170498556e-02
-5.618644182914245278e-06 3.349701216284362015e-03 8.299277823208761617e-02
-5.069175260330460731e-06 3.560903772729939742e-03 8.743381959570473150e-02
-4.683351838230542796e-06 3.709122835139744279e-03 8.973789262053211147e-02
-3.464239701878035760e-06 3.748102993251456461e-03 8.832729172285147534e-02
-1.899611525857380911e-06 3.662565724420696611e-03 8.288633267031531027e-02
-2.257249016590634483e-07 3.454114681997133562e-03 7.361484838612875059e-02
1.443940956580291868e-06 3.133450760164580018e-03 6.098895311947138964e-02
1.681062507419284202e-06 2.801408363734936291e-03 4.856943984414030524e-02
3.085472503383535070e-06 2.388732111512248402e-03 3.373949335477366418e-02
2.225870296523879688e-06 2.039694885350384901e-03 2.171415480178895407e-02
1.270972522449120845e-06 1.764548180810787681e-03 1.244462855427341808e-02
7.606620742173220151e-07 1.528979611811920325e-03 4.663951248199182942e-03
1.151518280728680566e-08 1.343416680748887870e-03 -1.240207635170298417e-03
9.438867143440887730e-08 1.155328672577726756e-03 -7.159803533552278054e-03
1.014718848502127457e-06 9.143257089773704216e-04 -1.471909120888592604e-02
1.829523892604711932e-06 6.323726828480480400e-04 -2.336089955943232432e-02
3.026321928834008190e-06 2.906847417251112731e-04 -3.372927797096880731e-02
2.062348628650845228e-06 3.806336765699303015e-05 -4.062594976692435189e-02
1.971605446793311955e-06 -1.748706791326881671e-04 -4.615140856377242251e-02
2.282567532985169123e-06 -3.790062480817368851e-04 -5.128927524530269011e-02
1.847539300880995938e-06 -5.267711563821664278e-04 -5.436628891844308420e-02
2.000419902614680723e-06 -6.608422690851378789e-04 -5.700035140468062700e-02
2.875297282156630274e-06 -8.367135101373657236e-04 -6.101366806256547370e-02
3.132055660048926882e-06 -1.017261057494167620e-03 -6.499256847546419635e-02
5.389442991776682845e-06 -1.331516231644236381e-03 -7.342632740101184829e-02
5.731329685509933825e-06 -1.656092912727891164e-03 -8.171539512790770843e-02
6.095141295014983029e-06 -1.981871144886127034e-03 -8.980482647580956268e-02
7.369776182541976084e-06 -2.365669904419609448e-03 -9.964437653517776994e-02
7.635780590486973551e-06 -2.737502899637422882e-03 -1.086888916835710983e-01
6.962552449807368760e-06 -3.026603074239520019e-03 -1.146890958270023742e-01
6.332102993833466087e-06 -3.235108241055217881e-03 -1.179330620112355454e-01
5.275836634344166498e-06 -3.336094328176775203e-03 -1.175749043571454600e-01
2.214320681703796367e-06 -3.206832055241470858e-03 -1.095896098926618656e-01
-2.927393650820064863e-07 -2.891944674142610250e-03 -9.594468145544121640e-02
-2.003459314559030702e-06 -2.460967332717389766e-03 -7.907503745545607643e-02
-3.290471208616807530e-06 -1.955756594894775269e-03 -6.037328421055865313e-02
-2.958006470210605698e-06 -1.493657796452385611e-03 -4.381263483429176375e-02
-9.687493515153633439e-07 -1.184899303707631635e-03 -3.286690119802737620e-02
3.391039379296856282e-07 -9.851542014743808195e-04 -2.567079950825301715e-02
1.290720801683242769e-06 -8.584527527354390841e-04 -2.098501228846116895e-02
2.966400004966729398e-06 -8.422196429258566042e-04 -2.007073178489915399e-02
2.617283960781868757e-06 -8.001091965799123074e-04 -1.810772446169162109e-02
1.345102168204270754e-06 -6.651036963031820015e-04 -1.310354823307813277e-02
6.084699445407792950e-07 -4.711648727733219744e-04 -6.410176163978542618e-03
1.416221414585194793e-07 -2.411717248221312282e-04 1.215601365777585485e-03
2.743009854810907200e-07 -1.819245472534092301e-05 8.321243810993639300e-03
-2.423641120019581763e-07 2.348063224232310731e-04 1.626002307000096181e-02
-1.201297562536396413e-07 4.736807908051199334e-04 2.343375458765839525e-02
-6.285238773884316288e-07 7.315869257454310493e-04 3.107977238766923556e-02
-2.858248060455537143e-08 9.356347907640283346e-04 3.663848640631250930e-02
1.523057502228475357e-06 1.019904010639449687e-03 3.806799042586161974e-02
2.539965258452347996e-06 1.015903249208194303e-03 3.667421026610417911e-02
4.657154923037865046e-06 8.592572647285190435e-04 3.028218464675869193e-02
4.904187392740233520e-06 6.718558816166120273e-04 2.330778672784350469e-02
4.276475428666159928e-06 5.198127824070919445e-04 1.778087675829298497e-02
3.261652738228981718e-06 4.321404255969163444e-04 1.453704971734737228e-02
1.637063122061910292e-06 4.492459406031934499e-04 1.483751934541865936e-02
2.433414864055905014e-07 5.571212796627866837e-04 1.803029339981243595e-02
-5.380073088145920224e-07 7.114198173883701237e-04 2.255360680381390814e-02
-8.896337966302070299e-08 8.322593689846780052e-04 2.573211068629643883e-02
-4.704212276385177915e-07 9.672073807457937100e-04 2.936908610233968098e-02
-2.996816735878482518e-07 1.080550215732278829e-03 3.213764001611241206e-02
1.205358058919969722e-07 1.153141903699972382e-03 3.348468186167474769e-02
-1.203122940163225962e-06 1.294070573566841187e-03 3.719565196430574261e-02
-2.364567027179909076e-06 1.495010801401575051e-03 4.271194051410209802e-02
-3.872620607858756614e-06 1.775263064216436870e-03 5.066675976078571786e-02
-4.103526124343837012e-06 2.051700649043475266e-03 5.812333657794277464e-02
-3.271882890287791668e-06 2.254149792250914608e-03 6.286731551983382182e-02
-1.973413057632100731e-06 2.349550037060721408e-03 6.397528981023348216e-02
-4.994653577394814192e-07 2.329358580415497038e-03 6.131686639848021869e-02
1.931696859580611658e-06 2.138139439942288167e-03 5.312864552469420687e-02
2.877317477278928948e-06 1.874834015901660766e-03 4.303845875399692211e-02
2.641665482583377411e-06 1.624744999337568441e-03 3.381068742929160820e-02
2.789112464429699401e-06 1.369783267986368624e-03 2.465716011198559876e-02
7.964441607333228035e-07 1.247138294377836409e-03 2.027931363013446564e-02
-7.353749970073764075e-07 1.235086006531216363e-03 1.954267724158187391e-02
-2.466033756864938198e-06 1.341260880916905762e-03 2.265506434396380442e-02
-3.306036239214549255e-06 1.505235750361932912e-03 2.743488669649885026e-02
-3.241877307158524957e-06 1.667476849279259099e-03 3.192374783100260238e-02
-1.372160684742773640e-06 1.711530633248914413e-03 3.228087449467276215e-02
8.108646696314281144e-07 1.617258062875437385e-03 2.815030014318953278e-02
2.142831714846415991e-06 1.445861582376084531e-03 2.176407977246364034e-02
4.885473938398554594e-06 1.113269137161310152e-03 1.022554058664115750e-02
6.337373551934533111e-06 6.999449580712968633e-04 -3.429463966118539986e-03
6.676711655440037418e-06 2.806070832346851951e-04 -1.676066519677466005e-02
6.946348408254365836e-06 -1.401560853105943139e-04 -2.974838629718679073e-02
5.780454519710431782e-06 -4.733241504650265163e-04 -3.939018957549422773e-02
3.519749813385431025e-06 -6.480199072250725223e-04 -4.354362588999993733e-02
2.672594189401245046e-06 -7.548750609048804350e-04 -4.555537687300481586e-02
2.504165363292898405e-06 -8.423178630145855550e-04 -4.696087495147072133e-02
3.115510031515000833e-06 -9.608402597107157384e-04 -4.940976425578269549e-02
3.139273894614547089e-06 -1.068456009433227383e-03 -5.136740912308712659e-02
4.275751669280403178e-06 -1.234679040259867300e-03 -5.527648804508022984e-02
5.423459002229513715e-06 -1.463173186429966854e-03 -6.107811239192995068e-02
6.533911850681306532e-06 -1.749450136952435120e-03 -6.856597012414411552e-02
5.732663929558512450e-06 -1.968277471639134912e-03 -7.346716310024392627e-02
4.992419245453127985e-06 -2.119787709113141183e-03 -7.607944505867458851e-02
3.373051760346967853e-06 -2.152506437638146419e-03 -7.471911294280242366e-02
2.321708716057635513e-06 -2.105982361352953802e-03 -7.092774169180593447e-02
6.386048230222485245e-07 -1.947719478504861268e-03 -6.360511001754209914e-02
-3.569775337552982819e-07 -1.724731433898285538e-03 -5.450141340492820063e-02
-1.001547517143208665e-06 -1.461745482294385390e-03 -4.441874448595406477e-02
-1.461680300240963959e-06 -1.171268007067960415e-03 -3.376885439023635804e-02
-1.356595351498235402e-06 -8.856008855170349747e-04 -2.363877252254775740e-02
-9.915627562362416825e-07 -6.212995283466082874e-04 -1.451641477398180058e-02
-5.168035857039399161e-07 -3.858044959249018468e-04 -6.597018685305267027e-03
-5.956513948746078313e-09 -1.821933681365184299e-04 6.285410697470794616e-05
4.150890675624907544e-08 1.674693027520213207e-05 6.423858103342894310e-03
2.191095381465224534e-06 7.524305339906556256e-05 7.865861307088328758e-03
2.461542963683172047e-06 1.105402136237776389e-04 8.725128089796196917e-03
4.168338269106008909e-06 3.996649533799523368e-05 6.013678982032644171e-03
3.235177759686180821e-06 3.098773878890126454e-05 5.641074900202713849e-03
3.423723228590525025e-06 1.864588206412776117e-05 5.050197769087549915e-03
1.339358629337539242e-06 1.444243337817008310e-04 9.150762466449080534e-03
-3.418408970334851915e-07 3.796243623598316574e-04 1.658750814728016110e-02
-1.781473781603537532e-06 6.972177543298485602e-04 2.641557264127314397e-02
-1.668457746073492842e-06 9.874723094246973254e-04 3.490569598911941185e-02
-1.300881086852001545e-06 1.226773438055606125e-03 4.148740528320660204e-02
-3.614165389187462551e-07 1.380200703215983538e-03 4.506813659200048505e-02
8.137014184672608508e-07 1.436603643032996480e-03 4.541760354630919316e-02
2.988317547525376483e-06 1.339382288177204394e-03 4.073509027864985477e-02
3.232154779264639899e-06 1.221295634056762669e-03 3.574477498387884644e-02
3.032622107990157190e-06 1.121563551555349036e-03 3.154374332749587673e-02
1.237018870892114819e-06 1.141987368262487035e-03 3.149039124950325785e-02
-1.243533545913777516e-06 1.325944880612384136e-03 3.675518095229945992e-02
-3.961307746713771394e-06 1.676875622584450554e-03 4.723466940923848334e-02
-6.233305018810142428e-06 2.153005390977791311e-03 6.136566868655757290e-02
-6.824730321763894381e-06 2.632686675443030033e-03 7.500958927434009382e-02
-8.003570937664683527e-06 3.141478515496787249e-03 8.925050219444230493e-02
-6.620656542222214114e-06 3.514034801181398215e-03 9.843632167266735955e-02
-6.409075196556202059e-06 3.824211694267165562e-03 1.054959094909737605e-01
-4.882787847493297306e-06 3.999277694906155922e-03 1.078943285219333692e-01
-3.719334464080681357e-06 4.066744416536371975e-03 1.068292172460234557e-01
-3.223323588708026932e-06 4.082527792483303664e-03 1.042325680347646610e-01
-3.515540980769671364e-06 4.106347200713678092e-03 1.020696858884710956e-01
-2.300958069079150903e-06 4.046441193802929881e-03 9.713739324306902567e-02
-4.221538631998811297e-07 3.861653554666000243e-03 8.829109298440096509e-02
1.705747065816609620e-06 3.538800516377949013e-03 7.526270429511661142e-02
2.018337847076168146e-06 3.195599113221758714e-03 6.215827392724460054e-02
4.266211135584008218e-06 2.713792284526450604e-03 4.479858652346857539e-02
5.476744290633384082e-06 2.161305158781379188e-03 2.580231406920918680e-02
4.298328449836574805e-06 1.701343768551577540e-03 1.058295480881921158e-02
4.834423007027410790e-06 1.228591754749097653e-03 -4.778263487121403585e-03
4.750033542610943016e-06 7.830888960445037128e-04 -1.874553998124373067e-02
4.374726188527411352e-06 3.895864630630851977e-04 -3.060437610933774977e-02
3.871644232322779544e-06 6.039017006820301958e-05 -4.004170556007213833e-02
4.718486644184061163e-06 -2.931635464394899415e-04 -5.012435308086882202e-02
5.230683268964142485e-06 -6.515706149620159593e-04 -6.003474446288969979e-02
4.633730054881546323e-06 -9.440881845930171323e-04 -6.744294882960821802e-02
3.534602620813842577e-06 -1.139517619777929980e-03 -7.148890917802641631e-02
3.165086711609532699e-06 -1.291479179300836222e-03 -7.411411524167332843e-02
1.746336924512981170e-06 -1.339166392585466880e-03 -7.323524186042251749e-02
1.746482473974353411e-06 -1.377674832322761667e-03 -7.224217144106392929e-02
1.007971028754717224e-06 -1.365753326210472629e-03 -6.960147548655726268e-02
2.278474551031806072e-06 -1.432913358600851339e-03 -6.977032900987945041e-02
1.645458992727277803e-06 -1.458124020998985415e-03 -6.840793652110854772e-02
1.076084110152031315e-06 -1.440907145528913524e-03 -6.574226085334577974e-02
5.535656663058219351e-07 -1.385385782970538493e-03 -6.194113141929391553e-02
6.909522842768467399e-08 -1.296053274986719295e-03 -5.718183030994650196e-02
5.506061615534463272e-07 -1.230889421073966261e-03 -5.342530932368072527e-02
5.338319063463714542e-07 -1.157885181160778210e-03 -4.948194128192939800e-02
2.150592068983492311e-06 -1.174975252148380278e-03 -4.868450025758774835e-02
2.609357801608425120e-06 -1.208745614330930529e-03 -4.833337285242933490e-02
2.510520677567740222e-06 -1.217218504157679959e-03 -4.713301344716458452e-02
3.085451263373784059e-06 -1.247162202293705668e-03 -4.672841041354414138e-02
1.153148694976735555e-06 -1.143044866215192634e-03 -4.182738470685931631e-02
4.450878157147286629e-07 -9.867422633373923446e-04 -3.553598001990820876e-02
3.307396537755025179e-07 -8.230767495158719527e-04 -2.925545515719174539e-02
-4.368098713847246017e-07 -6.122144700163589803e-04 -2.159340769305884145e-02
1.784019254658097964e-06 -5.433792464765163643e-04 -1.896964077114060565e-02
2.525681773724031132e-06 -5.205590219378164463e-04 -1.774180802304692328e-02
3.951348196196136087e-06 -5.738794940693958679e-04 -1.903391812615962131e-02
2.844561215797902776e-06 -5.376417893673268722e-04 -1.718931706669013515e-02
1.054539684464117499e-06 -3.643938293755866198e-04 -1.096942692541058584e-02
-1.932769584045423983e-06 1.315560295378492839e-05 1.684280924506342814e-03
-4.914762728014387960e-06 5.807269390218916527e-04 2.000961275207324697e-02
-6.392192649862238341e-06 1.223871986347879748e-03 4.005009730634689902e-02
-7.580234703707944277e-06 1.906643894598492039e-03 6.072981974577817965e-02
-7.185393458120081789e-06 2.520132831062116274e-03 7.844381424043334050e-02
-5.588755611962703540e-06 2.979586250717813911e-03 9.061493735024317431e-02
-3.943302949283022940e-06 3.285359268335730221e-03 9.753834795329163754e-02
-2.791262945889272373e-06 3.473597304475606329e-03 1.005672906562060653e-01
-2.371580356652636112e-06 3.599020108196460122e-03 1.015868618921806910e-01
-3.240701795914624483e-06 3.749407540017068996e-03 1.035038796938954064e-01
-3.278535556705541865e-06 3.873572743756548142e-03 1.044555832257225703e-01
-1.052154046665698672e-06 3.823077381517658857e-03 9.960310562509588905e-02
1.227713986140521740e-06 3.597200730717342587e-03 8.931259708473993086e-02
2.990699012883624164e-06 3.241155013498531190e-03 7.524104430101985486e-02
3.984660652434079964e-06 2.817489902624426001e-03 5.951634332412147899e-02
3.647185485511350578e-06 2.418286715217932148e-03 4.516483493963630025e-02
4.097755395782165522e-06 2.002825991575973852e-03 3.065425251313236288e-02
4.898717472445746068e-06 1.552320285034491931e-03 1.542965953122110712e-02
5.365173272098289203e-06 1.087890413242753596e-03 2.399644798141142843e-04
5.186681434565798554e-06 6.556301731207581085e-04 -1.341458062323908074e-02
5.174993126022542356e-06 2.470164305486965972e-04 -2.593046573218038553e-02
3.363671518985533737e-06 -2.363800654059389217e-05 -3.352140554007521089e-02
3.105581686480007875e-06 -2.572637121894816303e-04 -3.986061238990368238e-02
2.175064467091480935e-06 -4.134285923340641489e-04 -4.348523712731555690e-02
9.571315342515873681e-07 -4.727141029740034028e-04 -4.389562076904351962e-02
5.793897580597118235e-07 -4.929028672815416456e-04 -4.313325831505077090e-02
-3.302458264631269458e-07 -4.460211984507189698e-04 -4.021755640265678444e-02
-5.226393235968629369e-07 -3.800720581536021214e-04 -3.685164427436471435e-02
-8.408800756809498012e-07 -2.931506760952551360e-04 -3.291373589974733171e-02
-3.081749000988232012e-06 -6.308405375732295539e-05 -2.436763072026315591e-02
-2.868278408008073654e-06 1.491630246730490938e-04 -1.686987953380003624e-02
-1.508285680018595087e-06 2.675982149432654111e-04 -1.267541045046272075e-02
2.222571397814121497e-06 1.412041531065888478e-04 -1.660169878653849906e-02
4.599552758444147571e-06 -1.383210375901500200e-04 -2.515506089560171077e-02
6.261346228830788618e-06 -5.141668648028785427e-04 -3.645332342655782654e-02
7.528574468285142984e-06 -9.544364017842754677e-04 -4.943235568183768081e-02
6.217832902555286978e-06 -1.287642953787804245e-03 -5.839700861097552043e-02
4.671628156649454411e-06 -1.496167346761168027e-03 -6.312131340184001793e-02
4.466987928553045606e-06 -1.666193780351488130e-03 -6.660350288187055767e-02
2.548036638572170887e-06 -1.691253440998852220e-03 -6.522919215823153039e-02
8.217729849935295761e-07 -1.585595529431382822e-03 -5.976745086060875067e-02
-1.229143877679028662e-06 -1.333474230625242285e-03 -4.979016349302489708e-02
-3.365870580696039838e-06 -9.406835271319469172e-04 -3.564385939511938162e-02
-5.002109438323465440e-06 -4.486349413362900052e-04 -1.881336449316961534e-02
-8.693467538178900611e-06 2.657426273737772959e-04 4.758111368496020788e-03
-1.040665582996425087e-05 1.067214358355883519e-03 3.022125605327175002e-02
-1.065669223199172677e-05 1.856806591473691981e-03 5.443797386075921452e-02
-1.114034645832706616e-05 2.647111291509851583e-03 7.799225285507471739e-02
-8.889567221226357674e-06 3.267926606252746780e-03 9.524546457434857061e-02
-6.356736121593264954e-06 3.699671535145943047e-03 1.059719253549331608e-01
-2.356597856412179226e-06 3.853099961155126429e-03 1.074263458091082590e-01
3.147399975311770959e-06 3.634596946513024562e-03 9.690492127906491504e-02
6.830520199674339210e-06 3.166366642200491022e-03 7.892809145404333648e-02
1.000397685946285975e-05 2.493733402723297132e-03 5.504104749473914815e-02
1.094735669160407099e-05 1.766455370056929652e-03 3.031744083296050718e-02
1.080183561785741375e-05 1.062714081328186566e-03 7.164421251603769747e-03
1.060851450995770051e-05 3.907581548183713949e-04 -1.429110568002189829e-02
9.918338409686811019e-06 -2.151697042049871555e-04 -3.297491908921190706e-02
9.476890807658122640e-06 -7.697807017632563031e-04 -4.950273725478404607e-02
1.009746569480274303e-05 -1.342586320272509681e-03 -6.621585777958993724e-02
9.306819763188478589e-06 -1.847877261840991103e-03 -8.018242245486550956e-02
8.809044832913670575e-06 -2.304528937261296484e-03 -9.222837056165156255e-02
7.045162760288548043e-06 -2.629833437757689296e-03 -9.964667182047293181e-02
4.264477208359984672e-06 -2.756293868924730717e-03 -1.004560506642533380e-01
2.500960465168233782e-06 -2.750931625291386240e-03 -9.715244327951122472e-02
7.991160995146628920e-07 -2.623881531030436420e-03 -9.009767358896780820e-02
-3.498668275092597924e-07 -2.417025707819098201e-03 -8.077568540283075471e-02
2.099454023962721294e-07 -2.242960348845746132e-03 -7.291720026443870850e-02
2.497265098599932287e-06 -2.211347121838347363e-03 -6.995320792912984587e-02
3.169122835933180227e-06 -2.214388977775150202e-03 -6.803748333764336742e-02
4.939013930282953879e-06 -2.314330382041540624e-03 -6.934588372090866315e-02
5.752393820390722112e-06 -2.446635787470063939e-03 -7.156222103860132577e-02
5.613074034904741438e-06 -2.549562120999881998e-03 -7.271040316349308696e-02
5.024040879431090900e-06 -2.593095376011711473e-03 -7.190939507703686395e-02
2.824161243530909360e-06 -2.478656142603563595e-03 -6.599654302636182024e-02
1.345640818439797215e-06 -2.258655713304857926e-03 -5.698289698833436390e-02
-2.185086935835300892e-07 -1.936634639780110412e-03 -4.499964556461022447e-02
-8.309390695515617153e-07 -1.580947296489054743e-03 -3.238938521619227906e-02
-5.035733157132682436e-07 -1.257030376293544194e-03 -2.123965592517929046e-02
1.199106284155426749e-06 -1.054600479572953553e-03 -1.438713419947057481e-02
1.138458927463226189e-06 -8.672560146650853952e-04 -8.072786793547281903e-03
1.190159829134174174e-06 -6.979784007665745804e-04 -2.527585523621533881e-03
-1.220243652788610689e-07 -4.585980804011624556e-04 5.195680775773814375e-03
-1.092593589713253266e-06 -1.619390680066556953e-04 1.449050864991652254e-02
-2.813131922407841046e-06 2.414595533702934560e-04 2.696930849843837130e-02
-3.886944701325667495e-06 7.123322388703501318e-04 4.117425569677579666e-02
-3.674831665301248051e-06 1.168676729271123094e-03 5.440181309290892386e-02
-3.802590150092655108e-06 1.626730878575344263e-03 6.732726521879173198e-02
-2.667929357658138656e-06 2.004642357526287277e-03 7.722720844812891450e-02
-9.711537238832335106e-07 2.267395511846403977e-03 8.314582629662181645e-02
-5.538223102341532922e-09 2.460837903002000004e-03 8.675838652670764262e-02
1.056306007884977305e-06 2.580102945890283550e-03 8.790687541704533814e-02
2.414806923312085019e-07 2.740640126691396006e-03 9.049094833266835280e-02
9.261275631944343445e-07 2.844842071299202857e-03 9.108147875497873969e-02
-6.388725348749346722e-08 2.989877382231664882e-03 9.309190530154531906e-02
1.019069263086258559e-06 3.036030715745763331e-03 9.171817618444633169e-02
1.629110869094674285e-06 3.003004396487596317e-03 8.790948395037800900e-02
2.939152714542814238e-06 2.846717551023725257e-03 8.024189396382275241e-02
3.118876468866105256e-06 2.636044410943783056e-03 7.116875408697187488e-02
1.811731311973652225e-06 2.470993805143373301e-03 6.394175549564962147e-02
3.142929282384798739e-07 2.367751125464279127e-03 5.890845835101643502e-02
-1.225900732926277215e-06 2.333291236223167253e-03 5.621912536587458931e-02
-3.208654330344451466e-06 2.404373990991026666e-03 5.701242391783067909e-02
-3.917359588490043620e-06 2.506141479258983118e-03 5.865973772459454061e-02
-3.052984374307676774e-06 2.543577294191079474e-03 5.809860242117537155e-02
-2.887191279055123516e-06 2.563758264828353006e-03 5.707707974434428344e-02
-1.163756969457807600e-06 2.473124326767273118e-03 5.244433770467904488e-02
-1.753818490435321564e-07 2.321079378230117563e-03 4.607126293931407268e-02
1.852388804901572428e-06 2.047969879648503522e-03 3.596331600550106700e-02
2.414719062593384535e-06 1.751052828860455435e-03 2.552927982993158373e-02
2.736856526297515302e-06 1.455220041041704881e-03 1.546455080330044751e-02
1.986977558599001270e-06 1.229953776713310631e-03 8.025610796353221943e-03
1.697664937072573821e-06 1.047143053921062439e-03 2.112826650294774566e-03
6.878587494041354944e-07 9.470280640686556950e-04 -9.480473435521385994e-04
-6.314298138798690729e-07 9.413611499798912874e-04 -9.089379718285606202e-04
-2.054755528946294874e-06 1.028763932215404076e-03 2.079567706560370155e-03
-3.480270661770923368e-06 1.200384475229743231e-03 7.640861210330918141e-03
-2.965982933478272798e-06 1.325666783402845716e-03 1.140228780544205733e-02
-2.966672670190462213e-06 1.434988319552465974e-03 1.459270420859337669e-02
-8.421795748558835726e-07 1.401847598336170009e-03 1.300823145059637476e-02
-6.177299227694277306e-07 1.350574394185954930e-03 1.106013227420077349e-02
1.208243411987552918e-07 1.260145443906290907e-03 7.894502724191010401e-03
-8.140827074676337816e-07 1.241043902813765420e-03 7.223884773015942784e-03
-1.090683228954780759e-06 1.253888467715569277e-03 7.530258117552035557e-03
-5.723758373932241739e-07 1.245535535219111090e-03 7.090853172982747310e-03
-6.404777443957954119e-07 1.248019757914331507e-03 7.050526663315181963e-03
9.106492706578706020e-07 1.156870312707503068e-03 3.912333988040694877e-03
1.757975043981119256e-06 1.013842924375119026e-03 -7.200349405156458715e-04
4.138004633946756883e-06 7.251156688692361740e-04 -9.950678029094328636e-03
5.270103607846188254e-06 3.746587166687520565e-04 -2.075729436243922699e-02
6.717576583437079307e-06 -4.568147878236672454e-05 -3.347504211349616732e-02
6.367070400470353775e-06 -4.177213229057397115e-04 -4.414481260469926838e-02
6.590961598273992195e-06 -7.739789992630141668e-04 -5.404883722264153256e-02
6.125779253851604267e-06 -1.074908523194140209e-03 -6.186237630590984971e-02
5.342724182066937999e-06 -1.303185538764517482e-03 -6.713001342684998818e-02
2.532590202330986529e-06 -1.337990177587289331e-03 -6.597501971640507001e-02
7.438936315828925672e-07 -1.252431023287980949e-03 -6.114194813485696045e-02
-1.452993462547347292e-06 -1.030275023097826370e-03 -5.210801006098564336e-02
-1.402042802189917836e-06 -8.212723274634292636e-04 -4.394158032040618167e-02
-7.596373897689190358e-07 -6.662103626482451801e-04 -3.776806333678361938e-02
1.092171763250604499e-06 -6.366148790289960502e-04 -3.583421525793695217e-02
2.035264923594404252e-06 -6.694333263386198496e-04 -3.585591028677037606e-02
3.464242634976244517e-06 -7.868484016042565088e-04 -3.858606604003012031e-02
3.652143956478504094e-06 -9.089766666789955707e-04 -4.129060610894175198e-02
4.190603024034622592e-06 -1.052435383384731082e-03 -4.461683154052642486e-02
3.925382115244069325e-06 -1.168272212233367746e-03 -4.691471413747594355e-02
3.283331829195823559e-06 -1.229097445301086111e-03 -4.737757105069695385e-02
1.530353937240214179e-06 -1.164637649511246487e-03 -4.378443484514571438e-02
2.531133077576797064e-07 -1.004468091849064493e-03 -3.731119903097712687e-02
-3.606290678082046952e-06 -5.910388335808036686e-04 -2.283186713782847654e-02
-5.718037313195978300e-06 -4.412598919278920562e-05 -4.707701005982611875e-03
-8.352220326357517877e-06 6.532968063882593768e-04 1.766914187486756660e-02
-1.019368227828110207e-05 1.439347079163155740e-03 4.211741323148032734e-02
-1.064102447301262799e-05 2.212377698863288167e-03 6.531995481675356707e-02
-7.552352310868926111e-06 2.742576213989766920e-03 7.989725585829532406e-02
-4.773992707152174830e-06 3.052338483573113770e-03 8.711686240442007012e-02
-3.258650956849962199e-07 3.047076625023681373e-03 8.405490845877006123e-02
3.350542728153271810e-06 2.790170102174860389e-03 7.321078920296297810e-02
7.491464317554985541e-06 2.269619945191925225e-03 5.433752859208706987e-02
1.076509114694701452e-05 1.558450445914516536e-03 3.008350243441348937e-02
1.161219338041696858e-05 8.246940527446566804e-04 6.026006031583097666e-03
1.174335069376031271e-05 1.238600526538569113e-04 -1.622403709799069560e-02
1.056804544841138949e-05 -4.612417628014897630e-04 -3.406631260023473828e-02
8.323064194737384014e-06 -8.648873041406934803e-04 -4.557609396253314848e-02
5.632113532327842620e-06 -1.066912001038700097e-03 -5.035612086092489115e-02
2.808331471260139267e-06 -1.071138464826648651e-03 -4.875207039465268011e-02
7.514641020556211970e-09 -8.930490405634206041e-04 -4.145405055196604849e-02
-2.218713939572403149e-06 -5.833282536088502113e-04 -3.027194096650442923e-02
-3.623875167613199721e-06 -2.025552393773999427e-04 -1.724409068844146020e-02
-2.688199642664201860e-06 9.471782296810449253e-05 -7.417448638083135037e-03
-2.092898023553502185e-06 3.318172872155411568e-04 2.516844590978450924e-04
2.267449464854465191e-07 4.040061801481309445e-04 2.360406624652089391e-03
1.866270643913203742e-06 3.590641866370036794e-04 7.662668675592065881e-04
3.128796829177105110e-06 2.252607287118735258e-04 -3.558137088435220363e-03
2.265629995723550394e-06 1.396224646076360543e-04 -6.075420074588722130e-03
3.271311056374237580e-06 -1.168661292438866184e-05 -1.073226729340559515e-02
1.799855187556431702e-06 -7.554159299727469801e-05 -1.230647666268525064e-02
1.573864085058218620e-06 -1.251026005082422898e-04 -1.347551163297433519e-02
-9.100907251147205557e-07 -2.076395625072446904e-05 -9.583718297581533818e-03
-2.009532978131112202e-06 1.544256606942351340e-04 -3.671658817263612207e-03
-4.317903505191011959e-06 4.726820142686438686e-04 6.672676262553967064e-03
-6.649037179728978231e-06 9.353848932265318439e-04 2.127344899923344634e-02
-7.006211407256657253e-06 1.411523857147378713e-03 3.571850132707510284e-02
-6.405113352370150892e-06 1.836844531699077798e-03 4.806649763906878370e-02
-4.407438917053418947e-06 2.123824046550981670e-03 5.558592877004553401e-02
-2.279291604012634309e-06 2.266889921451964440e-03 5.833930541282050797e-02
3.228646989761330133e-07 2.236970232308843620e-03 5.551900480604254895e-02
1.162800385090534405e-06 2.147606572771243449e-03 5.103973683050289090e-02
2.088548312406679486e-06 1.994763230641627416e-03 4.468172005567438987e-02
1.644280832602262876e-07 1.959287697879563694e-03 4.242706020044262338e-02
-1.979017637543378783e-07 1.945179359734927615e-03 4.079838537943070165e-02
-2.808549085520084532e-07 1.934652190964558649e-03 3.931699485889716961e-02
2.490200728955116460e-07 1.891265956500465251e-03 3.680309647229718095e-02
1.054222252938608051e-06 1.802443894524219381e-03 3.291810622861479629e-02
5.338620880923627965e-07 1.754628997687857073e-03 3.054243615361817987e-02
1.304755642750343725e-06 1.670697720763891780e-03 2.700722943554656474e-02
7.582586247778522193e-07 1.632902934231572623e-03 2.513015834271747906e-02
5.537742885364238532e-07 1.620283776373687701e-03 2.407689412758418079e-02
5.183229863092719825e-07 1.616749544302575892e-03 2.332540661888571343e-02
-3.900632389308711367e-07 1.673171303005926980e-03 2.454702557350096903e-02
2.224753706814297516e-07 1.683019393065809943e-03 2.414251335235451101e-02
1.097874410271870715e-07 1.683288217540934717e-03 2.349502180023432807e-02
6.088978506957332115e-07 1.628437522974590657e-03 2.107636385275069024e-02
1.383771092933194780e-06 1.494233005109091295e-03 1.620188918844989168e-02
-1.220348686548078376e-07 1.421414718724367532e-03 1.356695883135605740e-02
-7.597425936145540959e-07 1.361505890909220362e-03 1.135784796936212260e-02
-1.439697876914891594e-06 1.318672073044813153e-03 9.759830882050790635e-03
-1.639638541939270056e-06 1.271563147435705865e-03 8.050407133984416319e-03
-2.080030210072081331e-06 1.243464080934453264e-03 7.017614093483004467e-03
-1.664288083569331889e-06 1.191936105757851472e-03 5.228355214251134697e-03
-3.716787767449325486e-06 1.281886174111845911e-03 8.135221952237037257e-03
-2.581347292474056587e-06 1.317156678956266092e-03 9.009839862432089674e-03
-3.777787186520775720e-06 1.443618181352745999e-03 1.290011816214464702e-02
-3.658348746715667232e-06 1.579577026174616705e-03 1.687940348402361401e-02
-3.865989452123130832e-06 1.739395153753209300e-03 2.151200030814903741e-02
-2.308229607228540203e-06 1.807092332108961585e-03 2.297859648083999673e-02
4.668801056872950994e-08 1.727774678926152774e-03 1.971532452448476747e-02
2.230871995467786917e-06 1.511530361988255855e-03 1.224851684626004911e-02
4.740903877920032983e-06 1.139769216402908292e-03 8.394471831629779501e-05
5.889374659617807595e-06 7.014330907121335557e-04 -1.372113821244314025e-02
5.867124054481642759e-06 2.785706743075877512e-04 -2.654638834841049899e-02
4.323809080220009093e-06 -2.979793755530923960e-05 -3.528485915718460042e-02
3.531832157732672783e-06 -2.668538442276435774e-04 -4.157087932550962428e-02
1.207563260718913511e-06 -3.361945362472251730e-04 -4.228894743024702585e-02
-1.299736941184903571e-06 -2.270212556714223950e-04 -3.736051447092481048e-02
-2.858200209732153496e-06 -8.468362070690460541e-06 -2.921036400037069214e-02
-3.432839446371183101e-06 2.536600828211277303e-04 -1.999913587389445802e-02
-1.601739463730211810e-06 4.015708498379400027e-04 -1.482068924703705548e-02
-1.067676200672273978e-06 5.174085191782529236e-04 -1.071491878422214938e-02
2.179763658349820332e-06 4.297367421807196664e-04 -1.331803558219224470e-02
5.664944410677108522e-06 1.257387260853448652e-04 -2.265967570856797231e-02
6.756319149703315929e-06 -2.399357352781406050e-04 -3.350536544773907721e-02
6.182506953389399484e-06 -5.615559358346233765e-04 -4.254090779874664108e-02
5.302215229652240680e-06 -8.210333238914957477e-04 -4.934072661914012947e-02
2.382503670794733353e-06 -8.932921594643206120e-04 -4.992336667316799037e-02
1.169450603022426094e-08 -8.144919852836052243e-04 -4.578128234544531772e-02
-2.022176656790719562e-06 -6.103041855841651042e-04 -3.784551339573316575e-02
-5.265903150974970970e-06 -2.063046649172228797e-04 -2.378502273007687684e-02
-6.108890504230579666e-06 2.414014653000506883e-04 -8.930265153596961269e-03
-5.769662063670466523e-06 6.536590570340727879e-04 4.293559716886496957e-03
-4.390055221348276859e-06 9.594687259377732147e-04 1.370879879997199957e-02
-2.071754993671071077e-06 1.101573285351542530e-03 1.764223187262281556e-02
1.467558460310769419e-07 1.091792286714410309e-03 1.669829858756255447e-02
1.768816668690220695e-06 9.765054097600200933e-04 1.251258279833411535e-02
4.011153889704743847e-06 7.260274681053502377e-04 4.169190495665997531e-03
5.039011217067290715e-06 4.214326613488639239e-04 -5.545137174675529579e-03
5.447759015564379581e-06 1.096171935281997634e-04 -1.515470777330474306e-02
6.021077342377445518e-06 -2.181215541467995678e-04 -2.499158275798429862e-02
4.731847964012381169e-06 -4.443818793423703895e-04 -3.123032006237513869e-02
3.064718314349512696e-06 -5.461189480034933652e-04 -3.335309868547131629e-02
1.744979916118438723e-06 -5.523606682356074771e-04 -3.244346217218185835e-02
1.110921892255589682e-06 -5.098031086440135695e-04 -3.007503364544428237e-02
3.222562297344744309e-06 -5.936520563362135405e-04 -3.192519892437895024e-02
3.704209059485208400e-06 -6.996877053710992556e-04 -3.430960417800621443e-02
4.344751752149988988e-06 -8.306102013662108874e-04 -3.741383358627548006e-02
4.077821131986958392e-06 -9.318378073002175910e-04 -3.944041035644230142e-02
3.379865903596623866e-06 -9.775586721840756610e-04 -3.964116132727957265e-02
2.013729625938154300e-06 -9.299101337756354724e-04 -3.686749335843786390e-02
3.675942490399819462e-07 -7.758857096047400148e-04 -3.082392420719992643e-02
5.578684617590923267e-07 -6.366067585352741531e-04 -2.554520065936216611e-02
-2.968539661862834578e-07 -4.500263279851868248e-04 -1.887209627759789399e-02
-6.661926245099536459e-07 -2.530652775549757649e-04 -1.211004762528622436e-02
-7.903437001521851357e-07 -6.153747200987602639e-05 -5.733778035592385081e-03
-3.119952769470302201e-07 8.220307038309115910e-05 -1.089203090652413053e-03
-3.913203827643485511e-08 1.903183533387142745e-04 2.312348003518538420e-03
-8.338899594173554419e-07 3.288265989263017275e-04 6.633501102634609126e-03
-1.947024608206504581e-07 4.111933341885976034e-04 8.975380685090739163e-03
1.528611762724452205e-07 4.601454538413207729e-04 1.022431691055247782e-02
8.297358542463939557e-07 4.627440164934881750e-04 9.967036402501072700e-03
2.123356130367959338e-06 3.893354858763853343e-04 7.301303038416584457e-03
4.151430930354749194e-06 2.014174325795092813e-04 1.080651748410321744e-03
4.543176688409644726e-06 6.980876018358728174e-06 -5.052362366972706909e-03
5.573677504200347244e-06 -2.318091996320603698e-04 -1.243851097813175599e-02
5.912484480230517647e-06 -4.714236072558275481e-04 -1.958834057620806313e-02
4.941258170410023354e-06 -6.336832792162017114e-04 -2.402224513444783938e-02
4.327186575059371876e-06 -7.481387978349740564e-04 -2.685674942961813194e-02
3.899770526505363932e-06 -8.342332464559287786e-04 -2.873641866859388827e-02
2.610049646856182903e-06 -8.430815979365569035e-04 -2.808709202604164901e-02
3.828408995265597525e-06 -9.290286027168193073e-04 -3.003446658844177719e-02
3.325917524610311204e-06 -9.859683411848063628e-04 -3.090476677386688742e-02
2.970117955247708608e-06 -1.013000399693320119e-03 -3.081470084237181162e-02
2.212101742560257378e-06 -9.771999727210545217e-04 -2.872317759618336908e-02
1.763098266382989721e-06 -8.954092299249261089e-04 -2.526851202393487483e-02
9.939476447451411900e-07 -7.503639565038522363e-04 -1.991308269452085611e-02
-3.873898073436521372e-07 -5.075255750204288319e-04 -1.161212791610255479e-02
-9.525387145714603321e-08 -2.807249860701244160e-04 -4.174487092407197508e-03
3.075516163963953886e-08 -6.867052064096768049e-05 2.585338808502424257e-03
-2.333476806337664300e-06 2.773859167530812186e-04 1.350129604672378747e-02
-1.488695068108114583e-06 5.471033479182985104e-04 2.148443755861384474e-02
-4.419032448743642760e-06 9.653923531023345106e-04 3.412924360411162539e-02
-4.738706152029870111e-06 1.368524455143349527e-03 4.575581298295050559e-02
-4.268423068998217218e-06 1.702896993976299456e-03 5.483452327707549756e-02
-3.428290899387675950e-06 1.950401091389553088e-03 6.090356881351666196e-02
-1.469781718443918805e-06 2.049219451799588754e-03 6.206639197435626087e-02
9.678714282257416812e-07 1.978024752244289530e-03 5.784012612646849405e-02
3.559611375991700299e-06 1.740549706541472119e-03 4.852460916870837693e-02
5.178236735292607307e-06 1.408725996584703211e-03 3.659574778577656673e-02
2.900666841831878173e-06 1.232687997181125539e-03 3.015981654051991256e-02
1.222865487426894049e-06 1.178671438864409282e-03 2.770550186735976084e-02
-1.078657211217581846e-06 1.275915198999166833e-03 3.010533388158265211e-02
-3.126331003633353589e-06 1.498615638228839586e-03 3.634845685657239756e-02
-4.021223343642077452e-06 1.764987170418841345e-03 4.369976612232751023e-02
-1.437054593544928593e-06 1.853152539643909691e-03 4.502306467230177134e-02
-1.110910947343946020e-06 1.909261037751130985e-03 4.545526278549516519e-02
1.492088880894471004e-06 1.800650731491826306e-03 4.056897165377071346e-02
3.664203429565304759e-06 1.560158178444348565e-03 3.172594182628207804e-02
4.111153380725873774e-06 1.302632281520832436e-03 2.272393308670794809e-02
4.190608386966943044e-06 1.054799144472262640e-03 1.431644984773017271e-02
2.157368914623702949e-06 9.450084453355156455e-04 1.061790635422354967e-02
6.131053914559814189e-07 9.364991861247062843e-04 1.016813620068024449e-02
-1.612646622239921612e-06 1.065351119459378992e-03 1.408060936882193914e-02
-3.131753409491011553e-06 1.279598023071759627e-03 2.050586813780697071e-02
-3.294950091992099317e-06 1.487704377297394132e-03 2.646072100891894152e-02
-1.830771397814956458e-06 1.585188499496403836e-03 2.866871746745225380e-02
-3.002678308883233171e-06 1.737103484027890943e-03 3.268640638002606735e-02
-5.817483034187276303e-07 1.723873471621617526e-03 3.118315964406370711e-02
-8.449347282946106930e-07 1.709475234745960748e-03 2.985720059991470166e-02
2.431955134607477476e-06 1.481420067999561496e-03 2.165404783484792262e-02
3.452049842089799370e-06 1.183358577101500941e-03 1.164551368685184940e-02
5.278745130454787216e-06 7.752477384930234194e-04 -1.562736017855392845e-03
3.570760937932071499e-06 4.832162239547521665e-04 -1.051624479521162669e-02
4.068373522292390021e-06 1.784099260393468001e-04 -1.973844492782328430e-02
2.998994721448156042e-07 1.232815250573615629e-04 -2.059695097826619303e-02
-9.997933847483153613e-08 1.095335158791677088e-04 -2.034335874347981132e-02
-1.758300537502144323e-06 2.087795485423704633e-04 -1.647848131852169828e-02
-3.005349271667512312e-06 3.912647391286494525e-04 -1.014940721026436066e-02
-1.596808116621772911e-06 4.874351962043110831e-04 -6.878275887835183511e-03
-8.798971065093752486e-07 5.391103086973547676e-04 -5.054808125438459143e-03
9.309819511971184625e-07 4.799600155231953380e-04 -6.826287430071520390e-03
3.213494614517919956e-06 2.884621133807385718e-04 -1.271475228011365033e-02
2.267312812165300784e-06 1.700982910501913636e-04 -1.593902225829291197e-02
-2.121902835661160225e-07 2.224168446560703671e-04 -1.362995162100855140e-02
-3.355838872898253555e-06 4.797019391926671261e-04 -4.933942185621820187e-03
-5.753173268785438665e-06 8.859637836879930006e-04 8.120141133665104149e-03
-8.193413159940377000e-06 1.432726317889043699e-03 2.518570549077825405e-02
-9.120525050643202292e-06 2.015282246966565438e-03 4.276941429593916766e-02
-5.893780475663135121e-06 2.372251226948840497e-03 5.251783383563335406e-02
-4.621214789057859207e-06 2.627111711304142005e-03 5.890355847492045882e-02
-2.394194186572384808e-06 2.723083967594019938e-03 6.006558323472499517e-02
1.678869115062653350e-06 2.553586971314469878e-03 5.277720551680675776e-02
2.163751806616431850e-06 2.341821803932608859e-03 4.459634996707784182e-02
2.347017658443917298e-06 2.113076840551952884e-03 3.614551208479133138e-02
9.249997150462263562e-07 1.967725185355817530e-03 3.065376931553953632e-02
-2.629219116312420113e-07 1.891084658595110213e-03 2.746258791251676712e-02
-2.752280768736348193e-06 1.963499272718882693e-03 2.911269247392356263e-02
-3.372082620023419963e-06 2.070287109442014994e-03 3.168239361873292914e-02
-4.032624597749556727e-06 2.215640762818438247e-03 3.539207215375217430e-02
-2.268387698733942415e-06 2.253334194718625838e-03 3.548435283321960121e-02
-1.319084789230817734e-06 2.230244911358703064e-03 3.371904879909970454e-02
6.599926882233653203e-07 2.083808357581595772e-03 2.808512516805228287e-02
1.139126990012950813e-06 1.905368944170149348e-03 2.170354964764609207e-02
1.360275035500180252e-06 1.709586682387742584e-03 1.498042734962967693e-02
1.448351770183542442e-06 1.502795831991088349e-03 8.118458350652835165e-03
-9.537142349747007586e-07 1.445090488339628720e-03 6.274683558785687509e-03
-2.549312618671528696e-06 1.484227353999445498e-03 7.465729163558476600e-03
-4.186916310322530421e-06 1.622814975776432078e-03 1.173837106837627431e-02
-4.821359719686668655e-06 1.800051801190249989e-03 1.703841948537943018e-02
-4.945564604286190047e-06 1.982865926721810723e-03 2.232738947938517349e-02
-3.360337832436499639e-06 2.065863088087649402e-03 2.424115400405257859e-02
-2.446269884937013472e-06 2.088401003717210713e-03 2.424496848293178353e-02
-1.398731433233102450e-06 2.043030387311350893e-03 2.211676821801700221e-02
6.518450168524481114e-07 1.865516361778229992e-03 1.586072624315315593e-02
1.670488875726849898e-06 1.620231440070840634e-03 7.730210923231117803e-03
1.671055527951992303e-06 1.374212055921475439e-03 -1.231277506295036517e-04
1.661245596695781757e-06 1.133271460511009465e-03 -7.580782964249355160e-03
6.753923477154089028e-07 9.544022082486058878e-04 -1.282499710833318041e-02
2.158557668163751941e-07 8.094669458051928501e-04 -1.687913792077111452e-02
2.553844469233013115e-08 6.789184946665027809e-04 -2.038009807205520829e-02
1.911647544372563345e-06 4.422131747876534291e-04 -2.720341281632032704e-02
3.289747443846469110e-06 1.369975467326867147e-04 -3.593186948111859458e-02
4.375751056162613395e-06 -2.073399961282085258e-04 -4.560151582681015725e-02
5.282364280490003949e-06 -5.786233945890284502e-04 -5.581825869773426874e-02
5.583747599180455268e-06 -9.339439886943967650e-04 -6.519827455241400394e-02
5.091605443485747173e-06 -1.231149852489288321e-03 -7.245010337198221073e-02
3.739439109695652519e-06 -1.418539464024703989e-03 -7.601384581511361205e-02
3.463986106622130023e-06 -1.569842421441203228e-03 -7.841160047026307645e-02
3.230960330613541487e-06 -1.694125057173589965e-03 -7.990313443062446730e-02
4.478865148371813376e-06 -1.880447229055226543e-03 -8.336864372345154095e-02
7.859311401958724019e-06 -2.256866240723631734e-03 -9.278187983454988519e-02
1.167788693084981233e-05 -2.838031144758002000e-03 -1.083265531937251946e-01
1.363815522364975052e-05 -3.491115296040625537e-03 -1.255486950131201596e-01
1.365143936055135399e-05 -4.088189694278376862e-03 -1.404099255152915227e-01
1.222014555862793728e-05 -4.543211062308705195e-03 -1.503284968360800722e-01
8.662676059367768744e-06 -4.736531233333618474e-03 -1.516850135564293822e-01
5.145305307041603271e-06 -4.686518636118686132e-03 -1.454250746181950937e-01
3.693991956654762987e-06 -4.540172549432730520e-03 -1.364715546906487553e-01
1.344337599851197496e-06 -4.255735814445049670e-03 -1.234379865025068135e-01
-8.848112101333960311e-07 -3.840983751070892183e-03 -1.067340884511684962e-01
-5.563511004669230431e-07 -3.458563558857097320e-03 -9.167725189545095077e-02
5.194448900458503715e-07 -3.153277913797714049e-03 -7.951467562306246961e-02
2.896809408403644426e-06 -2.992709103459612052e-03 -7.229308958320501688e-02
4.372685990738922612e-06 -2.914615061359482340e-03 -6.781140098759230739e-02
4.388571126834328595e-06 -2.822587290997047305e-03 -6.295098848329194752e-02
2.231640793159961333e-06 -2.584751125112028092e-03 -5.357412082000845288e-02
-1.403554799717099399e-06 -2.117528825640757617e-03 -3.724470117489975252e-02
-3.699370831833359574e-06 -1.519259181953280802e-03 -1.739202439502962605e-02
-6.242230714270657899e-06 -7.879108449548866133e-04 6.033464515046826904e-03
-6.389452782529225772e-06 -8.056074123885537119e-05 2.788272231494159925e-02
-3.901851859056115757e-06 4.403457425039558615e-04 4.312789038528253016e-02
-3.123931522741596467e-06 8.839785208267780803e-04 5.560668277139146909e-02
-1.252856889844000676e-06 1.194095879721190911e-03 6.349680202814544927e-02
-3.658319608912385945e-07 1.435895034973100337e-03 6.907939714240374229e-02
5.020099098640429247e-07 1.615850912330296651e-03 7.257193876537781918e-02
-1.264082813978717468e-07 1.828134647054779904e-03 7.705562959490519503e-02
-4.902410917217991937e-07 2.051196781867714591e-03 8.172629479692750110e-02
-3.633689341697721176e-06 2.447578559545249277e-03 9.181890014336557826e-02
-4.622867021297771828e-06 2.875965929233004204e-03 1.024911249501481159e-01
-4.528611966425621915e-06 3.259958707487520257e-03 1.114027361069083177e-01
-6.339567533597545435e-06 3.711854279165427428e-03 1.222764863936554036e-01
-4.147847291247064305e-06 3.988624346378477625e-03 1.271477468107500286e-01
-5.426549470222141736e-06 4.302118138800548053e-03 1.332184321118177195e-01
-3.968201467086096557e-06 4.490322644818522946e-03 1.350535526241158912e-01
-7.061849833789324293e-06 4.834375955997449736e-03 1.419597831442684921e-01
-7.887384698479493750e-06 5.197688442465153713e-03 1.491434290677702279e-01
-7.575312212515505905e-06 5.504195227503005938e-03 1.542832735353485418e-01
-8.659969302216019571e-06 5.837899468607243847e-03 1.602025145125955952e-01
-6.973350335337524797e-06 6.026864844672852328e-03 1.612781749618177329e-01
-4.956156995805649501e-06 6.049874050760184474e-03 1.571288875482128589e-01
-3.322411654238521805e-06 5.935535853143658613e-03 1.488428258075555899e-01
-1.435253186021778760e-06 5.679170016965606749e-03 1.363662968115009200e-01
5.188012892065607673e-07 5.286350505775194719e-03 1.200074409969078548e-01
-4.793865639451944105e-07 4.946945850236472708e-03 1.059727688893119524e-01
-4.483170243374523523e-07 4.603681364039546864e-03 9.218459331032780035e-02
-1.378472178403811199e-06 4.315522731799914524e-03 8.058378072442673457e-02
-2.259855521158371516e-06 4.078201654386326425e-03 7.091388272077669974e-02
-3.088255340011336614e-06 3.883153943830874866e-03 6.284747042499549963e-02
-2.399620008641800695e-06 3.634998768884178943e-03 5.328319997089359106e-02
-5.023956063388013149e-07 3.259678737050242248e-03 3.997327864638378081e-02
2.414207062373385781e-06 2.703025950928861221e-03 2.135419788818282427e-02
2.321979296171505780e-06 2.167054056578798793e-03 4.108041496987624441e-03
4.665029441019985512e-06 1.519688050852119332e-03 -1.621886231446789672e-02
4.704925279430671736e-06 9.138517371074517115e-04 -3.451378054456277766e-02
4.103353167805856572e-06 3.962305004654442797e-04 -4.947663748901320879e-02
4.667133633062814368e-06 -1.058356513070624061e-04 -6.357245404234457276e-02
3.338005020669942979e-06 -4.827916831573464407e-04 -7.325440136272809433e-02
2.098743670020386531e-06 -7.486680452959415533e-04 -7.919880617246644050e-02
2.891596296072940220e-06 -1.034615197373911499e-03 -8.570351671713627439e-02
4.161171625771675764e-06 -1.375501432249182088e-03 -9.375775603984659590e-02
8.549467198026849957e-06 -1.964232402541066236e-03 -1.094635597167268326e-01
1.187668343616277156e-05 -2.725399655884030992e-03 -1.300189981258359495e-01
1.359610945927958170e-05 -3.544966647087033351e-03 -1.516978506301489560e-01
1.446489319928412343e-05 -4.356009993626841492e-03 -1.724199146955336381e-01
1.145968220755966271e-05 -4.912504885043800229e-03 -1.843984936720002299e-01
5.178683909201620139e-06 -5.017001048372549121e-03 -1.817818624529747851e-01
4.158246945662469329e-07 -4.782809740589533121e-03 -1.687858056034654552e-01
-5.902211636155119123e-06 -4.142295474514945397e-03 -1.434601456970674427e-01
-9.849754442237124152e-06 -3.265236860678477626e-03 -1.116565087636978149e-01
-1.202037912417797116e-05 -2.284321363704933106e-03 -7.766814317139703050e-02
-1.226775761037357526e-05 -1.328555056931746137e-03 -4.557773775617457446e-02
-1.009027636483805779e-05 -5.443742218806946198e-04 -1.990565366992935736e-02
-9.717042076418103136e-06 1.830388244827840794e-04 3.325800572612003236e-03
-7.295481030511474785e-06 7.374335974770218627e-04 2.037976521614792702e-02
-4.917558277361955277e-06 1.128500766941487043e-03 3.184685066018833055e-02
-3.606756597718252522e-06 1.431580346919592017e-03 4.029073163404506275e-02
-4.809773323732891015e-06 1.804586815697284408e-03 5.078645605669418472e-02
-4.755912400067341395e-06 2.170416098868255261e-03 6.068476904751918255e-02
-4.573603308966056602e-06 2.511438722993641903e-03 6.950609060703882847e-02
-5.307717472646800161e-06 2.880580971526436329e-03 7.898578510496223615e-02
-6.462503421234000456e-06 3.302038450687216908e-03 8.983458927471499322e-02
-6.803422525458735493e-06 3.717897410364656707e-03 1.001443010471905204e-01
-5.751154514399559048e-06 4.045476645566870033e-03 1.073374708446563908e-01
-4.533315932753190225e-06 4.272115606822834977e-03 1.111678904423318848e-01
-2.778247028212277314e-06 4.371636030355174896e-03 1.109082853573630789e-01
1.671005796510804942e-07 4.267962395569924183e-03 1.042721533404251666e-01
1.795046506991582191e-07 4.143474641529865110e-03 9.733226450930687612e-02
1.202856205972935300e-06 3.940705774259534167e-03 8.811595363797830593e-02
2.688513788040580721e-06 3.628928398145880863e-03 7.575922470542417742e-02
-5.240508310633273936e-08 3.471889247553150426e-03 6.879727135489166479e-02
-1.351937794991098230e-06 3.383742909824904999e-03 6.411927154628704884e-02
-2.394390241078347970e-06 3.345780032834255735e-03 6.113297420824181927e-02
-2.297728437294921378e-06 3.289326287078342403e-03 5.760923764290204474e-02
-1.644135206313457331e-06 3.184034250182321557e-03 5.264945930319608891e-02
1.711978915297507342e-06 2.864395591734458790e-03 4.103852828242837703e-02
4.818217654578571540e-06 2.352283105076180547e-03 2.380180076916538212e-02
7.702595233749498504e-06 1.669188489083150984e-03 1.772143484103594346e-03
8.423763244669313366e-06 9.539176067256960323e-04 -2.049722716721724680e-02
9.524822820849987437e-06 1.863063143308085756e-04 -4.375052681460078752e-02
6.850394320467856346e-06 -3.996264124279669261e-04 -6.047927673162822870e-02
5.830941398887734550e-06 -9.031918997832732998e-04 -7.422686307933368255e-02
3.688169861848500375e-06 -1.254129748089694019e-03 -8.276244653387831995e-02
1.546947631103634535e-06 -1.457437102134306883e-03 -8.645706572518641053e-02
1.430604583685379794e-06 -1.636755318297211659e-03 -8.939088833635100428e-02
3.289010580276308104e-06 -1.914479370201949138e-03 -9.539195242627407367e-02
4.094920409314362075e-06 -2.223941590409506119e-03 -1.021535822848642638e-01
3.866274854658069415e-06 -2.495669002541056614e-03 -1.074931945484833840e-01
4.114243883635015919e-06 -2.760386668527514686e-03 -1.124832848047598866e-01
3.603902640314515793e-06 -2.974443225354450604e-03 -1.157199395394179486e-01
2.243630977727395504e-06 -3.084251108804281216e-03 -1.155830719462405121e-01
1.977054005786182955e-06 -3.155616338139433097e-03 -1.143082927449028396e-01
2.253091296533504817e-06 -3.211544901779772587e-03 -1.126124973830959775e-01
4.256012870740288889e-06 -3.346149091468575421e-03 -1.134880548294916469e-01
6.550323920995193561e-06 -3.565805098723062727e-03 -1.169914939509104634e-01
7.439811074150259884e-06 -3.772700310113119571e-03 -1.199286206477252481e-01
9.077691718706315527e-06 -4.011924303821245985e-03 -1.238234892079947969e-01
7.099319757952748944e-06 -4.073601793220138489e-03 -1.219338754791263746e-01
6.834866667471128920e-06 -4.074535536568557603e-03 -1.183045264301432198e-01
6.431660828698504417e-06 -4.026263149851772027e-03 -1.132640337467725189e-01
4.494371547036912773e-06 -3.848947270599811787e-03 -1.043076128333999542e-01
3.331383457816361471e-06 -3.601726890853917951e-03 -9.349215209100858459e-02
1.108281256656518110e-06 -3.229092858153759238e-03 -7.906139095305286801e-02
-1.568461290957223753e-06 -2.706673428755523858e-03 -6.038887728789132936e-02
-4.384816117808387759e-06 -2.035513206180894485e-03 -3.765001076667129354e-02
-6.197804487906299897e-06 -1.281383232831778685e-03 -1.305615850414509893e-02
-5.984020057581140861e-06 -5.697447446175729624e-04 9.395178887352972907e-03
-5.266923624736019605e-06 6.870777696366126008e-05 2.888384760226525572e-02
-2.355185906688372910e-06 4.990646534670517553e-04 4.122577395284610091e-02
1.056763580919994894e-06 6.958280311450959488e-04 4.592211186890837737e-02
1.171191925330994366e-06 8.671692685178200577e-04 4.984227550670006224e-02
3.099770711278981850e-06 9.062417976393177810e-04 4.945244594290576501e-02
2.910312042303520030e-06 9.394052758466830966e-04 4.898673578995671463e-02
2.174585163661202358e-06 9.996053225964640632e-04 4.939919756196253786e-02
2.664870286717135883e-06 1.012248983535579683e-03 4.826675113903844405e-02
3.740172253574591821e-06 9.431304335929535654e-04 4.460287739343105073e-02
4.083829310996822670e-06 8.418689168998572114e-04 4.008688148238581661e-02
7.002483739304565802e-06 5.623316994241012168e-04 3.005265695626180289e-02
6.176099931420875322e-06 3.347454876505562282e-04 2.210656379347852862e-02
5.002832242029242593e-06 1.855393914986791515e-04 1.685059565700131046e-02
4.181660495317096604e-06 9.385974230857740963e-05 1.352515826464051329e-02
-3.785795283928194976e-07 2.743259889268490070e-04 1.892443420761136252e-02
-5.163052800905010287e-06 7.276947458905169697e-04 3.264980241500214930e-02
-1.089080013777499190e-05 1.491973323953788011e-03 5.566893507272041575e-02
-1.493074203667843491e-05 2.448015370285494541e-03 8.388228331887592759e-02
-1.800360228904063220e-05 3.522755115721531993e-03 1.149010237178331728e-01
-1.901474750476417341e-05 4.588879763794517785e-03 1.446408800127789718e-01
-1.847115834302526238e-05 5.554674227833844569e-03 1.703153831961077280e-01
-1.470209699594438035e-05 6.233892426564136002e-03 1.861806514364341414e-01
-1.141494789244634767e-05 6.665795129250362550e-03 1.939209630685945207e-01
-8.946229440504049890e-06 6.915478674796915470e-03 1.958182631291094378e-01
-5.470669443397024878e-06 6.926779128025639665e-03 1.902079461000338867e-01
-4.552957411169122892e-06 6.861824442928377010e-03 1.825224199874850850e-01
-1.472564391535868822e-06 6.593182015875553859e-03 1.686382685333809306e-01
-1.357680781577386142e-06 6.301082641628097392e-03 1.545813721686590814e-01
-2.212557675823623171e-06 6.049011534729586970e-03 1.422377861226735707e-01
-4.009088442696873145e-06 5.897814621866226403e-03 1.334485695258409432e-01
-6.210865017286515410e-06 5.870824395478146940e-03 1.288049364249712614e-01
-8.539427383075226530e-06 5.969981232078369615e-03 1.282279447071674738e-01
-1.134407069425247272e-05 6.218670108982804479e-03 1.323392940581205046e-01
-1.182491616805170231e-05 6.468528879823187694e-03 1.362585505444322553e-01
-1.113554079906764471e-05 6.641689191802635506e-03 1.376257115672805398e-01
-9.387696310730886395e-06 6.674911774532388264e-03 1.345607457619983904e-01
-7.655344950147080496e-06 6.574754068408683594e-03 1.274510294191202320e-01
-2.527538438185095160e-06 6.147689170830972216e-03 1.102554023120523308e-01
-8.071212484195289250e-07 5.618758895266529052e-03 9.057693066434646667e-02
1.646530776805432694e-06 4.958227711723495190e-03 6.737440560386831478e-02
3.399887612776097967e-06 4.221926503661377339e-03 4.255321587626514912e-02
1.794774960789391471e-06 3.617368672002019281e-03 2.271555531443492093e-02
2.031492323389949561e-06 3.033979378719076081e-03 4.047167578118626707e-03
1.688249765263716284e-06 2.506559778609140920e-03 -1.229876493961579165e-02
1.560903325897866623e-06 2.018885541036574693e-03 -2.693415133859655697e-02
1.049403507896728982e-06 1.592293473379191582e-03 -3.922116890730209526e-02
4.307316531559912676e-06 9.929490806157570404e-04 -5.666842173441000163e-02
5.376306296100974436e-06 3.532165202715376040e-04 -7.475442566621004481e-02
6.807773311329201604e-06 -3.498254363993869021e-04 -9.428357762214534254e-02
7.381857628163679408e-06 -1.065172309811401874e-03 -1.135771101141274109e-01
8.495151070625484024e-06 -1.822852450549916625e-03 -1.336307736200814666e-01
9.339424102250415416e-06 -2.602459451167105087e-03 -1.537538682681582891e-01
1.149650219209319424e-05 -3.473462573891472616e-03 -1.761617016085403886e-01
1.373169424601083932e-05 -4.426121390452841808e-03 -2.004303266934528427e-01
1.345788575554673905e-05 -5.300116939271681815e-03 -2.214324497420416815e-01
1.342204780713229795e-05 -6.102028200738685015e-03 -2.395838430329788604e-01
1.201177337120662436e-05 -6.748331785922490056e-03 -2.523191750199773598e-01
8.967719321600897686e-06 -7.144061708173943259e-03 -2.568505570069303801e-01
5.694770620290334762e-06 -7.281378548001260498e-03 -2.532386221662661363e-01
1.415563901874250519e-06 -7.106204614865552216e-03 -2.400204276460848885e-01
7.170993022997951272e-07 -6.845822814916635579e-03 -2.247114956928788487e-01
-1.678406877925198160e-07 -6.486819560760803682e-03 -2.068010428472397688e-01
-1.117866586464177914e-06 -6.028275750522116283e-03 -1.863482573659043240e-01
-2.070189857511506304e-06 -5.474641926627610289e-03 -1.635695456130075165e-01
-5.238354172654169361e-07 -4.980593849145398266e-03 -1.434232076210655293e-01
2.347291272464246958e-07 -4.507326394967314798e-03 -1.245016987167413269e-01
4.038226446817505533e-06 -4.247101837031586058e-03 -1.128749016418661988e-01
6.263112662358016891e-06 -4.112221503419721813e-03 -1.054261373009728331e-01
7.140974327080051864e-06 -4.025334683175341155e-03 -9.964307270154981744e-02
5.838066994889867800e-06 -3.862105514627955927e-03 -9.159226657382379955e-02
2.503620656624239160e-06 -3.508665230218976916e-03 -7.781901531488299995e-02
-3.218265860693847458e-06 -2.832812186838395974e-03 -5.438400817573807444e-02
-5.990454441218151516e-06 -2.021288343877047922e-03 -2.756407562253171406e-02
-6.721213470950448965e-06 -1.204164313553413024e-03 -1.450424544605422028e-03
-7.403088097934773515e-06 -3.856966399360395314e-04 2.392603604445930898e-02
-7.044695532393285831e-06 3.764249040441036698e-04 4.676450985878233269e-02
-6.670664229158074221e-06 1.082133440496013677e-03 6.717683332307844424e-02
-6.788345940256235167e-06 1.768748699759736809e-03 8.641608630416719450e-02
-7.633622861408229099e-06 2.480126786048808540e-03 1.058811807738488930e-01
-5.839295052129100938e-06 3.054189289773523441e-03 1.204095798019730879e-01
-4.272021582346630098e-06 3.501254430710698529e-03 1.305819263823526644e-01
-3.849517012877168298e-06 3.888385073113953538e-03 1.386410357527012582e-01
-1.529527858118440165e-06 4.097669573133178034e-03 1.408740898472506942e-01
-8.128344388402819476e-07 4.220217455205954593e-03 1.404166576792968968e-01
-1.404789264830563766e-06 4.334704365656083525e-03 1.397768550112135078e-01
-6.461290945336539693e-07 4.359327483649089174e-03 1.363198040650848153e-01
2.636501635622234829e-07 4.287205510522085206e-03 1.299669586363427776e-01
2.704777112422229735e-06 4.031565588464625094e-03 1.180605718425016271e-01
3.353193989419356313e-06 3.716079712699826842e-03 1.047392103108255590e-01
2.596862873016636541e-06 3.432999418575555239e-03 9.288130843526465341e-02
1.759451827010316549e-07 3.287203336312494173e-03 8.570380315437331475e-02
4.688079912329445875e-07 3.115851481936937617e-03 7.784255561833330894e-02
-3.844211456605073352e-06 3.187627688525873637e-03 7.793486438105290404e-02
-2.382811237711113250e-06 3.150869609960693651e-03 7.442720592621721032e-02
-2.560262324619033691e-06 3.099274407608598736e-03 7.063289659511506891e-02
-5.706821350204283050e-07 2.904671483236143104e-03 6.243446884523340401e-02
1.937173640942368991e-06 2.537983309974345403e-03 4.912989923125654634e-02
5.614498348932572824e-06 1.944674927557343835e-03 2.916251082472842704e-02
8.764165889879604876e-06 1.169797221370894036e-03 4.193068026036694818e-03
8.082163345843329516e-06 4.578353277151503420e-04 -1.792158326330173246e-02
4.524637143066279066e-06 -1.341941984711603197e-05 -3.180224645438300968e-02
-1.344839024683408546e-06 -1.087818734968326595e-04 -3.353180694214108470e-02
-7.190329476505774586e-06 1.586864603280169206e-04 -2.397434831590139481e-02
-9.867971631383198883e-06 5.884340793342879294e-04 -9.803103482057817786e-03
-1.237238924979566779e-05 1.165828870681950846e-03 8.513781340132808850e-03
-1.321720008962135040e-05 1.785847176114074841e-03 2.753699220900429623e-02
-1.369729861315505115e-05 2.424836435681587687e-03 4.656661681823326404e-02
-1.149126712329806566e-05 2.919593385554586362e-03 6.045453193858696395e-02
-9.001031825869865166e-06 3.251684971490087506e-03 6.887884244069120143e-02
-8.419521466671020526e-06 3.536627353522003858e-03 7.566668295047973558e-02
-5.819474799190205161e-06 3.648380241075166452e-03 7.680593951695091626e-02
-2.787493377690020147e-06 3.565501034405338388e-03 7.187109817041248405e-02
-1.613572582853661785e-06 3.406524293157797700e-03 6.480386755814082633e-02
-8.990609007691885424e-07 3.202908853885855223e-03 5.658545356026034590e-02
6.281843954736299196e-08 2.940412425280980457e-03 4.678117935838765895e-02
-3.695700961925396655e-07 2.709217171224187481e-03 3.829777416179136473e-02
-1.480128616504483574e-06 2.552673716280873251e-03 3.240729700049782558e-02
-2.892212475250066639e-06 2.496551345133157795e-03 2.981904344421537623e-02
-2.424260702543756807e-06 2.431488871664999607e-03 2.696305909749963092e-02
-2.523808256937876138e-06 2.395008694255906789e-03 2.510228539155945349e-02
-1.411076414520318068e-06 2.313738171048962400e-03 2.186457516293183190e-02
-2.252477290659582465e-07 2.178697532212447996e-03 1.705453762786102168e-02
9.613126969731933258e-07 1.979888213554437115e-03 1.040865261361756389e-02
5.089331047689049647e-06 1.537489884348985925e-03 -3.689134833628093801e-03
2.606764228571534225e-06 1.254130200612157964e-03 -1.219414330801171786e-02
3.864536748707236846e-06 9.030055080960774916e-04 -2.268518102473082720e-02
2.966231044870815126e-06 6.126037493561220515e-04 -3.090299677079411111e-02
5.489975503550348357e-06 1.776224672984660913e-04 -4.347610482029629075e-02
6.156104278634555449e-06 -2.880787389925032471e-04 -5.655398565123537225e-02
8.356769749806591818e-06 -8.754381025364299518e-04 -7.306262890506376451e-02
8.762462687758598712e-06 -1.468663651012391824e-03 -8.919053235789187184e-02
7.759726875375405619e-06 -1.977112251403845278e-03 -1.021623905283024492e-01
7.570467337597586166e-06 -2.450611245996103804e-03 -1.136981862667532095e-01
6.293801010928690154e-06 -2.820348959377216858e-03 -1.216406930361757510e-01
4.509562984061910029e-06 -3.057083217701483946e-03 -1.252179231598475884e-01
2.522707660788936490e-06 -3.155376923289487934e-03 -1.244061677883063766e-01
-9.978383641445764951e-07 -3.027959680800496045e-03 -1.165891781717443010e-01
-4.179755661214146212e-06 -2.702219585612786190e-03 -1.028920544367597500e-01
-5.602962237893915898e-06 -2.287252105243720024e-03 -8.691170496873290574e-02
-6.601069105820200900e-06 -1.812495061470187352e-03 -6.957901181283254743e-02
-4.866711233460219166e-06 -1.445804510580073199e-03 -5.620666634278492779e-02
-8.277922363755796376e-07 -1.327900798974823715e-03 -5.101009005542445074e-02
-2.378684649251283645e-07 -1.241977344752953627e-03 -4.683258411812940558e-02
-2.374320670989193971e-06 -1.030333972624752903e-03 -3.880434899638940394e-02
-3.313904734000838737e-06 -7.651349541939467258e-04 -2.940460725505844586e-02
-4.621466484062974889e-06 -4.295057550887104725e-04 -1.809842644412507084e-02
-7.062879570425562026e-06 4.516113022257073339e-05 -2.792485662643340305e-03
-8.993560190136140609e-06 6.285992202821333308e-04 1.540060890328831533e-02
-1.159848106781907751e-05 1.364502266252953788e-03 3.778932278093694030e-02
-1.146537897678268081e-05 2.091996031983622828e-03 5.915662734131532652e-02
-1.195336923812129193e-05 2.846061986650605391e-03 8.072984805701177713e-02
-1.272455997499560842e-05 3.635945519031125173e-03 1.027726624683571455e-01
-1.310414561527320498e-05 4.422781289246113801e-03 1.240430535362808673e-01
-1.028006695185865182e-05 4.999435671637852963e-03 1.380656500689305677e-01
-7.430016851130843980e-06 5.361477474052467329e-03 1.450380207331454230e-01
-3.650579289759398049e-06 5.454376985858377935e-03 1.434549044729791500e-01
9.788272567687328340e-07 5.233757823192908276e-03 1.322068805619707188e-01
3.402677284207455966e-06 4.840652540295087292e-03 1.160477533282338047e-01
2.661714003506648885e-06 4.476574459132853789e-03 1.013852260490224477e-01
1.858507269053566446e-06 4.150851252671339253e-03 8.835274420195249334e-02
-1.442433173140522662e-06 4.009777392528501849e-03 8.150225037703795472e-02
-9.076774181993041424e-07 3.822625087833042556e-03 7.330282264724408137e-02
-1.465784635834577188e-06 3.658694268595219512e-03 6.610962980520262988e-02
2.429593918912287265e-06 3.254981884843521911e-03 5.157459347970272390e-02
1.451572302508738477e-06 2.910733164815937357e-03 3.948407232585071647e-02
1.560709630183884644e-06 2.566073439411509227e-03 2.770725441787647014e-02
3.700853783031830824e-06 2.098370325931853131e-03 1.241400038113993354e-02
4.792502013857991711e-06 1.571858020876115702e-03 -4.201030316499210215e-03
8.313582015502226155e-06 8.425414471402437044e-04 -2.666476070442458379e-02
1.193518256703007016e-05 -8.650329351445051884e-05 -5.462346961162833914e-02
1.299585712272481250e-05 -1.052106697685850634e-03 -8.278521119763948555e-02
1.323486531791800286e-05 -1.996871137053268797e-03 -1.094314786876293688e-01
1.453996403543052207e-05 -2.979843169420792748e-03 -1.364951798148865691e-01
1.084168032446271301e-05 -3.696863215452816931e-03 -1.543704059377852822e-01
5.747437449122455577e-06 -4.060369117765638691e-03 -1.607512049171109236e-01
5.587889268517803876e-06 -4.384017670183926185e-03 -1.658849539904052595e-01
1.407467577849846885e-06 -4.430291961435628423e-03 -1.621723501861986882e-01
-1.163633310501469009e-06 -4.305576582785963780e-03 -1.533545427435014652e-01
-1.857005952819040795e-06 -4.124362916279933344e-03 -1.431213512476219307e-01
-5.580516022805903642e-06 -3.707531895994264914e-03 -1.258264256514847190e-01
-4.714291627263417217e-06 -3.329788307097958366e-03 -1.104088093207040711e-01
-1.580798408420264201e-06 -3.125028444164845709e-03 -1.008663166646213138e-01
2.092215138412706343e-06 -3.118435115369910804e-03 -9.774321833481569577e-02
3.428348551100940389e-06 -3.158899579149165859e-03 -9.608920901852391339e-02
6.049663251801729036e-06 -3.317718656128842980e-03 -9.818083126657262127e-02
7.232467070957676603e-06 -3.505665450870942834e-03 -1.010643435665317114e-01
8.154345438028676174e-06 -3.706093904907836745e-03 -1.042420733981308523e-01
7.414028345364975792e-06 -3.825596037325462717e-03 -1.047804518139117125e-01
5.859636785017496852e-06 -3.824888527486747236e-03 -1.015750617552038104e-01
4.439198392200416343e-06 -3.720635628437829467e-03 -9.528131151811058963e-02
1.626879154649485404e-06 -3.438863629121158283e-03 -8.365956064938950831e-02
6.981739163192113296e-07 -3.095710186504785355e-03 -7.055497982483927011e-02
1.735151417971148025e-06 -2.803445363476653185e-03 -5.947347728353347129e-02
-2.728116344080655509e-07 -2.379475553078380656e-03 -4.456187061657201909e-02
2.533511585384173870e-07 -1.982183828653116819e-03 -3.100612492698484601e-02
-4.676222164282095584e-07 -1.542180883564281402e-03 -1.649946537983981720e-02
-1.289964801844123432e-06 -1.058556295971957439e-03 -1.080105147448717773e-03
-2.137103382884864011e-06 -5.396756739342034592e-04 1.496271863894738097e-02
-1.471097894341355516e-06 -8.415530110283953036e-05 2.851833192887132107e-02
-1.066830934398632635e-06 3.149905800619023921e-04 3.993399904138095202e-02
-1.303891345304231120e-06 6.945940288447527422e-04 5.042602956654973489e-02
-2.352518913548151680e-06 1.098528956481770180e-03 6.138038095154407792e-02
-4.772116557472116938e-06 1.600425675613692533e-03 7.507294912584927538e-02
-5.301817014247145465e-06 2.078918026010345699e-03 8.756954141160777638e-02
-7.864331512980049510e-06 2.653701370741279320e-03 1.027346180735222436e-01
-1.185831924641056467e-05 3.408303395690648330e-03 1.230464548245782108e-01
-1.143995783343954020e-05 4.079852890994883907e-03 1.400471291750453595e-01
-1.181700134419982895e-05 4.721847462665129669e-03 1.556638605131683839e-01
-9.570589334012558069e-06 5.185760095948399595e-03 1.652380482061686084e-01
-8.070614261238007181e-06 5.518025951987581834e-03 1.704927611891224881e-01
-4.481783805188044312e-06 5.599364772611137298e-03 1.677805246822714480e-01
-4.951150014226302076e-06 5.669246674974592892e-03 1.649326613675148323e-01
-3.931110225147138593e-06 5.643980781564028604e-03 1.591875289984394648e-01
-2.193242984060983503e-06 5.480842366306415414e-03 1.493379952259723531e-01
-4.646794376367280321e-06 5.440725017491265803e-03 1.437298965068523060e-01
-8.618669422907898614e-06 5.608617040505192719e-03 1.447607345552859304e-01
-1.222292416801218362e-05 5.952939324300077217e-03 1.511944206403770252e-01
-1.602443269706210760e-05 6.479677159163976796e-03 1.630759488803523727e-01
-1.779534083548584000e-05 7.061384642286672175e-03 1.762334068552351418e-01
-1.998183857301882860e-05 7.725133654628679736e-03 1.915507145590409355e-01
-1.979101923839376997e-05 8.335774735409140490e-03 2.047001680743871788e-01
-1.839821359664317590e-05 8.826113777397059934e-03 2.137112040725659412e-01
-1.492752385648388191e-05 9.080266071908260628e-03 2.151033184393487119e-01
-1.100741012018124909e-05 9.086779280268686421e-03 2.088088846732372161e-01
-6.969378035445727981e-06 8.844628282733690838e-03 1.950318642647099754e-01
-9.845920175693967380e-07 8.240848662839361793e-03 1.704499970395672026e-01
3.294042748416825539e-06 7.394140461153275723e-03 1.391765339394110956e-01
3.083752590671284821e-06 6.576472078279937961e-03 1.098850260346413421e-01
2.632140391395365597e-06 5.800432093300500469e-03 8.276402192055565266e-02
2.571428027758893009e-06 5.040557945741985790e-03 5.694414264542890791e-02
3.707271127625921814e-06 4.216349508112893218e-03 2.987428392984847747e-02
3.902730034616164190e-06 3.387651998470575521e-03 3.511560675610869708e-03
4.118611795916882201e-06 2.562528110375827950e-03 -2.194533953757860090e-02
2.331218300372084329e-06 1.870423812793342577e-03 -4.246912764742405422e-02
1.595116145225450310e-06 1.250057540692184332e-03 -6.019743508595021275e-02
2.908800103659792136e-06 5.850034583898544582e-04 -7.883142699635858897e-02
4.205530252682221359e-06 -1.161408062737567803e-04 -9.801504322887111265e-02
6.453144607565519664e-06 -9.009651108522476193e-04 -1.192281154990968428e-01
6.599055594386227241e-06 -1.637754126108559305e-03 -1.382599900915171265e-01
5.681461916234864518e-06 -2.262707424484089458e-03 -1.532455053536339040e-01
6.758594183003951983e-06 -2.897699924902852331e-03 -1.681534036021878897e-01
6.291306333727764155e-06 -3.454673736730695666e-03 -1.801690419522234965e-01
4.556960455259773113e-06 -3.859919160187796905e-03 -1.871176817836135431e-01
1.733869228748297076e-06 -4.049629067788496073e-03 -1.871919969368693870e-01
2.457733654259719458e-06 -4.246063304066183264e-03 -1.875813268901072028e-01
1.928033652814908905e-06 -4.373348369934637603e-03 -1.857966611174697302e-01
2.287917823862173350e-06 -4.485947857935990157e-03 -1.836437874312273344e-01
3.582365927706776532e-06 -4.640316913649744635e-03 -1.828723219170060865e-01
5.303528062799989229e-06 -4.860201627441274042e-03 -1.841565417246247005e-01
6.179549269957895774e-06 -5.088649937272426982e-03 -1.856442849986090771e-01
5.095425341439252520e-06 -5.204868288191777381e-03 -1.835818630750971625e-01
2.052759648263347003e-06 -5.095025613830683753e-03 -1.745753842183686011e-01
-3.787133751320670427e-07 -4.805612286774563202e-03 -1.603374870604981073e-01
-1.427529263686722061e-06 -4.432563882741380468e-03 -1.439994233764612108e-01
-3.756794777293182008e-06 -3.906505318560293816e-03 -1.234138359375560601e-01
-3.645379062944265058e-06 -3.384932052486577803e-03 -1.036580151627530810e-01
-5.319795118086112495e-06 -2.775391908121482842e-03 -8.174732321062005980e-02
-4.323049623611296965e-06 -2.240402615365955086e-03 -6.286351937240608478e-02
-2.011580308963756281e-06 -1.859624400098347508e-03 -4.932844040055583967e-02
8.926836623790457281e-07 -1.658484288836081788e-03 -4.174038283131920046e-02
9.957167625973539771e-07 -1.461231714143584881e-03 -3.442272152131020668e-02
4.206195544281809973e-06 -1.440566265889842157e-03 -3.283799488070648920e-02
5.363190257290373353e-06 -1.470044797169389739e-03 -3.278799128606180169e-02
5.951927774444643049e-06 -1.509094682499823037e-03 -3.301793252543672175e-02
5.730302553352828454e-06 -1.503950423884514720e-03 -3.185831208497957867e-02
6.609439030219599331e-06 -1.525673106727687411e-03 -3.159288873979337886e-02
3.991924205998254038e-06 -1.377858024117495361e-03 -2.603110071935654801e-02
2.705813678893775887e-06 -1.154554434695809206e-03 -1.835632771678685771e-02
1.152751293032050484e-07 -7.965880114253476307e-04 -6.740721354293821577e-03
-3.984266874756947630e-08 -4.617675561577883059e-04 3.743591438349902489e-03
-1.478503603574710112e-06 -8.702524957460155974e-05 1.517130310273828719e-02
-1.006052991775474581e-06 2.082052524139399452e-04 2.375553921706541338e-02
4.133714054666004500e-07 3.669179498455577004e-04 2.785601905130352662e-02
1.763537200993869902e-06 4.009941110303394396e-04 2.800314919913038381e-02
1.529722336718331022e-06 4.137877174867909957e-04 2.753721586272916966e-02
5.055054035085770892e-07 4.598769034989125259e-04 2.813418992948135688e-02
-1.891002390869145344e-06 6.304911815275815457e-04 3.258772857434211190e-02
-3.899011482982883692e-06 9.071314345221459519e-04 4.016353952418305617e-02
-5.648449599437999069e-06 1.268004045011927872e-03 5.009671509172486381e-02
-9.724015391704421418e-06 1.842905313343301543e-03 6.638113948975288281e-02
-9.309083598446621366e-06 2.358645798293590445e-03 8.023351028904257554e-02
-1.116507242546194156e-05 2.948204629330763993e-03 9.600799868095166723e-02
-1.108072421543426778e-05 3.495561186008355747e-03 1.099595918806151040e-01
-1.051590349618325426e-05 3.972118028019888669e-03 1.213044762011388222e-01
-8.208038290241637114e-06 4.273263701868756925e-03 1.268651816896786411e-01
-7.599182437673102086e-06 4.502318160107154910e-03 1.300910533712695827e-01
-6.850078922232549772e-06 4.658079172127571610e-03 1.309658904429109594e-01
-7.052382608174756484e-06 4.802327574894071915e-03 1.314914971447607162e-01
-3.696622486226708304e-06 4.733435839569644088e-03 1.253510677122275929e-01
-2.671759451816635433e-06 4.596710227776412694e-03 1.173774663446123245e-01
-1.338275337797734110e-06 4.378567327727456160e-03 1.071323774271555340e-01
-8.941853157917734052e-07 4.138953931726252478e-03 9.656355606774869038e-02
-1.916354300135481026e-06 3.966514042375912652e-03 8.842136854978011051e-02
-3.644253380646889084e-06 3.898091254254332227e-03 8.374292179454712048e-02
-6.175914248368608028e-06 3.970334075479531322e-03 8.355220004202990047e-02
-9.031258586977841674e-06 4.197697795606636362e-03 8.814905265001571344e-02
-1.044644020833929154e-05 4.486938180273458698e-03 9.447162867119196505e-02
-8.568194488800529030e-06 4.641019009209212953e-03 9.635875783445535525e-02
-7.596995589331800858e-06 4.720134699526035149e-03 9.591259078829805773e-02
-4.083593058257228847e-06 4.584411168307767070e-03 8.880791897920214950e-02
1.112728521102113177e-06 4.147410895705583300e-03 7.261077155385420312e-02
5.490574847610840692e-06 3.470598658518397883e-03 4.955127333055631134e-02
5.292671664602899284e-06 2.830439315253396870e-03 2.843543976175189059e-02
5.309458479096917927e-06 2.212303515204183668e-03 8.623925213312455540e-03
2.910741659867266407e-06 1.755642676410928971e-03 -5.563618234910583382e-03
-6.361310054825430882e-07 1.516859871001585702e-03 -1.259932894803195147e-02
-4.655539456221990946e-06 1.513786505181080599e-03 -1.216680870342123910e-02
-7.781932770678512412e-06 1.677690527325026437e-03 -6.642131718379795657e-03
-1.086235343944474963e-05 1.997542067489366246e-03 3.507671616866048225e-03
-1.281058643531896024e-05 2.402963178714134784e-03 1.595322965694423445e-02
-1.260713419148906667e-05 2.768359941608622421e-03 2.674031998812154143e-02
-7.282428600541290820e-06 2.793032020004027061e-03 2.659950039516689735e-02
-4.063764430184413357e-06 2.621804526033777449e-03 2.050318302925457914e-02
1.025760761552696465e-06 2.160579875978729802e-03 5.634580219826990088e-03
7.914536002073813137e-06 1.321001685123057712e-03 -2.045417945772354251e-02
8.441543952575347731e-06 4.978730677036580232e-04 -4.508779774469084956e-02
6.746316588479572829e-06 -1.678527927442274859e-04 -6.408724909203011855e-02
4.478967171983594397e-06 -6.505010051180981634e-04 -7.688000752851187336e-02
1.482059701629623305e-06 -9.153630359084452550e-04 -8.258278987816503047e-02
-3.812239226241853629e-06 -8.413171689549692189e-04 -7.765233855947317743e-02
-5.566103229659447038e-06 -6.505018201816703538e-04 -6.937478873759528319e-02
-5.477370547790627597e-06 -4.617673242472974948e-04 -6.145859272693976472e-02
-5.970018115530884018e-06 -2.403837228461824793e-04 -5.276459769448726966e-02
-4.213841149791619500e-06 -1.153727393878867247e-04 -4.734583010141713011e-02
1.418916978357387393e-07 -2.312617637518776803e-04 -4.954822235749367643e-02
2.148500950371889928e-06 -4.381123602130720940e-04 -5.441997290699407408e-02
4.422087968525278967e-06 -7.453824591583391168e-04 -6.223520683167804712e-02
4.236187462425267114e-06 -1.007183982325798866e-03 -6.836328143918701805e-02
2.810864129954016022e-06 -1.154463695300478321e-03 -7.076525922744458796e-02
7.997233817946813872e-07 -1.160909408925103747e-03 -6.876172389166512744e-02
1.579839075727118569e-06 -1.206665469017043080e-03 -6.809606348536711984e-02
2.111787431591238828e-07 -1.165816353802640037e-03 -6.474348222286363530e-02
-6.874880733587218629e-07 -1.074644729741613958e-03 -5.996206532296466385e-02
6.975210570803191956e-07 -1.071676337288440806e-03 -5.808611585661171972e-02
1.679265979104282991e-06 -1.131121585401295704e-03 -5.817346690661140407e-02
2.426819740553032290e-06 -1.232027216367725941e-03 -5.952443026984011176e-02
2.021955542219622259e-06 -1.304265123863501685e-03 -5.992951077792096903e-02
1.045310316527547911e-06 -1.314168492662748378e-03 -5.839766774891641532e-02
-1.707113344073807326e-06 -1.162009555962573160e-03 -5.190089646465101403e-02
-5.778392895505746196e-06 -7.705425118675890417e-04 -3.822631657028718877e-02
-5.844408866306771699e-06 -3.832797963498890681e-04 -2.518367974721624769e-02
-8.426039086184555771e-06 1.469990820841537982e-04 -8.088141321948238982e-03
-7.648023199302578234e-06 6.190300797270786859e-04 6.630209693393451786e-03
-9.230305968555008178e-06 1.168416922722403939e-03 2.333158823475001142e-02
-1.093940523955172495e-05 1.795125487729531955e-03 4.190400175645403458e-02
-1.113625726312239550e-05 2.399029042455591565e-03 5.918222156486252494e-02
-1.004768124429622489e-05 2.895301169716812950e-03 7.260825306859852724e-02
-6.311168808281752973e-06 3.126485559524994073e-03 7.743920257240555216e-02
-3.362699628306486943e-06 3.150774667032063547e-03 7.579898370536453100e-02
-3.912122729099465346e-07 2.977250505451944917e-03 6.814207101966429647e-02
4.825675530284456727e-07 2.744924342593435540e-03 5.896279238598012284e-02
7.751847081460816469e-07 2.504442647895288587e-03 4.982799484368594101e-02
-1.763059594983573675e-06 2.434201393360702070e-03 4.625697170979958806e-02
-4.139164426097963201e-06 2.520301026626370344e-03 4.758533613978199739e-02
-5.348058201404271017e-06 2.688960450081268050e-03 5.138092341835109877e-02
-5.420489630647562507e-06 2.865032239952824966e-03 5.526375512455827810e-02
-4.405442090571476399e-06 2.976261958846926348e-03 5.701562480208055561e-02
2.696696681347976465e-06 2.659740981767466650e-03 4.546276431536644402e-02
4.572859018003860854e-06 2.229444590251539182e-03 3.088169400425333500e-02
9.310013581897980117e-06 1.518455670123319834e-03 8.068222077835196515e-03
7.758215623321351728e-06 8.994232737009610901e-04 -1.110458701202055032e-02
8.122576453717389455e-06 2.580080269272144733e-04 -3.042940624760337442e-02
7.414504488378881319e-06 -3.324533924065065094e-04 -4.758413436152819642e-02
8.201853201439401886e-06 -9.538713533201459427e-04 -6.520225677804880604e-02
4.655102601391902795e-06 -1.339694539630897907e-03 -7.497159648289364320e-02
4.582096629179854830e-06 -1.682814083016737072e-03 -8.320746735999562382e-02
1.710317668213168218e-06 -1.819017779143283775e-03 -8.479317232381156089e-02
-9.763927474315536870e-07 -1.768242610128201164e-03 -8.060605080673233225e-02
-2.983067965922625575e-06 -1.582473941961204389e-03 -7.242451088502677159e-02
-3.571160052340260904e-06 -1.357334701127310694e-03 -6.331590164312683733e-02
-5.445466066733573030e-06 -1.033262982123250850e-03 -5.142760107380706103e-02
-4.873011273887062345e-06 -7.628653728470879969e-04 -4.159626762030388392e-02
-7.631044148248555814e-06 -3.526159854589927534e-04 -2.770618950268866065e-02
-5.404529359598342353e-06 -1.014407136157302602e-04 -1.921479216959554037e-02
-7.297785363680198145e-06 2.375909727425629114e-04 -8.200051183333334492e-03
-6.150599462184658250e-06 4.944683032230834385e-04 -9.456772290850068430e-05
-5.517653830500179879e-06 7.060402432754742108e-04 6.391107007496676928e-03
-6.171855904846257346e-06 9.559983428095719660e-04 1.388665259589627610e-02
-2.894200072822705749e-06 1.014946509403813479e-03 1.522332879298371466e-02
-1.264866639205664001e-06 9.839465483425513526e-04 1.379748545475911747e-02
-1.530775160019093306e-06 9.752614417495308885e-04 1.313622481863752078e-02
7.989607474501170259e-07 8.405532783353208970e-04 8.581789457093647044e-03
2.854390750262059129e-06 5.984985212608151528e-04 8.808283076293665914e-04
4.707626581390567111e-06 2.653775768091115594e-04 -9.374393235225264576e-03
5.385918950551182860e-06 -8.103727757369227902e-05 -1.970299546966125526e-02
6.964303035650321050e-06 -4.873729506478241547e-04 -3.157358111630848008e-02
1.343156752875440674e-06 -5.277957166933688882e-04 -3.173179328043373992e-02
-1.594938700555381672e-07 -4.545162916542722087e-04 -2.848583718167319034e-02
-5.106209265304251232e-06 -7.590010401070657053e-05 -1.591635604231123047e-02
-6.071844710964224845e-06 3.575175861265655897e-04 -2.128822696851218055e-03
-7.520122339510493248e-06 8.582672291201909331e-04 1.331236498286547665e-02
-1.068478775589909446e-05 1.520980810459260368e-03 3.328363098292830280e-02
-7.517605700169127658e-06 1.961997037296825397e-03 4.573495602441779440e-02
-3.254346066849933550e-06 2.123517540296049333e-03 4.922992192334252337e-02
2.456527455174661867e-06 1.928261187042146219e-03 4.166255658434137032e-02
6.702383897994046436e-06 1.471517214002737717e-03 2.634200210466119962e-02
9.566748398914803886e-06 8.445292344152477426e-04 6.295343286766952318e-03
7.579000655455470081e-06 3.391012130609105668e-04 -9.328928927253565817e-03
5.210609758832251970e-06 -1.821142527314023596e-05 -1.993742609912629860e-02
6.846548459837897838e-07 -1.027747093989006544e-04 -2.182974497810907799e-02
-2.266425382368986163e-06 -1.140011147526820423e-05 -1.830664043525298545e-02
-2.807111112113069851e-06 1.083757090682979651e-04 -1.406704521961810173e-02
-5.658452634338395626e-06 3.884824233839623275e-04 -4.999880953748370160e-03
-4.518282331611445102e-06 5.840969450399136065e-04 1.126409973447373147e-03
-5.442091945750959781e-06 8.096682115823483628e-04 8.023827485300172313e-03
-2.813114507893565985e-06 8.536623042605384626e-04 9.082576108999873554e-03
-4.859641583587759328e-07 7.379210622500131933e-04 5.223664493686719368e-03
1.112258325997039776e-06 5.132615028680120872e-04 -1.839600500302518427e-03
-1.261578022437870317e-06 4.322176070261640746e-04 -4.210414204079748757e-03
-6.088976208018515024e-06 6.380007765498518779e-04 2.321368315626237688e-03
-1.201473277584463872e-05 1.194401873962469551e-03 1.941661767607505418e-02
-1.628178770635146932e-05 1.986638262766682317e-03 4.318507389938863739e-02
-1.702690082927560411e-05 2.799525690727833194e-03 6.680350678275659426e-02
-1.746957962639461570e-05 3.611577826817757852e-03 8.968030167696028343e-02
-1.519011127693037366e-05 4.267364369213044739e-03 1.070345358720354856e-01
-1.259707299178236539e-05 4.747363257870951259e-03 1.184783221401637388e-01
-5.337443049147072571e-06 4.789650027754444039e-03 1.160915592538844798e-01
1.544209660031548026e-06 4.429409037104647950e-03 1.014626341552191668e-01
4.981583366703290494e-06 3.881395414758070928e-03 8.159218692948266849e-02
7.579529417545138870e-06 3.201936438826713527e-03 5.831300083730961425e-02
4.077855394912788256e-06 2.751688150308240211e-03 4.286593841069041844e-02
-3.916373115808724492e-07 2.575102432180731427e-03 3.627696266437330230e-02
-5.221319777093391679e-06 2.681238662892049263e-03 3.854605853489778688e-02
-1.262884257069440963e-05 3.198306073742163136e-03 5.336806956672557334e-02
-1.755941978964781214e-05 3.966608929342640977e-03 7.538673444549481850e-02
-1.852828632631364769e-05 4.735299270500981095e-03 9.667889506859816962e-02
-1.133705859857059295e-05 5.027882449472720339e-03 1.026118939408363628e-01
-7.824446886295355341e-06 5.075533084496264280e-03 1.009402344598224754e-01
8.402064308743462107e-07 4.589368447196484624e-03 8.289300324249604390e-02
1.034395803656273927e-05 3.550934697000407425e-03 4.848208677021326185e-02
1.642613921493119022e-05 2.190583796038758635e-03 5.324998819539739081e-03
1.904893721971223641e-05 7.286500845453680597e-04 -3.957488937654063399e-02
1.880071773108227262e-05 -6.524932769553792866e-04 -8.059577513583504604e-02
1.301310272605604723e-05 -1.624572970114090964e-03 -1.077677182358138808e-01
7.109236385915984613e-06 -2.189551979579817953e-03 -1.216660345487730055e-01
1.313106654077245139e-06 -2.367953675172618233e-03 -1.233245672196592313e-01
-3.241712712820365994e-06 -2.243561457830889339e-03 -1.156947190243666768e-01
-6.519505280744297693e-06 -1.916630090307069878e-03 -1.021280675587754594e-01
-7.009978962413399017e-06 -1.562253954273451484e-03 -8.818140465500245995e-02
-6.570172435105270381e-06 -1.248999521374472010e-03 -7.593292188585332170e-02
-4.137099618217732200e-06 -1.094671815505154910e-03 -6.894870926082963258e-02
2.296631525733339174e-06 -1.329408811402643664e-03 -7.413971059040869171e-02
4.467832296239926393e-06 -1.697886694551176134e-03 -8.319454557872907330e-02
4.401492391115091607e-06 -2.056040390517210881e-03 -9.162264900182903737e-02
-3.695316519447544579e-07 -2.120886348483175254e-03 -9.075087625085132004e-02
-6.886407758588397598e-06 -1.789316323003831144e-03 -7.775645897127114736e-02
-1.307653230098182462e-05 -1.087278491976650940e-03 -5.383342498048415692e-02
-1.941612712730300672e-05 -1.558156836045654359e-05 -1.932928358727226126e-02
-2.206377291147365582e-05 1.190874122527496581e-03 1.819208389263327064e-02
-2.069657730285889841e-05 2.286431301788738324e-03 5.112657743402426735e-02
-1.526874966095714825e-05 3.028765933176025271e-03 7.220531638738436619e-02
-9.446027774751009076e-06 3.402749647146929846e-03 8.138380021663083053e-02
-2.056157738183905792e-06 3.333555963483725293e-03 7.671765229544535991e-02
4.898457310886783489e-06 2.860632055170952981e-03 5.986096327581102994e-02
9.894693413059485465e-06 2.120479158716825907e-03 3.537920786287829245e-02
1.068080044908104043e-05 1.370097308027951044e-03 1.138941301754892166e-02
1.336530295492632803e-05 5.099333680567141869e-04 -1.525869497751120019e-02
1.132114819824003860e-05 -1.732310468707254358e-04 -3.561999740007781856e-02
8.955336529115065503e-06 -6.601642521633088734e-04 -4.936570626497993608e-02
1.209295824600165048e-05 -1.281049524226585135e-03 -6.687510027442544747e-02
1.113123143547944949e-06 -1.224151842234899590e-03 -6.293723344895396643e-02
-1.960099700881734464e-06 -9.884796777916982080e-04 -5.378155078210844486e-02
-4.012872379943743795e-07 -8.670751913610885708e-04 -4.846699567416201671e-02
4.148456471675388002e-07 -8.194734707100970184e-04 -4.555817271664985846e-02
2.357570679456522100e-06 -9.124479467872426142e-04 -4.705033440449701843e-02
4.305827592365751855e-06 -1.138966995032575369e-03 -5.257737184064947833e-02
7.215802752869038272e-06 -1.545458752042261352e-03 -6.344975795078267033e-02
7.464797767475772616e-06 -1.954697661547655230e-03 -7.403552540420976769e-02
6.342703045891795455e-06 -2.269506431546997050e-03 -8.139412615641994364e-02
3.018366457996357610e-06 -2.356500312543641229e-03 -8.153809816824142409e-02
-8.246064338024439166e-07 -2.187049859893708259e-03 -7.383595271605947197e-02
-7.879525295795275497e-06 -1.593988894827536029e-03 -5.338206422224622827e-02
-1.329857876708473441e-05 -7.012128233485626083e-04 -2.441763339501135111e-02
-1.822266250595117043e-05 4.340470077046632014e-04 1.106927915984956545e-02
-2.018262701752870925e-05 1.606956577171025913e-03 4.658772653814191589e-02
-2.157511389477839714e-05 2.762930054704959559e-03 8.050611405886387573e-02
-1.955610487736070269e-05 3.695000305420581554e-03 1.065118929712967066e-01
-2.043050477318342217e-05 4.588220396335884743e-03 1.305934552614121946e-01
-1.865469609241277027e-05 5.295239926195627334e-03 1.482255916825097053e-01
-1.403014253020806734e-05 5.675764800683325007e-03 1.553189694792551645e-01
-1.317848955506573105e-05 5.983609411873924699e-03 1.600412394878267808e-01
-1.120298827805843445e-05 6.175936464734910203e-03 1.610828057598743257e-01
-1.125399832313522808e-05 6.385490461964238307e-03 1.626527296846496107e-01
-8.754154412149439679e-06 6.469965709443137314e-03 1.603216040070358783e-01
-9.612385953317037490e-06 6.619835472346569105e-03 1.601055792633935271e-01
-7.045322133580889101e-06 6.625375402384836576e-03 1.554389622247898117e-01
-3.308442420912882653e-06 6.413240726931945801e-03 1.442491824031022496e-01
1.430318060102742095e-06 5.925955414106898189e-03 1.249815893232018027e-01
3.987289223794654447e-06 5.295006593719620014e-03 1.019401523925723696e-01
4.329979542694317729e-06 4.654847356604818742e-03 7.934501418010697638e-02
3.527670528580273412e-06 4.073963501186828040e-03 5.925845102989235613e-02
2.160704789644363188e-06 3.588586970805884846e-03 4.270331139637117968e-02
5.432571714703016141e-07 3.225349741970084949e-03 3.038336673744135297e-02
3.773794262640350894e-07 2.902626024253507353e-03 1.965391935408777879e-02
4.467442785704989205e-07 2.607557853420594540e-03 1.008994513349703581e-02
2.166897158484282215e-06 2.235022221594995528e-03 -1.573304529025820742e-03
3.656396839413211808e-06 1.787490275031888842e-03 -1.517275809294227340e-02
4.981223914790611218e-06 1.262917967874699343e-03 -3.071325186509510363e-02
6.178714745397329011e-06 6.548057264375017894e-04 -4.833524544409761869e-02
9.826351397013155520e-06 -1.849031760969843674e-04 -7.252478316229693522e-02
7.965674945098477622e-06 -9.291763959433652076e-04 -9.300120625674113128e-02
3.336166220835323770e-06 -1.412397585053071225e-03 -1.048583090428896192e-01
-2.065527431316382945e-06 -1.591062966665557354e-03 -1.070553706869187272e-01
-1.230420817610600182e-05 -1.184717903323306842e-03 -9.127878579662607184e-02
-2.061559834598547525e-05 -3.158597296177845237e-04 -6.189396257165213910e-02
-2.256654801258139997e-05 6.373971398163646995e-04 -3.090019663022669505e-02
-2.272170550898788832e-05 1.568495782553025464e-03 -1.541204836473131223e-03
-1.528460422361987980e-05 2.047598205643819114e-03 1.305591878868150868e-02
-6.724873779173634603e-06 2.027915069520158653e-03 1.198817509903282730e-02
3.699974709170383846e-06 1.423633268445190225e-03 -6.894689709902146468e-03
1.681772465400577232e-05 1.196689889702007292e-04 -4.656857976532391419e-02
2.426458176318924131e-05 -1.542391763205586130e-03 -9.589755670941324528e-02
2.805934288585554270e-05 -3.334784810435031943e-03 -1.476665724877206376e-01
2.422112345035198899e-05 -4.800208365031366498e-03 -1.878163525300247105e-01
1.963748056932335118e-05 -5.902305563139531586e-03 -2.156690609152717153e-01
9.159178270934376087e-06 -6.308575338925148657e-03 -2.214068122656369653e-01
-4.560950935816876495e-07 -6.092570661655916098e-03 -2.080156607215259967e-01
-4.742472290653054756e-06 -5.581640186066216813e-03 -1.860988697684693438e-01
-6.171970722945729904e-06 -4.951737964503877265e-03 -1.612507736663159053e-01
-4.556135873690081439e-06 -4.383924187675969364e-03 -1.390796503379617688e-01
-9.123718580639206266e-07 -3.997262267096957089e-03 -1.231223612400051959e-01
2.128326717087958286e-06 -3.755041940522119148e-03 -1.120449640803916624e-01
5.793730681658004755e-06 -3.700963300438786518e-03 -1.070452255628842053e-01
5.058579737426960321e-06 -3.585765007631191992e-03 -1.002922802589858442e-01
3.111031475433456706e-06 -3.355091280620392524e-03 -9.021540891260948491e-02
8.443092869292456726e-08 -2.960620474990793838e-03 -7.544299499407947085e-02
-2.894545721665586768e-06 -2.421011903007919130e-03 -5.669659267169113726e-02
-5.247547298359300783e-06 -1.780339810170339376e-03 -3.544351732785644415e-02
-8.743341035177820686e-06 -9.861599158269562793e-04 -1.014438878263945742e-02
-1.117807182948737932e-05 -1.089997282459620465e-04 1.690860988919395957e-02
-1.196366198352727395e-05 7.566252356574487692e-04 4.277815534973883338e-02
-9.821352049521614447e-06 1.439316688562453095e-03 6.226285698393441148e-02
-1.033146185069888645e-05 2.098417891770676391e-03 8.046847640785292910e-02
-1.320142625993447894e-05 2.866282425014965440e-03 1.014631471901512594e-01
-1.769775261162287450e-05 3.832479741704197806e-03 1.278860110774006076e-01
-1.673091534259985025e-05 4.667819996297062346e-03 1.494676764586403417e-01
-1.707742472556450508e-05 5.452676776243503554e-03 1.688748799211102769e-01
-1.755914975354322394e-05 6.202157603883762249e-03 1.866222430639619123e-01
-1.603002406069808927e-05 6.810873170651099429e-03 1.995269180799010833e-01
-1.606339026527514591e-05 7.378933860455738625e-03 2.108221437615076521e-01
-1.534441725303814508e-05 7.865769994936488985e-03 2.192953406185874088e-01
-1.322146316018457668e-05 8.192091668125733861e-03 2.226083508221550766e-01
-7.352061922372143954e-06 8.146571995931495280e-03 2.144531941989896162e-01
-5.366371550907800270e-06 7.964489106157657261e-03 2.024243776563337538e-01
-1.322723601870912091e-06 7.535036307118492260e-03 1.832018473584570151e-01
1.095616609214644654e-06 6.963247178191522835e-03 1.602415165459291635e-01
2.096116396899105894e-06 6.342875603371211923e-03 1.365113798538633016e-01
2.851312646656722904e-06 5.696098449781139550e-03 1.126983199586248374e-01
8.913097715446127722e-07 5.185752998348558407e-03 9.379049602411543285e-02
6.726353593000666820e-07 4.711706803276261013e-03 7.654396099822297073e-02
-1.725164217258878807e-06 4.409010228580534374e-03 6.506246759229900034e-02
-3.630520682973426005e-06 4.241336520224070483e-03 5.803603301841014916e-02
-7.277013030604351229e-06 4.294172036047871899e-03 5.795400600301475746e-02
-7.599216356291016439e-06 4.354774215832968309e-03 5.807660941810599553e-02
-8.252019634946705651e-06 4.415647833898805885e-03 5.820276775392180246e-02
-8.021680126479857620e-06 4.401896070295396868e-03 5.604028978812802819e-02
-5.284516892634094631e-06 4.161379267990650277e-03 4.701281572757598504e-02
-1.848725561415243135e-06 3.656581870715935878e-03 3.020431026078601588e-02
4.927524560160989608e-06 2.719186942439222321e-03 7.051040570755229275e-04
8.083614939757843842e-06 1.594550957515483702e-03 -3.356530614370845100e-02
1.338942352679950432e-05 1.936869325129819686e-04 -7.522187905091226590e-02
1.449838779021828117e-05 -1.192999130311012124e-03 -1.151433916642508604e-01
1.443412143586897400e-05 -2.471424277422418214e-03 -1.505473012776564756e-01
1.016168882150836339e-05 -3.384160869925878501e-03 -1.737119748785191931e-01
9.492272097122445018e-06 -4.153249086168209203e-03 -1.918340467206771649e-01
4.521168996518554195e-06 -4.538988426183276914e-03 -1.977082329919956361e-01
3.130861458533473751e-06 -4.782396109301423337e-03 -1.991049183421984003e-01
4.644804044273698196e-06 -5.075897686757091520e-03 -2.020085101939215755e-01
2.979219691279233473e-06 -5.242510312553516627e-03 -2.009406787724530297e-01
7.533637282897132081e-07 -5.258442016561115651e-03 -1.953177681053584469e-01
8.724918674207771119e-07 -5.261523083081698360e-03 -1.894917728221457986e-01
-1.918244371235111601e-06 -5.075827318928194387e-03 -1.780790307432467134e-01
-9.829830220908775118e-07 -4.915257437065889690e-03 -1.678029269331019480e-01
-1.756458886781331330e-06 -4.669293274099040048e-03 -1.552292073296559494e-01
-3.897999759194803460e-06 -4.261478222832515428e-03 -1.381055079224366988e-01
-4.621195544118883447e-06 -3.782357739293917831e-03 -1.193425957460949594e-01
-5.618244678484707322e-06 -3.224609716359960743e-03 -9.875611290336899772e-02
-6.208079607605831995e-06 -2.621042676461904364e-03 -7.740335435425799160e-02
-6.051848878474430649e-06 -2.021833427192198940e-03 -5.683527930220694246e-02
-7.567614455750160118e-06 -1.339791917440713576e-03 -3.436113426197723308e-02
-7.321578972097064764e-06 -6.869977240078206648e-04 -1.346846350609948173e-02
-9.769516857049964642e-06 8.760402216667628750e-05 1.051274359562853755e-02
-1.300879478360883468e-05 1.026042547940253513e-03 3.875577556481535346e-02
-1.500669864595849390e-05 2.045557050953661360e-03 6.860202189662045758e-02
-1.475197226941116213e-05 3.003006549094244804e-03 9.564375649895245912e-02
-1.333287973404040372e-05 3.819228335553148668e-03 1.175651283783094025e-01
-1.031540689633292374e-05 4.406071260463662043e-03 1.318391918683518571e-01
-7.068411913446759343e-06 4.755141643356441961e-03 1.384502581580679403e-01
-2.762302947378891815e-06 4.811090535067119589e-03 1.359419023819253280e-01
1.451850018763245487e-06 4.591903322113122243e-03 1.251445083939323744e-01
3.951715406014244536e-06 4.204689801704741825e-03 1.095752246890897563e-01
8.066239139403741376e-06 3.563546754147939311e-03 8.674600854080449785e-02
6.710224791262042743e-06 2.994769221674520310e-03 6.684173965827044928e-02
4.630759441348608618e-06 2.548763649515173313e-03 5.127812340793252988e-02
1.205790766456438234e-06 2.300190285330128148e-03 4.219663492623615397e-02
-5.386974479715256336e-06 2.429429743579181178e-03 4.489690030918069841e-02
-9.811385980662556960e-06 2.800214295075598159e-03 5.484626779533657848e-02
-1.298268138039126995e-05 3.330867038013884951e-03 6.934744775303375297e-02
-1.334623622506470042e-05 3.854331254413700947e-03 8.317448745953109901e-02
-1.069733494185598488e-05 4.193197547226912292e-03 9.095270300640695416e-02
-6.564594587255001557e-06 4.269795164559830880e-03 9.051389046330426957e-02
-4.871098891245928542e-06 4.229710438138578610e-03 8.655547299434027120e-02
-8.737731574948170987e-07 3.941960559810997466e-03 7.517446241972411403e-02
1.105126307021642162e-06 3.523654421822453031e-03 6.018053749767901528e-02
-1.618892599641874597e-06 3.247527998242460967e-03 4.998926725583002773e-02
-2.564431437535041880e-06 3.002033786803526283e-03 4.102698787508252121e-02
-7.715122142260000260e-06 3.023767820970579834e-03 4.048155459709062987e-02
-1.333063936903577940e-05 3.330545124995865081e-03 4.861823214390292858e-02
-1.540506791464224534e-05 3.711721930304889838e-03 5.875008466092129789e-02
-1.764216184141353949e-05 4.187042861179879338e-03 7.143769595141011286e-02
-1.730644047015506004e-05 4.612320131573532933e-03 8.220672280446944535e-02
-1.254770920999792594e-05 4.750602475704024386e-03 8.390654017398697928e-02
-7.182219636026054843e-06 4.586564003271398349e-03 7.636653415534373768e-02
-1.068672887960531170e-07 4.041238261774715568e-03 5.746281702004719938e-02
5.583589215762962965e-06 3.207386958078206618e-03 3.037387065281872689e-02
8.328998771678364221e-06 2.271404840772373035e-03 1.018488013155960381e-03
1.050045064565630071e-05 1.264942523985013167e-03 -2.958476444816841855e-02
1.127290485947174403e-05 2.729747516858616052e-04 -5.881283350353075368e-02
1.283833607745865635e-05 -7.421957990634275859e-04 -8.786184946803211882e-02
1.475589355626194532e-05 -1.798285588576309380e-03 -1.172734503717799137e-01
1.627082579525040984e-05 -2.870534723633522134e-03 -1.462815225609344905e-01
1.494171205396188640e-05 -3.790375985187832697e-03 -1.697701852026423930e-01
1.217115148999248220e-05 -4.484977582221993941e-03 -1.857019263321846025e-01
1.182072218497420835e-05 -5.098098015377861003e-03 -1.986852983470893119e-01
3.950497611926451214e-06 -5.202072496585774530e-03 -1.957911154433052969e-01
1.709690993112467083e-06 -5.146591842743131195e-03 -1.881637146781131031e-01
-1.690640026530410012e-06 -4.873803919119623629e-03 -1.741674577869432028e-01
-2.494244267681189342e-06 -4.544759142284693354e-03 -1.588966048411106224e-01
1.678384851544478806e-06 -4.448041607608033132e-03 -1.511565573366610016e-01
2.105245783368125956e-06 -4.358219937563134749e-03 -1.438493394719713159e-01
4.196938548917117373e-06 -4.373531650288864370e-03 -1.399598626445635041e-01
5.535529217004508951e-06 -4.445565074572943587e-03 -1.379079115909581099e-01
6.441904352949556767e-06 -4.552906996474703760e-03 -1.369889713001684051e-01
1.932686046757225995e-06 -4.393870725162951629e-03 -1.279987595166945935e-01
-1.114186369166603185e-06 -4.071956779880814281e-03 -1.143420043611286796e-01
-5.381835578521787511e-06 -3.528838218746166433e-03 -9.438245791719285238e-02
-8.603061752321394806e-06 -2.835830281882500969e-03 -7.048130500302940415e-02
-1.169965192404642806e-05 -2.004687700250418203e-03 -4.311197494742813330e-02
-1.308335419558659396e-05 -1.135926519896024445e-03 -1.543402983138644768e-02
-1.353114956703649341e-05 -2.777565969291906356e-04 1.108236896873254773e-02
-1.501971561346238104e-05 6.375034979391180912e-04 3.853172896057779906e-02
-1.492396324942468766e-05 1.522177971362115301e-03 6.421815516298925997e-02
-1.348321062577539919e-05 2.311010664794999059e-03 8.621552081920119681e-02
-1.395959323158280085e-05 3.115755441189360653e-03 1.080351546617937947e-01
-1.539994760113572170e-05 3.986825806898686153e-03 1.312098648940279166e-01
-1.521696474826583767e-05 4.821169760204302435e-03 1.525643208087697766e-01
-1.470377721402016391e-05 5.585328349835716466e-03 1.711411466114246271e-01
-1.350520408505140324e-05 6.230600077625325639e-03 1.855455518309410967e-01
-1.559136338213917838e-05 6.937891718761246551e-03 2.014042192152609712e-01
-1.775059460951133872e-05 7.702864609300252852e-03 2.185330594512585600e-01
-1.986952970223221371e-05 8.521474847750010184e-03 2.367707829208747505e-01
-1.930533610750018170e-05 9.243795142250821328e-03 2.515272581922726181e-01
-1.890402336246488346e-05 9.883944645779241256e-03 2.633435509566467436e-01
-1.393065758059641723e-05 1.019262684879862491e-02 2.647319012988476605e-01
-1.137679833407290175e-05 1.032644782758973534e-02 2.607785894706647900e-01
-6.002203349231294283e-06 1.012684892303461481e-02 2.468204490425788822e-01
-2.420586603602004061e-06 9.708986227150440129e-03 2.266671271376888286e-01
-1.934619544563531690e-06 9.247014896974548037e-03 2.057931397404423324e-01
-3.578230983958263778e-06 8.849271094732547027e-03 1.875043613645929752e-01
-4.204286266240586656e-06 8.446313789789439141e-03 1.696083698947685736e-01
-6.867610542249380501e-06 8.144486229053615745e-03 1.553262294130836607e-01
-8.433212958625091460e-06 7.871640001979152146e-03 1.423528224502002004e-01
-8.861476401333945319e-06 7.567264304197518499e-03 1.288136285803432868e-01
-7.647103425156842604e-06 7.147661346052380793e-03 1.121869259648031192e-01
-2.508378122323406956e-06 6.408930734123963191e-03 8.637966989613565794e-02
8.937442068646106463e-07 5.479360146811718124e-03 5.557257234750512254e-02
6.402267264560279614e-06 4.256735557464086384e-03 1.681301722217998229e-02
1.283600902057813187e-05 2.711841396976666374e-03 -3.053944328750507475e-02
1.593044577252733518e-05 1.058727027170913715e-03 -7.972742614276415174e-02
1.978078686959428012e-05 -7.302065322174478013e-04 -1.315357299971504634e-01
1.665036920317497504e-05 -2.236367822296525532e-03 -1.731900979972879895e-01
1.722727248476552120e-05 -3.673764044525018591e-03 -2.114943422339788104e-01
1.244626561236472639e-05 -4.732500006611406462e-03 -2.371549015081816647e-01
8.124188740410431819e-06 -5.456124088099034708e-03 -2.518794935859408612e-01
4.156878367078675751e-06 -5.874391560903635678e-03 -2.569037810288712365e-01
1.001294863245405509e-06 -6.060891775152565941e-03 -2.547517616494020531e-01
-3.196975849162342342e-06 -5.968543171595452890e-03 -2.442174586978533846e-01
-5.223107033103246977e-06 -5.740730305861418969e-03 -2.298976434471919073e-01
-6.061833773163272099e-06 -5.451949795598487469e-03 -2.141648728877440233e-01
-5.220909344405555430e-06 -5.189600085437895416e-03 -1.997096858148078580e-01
-5.083165541153178424e-06 -4.908516312717825514e-03 -1.851275969670797827e-01
-3.755642818070725752e-06 -4.669874064342494080e-03 -1.722731980439961286e-01
-6.507234383779092468e-06 -4.231838184011849080e-03 -1.537793204281762693e-01
-8.697009662439469935e-06 -3.630879297862765753e-03 -1.309152674402312699e-01
-6.899935121040812191e-06 -3.109055801600923985e-03 -1.111351997700137650e-01
-5.673185982990602838e-06 -2.633816316382819878e-03 -9.336807592400217515e-02
-3.218244140512638296e-06 -2.281225826231914056e-03 -7.985117580703421369e-02
-1.748851830907227622e-06 -1.995723053561881954e-03 -6.877783830934716680e-02
1.241387365791268849e-06 -1.868059357844842339e-03 -6.281496758516832979e-02
2.342110309472289487e-06 -1.786627665929962916e-03 -5.843694946369912269e-02
2.948249963496962778e-06 -1.723274698801624538e-03 -5.474030770829355075e-02
2.241826726478990395e-06 -1.607186870786314614e-03 -4.956284436794977655e-02
3.554377712156053803e-07 -1.375533178124221934e-03 -4.104785944724989588e-02
-5.338806490229330848e-07 -1.089321850871183273e-03 -3.113778926962190718e-02
-3.471630957152527230e-06 -6.378147570194059313e-04 -1.653126259573498014e-02
-3.755590014531406950e-06 -1.859589498200975299e-04 -2.350211030037546722e-03
-4.725817795758757711e-06 3.026108654822223798e-04 1.250964989639016811e-02
-4.464669842940693911e-06 7.538940358808865483e-04 2.579334366710031579e-02
-4.087139582775733970e-06 1.162564484205041992e-03 3.738438832004906121e-02
-4.693341499439895870e-06 1.578176107309037235e-03 4.883116180232846548e-02
-6.306441215020441859e-06 2.048030986138815734e-03 6.156947041859398007e-02
-7.352706332230951602e-06 2.526996399120129411e-03 7.419845310366351976e-02
-8.587017005234898193e-06 3.020417107518991173e-03 8.688074966029629698e-02
-9.357233424767130714e-06 3.495773536813295834e-03 9.863225979610740213e-02
-1.089356225580928594e-05 4.002664474775929904e-03 1.109784788887162588e-01
-1.432934073486435977e-05 4.647823714810428442e-03 1.271285467785546741e-01
-1.189633949993940121e-05 5.099907031099970567e-03 1.369602041184443120e-01
-1.218425512217180540e-05 5.527961777407330857e-03 1.457580014392104162e-01
-1.023343930484088560e-05 5.805080014445351821e-03 1.497263434955884986e-01
-8.205757642265609775e-06 5.928476431771745325e-03 1.489218673289873784e-01
-5.151566754735270592e-06 5.843714754935724898e-03 1.418447208224515865e-01
-3.204439019910410025e-06 5.615142774269887838e-03 1.306271010054281256e-01
-3.281879032979162503e-07 5.190490420501792102e-03 1.138187925430478864e-01
8.722802671279339393e-07 4.670360767903058985e-03 9.462676007324655192e-02
1.686825689573012710e-06 4.081127779824722523e-03 7.392520418610848409e-02
1.238258955815751960e-06 3.507807469257162580e-03 5.432961176591299957e-02
4.298011696102221890e-06 2.757914336209754680e-03 2.999713059321379438e-02
3.377611345944941945e-06 2.080257707824717528e-03 8.576977072545011183e-03
3.529112031941394889e-06 1.428091746990656219e-03 -1.141845746388997496e-02
3.710476043750077224e-06 8.108962166364364066e-04 -2.974848683504927038e-02
5.975483231335232404e-06 1.240559951032338404e-04 -4.962176805243195821e-02
4.579336104537645724e-06 -4.208697111733883389e-04 -6.461005497288108135e-02
4.433585785390548040e-06 -8.940763168805432315e-04 -7.696926332312292729e-02
3.898865805096463077e-06 -1.281081290401608896e-03 -8.634608002195925947e-02
3.693348111788452570e-06 -1.609406957702841368e-03 -9.366099269236743963e-02
1.064782088944227212e-06 -1.749339640943148311e-03 -9.506443794137509062e-02
3.684020479788330249e-07 -1.824613675324382456e-03 -9.446150799098984585e-02
-1.382356080048552371e-06 -1.786268924294454052e-03 -9.044419627304561837e-02
-1.551635584018384861e-06 -1.734128485754826698e-03 -8.612450741322297265e-02
-5.048922392836274753e-06 -1.482113895791226099e-03 -7.590607258654208378e-02
-4.975359528591738467e-06 -1.241954563279357160e-03 -6.634130015720141049e-02
-4.083399429477552189e-06 -1.059208096541475186e-03 -5.879923671990461287e-02
-6.944788097484888567e-06 -7.157448011003708643e-04 -4.664439108585510807e-02
-7.511437810636678591e-06 -3.574312035103943685e-04 -3.439892447468090309e-02
-1.153958091726359214e-05 2.047167110661440859e-04 -1.637900212002152411e-02
-1.360322359644783319e-05 8.504350059586052168e-04 3.628181531761420775e-03
-1.665362127178937612e-05 1.632400181700077724e-03 2.714047130306068700e-02
-1.803580441195329342e-05 2.452734068214112995e-03 5.110475234110345433e-02
-1.901516535030012278e-05 3.288683300282979616e-03 7.481338009813520706e-02
-2.026013851130770149e-05 4.160255386460143256e-03 9.887479231927287504e-02
-1.951025824697971700e-05 4.954623982874828414e-03 1.198796943342763655e-01
-2.084690350634410549e-05 5.795390062248717555e-03 1.416356987963012237e-01
-1.749256706506940873e-05 6.412462025612075678e-03 1.559925790002170132e-01
-1.697936471600769437e-05 6.974247188450632962e-03 1.682257892577819769e-01
-1.274333622380829922e-05 7.269574997930128291e-03 1.720533632142019487e-01
-1.032161216296678674e-05 7.407929056258755196e-03 1.710105224978439864e-01
-5.783312097884518721e-06 7.275405028657644380e-03 1.618250696604485173e-01
-2.869522168769123027e-06 6.975339023624016477e-03 1.478469496630276936e-01
-1.401720671090345149e-06 6.598244788436069541e-03 1.319575118034951311e-01
2.914317729141302493e-06 5.987540679222025375e-03 1.095098933552463016e-01
1.823265591838207911e-06 5.461600488788853625e-03 9.027342116853065423e-02
4.711957448444437091e-06 4.786461908077743743e-03 6.713976843026725483e-02
6.462742674795407538e-06 4.033340926542283711e-03 4.234826014684223150e-02
9.126597491526666772e-06 3.151637977925059175e-03 1.443461238425547410e-02
1.114061638096686124e-05 2.183429586052554328e-03 -1.524458843790388318e-02
1.431017557229630199e-05 1.063981374695099902e-03 -4.857767641207655362e-02
1.225328355403121350e-05 8.937637294215150519e-05 -7.655374555981320217e-02
1.272883462566376522e-05 -8.877088185919035368e-04 -1.037341119177701554e-01
1.189526597444867662e-05 -1.793209283522667619e-03 -1.279318274617917695e-01
9.873143215655133531e-06 -2.559607835157073907e-03 -1.471994521921305976e-01
6.760919964543532501e-06 -3.127797578924340627e-03 -1.599026366955429435e-01
1.602513163723173761e-06 -3.384634727700230883e-03 -1.628341221060266575e-01
-8.307249028671748192e-07 -3.495781549476717487e-03 -1.612572306208651662e-01
-1.254124043947868472e-06 -3.574230789738397362e-03 -1.587255484449624499e-01
-2.179880623121022154e-06 -3.588709732376571537e-03 -1.543430376200710663e-01
-2.144951671834149920e-07 -3.703348409051177015e-03 -1.530929371357366842e-01
1.638201264420047210e-06 -3.905478505079162943e-03 -1.545203172013114301e-01
5.981775538455025298e-06 -4.322964852292443538e-03 -1.623823761119687070e-01
7.847452702103296929e-06 -4.803195460509446235e-03 -1.719166230579680654e-01
7.841398488528383837e-06 -5.234315182361282126e-03 -1.796928464533981140e-01
4.770054559788405868e-06 -5.441837481809486121e-03 -1.805107109562968937e-01
3.311077511947146945e-06 -5.520213703317011777e-03 -1.773937520946372581e-01
-1.436862842041364274e-06 -5.288532064209761074e-03 -1.650449427516241796e-01
-1.509410872957417382e-06 -5.025012720232258090e-03 -1.520705017699371941e-01
-4.352872815749364577e-06 -4.571292574628404992e-03 -1.337774298214979840e-01
-3.865480669551502046e-06 -4.124060976784527099e-03 -1.162073589957659525e-01
-4.258417099389788518e-06 -3.636086054581877391e-03 -9.794995098450076654e-02
1.162351426220453732e-07 -3.379152762745807337e-03 -8.717419428031436546e-02
2.160008810259128609e-06 -3.211251061733033652e-03 -7.943234939122856275e-02
1.886221615121641548e-06 -2.996817825554831671e-03 -7.054370312317281844e-02
1.453070433310443832e-06 -2.736682361843101319e-03 -6.054703873218603150e-02
4.266615400982942674e-07 -2.399054847312065419e-03 -4.852254661562427351e-02
-4.007961747820587561e-06 -1.793349726886273032e-03 -2.880956068329598718e-02
-6.961230371693716279e-06 -1.023881447134833422e-03 -4.741872418072889950e-03
-9.573104150728539707e-06 -1.200861761723182042e-04 2.264900777936851295e-02
-9.316923918589736786e-06 7.386074245756546475e-04 4.787443129438073708e-02
-1.173593469383504839e-05 1.697437658895406543e-03 7.532973325805714104e-02
-9.734337053979302823e-06 2.490582568809962538e-03 9.699390970805443768e-02
-9.126526902880627290e-06 3.196858556597792500e-03 1.153668173747852688e-01
-9.254989638440846988e-06 3.853310869514015025e-03 1.316716129281808589e-01
-8.712520695564052176e-06 4.415104306676020940e-03 1.446311972203415674e-01
-1.356576403144238441e-05 5.185061374775479237e-03 1.634270975222812394e-01
-1.743174559454274686e-05 6.086010724196455612e-03 1.856112220435945925e-01
-1.961371095293706901e-05 7.016796742152831001e-03 2.080335127482193514e-01
-2.344626136330241195e-05 8.062376155414163748e-03 2.332206584337748190e-01
-2.435781002985137889e-05 9.054470261195657343e-03 2.560506542582715594e-01
-2.474142304009774307e-05 9.964931189856862659e-03 2.757251911361512375e-01
-2.116410240327049053e-05 1.057898451794692107e-02 2.858900447253823751e-01
-1.769063252776703621e-05 1.091916067985154726e-02 2.874792522983894427e-01
-1.070161783656153887e-05 1.080009417208582789e-02 2.751940719174289507e-01
-3.111497257846096431e-06 1.021821412643886262e-02 2.493237235923924100e-01
1.446896963130939184e-06 9.363347108425124077e-03 2.159786428831437233e-01
4.813499665301534947e-06 8.321934192753843718e-03 1.780092960522035028e-01
4.325539907368280979e-06 7.325807372216441848e-03 1.425262911737362748e-01
3.401557781224084920e-06 6.405276871966680829e-03 1.103980476416638323e-01
1.751178630771121902e-06 5.606051393449718034e-03 8.289852571653200108e-02
-2.329766317643588991e-07 4.952866062643224154e-03 6.063545066549635987e-02
-3.901187114241366771e-06 4.533922802534728902e-03 4.609797652559965986e-02
-7.818665075820518950e-06 4.357107845478491726e-03 3.929981753771749631e-02
-7.047674476456933235e-06 4.148149180143612114e-03 3.178296972401317699e-02
-5.932907695349598498e-06 3.890315289178936098e-03 2.302488318428907998e-02
-4.665146841276168743e-06 3.573655744817383351e-03 1.276267409844322742e-02
-4.394188363843198886e-06 3.248017125483837475e-03 2.534915181956032271e-03
-5.170185756853129533e-06 2.968431514428715445e-03 -6.002340752584212069e-03
-4.899258172486042895e-06 2.672935860741798564e-03 -1.474742623728242386e-02
-8.264366305743564567e-06 2.567078363258978868e-03 -1.754865100800251376e-02
-8.201353981274195348e-06 2.451185952880852170e-03 -2.053132318291805980e-02
-1.104434558762967811e-05 2.497282406257461673e-03 -1.857538270471548181e-02
-1.008975379956922325e-05 2.493038186135887457e-03 -1.815705287034052873e-02
-5.601207510252947941e-06 2.249984218384071255e-03 -2.490698290976411933e-02
-4.338799721725905556e-07 1.746844403730296591e-03 -3.927673587448965442e-02
5.464138145283570225e-06 9.523152680475099885e-04 -6.197214542192752695e-02
8.435286545260822777e-06 4.777920111420641547e-05 -8.731944039378558564e-02
8.216390104065496303e-06 -7.890146711351242459e-04 -1.098866017326411981e-01
7.374434196627532856e-06 -1.524217301730246277e-03 -1.287114768847121837e-01
5.701472319374900621e-06 -2.119292756094015573e-03 -1.427493264228474334e-01
1.545374471279004069e-06 -2.437033750968264911e-03 -1.480401247646170315e-01
-2.223565494618995331e-06 -2.512918388157370231e-03 -1.458831291214990333e-01
-4.112209287310264472e-06 -2.452588894196860991e-03 -1.396700075419321507e-01
-7.051967126914249206e-06 -2.194465220056951438e-03 -1.277098624473205213e-01
-6.267945493076965136e-06 -1.957205316288401775e-03 -1.166929717052276327e-01
-4.076229301430700502e-06 -1.815326816267948118e-03 -1.088632326608640621e-01
-2.253083086545260016e-06 -1.741911585917854666e-03 -1.033371152114368474e-01
-6.726062971029733717e-07 -1.727739489302049236e-03 -9.976236916070257976e-02
2.305854159834197503e-06 -1.854220420022922866e-03 -1.005052842051847861e-01
1.743892459771245740e-06 -1.918416547863177612e-03 -9.940001813688281729e-02
2.483145833842570482e-06 -1.997751063898434154e-03 -9.876417523270930587e-02
-8.287702333298341273e-07 -1.866978168110211556e-03 -9.188544224211803169e-02
-5.119033489764390765e-06 -1.478962503550729224e-03 -7.749608982251698919e-02
-1.031805234585903008e-05 -7.943624043589281314e-04 -5.464161906464726215e-02
-1.426591501862972677e-05 1.001195649386055209e-04 -2.615579922722699457e-02
-1.481765949828961482e-05 1.003150378663164588e-03 1.767179003208996235e-03
-1.513346064263565438e-05 1.889628200212989384e-03 2.834581843607164586e-02
-1.006956657079172146e-05 2.444465083891955715e-03 4.422638075462170804e-02
-5.988909126397601312e-06 2.732549049976551458e-03 5.158883333664121551e-02
1.654075844070845847e-06 2.551378497174905391e-03 4.467762889594717457e-02
4.661303434128072354e-06 2.179368189457964178e-03 3.217056068760637544e-02
9.863857739267345437e-06 1.493112494411086288e-03 1.063540546823471544e-02
1.291797967373220501e-05 6.335130156105428512e-04 -1.548638531561685738e-02
1.527273659163164155e-05 -3.483404737578688071e-04 -4.449594067768747330e-02
1.456286562828701392e-05 -1.259924656831667988e-03 -7.055812152110640945e-02
9.637224259506638191e-06 -1.850913097083406456e-03 -8.625881866082529825e-02
4.206359029312878306e-06 -2.098320225249139526e-03 -9.116376464284869918e-02
-2.909770127734745415e-06 -1.913795977378729418e-03 -8.296660344733974846e-02
-8.085111082856144549e-06 -1.427275746998635242e-03 -6.591238197569460056e-02
-1.208984294076564936e-05 -7.187930509990891892e-04 -4.268929817317301811e-02
-1.273789928557533813e-05 9.400585946561790252e-06 -1.952784075503477546e-02
-1.212183807175470918e-05 6.823822555288572289e-04 1.288699938986725968e-03
-7.183044700376228775e-06 1.050849197764769372e-03 1.239211418630525863e-02
-2.209085322890658176e-06 1.119240041201230440e-03 1.414312817566165670e-02
4.739951526611108079e-06 7.907998387808312657e-04 3.949438061259469279e-03
4.662432998125964900e-06 4.828547059454457724e-04 -5.433445437527106847e-03
-1.195352933969218157e-06 5.185535701959231858e-04 -4.301238580564303859e-03
-3.626241936061092019e-06 6.856750471184724915e-04 8.016415696929790613e-04
-5.237137372438027683e-06 9.310752461635374289e-04 8.114661883017015853e-03
-8.464544620334635283e-06 1.341736292509221329e-03 2.014197992087507494e-02
-1.296452601562414486e-05 1.970727075450540156e-03 3.834183146240488504e-02
-1.327472742707058728e-05 2.568259896401858811e-03 5.511074407409233267e-02
-1.084383172811342888e-05 2.973649894362218049e-03 6.564323224535684176e-02
-8.608172234136901579e-06 3.206538910810241561e-03 7.066800573765075200e-02
-6.530783296820885653e-06 3.290818347135626709e-03 7.106903210513193514e-02
-6.686997177096642986e-06 3.369224212592225598e-03 7.123894549545695121e-02
-7.479831274137538344e-06 3.490188065828458974e-03 7.266539796430460108e-02
-1.119959338491405276e-05 3.824447305956546472e-03 8.040026190978366571e-02
-1.529025174185072444e-05 4.382640016713068576e-03 9.461533793922161095e-02
-1.997061981984238344e-05 5.186930578566339989e-03 1.157740978176646784e-01
-2.113860049046678569e-05 6.024862341718506542e-03 1.373546331671222642e-01
-2.041263386143299385e-05 6.780989743461418584e-03 1.558509586563365801e-01
-2.394176290998473178e-05 7.690296323446865756e-03 1.783060734777348610e-01
-2.171305084930352791e-05 8.412433517770878666e-03 1.945525818150568576e-01
-1.808168828532075167e-05 8.871354255192809291e-03 2.024219849481314615e-01
-1.275217044538479172e-05 8.983610883008807946e-03 1.996683598989650310e-01
-4.047928279016232977e-06 8.579476301785682324e-03 1.815512368985003899e-01
3.035588948874234916e-06 7.780528456565960482e-03 1.521031627359394900e-01
5.916526484073258985e-06 6.846056400870104142e-03 1.194087962171836992e-01
1.017883244491812889e-05 5.711144736031403824e-03 8.171991451533111572e-02
1.031287806174674415e-05 4.621485527441571151e-03 4.646641743624702059e-02
8.267284633101112945e-06 3.700811405790815911e-03 1.732167417032881573e-02
8.277815480406403026e-06 2.819689455967111513e-03 -9.703177332841539382e-03
4.110684004965392546e-06 2.206263852984946539e-03 -2.794277003117939806e-02
5.214579873014102418e-06 1.536137980468144093e-03 -4.721923010697559597e-02
5.374933262025649583e-06 8.592177626827179893e-04 -6.612091687984666954e-02
6.605818977822863758e-06 1.115032190028841796e-04 -8.654215504158568883e-02
9.933489380831161952e-06 -8.241799604191690776e-04 -1.119297116635422640e-01
1.425937119470255254e-05 -1.983506695386161311e-03 -1.432258766248635240e-01
1.687398556482477829e-05 -3.248873744023939025e-03 -1.767744211911528307e-01
1.745079943238359022e-05 -4.481532686485767414e-03 -2.083556793799818951e-01
1.535015062814615305e-05 -5.522326562188872856e-03 -2.332674377013326250e-01
1.136400270995707729e-05 -6.258610489777716168e-03 -2.483244775989943420e-01
7.540928244065270292e-06 -6.702248934658872059e-03 -2.541426342292514295e-01
2.854507147542761913e-06 -6.806057076089722102e-03 -2.496129308686716453e-01
-3.206059562721463863e-06 -6.504311230918435882e-03 -2.330920302198788985e-01
-9.288931436479685999e-06 -5.822030929254040643e-03 -2.056662199487979681e-01
-8.898293854420202820e-06 -5.151355661515477635e-03 -1.792848227149408391e-01
-9.313073751071598849e-06 -4.455795906306292409e-03 -1.529743070590419141e-01
-6.452845309423693720e-06 -3.933884020234756917e-03 -1.325958134748030925e-01
-6.676518313986079534e-06 -3.411831506725082619e-03 -1.128970020876765012e-01
-5.355492496139646619e-06 -2.983086047136040975e-03 -9.656024126854623191e-02
-5.357650689985504755e-06 -2.568782665316682312e-03 -8.118313349731276496e-02
-3.948099779105262996e-06 -2.239500370341929170e-03 -6.879614399517586243e-02
-3.935524639953058568e-06 -1.900739935329021080e-03 -5.653901946936912282e-02
-6.757013177649540125e-06 -1.377562387644193365e-03 -3.920162572567931214e-02
-9.405623477620750350e-06 -6.885161042471388271e-04 -1.742325337961192488e-02
-1.293180339834165693e-05 1.962100262620225521e-04 9.535328006082588459e-03
-1.417954430005252675e-05 1.133074128370381572e-03 3.728226233206810569e-02
-1.470746942477951791e-05 2.076260672938978757e-03 6.438525884474577410e-02
-1.325161647502959283e-05 2.905555612547683353e-03 8.729251881775912381e-02
-9.730379517680631807e-06 3.498921107238039951e-03 1.024800254422062462e-01
-5.213974293649670244e-06 3.809118024131308289e-03 1.087414386888281292e-01
-5.030846583986559040e-06 4.096172207182835479e-03 1.140167646013707792e-01
-3.971849443340502717e-06 4.311921752509384476e-03 1.170103578789929433e-01
-9.005350127821998285e-07 4.350851193366533920e-03 1.146570217784310675e-01
-3.695329481967490892e-06 4.550840970270808583e-03 1.170655408108145501e-01
-4.233174944134887596e-06 4.770771509813087619e-03 1.200467657150776635e-01
-6.195330441327584481e-06 5.081131123244819747e-03 1.256141018494223438e-01
-9.898402889119140013e-06 5.561928258787762758e-03 1.360780259838534345e-01
-1.177341032176926205e-05 6.085848124239845447e-03 1.475566183531269449e-01
-1.209706331661841716e-05 6.556050186814488256e-03 1.571091071416685914e-01
-1.158467456785494676e-05 6.923862631192490014e-03 1.633188008273205316e-01
-1.168927979544598372e-05 7.213647746927565052e-03 1.669885061303915119e-01
-9.473926372960406184e-06 7.295294207276814547e-03 1.643612788659254420e-01
-7.670842433471491972e-06 7.203987123098221090e-03 1.566206180335349973e-01
-4.549860629365909404e-06 6.879331450107217805e-03 1.421527537653024531e-01
-1.345685532561091691e-06 6.344305547995032768e-03 1.218210065453981805e-01
-2.398611006038109394e-06 5.862850761059190674e-03 1.036101737064278883e-01
3.815705431176041884e-06 5.027853961584005660e-03 7.553466412604192826e-02
-5.383419710014436532e-07 4.467949135601889665e-03 5.630577445829909600e-02
2.303406485770764789e-06 3.760512471506993748e-03 3.341491597707402228e-02
-3.785877540352089454e-06 3.419547124433153229e-03 2.198842754816587863e-02
-7.030654133766134350e-06 3.263159066344556436e-03 1.650247579596375580e-02
-8.679725356675049852e-06 3.187604632916674063e-03 1.364482191504823305e-02
-9.434317283840698565e-06 3.143866312063758883e-03 1.184622666083501308e-02
-7.054719801669051549e-06 2.956257892234193108e-03 5.871480412892982059e-03
-6.772449445469064244e-06 2.757028961535290534e-03 -3.201381666342317800e-04
-3.909623493836278385e-06 2.409621723025834328e-03 -1.069702652584125779e-02
7.621463136153749929e-07 1.835470240928449570e-03 -2.750046965455443804e-02
4.673999366211489814e-06 1.101763207755679375e-03 -4.858394051117143064e-02
7.544223212141432100e-06 2.828106992944778852e-04 -7.159774422758125034e-02
9.251213817229597680e-06 -5.494708021853700330e-04 -9.433129651858518372e-02
1.239689437260160787e-05 -1.477980748797236288e-03 -1.192036665085056679e-01
1.251244302502563244e-05 -2.327328266253037015e-03 -1.410166661907756858e-01
1.312503302131062810e-05 -3.136759183755666314e-03 -1.609459460531592612e-01
9.754570479580948472e-06 -3.692216568431216928e-03 -1.727626107950333001e-01
6.479594976127600603e-06 -4.026427253437381282e-03 -1.775881934584999655e-01
-1.402380454207374783e-06 -3.888333003833954749e-03 -1.682639194771962110e-01
-5.163814744246764121e-06 -3.538246903957542600e-03 -1.527763038532410356e-01
-9.278414512037258532e-06 -2.956326640181083931e-03 -1.308448259683498982e-01
-1.292802255714597948e-05 -2.181439300199983222e-03 -1.038050026904400180e-01
-1.200048007365950298e-05 -1.477986576611911573e-03 -7.960736466305129433e-02
-9.729807393776823687e-06 -9.146360401151021335e-04 -6.030206952046524016e-02
-5.751811882115376307e-06 -5.768146244189420457e-04 -4.828322656025285653e-02
-4.671960813329434359e-06 -2.889839309145880719e-04 -3.820607538384090951e-02
-1.455258304527973223e-06 -1.780804607560693142e-04 -3.366227795371945497e-02
-4.057231264509297830e-06 8.717402579483390923e-05 -2.480318270812276182e-02
-4.904446696318842669e-06 3.857629680992236132e-04 -1.516676207611000748e-02
-1.007272792175051279e-05 9.553685846088733058e-04 2.152285751214177978e-03
-1.420110995153933686e-05 1.715946124442924159e-03 2.467425021901337168e-02
-1.290450138546894721e-05 2.353900149992815827e-03 4.299200325469265671e-02
-1.457447078756501924e-05 3.051271275433142804e-03 6.243408891194945909e-02
-1.141872225085549530e-05 3.538919158377229479e-03 7.514403045342188392e-02
-8.961534359253064963e-06 3.869349653248921328e-03 8.274610720295494382e-02
-2.712991697073618980e-06 3.837680753059569128e-03 7.940465848715860808e-02
3.251918982538626324e-06 3.487646994778659248e-03 6.664465220564785852e-02
6.785501720285580518e-06 2.965337024718683878e-03 4.906432442783748016e-02
9.458361719838492832e-06 2.324990793109105169e-03 2.847433479430461212e-02
1.053792985628021484e-05 1.657684605519627041e-03 7.668096673818070030e-03
8.097829716335880335e-06 1.153098064353486052e-03 -7.736994750827674849e-03
2.805719860665689680e-06 9.555630826816319257e-04 -1.358057238960297397e-02
-1.733899932965243806e-06 1.003190505324713655e-03 -1.190208956574312360e-02
-8.914659158865134714e-06 1.432182368007017814e-03 1.033489598534664822e-03
-1.252844801369334959e-05 2.018174223334723294e-03 1.836280906918363875e-02
-1.256240009461784268e-05 2.557588788667297663e-03 3.387137013868768420e-02
-9.638204050199661310e-06 2.890663924047354172e-03 4.282864055089286026e-02
-4.697756610605452465e-06 2.921280516957613926e-03 4.253803537675504565e-02
1.700695333672896936e-06 2.589849204480465517e-03 3.148913710391210152e-02
6.575250233398222122e-06 1.998007106663646226e-03 1.296406546951178740e-02
1.103036391070233435e-05 1.195676495257647076e-03 -1.129325694337279806e-02
1.037537579606784277e-05 4.718845272777549837e-04 -3.260740301648268336e-02
8.615224047270331198e-06 -1.110604437870588157e-04 -4.909920478482754369e-02
2.087198540667856150e-06 -3.051183499880316674e-04 -5.361420613067480190e-02
-5.193092202704363558e-06 -9.856171390909551633e-05 -4.605419578374592149e-02
-1.107673372580109117e-05 4.049981068874330958e-04 -2.981953445765039845e-02
-1.551916127628949482e-05 1.107241217006116329e-03 -8.110453014769092306e-03
-1.800503651105955782e-05 1.892172658448654232e-03 1.545516852702677468e-02
-1.620107219513222674e-05 2.513862219852169844e-03 3.355689421574892251e-02
-1.163835611817098936e-05 2.832620398933283212e-03 4.214627618654898100e-02
-6.792799470911603521e-06 2.858301275854957524e-03 4.173182459395108346e-02
-5.099166355382322990e-06 2.790879622959652195e-03 3.845001146884197141e-02
-4.057567632331782193e-06 2.676161290027900819e-03 3.383247187175042470e-02
-5.500738915031888610e-06 2.661906225054355701e-03 3.227092264005504418e-02
-6.626267501141924754e-06 2.733662726804642062e-03 3.332411415160319024e-02
-1.071846755906769033e-05 3.058932127111280153e-03 4.180660208302633407e-02
-1.149675988854070852e-05 3.441990429362773440e-03 5.184837393824359708e-02
-1.207731186037008797e-05 3.868909083523552894e-03 6.289357407153639556e-02
-1.358409373608537862e-05 4.385679911598661107e-03 7.624671031714136404e-02
-1.446906240287759715e-05 4.935900042398300158e-03 9.021084814025037701e-02
-1.287261853377685838e-05 5.370588750720051152e-03 1.003810416158179564e-01
-1.158414828195120094e-05 5.704542969334314151e-03 1.072276478745948225e-01
-4.138165485390032927e-06 5.585177465734059155e-03 1.005533342004776287e-01
-3.161275669238960973e-06 5.403990008763237540e-03 9.203065901215046196e-02
-8.703655614006322594e-07 5.085930792956938618e-03 7.972961350538376735e-02
-5.928055695214595744e-07 4.760390727563956759e-03 6.751164587685698493e-02
-8.585975606045792574e-07 4.458534179369699757e-03 5.635417497830452760e-02
-8.746044106722195011e-07 4.172733347453050357e-03 4.602011536729389007e-02
-2.344481750071736315e-06 3.979435284595655986e-03 3.871328556827702272e-02
-4.540354083149011899e-06 3.912135421091367249e-03 3.535972718059321451e-02
-5.467439939677021243e-06 3.880354028672705624e-03 3.321566558726818386e-02
-5.692399885903753898e-06 3.832927941407771044e-03 3.070121618243337736e-02
-5.005370675714715389e-06 3.720116959716968097e-03 2.634695722044666510e-02
-3.321402249456539835e-06 3.482838120367759416e-03 1.845851760817485143e-02
-1.683422782283727770e-06 3.134898939966879183e-03 7.514693746449196965e-03
2.002940590939417120e-06 2.569331777158900820e-03 -9.501414243042294316e-03
3.492473158228648344e-06 1.936266978411094186e-03 -2.808418787328470501e-02
3.774299341730014135e-06 1.319228534341077008e-03 -4.566588206310262521e-02
4.464414244731429449e-06 7.041371513165639584e-04 -6.263758599344004807e-02
3.759200503772319735e-06 1.806530442709508577e-04 -7.641228398956068091e-02
1.802277901807869398e-06 -1.790218979595969984e-04 -8.493398546151631479e-02
-2.346184293511299757e-07 -3.801000807761578670e-04 -8.847386547306568261e-02
-3.315626137423421937e-06 -3.792400679893948023e-04 -8.592608297307258169e-02
-3.682974815566453231e-06 -3.482149945099877186e-04 -8.245437937976296539e-02
-4.718097408096255663e-06 -2.631136799287059347e-04 -7.749169994948035267e-02
-3.955315733161768321e-06 -2.382649969854266914e-04 -7.439922096084394809e-02
-4.906523884962155080e-06 -1.741115209867860614e-04 -7.029103057969887658e-02
-4.086286722992937825e-06 -1.701362122186189652e-04 -6.803442257844727337e-02
-3.406585946219564676e-06 -2.031461416589497304e-04 -6.695676552932727787e-02
-6.984234879325867951e-07 -3.708705746043872153e-04 -6.985058962100332280e-02
2.479340895700232750e-06 -6.771361676713993916e-04 -7.676327597145027326e-02
5.814762943812112894e-06 -1.109000633319201512e-03 -8.719784690171694663e-02
8.605442727294132510e-06 -1.625273986960218409e-03 -9.983952086880654164e-02
1.049202609193500280e-05 -2.169411380442021198e-03 -1.129509548908478322e-01
1.236757312295111433e-05 -2.749870605018189806e-03 -1.267259478512410276e-01
1.205431774842224968e-05 -3.254066125569332613e-03 -1.378782099305402298e-01
9.519481469322244038e-06 -3.574724878120383309e-03 -1.433035944396054973e-01
6.929993563886682750e-06 -3.730522200084296358e-03 -1.436519783782990167e-01
3.848032787301391977e-06 -3.708974565990841299e-03 -1.387286764488044888e-01
5.879951883169809435e-07 -3.507649882650065720e-03 -1.286194296422888961e-01
-3.205799816274890190e-06 -3.097461023419789683e-03 -1.126401247977493192e-01
-6.113329471313377894e-06 -2.529670396560712575e-03 -9.244182578659376759e-02
-1.058504960815831453e-05 -1.720084350590012079e-03 -6.574636497527874823e-02
-9.919592630636131503e-06 -9.696161142018766554e-04 -4.142950346835316822e-02
-9.191498107297135789e-06 -2.769000332052407032e-04 -1.957260570331031957e-02
-5.261038539261519986e-06 1.769476268602687696e-04 -5.355823180570151720e-03
-2.919631614251017027e-06 4.852321949020410585e-04 4.044217393627924650e-03
-2.014292589169741632e-06 7.291360731562779307e-04 1.118800678922227121e-02
-1.894195521989772146e-06 9.498494420645542391e-04 1.739370883862445538e-02
-6.965920101631439820e-06 1.432167314558752125e-03 3.097426963520133469e-02
-9.339381747075492513e-06 1.999899960050566250e-03 4.678147260882647984e-02
-1.338988770083204827e-05 2.745590254571661504e-03 6.731647234235271782e-02
-1.555279392584374420e-05 3.551116563524248093e-03 8.906694421147376417e-02
-1.610990391598399185e-05 4.338856735663254582e-03 1.096679595742720004e-01
-1.737731149953347654e-05 5.150707468537296663e-03 1.303154137833306692e-01
-1.684886997099788175e-05 5.886773985618098948e-03 1.481385035869031697e-01
-1.536781864386327356e-05 6.498115021164707628e-03 1.617401051875662077e-01
-1.340947496197841815e-05 6.962703860673880030e-03 1.705780660051994246e-01
-1.177176434885573997e-05 7.304497667747655854e-03 1.754781186196323617e-01
-9.278457249406457663e-06 7.476083550969958580e-03 1.752039236540285927e-01
-6.923523343527193674e-06 7.487705078790707347e-03 1.701813624617067866e-01
-4.701915277349755229e-06 7.350240104431415844e-03 1.608790021574320050e-01
-5.794032170935992099e-06 7.254310608923342230e-03 1.529580872068896369e-01
-5.955501062304691118e-06 7.141229908255164460e-03 1.448040249215436504e-01
-6.675046412940588425e-06 7.046792408526014739e-03 1.374245533132754105e-01
-6.603224957268949424e-06 6.927580135920097248e-03 1.295620605184297780e-01
-5.576629974690661129e-06 6.740232923992062197e-03 1.199481183717199251e-01
-4.597946882123338241e-06 6.495896889223473636e-03 1.089303291964722753e-01
-3.137094084504354896e-06 6.171879185788098354e-03 9.590307710493917170e-02
-1.458306709167800364e-06 5.763551120091747748e-03 8.078044228006442395e-02
-7.715656251683356004e-07 5.331414718130256247e-03 6.537504199928889648e-02
-6.302232762323001225e-07 4.903390545463626182e-03 5.054523268983146522e-02
-1.844240749226955245e-06 4.551815693724758916e-03 3.838565381416536582e-02
-2.149194768152895563e-06 4.213669639397066291e-03 2.704243678953499597e-02
-1.960896621744367962e-06 3.861203654798472940e-03 1.564666409487891485e-02
-9.829123499560665778e-07 3.448683572744082326e-03 2.859057356380478865e-03
-2.268176912956221258e-06 3.109348610673023927e-03 -7.459774935826501974e-03
-1.530297143004233362e-06 2.719633992145586987e-03 -1.886228403624645722e-02
-1.330734346272066659e-06 2.316930376042414252e-03 -3.031861117609269130e-02
-8.902821908574054532e-07 1.888776540243108926e-03 -4.216192685658537442e-02
1.980366295395441512e-07 1.406716395073281944e-03 -5.520895777644740932e-02
5.833881155936637697e-09 9.552372098586836557e-04 -6.700470079240039567e-02
-8.615492326224938324e-07 5.791235195318211737e-04 -7.623639475000532073e-02
-9.998657815035727481e-07 2.423960388231449770e-04 -8.398738380624370947e-02
-2.872027637490504048e-06 5.111191649098678624e-05 -8.727188073030456295e-02
-4.016468915013504670e-06 -3.619669157761684630e-05 -8.734830747857902367e-02
-5.801861992615897634e-06 1.767388332774011417e-05 -8.327340092201440669e-02
-6.809989985478992480e-06 1.603713196485223591e-04 -7.665805968444461271e-02
-7.370934854700195160e-06 3.622910354565966884e-04 -6.847229979299607194e-02
-9.798874152533443294e-06 7.236885699581918630e-04 -5.590322170202766117e-02
-9.421439459034175457e-06 1.070516128435894387e-03 -4.402186408067354506e-02
-8.086473920476677790e-06 1.346964862720234635e-03 -3.454108689223689410e-02
-6.804398210658035850e-06 1.555039330938479125e-03 -2.737466216637240990e-02
-4.516766986206732781e-06 1.630495022591826881e-03 -2.429669139367351960e-02
-2.286101379977978354e-06 1.585295603072189863e-03 -2.488543875099225033e-02
-1.741574522373667833e-06 1.521467007486343448e-03 -2.608705175887715555e-02
5.519035166656749425e-07 1.347259507834319692e-03 -3.043941640461156339e-02
5.197076824448032539e-07 1.208905699723095140e-03 -3.371333011414101577e-02
3.147181371065954636e-07 1.114574049654759591e-03 -3.559568578245464465e-02
1.619231996929926254e-06 9.790788725185795016e-04 -3.856508338728747987e-02
1.560992358484725173e-06 8.742256730271957821e-04 -4.059277407587913444e-02
1.842092637538428335e-06 7.725896361829853731e-04 -4.244006919421350332e-02
2.826432971447800924e-06 6.253936844675678230e-04 -4.553110489826650564e-02
2.558771844629603720e-06 5.006373207558922900e-04 -4.791651758921355864e-02
5.887348982769324834e-06 1.887114889944641050e-04 -5.557399744552204979e-02
8.371093534353946097e-06 -2.528660607223898182e-04 -6.685692031792989098e-02
9.796635157544031358e-06 -7.607214592819655508e-04 -7.979386858655557191e-02
1.220760681386323654e-05 -1.387878631226691084e-03 -9.579880220190428730e-02
1.187182982254064711e-05 -1.968958515187635427e-03 -1.100794198459507101e-01
1.060544143327568634e-05 -2.455589760346432726e-03 -1.211692224399447682e-01
5.143451443645474797e-06 -2.611901335649813305e-03 -1.223696064521750948e-01
2.386914176311094593e-06 -2.608512506038662693e-03 -1.186781115914676832e-01
-3.113752358840926604e-06 -2.288819777471529093e-03 -1.059004889564203467e-01
-5.660168929999542797e-06 -1.842369745342908871e-03 -8.961953066251959754e-02
-8.687679005303650115e-06 -1.244660687497178841e-03 -6.939853771854220810e-02
-1.028215709775182063e-05 -5.880307991921185362e-04 -4.798753583902071185e-02
-1.052779265808823084e-05 4.891549322616484119e-05 -2.775039439768489657e-02
-1.163694272299231613e-05 7.179564809796090685e-04 -7.239133985941670346e-03
-8.904417344579584892e-06 1.199414923786390474e-03 7.295626033942514965e-03
-7.922548077798907684e-06 1.608662951953832021e-03 1.915409381963417701e-02
-4.165128860256217536e-06 1.792170243025026366e-03 2.412155049569131293e-02
-2.226348898126673248e-06 1.868660704788638327e-03 2.567920741194429368e-02
2.897193254192131917e-07 1.807784633464537549e-03 2.316304264059088069e-02
1.977577200662494761e-06 1.661039688402921044e-03 1.814934100293408292e-02
2.642743173408845792e-06 1.488261822915504240e-03 1.246951448424304942e-02
1.143791754865119970e-06 1.411693737349617450e-03 9.689995665057793417e-03
-4.018870836119958767e-07 1.428438970324519275e-03 9.744061814470406091e-03
-2.462006555736806490e-06 1.560346219445118976e-03 1.316826475591215129e-02
-4.736873810973207810e-06 1.814933117096462212e-03 2.009061989114790947e-02
-9.190644330914210514e-06 2.309128654507386358e-03 3.374781234500545679e-02
-1.200913836352235364e-05 2.936373770074718337e-03 5.098736074874166135e-02
-1.333438904738137865e-05 3.610921229435293256e-03 6.915887187343328080e-02
-1.381545625922520060e-05 4.284345809225431623e-03 8.677249906872530616e-02
-1.382135121241745424e-05 4.928488451274581905e-03 1.029962704743820900e-01
-1.089647832630546986e-05 5.378971860555692430e-03 1.131552459319942194e-01
-7.547400612928356622e-06 5.620493705579265864e-03 1.168572000938055133e-01
-4.591975559353755898e-06 5.681864905235256558e-03 1.151077795424648720e-01
-1.924676849451856242e-06 5.581635869300383135e-03 1.086314273715829337e-01
1.582940956534883981e-06 5.275706825427439739e-03 9.633548249194001656e-02
2.240290672084199741e-06 4.933209547834049857e-03 8.318813670977576180e-02
8.241611011428062739e-07 4.660673775486179338e-03 7.240272879750353496e-02
-2.725783178281204755e-06 4.570529766476649769e-03 6.721031399519761251e-02
-7.312833275818775292e-06 4.709896290323811741e-03 6.888196065344542873e-02
-1.125260857959275995e-05 5.030268788054348406e-03 7.586516179951097172e-02
-1.206100248740682446e-05 5.350363945801905885e-03 8.278524189037961278e-02
-1.116623822960960410e-05 5.582517782659168759e-03 8.698291388906254085e-02
-8.844740862379296686e-06 5.652647201423555146e-03 8.634925192380871195e-02
-4.752000950070112140e-06 5.474758602463491997e-03 7.851746297975159550e-02
-3.558627398092539806e-06 5.226972890598258203e-03 6.870633507017931407e-02
-4.475947528614909743e-06 5.026130811754292438e-03 6.046271752535536947e-02
-6.490246841739377714e-06 4.931594491496049670e-03 5.553812507638244966e-02
-1.116299371028972587e-05 5.087299015170687611e-03 5.798160276326091989e-02
-1.444688137519634097e-05 5.398927374904216592e-03 6.501100828461492398e-02
-1.528497282743401797e-05 5.725735923325370180e-03 7.239734816463361256e-02
-1.371393719384883525e-05 5.934498343745486792e-03 7.620951477083259817e-02
-1.035518507741528538e-05 5.942105389449725550e-03 7.406996575629953838e-02
-7.194160875911848052e-06 5.779790538415818801e-03 6.697236014279894789e-02
-2.618839922696736267e-06 5.380642591436890498e-03 5.319877391474170381e-02
2.052897969839762027e-06 4.762588309394688579e-03 3.340812422034789009e-02
4.509180830059023037e-06 4.066308265328943961e-03 1.179973406129786184e-02
4.108858712381646683e-06 3.456368428792266911e-03 -6.765233658102776104e-03
2.190877261831758460e-06 3.002122724720113212e-03 -2.025338804857357289e-02
1.115782144012200661e-06 2.643506401360351532e-03 -3.045567547492744609e-02
-1.433457486044176221e-08 2.371443725105670808e-03 -3.778583834593884916e-02
-7.439376270568232030e-08 2.116917648292027110e-03 -4.430036859822505946e-02
-6.293773839871619202e-07 1.903281858373295776e-03 -4.942926347937914855e-02
-3.645690123121880788e-07 1.677066705842555905e-03 -5.470971290534443199e-02
1.933476942550527156e-06 1.323552243668091322e-03 -6.343458219966491285e-02
3.115570215594942738e-06 9.130492349858077006e-04 -7.361838299638412408e-02
4.734482340840173720e-06 4.265301505983476460e-04 -8.568844678895137790e-02
5.469381433087505684e-06 -7.915395241697709139e-05 -9.799280280519084840e-02
5.706959516516008080e-06 -5.673616336239195590e-04 -1.094325323639830927e-01
6.735957452264074163e-06 -1.079230081499016336e-03 -1.211576253361492661e-01
7.084929434242326352e-06 -1.565008205932416629e-03 -1.317930637000799265e-01
5.986129168800147227e-06 -1.937971087281775695e-03 -1.388757887566924865e-01
6.276558229600937011e-06 -2.280730362747007689e-03 -1.447596362722620711e-01
4.089548121477548648e-06 -2.450353226308044086e-03 -1.455294471327173156e-01
1.704513111544514459e-06 -2.449618899365457736e-03 -1.412824920948572149e-01
-1.872355923637769592e-07 -2.317397810061461172e-03 -1.332704310023471450e-01
-1.228230140259967129e-06 -2.110928099765096988e-03 -1.232657192730184370e-01
-1.250038498934458175e-06 -1.899755694748872514e-03 -1.133515608341864045e-01
-7.253563119036243734e-07 -1.720272327914385002e-03 -1.046254588125448137e-01
-2.060834823680579575e-06 -1.468778749410981632e-03 -9.417128565452381750e-02
-2.213541396400842132e-06 -1.223591692305570078e-03 -8.414197115684940442e-02
-2.262415130349637593e-06 -9.905018006690635701e-04 -7.476596694685566646e-02
-4.391258780156448438e-06 -6.463491570574131373e-04 -6.256764114134316657e-02
-4.895998257037348367e-06 -2.877467023905122545e-04 -5.022477000809200121e-02
-6.118362133822330406e-06 1.343864288954055297e-04 -3.646038997689249328e-02
-7.150663468458162697e-06 6.101224267873739393e-04 -2.155118575207159992e-02
-5.907391878334777857e-06 1.016216284366322498e-03 -9.008198635729325332e-03
-3.476447210992716919e-06 1.295739927648531520e-03 -4.904588925693786905e-04
-2.614109663401364969e-06 1.544291883825765765e-03 6.748216801337303394e-03
-1.007763377636194946e-06 1.710367797376211030e-03 1.140187821496763121e-02
-1.169120515953636641e-07 1.829663203962494933e-03 1.450284539518564841e-02
-1.683616233094653580e-07 1.946190473005149357e-03 1.737282854323352055e-02
-1.792378119258586366e-06 2.143458560049715800e-03 2.241289114575506503e-02
-3.676262478435887715e-06 2.428580682475312003e-03 2.984704368599011559e-02
-4.573804056828834064e-06 2.743757608745234222e-03 3.798824752353935352e-02
-4.914836336133987515e-06 3.065616031713069844e-03 4.609430429386263128e-02
-4.409331627819312871e-06 3.348412749790474763e-03 5.285411471190171184e-02
-5.601665145071876850e-06 3.689088989579536459e-03 6.097759725950124832e-02
-3.918606585884276683e-06 3.912037348882124732e-03 6.560088676077757697e-02
-4.486349823196178477e-06 4.143910624278435151e-03 7.019559073359671331e-02
-4.098322909484863885e-06 4.314160612665318695e-03 7.291724166970414700e-02
-5.882343984797699932e-06 4.544820499982504813e-03 7.717251003056402325e-02
-6.633503195629941729e-06 4.768481364452847870e-03 8.115617903768823638e-02
-8.946687045430223861e-06 5.079698288074974144e-03 8.745622374246808661e-02
-9.347707493390089439e-06 5.365604634540721563e-03 9.293930651300330581e-02
-8.170526624162732787e-06 5.549409601458998864e-03 9.535685739015775653e-02
-5.103078870138944012e-06 5.540766972210953156e-03 9.218361180470058258e-02
-2.710344744194514988e-06 5.396334774862010519e-03 8.507785055454197831e-02
-1.278270988169794009e-06 5.175038141264964864e-03 7.587399254424820327e-02
1.207412435810795159e-06 4.814557447994527450e-03 6.296391781216570394e-02
2.580950699382356106e-06 4.385319824736333416e-03 4.836940234461994947e-02
1.711916825630765970e-06 4.013682157613329693e-03 3.575746866409668101e-02
1.806763468170657916e-06 3.637202991731758317e-03 2.346665950829951441e-02
8.068111090331342439e-07 3.319900008841969452e-03 1.321320240715229133e-02
-2.169705624055495718e-07 3.058727260901727973e-03 4.918627875141634576e-03
-2.832172372624341961e-06 2.947719199444032157e-03 1.148821759174634138e-03
-2.475104862398325167e-06 2.809912215535170787e-03 -3.075883197211304321e-03
-2.676435209458816189e-06 2.690550521899037761e-03 -6.676283286789264082e-03
-2.633322543577065744e-06 2.576671093009519353e-03 -9.990254019619282388e-03
-4.065689042320741464e-06 2.555375937022263955e-03 -1.060839825012571680e-02
-5.173967132066081831e-06 2.604790470936535485e-03 -9.126356882658726022e-03
-6.073568037390231211e-06 2.713672790576771021e-03 -5.945861059125423509e-03
-5.223560914036085023e-06 2.779473600353021823e-03 -3.994947440209450917e-03
-6.134673844471194570e-06 2.912391361382660193e-03 -2.840905197549759009e-04
-7.959363542475728082e-06 3.154226847458918570e-03 6.420047325188527054e-03
-9.680594653893592749e-06 3.487918627539388083e-03 1.560149070685090678e-02
-1.075458728916345308e-05 3.869039060144796593e-03 2.592553644621231612e-02
-9.834606448322347205e-06 4.180767413812791489e-03 3.404885286344461193e-02
-8.934928153792043304e-06 4.432535209987875646e-03 4.016077872977863450e-02
-8.063406787162108458e-06 4.629926884962332068e-03 4.448469066276228290e-02
-6.688042685443207347e-06 4.743458925269727899e-03 4.626448335028987557e-02
-3.466215278802309285e-06 4.672197488617468863e-03 4.273977304266773913e-02
-2.021412756292306767e-06 4.531527028862392115e-03 3.716215231254738072e-02
-1.567729213114432696e-06 4.372138140454673305e-03 3.114104658066363385e-02
-2.193064017497192708e-06 4.253289838064500117e-03 2.640484725998737403e-02
-3.377988773145546020e-06 4.199434467512697111e-03 2.366792328777567178e-02
-4.291140277778993095e-06 4.187612326286060949e-03 2.226353111074708124e-02
-4.493302632635476357e-06 4.177994598491663325e-03 2.101736949352472905e-02
-4.304698394630435132e-06 4.155094747261278698e-03 1.944391223081387565e-02
-3.908029301058491001e-06 4.110493136014747861e-03 1.729874017582222478e-02
-1.797942676073915891e-06 3.951350959304544830e-03 1.201667306173748173e-02
-1.507818791157689020e-06 3.795305180242181109e-03 6.838647393898611426e-03
-1.127824868163429528e-06 3.633193144422897092e-03 1.651020928844726399e-03
-2.855411433522192510e-06 3.584472599039711938e-03 -2.445832961877059120e-04
-5.663863233529298213e-06 3.696949165785223812e-03 2.520608032960058864e-03
-7.360209279383411740e-06 3.894500462405803276e-03 7.761221019995101500e-03
-9.480050277232976441e-06 4.199867312469462988e-03 1.593141343418924549e-02
-1.122401716369125779e-05 4.586007568357253206e-03 2.621377594566665081e-02
-1.056178270530949703e-05 4.907930939446192298e-03 3.450321463040628700e-02
-6.470333355323987234e-06 4.980695930254075421e-03 3.556851486054135592e-02
-3.329374584915001378e-06 4.878148935617998561e-03 3.142789950024615919e-02
2.912066450200256895e-07 4.578387110425907736e-03 2.172881144507554652e-02
1.921853241881876784e-06 4.202384754407706424e-03 9.960916198016978029e-03
1.363839761125973382e-06 3.872556867869469954e-03 -2.774275685735183572e-04
7.187597939051215690e-07 3.579635473331954643e-03 -9.118263929743797291e-03
-1.566704185940182015e-06 3.414943427349159677e-03 -1.409575805297391682e-02
-5.205660410734225252e-06 3.447851187575734500e-03 -1.330383538819823741e-02
-7.318785976373476387e-06 3.583353379486009516e-03 -9.441627087187320910e-03
-9.085121018159725281e-06 3.806328191330754507e-03 -3.147105048814768935e-03
-7.923587403979581723e-06 3.947374456485519545e-03 8.203657744547676600e-04
-6.289011050153447968e-06 3.997904353728820581e-03 2.067125910233169606e-03
-3.902951016598876777e-06 3.924063545937661601e-03 -2.726828916501666811e-04
-2.249954146993360382e-06 3.775787286512954921e-03 -4.760854348589749208e-03
-4.971915497087309177e-07 3.550592504983463016e-03 -1.132974185602098061e-02
-3.503117809167122232e-07 3.345244678609970990e-03 -1.725966928805577894e-02
4.554125521138985278e-09 3.141466714312146635e-03 -2.293656799064347496e-02
-1.150419197237795288e-06 3.023179321818281196e-03 -2.608829761645292677e-02
-9.346564633361253982e-07 2.904463854195293848e-03 -2.903053919257914117e-02
-2.136827749854575131e-06 2.872875546022779503e-03 -2.949015681811362199e-02
-1.379237455800819134e-06 2.807258045812277558e-03 -3.074099107741723458e-02
-6.629620541431791025e-07 2.715434938284966293e-03 -3.270865049716098483e-02
1.195268062303966872e-08 2.599003544524469689e-03 -3.532411543602664850e-02
1.183502449375595234e-06 2.428380525979711990e-03 -3.937072949163011870e-02
4.201186361907360833e-06 2.102622450516955510e-03 -4.759740473880524902e-02
7.049569638706287833e-06 1.642886596075143757e-03 -5.943910140593500202e-02
8.109984679371962102e-06 1.154964907770894555e-03 -7.187239603714168368e-02
1.086107678860415149e-05 5.319908054028932298e-04 -8.763011673072185204e-02
1.228580789147670771e-05 -1.396863723364116794e-04 -1.044001572458927996e-01
1.025971110202306136e-05 -6.591912160918145247e-04 -1.165653083348425767e-01
9.651296081436555596e-06 -1.125478980361638293e-03 -1.266592004333273458e-01
7.662979424338800527e-06 -1.453887812441712057e-03 -1.325764444718888768e-01
3.905437629736496774e-06 -1.549033400906729696e-03 -1.317421528403870390e-01
1.985318539787783720e-06 -1.526649676168001513e-03 -1.273675803486526981e-01
1.104473053459287257e-06 -1.442727391867903997e-03 -1.212525115503120254e-01
8.058577041225589710e-07 -1.328842152938047860e-03 -1.144046032530892099e-01
8.279242691422439293e-07 -1.203989586185616467e-03 -1.074164898999807605e-01
3.172674100770933592e-06 -1.205249253562135081e-03 -1.040396901336553270e-01
3.472228427892076752e-06 -1.202021866559710439e-03 -1.008322107857120287e-01
4.274242729973565247e-06 -1.231093310651520945e-03 -9.859650657725271827e-02
3.169046986162271651e-06 -1.177899419949723914e-03 -9.424688403397896153e-02
2.679478613210051208e-06 -1.087536498824315245e-03 -8.889730301299847426e-02
-1.233851663062779380e-06 -7.553310048115102759e-04 -7.710680830328797697e-02
-3.652416954214032785e-06 -2.899434755603280678e-04 -6.170576999599131085e-02
-6.811377941673413261e-06 3.516507463473539374e-04 -4.180189027553993242e-02
-9.738084959298731746e-06 1.141024318819905403e-03 -1.825143860207134594e-02
-1.029858327372679128e-05 1.927009887464414817e-03 4.702666749999639961e-03
-9.561562507087728591e-06 2.636278794657997970e-03 2.485620442704483679e-02
-7.061987600476271609e-06 3.166322871315907506e-03 3.940110096052640287e-02
-3.138228305221701930e-06 3.440738834525003398e-03 4.628516957182382541e-02
3.704347455446566073e-07 3.497794580746949045e-03 4.665455481083347067e-02
3.020656226926377030e-06 3.402319776901641113e-03 4.251990289807938694e-02
4.056755640746700919e-06 3.257513359220753912e-03 3.691517915014452811e-02
3.653646241108532422e-06 3.151771154955129717e-03 3.244167335963066279e-02
1.945290486027317911e-06 3.158568139644435391e-03 3.119466694510997229e-02
-2.574227091045599991e-06 3.431446759244560774e-03 3.733166748776062249e-02
-7.404233409058491588e-06 3.966167960280819749e-03 5.075501682519512059e-02
-1.172408916172429372e-05 4.714778417293619128e-03 6.994557992678629432e-02
-1.456372436292596717e-05 5.573510548622762073e-03 9.184602457435842027e-02
-1.274621036495560134e-05 6.263917612983505023e-03 1.087045727907671733e-01
-1.169108122667239513e-05 6.845862976181615878e-03 1.218261550350567823e-01
-7.834104719162127139e-06 7.157007126244896433e-03 1.270372257454841503e-01
-3.644510131461942137e-06 7.199397483431790867e-03 1.243858596477775968e-01
-4.649937572764883953e-07 7.047394076210022895e-03 1.161116656761080890e-01
1.544842490819320346e-06 6.776028740314243848e-03 1.045341234619714399e-01
2.329373428811010172e-06 6.460982029309780827e-03 9.192406967839739096e-02
1.352786238140168962e-06 6.202529037185877669e-03 8.114004924647266748e-02
-2.163330063531532232e-06 6.141107576421944714e-03 7.606445114163173926e-02
-6.410661348432711293e-06 6.298689748994834581e-03 7.734502458977399186e-02
-1.039123616530801542e-05 6.647271481363681289e-03 8.407546832158097061e-02
-1.411011811125462145e-05 7.159840650404758478e-03 9.531022971435954005e-02
-1.541849281805340866e-05 7.688850290320736747e-03 1.069021392138482796e-01
-1.376213333248443860e-05 8.067795952236389567e-03 1.141315132325799730e-01
-1.108072193911624481e-05 8.253189380614145421e-03 1.156808857943611990e-01
-6.294078883861686791e-06 8.134213587762562092e-03 1.086806927859096383e-01
-2.654732210505272860e-06 7.805632027347408908e-03 9.575058060296237628e-02
-2.704522277241494521e-07 7.353150355157822560e-03 7.952311930838940057e-02
2.450252678531938955e-06 6.761433704114416798e-03 5.985473285745612770e-02
2.041018167364683222e-06 6.232218400114564183e-03 4.222647473386320627e-02
2.110370927788096651e-06 5.729397009003545094e-03 2.595401105436012656e-02
-8.009206933223822489e-07 5.429473570546794470e-03 1.565974544369819199e-02
-3.082095833217834979e-06 5.277391375114182104e-03 9.982424815081714087e-03
-4.958373591712472717e-06 5.244215243406902260e-03 7.926830952344143810e-03
-6.560712215275543713e-06 5.304075304310651440e-03 8.631735435072673823e-03
-6.887314137227207311e-06 5.375871247367047800e-03 9.802312573214511104e-03
-7.050468690650291137e-06 5.453881516230829618e-03 1.112599489263077501e-02
-4.418337099743041563e-06 5.372426916419259513e-03 8.181728360537210420e-03
-3.043791999335354603e-06 5.225962166891640059e-03 3.322154692722900649e-03
-2.250757322741492317e-07 4.933038508927012344e-03 -5.401324583946820468e-03
5.984563280492238846e-07 4.627717081841176139e-03 -1.444467141741601068e-02
8.620551636973061704e-07 4.340096643284607758e-03 -2.277104300962928818e-02
2.761302781983943078e-07 4.117974272660474000e-03 -2.906862129255038951e-02
1.405788478070491010e-06 3.854181388160959898e-03 -3.614236851129026817e-02
7.311966707668204890e-07 3.658903285061354538e-03 -4.124341954136356847e-02
1.259263055164439038e-06 3.445476600587915605e-03 -4.653423475845386292e-02
1.881167605688460753e-06 3.207687507837175822e-03 -5.231417230016699449e-02
9.161646579158855275e-07 3.035082042568970628e-03 -5.623061471545476309e-02
1.997532304010007920e-07 2.900893683763783315e-03 -5.888536273354771922e-02
-3.630435441159818311e-07 2.796013322485912944e-03 -6.059673815254296159e-02
-1.906685192842871857e-06 2.783774478796297025e-03 -5.975434330717099840e-02
-2.316597105700424208e-06 2.796670599960804360e-03 -5.809847818415958542e-02
-2.641156752858364598e-06 2.842479898866101529e-03 -5.557197145355319279e-02
-2.368716295997330690e-06 2.891996313732048129e-03 -5.296434900321456141e-02
-3.399014249172438440e-06 3.030771332987791666e-03 -4.809632762741777867e-02
-4.021821104149836401e-06 3.225965231506200404e-03 -4.174349213157402261e-02
-4.404198922003388361e-06 3.460966534260978555e-03 -3.444050277633969870e-02
-3.022770626692761198e-06 3.619831132152140363e-03 -2.927940546903862185e-02
-2.884092091370860089e-06 3.778204393315109932e-03 -2.444357739937652596e-02
3.621404687237372855e-07 3.731979233291271569e-03 -2.510823516330074057e-02
3.371407926167080404e-07 3.693316493608933548e-03 -2.595666813358210590e-02
1.786245742430025985e-06 3.559685614583751878e-03 -2.926360196079302867e-02
1.829995459168287653e-06 3.427035688462365393e-03 -3.262499944566954468e-02
2.192194150651971540e-06 3.277061905662681518e-03 -3.633845129050206069e-02
2.714658092095589836e-06 3.111587261833803630e-03 -4.036780953822516338e-02
1.146406113594622411e-06 3.066347492926557727e-03 -4.118349345008009976e-02
6.514979000726839331e-07 3.067176071169352980e-03 -4.054042675962721276e-02
-1.951758356266708461e-06 3.248610752560998627e-03 -3.513564104126087884e-02
-2.919920663924102655e-06 3.493152326794479734e-03 -2.790355602366600962e-02
-3.516022111238470416e-06 3.776494508258010363e-03 -1.975141711065075967e-02
-3.891843313397203019e-06 4.075724758066612274e-03 -1.136933590834265928e-02
-4.135097926738495744e-06 4.372853978430457644e-03 -3.282109701203683727e-03
-4.296600001563177784e-06 4.652512308925493834e-03 4.082276501907067257e-03
-5.486741743165879370e-06 4.971885955904586929e-03 1.218288630961561481e-02
-4.493444706987759218e-06 5.191840932164626388e-03 1.753099057304874364e-02
-2.343433927354254820e-06 5.259795477367212868e-03 1.858421111211860932e-02
-1.655152028767759020e-07 5.194838870467344272e-03 1.584093422712573584e-02
1.968108796379652858e-06 5.012200240509301352e-03 9.848798255854607220e-03
3.477270500873430592e-06 4.759762398285127816e-03 1.980348235988582672e-03
4.064106555290436518e-06 4.500753790046774228e-03 -5.976315750136240723e-03
3.051623978400641590e-06 4.328365145541912540e-03 -1.148734801866657662e-02
6.589151979596863384e-07 4.316913836303504226e-03 -1.252258927761262797e-02
-1.874561547765551950e-06 4.455178358686806561e-03 -9.339968295099421169e-03
-4.954090313979975235e-06 4.764768490839621506e-03 -1.540247128459792947e-03
-7.699884880363327966e-06 5.210442568424622500e-03 9.866377049034369406e-03
-1.018376284456223857e-05 5.767182996031072761e-03 2.404512922995571955e-02
-1.082722776368783002e-05 6.316432101073465866e-03 3.782020671808838941e-02
-9.367041642782680810e-06 6.736452594117925408e-03 4.784074627576728744e-02
-8.964550163970130825e-06 7.112828593900943908e-03 5.611142773669364203e-02
-6.433191725108144965e-06 7.311948566877446432e-03 5.946284527657974550e-02
-7.141376805908095093e-06 7.557447379063386705e-03 6.344678590348440395e-02
-6.330984442026732495e-06 7.737423115594443956e-03 6.568070260342162570e-02
-6.338836368247058317e-06 7.913836111039795895e-03 6.758290936267119520e-02
-6.242839051484594393e-06 8.074420276798277563e-03 6.897472315536612442e-02
-5.005977697702945761e-06 8.153061517435222783e-03 6.818550702395143048e-02
-3.722470966582847041e-06 8.155010840416143658e-03 6.527136668581601242e-02
-2.445640796100434500e-06 8.085951495243826059e-03 6.044612327790410689e-02
-1.229714841066709141e-07 7.886071172316877487e-03 5.228307961272538051e-02
1.078913510088597150e-06 7.634677763125430339e-03 4.275795531274839689e-02
-2.147744003977436478e-06 7.602123610784272678e-03 3.888023102399174036e-02
-3.892857124210280517e-06 7.661103686284476133e-03 3.790297372873174808e-02
-4.785226698889033514e-06 7.760359908829395081e-03 3.820798806878178411e-02
-4.646410354691710154e-06 7.838325517513622387e-03 3.806707663251218676e-02
-2.866708096682657470e-06 7.798477887141275211e-03 3.492453416993157589e-02
8.377720575047931106e-07 7.535371514089783673e-03 2.600973068327228077e-02
3.317065583985367994e-06 7.143393123464125694e-03 1.360760763032109466e-02
3.438491213536565283e-06 6.766457979480389184e-03 1.624535387955372556e-03
1.735715151163219616e-06 6.502967568042916646e-03 -7.140379925514750425e-03
1.731089147583020349e-07 6.331836701457871364e-03 -1.305007398957158671e-02
-7.296552544389101058e-07 6.208871275847904769e-03 -1.732175842692873502e-02
-1.249885084320112583e-06 6.121082459046300883e-03 -2.044523964516864467e-02
-1.547730257289714473e-06 6.055530420472465813e-03 -2.282183543505444945e-02
4.505398596421628099e-07 5.872296190248427195e-03 -2.797093198640920875e-02
2.012738527401580768e-06 5.619836212388595875e-03 -3.494419405048176941e-02
3.294484987037549217e-06 5.318380070460926312e-03 -4.309459354511213647e-02
2.220017130571960706e-06 5.121106871891267787e-03 -4.855254610266612758e-02
2.605075307027249210e-06 4.913094719588506631e-03 -5.384554979852307355e-02
2.142968860141536425e-06 4.759600824475573866e-03 -5.762343068165476367e-02
2.857947734025145792e-06 4.572307797097108217e-03 -6.196130681470801704e-02
4.188768659041386400e-06 4.320226454596287624e-03 -6.780333295801632687e-02
5.271693229946805559e-06 4.025220722306488419e-03 -7.466154065497487835e-02
5.644563364715082798e-06 3.732314917554213629e-03 -8.135540091466619828e-02
5.617812842917402349e-06 3.461929845667455208e-03 -8.727097978985476345e-02
4.828662611977563301e-06 3.259268220891675671e-03 -9.126965903565986693e-02
3.643820015497567510e-06 3.138670798298603959e-03 -9.294448219880990791e-02
1.731817414363234775e-06 3.143690528924658611e-03 -9.127335872589137367e-02
1.831807106000837848e-08 3.257000981932212103e-03 -8.667724913161878320e-02
6.270816732545370087e-07 3.332038251350755154e-03 -8.283271760636834458e-02
3.093519653774023936e-07 3.453169318373194852e-03 -7.807520812186341530e-02
1.666053320192872889e-06 3.508962357332834348e-03 -7.494063005973927716e-02
9.746862206228001924e-08 3.706627716481558643e-03 -6.867492571032052240e-02
7.805039299313420997e-07 3.872996388372906829e-03 -6.301721558147255209e-02
-5.878975928297336395e-07 4.154627730583948519e-03 -5.484657409997861777e-02
-1.404263664905869291e-06 4.491174011319654102e-03 -4.534529147775989699e-02
-2.982336399171003904e-06 4.926854295023264108e-03 -3.363222228046591766e-02
-4.385755194569185278e-06 5.433627972665000527e-03 -2.035030439243534772e-02
-4.025804439145019842e-06 5.888058545971686097e-03 -8.558538288720995979e-03
-4.342914026178590348e-06 6.345820668896440253e-03 2.761806737689997959e-03
-3.930306973654040803e-06 6.755429249108824141e-03 1.251584870578525965e-02
-3.672240231455958792e-06 7.132378112672144166e-03 2.099187526580781338e-02
-4.044338719921825032e-06 7.522042403213580197e-03 2.932939549931212753e-02
-3.117509877359481152e-06 7.829738717230971812e-03 3.543218627467270565e-02
-2.593589813137953115e-06 8.095169592998330277e-03 4.005726593368441613e-02
-1.757855467854341214e-06 8.294056187711063011e-03 4.276919389046440756e-02
-7.742305827562745435e-07 8.419802040469548388e-03 4.342141574253988168e-02
-2.790111195416500323e-07 8.509668236106826544e-03 4.293305265039748519e-02
-1.147136313939256524e-06 8.652279090765102598e-03 4.352109637427048483e-02
-1.102664629382132944e-06 8.776617977033884799e-03 4.375848638577473082e-02
-5.632924651166604235e-07 8.863334055645544218e-03 4.302977738730673352e-02
-1.397502070066281021e-06 9.011120577739450965e-03 4.358549120553334433e-02
-1.867921818110573895e-06 9.173178485361754841e-03 4.457671395983497931e-02
-1.583859576825830118e-06 9.297245634005135706e-03 4.467273183738429410e-02
-8.967181410746150050e-07 9.360676581083582359e-03 4.321379364183286498e-02
5.340286874933042327e-07 9.318183281384451178e-03 3.912262958254153489e-02
1.786267989078993423e-06 9.194797347515937247e-03 3.292559961306507077e-02
1.820441398514560660e-06 9.082059575908907334e-03 2.686033265935439118e-02
-4.376065194655609503e-07 9.128751699844561696e-03 2.461968730035213326e-02
-1.706802233325532825e-06 9.243259891210553469e-03 2.445233961503001652e-02
-3.489044000826169167e-06 9.462656260535884378e-03 2.691396775895826821e-02
-3.869689281899013622e-06 9.680502104725319246e-03 2.956245164559279104e-02
-2.389818761550088766e-06 9.781110606015941400e-03 2.944145254472818607e-02
-4.809131231020558062e-07 9.754269728488251801e-03 2.602381142421972271e-02
2.695552725917593762e-06 9.520151012087252340e-03 1.754199279892620922e-02
3.756566062662614058e-06 9.246888099094241475e-03 7.728346262817709089e-03
5.266011007254434162e-06 8.888870984970764777e-03 -3.902410423174629273e-03
4.801176070934332074e-06 8.592598113196014964e-03 -1.405682090511239934e-02
3.815801448592281986e-06 8.370369851629921865e-03 -2.205836717426379323e-02
2.028105193119245087e-06 8.272677173912335036e-03 -2.675523704587101648e-02
1.481045708739969768e-06 8.201233682221864552e-03 -3.029089893114322862e-02
-8.122367667340313346e-09 8.236208365929587050e-03 -3.121486704646203592e-02
-8.821406174419621493e-07 8.326664835409336440e-03 -3.054764424948164248e-02
-3.027344434691769948e-06 8.570095026442514641e-03 -2.632973221099188521e-02
-3.629184749609493110e-06 8.843088691179723515e-03 -2.113316207194371188e-02
-5.546460805749831025e-06 9.254949860508454584e-03 -1.295341933731464223e-02
-5.948360624508097771e-06 9.680488306727519365e-03 -4.358473159386200280e-03
-4.967548655532283419e-06 1.003639676637868572e-02 2.442516788147663931e-03
-3.257823213420607544e-06 1.028418216230425619e-02 6.347137893513821183e-03
-1.739117815979795978e-06 1.044502497136595709e-02 7.749598731034090804e-03
1.794856472336903153e-07 1.049391765621898731e-02 6.244424660848402198e-03
8.916214389032006693e-08 1.058161145223224242e-02 5.125979620552723048e-03
-3.636641654480854413e-09 1.068962761745870238e-02 4.469149781694436996e-03
-9.525985733560560220e-08 1.081315856423178956e-02 4.170107399994904540e-03
-7.272806912261842172e-07 1.099445651744063168e-02 5.097890744471644808e-03
-2.722587824965927439e-06 1.132079439801952914e-02 9.202280707583554431e-03
-2.684367796934594708e-06 1.162327197917140120e-02 1.308411044514645738e-02
-3.714101954876980471e-06 1.200041281260139092e-02 1.830429522335563775e-02
-3.662331583331734919e-06 1.235445085227179773e-02 2.299501392343339390e-02
-3.564604487582556658e-06 1.269688433693624829e-02 2.711246875731898598e-02
-2.897801369527996940e-06 1.298481271944390558e-02 2.976722384306951241e-02
-3.568619155736030280e-06 1.332620338536422144e-02 3.310944340138721742e-02
-3.314225750283839034e-06 1.363405162277941951e-02 3.565210896251258532e-02
-4.192374174483148863e-06 1.400344599938960211e-02 3.914110950663873822e-02
-4.027538505813055281e-06 1.434252825987547553e-02 4.193044963063474739e-02
-3.840446916036910352e-06 1.466471850191275461e-02 4.403987570559042553e-02
-2.555237263113241397e-06 1.488979390031516803e-02 4.385135622365465835e-02
-1.249372119538350034e-06 1.503581168681444868e-02 4.153357578837590935e-02
3.336923892760523813e-08 1.510783939092252837e-02 3.728968211049954462e-02
1.806669285286943705e-07 1.519148092870795108e-02 3.294811046333911975e-02
7.941948476641869092e-07 1.523540615912433172e-02 2.779732647061905482e-02
5.559256583964611309e-07 1.531514426504360094e-02 2.324607395576760993e-02
4.042920687119533341e-07 1.540820515495042176e-02 1.907491492950752487e-02
8.477228283787496821e-07 1.546817745977158154e-02 1.431362007059755470e-02
-3.027610739891883895e-08 1.560997384301013313e-02 1.106234856179710846e-02
2.902632623147383129e-08 1.573999936088277263e-02 7.810497090647849916e-03
-4.916591982428997198e-07 1.592415750789663575e-02 5.555969879861510918e-03
-1.857760369983196824e-06 1.622449473744866366e-02 5.632850651590803892e-03
-3.101175257924637663e-06 1.661645489788859953e-02 7.722164422306665443e-03
-3.152915304838188604e-06 1.699766087055762376e-02 9.731816057217290705e-03
-2.551950914586598174e-06 1.733276435600616949e-02 1.058779134695519986e-02
-2.154205370530348773e-06 1.764511526416032150e-02 1.056087643622305450e-02
-1.331671463322692261e-06 1.789592071669132700e-02 8.998699903881579587e-03
-2.990370164823730192e-07 1.808098248143706621e-02 5.741571526326261221e-03
1.364740022768984318e-06 1.815759300570482515e-02 2.304298066047039129e-05
1.692512417328373431e-06 1.826256101406947829e-02 -5.718985615414062806e-03
7.380036222137675850e-07 1.848372169136097698e-02 -9.405032526994538955e-03
-8.895422372035000080e-07 1.886102479592370595e-02 -9.989730102677896184e-03
-1.205079119603880144e-06 1.926678338847305494e-02 -9.683313167076157413e-03
-2.430367062711269455e-06 1.980642525504205942e-02 -7.119092575433860759e-03
-3.026687496632263219e-06 2.040271805915021275e-02 -3.489748947530735279e-03
-2.172455670468309563e-06 2.094165996091938708e-02 -1.108767247226083441e-03
-2.183513661879743495e-06 2.152922344742264071e-02 1.395494118413331819e-03
-4.849197927647708184e-07 2.199237956689786833e-02 1.312004251167842028e-03
4.651964236046524093e-07 2.243181642703542811e-02 -1.409195227672910278e-04
-1.080914295847890116e-07 2.297239176762830293e-02 -5.683712904867022075e-04
6.834871970617939496e-07 2.344661889952072420e-02 -2.287397853932837677e-03
1.737041266380856541e-08 2.402422960446268241e-02 -2.990389044646768468e-03
-8.801225921395428031e-07 2.469773800154020232e-02 -2.362288399647027859e-03
-7.888993840410307712e-07 2.537392474430889139e-02 -1.933649002984871856e-03
-7.056388144910386018e-07 2.608460947912747546e-02 -1.590213074727842013e-03
-6.283848392740765121e-07 2.683935086487242855e-02 -1.207956718914715566e-03
-5.559731217630314859e-07 2.764002248454013044e-02 -7.752105852674162634e-04
-1.032704594283728738e-06 2.854594674184310343e-02 5.627171172939426924e-04
-1.598868735186442791e-07 2.940914346865947798e-02 6.658276135604879187e-04
-2.101374767526920095e-07 3.036457990824675129e-02 1.021042611057509930e-03
3.281712914748879939e-07 3.132180328030799432e-02 5.906164654332357600e-04
8.224974834547538194e-08 3.238850927217410552e-02 6.324320290138629730e-04
5.056837255601465131e-07 3.347041596747776793e-02 1.834121945165634315e-05
7.369928693989891144e-07 3.461597977632473871e-02 -9.224125106648273231e-04
8.566919680319529107e-07 3.583817854801014252e-02 -2.010230924834210953e-03
9.115929930914035140e-07 3.715083908145802583e-02 -3.117240405014598537e-03
9.289236864162830898e-07 3.856113056918453186e-02 -4.227354693960627685e-03
3.792393421520046104e-07 4.014640013415506775e-02 -4.465531941583833486e-03
6.255298687918298128e-07 4.179992958243335804e-02 -5.155279361386710946e-03
1.298730876175824278e-06 4.351232211801547151e-02 -6.930086551175662635e-03
3.276247158900957857e-06 4.514849572311074866e-02 -1.175258296124237489e-02
5.363599757668424672e-06 4.675758673454585151e-02 -1.961068426474721349e-02
7.995464560650589192e-06 4.828345250391343629e-02 -3.118274100213636046e-02
1.139208926703716429e-05 4.965428090576767817e-02 -4.746711574161643910e-02
1.346823850889578011e-05 5.108392037933418006e-02 -6.626544906681175462e-02
1.312027075872634896e-05 5.286514678410701717e-02 -8.379021630872651727e-02
1.308501961982955208e-05 5.486188053761581473e-02 -1.006665120653362777e-01
1.048263322322995350e-05 5.749657436724605469e-02 -1.130595260478521880e-01
8.178027007144095251e-06 6.064373827960661822e-02 -1.216911902411013102e-01
6.091367612093279149e-06 6.433221229141143638e-02 -1.271383592382733241e-01
4.174938576628761666e-06 6.860049021296096838e-02 -1.298566025008462965e-01
4.036758035397269850e-06 7.321320838250937324e-02 -1.327140798177373071e-01
3.232240216366477625e-06 7.841977749445089296e-02 -1.347696691371758071e-01
4.266098793337391726e-06 8.388249245964748968e-02 -1.388184023925398414e-01
4.088765967580343386e-06 8.992034442860735721e-02 -1.429430720264801558e-01
4.343372941306711255e-06 9.631483294810964935e-02 -1.476434790203149383e-01
2.639963635253650409e-06 1.033085599037115304e-01 -1.497244643959123600e-01
1.549120633992373541e-06 1.103495727900515588e-01 -1.496886584368497530e-01
-2.709455535487848010e-07 1.170781490741675951e-01 -1.458417245076484292e-01
-1.893852045853350319e-06 1.225269439904282526e-01 -1.377393287051056348e-01
-2.271877976856018222e-06 1.252974668451956597e-01 -1.263726297469554005e-01
-2.504129213320993586e-06 1.241045500126639056e-01 -1.109774551713482715e-01
-2.102452862917658649e-06 1.177391363323293666e-01 -9.183145250591318032e-02
-2.455789563704513512e-06 1.059603234656865955e-01 -6.802505180230244974e-02
-1.571677031630969168e-06 8.948818450094486732e-02 -4.292403886574991390e-02
-2.218700315914645671e-06 7.034758181784732389e-02 -1.600194060577342370e-02
-2.590386457335114301e-06 5.084130387590457545e-02 9.573373548482866369e-03
-2.799535607778125268e-06 3.289269870909382332e-02 3.184265471170011352e-02
-3.458128473798893765e-06 1.763307625276053225e-02 5.063146439319643477e-02
-4.341590039924625444e-06 5.384920065569995251e-03 6.623144007268511047e-02
-4.774247227778971592e-06 -4.024656078932903336e-03 7.836002769188610273e-02
-4.945042886284056749e-06 -1.100551057180798598e-02 8.723260184575165610e-02
-5.510382423690174392e-06 -1.610963635665949023e-02 9.429023675667247417e-02
-5.725164524683634681e-06 -1.972078690184761451e-02 9.939148970717726073e-02
-6.284245581689162918e-06 -2.223948569295480793e-02 1.035325098423660606e-01
-7.557548138859004894e-06 -2.396469872087142461e-02 1.080504899477245928e-01
-6.994960258577265222e-06 -2.495156130163689312e-02 1.099239777328668843e-01
-5.985013292963969889e-06 -2.548087633421453058e-02 1.089792520981598400e-01
-4.752886663794697597e-06 -2.570226676763809337e-02 1.053099773167898157e-01
-5.614542117005072441e-06 -2.580955519969874157e-02 1.025907068539648748e-01
-5.406583773126527603e-06 -2.568953513027105728e-02 9.892556401535834709e-02
-6.801327380845378912e-06 -2.551724549925624141e-02 9.693856293922253897e-02
-8.482294668432643903e-06 -2.524338564550773767e-02 9.675621290134284180e-02
-9.174240048537285475e-06 -2.484703855647224513e-02 9.659389314883970457e-02
-8.752738041462038154e-06 -2.437388788543226603e-02 9.475079661771168560e-02
-9.366650723041658466e-06 -2.392532695511381813e-02 9.297877670414145257e-02
-9.975661501737675962e-06 -2.346019079576072697e-02 9.122071505868234453e-02
-8.917249854967224110e-06 -2.295454174088465416e-02 8.696843331483350426e-02
-6.968357699310701037e-06 -2.247852873935624052e-02 7.916976752187565580e-02
-5.126086687567976696e-06 -2.207696533452305210e-02 6.840410056757040280e-02
-3.387499803331195380e-06 -2.174673511898070344e-02 5.521325898076323568e-02
-2.843264965690650570e-06 -2.149504643501767842e-02 4.171637465930455591e-02
-5.151841988570993180e-06 -2.129953523594327325e-02 3.222392144602803654e-02
-5.672905084352919403e-06 -2.103033485714767004e-02 2.393411886696217294e-02
-7.385273220084087598e-06 -2.076165892641779198e-02 1.856934370032981008e-02
-8.603157652498083507e-06 -2.044429939374450833e-02 1.531779818583700603e-02
-1.005766277639708051e-05 -2.009761438213059082e-02 1.434770996833112378e-02
-9.406217672314198808e-06 -1.970787951559299644e-02 1.249808615657066468e-02
-1.089464916814719686e-05 -1.935160501779423226e-02 1.279027520460385148e-02
-1.076944075828478731e-05 -1.895994559729047291e-02 1.274507272041613959e-02
-8.661819396849068653e-06 -1.858854896749784213e-02 9.455708842651233681e-03
-6.066302743246154705e-06 -1.829943959407742682e-02 2.438935983352763515e-03
-3.268689479529740538e-06 -1.810344145405434757e-02 -8.168747305906443046e-03
1.140731344939638348e-07 -1.800316178192606920e-02 -2.278946632129574823e-02
9.900092896586443203e-07 -1.799613747527872842e-02 -3.734381406114994917e-02
1.564225074801584014e-06 -1.800427401892434887e-02 -5.117949433423074623e-02
3.148834659683075188e-07 -1.800461763295269080e-02 -6.164655051093603788e-02
-1.899079391964875185e-06 -1.794173174154789496e-02 -6.760074017970207905e-02
-2.937980888351177100e-06 -1.780409844754937687e-02 -7.108662213790761797e-02
-3.303386088671089738e-06 -1.763252117689467768e-02 -7.340098290716134954e-02
-3.834955479398161060e-06 -1.744538282632818182e-02 -7.449981045007447733e-02
-2.250521472735300677e-06 -1.726252569090691580e-02 -7.749808554312309639e-02
-1.190744198797943909e-06 -1.712768544523440850e-02 -8.154251641853704768e-02
1.744032221751012912e-06 -1.704753776096795681e-02 -8.911981335113861036e-02
2.340192893246495487e-06 -1.703096887490268552e-02 -9.659134804459323931e-02
3.827987628657325558e-06 -1.703228165101217106e-02 -1.050235505677497017e-01
4.118271153430441700e-06 -1.705189583106409001e-02 -1.126055925622386766e-01
4.289216206210255677e-06 -1.706057148377770893e-02 -1.191423563637314942e-01
4.386690325208775221e-06 -1.705430816543623829e-02 -1.245639448390898352e-01
3.890102678205664688e-06 -1.702238198524852475e-02 -1.280849566204604884e-01
3.078336074935350553e-06 -1.694899002682892508e-02 -1.293968922390025256e-01
1.565587659069223037e-06 -1.681808781379728890e-02 -1.276562206472870997e-01
-2.917133183899522919e-07 -1.661271617005616319e-02 -1.225970909258338182e-01
-1.192160199448011326e-06 -1.634812053222711725e-02 -1.159269577531256701e-01
-1.543326050068571931e-06 -1.605635414997558241e-02 -1.086394500353788928e-01
-4.873760253154557631e-07 -1.577706748377177837e-02 -1.029101874926974247e-01
-3.319672172708010294e-07 -1.551907306122096708e-02 -9.740050839916314374e-02
2.065315654942168067e-06 -1.531100953915764951e-02 -9.534968137372601404e-02
2.885464287061267896e-06 -1.515522203587565953e-02 -9.411498381183314166e-02
2.817133554433581821e-06 -1.500043079846530292e-02 -9.218890849646843577e-02
2.261518629254055668e-06 -1.482083707678433226e-02 -8.892797814029940184e-02
3.560991665985113741e-07 -1.457952244747467985e-02 -8.242008464119798816e-02
-1.142161198952607037e-06 -1.426855347611166724e-02 -7.362724458142100303e-02
-2.924120400038532352e-06 -1.389497543541912128e-02 -6.247071601798204199e-02
-3.715265597836747702e-06 -1.348383024490928950e-02 -5.073272040904530655e-02
-2.294969580596273317e-06 -1.310689071823278873e-02 -4.181984831439056194e-02
3.011116520568180022e-07 -1.282669783378859174e-02 -3.736010143464163491e-02
2.923599164539325557e-06 -1.265843103015562576e-02 -3.709679385124609041e-02
5.487759780820056221e-06 -1.259470192773076702e-02 -4.054378613593279113e-02
6.850298532867782342e-06 -1.259593376414108734e-02 -4.546819413617431138e-02
6.963743958809942569e-06 -1.260595172923911766e-02 -4.974059348804082958e-02
6.383656025121808852e-06 -1.258519848474470848e-02 -5.224442827859299143e-02
5.433669488574821571e-06 -1.251400262824892140e-02 -5.251654994390442255e-02
4.301909455772801039e-06 -1.238760332779764717e-02 -5.060376010855627271e-02
3.645614401470709254e-06 -1.222131782338026218e-02 -4.745233662617209802e-02
3.812965404303980677e-06 -1.204937712319548160e-02 -4.454239279675320518e-02
4.972691729498990298e-06 -1.191378496006850751e-02 -4.346510715631346500e-02
5.544661811018869457e-06 -1.181255661298680204e-02 -4.330939264391631127e-02
6.871217456794198597e-06 -1.175889574439276108e-02 -4.515032373442817715e-02
9.118820034181851497e-06 -1.178930849087322930e-02 -5.034790182756410104e-02
1.015842355345242254e-05 -1.187757970098229920e-02 -5.682126919383634345e-02
1.049922991835927633e-05 -1.198393873234981921e-02 -6.332079078411645412e-02
1.098749174754942715e-05 -1.210020098469893890e-02 -6.994076917176084152e-02
1.098598203252976191e-05 -1.220894466342814511e-02 -7.576587466265571891e-02
1.070682061099503812e-05 -1.229097290395231301e-02 -8.022837368713009454e-02
9.176838587254820823e-06 -1.230376987896319996e-02 -8.146564106938658512e-02
8.091367786011716134e-06 -1.224873268337783871e-02 -8.037678418098437305e-02
6.174932750901973577e-06 -1.211011481291024428e-02 -7.595323406042497894e-02
3.300190246857681586e-06 -1.185711910076409081e-02 -6.717255840341618267e-02
5.226803860836071181e-07 -1.149167813302531815e-02 -5.467023803274972948e-02
-4.812381275698385252e-07 -1.107939296923809991e-02 -4.155937392510544726e-02
-2.130863776095281992e-06 -1.062413084756996806e-02 -2.700720851289784008e-02
-2.442509283273608389e-06 -1.016435671217352787e-02 -1.318340558004571506e-02
-1.460667671704385384e-06 -9.755832917214823929e-03 -2.005707826653768677e-03
-3.428597628030161104e-07 -9.410397304557394094e-03 6.673477259401039419e-03
1.368780344623843348e-06 -9.144309780383275132e-03 1.215833944795985389e-02
2.261584823859408289e-06 -8.930339111040908051e-03 1.604900649667095891e-02
1.581267849992684660e-06 -8.704756080986419953e-03 2.088228524512247830e-02
-4.946560667740129702e-07 -8.406206142560268546e-03 2.869057018644749490e-02
-3.280730291876921001e-06 -8.001557287146021658e-03 4.027517674194980302e-02
-3.634296380283785766e-06 -7.572563596134784802e-03 5.153254426839204427e-02
-2.639865297471288841e-06 -7.190935462372594067e-03 6.038050338856892907e-02
1.683753705350454766e-07 -6.931172047480838039e-03 6.414608962777235135e-02
2.249933842346507618e-06 -6.782493482854534683e-03 6.424736371586536876e-02
3.874864182851212036e-06 -6.719237873837324848e-03 6.159498257122697495e-02
4.104044258657069122e-06 -6.686381028120469416e-03 5.849280796463007803e-02
3.557207608029244739e-06 -6.642495830453176708e-03 5.617998599000584292e-02
2.046697944013686765e-06 -6.548371763276383817e-03 5.602942049818615544e-02
4.567110734043922093e-08 -6.378608968193311135e-03 5.871075481449539168e-02
-2.171244084081536130e-06 -6.124458049725944875e-03 6.432975069995228168e-02
-2.797751632144240830e-06 -5.845034891028388913e-03 7.017955433966616141e-02
-4.179508793722419568e-06 -5.530623403414258732e-03 7.733371047921400177e-02
-4.837061191143021688e-06 -5.206637580719597480e-03 8.440065083290626546e-02
-5.624566153272780866e-06 -4.879702327667767570e-03 9.142947983523885824e-02
-7.007182806884060255e-06 -4.533276375331407593e-03 9.912506902342599346e-02
-6.476324522886045543e-06 -4.236001625948282445e-03 1.043709619441717251e-01
-4.903001908918014351e-06 -4.038662468918929882e-03 1.058046872960103357e-01
-3.344429609697385786e-06 -3.941398341705482089e-03 1.038669249156285446e-01
-2.382434197034655199e-06 -3.913818358388776453e-03 9.986231862664141090e-02
-1.234577386988178205e-07 -3.989632439794776886e-03 9.215093630773374400e-02
-5.094216639633941668e-07 -4.075396604921177612e-03 8.514546071076800615e-02
-1.399150790781789055e-07 -4.175759662111255821e-03 7.766789424089282079e-02
8.542415974588379868e-08 -4.290836042933010575e-03 6.997888675826935412e-02
7.750711414900024465e-07 -4.436429689147147748e-03 6.137322773877684767e-02
2.800202873576296270e-06 -4.664139750574669563e-03 4.989017335685019816e-02
3.853897854178001126e-06 -4.945257409603165399e-03 3.722887679104669445e-02
5.441691021790262539e-06 -5.288048612393403403e-03 2.273437839610137345e-02
5.077174469736434048e-06 -5.619611360440757153e-03 9.601843719600822169e-03
4.194686535452518683e-06 -5.904695721240083017e-03 -1.422595898549872118e-03
3.597385711540113107e-06 -6.149092933257827021e-03 -1.080661659063864022e-02
3.169917199397076502e-06 -6.358204863468164270e-03 -1.874068725186184281e-02
3.394532934297700422e-06 -6.555003411932824875e-03 -2.617630674771431742e-02
3.419051278985563158e-06 -6.734624236251152141e-03 -3.274714296570380156e-02
2.230240585543441512e-06 -6.848666978831463581e-03 -3.659297388838966825e-02
9.540607135427592311e-07 -6.885951171660575909e-03 -3.771687898926856519e-02
-1.436791482234411887e-06 -6.806901999091952149e-03 -3.461431618909704966e-02
-3.275642282307700270e-06 -6.630490201921634963e-03 -2.848041301175818774e-02
-5.309087348415175711e-06 -6.359220755598138375e-03 -1.929481759022388943e-02
-5.740723852731832721e-06 -6.058437691326856722e-03 -9.786223330380039442e-03
-5.275004657967485855e-06 -5.778840638147930697e-03 -1.486622410451943210e-03
-3.773659325467804138e-06 -5.569170735378881076e-03 3.981604275792527403e-03
-1.189462711437272446e-06 -5.475797171021312693e-03 5.161032958445943564e-03
1.922419220257154393e-06 -5.522653118504305958e-03 1.510874378579885047e-03
5.239932654887979879e-06 -5.714407847600355694e-03 -6.894236700081712854e-03
6.376811883423982863e-06 -5.960856984788875934e-03 -1.633371010355233466e-02
7.378721087025752468e-06 -6.236446647835958146e-03 -2.641787319839927761e-02
7.173021791651024159e-06 -6.489173421012073284e-03 -3.514311086143662166e-02
5.752102651968016289e-06 -6.663074044783279248e-03 -4.069872283806530433e-02
2.044668022005424746e-06 -6.667254182537662999e-03 -3.992803185212467909e-02
-7.205732410753284967e-08 -6.558957136140075583e-03 -3.582612384839345410e-02
-2.357473760650208305e-06 -6.353566489599726808e-03 -2.860032273855006579e-02
-4.672796570126536153e-06 -6.056408920690814490e-03 -1.853131228510607187e-02
-5.287637265816158560e-06 -5.737175594218713037e-03 -8.388796427246880683e-03
-4.395223275110993200e-06 -5.462236107641071925e-03 -3.075651816524249682e-04
-3.243800792862572280e-06 -5.245265656291686618e-03 5.598097822038461402e-03
-8.768328982888817791e-07 -5.128107198972053915e-03 7.795635452046756342e-03
9.957978810426482141e-07 -5.092378933109986683e-03 7.368548139081276815e-03
1.994894801349289537e-06 -5.096502680358550030e-03 5.841223288125085844e-03
2.484731411289686775e-06 -5.114575670138510333e-03 4.011113337028415771e-03
2.679054778020883987e-06 -5.133964065881957417e-03 2.251414329980772067e-03
2.703279642801703631e-06 -5.149848828642888954e-03 6.882861517807370433e-04
5.384396906116251103e-06 -5.266047597454748264e-03 -4.693610578613949258e-03
6.699214589733770708e-06 -5.442663723464025161e-03 -1.162157662743812381e-02
9.423965466659467438e-06 -5.724655701147440823e-03 -2.211064903731418951e-02
1.009105717475478059e-05 -6.036185782166803016e-03 -3.284044801315433304e-02
1.070036081385339344e-05 -6.363965275321015191e-03 -4.379119559464816902e-02
7.397116496221656234e-06 -6.553783330073281732e-03 -4.908602931864303187e-02
4.774954589059632326e-06 -6.614977232993868306e-03 -5.013493867199869669e-02
2.043143649821388408e-06 -6.552266719253574401e-03 -4.705437719180016742e-02
4.239107402881359121e-07 -6.414583391228356746e-03 -4.181963865248183865e-02
-1.641395565243897181e-06 -6.191901648146980186e-03 -3.384033090944882360e-02
-2.794150788520965989e-06 -5.923294045365734561e-03 -2.476539956301815337e-02
-2.309129232713758029e-06 -5.681677428238107730e-03 -1.715020264440525466e-02
-2.034743204148981022e-06 -5.467047284527293272e-03 -1.058613085061166359e-02
-2.289720462123057132e-07 -5.337094836688094368e-03 -7.266187448442540386e-03
4.576991942784047751e-06 -5.411700490196902358e-03 -1.128720893039014683e-02
8.149045569894042274e-06 -5.644708678758991738e-03 -2.011171510406795093e-02
1.259256910435269106e-05 -6.051268424755451569e-03 -3.449635758570357424e-02
1.297854811621590443e-05 -6.463398891275007330e-03 -4.786953531984305954e-02
1.386311333284595548e-05 -6.877996611485026612e-03 -6.103283323693053930e-02
1.168043300614485247e-05 -7.174221282914783338e-03 -6.937947033022862087e-02
7.304421512976944086e-06 -7.253230365127261159e-03 -6.999551343202936593e-02
3.483731741305007290e-06 -7.135651080571459026e-03 -6.428829615563946831e-02
-1.034424631285446594e-06 -6.806050734079693854e-03 -5.170877196061995917e-02
-2.508046098803617951e-06 -6.396374983204111686e-03 -3.744763852133781157e-02
-3.364479499889938552e-06 -5.954474116924513005e-03 -2.266434691669783064e-02
-1.649621162780334771e-06 -5.594293204291500565e-03 -1.143982762941053721e-02
3.359075151365686907e-07 -5.340587122717233015e-03 -4.053677753585116506e-03
2.417530720055793836e-06 -5.198426687507806676e-03 -5.284831797816025301e-04
3.943293683139614814e-06 -5.142832562241350658e-03 1.854847793092417874e-04
5.670140640123833009e-06 -5.175712957173894679e-03 -2.020337775406666481e-03
7.457280683631495322e-06 -5.294746006297090801e-03 -6.953680383931182263e-03
1.032705746162321248e-05 -5.536040864436597708e-03 -1.587673480079576649e-02
9.296742026432269768e-06 -5.733918680897232001e-03 -2.243446685484817849e-02
8.892969210805290459e-06 -5.890388639586796593e-03 -2.754289354684802404e-02
6.631891317443461276e-06 -5.931059214562717230e-03 -2.842235805241921653e-02
2.849426655071596315e-06 -5.787618028442076401e-03 -2.304505999997985555e-02
-1.673957944259285568e-06 -5.431187957003702493e-03 -1.080020409076976051e-02
-5.932649220330432627e-06 -4.882293308774876550e-03 7.270680022963826872e-03
-9.927128626685544077e-06 -4.170334459738800348e-03 3.003305742085649044e-02
-5.937102788511339213e-06 -3.639535502980684178e-03 4.495699269032904510e-02
-4.264037488876937232e-06 -3.228346993843111967e-03 5.596433066746531182e-02
-2.806918277808989615e-06 -2.917589208994209038e-03 6.344211876704397568e-02
7.018277994319532809e-07 -2.789655078348385331e-03 6.447556023127143376e-02
1.937751108460616933e-06 -2.751314160980622425e-03 6.297007031284262979e-02
3.540524974976477779e-06 -2.802600642491603899e-03 5.857434653398874147e-02
3.092642918645083228e-06 -2.852938052124942558e-03 5.468544568145006224e-02
2.626200259037148044e-06 -2.889911812766321475e-03 5.136194180002107146e-02
3.263691080501729402e-06 -2.958549726248205225e-03 4.695552782607892439e-02
1.731016676664864917e-06 -2.971640445153411747e-03 4.481636167370339763e-02
-9.602498622918176352e-07 -2.874661167976300113e-03 4.647151066345012183e-02
-2.562640749381728256e-06 -2.714253638476438191e-03 4.995976258772927281e-02
-5.175392241429932483e-06 -2.452852999344279361e-03 5.677474968559836910e-02
-6.063912540543725527e-06 -2.160851272386299371e-03 6.413095325021433979e-02
-8.180361392717827584e-06 -1.791618053225918494e-03 7.397055364136706501e-02
-8.151166227321482438e-06 -1.431289799174395583e-03 8.293289953376525858e-02
-7.483529472107619540e-06 -1.113466855748646012e-03 9.019356946382339757e-02
-4.818424573560520230e-06 -9.266408056987085473e-04 9.273738729221436827e-02
-1.117201027689418424e-06 -9.201803615785930646e-04 8.926458947695259383e-02
1.401996133409966205e-06 -1.044632516123855659e-03 8.186416961170150941e-02
4.857117929635279552e-06 -1.330265422563314814e-03 6.937144027500519172e-02
5.971861222420216109e-06 -1.678926125604940367e-03 5.555816025787674306e-02
6.311793628643869170e-06 -2.047876259011705002e-03 4.160594108395798685e-02
2.895451177931107622e-06 -2.276280350080650550e-03 3.311182943300794435e-02
1.911699221590623665e-06 -2.457699190347550910e-03 2.602255553884802453e-02
-1.018140285413693391e-06 -2.521600249143274297e-03 2.319408153821322927e-02
-4.944399474737792843e-06 -2.416806800844106817e-03 2.602094276179078847e-02
-7.102961030902577022e-06 -2.215106826061852274e-03 3.164264582625797573e-02
-7.669280665201227976e-06 -1.986598756616109185e-03 3.776728928161254828e-02
-6.782066912069950604e-06 -1.797023131107744476e-03 4.227822661435398643e-02
-2.347048657647121672e-06 -1.794806970934814672e-03 4.018489267287606026e-02
2.827350920941995582e-06 -2.016401445238624746e-03 3.089182619246422234e-02
8.270607485094672029e-06 -2.469253406453209010e-03 1.442257119790069098e-02
9.290171558706816768e-06 -2.962163327578037908e-03 -2.252752072429586860e-03
9.488309784533299762e-06 -3.447234171505497713e-03 -1.810346969026843666e-02
8.114141427206789103e-06 -3.858297004905253402e-03 -3.092391008982531275e-02
3.137327792224198220e-06 -4.043665528709050605e-03 -3.567798699999036316e-02
-1.490266959169872507e-06 -4.012876460090186725e-03 -3.343230180323386591e-02
-5.800761606167270656e-06 -3.789060901544516469e-03 -2.512194828563751869e-02
-8.711258642435382171e-06 -3.439202537260488413e-03 -1.320571547473115004e-02
-7.446621428375266305e-06 -3.148245705167918018e-03 -4.065180202672991072e-03
-3.901334210798523827e-06 -3.022296446697270156e-03 -7.466607422608184663e-04
3.578235137524643505e-06 -3.222490087293028438e-03 -8.439898704630799386e-03
1.082005612706993247e-05 -3.729717082562533648e-03 -2.565202233401864262e-02
1.662361674181767057e-05 -4.464040712466976757e-03 -4.941812605669104741e-02
1.980556541791855807e-05 -5.294237059333406492e-03 -7.520708108469564834e-02
2.088435999292315159e-05 -6.115959648912205893e-03 -9.971461010049020857e-02
1.743655513886110953e-05 -6.733776782688050133e-03 -1.164428931881738016e-01
1.322183021512657319e-05 -7.113846659845490805e-03 -1.250394803152206080e-01
6.471842496580393345e-06 -7.165602147725769200e-03 -1.226273137061779650e-01
7.057829511936120070e-07 -6.946085666282630910e-03 -1.118016876672860427e-01
-2.151262421534738678e-06 -6.591810067453796051e-03 -9.736389021266322885e-02
-2.215451361031739452e-06 -6.237429933714233599e-03 -8.369830424059632179e-02
-1.284408245538770643e-06 -5.934543175021955719e-03 -7.219241190701319866e-02
2.386268376231015509e-06 -5.794945382413096979e-03 -6.655075440256208452e-02
6.366837547844284018e-06 -5.830879984814130168e-03 -6.669088545761869824e-02
9.854892861760333744e-06 -6.009626568777903799e-03 -7.129931851502036011e-02
1.131018301103736690e-05 -6.234641081187985989e-03 -7.699165320833767368e-02
1.103971427740546574e-05 -6.421871126348621672e-03 -8.110434840013258651e-02
9.259255314031378248e-06 -6.499987567331499960e-03 -8.143944285827808827e-02
5.022915536390115676e-06 -6.365683818151168794e-03 -7.471835920080982518e-02
1.195906556450410108e-06 -6.042865918546969084e-03 -6.226829529466293423e-02
-2.857500687181158128e-06 -5.536831562351407499e-03 -4.434210836484187013e-02
-6.373021802286160664e-06 -4.885695204803086611e-03 -2.240861983999620222e-02
-4.511455194311508876e-06 -4.333370878542019966e-03 -4.908639237477085970e-03
-2.486859427275334156e-06 -3.907489943318909198e-03 8.041167115103498020e-03
-4.236649910893675042e-07 -3.607183202736230498e-03 1.662648172340430719e-02
3.267154387032178420e-06 -3.497665794235826908e-03 1.871944919820878184e-02
5.544284750413908114e-06 -3.511598632158552391e-03 1.701908902770465915e-02
4.759662233233541428e-06 -3.500958312949276063e-03 1.652933971786474387e-02
3.404174956589400836e-06 -3.427893053162822667e-03 1.811398816946185875e-02
-2.663298477756370630e-06 -3.084990722153957421e-03 2.877565640203139097e-02
-5.086444339941209591e-06 -2.624730842710976120e-03 4.242908941412260049e-02
-9.852970208612532588e-06 -1.963949497442607495e-03 6.231700156875952246e-02
-1.246053467873764475e-05 -1.205109030066209286e-03 8.447418994473698817e-02
-1.213221001705733215e-05 -4.908376892192034546e-04 1.042418759007528450e-01
-1.017695232974347164e-05 9.389939370030297994e-05 1.191454670962910356e-01
-5.149066313769878889e-06 4.080232873266975702e-04 1.246958335888770364e-01
-2.979036646255650567e-06 5.714942180048421250e-04 1.256426464721038805e-01
3.223664082341315407e-07 5.481324738390025431e-04 1.205306345535599455e-01
-8.221340026537404810e-07 5.342501953109479729e-04 1.163764354773197951e-01
-1.628752863691573793e-06 5.343428717703435638e-04 1.127716976739145949e-01
-6.656954387729285827e-06 7.366112178068817684e-04 1.161596735089172050e-01
-7.791729998984919803e-06 9.854987966166905977e-04 1.205230043867597800e-01
-8.949200278607349901e-06 1.269675117980595402e-03 1.258926417117138818e-01
-9.527356602312408995e-06 1.563152583571536525e-03 1.313495765259800052e-01
-5.883310428167476402e-06 1.679500594692795445e-03 1.306002237822601053e-01
-5.456534215575459257e-07 1.532857088381689437e-03 1.213767255570479264e-01
5.035509816231353852e-06 1.112108997376903829e-03 1.037327082120729216e-01
1.059983830664634752e-05 4.226963371827263671e-04 7.811219751313647208e-02
1.433661078165116010e-05 -4.492782286564800387e-04 4.766201289541127650e-02
1.639598094982375187e-05 -1.415575749410979967e-03 1.530404882544011969e-02
1.302446901396692169e-05 -2.226410423925129223e-03 -1.061846581674918966e-02
9.492813366485108872e-06 -2.852234535940523230e-03 -2.990817341893592385e-02
5.403901883305195497e-06 -3.263224600019265509e-03 -4.177494002504023030e-02
5.556388833483083545e-07 -3.422340452481353879e-03 -4.524933065290692724e-02
9.572273635960470983e-07 -3.556406324285887877e-03 -4.836957453500456694e-02
2.594565078783972467e-06 -3.729924786421978666e-03 -5.276321062553845920e-02
4.317189363334250629e-06 -3.949595151475637778e-03 -5.850152922950391243e-02
7.146799883450682955e-06 -4.264585222810035603e-03 -6.720637709738364052e-02
8.291913090818781029e-06 -4.609875486966563685e-03 -7.646377186120068004e-02
9.574966840730780859e-06 -4.993506444572748393e-03 -8.669999809042039374e-02
8.120562561941824242e-06 -5.300757101696751405e-03 -9.396544027808451105e-02
6.289139483417471865e-06 -5.511003797619595801e-03 -9.793176374433043563e-02
4.846497685839779024e-06 -5.643299671513002380e-03 -9.937041983490857433e-02
4.762735312802135468e-06 -5.754850163567359900e-03 -1.002445462968641898e-01
7.094598645007721416e-06 -5.946823722548844060e-03 -1.038609458193207047e-01
1.125335249341219424e-05 -6.292649184900689363e-03 -1.123907478872632204e-01
1.408786109502457862e-05 -6.726350178024365078e-03 -1.232993418891883408e-01
1.499231749768625832e-05 -7.151990678578634686e-03 -1.334432104876146497e-01
1.589955560366007603e-05 -7.563157673929898905e-03 -1.428452607204695468e-01
1.566213335335575607e-05 -7.915002974908436073e-03 -1.500112068979118085e-01
1.256449601783060643e-05 -8.087634557529588264e-03 -1.510629343534324320e-01
9.616098722187160774e-06 -8.094297355234481017e-03 -1.469006177579954553e-01
5.711083945314499033e-06 -7.909083101418357131e-03 -1.367510982052024815e-01
4.147875982241089332e-06 -7.638877236341823362e-03 -1.244586140592183199e-01
4.476723907131940905e-06 -7.374411199998709421e-03 -1.128910303081154254e-01
4.733377050314402368e-06 -7.114430609315602894e-03 -1.017916882579266158e-01
5.494244860404506881e-06 -6.873561356049107118e-03 -9.165541213657535380e-02
5.955468003193686855e-06 -6.633738305543035452e-03 -8.181098377403772659e-02
2.903853026481328925e-06 -6.240385003857484847e-03 -6.709169683871918366e-02
-9.090737824735128925e-07 -5.659682329587356620e-03 -4.684881946207930525e-02
-2.823171400212487470e-06 -4.993467299496234801e-03 -2.471714072043340593e-02
-4.185591884198203161e-06 -4.282315696357397172e-03 -1.883635444914766310e-03
-4.647429452386830917e-06 -3.581390145362517430e-03 1.985781338805425733e-02
-2.373210191031205341e-06 -3.022071433200546053e-03 3.624967078365237683e-02
8.065442238525122320e-07 -2.648498196496040791e-03 4.624966975063538044e-02
4.959491256784076540e-06 -2.496963303013854940e-03 4.890815052041119770e-02
3.987692708040668776e-06 -2.327289526535603059e-03 5.255604078190900807e-02
5.189727234622409924e-06 -2.220368772891223585e-03 5.393738635126954506e-02
3.676409711772521405e-06 -2.054465656722070932e-03 5.739326022027890772e-02
1.372422011591822866e-07 -1.739400041236294214e-03 6.560929971894102763e-02
-1.102021727650281946e-06 -1.382308797627684882e-03 7.469201555849158680e-02
-3.806972259212670906e-06 -9.385536932335902804e-04 8.634393461150313698e-02
-3.919598097201770770e-06 -5.296719481655554063e-04 9.632659571143387112e-02
-3.652372893014899091e-07 -3.287502954290033585e-04 9.917367469019433557e-02
8.464170907274137789e-06 -5.724421885557884337e-04 8.754594216388822403e-02
1.220821618064249492e-05 -1.023727495827797540e-03 7.022863488315955749e-02
1.301924269592191763e-05 -1.522074345464474732e-03 5.222560073184112639e-02
1.827898007000783309e-05 -2.244003346230760698e-03 2.738231844226257650e-02
1.419181088246901368e-05 -2.764980041547682177e-03 1.039480687621185950e-02
1.334116284867903346e-05 -3.205457440412118331e-03 -3.844487394642381872e-03
7.078547803462953425e-06 -3.331588144714459077e-03 -7.355183541783105738e-03
1.857581068076541442e-06 -3.195361025490672802e-03 -2.656784855392224642e-03
-3.204068010020932888e-06 -2.825204343738452195e-03 9.195300803639394616e-03
-4.707663224134961411e-06 -2.398605620132832072e-03 2.214915668483330435e-02
-4.190936990333682388e-06 -2.027129828986673488e-03 3.281535783029365660e-02
-4.228798939465150397e-06 -1.690528017021408758e-03 4.212943302659244438e-02
-4.014757192027929023e-06 -1.396135783988894374e-03 4.983814889556059669e-02
-1.996085676747583193e-06 -1.220734305820370125e-03 5.346109931247466918e-02
-2.360435238379920975e-06 -1.053044425439075837e-03 5.694933075214647644e-02
-2.370400578932674307e-06 -9.007911566760729016e-04 5.983215528098240199e-02
-5.139474312798597566e-07 -8.441490036896759364e-04 5.949990054652642968e-02
-4.476205721637427359e-07 -8.057281347557676554e-04 5.875740435158460784e-02
2.897861901551834762e-07 -8.134313502732304357e-04 5.654109272328655678e-02
-1.398668414864800980e-06 -7.623428938459131388e-04 5.642291582377012560e-02
-2.722360121332201288e-06 -6.668491865751136061e-04 5.766758354209233772e-02
-6.029788849115647054e-06 -4.389077394810758648e-04 6.318040320320106318e-02
-8.124340102000360275e-06 -1.267646228939600661e-04 7.107823143583225090e-02
-1.115071128499067754e-05 3.096172849015310646e-04 8.271065743091021716e-02
-1.071463922786008993e-05 7.159461383299259296e-04 9.279816427167064674e-02
-8.356314685098453765e-06 1.003850908328107749e-03 9.875569763628444520e-02
-7.208658233448517194e-06 1.230022675331676751e-03 1.027198841699008547e-01
-1.065096804087062310e-05 1.599572877323707232e-03 1.114036441419168355e-01
1.804094839741310352e-06 1.409537744085476163e-03 1.011296928605718293e-01
5.531098228317432586e-06 1.031092447024928305e-03 8.596926540956006946e-02
7.638354227346155767e-06 5.641993097791342393e-04 6.862469504967716460e-02
6.002375943392479485e-06 1.844018190857443784e-04 5.480165399950864824e-02
5.103630153602267683e-06 -1.345296907127035979e-04 4.322702813110224085e-02
2.965875352423097411e-06 -3.398460724819418743e-04 3.563398362887326698e-02
1.305301590370788745e-06 -4.531210573459620861e-04 3.109866552902484926e-02
5.090857344569599263e-07 -5.226320662168326692e-04 2.798649782971862621e-02
1.883098365684787723e-06 -6.553275359180155135e-04 2.281974054652513573e-02
-2.372799179362061750e-08 -7.124964851059623072e-04 2.040499746803936532e-02
-3.675815296588780257e-07 -7.630676877601327845e-04 1.814179388139480764e-02
-2.057957288359446579e-06 -7.540651889668126273e-04 1.790148680464387354e-02
-2.225830967095276947e-06 -7.501813410375479663e-04 1.739814228814928754e-02
1.288828199719205259e-07 -8.611483302698452746e-04 1.314988610381506717e-02
5.494514960791008207e-06 -1.211959758758096584e-03 1.341794259480000306e-03
8.494763881428113450e-06 -1.693002732011672506e-03 -1.399701334636471728e-02
1.343187465363548938e-05 -2.373796194512056701e-03 -3.524877717506491592e-02
1.652360828208188082e-05 -3.167513820888423481e-03 -5.925936465955672361e-02
1.348480798135653913e-05 -3.797968032313692177e-03 -7.703520092988558332e-02
1.211215657592745742e-05 -4.334129898602157027e-03 -9.149000453755506967e-02
9.466865266150037428e-06 -4.732987080942940850e-03 -1.011665679843956056e-01
7.845023472174972312e-06 -5.044561288456206327e-03 -1.079279436793396663e-01
9.055813298131099032e-06 -5.394759160055162539e-03 -1.159022524211379412e-01
9.577640772029383243e-06 -5.740689071839222279e-03 -1.234383671234904334e-01
1.080789923157965404e-05 -6.101912224385497296e-03 -1.312745788631715094e-01
1.072135110757876930e-05 -6.415522091770098356e-03 -1.373016239189768228e-01
1.434932554000845073e-05 -6.831005934361034093e-03 -1.465830868691933020e-01
1.492755971121972891e-05 -7.218235718960075431e-03 -1.544998485105031349e-01
1.656450344400539620e-05 -7.615368935586230847e-03 -1.625748928340078336e-01
1.762096899948772943e-05 -8.005402062029487453e-03 -1.701701532131263406e-01
1.775541279536163586e-05 -8.353282541273321371e-03 -1.761837386223548130e-01
1.680172644014099603e-05 -8.618544901689562110e-03 -1.793932958781403464e-01
1.469672157394796841e-05 -8.754271721811868190e-03 -1.784094491774452784e-01
9.766312838221935522e-06 -8.638029445534822770e-03 -1.694222950078794199e-01
5.611832071927835841e-06 -8.311113744372100598e-03 -1.542150305432050672e-01
-2.337283124820288549e-07 -7.711125836563192948e-03 -1.308516388002933795e-01
-3.525395583681145695e-06 -6.959525455067838706e-03 -1.036479772560308099e-01
-6.976237121758543935e-06 -6.064464440193706452e-03 -7.278016914164853191e-02
-6.520067892035186219e-06 -5.209183911848214166e-03 -4.433820568956958752e-02
-5.565366606452570863e-06 -4.420817031296042643e-03 -1.884253994758955386e-02
-4.353540496992991393e-06 -3.710102411872417960e-03 3.474000047222425280e-03
-3.583935327178267016e-06 -3.054218301657973811e-03 2.346607178477277955e-02
-3.635218858377697870e-06 -2.417521616511209004e-03 4.232947318120583446e-02
-3.582438789173636451e-06 -1.806630585110102771e-03 5.982811570668022938e-02
-2.912970791024704909e-06 -1.256780524000689070e-03 7.486789868455412389e-02
-3.029581918001511553e-06 -7.383797445070783283e-04 8.854013328346654887e-02
-2.351663330735220825e-07 -3.883300746401197046e-04 9.637990713595412373e-02
7.646040602882209214e-07 -1.272232288649366438e-04 1.013558026682708224e-01
1.851956780152264059e-06 4.914881902950973824e-05 1.035590616295447575e-01
3.515428827816080570e-06 1.177507386296294811e-04 1.023216121069694395e-01
2.666680590790448946e-06 1.854877979019509127e-04 1.012572672592870759e-01
9.951739436964146535e-07 3.132112087664840061e-04 1.021725304689118374e-01
5.803828351247375394e-07 4.496478604829601267e-04 1.032605829715631529e-01
3.191188100437614139e-07 5.889033950536859408e-04 1.044042004742955498e-01
-1.522366732453761529e-06 7.983000736013767806e-04 1.077938970950156339e-01
-1.965283377147741817e-06 1.012160701244990690e-03 1.111329304657728834e-01
-1.615267782639762117e-06 1.187157622130730061e-03 1.131174893314512708e-01
-1.388592224316198553e-06 1.324627941576839163e-03 1.138898927891709434e-01
-6.779498553655116666e-07 1.401610461899682747e-03 1.127370697469216587e-01
8.420463610825379419e-07 1.384718109837423938e-03 1.086661416161720517e-01
3.330424606318160841e-06 1.228919752592316783e-03 1.003510143722250447e-01
8.521462259380996329e-06 8.161214683171102990e-04 8.415278552579685822e-02
1.340366351731958616e-05 1.638488725246300959e-04 6.103585049916393501e-02
1.630170442101785966e-05 -6.279568629818932379e-04 3.440694732825866353e-02
1.856176625891770016e-05 -1.516517077506884803e-03 5.612932603204168203e-03
1.481431634520191665e-05 -2.216820355882109794e-03 -1.611621876163660261e-02
1.059131450986683376e-05 -2.699259863984559971e-03 -3.042737545041163116e-02
5.089708798200476281e-06 -2.906051759976380211e-03 -3.569636887392624303e-02
2.919862208683454696e-06 -2.989710019576152789e-03 -3.720041487665914914e-02
2.105358092752140919e-06 -3.026234382971226822e-03 -3.729229398699818177e-02
9.508832445881409967e-07 -3.006423865435037257e-03 -3.562023617130583020e-02
1.941507630220939973e-07 -2.954144657891788484e-03 -3.302350479111693105e-02
2.369467584362183743e-07 -2.910222295596121000e-03 -3.081480718111073713e-02
1.665765736458268975e-07 -2.868252366525547714e-03 -2.872178360853938628e-02
5.927550759121658075e-07 -2.848511096553485444e-03 -2.740661795025944869e-02
2.958387923079897064e-06 -2.934339725887413763e-03 -2.950939979020184012e-02
3.551757758568641066e-06 -3.043296685915519717e-03 -3.215679185260400530e-02
4.811879976029942441e-06 -3.192338634788960405e-03 -3.599626303593161936e-02
4.732974015153601499e-06 -3.316615825183388822e-03 -3.887274750421587655e-02
5.021240685687544669e-06 -3.425132619934379008e-03 -4.119337514925369703e-02
1.595917836771931775e-06 -3.347379379746717731e-03 -3.745936893736789841e-02
-1.581063600708532135e-06 -3.092991100337449950e-03 -2.838722616087085981e-02
-5.651287500629820215e-06 -2.629424518916456677e-03 -1.306253546102587038e-02
-8.434328669482127339e-06 -2.024138469971070720e-03 6.112850140353121020e-03
-1.041915233090939807e-05 -1.329466109605936808e-03 2.743085131384059849e-02
-9.106710225692538074e-06 -7.062874984160583125e-04 4.571076893008196862e-02
-9.330263980533715085e-06 -9.944980877185649604e-05 6.302819044350638222e-02
-9.281434634411667162e-06 4.742141133122768082e-04 7.878975753859451814e-02
-5.165999815925914618e-06 8.245572516953902920e-04 8.694443095547210731e-02
-1.675391489319721927e-06 9.816661607462418004e-04 8.893031770280712678e-02
1.934634932032608390e-06 9.505543554115813976e-04 8.504215588964969541e-02
6.632092178548987249e-06 6.924771562173415163e-04 7.420124977193331972e-02
9.016297355390889834e-06 3.213043844303431484e-04 6.032538650486385379e-02
1.059745353093610731e-05 -1.178535539250180619e-04 4.480694596663781226e-02
1.056325308446126598e-05 -5.480886169104692840e-04 3.011514912710433478e-02
7.943741485272326486e-06 -8.503821155587676373e-04 1.995616393987331705e-02
3.942446031857116395e-06 -9.656199131933274060e-04 1.594944298437139807e-02
2.063762485793319001e-06 -9.917578564619944359e-04 1.469553123163658270e-02
3.652656936914411290e-06 -1.090879901845642763e-03 1.103069420617286411e-02
4.899620850151720219e-06 -1.248054416707056191e-03 5.704290417176682837e-03
8.712234845775768122e-06 -1.571437769210426438e-03 -4.735797465782898286e-03
1.105810399115725318e-05 -1.991893087893048531e-03 -1.778249887268890106e-02
1.307297314490085682e-05 -2.489547226885324704e-03 -3.281238333267566532e-02
1.148740520395818976e-05 -2.898776419696380557e-03 -4.447127324947741656e-02
1.406861855968166708e-05 -3.404850504134637745e-03 -5.901051535667267700e-02
1.442915596761018548e-05 -3.913335904427883705e-03 -7.307835602272927389e-02
1.185143000048682893e-05 -4.289587206638412198e-03 -8.249351436700047557e-02
9.924990415521861564e-06 -4.564294783812039569e-03 -8.853868547995347171e-02
7.846136114597612732e-06 -4.736949907275800342e-03 -9.125351795295166824e-02
5.730210060672646932e-06 -4.810258355121055374e-03 -9.082525163214061337e-02
2.526534542690583862e-06 -4.738407728930082996e-03 -8.587419115524408397e-02
3.826975478737892900e-06 -4.725142616445632271e-03 -8.312126594780222533e-02
5.372123031976983043e-06 -4.776166703416073744e-03 -8.243652586943950311e-02
5.891406370972518403e-06 -4.831804339455958441e-03 -8.184877458758510471e-02
8.054944301338906598e-06 -4.955501510920612418e-03 -8.345958793569918654e-02
1.163367832712758343e-05 -5.201830388871897526e-03 -8.887392854020115252e-02
1.422356159164195333e-05 -5.524777235020206234e-03 -9.644311924133708303e-02
1.450430173721706240e-05 -5.819257005759359558e-03 -1.027955202210701913e-01
1.627057809217014039e-05 -6.157251213304126836e-03 -1.103938772404307045e-01
1.769003582530181973e-05 -6.525784744861651276e-03 -1.186971413936515063e-01
1.942348853090081207e-05 -6.937012375576978584e-03 -1.280920528402442748e-01
1.847581551972510283e-05 -7.269427486108925862e-03 -1.346442539773806679e-01
1.827567653389650104e-05 -7.556872516641943704e-03 -1.396625190189171306e-01
1.456962683210605292e-05 -7.643986107156441889e-03 -1.381803540800854435e-01
1.234362469682004360e-05 -7.601821138440545411e-03 -1.328423541516197126e-01
1.155297466048921251e-05 -7.502938736469566550e-03 -1.259936293126222573e-01
1.101725626351246490e-05 -7.359338370469536983e-03 -1.179822785659219164e-01
1.007000368202781715e-05 -7.153438513691101619e-03 -1.082697748267715809e-01
7.790562579268467402e-06 -6.824722263703675296e-03 -9.499455401800194210e-02
5.938015821493891622e-06 -6.396313654370100465e-03 -7.906733862281756231e-02
1.011508503623304023e-06 -5.733985179474876404e-03 -5.625586329615073211e-02
-1.031341431367849282e-06 -4.982452770716960799e-03 -3.152908631075623802e-02
-1.966186242929879313e-06 -4.208186713493544673e-03 -6.898124746848033340e-03
-1.695658318201509474e-06 -3.479166581286996518e-03 1.554224964659178809e-02
-1.875441062670901715e-06 -2.783803089848824186e-03 3.629905843225689210e-02
-3.420055228353646726e-06 -2.066667562658386359e-03 5.717374725970358895e-02
-6.804413761107852565e-06 -1.246686212981629183e-03 8.068480904164010425e-02
-1.056487334971656367e-05 -3.156772382104655605e-04 1.069305676455316600e-01
-1.442918344785049101e-05 7.196954293255952706e-04 1.356122062641960113e-01
-1.823920666033096438e-05 1.852910490435455415e-03 1.664568433894246802e-01
-1.854689140334819797e-05 2.920504957586000927e-03 1.942110483710752789e-01
-1.911028472578735204e-05 3.934502013157370470e-03 2.195183026868865461e-01
-1.754802712428116251e-05 4.805938950401822396e-03 2.396083153647827757e-01
-1.874088536002460614e-05 5.665889710733118534e-03 2.588908216903198500e-01
-1.527253449129517548e-05 6.307367182448953002e-03 2.706834441478909170e-01
-1.151239885155419529e-05 6.720714690513718281e-03 2.751151362454336002e-01
-7.118069013323236049e-06 6.882096230419243454e-03 2.716528672884175322e-01
3.214608406132413165e-07 6.656425064175630624e-03 2.562697478187723199e-01
7.591902967396535473e-06 6.062082991411310573e-03 2.300348762322990126e-01
1.569167699200235688e-05 5.082468859413546980e-03 1.927200034756566538e-01
2.235223037461153694e-05 3.804030257511525903e-03 1.474091536867114804e-01
2.857525873745103695e-05 2.272285687554553846e-03 9.569415598649744226e-02
3.156837759221708950e-05 6.543478233038690917e-04 4.301613925339120570e-02
3.376953032874219218e-05 -9.975521664857822657e-04 -9.104957093766685716e-03
2.928275854574557968e-05 -2.376582369689961283e-03 -5.101295653390014451e-02
2.282432866951289441e-05 -3.389742486286762002e-03 -8.036157603998228538e-02
1.597198165947943949e-05 -4.030027805719926803e-03 -9.738247070388217352e-02
6.264581831727511485e-06 -4.187914025054695344e-03 -9.897677092596790516e-02
-2.553351196699082948e-06 -3.925906928759159698e-03 -8.768447406525536891e-02
-6.160008607647426970e-06 -3.505388143144827495e-03 -7.209747277314715319e-02
-6.748570114067931058e-06 -3.082336835117827079e-03 -5.703173638335812257e-02
-5.625721712698705801e-06 -2.745794852334171310e-03 -4.514778264552221643e-02
-5.809757775088186804e-06 -2.434384631301744761e-03 -3.432920611524625798e-02
-6.716530531525322090e-06 -2.111257218771367405e-03 -2.343868752356481622e-02
-1.192104933855908655e-05 -1.582247669004610557e-03 -6.369168202727149009e-03
-1.210466965306800091e-05 -1.076539627216099859e-03 9.267094331570024934e-03
-1.170184757715020396e-05 -6.201553344837851256e-04 2.290960758852422785e-02
-9.850936882438432463e-06 -2.717615361844671895e-04 3.278079509740461361e-02
-1.003077161731980027e-05 6.542443162738109663e-05 4.210670587154874411e-02
-7.973627097035418387e-06 2.981754389417279327e-04 4.786489862891007974e-02
-7.512167964129901065e-06 5.056772933735853570e-04 5.275325570448607948e-02
-5.709294370381812200e-06 6.368306810873303192e-04 5.510657906938121187e-02
-2.076127360917112696e-06 6.130108047821547501e-04 5.256436623293803123e-02
2.479419056733433990e-07 5.021428307054875972e-04 4.748897635081839042e-02
4.580048562630167908e-06 2.169992391463093639e-04 3.713402123957676437e-02
6.558018153191014221e-06 -1.305880865929420764e-04 2.527095721744077039e-02
1.052296544568065428e-05 -6.217471347003122872e-04 9.275321028785477040e-03
1.156603640972697633e-05 -1.117048027657663312e-03 -6.248678525752282553e-03
1.710140858812714271e-05 -1.812505601451741555e-03 -2.763806962637360698e-02
1.883056496709833993e-05 -2.532159611004392019e-03 -4.897848188329945174e-02
2.116901487880795685e-05 -3.296599143942202659e-03 -7.108854478452997228e-02
2.208929692648631260e-05 -4.045841878152378612e-03 -9.202791798976051041e-02
2.105144772235334472e-05 -4.691621506935028663e-03 -1.090996889958577576e-01
2.229029582578867519e-05 -5.338849053475813733e-03 -1.258101994400284696e-01
1.802673093287410211e-05 -5.739379193917981681e-03 -1.342382828488073443e-01
1.974671821036722008e-05 -6.167260947374630931e-03 -1.435081572414134143e-01
2.195781046121503266e-05 -6.652289476900552501e-03 -1.542816519186804847e-01
2.436931201277303671e-05 -7.206685790561273564e-03 -1.668800522694660060e-01
2.288505441971899756e-05 -7.658017038882691807e-03 -1.757977303515247947e-01
2.091882244426024329e-05 -7.993164560481602621e-03 -1.808841193712731332e-01
1.479043504848398527e-05 -8.038514203736024655e-03 -1.767837969461674152e-01
8.718834260124097568e-06 -7.810679298919431801e-03 -1.644469385073623613e-01
3.952089311809459105e-06 -7.388505559569713554e-03 -1.465847712354202415e-01
-2.205680660116726699e-06 -6.723145726232671038e-03 -1.217525572299569259e-01
-5.054779645963236590e-06 -5.984054629994961516e-03 -9.554107840489867165e-02
-9.896685800203641747e-06 -5.089269125520878845e-03 -6.526041200160892508e-02
-1.291753836718534387e-05 -4.127128794832568559e-03 -3.388812076445057997e-02
-1.370560563973555190e-05 -3.202907141643729361e-03 -4.693706334436775762e-03
-1.377055659568249268e-05 -2.341810438713842757e-03 2.168219322653142100e-02
-1.005031762923991323e-05 -1.703438285395986185e-03 4.031917631915549194e-02
-7.661724405805259153e-06 -1.206622517541777739e-03 5.413629110382789378e-02
-8.321200314576060464e-06 -6.910271844249304962e-04 6.825025188594224801e-02
-6.177854772637658698e-06 -2.668619313406228599e-04 7.905275205773421021e-02
-7.002169492897891701e-06 2.126192695177664405e-04 9.135265135753956045e-02
-4.413793364133056230e-06 6.029686829667202375e-04 1.004395165675338042e-01
-1.657585398717742464e-06 8.955178374459027424e-04 1.062590913029080042e-01
-1.122751816184930362e-06 1.189260108115153258e-03 1.120246302749450251e-01
-1.638659949954046624e-07 1.458560669668429455e-03 1.168514144000067922e-01
4.469073537904932891e-07 1.704190540157135558e-03 1.208150155314147156e-01
2.846420943392047320e-07 1.946232372660450238e-03 1.245712244924002121e-01
4.745034172692896846e-06 1.967113171622347778e-03 1.212768085740760782e-01
6.628137590780625032e-06 1.886922237654520274e-03 1.150864737464649679e-01
1.094018768865723246e-05 1.603270987855509588e-03 1.027719992974311936e-01
1.705676322072413598e-05 1.040231013234471646e-03 8.221563863461156529e-02
2.064505071430744465e-05 3.220979117508626643e-04 5.762055508917596214e-02
2.551164028541386131e-05 -6.098889805805640663e-04 2.716478231915075980e-02
2.814158051656079351e-05 -1.647107429582739258e-03 -5.523345009506686054e-03
2.998637381290691906e-05 -2.747410859652799076e-03 -3.914185998003705258e-02
2.682566427991694979e-05 -3.677511318525006345e-03 -6.638003664812619498e-02
2.428433225243331606e-05 -4.470954075640687364e-03 -8.865825954771389128e-02
1.932936689330588820e-05 -5.023638159390664271e-03 -1.028324326114142817e-01
1.313210712750034759e-05 -5.290051109813731500e-03 -1.077973799855160841e-01
5.825915539325876580e-06 -5.232344289448853658e-03 -1.026743085288828183e-01
1.452337660134972452e-06 -4.995388362729169529e-03 -9.232914248867007956e-02
-1.161387703119132198e-06 -4.669743355608435564e-03 -7.964362115717715795e-02
9.122641952963306267e-08 -4.432179632732680119e-03 -7.015682695519509515e-02
6.743434113332114066e-07 -4.249813256868684164e-03 -6.261385344059178237e-02
1.427467785752867258e-06 -4.120919321251026446e-03 -5.693006341726358777e-02
5.698671874387883918e-07 -3.968092110704812825e-03 -5.062838261703905829e-02
-1.170944703865473002e-06 -3.740332954401459631e-03 -4.218876223157930205e-02
-3.361905731358305616e-06 -3.415336112610134478e-03 -3.101275478883880332e-02
-7.993970508213266157e-06 -2.880382248783064369e-03 -1.367192850785348135e-02
-1.274732067968464833e-05 -2.134332163309160535e-03 9.605194000559036382e-03
-1.799730365847906910e-05 -1.165142603851698766e-03 3.901987444879262412e-02
-2.000384866018833918e-05 -1.273738457867601426e-04 6.954998612831686522e-02
-1.730944157807279282e-05 7.520248288246378365e-04 9.418077344549558028e-02
-1.090498639455539376e-05 1.311852801207269437e-03 1.082093606633742766e-01
-1.448640703394232787e-06 1.432307932616172508e-03 1.083189153626260559e-01
8.916804385972199043e-06 1.099806394044833269e-03 9.458093558159141878e-02
1.502023482657932618e-05 5.328325875684214452e-04 7.423904581420948112e-02
2.024394768107562470e-05 -2.103818346141927975e-04 4.915523288064860274e-02
1.919980242703900331e-05 -8.405615891988738042e-04 2.846537426643269697e-02
1.745475234149473920e-05 -1.332240126193706686e-03 1.263419854098724038e-02
1.028709011086093028e-05 -1.450729988611509924e-03 8.828950130490342829e-03
4.746355566798143855e-06 -1.293771264104126573e-03 1.348094944817046503e-02
-1.426443748675509937e-06 -8.538360801648714471e-04 2.664320762509087004e-02
-5.544217996034106477e-06 -2.493931409519589693e-04 4.436054096024144577e-02
-7.832892098935673175e-06 4.163747025236474997e-04 6.335936308607936773e-02
-5.091004264601295404e-06 9.030186089962199958e-04 7.617068447083119587e-02
-1.836639253127714255e-06 1.186175423771640425e-03 8.237900136673026452e-02
4.434967867839034739e-06 1.140203954736573877e-03 7.827671676995606731e-02
1.055012714168412913e-05 7.869994005309521867e-04 6.493629585836879770e-02
1.303571432931249774e-05 3.033327386319228935e-04 4.812620780686183153e-02
1.509242021069390205e-05 -2.800946726937425524e-04 2.879009427978429514e-02
1.403015045631228475e-05 -8.194300235682128175e-04 1.146712629995016997e-02
1.179235559134461653e-05 -1.257989314246366064e-03 -2.230756204787853747e-03
9.504499656642906302e-06 -1.594003538695876188e-03 -1.239171191969234975e-02
3.864868884706496033e-06 -1.680487703405120214e-03 -1.454412483378031418e-02
-7.043606924383993828e-07 -1.575889231554938874e-03 -1.084061561375171401e-02
-2.864532363311411700e-06 -1.401387333428427695e-03 -5.188980479015059544e-03
-3.048379281445079414e-06 -1.255298249704051017e-03 -6.310941400353708985e-04
7.002793678267948962e-07 -1.310883528789386077e-03 -2.466637658028902891e-03
4.875949845439819796e-06 -1.578404740190997302e-03 -1.071643655559495478e-02
8.617130898391778260e-06 -2.019976270433598842e-03 -2.400674361346766261e-02
1.088457664000230807e-05 -2.546518339122894048e-03 -3.944033986591644059e-02
8.315963516025703939e-06 -2.922583325904337670e-03 -4.968393777472646100e-02
9.839093759511641224e-06 -3.323757902895074778e-03 -6.050020335856642895e-02
7.426936878163203914e-06 -3.562647851595102111e-03 -6.593139558350968876e-02
5.107816307026169511e-06 -3.638026678030037431e-03 -6.621791819717293137e-02
1.771375405468234021e-06 -3.510893980795071201e-03 -6.029828949412441297e-02
2.450399722020435433e-06 -3.371710285370532745e-03 -5.430374311491759087e-02
3.040576592727717298e-07 -3.100167907058803962e-03 -4.437795933607380228e-02
2.251907888162207882e-06 -2.894267743187572961e-03 -3.686944922342139108e-02
2.511684762396271253e-06 -2.688895544405767168e-03 -2.955941815820484209e-02
5.190289960266269986e-06 -2.600090440054714236e-03 -2.609059505817068469e-02
8.594242865811452248e-06 -2.662003700808046602e-03 -2.733872518025348697e-02
9.496499956629378403e-06 -2.751734123536131449e-03 -2.932508512212184115e-02
1.008540774782851202e-05 -2.850072054330521354e-03 -3.150524236714224990e-02
7.659253351555150857e-06 -2.817090152805512560e-03 -2.953673916210530770e-02
6.970688068097530277e-06 -2.737003390271386394e-03 -2.624234659793645008e-02
6.709797047532717329e-06 -2.636206741239099927e-03 -2.242964582257944706e-02
3.312279076794766297e-06 -2.377951988169701991e-03 -1.385289833359593104e-02
1.049494401161865653e-06 -2.029687673258173675e-03 -2.828539930214590825e-03
6.099362606093450268e-07 -1.692109035882349843e-03 7.486009692174055985e-03
5.150754890825837151e-06 -1.607788766427642457e-03 9.641928542866162744e-03
6.179431085939768309e-06 -1.617651194609770471e-03 8.958625948126908156e-03
9.141234158738242854e-06 -1.803612183277181202e-03 2.884982225041632375e-03
8.601705419497562843e-06 -1.991876545825999045e-03 -2.979016716394555786e-03
7.786929774766804258e-06 -2.152793845127565220e-03 -7.820537108562009010e-03
6.268674728859835454e-06 -2.236903486212860059e-03 -1.015209094145896884e-02
4.951799513985832846e-06 -2.243812744898932010e-03 -1.006406222675493289e-02
3.778537543963622625e-06 -2.171446460232040465e-03 -7.564303206721190165e-03
-1.035565386775516572e-07 -1.898643453783321888e-03 1.029928210142028178e-03
-9.038617763135192718e-07 -1.574042575189782411e-03 1.086326774622170532e-02
-2.200139556984836986e-06 -1.191091816751477239e-03 2.218564405379019888e-02
1.330828184542554027e-06 -9.825560328651228303e-04 2.773687050289996847e-02
2.417998631321083280e-06 -8.443542246725499467e-04 3.104078948267541271e-02
7.169857839439686131e-06 -9.484079561108416101e-04 2.678169303201527462e-02
1.047707427015431847e-05 -1.226531570182043396e-03 1.739043567567022386e-02
1.287631694801838478e-05 -1.625376530447919521e-03 4.633300217719682479e-03
1.074629245945146749e-05 -1.927543020925792661e-03 -4.687832251256462968e-03
1.005546462340412006e-05 -2.189470621086542224e-03 -1.253805510033223491e-02
5.112792449191161381e-06 -2.208163057307643840e-03 -1.264825798407409607e-02
4.097727667407013996e-06 -2.165544457193746553e-03 -1.098544494366682223e-02
3.628574136715911891e-06 -2.086293790950044524e-03 -8.269392164002686840e-03
2.348957547360086551e-06 -1.935320828045927755e-03 -3.434473378443936298e-03
1.771178060883116245e-06 -1.749969412939922364e-03 2.282992434875064092e-03
4.985347133112938423e-06 -1.708345655239362770e-03 3.368895658587778286e-03
6.867594801951426575e-06 -1.754993507275592890e-03 1.767388257772894988e-03
9.636309373117768473e-06 -1.934229407133614131e-03 -3.840592916393159584e-03
1.451730671542250661e-05 -2.341746623791607362e-03 -1.627029394450096866e-02
1.368520492173175285e-05 -2.708688194059671872e-03 -2.696200934384918035e-02
1.189777733379138169e-05 -2.983852712359791326e-03 -3.452132273907082549e-02
9.044472379704515674e-06 -3.114857381179891860e-03 -3.744742981067328280e-02
3.400806001918610377e-06 -2.973223601672181360e-03 -3.193603354061402833e-02
8.383872109885004420e-07 -2.706018296946943735e-03 -2.284389665004771253e-02
-2.176686460630961051e-06 -2.304679597106229494e-03 -9.940383346790815366e-03
-1.983296594731953633e-06 -1.919051821093198384e-03 2.029103532178444524e-03
-2.803862679146007508e-06 -1.508371350471993111e-03 1.442371790868501868e-02
3.396537098243612718e-07 -1.259074169662532938e-03 2.145642579664386318e-02
9.022494782184864448e-06 -1.425601823209277086e-03 1.552540205476637958e-02
1.439349431930914136e-05 -1.839089550941697127e-03 2.347356585156834541e-03
2.000269133106691299e-05 -2.500457196871863630e-03 -1.797042453855279831e-02
1.994392483761764368e-05 -3.135140146855786014e-03 -3.674509937500958223e-02
2.005829505158374104e-05 -3.747891470131659020e-03 -5.429728377611353629e-02
1.686624984453821696e-05 -4.183029200790944202e-03 -6.585993275931212310e-02
1.300617520794133952e-05 -4.409106779040161683e-03 -7.071460115525352030e-02
6.601453401255952258e-06 -4.316377243877234093e-03 -6.569254122668310991e-02
1.178099560128487155e-06 -3.961485410544973718e-03 -5.288451380798497858e-02
-7.307917884169512490e-07 -3.522357298966660721e-03 -3.797932935454162440e-02
-4.556888355766730569e-06 -2.919043797263043416e-03 -1.849732980787965886e-02
-3.327549609188906743e-07 -2.527755357255134783e-03 -6.199826894382809428e-03
2.682196254877311503e-06 -2.294347689490106035e-03 9.626350347373691108e-04
4.370335264569646938e-06 -2.155427047657365591e-03 5.070183952445850295e-03
6.955892023041698735e-06 -2.149121029508371805e-03 5.013181213079809240e-03
8.282425006500560016e-06 -2.204371344166400348e-03 3.119672516536331486e-03
6.599544558838488229e-06 -2.177921598226273403e-03 3.822792313556755417e-03
6.078597887260173138e-06 -2.119492896923702574e-03 5.454106043381479196e-03
2.270490098599253770e-06 -1.881080355314423969e-03 1.256072297322274878e-02
2.348643472593892056e-06 -1.648868036110862079e-03 1.919011748055243771e-02
1.229542873515399037e-06 -1.372548348697488763e-03 2.698167820805963402e-02
-5.376448530824973204e-07 -1.027062879031426235e-03 3.664960773061087806e-02
1.327680294815891671e-06 -7.849115448879118162e-04 4.282515615482740401e-02
4.630329278887401756e-06 -7.172150190970505435e-04 4.349751671551782550e-02
9.785168453957382440e-06 -9.042972360115975050e-04 3.639100048915167029e-02
1.302179508333445312e-05 -1.250896542826840374e-03 2.469718293569900247e-02
1.169305666071096539e-05 -1.534188139760139791e-03 1.535959259003183419e-02
1.176435019867305698e-05 -1.817921545675726946e-03 6.262969777064752996e-03
6.967461115836570684e-06 -1.871226126667568934e-03 4.514372967022950434e-03
2.928006451075049199e-06 -1.731139124726333023e-03 8.667328022137432697e-03
-5.818028847581757645e-07 -1.426287628900624327e-03 1.768121347992679393e-02
-6.525773923016231493e-06 -8.567632553537762874e-04 3.448780401670237250e-02
-8.037645428782269619e-06 -2.388594233515561882e-04 5.217894534125744332e-02
-6.435634841261972383e-06 2.704102142532249786e-04 6.599254931430054150e-02
-2.545817264998362361e-06 5.665825415901437623e-04 7.289754272695769810e-02
2.538254019635033387e-06 6.019840238922213871e-04 7.167658385711261904e-02
5.339177887808688183e-06 4.897136471395668877e-04 6.605839293968007730e-02
7.338757987085386958e-06 2.723378568494361218e-04 5.743882270974198789e-02
7.698230757302582106e-06 3.558644201229199666e-05 4.852051811354629596e-02
7.680700418122299311e-06 -1.981096338328214301e-04 3.996961114973396345e-02
6.314413512953365171e-06 -3.612681795415184638e-04 3.383528946519365199e-02
1.955816498533380354e-06 -3.093700268528287722e-04 3.444962416078667378e-02
-2.287697288272383389e-06 -5.659735172480750975e-05 4.112646172490996843e-02
-8.050492908084905253e-06 4.545086218885607821e-04 5.544989709390912846e-02
-1.225651813507866450e-05 1.135485049362561227e-03 7.446195998917826131e-02
-9.247640097687082061e-06 1.635576992067289126e-03 8.731092383264105194e-02
-6.187517133771081035e-06 1.951280933516486016e-03 9.419202410968674499e-02
2.479997583293425123e-06 1.827023010739559084e-03 8.745911967664055098e-02
6.178361174891122687e-06 1.507323154214645911e-03 7.509028428419139978e-02
1.318578922848701040e-05 8.492007587808103608e-04 5.279581448586445624e-02
1.508937469352211735e-05 1.058494343451066300e-04 2.866957868584063540e-02
1.687339121647646323e-05 -6.944192874573928975e-04 3.548994120964432675e-03
1.570384228588572739e-05 -1.401201148791830775e-03 -1.794216418753291631e-02
1.288217626282950334e-05 -1.927921712916891295e-03 -3.331217674698883080e-02
1.031971902776263050e-05 -2.289706832635740597e-03 -4.323429745944062930e-02
5.134534089235032184e-06 -2.370044828738482323e-03 -4.430184803932213367e-02
4.815722766338126348e-06 -2.405562805591010545e-03 -4.405572859118678242e-02
3.860295616942011065e-06 -2.375424494791555929e-03 -4.182234116173444427e-02
7.090421991540196700e-06 -2.483668731456667444e-03 -4.390915525128091801e-02
1.203336706545599100e-05 -2.812964992284339161e-03 -5.265100232404718028e-02
1.271841980821086793e-05 -3.162352865249129508e-03 -6.167786468077829376e-02
1.323000388020467710e-05 -3.528807372491282734e-03 -7.095143334716624839e-02
1.927588782035805082e-05 -4.157162838450911835e-03 -8.795112908457070056e-02
5.656603221382283664e-06 -4.132410625812266147e-03 -8.439570534485540954e-02
1.237018062316685985e-05 -4.403879763661411317e-03 -9.020279068633629826e-02
4.382270321956482917e-06 -4.287682412122073572e-03 -8.389578388397689324e-02
5.816326406726801679e-06 -4.223968457425009149e-03 -7.949992854562604183e-02
4.053350829646973352e-06 -4.069754116650337039e-03 -7.245367896024013099e-02
1.089589549696512449e-06 -3.773757276248623782e-03 -6.131339816184144809e-02
4.876760683947267694e-06 -3.658205408186621099e-03 -5.606147409628536860e-02
1.125072995655784780e-05 -3.835463727494659025e-03 -5.985873560525900583e-02
1.382330288079991476e-05 -4.120568703323002069e-03 -6.675174429166252921e-02
1.756292805854542394e-05 -4.563698900050372487e-03 -7.823434348826463491e-02
1.789199558710485860e-05 -4.998060124177694519e-03 -8.906063584709411618e-02
1.796623965044652493e-05 -5.404346039266982871e-03 -9.870894474828473264e-02
1.731436911089900832e-05 -5.739226211273873446e-03 -1.058970804259833365e-01
1.399102289001419308e-05 -5.874711266312893088e-03 -1.068042043610600844e-01
8.664244958378475303e-06 -5.727249002473566719e-03 -9.910436758749241459e-02
6.295542966272549279e-06 -5.442807148988926258e-03 -8.753328310470431806e-02
2.261050767282668517e-06 -4.959885670152264225e-03 -7.029021039256222458e-02
3.045856905359300981e-06 -4.515913845761332368e-03 -5.480522923322650453e-02
4.837918951228203923e-06 -4.164123319907009346e-03 -4.258493766133708558e-02
4.319947588093953073e-06 -3.807637791227058699e-03 -3.056292558263218329e-02
5.334682909419186103e-06 -3.522554235169117476e-03 -2.107894046621816564e-02
3.790132277359248292e-06 -3.188895221566401261e-03 -1.037990627549290057e-02
1.965658793068314480e-06 -2.791400324531068122e-03 1.931597435489040837e-03
-4.501315804095185058e-06 -2.112812078953307804e-03 2.242264078681022177e-02
4.124803056670955925e-06 -1.855051169445953718e-03 2.941075112287405702e-02
1.220387162437219786e-07 -1.417968887611920081e-03 4.175263579745375209e-02
3.958238674606207042e-07 -1.003835807574127159e-03 5.298256921551258714e-02
-3.711246489013220184e-06 -4.115567436451250671e-04 6.930459837138264190e-02
-6.226730420166859403e-06 2.745551680054525434e-04 8.795214713499066583e-02
-4.939837669581947921e-06 8.650925761504169031e-04 1.031115441185961323e-01
-9.457399509305020047e-06 1.619865287620037009e-03 1.228351586629120584e-01
-9.209918081509727017e-06 2.297576919022326081e-03 1.395887604800349902e-01
-1.079380096524751309e-05 2.971434711081410995e-03 1.557412017451167419e-01
-8.834602322149720521e-06 3.478068642282838852e-03 1.663268288503694237e-01
-6.611168966053071472e-06 3.812819002532830126e-03 1.714059587812560848e-01
-4.856419129506406307e-06 4.017321894915770741e-03 1.724096225599385246e-01
-1.926979682265184124e-05 4.844445569845756694e-03 1.923300910622721682e-01
-5.362231714212128963e-07 4.755872198613175783e-03 1.837093112016134899e-01
-2.594774287434375992e-06 4.749298469919782661e-03 1.780168703589239954e-01
-2.214486585438990573e-06 4.716539848742318242e-03 1.716841466231519009e-01
-3.293310078644751115e-06 4.724801759691921177e-03 1.667929041024305281e-01
-6.868384540892336076e-06 4.882614323648670762e-03 1.665829082870238231e-01
-7.227797146347469948e-06 5.031244890803865388e-03 1.660741079146473842e-01
-9.716700932971278348e-06 5.257805667845172337e-03 1.679498449195262477e-01
-1.050750756381724216e-05 5.478808910580834635e-03 1.695880094483260825e-01
-5.207278031216233671e-06 5.411890277623232492e-03 1.624401938174290239e-01
2.279489804690726373e-06 4.974871191326002418e-03 1.443255348825406292e-01
7.977896617994417738e-06 4.277129571884419335e-03 1.189062176899342571e-01
1.364382040591749501e-05 3.336949261017352342e-03 8.693653911000254197e-02
1.970209579438275682e-05 2.152441792567572065e-03 4.855185386162019778e-02
2.524513070345513199e-05 7.747143771794640088e-04 5.494734473467710600e-03
3.033417940390137346e-05 -7.860514519433259295e-04 -4.179450019957930973e-02
3.217733795790600482e-05 -2.356587164404011503e-03 -8.793411795223488037e-02
3.324178010033485009e-05 -3.910189917302187013e-03 -1.321782125518731754e-01
2.927622508042126981e-05 -5.212034210043903215e-03 -1.674627041318632603e-01
2.877402282219776453e-05 -6.431074401417102848e-03 -1.992234299503304329e-01
2.795793774290622480e-05 -7.561008868087082391e-03 -2.273452817492931932e-01
2.526201987795850812e-05 -8.511333940935283948e-03 -2.491922824037275941e-01
2.211660107143131881e-05 -9.255006640427776432e-03 -2.641473140946360432e-01
1.651155879778265501e-05 -9.680909654194991276e-03 -2.690496176230025016e-01
1.191076091822118599e-05 -9.838394931928728937e-03 -2.657168296395439056e-01
6.853925990313314287e-06 -9.714709099826190908e-03 -2.540000282552484778e-01
3.364019494522807463e-06 -9.390546663358367852e-03 -2.366009475220342273e-01
8.495668322172633680e-07 -8.917907374095701556e-03 -2.152535981734603754e-01
-1.047884651494968011e-06 -8.335315081741345722e-03 -1.912362894898832488e-01
-2.545946796495002218e-06 -7.674323740909816394e-03 -1.655798780091557731e-01
-2.642722908507977309e-06 -7.006473686701486514e-03 -1.404982008685171924e-01
-2.507339267543429173e-06 -6.350491290675552847e-03 -1.165299949027054083e-01
-1.674540576868110975e-06 -5.736871999687309653e-03 -9.456356180227931674e-02
1.235619521144926125e-06 -5.255617300206960607e-03 -7.726269475732921999e-02
4.114138308253245668e-06 -4.899892838305941467e-03 -6.426523772024930747e-02
5.195827597059832215e-06 -4.578802376026924748e-03 -5.268765458170329707e-02
7.495669592127995884e-06 -4.348213369145703666e-03 -4.419500380996144173e-02
9.854510309548203395e-06 -4.209373433933016884e-03 -3.872346894743680656e-02
1.274608082302286505e-05 -4.194431277748655873e-03 -3.715579000050131531e-02
1.188409976826676484e-05 -4.109219704334421408e-03 -3.348814369486102782e-02
1.344444724948878900e-05 -4.074434476984301057e-03 -3.146792983721793946e-02
1.008695498083689301e-05 -3.861261513390168432e-03 -2.409891410377515419e-02
1.139395556637445850e-05 -3.700024898204645751e-03 -1.854837457430760783e-02
9.063223330496583685e-06 -3.427437379571962595e-03 -9.786447183558394380e-03
9.828275664425234481e-06 -3.190340369311872593e-03 -2.376767769806220620e-03
2.107304754694894200e-06 -2.607853908604518267e-03 1.526610033169802094e-02
-1.783244329978117548e-08 -1.956918682763930661e-03 3.440598471810428494e-02
-4.020714290398075264e-06 -1.161922936586012867e-03 5.731921319012940608e-02
-5.010529677829111961e-06 -3.698390473974022541e-04 7.943821424378215423e-02
-4.260771942155017200e-06 3.387113839892208489e-04 9.836673764434301914e-02
-1.404077252464830394e-06 8.696103320131598480e-04 1.113656949591832063e-01
2.008983640333639187e-06 1.173265398366929446e-03 1.171288987003846621e-01
5.396216065101100412e-07 1.514981551439031904e-03 1.238891007968761920e-01
1.445112533637882279e-06 1.776110746708248200e-03 1.280092480968280655e-01
1.403621193718507243e-06 2.001535107389873502e-03 1.309351630825673629e-01
-3.150012432895366032e-06 2.394981355823944114e-03 1.388486285820654254e-01
-6.739863944504875803e-06 2.892273171223092021e-03 1.496453856709875907e-01
-7.981876277929345065e-06 3.373948669119108956e-03 1.596391593920576113e-01
-1.012405736955379609e-05 3.871312277206051533e-03 1.698084257509140937e-01
-9.307492178756149315e-06 4.238723893001505871e-03 1.757534377676070736e-01
-5.120620221621408064e-06 4.330720965465939543e-03 1.732250403753703150e-01
-2.586349745481442142e-07 4.138837471655776312e-03 1.622326951154461905e-01
4.862611426181828733e-06 3.672835799947815616e-03 1.433262598071878002e-01
1.056429076551346213e-05 2.929184043041210828e-03 1.166368780883317441e-01
1.132969525174942760e-05 2.160633813883094945e-03 9.001493447200760445e-02
1.721498199303006515e-05 1.146654803287017188e-03 5.679994765412342550e-02
1.789212646774451798e-05 1.528887919355348401e-04 2.520425969966818419e-02
1.841976470973172297e-05 -8.049216965044792005e-04 -4.359842398546344422e-03
1.656229081858917596e-05 -1.609897982206565104e-03 -2.843390630842573125e-02
1.338440185838507546e-05 -2.209021000815880598e-03 -4.559143103031509936e-02
1.066341698874317956e-05 -2.627605846101221942e-03 -5.680540898214023887e-02
8.831423420119222101e-06 -2.910302528728259119e-03 -6.359808161482519151e-02
1.095352823421436028e-05 -3.243912010992389128e-03 -7.172516713947400813e-02
1.355496421506785509e-05 -3.648247521550906924e-03 -8.173535205555676475e-02
1.578348284958508430e-05 -4.108278260944953075e-03 -9.311847627991023946e-02
1.829907488071214061e-05 -4.639058469061208001e-03 -1.062868770404232083e-01
1.862617193193472076e-05 -5.143192871750912332e-03 -1.182543936329759626e-01
1.882327227109570345e-05 -5.620470305657043752e-03 -1.290541917188294530e-01
1.722184194541398483e-05 -5.993165783592324658e-03 -1.363821574514720858e-01
1.178404758528373009e-05 -6.093446175785555141e-03 -1.352948595270236920e-01
4.863937099086612648e-06 -5.869793518734400806e-03 -1.245009875710248737e-01
-1.588906460625594264e-06 -5.361017587760308345e-03 -1.054623626071384546e-01
-5.336415584977771687e-06 -4.707147954766455200e-03 -8.263896328086481335e-02
-4.604070690694683776e-06 -4.122071718396291828e-03 -6.257476742903780864e-02
-1.908707018882793705e-06 -3.689622927773417160e-03 -4.770286054877598270e-02
-1.007166757549526892e-06 -3.316381290801917459e-03 -3.505571302297280645e-02
1.126344989943461883e-06 -3.055217861382075739e-03 -2.615775277985546432e-02
4.473417596573270316e-06 -2.952508068217785109e-03 -2.228920390385275008e-02
-1.067359064466089080e-07 -2.631567875133633549e-03 -1.197522115153851208e-02
5.886869330895549979e-07 -2.339488444726534055e-03 -2.841629780512389125e-03
-2.557581240569817282e-06 -1.898151059474884050e-03 1.050239639227790178e-02
-6.100116464513583026e-06 -1.292704651215448308e-03 2.837411817392282432e-02
-1.204734603099666401e-05 -4.259526923644507690e-04 5.355669059647730212e-02
-1.351416293238205668e-05 4.859190525459133880e-04 7.933492340382850005e-02
-1.295373914234065893e-05 1.343564049720136211e-03 1.027074534244048765e-01
-6.694931827033734351e-06 1.889105944116398206e-03 1.160028596330875406e-01
1.512709723483496305e-06 2.033957750938064635e-03 1.168653038305282887e-01
8.911800064570485347e-06 1.830077440185817750e-03 1.072291566658569173e-01
1.224251343767690514e-05 1.472843889675168327e-03 9.327646305008446825e-02
1.543979260820727006e-05 9.722673443688378825e-04 7.544014179086622196e-02
1.619224127791252243e-05 4.480245690436923667e-04 5.742867996963588184e-02
1.438443930146249272e-05 2.333880818428113457e-05 4.294616820379251743e-02
7.741871298261315815e-06 -7.840422791050016826e-05 3.858939041560860428e-02
3.063477214348964139e-06 3.326251509250255367e-05 4.077246929176772672e-02
-2.087227703673200097e-06 3.707968607304934494e-04 4.966876286502949767e-02
-5.462792789234782731e-07 6.141709562976771508e-04 5.547981668407689360e-02
7.803401198547277318e-07 7.683812831333902693e-04 5.843999501350688464e-02
3.657528063416570774e-06 7.568194308453790597e-04 5.633917968424637102e-02
7.340767251062807475e-06 5.449606079981350604e-04 4.829283055343880360e-02
8.537829314758660360e-06 2.492505871827255248e-04 3.796922843077443765e-02
1.169729324890234068e-05 -2.191353450271549264e-04 2.277985404662091762e-02
1.303842808697552869e-05 -7.633946625773546657e-04 5.768082448853295574e-03
1.386950174253609447e-05 -1.349759881300816033e-03 -1.199548372470105040e-02
1.096352575846726296e-05 -1.795964329263544101e-03 -2.502709830585270190e-02
7.703637676881314178e-06 -2.082257674433041217e-03 -3.286964873271686072e-02
3.750272723923586682e-06 -2.182168335595591202e-03 -3.488570023995468672e-02
9.176458733994863337e-06 -2.523095898048222097e-03 -4.404835648276067550e-02
9.550205177344395224e-06 -2.856026927278598748e-03 -5.270814396192918805e-02
1.329262140203901765e-05 -3.332593261139660257e-03 -6.540650218257648696e-02
1.770843602733052080e-05 -3.976158419885855722e-03 -8.272910283580520163e-02
1.725764753301994858e-05 -4.557668125909408730e-03 -9.768121549442443374e-02
1.403430591173648878e-05 -4.955794716260619737e-03 -1.066894341837262838e-01
1.044237487723975732e-05 -5.164178509114769611e-03 -1.097353985139014609e-01
8.432104341538071424e-06 -5.258994849977938202e-03 -1.092782511178280735e-01
5.658935844699009010e-06 -5.203594299521885347e-03 -1.043319513035940727e-01
9.919945717751232905e-06 -5.321698773179228681e-03 -1.047150180800577868e-01
1.408412328629538024e-05 -5.591330265513061448e-03 -1.096303593172593960e-01
2.092337378445385809e-05 -6.123216969463829429e-03 -1.222515985826654328e-01
2.795653757481364465e-05 -6.907769268073238322e-03 -1.420665157023109915e-01
3.546871657866823568e-05 -7.952120794646244661e-03 -1.690699287194195044e-01
3.677000194912682929e-05 -8.962633341013770405e-03 -1.942642312056608311e-01
3.276354165993033973e-05 -9.706293967461920857e-03 -2.107151234788824379e-01
2.068444090086440923e-05 -9.834672433004509884e-03 -2.082533488642858144e-01
9.994781798194907196e-06 -9.449318592857025578e-03 -1.904588746421919110e-01
-2.486983650573648674e-06 -8.491773119194245822e-03 -1.560580635816725126e-01
-1.282155984982935593e-05 -7.086183391778799745e-03 -1.092593234189811469e-01
-2.109013414075544546e-05 -5.350349708560298012e-03 -5.396910284933442714e-02
-2.681541162563583214e-05 -3.416997763628693008e-03 5.579242308222487345e-03
-2.807659099113291035e-05 -1.498924456732275701e-03 6.288910548290049807e-02
-1.990374610660872179e-05 -4.276670493030820808e-05 1.046755189515714557e-01
-1.167626860265613686e-05 9.710562126450383857e-04 1.319474700648274323e-01
-1.908751826817933761e-06 1.482731972548112509e-03 1.433629024564351262e-01
6.209877048357625995e-06 1.582672619552472071e-03 1.420936259824395753e-01
7.479186081460476032e-06 1.591129490754461528e-03 1.380856118603097649e-01
8.796241776853896965e-06 1.500041206877522626e-03 1.312194632832613950e-01
6.680936020408978493e-06 1.468667472607876334e-03 1.263282011481020595e-01
4.367889668066560205e-06 1.508849005369850005e-03 1.237240577893752302e-01
2.878849729714971772e-07 1.710549434147612402e-03 1.260188539914419703e-01
-1.845865857830197854e-06 1.987276867173370931e-03 1.304993765994800770e-01
-3.954514043891244057e-06 2.340536462938747064e-03 1.371323081015977108e-01
-2.572215695439972194e-06 2.611447772592701000e-03 1.411219087193680277e-01
-3.732459784577812911e-07 2.769851198629602607e-03 1.416275212681663564e-01
2.805618104617657593e-06 2.773920028092735635e-03 1.375056645401581124e-01
4.179800142556366893e-06 2.702899824975624199e-03 1.312490283323742846e-01
3.346816436322619381e-06 2.652156190355192678e-03 1.257719162833665916e-01
7.040243227285358785e-07 2.691752675052061505e-03 1.231504747639537989e-01
-2.333772500029418495e-06 2.834846259901713239e-03 1.237003835685583919e-01
-2.096819055719123526e-06 2.924726227552465474e-03 1.226684778258742003e-01
-5.672753067287317208e-07 2.908500507965428028e-03 1.185035220661718736e-01
2.801212016678711336e-06 2.712244900924698499e-03 1.090936646440489044e-01
3.709158471476570185e-06 2.460412346923845917e-03 9.828350060560508972e-02
9.070938918886994884e-07 2.331639010531905143e-03 9.144536554139526263e-02
5.173618822240655390e-08 2.231891488299275750e-03 8.569790196013793437e-02
2.609399342823337520e-06 2.005747223636777932e-03 7.637406232069576806e-02
-1.508127061566888472e-06 1.963568957846995033e-03 7.277237676592440696e-02
-7.719050533205873421e-07 1.864491631982101438e-03 6.762408449704881974e-02
-1.848275710147895268e-06 1.788381388966087115e-03 6.330281876546783870e-02
-1.648205367965616119e-06 1.683856604478783936e-03 5.827206096783887901e-02
4.169328637892988354e-07 1.467586572631240927e-03 5.006941210123727615e-02
4.633968397893539759e-06 1.054282159301589417e-03 3.624198778300991020e-02
7.685980542682102623e-06 5.180457655780124071e-04 1.914302594004635427e-02
1.056032220381197817e-05 -1.250362064921795024e-04 -6.362591788728888531e-04
1.382255826021250300e-05 -8.903047849280198989e-04 -2.346675204868386988e-02
1.550093665547702670e-05 -1.702701431952835520e-03 -4.703095193818240816e-02
1.736207802738309880e-05 -2.570113650118610593e-03 -7.152570449857320600e-02
2.211954681508032650e-05 -3.625808507809580306e-03 -1.008800162700678182e-01
2.782100353071470522e-05 -4.892835091566460903e-03 -1.356577431929323341e-01
2.704743249981600428e-05 -6.051970434688858091e-03 -1.662240768329360519e-01
2.885464193369546848e-05 -7.210782720060038287e-03 -1.958342372435907253e-01
2.750111133797972229e-05 -8.203026193490003948e-03 -2.196032843578740179e-01
2.207422628663913144e-05 -8.827281969306266518e-03 -2.316954644009975306e-01
2.129181387888756660e-05 -9.302401076021649118e-03 -2.389178477500455422e-01
1.802700709396809486e-05 -9.516660338320992452e-03 -2.381458040496855499e-01
1.455584643028640102e-05 -9.487198807219154872e-03 -2.301077268291509270e-01
1.503915356149132521e-05 -9.421381971758790996e-03 -2.211804712772340586e-01
1.147704033288565739e-05 -9.153755876691871407e-03 -2.065242113166771976e-01
1.196625242616544682e-05 -8.901440635265878143e-03 -1.927208154839785692e-01
1.132141021797927749e-05 -8.628466445998128620e-03 -1.787219419603209847e-01
9.465941192110527425e-06 -8.296481647540154825e-03 -1.633890380610851789e-01
4.675620608129982259e-06 -7.782680947055808929e-03 -1.431129562388868681e-01
-5.304017567375751696e-07 -7.069591250532969440e-03 -1.175005572982457114e-01
-8.695799757263422691e-06 -6.020974674477486133e-03 -8.267207116821562174e-02
-1.376924230156451046e-05 -4.783408501848995797e-03 -4.322381341013459277e-02
-2.150558752855857847e-05 -3.229490955733105295e-03 4.445983229887984223e-03
-2.598146769872133888e-05 -1.526474877393102503e-03 5.515887543540953786e-02
-3.017490795431676531e-05 3.068789543543282150e-04 1.082277432679664697e-01
-3.179313053358612251e-05 2.138319197948490569e-03 1.596584632334110410e-01
-2.673552542664658915e-05 3.652596444267963705e-03 2.001350491995127490e-01
-1.968638407490175268e-05 4.764661644748979796e-03 2.273980175210271737e-01
-1.109241137697836166e-05 5.415362950564439615e-03 2.400770496427490075e-01
-4.110154198211368737e-06 5.694453493946927125e-03 2.412568887431528752e-01
2.919885299101920850e-06 5.616150624912830125e-03 2.317296178651060412e-01
7.511887783917536865e-06 5.312388351916386142e-03 2.157269883988627290e-01
8.304181616014538747e-06 4.973229067207540766e-03 1.990999406250236747e-01
8.041922527124434339e-06 4.649429059888188220e-03 1.834178171525681078e-01
3.178983487450715018e-06 4.550618872062095477e-03 1.748631397835909151e-01
4.948994993259070441e-06 4.351581936719917110e-03 1.636632278742055080e-01
7.031882051200533112e-06 4.039405344337776427e-03 1.494311600621510694e-01
1.323443923439970860e-05 3.428408693809448238e-03 1.267683114322638582e-01
2.048049790759343125e-05 2.488940780817738840e-03 9.500425361243225453e-02
3.040860496517083789e-05 1.120058613817143112e-03 5.142509788667393167e-02
3.473734389680682710e-05 -3.946444766231849144e-04 4.737724612670746183e-03
3.801558449012532037e-05 -2.006111651041919686e-03 -4.343432917673806237e-02
3.372392818101754841e-05 -3.360986517938702178e-03 -8.259723511364658322e-02
2.690356395507187415e-05 -4.352707538429090306e-03 -1.097771620968526207e-01
1.936171759120419722e-05 -4.973573630347338792e-03 -1.250774439933499682e-01
9.869306373588848658e-06 -5.150838111020128451e-03 -1.267091255054306753e-01
3.495744894999042174e-06 -5.054266909530813479e-03 -1.200756923774315421e-01
-2.651026155375824089e-06 -4.708019172766864102e-03 -1.061908250925018837e-01
-6.795631497857890224e-06 -4.215734248218971914e-03 -8.834066393551531782e-02
-9.113944651417682508e-06 -3.662918263397152430e-03 -6.919959651658946775e-02
-1.089414599075855250e-05 -3.073260334752969669e-03 -4.953198345622333854e-02
-1.002669415506307615e-05 -2.567055063493306477e-03 -3.290946628952862163e-02
-8.803248247479800170e-06 -2.150392948419455053e-03 -1.945618824200079366e-02
-7.972168873493501451e-06 -1.797897883561105914e-03 -8.330215230136994720e-03
-9.095402426773091520e-06 -1.412786507219543353e-03 3.400028810031985316e-03
-8.441869089104159229e-06 -1.069490891186575254e-03 1.355173121385044865e-02
-6.210776130166628661e-06 -8.243239083252085209e-04 2.048994660194058959e-02
-1.985883044341996140e-06 -7.609113481730211959e-04 2.182961721139986544e-02
2.129968501574097672e-06 -8.561448930386461598e-04 1.839518504881176852e-02
6.077563086126502867e-06 -1.091497097041926878e-03 1.088466235729734777e-02
1.268342966276314598e-05 -1.587091888985536769e-03 -4.111711507789106435e-03
1.720119653836338358e-05 -2.228589227863952971e-03 -2.303570753193184828e-02
2.325652033197123103e-05 -3.081139118032538704e-03 -4.765101724262077454e-02
2.601655405565228563e-05 -3.982715817203441588e-03 -7.303159711873696835e-02
2.851772915679617881e-05 -4.914125302231120429e-03 -9.853627041925627772e-02
2.678187259219644289e-05 -5.679666153811879781e-03 -1.183894745955655914e-01
2.493372888245914965e-05 -6.277948147119793987e-03 -1.326578792122885542e-01
2.018894925226444315e-05 -6.579223725535765510e-03 -1.376887598383238487e-01
1.389180325428451823e-05 -6.526234643525530288e-03 -1.320344303626015403e-01
6.855352864820751790e-06 -6.107942966759871695e-03 -1.156757383901665381e-01
3.573244771515327045e-06 -5.523609634325854501e-03 -9.480065278979865617e-02
1.375094444866498122e-06 -4.844879100732502053e-03 -7.172189872501744112e-02
2.140087143387425783e-06 -4.224895722101162931e-03 -5.103866068045470605e-02
3.435107630678224666e-06 -3.702834015517186828e-03 -3.388248380535463511e-02
7.286562024644283042e-06 -3.406949487762211959e-03 -2.393275448032250452e-02
1.306981987037048043e-05 -3.429852673887623382e-03 -2.373710664591111019e-02
1.865761908503849043e-05 -3.757471037337367648e-03 -3.261649926367038432e-02
2.111668843118863492e-05 -4.229117003089921667e-03 -4.556618084494168386e-02
2.285134400337174299e-05 -4.800258518757427595e-03 -6.109630336502425152e-02
1.724276506009925214e-05 -5.115413327222206874e-03 -6.866644328664373020e-02
9.277221873826846377e-06 -5.073520539445208755e-03 -6.542270549559070503e-02
-4.421330909387677366e-06 -4.417061139417644000e-03 -4.409412815995916723e-02
-1.475545788576226869e-05 -3.329393118544299313e-03 -1.052230121304020827e-02
-2.518056151823433453e-05 -1.825626017321724248e-03 3.440790236035962124e-02
-3.079560587626595236e-05 -1.530787188781523867e-04 8.308320296760651757e-02
-3.177441424617732935e-05 1.454655555487516239e-03 1.284409163647624030e-01
-2.718798530709776173e-05 2.743759093136066696e-03 1.630442142985364384e-01
-1.893836706834406414e-05 3.562861610914236365e-03 1.826817183668656419e-01
-7.068330762249885879e-06 3.777999616515703707e-03 1.838206745901473926e-01
3.717182347373615414e-06 3.484452381871783189e-03 1.697645266296168298e-01
1.246117252184930635e-05 2.821925672638059268e-03 1.451082225345159404e-01
1.751548577033634757e-05 1.991592384988472020e-03 1.161276356631284479e-01
1.688061947568986199e-05 1.276401691233886027e-03 9.132755611629583825e-02
1.356387198914177361e-05 7.914823626071765261e-04 7.407100123557119886e-02
5.349265225107480148e-06 7.456553272469079729e-04 7.029405690878065549e-02
8.324358249378605024e-07 9.347248199302882199e-04 7.369348818871124251e-02
-5.461864516775882805e-06 1.418092255011327296e-03 8.570638296672061784e-02
-7.456736686894949173e-06 1.970001361427442532e-03 9.948422757076724743e-02
-8.078580992942896444e-06 2.514025791930052378e-03 1.126412445936697537e-01
-6.173991701552417055e-06 2.923922786533861284e-03 1.214675316672459982e-01
-1.720326784915293672e-06 3.081916799598793943e-03 1.225943259733064394e-01
5.800398250044302983e-06 2.852653794683135402e-03 1.122450802762748889e-01
8.009985953627563049e-06 2.500805831074703889e-03 9.845261526765614057e-02
1.284337448248518143e-05 1.905550900970887085e-03 7.790258494254476140e-02
1.561077409906186375e-05 1.175024200791519036e-03 5.391295026753661901e-02
1.653988782168713811e-05 3.944465987153478181e-04 2.912791841356465738e-02
1.637969482559675782e-05 -3.862299013146497373e-04 5.071137746987863792e-03
1.787845953971078927e-05 -1.242867350864873544e-03 -2.047391576097212784e-02
1.683854873835155530e-05 -2.047118766475897189e-03 -4.374362806740084153e-02
1.263862381395419732e-05 -2.650754215371087241e-03 -6.041772278524004669e-02
9.589295688505750093e-06 -3.111998242631974776e-03 -7.233050732216139700e-02
4.403959131593637721e-06 -3.325267267939580051e-03 -7.656707430535880654e-02
1.560282103740817661e-06 -3.402314971520326026e-03 -7.657872118003128392e-02
1.848141884197573859e-06 -3.478636264819590096e-03 -7.650286259205607564e-02
1.056585927194930719e-06 -3.493025073673994285e-03 -7.461688368910013303e-02
8.117670222684836290e-07 -3.465054262751898762e-03 -7.152064726840534625e-02
8.858378934828436968e-07 -3.409003411250832727e-03 -6.767657770591273270e-02
-6.117613415845823965e-09 -3.279603129670460859e-03 -6.179213616991030555e-02
2.009624959775635489e-06 -3.219556124145706022e-03 -5.807615741831306799e-02
3.920029689519211047e-06 -3.226567887061992934e-03 -5.646144052236157229e-02
7.438371256385245545e-06 -3.382586882107574411e-03 -5.927682265798517314e-02
1.063744698259760924e-05 -3.669368685497387261e-03 -6.589272970156923037e-02
1.528427174624091833e-05 -4.151121269956536963e-03 -7.805972374254221968e-02
1.833897521308358591e-05 -4.741596440788864442e-03 -9.312043252811119665e-02
2.096303401211141448e-05 -5.413205077417382327e-03 -1.101408691610312740e-01
1.924478456927225523e-05 -5.952401079311497867e-03 -1.228144910512101173e-01
2.194540387290278005e-05 -6.559011209405829490e-03 -1.370039774022804302e-01
2.078776665348502917e-05 -7.032613286906741479e-03 -1.469070614318177537e-01
1.685780868887487571e-05 -7.243565780011174127e-03 -1.487781873814069122e-01
1.199782430594265037e-05 -7.153357406786575723e-03 -1.416757181008074795e-01
6.144539055119579984e-06 -6.735148097150256419e-03 -1.250715467431553485e-01
-1.855684566565152238e-06 -5.916238320927913463e-03 -9.712323483090790077e-02
-4.575842586507228305e-06 -4.986722342087412940e-03 -6.660218412618434947e-02
-6.489780423057922576e-06 -4.006542994698270022e-03 -3.547520862442676837e-02
-6.167593711858820882e-06 -3.106576973553432097e-03 -7.608174112045507087e-03
-7.433933415401661193e-06 -2.226139399513105133e-03 1.880190110494206479e-02
-5.558910836311881098e-06 -1.523327462727541715e-03 3.922094225766725728e-02
-2.498693858821177116e-06 -1.043134582374261043e-03 5.244326726958514762e-02
1.739669703626489650e-06 -8.217785642714581229e-04 5.760970119302410986e-02
9.413664055935022645e-06 -9.893328988346272723e-04 5.116031064818171714e-02
1.598955232251508818e-05 -1.455694977711585736e-03 3.600757737747861675e-02
1.831549532582688045e-05 -1.993684307621146345e-03 1.907430368017726252e-02
1.640960364412968886e-05 -2.395354684256112421e-03 6.583249091399734354e-03
1.153766062145233917e-05 -2.531102238678251126e-03 2.278950228046694448e-03
7.372875053146543678e-06 -2.452395300110987719e-03 4.483771478295484059e-03
4.860628272540523653e-06 -2.259462080413943141e-03 1.005926033971871192e-02
-1.233980846393478714e-06 -1.798333614488445420e-03 2.332422779476295283e-02
-3.491662166066333839e-06 -1.278084069213702989e-03 3.804721483113326919e-02
-5.783332572839583463e-06 -7.037779961764911718e-04 5.392584067970562778e-02
-6.310813465248976684e-06 -1.662367711505741141e-04 6.828069901216005100e-02
-4.660058399608146829e-06 2.351820687123140630e-04 7.822302280424087151e-02
-2.371162017622552298e-06 4.833352996558293313e-04 8.333436232292523727e-02
-2.067489840773539811e-06 6.895494760397191669e-04 8.698289343224274717e-02
-1.761402165456615876e-06 8.560105479464841238e-04 8.933841532968522792e-02
-1.460288230226147732e-06 9.933183137995627021e-04 9.075014222505162209e-02
-2.316426439552543570e-06 1.162287019611962791e-03 9.301706600126857793e-02
-2.091503191137267237e-06 1.312783402145356604e-03 9.469336012097473443e-02
-1.250100559457845151e-06 1.419313252245979484e-03 9.503019783283805921e-02
3.943173933707022627e-06 1.286997845757476000e-03 8.840337735397940655e-02
8.630551896371407850e-06 9.557580848302826837e-04 7.607159244945704835e-02
1.405097801648880207e-05 3.950759447435281402e-04 5.734652372040605073e-02
1.917085137526086669e-05 -3.728176269028882217e-04 3.305165494728257158e-02
2.110391783427534307e-05 -1.198227305537979959e-03 7.708184793639105692e-03
2.114243096756895923e-05 -1.997929487766558765e-03 -1.615216889593029670e-02
1.720514032044206942e-05 -2.589131611122175158e-03 -3.322938741750447456e-02
1.394187463710228059e-05 -3.018445062508812171e-03 -4.497076759832552284e-02
9.414481448755118720e-06 -3.234774858828171062e-03 -5.008534214590865119e-02
1.971022124125365593e-06 -3.114674097222991378e-03 -4.517280166583526047e-02
-6.961119466464271710e-06 -2.611261610904413999e-03 -2.910898904186987046e-02
-1.249804289049638584e-05 -1.900756582122520300e-03 -7.305698248772474201e-03
-1.478753618838757333e-05 -1.139536934750218222e-03 1.543007200766899345e-02
-1.169706877029996761e-05 -5.725421493671944972e-04 3.188588445761730839e-02
-5.585476703817704447e-06 -3.207682112065235458e-04 3.860230541179698882e-02
-1.856541781419807080e-07 -3.242716634161979528e-04 3.753303617034164930e-02
3.520806601042814066e-06 -4.856982819056998579e-04 3.176658094466167093e-02
6.733019388083238965e-06 -7.684524809516979360e-04 2.256594539505241137e-02
7.277599904154108401e-06 -1.042785855234873438e-03 1.381142219421227502e-02
5.696013896494545037e-06 -1.203751937272290462e-03 8.603823371489127680e-03
6.375281625614626080e-06 -1.361484160975701130e-03 3.719739473434735544e-03
6.033437043750922157e-06 -1.469209200336329957e-03 4.335258428125321473e-04
6.257960073252633038e-06 -1.562227215980094286e-03 -2.295525826714772677e-03
3.924730050230973433e-06 -1.530399096372203616e-03 -1.324389743428078248e-03
2.475850814975810721e-06 -1.437898193853204276e-03 1.449568738446593841e-03
-7.286898237590655469e-07 -1.211130215438727120e-03 8.057000419678050918e-03
-2.562452241450241530e-06 -9.278164196844240763e-04 1.618201011515862930e-02
-3.560438405880717028e-06 -6.301353235760309701e-04 2.451138335041314065e-02
-2.901010854650110105e-06 -4.004529024006497906e-04 3.063288065434788265e-02
-3.027495586560569052e-06 -1.969131016141822954e-04 3.576815904733532392e-02
-2.450748127269530841e-06 -4.894443736014331137e-05 3.912363619248226954e-02
-3.206622771645406544e-06 1.147094063136400166e-04 4.279117543459243223e-02
-3.557466032255707233e-06 2.867155514658659143e-04 4.659503921098417933e-02
-2.153872003529677670e-07 3.090075084613008727e-04 4.596743732580477193e-02
2.866327335426799294e-06 2.119803601865477560e-04 4.181740408730760805e-02
6.868327481590608130e-06 -4.181024887572881710e-05 3.319079560984716792e-02
1.186829990168503102e-05 -4.959795403125522029e-04 1.894341548927958030e-02
1.328322494908995566e-05 -9.782892402869780568e-04 4.184747734979232803e-03
1.489096051821015010e-05 -1.502720790077294311e-03 -1.135862275946708522e-02
1.368325506223566634e-05 -1.946249352432927182e-03 -2.412199582201601800e-02
1.605104076285446268e-05 -2.485755647890997011e-03 -3.920635527627336359e-02
1.465332907124583528e-05 -2.942313261220075304e-03 -5.149965519301069605e-02
1.571420372437071222e-05 -3.440153427320957746e-03 -6.454962842841993620e-02
1.470013793541946612e-05 -3.875917553080254763e-03 -7.543533638424815280e-02
1.365721211427084469e-05 -4.249958403257592110e-03 -8.416528084806129684e-02
1.376350009901772253e-05 -4.618608196014672984e-03 -9.242618526060386586e-02
1.451744097291651769e-05 -5.010858537421114534e-03 -1.011050847015675380e-01
1.561377921305284744e-05 -5.440729007394340400e-03 -1.106130428524223497e-01
1.744263353270492090e-05 -5.942311110531672824e-03 -1.219155979523303124e-01
1.905836723536946664e-05 -6.501657163495488945e-03 -1.345791164681791052e-01
1.819581045048312973e-05 -6.999927842309849879e-03 -1.451317428126412956e-01
1.649074674914263738e-05 -7.393940045987701382e-03 -1.523133842248753922e-01
1.318093574920187194e-05 -7.605147151088953450e-03 -1.539353846307642826e-01
6.720296977014150741e-06 -7.485149950749780956e-03 -1.458443571820877693e-01
6.657490515815656096e-06 -7.338696673085287614e-03 -1.370003755798183676e-01
3.368535671455230585e-06 -7.001539666890321811e-03 -1.229132026589296878e-01
-5.457732586422459065e-07 -6.453184287263713514e-03 -1.030463518072828322e-01
-5.296431955181812867e-06 -5.669019342149361762e-03 -7.685385762385132935e-02
-9.829611596567922049e-06 -4.674777820386610827e-03 -4.525377407530539742e-02
-1.296566883124405933e-05 -3.552533419726167097e-03 -1.079036705659541795e-02
-1.175709226258758733e-05 -2.524004500105148097e-03 2.001848665540739702e-02
-7.494674537200651798e-06 -1.741331012574010018e-03 4.275514422811443893e-02
-3.302543537309077237e-06 -1.200400268650314572e-03 5.767225637360029467e-02
1.321864565528851898e-06 -9.196693233219921382e-04 6.448029958565726361e-02
4.927053354364385740e-06 -8.378717054911000162e-04 6.517367266946294535e-02
6.125064074047337215e-06 -8.268963066113688143e-04 6.366032668234034020e-02
4.752044342304362345e-06 -7.587921924765428372e-04 6.377320620171911258e-02
-9.473626093048359564e-07 -4.317942364098215080e-04 7.134462937439423058e-02
-4.388740119209977308e-06 3.567408003246619330e-05 8.290077682992924579e-02
-9.318566033811315208e-06 7.101670157076966916e-04 1.001421646346543071e-01
-8.067371723874394718e-06 1.286684656093273205e-03 1.142006449668873103e-01
-7.888408084189002523e-06 1.828794790982080087e-03 1.267666835972813821e-01
-4.871381916793371403e-06 2.202017030963787647e-03 1.340756298984429051e-01
-2.595182593323475118e-06 2.452553816444380530e-03 1.375112305814361058e-01
-8.005679649203401027e-07 2.602427372055515775e-03 1.378558204272044563e-01
7.004949714783936798e-06 2.370817613499998089e-03 1.271866985074932010e-01
1.231277793212193217e-05 1.894107403379141630e-03 1.095303532188340867e-01
1.661581014295032688e-05 1.222852546148622821e-03 8.664849157506848698e-02
1.906821585578866163e-05 4.484660278130103706e-04 6.136001428870851981e-02
1.750014559603885189e-05 -2.384255174578964187e-04 3.926300700761631290e-02
1.249147013770990355e-05 -6.879864391211576446e-04 2.469528757816163989e-02
8.496779233257978348e-06 -9.640029943949190994e-04 1.572577749665127200e-02
3.452138706783181021e-06 -1.027430890970570942e-03 1.325106318959923257e-02
2.533611091370957524e-06 -1.086043550115656231e-03 1.116596610961195779e-02
3.436453755001345201e-06 -1.215741509402512577e-03 7.124820461365199975e-03
4.211164943923595416e-06 -1.400959077538566078e-03 1.566174381138818461e-03
6.041299830450430619e-06 -1.682359274042921626e-03 -6.613433263471968360e-03
6.125022030623039626e-06 -1.962917003559105922e-03 -1.459673284764706480e-02
5.772058977504546107e-06 -2.221193264059673211e-03 -2.169934185841526642e-02
4.020025425877093994e-06 -2.388895563895099272e-03 -2.597987245842636739e-02
4.383021685816501645e-06 -2.571744934150688167e-03 -3.048383477853411350e-02
3.071729225034847133e-06 -2.681407152923531712e-03 -3.277061248438783991e-02
1.978582723161093071e-06 -2.734551894611803036e-03 -3.331310200475456895e-02
1.036989012992428627e-06 -2.736525124108712959e-03 -3.232933688415240425e-02
7.816093038903737522e-07 -2.721442031860421551e-03 -3.084358767700301485e-02
-2.248705222029911965e-07 -2.654039572590249918e-03 -2.789497921214767473e-02
-2.790994344747943501e-06 -2.462930170914923167e-03 -2.146586720802101667e-02
-1.579979620469629253e-06 -2.329377229876028466e-03 -1.676782677420796119e-02
-2.831262653602006907e-06 -2.126029669207829542e-03 -1.027045699600481754e-02
-1.434369546748914814e-06 -1.977409598209023400e-03 -5.473751043558294782e-03
-3.155266598275918710e-06 -1.725202252801150138e-03 2.081051425073532357e-03
-2.017259811082361409e-06 -1.510450001755980765e-03 8.423404957075053545e-03
-3.292630831375209510e-06 -1.214127663791586542e-03 1.686330818435832768e-02
4.148996759489875785e-07 -1.079560589083650157e-03 2.050669793883130865e-02
5.172048250567939931e-06 -1.150850511812739896e-03 1.804128066557408872e-02
9.834720616441749996e-06 -1.410464994463289656e-03 1.011015105763846122e-02
1.201323370259022028e-05 -1.737962484409827368e-03 3.233385784660036677e-04
1.154343913067901184e-05 -2.015902735851060612e-03 -7.815821648833320978e-03
8.973699679670765761e-06 -2.160779469517315476e-03 -1.187740367936385155e-02
4.098134034846712126e-06 -2.083475727534311872e-03 -9.376685987504185249e-03
-1.411237588122560282e-06 -1.776479167001410175e-03 -2.229234603139396143e-04
-5.994040680024070866e-06 -1.296067606060491428e-03 1.378674759975284658e-02
-7.617422835504150669e-06 -7.832606707969258508e-04 2.844383165249331213e-02
-2.876094164605547121e-06 -5.285049707028921517e-04 3.534782869529440319e-02
3.688631535547770568e-06 -5.887134024811224720e-04 3.286133101812227508e-02
1.402032943254027941e-05 -1.116452888487273754e-03 1.688161377504737715e-02
2.279525390352921121e-05 -2.007850188520565737e-03 -9.359782626630952507e-03
2.812916671651732869e-05 -3.087690591057734579e-03 -4.048062362764026645e-02
2.901750885642151445e-05 -4.152978157208053744e-03 -7.040523384609898017e-02
2.614470756173714605e-05 -5.040164957318848948e-03 -9.433951121966765996e-02
1.884827567427693751e-05 -5.565298192426570978e-03 -1.070931957551439773e-01
1.147573980569971397e-05 -5.747226866724908234e-03 -1.093762740197963268e-01
5.965154499798508425e-06 -5.691098194005927979e-03 -1.045067676348354624e-01
-6.846426181539300160e-08 -5.377338903657324920e-03 -9.224683886072648775e-02
-2.792233997850335214e-06 -4.972558870967480615e-03 -7.753636303890143466e-02
-6.420581149857440550e-06 -4.432647864168748342e-03 -5.935249131124731292e-02
-8.167852082296978011e-06 -3.841012162144386011e-03 -4.013388235987269681e-02
-8.780161153076893044e-06 -3.241256715804663457e-03 -2.122470367764650589e-02
-6.408417168590752055e-06 -2.763500042219257935e-03 -6.345958320078892712e-03
-1.792859527560697330e-06 -2.496304568581964034e-03 1.996264776385370254e-03
-3.512711366226994869e-08 -2.292536222990415595e-03 8.084927937245911522e-03
1.183793940096045105e-06 -2.135794436896487625e-03 1.258780151049743168e-02
3.296990668810728664e-07 -1.933263041345334443e-03 1.820120795773494393e-02
-4.584058690082493115e-06 -1.508754535850975742e-03 2.996425022808679728e-02
-3.059223733448135363e-06 -1.184110743111421726e-03 3.874773092337546743e-02
-5.356061359595987170e-06 -7.633799316542067004e-04 4.988909002036834295e-02
-5.180451800423924169e-06 -3.730803842816321492e-04 5.991097969950365254e-02
-1.163892963673696102e-07 -2.344649540060306236e-04 6.247808559778400550e-02
3.602695456794702267e-06 -2.641218055912109008e-04 5.996452769216320533e-02
1.164362837585697363e-05 -6.598635608947578390e-04 4.700985217202680033e-02
1.735206744007955493e-05 -1.289954446842767055e-03 2.747379506060187992e-02
2.098138271827698631e-05 -2.047590338295490753e-03 4.698386756041728063e-03
2.157265321850454498e-05 -2.788358364846033055e-03 -1.702840620953605111e-02
1.749345945870062202e-05 -3.298958617156344530e-03 -3.157152901054427474e-02
1.253872052628390854e-05 -3.557513450656468734e-03 -3.832247809672173489e-02
6.038459016810548974e-06 -3.504348654182143363e-03 -3.580954465818342314e-02
5.355838339493601552e-07 -3.205722103840846771e-03 -2.613021510377944168e-02
-3.677220885678345041e-06 -2.738205474315913435e-03 -1.173011908910703838e-02
-5.882713603522216061e-06 -2.201651528183079520e-03 4.349105305182732195e-03
-6.869826592842409596e-06 -1.658185671686629448e-03 2.020130565384858912e-02
-7.123667443764691853e-06 -1.140644041424110355e-03 3.484113996216597897e-02
-6.365067856839434768e-06 -7.006055732370342071e-04 4.681727900147247823e-02
-2.726598049368478272e-06 -4.692458047048653214e-04 5.246360301559604977e-02
7.537106056221265504e-07 -4.295841650281406743e-04 5.232117667485214341e-02
3.477802826251652490e-06 -5.326032266916858049e-04 4.796125616168200878e-02
5.117141252036772059e-06 -7.142007274254513760e-04 4.136917008364315862e-02
5.507821488087705220e-06 -9.049639314566704229e-04 3.463474461111015756e-02
4.008567209723423730e-06 -1.012417802118026344e-03 3.043781806709056070e-02
1.452285514735862648e-06 -9.933896182021673127e-04 3.001191011817727627e-02
-4.966999252731252312e-07 -8.879108077630704088e-04 3.216285837319565744e-02
-1.468385055741761036e-06 -7.538403129401238800e-04 3.514501974781092386e-02
-6.951476329564165724e-07 -6.843357350760914670e-04 3.625321687100280243e-02
3.955011005252195844e-06 -8.668192539504904204e-04 3.018068201001256057e-02
7.837401303639746075e-06 -1.252132379076398294e-03 1.833216455390163091e-02
1.175107094761318471e-05 -1.827290635038725242e-03 1.295522776965984946e-03
1.499855947748041096e-05 -2.540891555623980835e-03 -1.930873543441968820e-02
1.603579465500604151e-05 -3.263131757800241672e-03 -3.967068806945839299e-02
1.402509212466984678e-05 -3.834089713022015289e-03 -5.516906316681247091e-02
1.144851579695793653e-05 -4.224113365348225457e-03 -6.494661567875903430e-02
8.600619213455784617e-06 -4.421400544731834970e-03 -6.881073207912269396e-02
3.927257883701296137e-06 -4.347827035963813813e-03 -6.473948369772042355e-02
4.612788745417262248e-08 -4.064680251804952960e-03 -5.461391035750384759e-02
-2.124882282794615662e-06 -3.670832946259361407e-03 -4.145737891733602964e-02
-2.096367742454585681e-06 -3.280362059812080844e-03 -2.867163471451039669e-02
-4.840843340625511360e-06 -2.769098220408494626e-03 -1.289368343119212668e-02
-5.070586462846415898e-06 -2.272725568461586576e-03 2.109915592608313517e-03
-5.571173135765494777e-06 -1.781967255937155770e-03 1.648031507466107826e-02
-3.322079217632500914e-06 -1.433247315776764452e-03 2.642028669937923624e-02
-1.153862899949675835e-07 -1.264433294060562929e-03 3.085839324928096872e-02
2.408974191292490019e-06 -1.231641028637708857e-03 3.114620849939697678e-02
5.052151455214870523e-06 -1.328998589015473186e-03 2.762323644444908410e-02
4.804340818981289729e-06 -1.411581902923453313e-03 2.447123299260356433e-02
4.622072573207125501e-06 -1.487258449551775996e-03 2.161946858877117350e-02
1.588598474655533721e-06 -1.423590444989741854e-03 2.275998617172447780e-02
1.605798017695336810e-06 -1.387697589739111947e-03 2.324492058637961378e-02
1.072574569216389051e-06 -1.344991630324976484e-03 2.388023514068127184e-02
3.124086118549973534e-06 -1.425957051649717755e-03 2.104737873822104532e-02
6.038238149458363679e-06 -1.662573368161224252e-03 1.381599759027940522e-02
1.053015184018790684e-05 -2.112804715129090738e-03 6.622776337823488291e-04
1.407983671938839443e-05 -2.712781182956813808e-03 -1.651260832812040391e-02
1.756376636688483650e-05 -3.438079763725454541e-03 -3.683152335448580672e-02
1.744033935707767213e-05 -4.098641634091126917e-03 -5.486112531029574413e-02
1.464270119810873183e-05 -4.566691540663914139e-03 -6.688853187511112353e-02
1.151382051467475520e-05 -4.834246103867734234e-03 -7.272136852436439369e-02
8.840893738509825184e-06 -4.935323126294299811e-03 -7.348466680471110735e-02
4.178406476929019675e-06 -4.787497431163245665e-03 -6.707739706867288376e-02
3.104785044533153737e-06 -4.586114813827091297e-03 -5.907383449123937424e-02
4.131090674819315467e-06 -4.435374476244424713e-03 -5.264986152153205978e-02
5.186486906477716374e-06 -4.338509729857609187e-03 -4.797742344030186956e-02
6.806850975371592227e-06 -4.325443138116114028e-03 -4.584472969289876687e-02
5.816513397066680469e-06 -4.271058191912979751e-03 -4.272495013658739182e-02
4.493198965754841012e-06 -4.169780902235853404e-03 -3.834869410512453669e-02
3.585267740052744401e-06 -4.045313628008972984e-03 -3.340193355247267348e-02
-5.332081025599677560e-07 -3.740621327778859140e-03 -2.356346420064037162e-02
-1.778126475227015391e-06 -3.402885071734695899e-03 -1.289460435234701663e-02
-3.063839597666762060e-06 -3.021735913649292726e-03 -1.300864480947794277e-03
-3.181777863570101061e-06 -2.652720707361666541e-03 9.649124197417258131e-03
-3.197303634738801748e-06 -2.297591380442387532e-03 1.985968598993670398e-02
-1.993647720494040598e-06 -2.017144940857917845e-03 2.766018573519524182e-02
-1.848799420417490680e-06 -1.760780553256680037e-03 3.445675729107078311e-02
-2.897388488631857939e-06 -1.478139614593088069e-03 4.173567556591084582e-02
-4.029603804661663347e-06 -1.172955252843888019e-03 4.944172085863174360e-02
-6.336260568839957585e-06 -7.912879165437036733e-04 5.905479578440031574e-02
-6.945639278610471479e-06 -4.131943854175368358e-04 6.836044485044334706e-02
-5.395016812209663115e-06 -1.314331563264659053e-04 7.470150243755568908e-02
-2.050181549279050941e-06 -1.477858908160989415e-05 7.614572514309081441e-02
1.093860090339848767e-06 -3.463936112391152733e-05 7.354698703798234760e-02
4.621366231583046158e-06 -1.992572356326327565e-04 6.683542611054615890e-02
5.964430026650369143e-06 -3.980974124229152977e-04 5.919110450816011948e-02
5.426416217896301575e-06 -5.470326106971068469e-04 5.310981830745564736e-02
2.072435968530905726e-06 -5.215323772504998345e-04 5.209998762273215789e-02
6.433792079652000950e-07 -4.354184956345541480e-04 5.301899300755641420e-02
-2.152081783890480438e-07 -3.214618041587069541e-04 5.476414304990351312e-02
1.014601142684812274e-06 -2.841468613243858243e-04 5.437396354229173667e-02
5.158724038833994996e-06 -4.552836179214647672e-04 4.813850732387559006e-02
9.725163605006637013e-06 -8.455261129121094399e-04 3.577259056177162222e-02
1.441514438924040853e-05 -1.451570572006177784e-03 1.753848128493151748e-02
1.847011363137474049e-05 -2.235286722994889175e-03 -5.322380640505830485e-03
1.972663580740441347e-05 -3.053089862185665027e-03 -2.865228680299569675e-02
1.757963255741290531e-05 -3.741746507379684061e-03 -4.774369525317689877e-02
1.466004013569999209e-05 -4.273168125640935955e-03 -6.173144981955491772e-02
1.135459316159437293e-05 -4.632131522659843625e-03 -7.030744125508858744e-02
7.899315412479568366e-06 -4.819977430814859076e-03 -7.365515040531978030e-02
5.016306780819546063e-06 -4.871922610001133691e-03 -7.290931632973096654e-02
4.849050894900619468e-06 -4.928438775379184733e-03 -7.211307770302211040e-02
5.096801945728146599e-06 -5.003138959121855578e-03 -7.183145179441652317e-02
7.312358496588955425e-06 -5.190165893677045617e-03 -7.466663655665195520e-02
8.869478873269054375e-06 -5.444925632678954130e-03 -7.942046291455806539e-02
1.057901348475165371e-05 -5.767760096101692824e-03 -8.598852039414550674e-02
8.851014151003977481e-06 -5.981332698056895936e-03 -8.943506834346104384e-02
6.905835191417519781e-06 -6.079884916706745912e-03 -8.946128845402379071e-02
3.719453808892492219e-06 -6.000244680022914778e-03 -8.441922356806719208e-02
1.049012839676732867e-06 -5.775217612776772924e-03 -7.528345376558087665e-02
-1.836271282071311184e-06 -5.402105480108776447e-03 -6.214951559151415950e-02
-1.876300091629978795e-06 -5.028073507734820424e-03 -4.918302535322549573e-02
-8.448729110210884130e-07 -4.700980029476387045e-03 -3.789405016001934356e-02
1.361698373503195114e-06 -4.480659252742658083e-03 -2.994774825300838828e-02
3.034500132115258708e-06 -4.335453014502554936e-03 -2.445751058895151431e-02
2.615943205760973278e-06 -4.160773832573738673e-03 -1.844040658195345017e-02
-1.648538634907437128e-07 -3.847450010898478823e-03 -8.775540169951412395e-03
-3.086342999614188898e-06 -3.397309049214758403e-03 4.529676532001314371e-03
-8.332345570863375350e-06 -2.706633115043599602e-03 2.420498885717048410e-02
-1.015282105230885801e-05 -1.959660716946087788e-03 4.514907368848630753e-02
-1.109428790832533984e-05 -1.194617159086197589e-03 6.602346163966910098e-02
-9.176419410616976080e-06 -5.571246953299802129e-04 8.277873530311419259e-02
-5.642097954394742487e-06 -1.158529690905574228e-04 9.345701572762976639e-02
-6.748463237116197888e-07 6.871211391756837372e-05 9.648813103377396061e-02
2.681684129979267084e-06 8.750250075317822507e-05 9.450563626194563582e-02
3.859985019422085273e-06 4.692746744394682423e-05 9.069847300193911721e-02
4.902801443856796837e-06 -4.874096719476028738e-05 8.540069875457545479e-02
1.779838034468572694e-06 2.530997817995483956e-06 8.418669193209504797e-02
-7.833466237200381599e-07 1.522412648100601729e-04 8.589774478442135930e-02
-2.957795859237499769e-06 3.746078419777365554e-04 8.968485230869438496e-02
-4.850667974370947988e-06 6.466737020276447367e-04 9.481634211456357875e-02
-4.210649496211305021e-06 8.403357715007775397e-04 9.772465259880469546e-02
-3.274384333076807430e-06 9.514564842283412816e-04 9.817675901184896858e-02
-2.187124923114236452e-06 9.807565317776489877e-04 9.625236825820726594e-02
-2.777086747673962464e-06 1.017036618641942169e-03 9.444192242267357429e-02
-4.902649730201269485e-06 1.134740034798298325e-03 9.489737800030662029e-02
-8.442037225539489320e-06 1.395678554871881971e-03 9.934563985685462839e-02
-1.212718233895015985e-05 1.794462240572780587e-03 1.076132663961608671e-01
-1.579624871056450885e-05 2.315608723379991574e-03 1.191565900411339918e-01
-1.703335390659810322e-05 2.831347510783066568e-03 1.303788673595063230e-01
-1.507670332372146316e-05 3.190224243146078109e-03 1.369844367136354712e-01
-1.014505149063427147e-05 3.264584446936114048e-03 1.354138207173121167e-01
-4.762612605652138953e-06 3.060132379709923356e-03 1.258705603432206388e-01
1.331350590078050899e-06 2.564963458699054399e-03 1.082809534694457732e-01
5.365747085747663014e-06 1.903756606811635166e-03 8.626059944689457026e-02
9.841510735297820389e-06 1.068024109137866162e-03 5.991253340660973592e-02
9.814335166877241612e-06 2.901278966556120054e-04 3.566744960579448787e-02
7.168337732066376589e-06 -3.181834997840748969e-04 1.684872913523749460e-02
3.063360294555672603e-06 -7.025226899251002521e-04 4.954258544967338196e-03
-4.813613149745599173e-08 -9.272022737154550498e-04 -1.877998410029224630e-03
-2.506068112112513901e-06 -1.031970600209541900e-03 -4.978000339205035374e-03
-2.781471656686240745e-06 -1.128974475615995843e-03 -7.565447955685034032e-03
-2.361855955368419302e-06 -1.245047763172468791e-03 -1.056259164991324440e-02
1.933665589044786248e-06 -1.561890080283845350e-03 -1.892353839119431669e-02
6.629456942526534835e-06 -2.073251371514261976e-03 -3.259912638005069141e-02
1.259659483440062067e-05 -2.824811771420243645e-03 -5.266209898057860883e-02
1.276101045855765337e-05 -3.516994398743422678e-03 -7.088228633517701383e-02
1.476709291196864893e-05 -4.255806418342000796e-03 -8.971075053820998235e-02
1.371884508674647840e-05 -4.887269131345295392e-03 -1.051063357473038806e-01
9.753016206440201508e-06 -5.286831195266961103e-03 -1.135729665268052635e-01
4.765242944751446608e-06 -5.425944822682771118e-03 -1.143455921937341913e-01
4.651376142583707463e-07 -5.355946777632514255e-03 -1.089965591125916511e-01
-2.749226476431165800e-06 -5.135785350129706828e-03 -9.939075609003200640e-02
-4.090830461961347808e-06 -4.857075433312818546e-03 -8.823650045640274442e-02
-4.309075699829301165e-06 -4.566834130698582683e-03 -7.700540725114990437e-02
-1.544741526936233011e-06 -4.402251906309828655e-03 -6.948861390609195610e-02
3.464090057365976083e-06 -4.457436658474644986e-03 -6.833358500758768272e-02
9.649154920549074532e-06 -4.777269096727820852e-03 -7.471348122757071053e-02
1.461496942645884589e-05 -5.292396524199993735e-03 -8.659895360832425837e-02
1.757782204055147179e-05 -5.910484020384521031e-03 -1.012164877098062910e-01
1.580776540474615466e-05 -6.407454126461598065e-03 -1.122802692776985189e-01
1.364412288902550063e-05 -6.785359365946153076e-03 -1.195869393041455453e-01
9.553440417649217142e-06 -6.954500389670714711e-03 -1.208187941920950692e-01
3.857346864873101300e-06 -6.845926799385892991e-03 -1.141649681236107661e-01
-1.471460871746432808e-06 -6.485064498025661095e-03 -1.004418106331943505e-01
-2.969878892200572551e-06 -6.060974868557389428e-03 -8.500091818394084342e-02
-1.043280336669727415e-06 -5.728561737839754642e-03 -7.237759891280237667e-02
3.986784692946998554e-06 -5.621284840142903860e-03 -6.634575699246347824e-02
1.011085419356377857e-05 -5.778308043463686872e-03 -6.798308071490755111e-02
1.903405410908637352e-05 -6.324564947935096271e-03 -8.048216206252956084e-02
2.353988775546239642e-05 -7.023088208164107726e-03 -9.733440706067630899e-02
2.593163935484324445e-05 -7.780550525895435499e-03 -1.155149084224378342e-01
2.527429384664714451e-05 -8.450069350583011563e-03 -1.308568170177468737e-01
2.284314958957839314e-05 -8.955583978086600894e-03 -1.411534378161474201e-01
1.477776209820105824e-05 -9.031525705256893133e-03 -1.392971295402105625e-01
8.275107789446067841e-06 -8.790999562195755956e-03 -1.282611604461640908e-01
1.673158161078630579e-06 -8.242191560474454448e-03 -1.087192614843845995e-01
-2.500644847039379393e-06 -7.526182100676348519e-03 -8.475036014314385469e-02
-2.834873698492196281e-06 -6.840902517215252665e-03 -6.203653281864562885e-02
2.338948819104180732e-07 -6.351168688103148163e-03 -4.529776597754286982e-02
4.041672605082508030e-06 -6.081183506716270060e-03 -3.529150523168178566e-02
8.181558679692252367e-06 -6.036818754960093791e-03 -3.202061037038239633e-02
1.182479152687931911e-05 -6.177797168901433267e-03 -3.420743972617046325e-02
1.217516108274405151e-05 -6.328712068800701473e-03 -3.692691647999657434e-02
1.001324589623708849e-05 -6.366911001674413484e-03 -3.658640890140407720e-02
5.275230897935218044e-06 -6.172116434343344338e-03 -2.984714877162630842e-02
3.156736800152826206e-07 -5.743701347307283989e-03 -1.667730364180863845e-02
-6.393584935216953258e-06 -5.006090933365792139e-03 4.742161516828602430e-03
-9.880853339990988693e-06 -4.143830385201607847e-03 2.936655726921122422e-02
-1.140189877200763202e-05 -3.257538480091692890e-03 5.410203526966084198e-02
-9.409208811100508441e-06 -2.523760545494413421e-03 7.405367381712890662e-02
-5.997698259733660886e-06 -2.001474666974867311e-03 8.748258256813068456e-02
-9.765953347742883928e-08 -1.803686166615525721e-03 9.147321135952823923e-02
7.103032657379895753e-06 -1.974069241165721245e-03 8.496319662252505012e-02
1.371381883780858901e-05 -2.456149751759562072e-03 6.969363084163715527e-02
1.748272908847110785e-05 -3.089221897129679206e-03 5.029573383505336892e-02
1.833063024099870764e-05 -3.719781001859767677e-03 3.126068921472802131e-02
1.570166058543868981e-05 -4.184315725106690920e-03 1.720189398446780871e-02
8.197748548232665355e-06 -4.253914971211969487e-03 1.432223018452294383e-02
3.271405082866558900e-06 -4.092429382184792352e-03 1.838598638411292896e-02
-2.944034893208932052e-06 -3.642056101265445101e-03 3.042154088432180714e-02
-8.590296264337007881e-06 -2.958334904376025420e-03 4.879314008982627016e-02
-1.027093232910968913e-05 -2.257042747022763862e-03 6.751910477395917098e-02
-1.017790226178947287e-05 -1.621322582656015143e-03 8.398664467116034871e-02
-9.048158207201976435e-06 -1.099632843575282237e-03 9.680442347383833024e-02
-8.499689197155645484e-06 -6.586087865696477195e-04 1.068579002374634435e-01
-8.296412632784579480e-06 -2.783838699181861998e-04 1.148105469470701578e-01
-5.966475405856652703e-06 -5.753209717251905886e-05 1.181882844441428659e-01
-5.360668767667806783e-06 1.157027206631910943e-04 1.198763079036737622e-01
-4.605358369736203827e-06 2.380648710431643167e-04 1.200451455395641354e-01
-6.104738349867189218e-06 4.316025937876055707e-04 1.219433745625324583e-01
-6.547363351055816849e-06 6.288241263300298201e-04 1.239936647082870991e-01
-7.522775886714509752e-06 8.575611007142214248e-04 1.268035962112610271e-01
-9.360024061740371271e-06 1.149883935509299349e-03 1.312312914006428244e-01
-9.319409456805954894e-06 1.393876727252107983e-03 1.343768791352126790e-01
-7.598702409900362498e-06 1.503122395912326326e-03 1.338144159014107437e-01
-8.427827615025210162e-06 1.612559023518533863e-03 1.329830441127199947e-01
-7.804746476863105853e-06 1.640247699025376704e-03 1.300177317813253630e-01
-7.509883978936218729e-06 1.619654869157161059e-03 1.257104827781203582e-01
-6.244024309405918349e-06 1.513840878981209670e-03 1.192015046694296920e-01
-4.439788393153024093e-06 1.321889206708726228e-03 1.104656962017065425e-01
-1.781679244524519978e-06 1.018340073033585647e-03 9.890894601082056425e-02
1.452555393379600934e-07 6.570205026659170500e-04 8.596575355468960566e-02
3.926574337231869549e-06 1.490074561333321057e-04 6.948826640612448813e-02
6.363060129330883052e-06 -4.237083439641020632e-04 5.153915764550554002e-02
9.697800695616931588e-06 -1.119257623996339213e-03 3.082492516261847726e-02
1.055596600103500537e-05 -1.813418108430164821e-03 1.054134557464969646e-02
1.052571291335416270e-05 -2.481916627698033118e-03 -8.440386329857663128e-03
9.971260495070938257e-06 -3.109767600946722332e-03 -2.570030845795567842e-02
8.535916915727859156e-06 -3.656723586685561855e-03 -4.021537672616704029e-02
6.034863409356411301e-06 -4.070078619651695817e-03 -5.062441893783153901e-02
4.134800307486335980e-06 -4.381678517499043579e-03 -5.776148016942395103e-02
1.464203954935905383e-06 -4.545399109450509734e-03 -6.060190596053027789e-02
-1.008024777163218921e-06 -4.571133715475128589e-03 -5.944605382111189940e-02
-3.303027023861954126e-06 -4.469418101354705186e-03 -5.470893883708161098e-02
-4.271502403670884851e-06 -4.312705020773299758e-03 -4.839687717720719817e-02
-1.529897385742218230e-06 -4.290650523020245188e-03 -4.560125424225436319e-02
-1.879010362200450590e-07 -4.320592123534194862e-03 -4.450560003369163908e-02
1.470673610358408379e-06 -4.434967971922554320e-03 -4.574231154499530660e-02
2.107126181222912509e-06 -4.585195757864535260e-03 -4.804493690783839810e-02
9.667242448288537737e-07 -4.689638074693580627e-03 -4.917965926324097126e-02
-2.345358053948420896e-06 -4.646817192142993491e-03 -4.639229066992234252e-02
-6.256233165708585675e-06 -4.437443039264521438e-03 -3.907850257770251190e-02
-9.250053364731614103e-06 -4.107017860260797626e-03 -2.849322162330469865e-02
-9.882150947902734739e-06 -3.761689611076479700e-03 -1.756260722371427718e-02
-8.533602749424828993e-06 -3.477521188503085448e-03 -8.492308848295770929e-03
-7.223178873888569385e-06 -3.231545357316178979e-03 -8.242800680156037174e-04
-5.379476018765871892e-06 -3.043449350400573294e-03 5.017304871076433415e-03
-2.684219934892539960e-06 -2.952053913707231025e-03 8.057679092082992156e-03
1.024976896656093484e-06 -3.011632646278017411e-03 6.911377656455552909e-03
4.067646119258749859e-06 -3.184039745607547545e-03 2.561616076016015597e-03
3.731743549909016799e-06 -3.307432355617145880e-03 -6.767295818641549943e-04
6.093209007920763476e-06 -3.544888537472368206e-03 -6.630845536399476714e-03
5.303119217453522438e-06 -3.724034433487122264e-03 -1.114863284401712562e-02
3.275203714563079682e-06 -3.799160182386573936e-03 -1.275055350508802476e-02
5.737293584592850770e-07 -3.744831234620105143e-03 -1.074928820477305536e-02
-1.871426213044535825e-06 -3.582693925033408888e-03 -5.745468467798886536e-03
-3.523014048378847463e-06 -3.357414768001998340e-03 9.811323395942928016e-04
-5.251531605257597768e-06 -3.060815544161155088e-03 9.473941215410341954e-03
-4.647850999406344386e-06 -2.814917379961201505e-03 1.658082107006553230e-02
-3.862009159617818543e-06 -2.615948793585287646e-03 2.216270567196865215e-02
-2.986496660140058879e-06 -2.470122968816768072e-03 2.609549581034675825e-02
-3.300124157626371790e-07 -2.467410205113429456e-03 2.613494738831523279e-02
9.682358846144212272e-07 -2.527973571675667941e-03 2.422449663541925702e-02
1.442298506987294004e-06 -2.618943939434625889e-03 2.142869136972125332e-02
1.423312072978966114e-06 -2.719420329495458866e-03 1.839822961635073639e-02
1.116394560796152291e-06 -2.815027615314380505e-03 1.556189500791216318e-02
1.231185233319109784e-06 -2.932742047755731996e-03 1.227196176394196314e-02
2.170809681796559421e-06 -3.112307591732865752e-03 7.480437577801701821e-03
3.566404594847194520e-06 -3.371953732248078595e-03 6.790299042971348342e-04
5.190722729510321987e-06 -3.717054300177546899e-03 -8.252305152141037325e-03
6.904471398831713014e-06 -4.145384990140388304e-03 -1.920288728385521893e-02
7.457199849722484508e-06 -4.589331717225975105e-03 -3.039769253003532512e-02
8.479786064989613958e-06 -5.074479885565752468e-03 -4.230804614413452569e-02
8.578879403149664018e-06 -5.541574364966272981e-03 -5.346493222356807351e-02
7.547807675915840786e-06 -5.932177358156209834e-03 -6.228460103020116989e-02
5.294642408386340815e-06 -6.183673349678953102e-03 -6.711738622259177944e-02
2.380508741392506344e-06 -6.269863468875147561e-03 -6.727078027358412982e-02
-2.015052701767605647e-06 -6.122091656495687317e-03 -6.109973351707864708e-02
-3.666432408268305299e-06 -5.896571579922182949e-03 -5.255426137080343452e-02
-4.840524465733742066e-06 -5.608025408717520754e-03 -4.244890120745115070e-02
-3.954579643299094283e-06 -5.365823778253675513e-03 -3.364433123120136315e-02
-2.469376893951547025e-06 -5.190901638280287500e-03 -2.689797460493892345e-02
-2.418786031126163305e-06 -5.008026624482075917e-03 -2.034181600741913343e-02
-3.204204194307003206e-06 -4.786154160477673614e-03 -1.301742417600149082e-02
-3.872266267454516075e-06 -4.542002508457043675e-03 -5.273692109927008431e-03
-2.119846514131440429e-06 -4.403585308543678245e-03 -3.470130269009885637e-04
-7.469308517180084372e-07 -4.329287185163788187e-03 2.567682234176693612e-03
1.537868339708536869e-06 -4.363620071580753823e-03 2.502259125106043314e-03
1.964200383251790694e-06 -4.397426946765370381e-03 2.163623574593653842e-03
2.461125809413711174e-06 -4.442356240090594710e-03 1.536386803393519074e-03
6.520457617315011944e-07 -4.379423334838761228e-03 3.578943841686665905e-03
-1.249169110650871772e-07 -4.285486510971936447e-03 6.599835186122948727e-03
3.026988873999769680e-07 -4.227353070135220214e-03 8.749067168626112334e-03
2.555696387296357841e-07 -4.179630847759185919e-03 1.049672049787764294e-02
2.849265214738272434e-06 -4.285407911973182493e-03 8.367358492333831776e-03
5.167509729911423655e-06 -4.508962166172691965e-03 3.010775152867850579e-03
8.430988012397833131e-06 -4.895969278925660362e-03 -6.534277518346343072e-03
1.099254176059605292e-05 -5.395687923267722397e-03 -1.898659418296011481e-02
1.190647595511462598e-05 -5.916645893394689715e-03 -3.187524271565678191e-02
1.182771395988324592e-05 -6.407768946613101591e-03 -4.367681173984072629e-02
1.232979250198606991e-05 -6.899643918669484677e-03 -5.501545772240268306e-02
1.314923474629581257e-05 -7.405535526902373711e-03 -6.629058232290319097e-02
1.237332183690043053e-05 -7.832206940736607947e-03 -7.526108208430715152e-02
1.125981877526938124e-05 -8.174308118646944621e-03 -8.162860711487773813e-02
7.050440936795521196e-06 -8.276024809812820848e-03 -8.163062219636474381e-02
4.050477007244701610e-06 -8.233128926224075883e-03 -7.740097603234996626e-02
2.410645709077785526e-06 -8.120788135174805689e-03 -7.112636444359221599e-02
1.019497391924195639e-06 -7.950626653291270607e-03 -6.338611141908900848e-02
2.725150557700284359e-06 -7.892916978592290356e-03 -5.842910502311005061e-02
6.194353621119530473e-06 -8.018585923501908574e-03 -5.834995905329387611e-02
1.001935615217719455e-05 -8.328859125184107093e-03 -6.325530151411173918e-02
1.219944893181279522e-05 -8.726172287225886226e-03 -7.063896871288477541e-02
1.335668449674309866e-05 -9.157870568541282008e-03 -7.887702589417600052e-02
1.154342753481585326e-05 -9.467733284380275283e-03 -8.398714531009110473e-02
9.199552969005320158e-06 -9.649779097332056299e-03 -8.548033083482620142e-02
6.012830017207426714e-06 -9.666866899175174943e-03 -8.251576359270984540e-02
5.326881946529637979e-06 -9.666232752600700806e-03 -7.867898467885581226e-02
4.362342883257319670e-06 -9.617254335411218324e-03 -7.366170724142895310e-02
4.423282335019873557e-06 -9.577440513842738756e-03 -6.884868583389236463e-02
4.494298511112382322e-06 -9.537535267688468377e-03 -6.416940979274166068e-02
4.566098733060908188e-06 -9.494095307890193514e-03 -5.953188080037818963e-02
4.049273522765961530e-06 -9.411145858491398730e-03 -5.406721049348428565e-02
1.446606244528969576e-06 -9.178510567813491505e-03 -4.507691510262468171e-02
-1.727309841118018774e-06 -8.781425732305281340e-03 -3.201087923383294509e-02
-3.987652305567634947e-06 -8.278684642768041613e-03 -1.633021507705612052e-02
-6.239992260848037375e-06 -7.669395177736682001e-03 1.730284602839304853e-03
-8.427702320484842247e-06 -6.965261272531886316e-03 2.178564972107466247e-02
-8.765568576957205593e-06 -6.277764945446462352e-03 4.108918931769922622e-02
-9.176298135488147878e-06 -5.599508800715302659e-03 5.950873997565953033e-02
-1.019672845735397626e-05 -4.901873162779568638e-03 7.772002069147943004e-02
-1.095653058745538200e-05 -4.209888069328260318e-03 9.521707607073937041e-02
-1.328961348186219471e-05 -3.434723731666866620e-03 1.140362721525995937e-01
-1.530625628785864389e-05 -2.609177869891232682e-03 1.336086188820533316e-01
-1.649298115803665699e-05 -1.782684187799143949e-03 1.526834702163588631e-01
-1.715346074757095884e-05 -9.837161118934067972e-04 1.704524203248629632e-01
-1.572492050369578287e-05 -3.293427077688537707e-04 1.841282894367926026e-01
-1.426769842742536820e-05 2.012724201002069613e-04 1.939645705344705817e-01
-1.106612676816942642e-05 5.145862563591396821e-04 1.979427472076169536e-01
-8.084221270340807841e-06 6.475498436622206810e-04 1.968388643197451771e-01
-5.297793124817151700e-06 6.147566840893903262e-04 1.912474811188160650e-01
-2.689992076823632949e-06 4.306851369406672347e-04 1.817216627011384311e-01
3.357813496418504684e-07 7.058807088028418164e-05 1.678970644318367178e-01
2.362641699310552568e-06 -4.017180569599321238e-04 1.513246910752163998e-01
4.338657086877528712e-06 -9.871951805140999348e-04 1.322802096533437499e-01
5.648878826897130168e-06 -1.645685771647698026e-03 1.118009214067070545e-01
5.949267016511217143e-06 -2.317630692179106777e-03 9.142923719692319651e-02
6.816523681993369443e-06 -3.038243265954032601e-03 7.058213121318379635e-02
5.650976705726118432e-06 -3.678811215169996984e-03 5.210946822369155740e-02
5.075086417130614258e-06 -4.285905478590257278e-03 3.528977130250376959e-02
2.516262596244378535e-06 -4.740401324489496027e-03 2.265915637759752244e-02
2.366278057802650991e-06 -5.198675361501758907e-03 1.093875110313913268e-02
1.872662790544654676e-06 -5.617612847993669334e-03 6.000388371849574298e-04
3.527045694826091982e-06 -6.118835106142528346e-03 -1.104955953255615242e-02
5.224753665628023569e-06 -6.683073584549781287e-03 -2.392482425289177428e-02
5.148536100410550098e-06 -7.206448584158586801e-03 -3.565308296490199425e-02
5.202513721935808633e-06 -7.719599272456523220e-03 -4.659201646928057272e-02
5.327406580962756877e-06 -8.229837879008938817e-03 -5.697807866014681366e-02
4.317448426549574947e-06 -8.673840510614150290e-03 -6.545587795919916019e-02
3.834846589265139549e-06 -9.095861403113525423e-03 -7.285379693837112924e-02
1.915509337993559491e-06 -9.405195915168029774e-03 -7.733020258486211773e-02
3.711251824745076533e-07 -9.631197949201308894e-03 -7.934105104736888237e-02
-3.317240666600440591e-07 -9.812134806412853294e-03 -7.987641888111118860e-02
-1.109763806225738669e-06 -9.931197205422626073e-03 -7.876500445820866503e-02
-7.423578979037781522e-07 -1.005166496716214386e-02 -7.741506308909240630e-02
8.712152545498064171e-07 -1.023624656619359641e-02 -7.742029196374655697e-02
8.341590587573888271e-07 -1.037769203898070147e-02 -7.664749126407865987e-02
4.168873767723679791e-07 -1.047408848476533150e-02 -7.473855437009024882e-02
9.568457918773809467e-07 -1.058419024567908151e-02 -7.295094334828711169e-02
1.457849635178032344e-06 -1.069630329552917480e-02 -7.122747816267605003e-02
1.337829319630889913e-06 -1.077165667877399979e-02 -6.871841433489889184e-02
1.441416746419954542e-06 -1.082781426494250354e-02 -6.569083850887924569e-02
1.672187072199182722e-06 -1.086804610955932615e-02 -6.227630065158873407e-02
8.005699590890591466e-07 -1.082506919449205407e-02 -5.706538850769726778e-02
4.747736709331817906e-07 -1.074829340200550432e-02 -5.094191077702836523e-02
-1.090843646939232414e-07 -1.062316769237497960e-02 -4.377053576019029890e-02
3.404756949709764058e-07 -1.051901572991909006e-02 -3.703956385932194451e-02
2.133011287458463912e-07 -1.039472475120328809e-02 -3.010890334595961448e-02
9.217535899691542411e-07 -1.031233354181532169e-02 -2.419231200702576245e-02
1.516005323748403910e-06 -1.025599056096268558e-02 -1.912723355709333717e-02
1.442679294610949015e-06 -1.018770804070756597e-02 -1.405949124139560524e-02
2.734783539223850646e-06 -1.020237779708663139e-02 -1.083658209332583056e-02
1.866548563850267684e-06 -1.015370315358674058e-02 -6.648703309925174665e-03
1.509501118573952638e-06 -1.010696443280956203e-02 -2.407814159211429939e-03
2.044362888406481282e-06 -1.011906213356131290e-02 5.492039108845325757e-04
3.086543034602762248e-06 -1.021596030623592166e-02 1.499062803499651153e-03
3.227395901306273629e-06 -1.033891674493522816e-02 1.598911971130156928e-03
3.420146547597480158e-06 -1.050163481643295871e-02 7.979652332292808126e-04
4.806497430301370777e-06 -1.077896150749910187e-02 -2.410634135936895461e-03
3.342333047592904727e-06 -1.096978602945730685e-02 -4.107259742789359791e-03
2.584287255316675136e-06 -1.115312789422165385e-02 -5.249159066983200006e-03
5.002495562234088311e-07 -1.123297724113381246e-02 -4.076992175638505245e-03
-1.723979065990088877e-06 -1.121638581589340378e-02 -4.932216728077420953e-04
-1.633188230765192372e-06 -1.125122640101386406e-02 2.471019825646791901e-03
-1.359003081083387521e-06 -1.131553115570141377e-02 4.718140644552892837e-03
-3.977743749800088935e-07 -1.144690962788902366e-02 5.502351357203227877e-03
3.570295269428314100e-07 -1.161872240845679416e-02 5.262912029522226476e-03
1.557682907396551464e-06 -1.186134932073068526e-02 3.523048211679924435e-03
1.817940793846783976e-06 -1.210260368952498222e-02 1.661370867731548628e-03
1.519913270131567629e-06 -1.232146980424644878e-02 3.658349064190602462e-04
9.011774543959960582e-07 -1.250531801644805263e-02 1.576228367827781085e-06
-1.061882123482016382e-06 -1.257649563164708884e-02 2.118304979688456768e-03
-3.177755801525572465e-06 -1.254555209759114498e-02 6.732976103114740596e-03
-5.329006230833654989e-06 -1.241621081584556863e-02 1.369367221237949295e-02
-6.858843514631618454e-06 -1.222851013450432234e-02 2.211905823144411087e-02
-7.982287589733405575e-06 -1.199819266207791113e-02 3.147436905981804145e-02
-8.248741607250198449e-06 -1.177938857931140615e-02 4.059683120642176846e-02
-8.586302752938701488e-06 -1.155330308641186465e-02 4.959885582551848415e-02
-7.193940887384453475e-06 -1.143966216757577592e-02 5.627886726479403023e-02
-7.159777258639032915e-06 -1.131745715861376400e-02 6.248852858425602008e-02
-7.330921458145733816e-06 -1.119451015612329958e-02 6.849095568193686034e-02
-6.441276655277938801e-06 -1.115378001615160986e-02 7.284421316715006256e-02
-6.118711838920543045e-06 -1.114007139798514623e-02 7.629554715102759843e-02
-5.545905621295865728e-06 -1.118186446990079852e-02 7.853010603595356187e-02
-5.422162133422725461e-06 -1.124475510239249243e-02 8.014181541042031398e-02
-6.146255156769253603e-06 -1.127467533886426787e-02 8.224578108106950225e-02
-7.930560867203118036e-06 -1.120662044038586713e-02 8.621785321867792007e-02
-8.529000833021327388e-06 -1.114884994763241932e-02 9.041870771498938808e-02
-8.411751885706308940e-06 -1.113418682967588780e-02 9.389374849971021675e-02
-7.871825295643897213e-06 -1.117873185805852432e-02 9.616833846269257080e-02
-7.677490365468053746e-06 -1.124761617582971385e-02 9.777211582157585568e-02
-5.926973120087830615e-06 -1.146382978972136646e-02 9.678576645740832873e-02
-5.060788818386785515e-06 -1.172957489811618514e-02 9.448788030545696159e-02
-4.144232787384183325e-06 -1.206467988125163593e-02 9.092564248354317868e-02
-2.631508745562505247e-06 -1.251578890054907967e-02 8.540863646444618595e-02
-1.390420248589818719e-06 -1.304991852464021385e-02 7.839304079410425175e-02
-9.237968471575985774e-07 -1.361451660656508300e-02 7.092693493625157330e-02
2.503090675981534119e-07 -1.427885930171347850e-02 6.220983091392584541e-02
1.224127097548821652e-06 -1.501350300377593538e-02 5.257336278481927749e-02
1.469809663035004377e-06 -1.576363038611547362e-02 4.302967031051485591e-02
6.955693271082363793e-07 -1.646371534807965220e-02 3.489294363783734809e-02
1.686353816768293434e-06 -1.727866200135115549e-02 2.596369019880473417e-02
7.555986631657685137e-07 -1.801105103396222207e-02 1.868316895454569249e-02
1.065284790741083398e-06 -1.880982885818116568e-02 1.148676222789735135e-02
3.352301618381181569e-07 -1.956282438495660775e-02 5.612112175516603685e-03
1.358005581916787996e-06 -2.043828010581098115e-02 -1.063169790600060338e-03
2.796117705275436016e-06 -2.142756075309483477e-02 -8.969670093721404669e-03
3.854307523518119005e-06 -2.249078092294446579e-02 -1.754600230539615779e-02
4.661082178475384197e-06 -2.361745243047863596e-02 -2.639309760987007536e-02
4.711049484060203518e-06 -2.474651189789758149e-02 -3.448263105758719860e-02
3.726316875563018272e-06 -2.581545582556313279e-02 -4.060370270410063043e-02
1.569902865997119257e-06 -2.675070448152290503e-02 -4.341979430029008213e-02
5.369353643230878603e-07 -2.769156791891326172e-02 -4.446610983752208313e-02
1.875019394470545109e-07 -2.867750116157422383e-02 -4.477572080614455885e-02
-3.391076138226090109e-07 -2.967443855871407937e-02 -4.419522617322657609e-02
-9.565093350705211606e-07 -3.068232206395327469e-02 -4.263545644121569111e-02
-1.024976218774731329e-06 -3.175728872254994506e-02 -4.075242327669226228e-02
-1.941949899844641614e-06 -3.280448822351163252e-02 -3.752778757983943336e-02
-3.332713365472583789e-06 -3.380421447127136825e-02 -3.236229260476530811e-02
-4.378476262306696398e-06 -3.480950781940377048e-02 -2.570947308132387477e-02
-5.779628981780748909e-06 -3.577776557722755352e-02 -1.721614669889826033e-02
-5.591251811987163478e-06 -3.689220773836440065e-02 -8.859850345997788423e-03
-5.644075389291125511e-06 -3.808694212281837910e-02 -4.654224007074603264e-04
-5.832902287006280773e-06 -3.937152608332890324e-02 8.071814962105516855e-03
-6.679137251261457742e-06 -4.069473072648512740e-02 1.747202756612198371e-02
-8.471989830116655185e-06 -4.198761266717366408e-02 2.881793275423838452e-02
-1.077013096947854187e-05 -4.323933979238644282e-02 4.264561164840641183e-02
-1.212742355842511000e-05 -4.459083691671753003e-02 5.773744568061989213e-02
-1.523725810627374333e-05 -4.579636447470428889e-02 7.614816896037535088e-02
-1.694148452860422260e-05 -4.711170644574341759e-02 9.617087504828925049e-02
-1.835364790005178381e-05 -4.852160893388843960e-02 1.173894949027909362e-01
-1.954643443244363787e-05 -5.005527331557230869e-02 1.395332281730707891e-01
-1.939351230677288651e-05 -5.190219019365512054e-02 1.610142413221917757e-01
-1.785363426598518544e-05 -5.421827329983913701e-02 1.802167797166736030e-01
-1.669777977755804166e-05 -5.690898837186284670e-02 1.977252954106591964e-01
-1.402273296274847425e-05 -6.027121986921441660e-02 2.118353991485850685e-01
-1.168464044827566273e-05 -6.421317716970637024e-02 2.230415413591733120e-01
-7.832155511991456542e-06 -6.904536273261388524e-02 2.296077426777785035e-01
-5.526411514453211105e-06 -7.443184275598019317e-02 2.334044058490896134e-01
-3.006767752958272588e-06 -8.047743990037879713e-02 2.341056089126101192e-01
7.529911308506997969e-07 -8.724893743751443997e-02 2.298714098398102479e-01
1.627010452032173760e-06 -9.384041051539880607e-02 2.235693406659824412e-01
1.371754961426718822e-06 -9.974361779159465757e-02 2.156295844720785837e-01
4.588896497098593485e-07 -1.041082889140515916e-01 2.055037998846724889e-01
-2.311062275300868052e-07 -1.059340863072711636e-01 1.912729553360579260e-01
-1.360278862008734713e-06 -1.039735852462406462e-01 1.719354354970019649e-01
-3.707452866236193856e-07 -9.762152567780447987e-02 1.437650400790349003e-01
1.838673178711225376e-06 -8.665753671387388390e-02 1.059690161312163426e-01
3.534956801540256599e-06 -7.190418694071792904e-02 6.226609788701509274e-02
6.647236574411352628e-06 -5.522058978072137692e-02 1.457965748594691746e-02
8.161788979332840199e-06 -3.866990730236745388e-02 -3.001156664217052850e-02
8.695397419447581377e-06 -2.391371823477898839e-02 -6.742011145697501817e-02
9.807880443996053188e-06 -1.163092751071564956e-02 -9.836226525298030765e-02
8.290219197126802442e-06 -2.192845542847488005e-03 -1.188787578655428057e-01
7.607698879918967094e-06 4.941859153321390141e-03 -1.326935531447923644e-01
5.665020724993086176e-06 1.003811940685338244e-02 -1.391117571513378337e-01
4.787078586671045244e-06 1.373669623363488190e-02 -1.416645545154948671e-01
5.139412535187792841e-06 1.641263302052947681e-02 -1.429235019543257934e-01
7.376293410313317089e-06 1.837278350670365490e-02 -1.457887520045861862e-01
8.898209383087496427e-06 1.964357378946546273e-02 -1.487300768629506997e-01
1.054388952827223225e-05 2.044600727392126283e-02 -1.519842160547080212e-01
1.045252142972685760e-05 2.079977606413263569e-02 -1.530190278114624824e-01
1.109739541513277139e-05 2.094899843424782859e-02 -1.533453661478367813e-01
9.801458959832198836e-06 2.083307527415609317e-02 -1.503601532354612580e-01
7.389878972877128582e-06 2.058737109757152739e-02 -1.432171958315855420e-01
6.725715024552547661e-06 2.038281252939730392e-02 -1.348925935606803961e-01
5.336985638482172334e-06 2.011816051612791423e-02 -1.245035992412391046e-01
4.727309266344681404e-06 1.987964034730954621e-02 -1.133671402664790939e-01
3.999183174716036682e-06 1.963407726722640745e-02 -1.014119062660969739e-01
4.978584759535165105e-06 1.944138441371645598e-02 -9.092956889955017274e-02
6.346127939677037588e-06 1.923319011939003675e-02 -8.221284264399031372e-02
8.491227415891033914e-06 1.901343332117413909e-02 -7.603190216829514014e-02
9.272159123566159344e-06 1.872549634539974472e-02 -7.039565671822378690e-02
1.157586804760579735e-05 1.846265725614396058e-02 -6.708003994837508088e-02
1.353459185515770713e-05 1.815761044271976821e-02 -6.539146281963814644e-02
1.464539956883004201e-05 1.781517576367291911e-02 -6.411088833341294091e-02
1.580773051704231769e-05 1.747122140535944945e-02 -6.326868764858462058e-02
1.519756582014919477e-05 1.710188859698749675e-02 -6.078517695214813443e-02
1.354944733791829670e-05 1.676129250474092669e-02 -5.564750141068097733e-02
1.132145131531314686e-05 1.647677192765048537e-02 -4.759588384137503070e-02
9.973831633064422775e-06 1.626972713814919813e-02 -3.812094235374452467e-02
6.818256597901362071e-06 1.609074580730951443e-02 -2.549404344823358315e-02
3.847241987819938203e-06 1.599498193561135762e-02 -1.037067656794299353e-02
1.054095977670588269e-06 1.596989689908492882e-02 6.599015553737874740e-03
-1.567376264111075557e-06 1.600485903603016125e-02 2.489199068068748133e-02
-2.847525057067534782e-06 1.609385829419129887e-02 4.269084042402271351e-02
-3.306041201786569239e-06 1.619502204559203351e-02 5.894994268403941362e-02
-2.092404182224560927e-06 1.628568573832936406e-02 7.178991277716129105e-02
-5.116166247043363313e-07 1.631999484212218188e-02 8.104147761856905774e-02
6.591082615525767352e-07 1.629219202005549594e-02 8.750159649223876457e-02
3.841059440928829005e-07 1.621961600621840693e-02 9.316034399907913155e-02
1.029232803040347477e-06 1.614304816305395240e-02 9.721238900017148410e-02
-7.406411747651331368e-07 1.604767244721999608e-02 1.025507377001684262e-01
-9.471811160954857201e-07 1.598902376909788758e-02 1.073158134388583207e-01
-1.992677227502515080e-06 1.592821903462843247e-02 1.123453332791823911e-01
-2.916610050848755797e-06 1.588276449131559298e-02 1.174188442475005978e-01
-3.156483629376816147e-06 1.584205051000575626e-02 1.215899177925741093e-01
-3.573972517281753802e-06 1.578926749920195327e-02 1.250718885358566013e-01
-2.319064899669598390e-06 1.571712840280814483e-02 1.259854444694714637e-01
-3.049692801848635781e-06 1.560613297135460265e-02 1.268605984743977899e-01
-3.751815067953856442e-06 1.550383714627340259e-02 1.278673379584049918e-01
-4.417349586005592244e-06 1.541091861140547747e-02 1.289947172916670048e-01
-5.630038755019550756e-06 1.533230934142165713e-02 1.308930029573676102e-01
-6.542792676977882138e-06 1.527622739357692438e-02 1.331904831329211447e-01
-7.840284213134207647e-06 1.523879571130787314e-02 1.362162881090176469e-01
-9.326765653613899865e-06 1.522713370371370223e-02 1.400887204366538796e-01
-9.705075308050203908e-06 1.522742366572005235e-02 1.432606801101399263e-01
-9.415218540892444921e-06 1.520663010899331313e-02 1.448539128872932125e-01
-8.144216723890429499e-06 1.513905012913990822e-02 1.437567985852425956e-01
-6.320928342753995288e-06 1.500264624005565040e-02 1.395791306744826876e-01
-5.388872327469207413e-06 1.480593986322403799e-02 1.337457278747211653e-01
-4.411487438168992803e-06 1.456959547013175760e-02 1.264596487080034137e-01
-2.839619725539255235e-06 1.428702889756311434e-02 1.171334440018623191e-01
-9.540773022731485753e-07 1.394697218046808684e-02 1.056212305561374798e-01
1.070940042618984123e-06 1.354520783701484987e-02 9.192598943860241789e-02
7.746666711022642815e-07 1.312006392282305534e-02 7.908170546974035986e-02
8.843464403829326415e-07 1.270245078735038335e-02 6.653782029342103499e-02
-1.123989845988604408e-06 1.232200955655898822e-02 5.690325133267704061e-02
-1.975375791329891939e-06 1.198791715795960444e-02 4.846665648375303448e-02
-2.712288690059905250e-06 1.167706267035395484e-02 4.095653412526578663e-02
-2.773508576275895976e-06 1.137446925698148981e-02 3.350140114447741624e-02
-3.610511300627949893e-06 1.108672513020020345e-02 2.717475988447670687e-02
-3.115618155566379777e-06 1.080143812877287779e-02 2.032534027100263430e-02
-3.612128737007225254e-06 1.052202407141533680e-02 1.435477333373258446e-02
-3.500344776252717338e-06 1.025370529123437180e-02 8.583124448501511239e-03
-4.207776627823678339e-06 1.000925638830046926e-02 4.221633112940548216e-03
-3.022845063496704121e-06 9.762858426270948353e-03 -1.134406337537363640e-03
-1.339200732086709422e-06 9.483265281014063852e-03 -7.849048328551599951e-03
-1.756286022544517600e-06 9.214182409809645868e-03 -1.302004094782738264e-02
-1.632628037290251299e-06 8.971336089629466937e-03 -1.746971995279622547e-02
-1.781105327711141051e-06 8.752411276314320254e-03 -2.091065581513174010e-02
-2.673528271435188230e-06 8.576540808292176798e-03 -2.245371481318914064e-02
-4.568967730267381455e-06 8.471595296729472757e-03 -2.107302868470428692e-02
-5.828147417549778275e-06 8.428415281719947583e-03 -1.795228276848304105e-02
-7.266640095593412951e-06 8.436982097835665773e-03 -1.311916268998158941e-02
-7.592985727347678626e-06 8.467035076769768853e-03 -8.278566694239763990e-03
-9.606079374835374551e-06 8.541831780746633740e-03 -1.335526688420518582e-03
-7.257394007406658964e-06 8.572912064279847311e-03 1.873591389828010989e-03
-4.747296194804184744e-06 8.510246912074193038e-03 1.573494814551157361e-03
-2.199517324857902523e-06 8.358755593108335713e-03 -1.892140500646011247e-03
8.991395703400462125e-07 8.112166895648309506e-03 -8.863169006553484053e-03
3.068689838223170874e-06 7.794149255812121702e-03 -1.780116260231423553e-02
2.869629416507590847e-06 7.479881304412794307e-03 -2.542197938670787138e-02
1.867312292111455996e-06 7.214341238138133328e-03 -3.087318229565427785e-02
4.148651035623673877e-07 7.015000133137327953e-03 -3.373930640985101093e-02
-2.445651233737300423e-06 6.918261593980290503e-03 -3.247000894258933457e-02
-4.297465194466609795e-06 6.906106157105962318e-03 -2.876129386061920812e-02
-4.329191218843675415e-06 6.916244614055377937e-03 -2.514204216282500681e-02
-4.462929554624461836e-06 6.931256613741554329e-03 -2.147555802929490554e-02
-4.061216987621962815e-06 6.939318413097750327e-03 -1.838912290437910713e-02
-3.350852383857128025e-06 6.927281796662854152e-03 -1.625339311151074995e-02
-2.473422486215515192e-06 6.888051141616446937e-03 -1.522904327117524659e-02
-2.106089234857333459e-06 6.834227466986142474e-03 -1.460256663413739275e-02
-2.046598987573422512e-06 6.778141519388714009e-03 -1.401814255287225919e-02
-3.346616611415997866e-06 6.757569588730083510e-03 -1.180605815762536537e-02
-5.413604901680080239e-06 6.801549962455910592e-03 -7.236751436683341865e-03
-6.700103911530530532e-06 6.889303643179300884e-03 -1.628966192666947421e-03
-9.258176438486920290e-06 7.043337737832999768e-03 6.469613012822339471e-03
-1.013992666314134095e-05 7.224220857661833861e-03 1.465076787617736187e-02
-1.177278280382887399e-05 7.435644721143719327e-03 2.386499455881629927e-02
-1.085387785479396960e-05 7.613074207277747973e-03 3.080310817416398450e-02
-9.624122453602557137e-06 7.727375761018562272e-03 3.527517901042331872e-02
-7.644632807002338382e-06 7.758775255177541297e-03 3.654547931279417128e-02
-5.854933165821973873e-06 7.712155346482341134e-03 3.518522346793684363e-02
-5.984017271989938713e-06 7.650100064782727749e-03 3.394199901127326058e-02
-6.647036319723520492e-06 7.608239681727857473e-03 3.358119025270900337e-02
-7.603786296883630058e-06 7.599111787358003856e-03 3.440140238051236921e-02
-9.294258227765528346e-06 7.644940052082882520e-03 3.725551069961996475e-02
-1.019065421975495767e-05 7.723875838387628256e-03 4.086090664694586039e-02
-1.058983188330364644e-05 7.811668701960872152e-03 4.448157619312054223e-02
-8.320817105486599807e-06 7.825132434949200189e-03 4.467837702858057369e-02
-6.885627244129777225e-06 7.770859978474820018e-03 4.281753702790691563e-02
-4.203245634312735568e-06 7.621597806967472799e-03 3.743117204597945502e-02
-4.384367259510635328e-06 7.457453581216966221e-03 3.250875403566544364e-02
-3.298426676984211880e-06 7.263800223535121781e-03 2.635284100592594214e-02
-5.026483257966618545e-06 7.116230474668361339e-03 2.268899236927834906e-02
-6.009839269682792917e-06 7.010701335801061695e-03 2.029924334753729909e-02
-5.346834902109076637e-06 6.891511823729712383e-03 1.705654483481033878e-02
-4.314867774510289244e-06 6.738886910005015274e-03 1.268603479954100166e-02
-1.907976093062924150e-06 6.511095720331594450e-03 5.540569611067969191e-03
7.353265782383822113e-08 6.216057929924412306e-03 -3.542426249181662712e-03
5.769671861943770352e-07 5.906321719551632654e-03 -1.248172462056640342e-02
1.962515770032036144e-07 5.620113053192321573e-03 -2.017841930147268314e-02
-2.465765169504252619e-06 5.430280226461858817e-03 -2.389886330171187012e-02
-4.048080923343966298e-06 5.312632872390476990e-03 -2.543101057867813708e-02
-3.773025065205437567e-06 5.196357383533301011e-03 -2.738395484973921157e-02
-3.585963085250831739e-06 5.070177628008210036e-03 -2.961232047046724603e-02
-1.683445096038738154e-06 4.878831758365453908e-03 -3.440265167248224287e-02
6.483678968716155566e-09 4.622925500745944660e-03 -4.113952046922575434e-02
-1.418769595890045920e-06 4.408096350246415440e-03 -4.556090569550930169e-02
-3.466255867959344705e-06 4.276382603327300025e-03 -4.696124605250640016e-02
-5.238872087198753746e-06 4.224139450447084165e-03 -4.576178792918828009e-02
-6.212808281169657221e-06 4.224928658914328672e-03 -4.304060904422479794e-02
-7.867249647998397766e-06 4.293761691108843870e-03 -3.801403155886085017e-02
-8.107689374488302736e-06 4.386595520204261689e-03 -3.269757459840549885e-02
-8.682046427704870339e-06 4.502680234863998265e-03 -2.671790429289933044e-02
-7.663370439559002989e-06 4.588984331434176056e-03 -2.229204488254898919e-02
-5.133962247647061439e-06 4.586507006286599797e-03 -2.128080025178791246e-02
-4.720450932166331270e-06 4.557915178361238162e-03 -2.069044309183443175e-02
-2.611913258739051447e-06 4.463671108530853360e-03 -2.266447652224945486e-02
-1.423575794051723520e-07 4.286558604473911238e-03 -2.738668587278203503e-02
1.890607998877857909e-06 4.044824023209381281e-03 -3.400009189711861168e-02
3.615452113005235280e-06 3.757095358379758387e-03 -4.186762230044438482e-02
6.294262606988676456e-06 3.399363804082788931e-03 -5.201499322530134251e-02
6.516264075759337082e-06 3.051079322273886341e-03 -6.104839361449077018e-02
6.458561137880070024e-06 2.735341840380933753e-03 -6.872631228294245886e-02
3.872008134772619847e-06 2.532201646729625999e-03 -7.200966050745805092e-02
2.803411941421085629e-06 2.399767605809732807e-03 -7.324096990227557669e-02
-2.963541362865917961e-07 2.387835566985518909e-03 -7.012704884297082941e-02
-1.568903129828269627e-06 2.440043798119351237e-03 -6.541783182315930034e-02
-4.091913303298777560e-06 2.579751911473748827e-03 -5.777168271229893293e-02
-6.108593000528350636e-06 2.792288434462331104e-03 -4.809178214908715887e-02
-8.953685849251435958e-06 3.098080627067401061e-03 -3.549973599708078353e-02
-8.080735655446869004e-06 3.377068292106044645e-03 -2.488402784124144063e-02
-7.979639657575143818e-06 3.636776865760915634e-03 -1.504383091214078760e-02
-4.789038441706250371e-06 3.781090226682382038e-03 -9.849987575571095277e-03
-2.799751662452276690e-06 3.836887424179646899e-03 -7.453589914005132044e-03
-4.517231659971476798e-06 3.934910418132764320e-03 -3.052308250274471391e-03
-6.016819641997683821e-06 4.082647528526939240e-03 2.769070639773829612e-03
-7.347152859916994405e-06 4.267659066044870997e-03 9.581337156304048364e-03
-7.359293579624337500e-06 4.441165189598361707e-03 1.556185008872867925e-02
-5.406686469783261728e-06 4.533184328004202790e-03 1.836922278500852102e-02
-2.927651942048747902e-06 4.521279849393544659e-03 1.763908766255761762e-02
-1.376372424470584388e-06 4.442096813400242539e-03 1.494009518394134872e-02
-9.997893854890582688e-07 4.343139734429901644e-03 1.189016057759451073e-02
-1.915671236286942136e-06 4.275895587165012834e-03 1.019016327582455972e-02
-3.571237190296006059e-06 4.267732837668458679e-03 1.056259471322551491e-02
-4.439992040430884579e-06 4.290980706311509074e-03 1.178015454770742210e-02
-6.000955618923331514e-06 4.362851008695378674e-03 1.465223077480759528e-02
-6.156977523187612267e-06 4.438234252905459698e-03 1.730258453608435332e-02
-7.837292966467179767e-06 4.563589056760686269e-03 2.176853154520852485e-02
-9.190370802714120657e-06 4.736031153789843628e-03 2.757309601109048103e-02
-1.149201752870948612e-05 4.984235127447167457e-03 3.581729338890182746e-02
-1.192744522480332359e-05 5.245869692461990752e-03 4.392653085173936489e-02
-1.183200011625751280e-05 5.489058043136929577e-03 5.110007890572809686e-02
-1.082595517781781425e-05 5.678136113693166287e-03 5.615989687425804178e-02
-7.526313465962275462e-06 5.733463032022823036e-03 5.638371637790884350e-02
-2.355214136707389772e-06 5.587520012366620215e-03 4.981824847680371704e-02
2.616934794179986978e-06 5.251403661341580431e-03 3.738087341804119390e-02
6.168214159552043441e-06 4.788004201382145553e-03 2.146478684647457058e-02
8.789921500398922838e-06 4.242356045625839123e-03 3.512163138571278154e-03
8.429656307443189611e-06 3.723070525519789342e-03 -1.260159634039315080e-02
7.491758020828492848e-06 3.260804391724825280e-03 -2.634894694123479653e-02
5.638896649281383011e-06 2.885451043128317572e-03 -3.678353109885978967e-02
3.285994021638011242e-06 2.611388596180375110e-03 -4.361549085745730636e-02
3.055405290542517749e-06 2.362126708785328155e-03 -4.981558602380387057e-02
2.309535369095228052e-06 2.142813835092405306e-03 -5.481275881103764291e-02
3.048171474357569410e-06 1.904040804177942192e-03 -6.053338469605673566e-02
-8.333998123902230937e-08 1.775970723791209238e-03 -6.193374229979164980e-02
-4.835361337707927420e-06 1.826231175132142504e-03 -5.734977648035988196e-02
-6.881205036342319392e-06 1.962119830816622112e-03 -5.058664616049135532e-02
-8.455362481243899886e-06 2.154278041003321320e-03 -4.228957102042318894e-02
-7.342656490719884355e-06 2.308454455357655810e-03 -3.585470661329104303e-02
-4.072422917660023511e-06 2.343847520679620544e-03 -3.372147352117416119e-02
-1.939000729631046305e-07 2.241760300526474126e-03 -3.611497480418623951e-02
3.950812622034727273e-06 2.000587518458107894e-03 -4.291470969662114499e-02
7.559011957345568300e-06 1.647825312209860726e-03 -5.299631081841660318e-02
1.075759920170053785e-05 1.205258720775925774e-03 -6.560465780659630042e-02
1.067358192609856038e-05 7.940102443385610442e-04 -7.637348064269744441e-02
1.041672780381641683e-05 4.304291319776609726e-04 -8.531369453770087929e-02
6.509408089978505063e-06 2.387269608437048163e-04 -8.800372489493701877e-02
2.898106001703384949e-06 2.122665790750266623e-04 -8.542704224634789512e-02
-2.226852140000193381e-06 3.903157384615996151e-04 -7.622084151074215441e-02
-8.121584409298554519e-06 7.897380355933458773e-04 -6.015509127523310795e-02
-1.195859215889424898e-05 1.329663404210257305e-03 -4.038787033388180348e-02
-1.506905443103383202e-05 1.966998614588932881e-03 -1.820455303439327821e-02
-1.529896339224137702e-05 2.596078152168446174e-03 2.679129131704094391e-03
-1.144383548076950696e-05 3.065391177599297023e-03 1.731626180036904827e-02
-8.214211637068424832e-06 3.384859155536767972e-03 2.685506298276063575e-02
-3.060978543192698076e-06 3.494781403601820990e-03 2.918892978486731238e-02
3.107877728171851150e-06 3.359948940912182991e-03 2.353796151217979471e-02
7.361079115710510157e-06 3.054920510889402863e-03 1.291460109154618507e-02
1.096498415244749614e-05 2.621961034563469184e-03 -1.364574098481341480e-03
1.231593116958213524e-05 2.153542436681088468e-03 -1.603741454975482483e-02
1.051869603709313858e-05 1.774325399521936575e-03 -2.702382215402687748e-02
8.077979483809378733e-06 1.516980449581595281e-03 -3.374696324617820764e-02
3.535194768207461369e-06 1.450716720798661541e-03 -3.394574320538401579e-02
-9.611735329699962150e-07 1.570094757718631939e-03 -2.827877756534258324e-02
-6.504110037274055817e-06 1.899583315521757854e-03 -1.598897878615046508e-02
-5.429851862277486688e-06 2.197946829167740646e-03 -5.941799185383622728e-03
-5.786972035629750488e-06 2.488265466755401611e-03 3.749162063352073915e-03
-4.611819139712942245e-06 2.719172789098833753e-03 1.106430525015422717e-02
4.026596644854038565e-07 2.749550621919394366e-03 1.130208942071408984e-02
2.834781061896753107e-06 2.659448998447278001e-03 8.046687799145413322e-03
4.861775782780998478e-06 2.476589591154265690e-03 1.994794136412014751e-03
4.821902679509604273e-06 2.277728354282415602e-03 -4.125599819976510929e-03
3.556631223211766113e-06 2.114099696938431805e-03 -8.800088124012006574e-03
-1.807745862308918205e-07 2.078146907823597012e-03 -8.974747993647280708e-03
-4.699143954872697648e-06 2.206547638236466824e-03 -3.830533324944873641e-03
-1.252592821580390814e-05 2.616642345109942980e-03 1.051493402378556041e-02
-1.619575799800994365e-05 3.165747222913406489e-03 2.832081178969314550e-02
-1.908086515248902382e-05 3.806879226619597212e-03 4.843718238257821440e-02
-2.082652239390053728e-05 4.491898965081952966e-03 6.922026063719899369e-02
-2.124891957585618718e-05 5.165964176179649314e-03 8.889511288879115014e-02
-2.145434228557722978e-05 5.813754245590385672e-03 1.071476253289640468e-01
-1.914352507227309874e-05 6.342742429564118822e-03 1.208065014292176720e-01
-1.834427002742056168e-05 6.801452429632481866e-03 1.320536882823342140e-01
-1.311885118303324216e-05 7.040975982428809843e-03 1.355150976667194307e-01
-1.190034761472391622e-05 7.198545613691598177e-03 1.368055814333968279e-01
-9.522789196650394139e-06 7.247700015618918634e-03 1.344911133421984317e-01
-7.101310911607899845e-06 7.180306207658193607e-03 1.285489524254761484e-01
-7.074564933273047584e-06 7.082510284849741211e-03 1.221093630553835574e-01
-5.501138105701991465e-06 6.905410286257684938e-03 1.131622126735978284e-01
-4.229874950658490951e-06 6.658062465621727988e-03 1.023035276596204746e-01
-4.940897012431499924e-06 6.419685856515200406e-03 9.229695895300693564e-02
-5.620733109348852174e-06 6.201417029552680482e-03 8.322734472433834796e-02
-7.445693113096452098e-06 6.050130243226092830e-03 7.668631967959704809e-02
-1.049133753654868384e-05 6.017170893280909816e-03 7.422265410866124569e-02
-1.358677474006669827e-05 6.109433624787330430e-03 7.579367040672435607e-02
-1.662737810134012895e-05 6.321095288932099265e-03 8.107274485769089267e-02
-1.599776042008130283e-05 6.515379317858061015e-03 8.522686008864832630e-02
-1.556687255730576647e-05 6.684160220263635210e-03 8.847264976884261500e-02
-1.229201893008374791e-05 6.722205786557355900e-03 8.717697548715541700e-02
-8.587150191568387880e-06 6.604051763467677638e-03 8.094596872736170567e-02
-1.749579480105067919e-06 6.213509295560415424e-03 6.596042450718853090e-02
5.595732517835183550e-06 5.529019053332473455e-03 4.210817909922637270e-02
1.128454411268575708e-05 4.618235246407587091e-03 1.201842115857232329e-02
1.407075787090983354e-05 3.602019226272679120e-03 -2.018585218457591424e-02
1.328400916492805672e-05 2.630411116856135045e-03 -4.964912660520015564e-02
1.039035400364485273e-05 1.794666411495726699e-03 -7.375989773222402235e-02
7.495321640495211657e-06 1.103483783256753448e-03 -9.262896120610930595e-02
3.478959511873935817e-06 6.022036630621840914e-04 -1.048613923759318389e-01
7.698990501375790885e-08 2.717596773574859625e-04 -1.114455994356271518e-01
-4.656400762109713654e-06 1.594456405547006739e-04 -1.108566476526471334e-01
-5.914901125468607912e-06 1.367333876889365030e-04 -1.078538319851256588e-01
-5.672806458058288204e-06 1.350384680885996502e-04 -1.044513989318289759e-01
-3.358668004403708718e-06 7.256492252161184098e-05 -1.032816721032028262e-01
-1.054976746121816245e-06 -5.715892698332503130e-05 -1.042687447384658128e-01
1.187973475244574750e-06 -2.532545950861830875e-04 -1.073176815568550602e-01
3.340212960084576466e-06 -5.160121828275965328e-04 -1.123793641436203750e-01
3.607196254820643766e-06 -7.704099522521934418e-04 -1.168417824211815947e-01
1.563182142547137055e-06 -9.260560502160064544e-04 -1.178618832656757043e-01
-2.465872906559640754e-08 -9.956373930244399872e-04 -1.162153529946423625e-01
-4.859207647957275444e-06 -8.567492174803570393e-04 -1.077675467425498468e-01
-7.942714164543840383e-06 -5.696129107187752894e-04 -9.511137269647473858e-02
-9.316254166377713197e-06 -2.043096204921157621e-04 -8.055149365082536761e-02
-1.200706499012577089e-05 2.810269747007820840e-04 -6.254033452130336457e-02
-1.184956537948061994e-05 7.793057970938432888e-04 -4.493639286696105017e-02
-1.059187581508441722e-05 1.237529591192276790e-03 -2.921461278637682568e-02
-8.704646155412165687e-06 1.625504606834193844e-03 -1.621763849751811648e-02
-5.890615759042427957e-06 1.899065034093316839e-03 -7.284146315172268515e-03
-3.183211158074017444e-06 2.058053668719139750e-03 -2.186610444814274246e-03
-6.016548360979201426e-07 2.106917927306883875e-03 -6.710096839945833835e-04
-1.119753229875120049e-06 2.160356696842780089e-03 1.229879966686109327e-03
-1.090943473482097748e-06 2.203214888720994580e-03 2.686056983203233273e-03
-3.108845287112804723e-06 2.306392991390460168e-03 6.166825460397706848e-03
-5.103759007148156446e-06 2.471916689648634424e-03 1.148790934903898275e-02
-6.440684619760106422e-06 2.670754607188019492e-03 1.762709294077602351e-02
-6.757986592317855035e-06 2.866994231271458027e-03 2.342535831799352763e-02
-6.458301526457432828e-06 3.035555593481564784e-03 2.813760473018378505e-02
-6.388170928198211307e-06 3.186469104875855329e-03 3.219170638152712982e-02
-5.265445829572001912e-06 3.285126839539520560e-03 3.441172870953890239e-02
-4.727514801808330169e-06 3.352221254749210289e-03 3.563924952407848679e-02
-2.174176122887727658e-06 3.318463436170593361e-03 3.351325845146924109e-02
-1.450106376241211414e-06 3.252700720669188250e-03 3.062626859395800594e-02
-1.826984338190729140e-06 3.201116943477799737e-03 2.836236275788506234e-02
-2.253352764464144897e-06 3.166516964263399458e-03 2.669395133297580713e-02
-2.697204379148443465e-06 3.145545686203288227e-03 2.549195419884853209e-02
-4.917793395065039874e-06 3.197239845811550296e-03 2.673169015745457955e-02
-5.763144890646998419e-06 3.265001772897679899e-03 2.829693108974984384e-02
-7.547567711124747447e-06 3.371274666162493716e-03 3.108270023669801319e-02
-7.468443672775659792e-06 3.444909420819097789e-03 3.260379462955365071e-02
-7.466710199577342166e-06 3.482649366093992782e-03 3.296888588516022622e-02
-6.912401940922796584e-06 3.467700849632437965e-03 3.164420873643436494e-02
-7.224827031374059239e-06 3.436597978881961168e-03 2.994165410289095774e-02
-6.852343621244205707e-06 3.376101197018588351e-03 2.733640995888952929e-02
-7.263839893176249340e-06 3.326705198836155120e-03 2.524478022903320351e-02
-8.125217107399218541e-06 3.317292510882641210e-03 2.451546235788182315e-02
-1.159961582102020383e-05 3.451231863305315173e-03 2.849584535717353262e-02
-1.415956623841696516e-05 3.695625515042433307e-03 3.571088231550190173e-02
-1.729184306523134929e-05 4.061791160779648635e-03 4.653843938807433744e-02
-1.889631293194860007e-05 4.485138563253832089e-03 5.868934885446375205e-02
-1.835571932717883215e-05 4.873769259332139114e-03 6.921944740643359850e-02
-1.535558705835493587e-05 5.127330776878213925e-03 7.504057778254669131e-02
-1.392340391552504553e-05 5.297366112661405779e-03 7.822379005501334248e-02
-9.885837442644151984e-06 5.291431269027535578e-03 7.564052686709121787e-02
-7.358603726456691696e-06 5.168182798901188590e-03 6.962619711791795396e-02
-6.969405078646739859e-06 5.020356904387845987e-03 6.321198216462642350e-02
-7.259734523243355220e-06 4.883751286801407687e-03 5.739722616362641361e-02
-9.721205227450346875e-06 4.845274296923829382e-03 5.497786197624732196e-02
-1.399841754665120952e-05 4.977820245360309315e-03 5.808101854076053172e-02
-1.627341287101236045e-05 5.203814276891316482e-03 6.382728901963297119e-02
-1.670046683288628486e-05 5.442795707814029882e-03 6.965578704900421414e-02
-1.422811166885973311e-05 5.579325370069998513e-03 7.191005071465372822e-02
-9.490417853127985914e-06 5.519951084882901426e-03 6.784634739529638026e-02
-4.701800145501255912e-06 5.262534377029615129e-03 5.776501622658347657e-02
5.993094705919466136e-07 4.795177080163304240e-03 4.144284314709567596e-02
6.077238044022159613e-06 4.116426895520941542e-03 1.904050019978509312e-02
9.743897719571847915e-06 3.305042631382759666e-03 -6.666824798845283340e-03
9.866305553121734739e-06 2.507853523512570959e-03 -3.090922313726363058e-02
6.687616048786648726e-06 1.860165966464322196e-03 -4.956917973502106278e-02
1.620610018737700386e-06 1.438212225995050275e-03 -6.056392590579529056e-02
-2.666358609307306615e-06 1.210567545041119075e-03 -6.529316567753573608e-02
-5.198425454960853287e-06 1.105026503435135865e-03 -6.624348078406816498e-02
-4.843306507282263418e-06 1.003469145621327385e-03 -6.726386641808446143e-02
-9.980604472464849053e-07 7.692713656692884427e-04 -7.261012362743568538e-02
3.640571084095878263e-06 3.707354854773914354e-04 -8.293719591108605904e-02
6.855443591691212646e-06 -1.329673482890481040e-04 -9.611047871547118149e-02
1.033054221244444904e-05 -7.441466943061136874e-04 -1.122399298853715699e-01
1.149447595623354079e-05 -1.369038036545644488e-03 -1.281588239415534236e-01
1.006235942821454010e-05 -1.901788399060189150e-03 -1.405897313424546713e-01
8.303275310581059721e-06 -2.327896196639311910e-03 -1.493530352111134274e-01
1.041797271936206748e-06 -2.440284493797628684e-03 -1.478049460355661537e-01
-2.188241305337013110e-06 -2.395494631418415565e-03 -1.417496802028748171e-01
-4.133053073701598024e-06 -2.253026844470040757e-03 -1.329523623831381229e-01
-3.483489382505311482e-06 -2.116260002585024225e-03 -1.247724637009819393e-01
4.754797344325156772e-07 -2.114517450207520355e-03 -1.212254150046176981e-01
6.304874636625656947e-06 -2.317145160289468819e-03 -1.242097454504964560e-01
9.537619997085355905e-06 -2.617513840672769376e-03 -1.299434756479929121e-01
1.114387195993993274e-05 -2.945395013136176132e-03 -1.362561116952019091e-01
9.361717159234173025e-06 -3.167580647654322235e-03 -1.389086479929990681e-01
6.196730877594536224e-06 -3.232163512236319036e-03 -1.365504717959828973e-01
2.875535574431431485e-06 -3.137985820987232444e-03 -1.293714240540944083e-01
-1.649147323479205340e-06 -2.847108965877032105e-03 -1.162749956300870302e-01
-2.621122238449791197e-06 -2.500857133063361104e-03 -1.020983876662975298e-01
-5.021774148100677237e-06 -2.055678519521597636e-03 -8.520238736878793517e-02
-4.645700286742826535e-06 -1.618674043451395761e-03 -6.923773298954660760e-02
-3.813804488522753999e-06 -1.213154524632109599e-03 -5.474137459267325312e-02
-2.134116564023180729e-06 -8.723050441890034534e-04 -4.271738546037351369e-02
-2.365842497159542646e-06 -5.286769640395760916e-04 -3.084405769469622527e-02
-4.914257696525536900e-06 -9.720035421545425436e-05 -1.647253280542715359e-02
-6.992197381622267116e-06 3.970036315386060721e-04 -6.324851527543806640e-04
-1.111257826877376509e-05 1.020464771421591976e-03 1.884685529892182743e-02
-1.336904288148921260e-05 1.697094787656228121e-03 3.927078280161833135e-02
-1.386009680626187901e-05 2.354367779344501699e-03 5.839557320775012883e-02
-1.268606026494367711e-05 2.925607080951575512e-03 7.421300016738552330e-02
-9.352885812358158191e-06 3.333446734035794279e-03 8.441663389086029312e-02
-7.186557343552557597e-06 3.627406014694134484e-03 9.090568062780857161e-02
-5.165939442025591077e-06 3.820102528275803877e-03 9.410550644658366437e-02
-2.682144254778640047e-06 3.897528487045942569e-03 9.364035933052861083e-02
-2.357785263140677046e-06 3.940421401281257729e-03 9.226212374540132544e-02
-3.917269758901831267e-06 4.016808293941798169e-03 9.206460868379817697e-02
-6.556351947101246580e-06 4.162332025914095013e-03 9.406061268887722093e-02
-1.036371929666324299e-05 4.414789784418893248e-03 9.935729376987811889e-02
-1.417265797590272491e-05 4.770551071579642866e-03 1.076792167183233673e-01
-1.609801707866398424e-05 5.156721885209103462e-03 1.165839997042539267e-01
-1.625161223350879425e-05 5.505486998831132794e-03 1.239796922945710644e-01
-1.533652669741258912e-05 5.780980540225355568e-03 1.288562966139923383e-01
-1.320240467830857689e-05 5.946426599093612708e-03 1.301503007073154805e-01
-1.097947024028544938e-05 6.007854216473873521e-03 1.282206579810185598e-01
-7.559841485066387534e-06 5.926601026402300576e-03 1.218958746872143006e-01
-7.666645936765803526e-06 5.837473311511631735e-03 1.157351498147363156e-01
-5.700137878095201671e-06 5.661733993575612800e-03 1.069564300634135989e-01
-6.705710193427583121e-06 5.505410907025387601e-03 9.920963522148595892e-02
-5.287468870740497096e-06 5.275961760627501107e-03 8.928790443041623170e-02
-4.241862523818307196e-06 4.985889306354795991e-03 7.781991028130463839e-02
-3.439724757914319753e-06 4.653395126718251618e-03 6.541022910894533915e-02
-2.204379883602447521e-06 4.272291980093712027e-03 5.185746782213351835e-02
-1.333977632189675688e-06 3.864802119566856931e-03 3.792390263591949306e-02
4.889482908276843176e-07 3.404536838428118273e-03 2.273141723538452119e-02
4.556827086499293245e-07 2.968489888629965989e-03 8.845787525823212150e-03
-8.630943751364306138e-08 2.579317684337834038e-03 -3.164871121888568339e-03
-3.231265378877967720e-07 2.224261023547446925e-03 -1.379768533735536984e-02
-2.751565001096745178e-06 1.975800437592489800e-03 -2.073394401247297125e-02
-2.260175187979163169e-06 1.716197091137905417e-03 -2.799091974273548722e-02
-3.610929196651291306e-06 1.508838309964177782e-03 -3.333005284047252381e-02
-3.048521258763869923e-06 1.281885479199829092e-03 -3.922683873014087830e-02
-2.548980223421315472e-06 1.042416683975755376e-03 -4.532377335302606447e-02
-9.072204555649054925e-07 7.584194057204118877e-04 -5.266144367993752518e-02
1.375489833310705734e-06 4.141025938622089342e-04 -6.166229953515345308e-02
4.578916945663369376e-06 -1.720591082365885427e-05 -7.311336236714960357e-02
6.465645966124977662e-06 -4.803563805537702791e-04 -8.513172407494695726e-02
6.329526754944581057e-06 -8.949433628959724274e-04 -9.520193126995812882e-02
4.988609726891413132e-06 -1.215843441451980311e-03 -1.020478864333127511e-01
1.769358608849636028e-06 -1.378456893873059030e-03 -1.037525749452661294e-01
-2.491947580091080638e-06 -1.348036981504430187e-03 -9.944469285654489177e-02
-7.864824421832672385e-06 -1.093006013382691322e-03 -8.833431355841669941e-02
-1.019521317718874442e-05 -7.390899462913491647e-04 -7.469442039696505553e-02
-1.065228851360178197e-05 -3.663747100577374738e-04 -6.098353800855171869e-02
-7.000820283098452279e-06 -1.332722695686072711e-04 -5.217051040006470686e-02
-4.556898944907405991e-06 7.807460820075107222e-06 -4.636746317194706535e-02
-5.062141391898311582e-07 -1.440078479353346097e-06 -4.542694780652034581e-02
-3.563676616302746680e-07 -9.090284575075102680e-06 -4.426037639691959846e-02
-1.936182244061113167e-06 5.048325382528418004e-05 -4.098931389208337883e-02
-2.720906215974983056e-06 1.414214855846029906e-04 -3.690472016071399963e-02
-4.797221605012946810e-06 3.081172955143873793e-04 -3.055845530943646082e-02
-6.994121123565788523e-06 5.534373585855956179e-04 -2.198831489753394486e-02
-6.824595994242566022e-06 7.866681231400995955e-04 -1.415971064918108979e-02
-8.221712465728003849e-06 1.067436961709855581e-03 -5.022054460566582890e-03
-8.131179500936447369e-06 1.341356742867061413e-03 3.563701971461163964e-03
-8.341903063313615974e-06 1.621856868120552519e-03 1.211955806188358409e-02
-8.720903625358822353e-06 1.916357310909999612e-03 2.086264862015996258e-02
-9.780026968858601677e-06 2.248197344235425277e-03 3.052380068111748557e-02
-1.240232851837386185e-05 2.671869884154576269e-03 4.278454452720792389e-02
-1.469313240393121944e-05 3.165159406283590826e-03 5.678930034658558057e-02
-1.553070265672418238e-05 3.660009311743817051e-03 7.034939143843677023e-02
-1.844868975739433203e-05 4.227496641971750790e-03 8.583344852291330263e-02
-1.716407260735075546e-05 4.701984858175745075e-03 9.780782753855321587e-02
-1.458624263814267685e-05 5.029880031953926078e-03 1.048891621129566243e-01
-1.486176715304043938e-05 5.325969358301652079e-03 1.109401530892597521e-01
-1.384181379832094549e-05 5.547058070842103561e-03 1.144628392970965525e-01
-1.266021616685986118e-05 5.691924110370560896e-03 1.155543232221361016e-01
-1.259230003405886755e-05 5.805204407601127770e-03 1.157066775865029928e-01
-9.607174765335901867e-06 5.779519751713424469e-03 1.114717755819858436e-01
-7.926518351020206410e-06 5.665134880426414554e-03 1.047180677452670405e-01
-5.270438039772784578e-06 5.431993211632679674e-03 9.449366084026733503e-02
-4.475062987702171924e-06 5.157542765679146157e-03 8.340400676127646129e-02
-4.207997728267187654e-06 4.868033412903205459e-03 7.220953963429943556e-02
-6.045633005880013400e-06 4.648305562761523291e-03 6.357974242330421966e-02
-6.706315623439262907e-06 4.454172462056371629e-03 5.593031407924886622e-02
-9.027869896149898210e-06 4.350448288152231058e-03 5.134861750042385431e-02
-9.894374005364747759e-06 4.279419310104559671e-03 4.783033990594853790e-02
-9.866405435515757105e-06 4.202796087430904493e-03 4.420240855961221627e-02
-1.049050770965398449e-05 4.145132329218315093e-03 4.129084638310098754e-02
-7.310806733662467138e-06 3.955625878646173987e-03 3.426221226272696541e-02
-5.509803857078887646e-06 3.690454290109945745e-03 2.519969112166609015e-02
-5.164738274276992058e-06 3.409902912627549298e-03 1.600100647800717368e-02
-5.691519847417225719e-06 3.151674010403393567e-03 7.794827171775819963e-03
-5.529548829596997450e-06 2.890447457547518084e-03 -2.918391238984074931e-04
-6.744431071764589447e-06 2.682546579723998903e-03 -6.450161720616076622e-03
-7.554266078124705075e-06 2.516180027760883675e-03 -1.117637582341046709e-02
-8.693859276959203797e-06 2.408695658411952323e-03 -1.394965838299255800e-02
-1.059237400236057169e-05 2.392655291687084684e-03 -1.381911604783381264e-02
-1.110272439036608105e-05 2.412912126430244442e-03 -1.264833108214102886e-02
-1.195749502436171952e-05 2.480047279117325587e-03 -1.007142601633903567e-02
-1.239265099334252440e-05 2.572849906621987870e-03 -6.812218462083796666e-03
-1.017484520271505488e-05 2.580872204815953808e-03 -6.350569789673521370e-03
-7.017424807131966702e-06 2.460879401206206296e-03 -9.846798452631810861e-03
-2.178218465931358594e-06 2.148788397940970540e-03 -1.916021720720473276e-02
4.145678532019303475e-06 1.593726132227635262e-03 -3.565417775118762123e-02
1.060502421712516963e-05 8.076280230491228451e-04 -5.868948818615460361e-02
1.340783470138440236e-05 -4.916300055302080807e-05 -8.304015980690393484e-02
1.395496730505207950e-05 -8.715267794254799583e-04 -1.055275233689132452e-01
1.194250444785938114e-05 -1.554595423180593627e-03 -1.230128777783814353e-01
4.271293626789685050e-06 -1.880642029085555222e-03 -1.289050119212533652e-01
5.592519784491933876e-07 -2.015122803976199251e-03 -1.289633820256890218e-01
-7.261864188756739225e-06 -1.812327032040927932e-03 -1.186129861721376688e-01
-1.257236984836263005e-05 -1.385874644885598528e-03 -1.018774615630821945e-01
-1.505866339174266599e-05 -8.593567934329637836e-04 -8.270907292092144480e-02
-1.281065380781543084e-05 -4.277656201820967397e-04 -6.717846014729977888e-02
-8.976777584601691728e-06 -1.531216397208101654e-04 -5.693667648257227931e-02
-2.493589221830294633e-06 -1.328939910598680996e-04 -5.482767334923455138e-02
2.435802648692586558e-06 -2.965263498004855336e-04 -5.830752572887654139e-02
3.935010355005097438e-06 -5.004625244580118704e-04 -6.278214645050894660e-02
5.139255635888684282e-06 -7.314357729961695753e-04 -6.794003659860781141e-02
4.346552739897813211e-06 -9.135687022030491988e-04 -7.139399434738802341e-02
1.186307411082943020e-06 -9.569492061638484870e-04 -7.045016629413236586e-02
-3.311414828566228152e-06 -8.199347062816109144e-04 -6.401610208904084942e-02
-7.304792898121803546e-06 -5.300372682790488454e-04 -5.315150098631193920e-02
-9.704609872929204073e-06 -1.555388540004365439e-04 -4.009715581633921389e-02
-1.049376161943449404e-05 2.325019697715369205e-04 -2.707786696888536682e-02
-9.699709121624433550e-06 5.694090790984152051e-04 -1.605191520624504875e-02
-4.991468642356888807e-06 7.034924852771240467e-04 -1.164581736542524837e-02
-2.231863179602555647e-06 7.153111799318434549e-04 -1.101098151659041235e-02
-6.984064833126524263e-07 6.641285059638679655e-04 -1.225997297551462140e-02
2.453531849300194523e-06 4.935194855069102715e-04 -1.715107217410083429e-02
4.108369210942264260e-06 2.705464282970471146e-04 -2.343088184079711311e-02
1.845629788332914245e-06 1.539416092306566952e-04 -2.616126636254390014e-02
2.809606755582727544e-07 1.162738942790397800e-04 -2.644158440777166774e-02
-3.812859450391670180e-06 2.489152722213727742e-04 -2.146353910362153172e-02
-1.289451700287047586e-05 7.386049483255607839e-04 -5.633059399535289558e-03
-2.114739702518964037e-05 1.535213496286491619e-03 1.900565698339939935e-02
-2.750151835784198084e-05 2.544839762572248532e-03 4.931044321331223834e-02
-3.255218495074041485e-05 3.701119881281522694e-03 8.312391616339875888e-02
-2.952272031753189196e-05 4.676310110016235200e-03 1.101736517742262222e-01
-2.053001797658327021e-05 5.240610695146363796e-03 1.237706606574540125e-01
-6.388336892038104509e-06 5.208427032986184813e-03 1.187130989572910966e-01
9.300993009220270835e-06 4.543493411990340292e-03 9.457380182836039317e-02
2.255121841876484012e-05 3.370425130064136354e-03 5.582766177823272891e-02
3.043515215206404889e-05 1.928262230240340713e-03 1.025039408216454895e-02
3.252112848334265394e-05 4.626696210359160233e-04 -3.449914337744885984e-02
2.510722413556765176e-05 -6.475279111948228916e-04 -6.684339875303146883e-02
1.635947159817074947e-05 -1.358884026382289889e-03 -8.610590430714060162e-02
3.431075097037883381e-06 -1.529364503510155515e-03 -8.827808327556296852e-02
-8.107177727811887280e-06 -1.238115874117706738e-03 -7.644556295548232683e-02
-1.674573595306094731e-05 -6.261568609344791980e-04 -5.534455653011804976e-02
-1.925898312316043359e-05 4.496994776848062259e-05 -3.327655742615265311e-02
-1.744614254572951495e-05 5.977819387064098322e-04 -1.558405982899158104e-02
-1.009753210196029372e-05 8.201716851394813546e-04 -8.599575633946754394e-03
-8.056672204381776226e-07 6.535565529577347377e-04 -1.366201460647387123e-02
6.441772869791861922e-06 2.056111477832800460e-04 -2.702327106217361496e-02
9.307793767399097362e-06 -3.239262415228871816e-04 -4.231333763273292803e-02
7.096096106329330411e-06 -7.201166780113066324e-04 -5.294822513976193967e-02
1.900694008571957028e-06 -8.630982189796743143e-04 -5.550539593420533713e-02
-3.760043693568082546e-06 -7.437029159904628983e-04 -5.002892819034743255e-02
-8.964606347416914645e-06 -4.017594410341551736e-04 -3.799832251604984279e-02
-1.376692728677353372e-05 1.304809640185755626e-04 -2.057806729231481668e-02
-1.701127502173882533e-05 7.694425235595936385e-04 -4.987832920180235163e-04
-1.923628505151597778e-05 1.457684475185683226e-03 2.044116575867427343e-02
-1.899496754820262368e-05 2.087968299295583918e-03 3.892847910166707948e-02
-1.787022839794261131e-05 2.626109353525141188e-03 5.405536891753315309e-02
-1.981432545694605807e-05 3.198518023428853496e-03 6.987102619080509669e-02
-2.054497946352151772e-05 3.766952386397903751e-03 8.507052755758470752e-02
-2.111608819876931165e-05 4.331301170460211125e-03 9.969998967511717325e-02
-2.335460929187016532e-05 4.959105315605061293e-03 1.158723311072508144e-01
-2.293605055975200813e-05 5.546957474868108307e-03 1.302820632617569530e-01
-2.211854328154627680e-05 6.078077988658892039e-03 1.425396222607001606e-01
-2.166346357190818139e-05 6.564243989646723065e-03 1.530851149182743676e-01
-1.962843043462614290e-05 6.938512176098532436e-03 1.598841956566410261e-01
-1.787839924310974382e-05 7.208565108500764040e-03 1.633357328124609431e-01
-1.513273864489628195e-05 7.335074799498464415e-03 1.623128700364312449e-01
-1.005486056981919063e-05 7.229607922132785802e-03 1.542360243206465364e-01
-3.099862649236229117e-06 6.827656136743964765e-03 1.373789023221047012e-01
3.021819204696019057e-06 6.181891592554666914e-03 1.136783420596845229e-01
1.029042803496471592e-05 5.265359922955070715e-03 8.246397937192695426e-02
1.686980880122312954e-05 4.122330959480668966e-03 4.534926946018702498e-02
1.749328739047983916e-05 3.007047937674034443e-03 1.034648408013216780e-02
1.632366488185654774e-05 1.999974567585827145e-03 -2.029483422322320152e-02
1.230670421270563253e-05 1.209847540552422274e-03 -4.339329525604296300e-02
6.077675582472075178e-06 7.160055779129592679e-04 -5.679367678839619682e-02
1.657446731251344119e-06 4.301227918726002741e-04 -6.356721613560656348e-02
-1.578593790463322932e-06 2.802856515893292766e-04 -6.607206859616254757e-02
-3.431872168890848229e-06 1.895153278546057862e-04 -6.676592954072257946e-02
-4.412613776372253938e-06 1.055035732231424106e-04 -6.726764611989877185e-02
-3.053138739939065260e-06 -7.853361529464031321e-05 -7.084620702005461901e-02
8.696519351314435653e-07 -4.615350879517698957e-04 -8.039588689214394179e-02
5.035493966409898547e-06 -1.035317002128444130e-03 -9.542465540003408631e-02
7.451640322841956987e-06 -1.700905234446992154e-03 -1.127237589481090430e-01
8.162088410645917946e-06 -2.358473517957815346e-03 -1.292109905282468052e-01
6.037806721481686623e-06 -2.869056044091822244e-03 -1.406887278789087370e-01
3.460665522869721400e-06 -3.200080714043762597e-03 -1.463878719713148646e-01
-1.121420944105722128e-06 -3.269005744477304631e-03 -1.439555982611875340e-01
-4.999514097769885979e-06 -3.119207386163225237e-03 -1.350181653870877740e-01
-8.959096965632795673e-06 -2.766568080540876551e-03 -1.202304597554767485e-01
-8.683491646954699661e-06 -2.404967876013408556e-03 -1.057246008544489024e-01
-8.865301014848725458e-06 -2.036641198203570369e-03 -9.144552864517330182e-02
-8.712136688626692660e-06 -1.690015321461624254e-03 -7.826097894319083981e-02
-7.758398871571259292e-06 -1.402539076485798120e-03 -6.727434778125551684e-02
-8.734110413133322481e-06 -1.095798930479396915e-03 -5.598746758102557397e-02
-7.247238634766617338e-06 -8.569846667458858036e-04 -4.713678220660932894e-02
-1.089385709551748960e-05 -4.674344283432940728e-04 -3.387741583813963508e-02
-1.153715628998686071e-05 -3.680022555330175749e-05 -1.983524575166273340e-02
-1.095933797995440884e-05 3.903585751725557884e-04 -6.339313721010930713e-03
-1.085297605807333809e-05 8.315348786014364890e-04 7.188858530868924568e-03
-1.162105846547190069e-05 1.314788154312074298e-03 2.160116794857425138e-02
-1.109182491965121642e-05 1.779711906195080573e-03 3.500098839141496665e-02
-1.457460605341909243e-05 2.375928282474237818e-03 5.204773156925490696e-02
-1.558008500068819302e-05 2.993056355510281819e-03 6.916184252722590298e-02
-1.805897639345355188e-05 3.678935708860242570e-03 8.787165540902963645e-02
-1.835757539070392852e-05 4.338617108777143017e-03 1.051881372379391832e-01
-2.151792917798323046e-05 5.081170821481073574e-03 1.245524862040980896e-01
-1.792768100972175205e-05 5.636988761366090728e-03 1.375691014677156154e-01
-1.635263665217268070e-05 6.083471092847014816e-03 1.469465622738549415e-01
-1.122415158966161286e-05 6.282289621789116651e-03 1.485043859789970666e-01
-5.877963770939409471e-06 6.229937937895391187e-03 1.424406577407542063e-01
-1.121874417087109777e-06 5.954299581498512239e-03 1.298376212306386890e-01
1.973474213934345300e-06 5.528685369306618469e-03 1.131233995988673025e-01
4.000935802772609406e-06 5.001144389187972550e-03 9.385561421679555760e-02
1.750269982170316041e-06 4.543078269167111216e-03 7.734177414094456360e-02
-1.212893778745893769e-06 4.181455005353829080e-03 6.423877537374322877e-02
-5.129420162564013452e-06 3.948985354077949594e-03 5.543538383638724198e-02
-7.725449294060382499e-06 3.788840551709027338e-03 4.904556270507953730e-02
-8.268327053306823160e-06 3.620989778825522976e-03 4.257404669106801265e-02
-5.769700275048972316e-06 3.334044091936272380e-03 3.265044186614363131e-02
-2.702981687585648274e-06 2.919530603286979442e-03 1.917274696554294167e-02
2.427689587358727863e-06 2.315170657253506903e-03 3.430433626790962975e-04
5.678852245616372585e-06 1.618055544333030227e-03 -2.067717116757394891e-02
8.322910648006498491e-06 8.639206893510387175e-04 -4.277580672303427090e-02
8.740448374233711348e-06 1.478544435353779107e-04 -6.302808825732264530e-02
7.809735530162065231e-06 -4.786493948025771772e-04 -7.995840696087019861e-02
6.687064934340902767e-06 -1.017401083844404752e-03 -9.374422345776178833e-02
3.077957855590618408e-06 -1.378057703958823765e-03 -1.017167162806700276e-01
-1.407613071102709057e-07 -1.587056276000753385e-03 -1.048980937979119288e-01
-1.852977791261256613e-06 -1.713515687915778685e-03 -1.055306276187065739e-01
-3.220318872676486421e-06 -1.776669470590741540e-03 -1.042472683910309339e-01
-3.149860470064158591e-06 -1.834072952007881341e-03 -1.028547157695153258e-01
-3.415244009596918318e-06 -1.865885480714313260e-03 -1.007263999889520534e-01
-2.676014769442680574e-06 -1.904415913057677656e-03 -9.887931791691939587e-02
-2.548032077609452273e-06 -1.918736423337730201e-03 -9.634788342700584263e-02
-3.385538325850756536e-06 -1.867103880631271196e-03 -9.189220504960349256e-02
-4.778671078065066524e-06 -1.730566026552526893e-03 -8.500833372306371150e-02
-7.066527588250881564e-06 -1.479098533596179266e-03 -7.486060490938217793e-02
-6.239630066573464973e-06 -1.246902282620920843e-03 -6.564822710008166862e-02
-7.753294611390071367e-06 -9.466804368691850158e-04 -5.462932913766826992e-02
-7.035250830900174890e-06 -6.756566905041783144e-04 -4.485437541897008273e-02
-7.387597160513070804e-06 -3.908807993600049713e-04 -3.494014467840222959e-02
-8.965666023874607760e-06 -4.492219379015338632e-05 -2.346291050137494505e-02
-9.437936451528461390e-06 3.154978600963254110e-04 -1.190982796807138477e-02
-6.835795798965094150e-06 5.685610144068320437e-04 -3.974289958199705985e-03
-4.844320461494522334e-06 7.406279054500419790e-04 1.299688607385163230e-03
-2.064654961331235938e-06 8.068335492275036103e-04 3.224022207994226008e-03
-1.272018628373228211e-06 8.447504109523329419e-04 4.268949916881981110e-03
7.079867231363223823e-07 8.078783759961627453e-04 3.016955779101770929e-03
-1.438139514031711030e-06 8.628780188022489028e-04 4.624167588419658692e-03
-4.805566630516899806e-06 1.054567149469054499e-03 1.030856539716984432e-02
-1.061759094506120604e-05 1.470999844713771765e-03 2.261196191152958779e-02
-1.535347325914981909e-05 2.058733034016269059e-03 3.968085275355892616e-02
-1.752580827740768399e-05 2.699817566290452220e-03 5.780620588818269345e-02
-2.109330278454724095e-05 3.440840740785988672e-03 7.841485930302627416e-02
-2.419930610275677907e-05 4.251326563035728867e-03 1.004897358062046830e-01
-2.574063542815085981e-05 5.060699245665656321e-03 1.218523950631066888e-01
-2.688901464414916731e-05 5.842574964032065665e-03 1.417465506672637710e-01
-2.835461322936438933e-05 6.610718714187502343e-03 1.606429388822562254e-01
-2.935643121082520679e-05 7.344935177155953454e-03 1.779525753062486393e-01
-2.704126545027829565e-05 7.918928756820209358e-03 1.898915417331243916e-01
-2.097793730754249353e-05 8.195874440452666221e-03 1.925053754955162455e-01
-1.219876172653400204e-05 8.086804934919200605e-03 1.834150932676371637e-01
-1.991302608805867180e-06 7.557424830029857432e-03 1.619575808473993073e-01
4.639352204016677916e-06 6.774055338494733292e-03 1.335635357814343172e-01
8.368721849727478457e-06 5.863947570210914506e-03 1.022490388736679856e-01
6.073028189890194994e-06 5.071008460774351079e-03 7.546361004224452773e-02
8.169340174890571404e-07 4.504151358823538231e-03 5.629933396963809900e-02
-9.084497859523921193e-06 4.334225098909127993e-03 4.967728131815768444e-02
-1.733525353031506455e-05 4.475776859169444677e-03 5.257792008510642212e-02
-2.259281457678286031e-05 4.796876493687873833e-03 6.074237787804862010e-02
-2.052496496707245655e-05 4.999939706925582428e-03 6.503284878751539044e-02
-1.350322505322409938e-05 4.899555097167995754e-03 6.003443946430817024e-02
-3.070185509157496995e-06 4.379608798797507418e-03 4.256175191499877997e-02
6.766276608671795145e-06 3.490603884551246594e-03 1.455067193100453848e-02
1.481011963200273840e-05 2.326968672302420771e-03 -2.083803365796699225e-02
1.858356776374137098e-05 1.076699071770326199e-03 -5.771966804334788259e-02
1.849743527826408496e-05 -9.734400857763780834e-05 -9.117250989308844922e-02
1.728579443704969520e-05 -1.153987581789417405e-03 -1.200953856344556536e-01
1.241964799181261014e-05 -1.953218473013329515e-03 -1.404024925674787760e-01
7.267130393895371299e-06 -2.495135247152058255e-03 -1.523892485038895184e-01
3.257850100468751009e-06 -2.837495672956880099e-03 -1.580496425040640585e-01
-1.772009615264025228e-06 -2.946948194155973866e-03 -1.565537324584598822e-01
-4.896400700893366320e-06 -2.909918290189494883e-03 -1.507319627636801995e-01
-9.198984858738157300e-06 -2.683886381231070928e-03 -1.394130656962207504e-01
-1.110295461881349866e-05 -2.372795434958385741e-03 -1.259057469009132180e-01
-1.271520065226905416e-05 -1.993019809279461541e-03 -1.107482938944557849e-01
-1.410551230307532933e-05 -1.558596595350181246e-03 -9.440995503934812572e-02
-1.292231368699159333e-05 -1.178888482966433671e-03 -8.021863017306579691e-02
-1.141399413784327521e-05 -8.630852875182171147e-04 -6.836726595354314373e-02
-9.738177013107751634e-06 -6.172998448565891749e-04 -5.896777516844015077e-02
-7.395024441692044093e-06 -4.636929357579866462e-04 -5.261322562514897383e-02
-5.900711407713643553e-06 -3.641598170287529967e-04 -4.806157741018415863e-02
-5.545771834980506299e-06 -2.728340457156530618e-04 -4.388451293718451107e-02
-5.878309375817458715e-06 -1.625722362708081903e-04 -3.926154194772188410e-02
-4.212847183326928757e-06 -1.098463232569457659e-04 -3.651082845054678949e-02
-4.983018850435172453e-06 -1.048098450606715915e-05 -3.243250534856464973e-02
-4.793545747006078273e-06 1.006385744839466412e-04 -2.813039110782802887e-02
-4.029724911203125259e-06 2.030034869493491101e-04 -2.422265133703654927e-02
-1.737430576742582389e-06 2.412623687351178603e-04 -2.235834575311362871e-02
-3.802479670023117819e-07 2.549095847708127138e-04 -2.128196400552287426e-02
-2.151283315932062123e-07 2.894278612506351323e-04 -1.960841457556443401e-02
-3.167200155806959572e-06 4.601338894152373626e-04 -1.389732064229796948e-02
-4.318743363596055929e-06 6.806659839753148589e-04 -6.876464692645647969e-03
-6.159400861127650728e-06 9.712395045260446835e-04 2.031953457795901419e-03
-7.765879203258663210e-06 1.311209368187515878e-03 1.214966383117438431e-02
-8.588819454868890091e-06 1.658691263242584313e-03 2.218570266902770288e-02
-9.516078303795083571e-06 2.010913883520037970e-03 3.206384445988558901e-02
-7.478473334043833631e-06 2.242929819451067175e-03 3.803964624148791634e-02
-5.504581230386662583e-06 2.355583120631221661e-03 4.026808085022396538e-02
-1.212259850502661607e-06 2.255187932164615106e-03 3.605036786676387578e-02
3.770691930138347914e-06 1.922855825398750440e-03 2.502186471151588570e-02
7.248420190841819988e-06 1.435399955743710265e-03 9.691901427270464831e-03
1.333530748925948473e-05 7.080954583811305270e-04 -1.235927543727845246e-02
1.483588889972242697e-05 -4.787932156102847614e-05 -3.459021879991389103e-02
1.533897239047732342e-05 -7.781078301409838360e-04 -5.538320014489431231e-02
1.342117097713479978e-05 -1.377509982407154610e-03 -7.163577586972219580e-02
8.886759615744921348e-06 -1.747850594890687503e-03 -8.054794416637237053e-02
4.831725752829640896e-07 -1.751671338233062869e-03 -7.822740115830956187e-02
-7.044558211433127326e-06 -1.457289483778545502e-03 -6.706829755159185447e-02
-1.626452970449054902e-05 -8.275131211841202372e-04 -4.621477384220211426e-02
-2.267134826405836634e-05 -4.228955014617952202e-06 -2.021070904480837260e-02
-2.902337082633099641e-05 9.980411186834015069e-04 1.036541791877700763e-02
-3.157222990257668727e-05 2.024275460641655755e-03 4.073379713668814212e-02
-3.115652029528348521e-05 2.967284768241817972e-03 6.770070185626644865e-02
-2.354893048372996844e-05 3.557523024841247050e-03 8.330220488892534081e-02
-1.718853719823165704e-05 3.874914636040616145e-03 9.028978433944831461e-02
-6.313097925647603859e-06 3.760772309994830920e-03 8.416452848613137361e-02
4.620108582487070237e-06 3.237564197110520681e-03 6.600196576373412727e-02
1.472739841357206814e-05 2.361425825905705267e-03 3.784162399751582473e-02
1.988976852274060292e-05 1.345285298717024958e-03 6.352580333497420684e-03
2.134862401159676182e-05 3.412818170072107193e-04 -2.382469105616382213e-02
1.993499645092100536e-05 -5.379063203683198680e-04 -4.936635848516841840e-02
1.381535108213594043e-05 -1.114499732457030490e-03 -6.509877567924073072e-02
6.805791660124960174e-06 -1.370507519797392604e-03 -7.078608788270257524e-02
-5.779456442311925457e-07 -1.312646122009430982e-03 -6.693055809707412762e-02
-8.012255146128133276e-06 -9.578656489270809260e-04 -5.432447278254207146e-02
-1.229507005351404558e-05 -4.508434875332145708e-04 -3.755439086730881504e-02
-1.577720760626011298e-05 1.643401934043886570e-04 -1.805727256027303551e-02
-1.688468132821085987e-05 7.864197597551303431e-04 1.059874180467032523e-03
-1.652853371725271359e-05 1.356077531828425720e-03 1.803883205066608014e-02
-1.589065922280585852e-05 1.864563355957082891e-03 3.268381096269888653e-02
-1.448697150019384594e-05 2.285683132345450730e-03 4.428209868690249906e-02
-1.384693781425472281e-05 2.654773295097445640e-03 5.398123277272953713e-02
-1.066862339205165711e-05 2.871995245711911338e-03 5.885466866630935379e-02
-9.035453554351313699e-06 3.004725125269391839e-03 6.106162141221654904e-02
-6.560701356739251366e-06 3.025053930584054029e-03 5.984687951881398349e-02
-3.634115753770039703e-06 2.918553598496353985e-03 5.488269129716286110e-02
-1.102871185598708337e-06 2.707065528015695222e-03 4.693376612563324168e-02
5.318042307633774612e-07 2.432635044188558027e-03 3.734449065324343953e-02
-2.121846944813654545e-07 2.197480454207312306e-03 2.921472250207213239e-02
6.356061275081259510e-07 1.938889681210476112e-03 2.062808018286080292e-02
-1.784778138280707083e-06 1.790274543155723208e-03 1.558003711597533147e-02
-4.308078725090425110e-06 1.746110835368019920e-03 1.379926076207790842e-02
-1.043423524649256251e-05 1.943728963733404314e-03 1.928465027704864831e-02
-1.256703340168918714e-05 2.207532213794660692e-03 2.658070162588618834e-02
-1.704717928097121415e-05 2.624756515845705351e-03 3.823415896048945606e-02
-1.981672746576013111e-05 3.115836417407091830e-03 5.174217155948271363e-02
-2.508349028274015069e-05 3.773405980018074146e-03 6.981000214553323424e-02
-2.570213600139314991e-05 4.403301488672850539e-03 8.651375260366644948e-02
-2.589866398339246700e-05 4.991133314009355004e-03 1.014623953770243392e-01
-2.401653107153567390e-05 5.460546686831380114e-03 1.124326822184517627e-01
-1.911074044458338506e-05 5.703412674062935395e-03 1.163208428987705378e-01
-1.188946136265744968e-05 5.644275512981744569e-03 1.110895852675172768e-01
-4.039032383662544134e-06 5.284912452595103005e-03 9.706354674924788650e-02
2.806384182818533191e-06 4.686784095872198463e-03 7.633747942071567039e-02
7.082965710059063724e-06 3.970621293454712486e-03 5.270876843039939974e-02
7.307599405481646215e-06 3.307410494982621074e-03 3.135778759312657371e-02
2.083270674857473637e-06 2.911233005236990579e-03 1.859232712393754650e-02
-3.890464216449451840e-06 2.788549517700023017e-03 1.435719322535616849e-02
-1.017147211257452000e-05 2.928184767297059565e-03 1.806384092194213142e-02
-1.287726672094535729e-05 3.158192441582441390e-03 2.436209171603165302e-02
-1.456388079401627067e-05 3.421242326433038272e-03 3.145945185930232313e-02
-1.198275664937575868e-05 3.529418992385346954e-03 3.374571785717689343e-02
-9.893722412113170606e-06 3.501430186428011737e-03 3.190785134236273635e-02
-1.054611942363781196e-05 3.448730036861080706e-03 2.938074150237701687e-02
-1.222221896091113535e-05 3.419839229955146109e-03 2.763387497567387774e-02
-1.446550700001658640e-05 3.442276604678218277e-03 2.746456459689355922e-02
-1.758772483972936840e-05 3.564076293867124434e-03 3.025173259387337055e-02
-1.754641648454846603e-05 3.669762182485492019e-03 3.248542960797939916e-02
-1.378922319583697487e-05 3.629451616590007035e-03 3.031930094252621721e-02
-6.674943690665458007e-06 3.328213669250512652e-03 2.046612633534039549e-02
-7.103149324283464239e-07 2.834543986800719395e-03 5.174637594889230918e-03
5.024930879393707528e-06 2.170914019643532811e-03 -1.471661924375833319e-02
8.680918855419328395e-06 1.426535216123792082e-03 -3.642322630925298732e-02
9.792916432216358658e-06 7.022088720074481927e-04 -5.689440009199120407e-02
9.342625630903711453e-06 5.201945473509717033e-05 -7.455249525368345953e-02
6.153693562938045147e-06 -4.261117473107756126e-04 -8.657794627872494875e-02
3.793461820000842977e-06 -7.806110642025743118e-04 -9.455766465320847303e-02
1.382912974356997893e-06 -1.020158086275646525e-03 -9.887756900501543100e-02
-1.603522994608752583e-06 -1.129188950425019655e-03 -9.919014037331530531e-02
-7.269839638834874052e-06 -1.006051852080025455e-03 -9.261209102499556867e-02
-1.080197282832262573e-05 -7.501572828783054092e-04 -8.226890240710571511e-02
-1.536541386537582099e-05 -3.244080814734928708e-04 -6.719769597647928805e-02
-1.622220260266704628e-05 1.114122384726634607e-04 -5.224920463895121880e-02
-1.662248882261518901e-05 5.436595022387802345e-04 -3.785369492946555336e-02
-1.432191832761997574e-05 8.645950124028800587e-04 -2.717463248442231194e-02
-7.434504864733959550e-06 8.983167578318074220e-04 -2.530740941975218039e-02
-2.755714746172088780e-06 7.556534367403333619e-04 -2.875691801358282174e-02
1.689889886580253631e-06 4.589982793832270147e-04 -3.667953801644141532e-02
5.288487035737254871e-06 5.513516109778571206e-05 -4.755680839293163764e-02
9.492361672913673942e-06 -4.738922706439829824e-04 -6.181704691590061973e-02
1.154938051828313661e-05 -1.029712651511305310e-03 -7.646632097382755067e-02
1.165742092767985127e-05 -1.533409726589551880e-03 -8.914674617128137690e-02
9.981044460150023667e-06 -1.917040902912114930e-03 -9.789934627217844465e-02
6.662187066575064875e-06 -2.128545304327822407e-03 -1.012937524280674850e-01
4.232884162957972762e-06 -2.215654496503516313e-03 -1.008824713864595601e-01
3.595528144439974483e-06 -2.263866978542861119e-03 -9.930552706852413536e-02
-7.635957074425547830e-07 -2.129180647643336144e-03 -9.238741236421710301e-02
-2.446596975680392916e-06 -1.941777978531122884e-03 -8.407743443312498677e-02
-6.689394331460540855e-06 -1.603980764677936932e-03 -7.158183403089535268e-02
-9.360123917168117202e-06 -1.192650696009156519e-03 -5.725926941189474206e-02
-1.282064162055895906e-05 -6.803037423801505668e-04 -4.037839437909029883e-02
-1.185341775289394661e-05 -2.477514747862841205e-04 -2.632011137375322996e-02
-1.004150822425664558e-05 8.516137030367687544e-05 -1.563281386324333333e-02
-7.155117797030818849e-06 2.911790668811420346e-04 -9.021856150139062613e-03
1.128298281471984410e-06 1.699976302360628466e-04 -1.225309662616624884e-02
8.252446880074870705e-06 -2.041497682987447604e-04 -2.290799179852054390e-02
1.570972373754475626e-05 -8.292496752093647672e-04 -4.068270703784926390e-02
2.017318534441869815e-05 -1.576609786236859989e-03 -6.158435085325542069e-02
2.030957015675127764e-05 -2.273368336907388709e-03 -8.040817961512192191e-02
1.662119674750162091e-05 -2.777812900292220277e-03 -9.300709524881489720e-02
7.697180035348694105e-06 -2.893672635776001201e-03 -9.376763824264749969e-02
-5.633617763400877720e-07 -2.672719711144244670e-03 -8.450590261959994853e-02
-6.425481660965459696e-06 -2.225314314975745944e-03 -6.877585320634915789e-02
-1.190601769307519930e-05 -1.575376143370998960e-03 -4.750726186773934767e-02
-1.581652930360277765e-05 -7.992794815478987402e-04 -2.311456233571906882e-02
-1.928121619321210289e-05 7.383800120286387880e-05 3.430207910984695019e-03
-1.997542112175398898e-05 9.204282150498954707e-04 2.842936403214713081e-02
-1.957362763427283880e-05 1.689116507977317383e-03 5.038446543945607203e-02
-1.850770632239040481e-05 2.352244394421498797e-03 6.855934846423539231e-02
-1.825767635699193647e-05 2.949159975562665181e-03 8.421265138692846097e-02
-1.668591249748274663e-05 3.437102820682769178e-03 9.617784928336892136e-02
-1.494545024038895775e-05 3.822327821476845244e-03 1.047360599159322669e-01
-1.132773788048435648e-05 4.042574746376370598e-03 1.081656200399668810e-01
-8.462523790164766524e-06 4.143336741636138854e-03 1.079356253380584496e-01
-3.703425711876207060e-06 4.056999109462555708e-03 1.021874987236417454e-01
1.485044384019751362e-06 3.777536572399764481e-03 9.089013714947857814e-02
5.003486588495142939e-06 3.379091123843824818e-03 7.638246440566187623e-02
7.430639866856658671e-06 2.909218736682817052e-03 6.017854335370664831e-02
6.730518100850346741e-06 2.495329314520677855e-03 4.607953478489834609e-02
4.761243029838269081e-06 2.181331996658597561e-03 3.534922882355751028e-02
2.642707530586818621e-07 2.055300504073542811e-03 3.048173426800981911e-02
-5.649616699687776133e-06 2.157694101198703862e-03 3.251392778909223402e-02
-9.263705125106547200e-06 2.374413931885088758e-03 3.790763266556196331e-02
-9.595480755408836160e-06 2.563833254289216157e-03 4.237572397103350763e-02
-1.034485848616650827e-05 2.741162577659883581e-03 4.634590539103877749e-02
-1.132084985766557139e-05 2.915689793609788083e-03 5.010947083635275412e-02
-1.059589367280455718e-05 3.026697444157289141e-03 5.189716678786382431e-02
-1.186709935974139540e-05 3.164334960536141494e-03 5.438902271005385813e-02
-1.249563738292547299e-05 3.306536944658100552e-03 5.694668187714713170e-02
-1.692927077734385222e-05 3.613121391301987728e-03 6.424024785797755044e-02
-2.052759663506709131e-05 4.047878640972557562e-03 7.511893111862544270e-02
-2.292188689279051061e-05 4.560950037365785192e-03 8.800337904918698051e-02
-2.150732496930540805e-05 4.996584813383053714e-03 9.825792070057071115e-02
-1.841881648179111153e-05 5.291551628028523524e-03 1.040590140798043350e-01
-1.136959034675477653e-05 5.288819834345037663e-03 1.009256529985451678e-01
-2.091414177285422227e-06 4.911850010934193378e-03 8.683576673144155489e-02
5.302161689479945039e-06 4.257066346635474119e-03 6.491354539052140993e-02
1.017914681833431700e-05 3.433686418718995270e-03 3.862333679872564929e-02
1.100936402409491421e-05 2.611951049614313902e-03 1.311267693844875293e-02
9.374564003072904939e-06 1.884073937499231022e-03 -8.885226179323968410e-03
2.671773894458162601e-06 1.446516114014695376e-03 -2.170325175232057369e-02
-3.917202176517697865e-06 1.271306664026194966e-03 -2.636365245843119709e-02
-1.208822849596558058e-05 1.410705129424760784e-03 -2.159745949613944838e-02
-1.920545135425388850e-05 1.806821420512916276e-03 -9.361183152384988659e-03
-2.611034153765512400e-05 2.442251090079894382e-03 9.588467684384371914e-03
-2.909238330772723202e-05 3.158148008187700029e-03 3.040546818027567433e-02
-3.082558477762731286e-05 3.914181387737691864e-03 5.179404902302464642e-02
-2.933380205971669596e-05 4.591473469604867574e-03 7.025269478612305996e-02
-2.410516657069816659e-05 5.053983562116615147e-03 8.185715789774117290e-02
-1.793504765656983579e-05 5.280702024158534513e-03 8.614776127551926344e-02
-1.072646073319027948e-05 5.239793930525538102e-03 8.241036703739279545e-02
-2.450281267663001472e-06 4.890963851039487054e-03 6.970394071418062332e-02
3.867123576362097026e-06 4.319838188694191672e-03 5.077745371644737382e-02
8.853762475613535798e-06 3.582903010697746637e-03 2.750047686241097189e-02
9.902310239007228176e-06 2.840976274609108287e-03 4.709062874024727563e-03
9.148621569532444653e-06 2.159337426186791475e-03 -1.564218506474124304e-02
6.114453210748216350e-06 1.621332440755018922e-03 -3.117390994520929937e-02
2.977776165979939549e-06 1.220490294902010220e-03 -4.218268427350135852e-02
-1.957743791747290629e-06 1.023230714623402093e-03 -4.687893253980246477e-02
-3.641605811122161640e-06 8.852192542110337570e-04 -4.961511984637767547e-02
-6.940189290038922820e-06 8.711859798578025504e-04 -4.863818876111958289e-02
-5.705090937557777409e-06 7.885596879833034478e-04 -4.961988119547755538e-02
-5.378702088942866055e-06 6.829478283136847239e-04 -5.126854313555440079e-02
-4.398279416339967440e-06 5.323424891618966370e-04 -5.418240899653015141e-02
-3.043362473698074666e-06 3.281370265695304766e-04 -5.858256563725117161e-02
-3.300727255628466139e-06 1.474303841060287112e-04 -6.219465595702788896e-02
-3.316006410014615824e-06 -1.247868062370649511e-05 -6.508302919862374303e-02
-4.388413009426272993e-06 -1.008229454773079681e-04 -6.580035440442699723e-02
-9.687470370556283683e-06 5.846068630943612732e-05 -5.929105625393971124e-02
-1.197802600794162231e-05 3.279704313592368692e-04 -4.965975662035715388e-02
-1.299564689272170170e-05 6.528361875055566088e-04 -3.865837686191375688e-02
-1.200689453195735723e-05 9.441491464630136221e-04 -2.893000848213023168e-02
-5.602125070613972468e-06 9.748098578579167395e-04 -2.704829950764331414e-02
9.079810749934580372e-07 7.530434215110570761e-04 -3.265993250618826060e-02
7.329037675529725959e-06 2.947201961742695886e-04 -4.507673823257052348e-02
1.474742652662897058e-05 -4.301305383536124793e-04 -6.494739686233841347e-02
1.655330194938464672e-05 -1.177614197942045138e-03 -8.501897168788308257e-02
1.733290620553606942e-05 -1.907347794930069895e-03 -1.039830845423728167e-01
1.444777723835777294e-05 -2.471343109049284337e-03 -1.175762984404724598e-01
1.001267678846229359e-05 -2.817555052656794956e-03 -1.243754538718566671e-01
4.136064837290120977e-06 -2.906063379437329175e-03 -1.234032190443308252e-01
-6.327564605612678861e-08 -2.826636147385430675e-03 -1.174601119918758929e-01
-1.946682747666628188e-06 -2.687054618730311262e-03 -1.098561113428555558e-01
-4.197382831749862930e-06 -2.473756400170001868e-03 -1.003164011154655810e-01
-4.201449539165125202e-06 -2.280871734040568199e-03 -9.160595734799326095e-02
-3.450491867451610517e-06 -2.126980474886908112e-03 -8.429188319634417503e-02
-2.862385751090101849e-06 -1.988427024163685886e-03 -7.766396059004687658e-02
-3.590670073383428473e-06 -1.797676980161311278e-03 -6.974319097557191149e-02
-3.283803946430019494e-06 -1.590471369245838318e-03 -6.155672105524656601e-02
-5.475194119197723808e-07 -1.461289388813957757e-03 -5.585308622802931389e-02
-1.235277697242409545e-06 -1.262969258854829135e-03 -4.838012089981691410e-02
2.512372226926018470e-07 -1.098899382828477655e-03 -4.207658042141448895e-02
3.014681991597711885e-06 -1.026264738364757179e-03 -3.861433567715710780e-02
4.671984144999363764e-06 -1.007010625605708753e-03 -3.684926308440239495e-02
6.223307646990861031e-06 -1.047888611450220608e-03 -3.690105693680645338e-02
3.446575090104708750e-06 -9.834020142536203934e-04 -3.395791572255490998e-02
2.344346801019803195e-06 -8.999712962356465340e-04 -3.049212697479286582e-02
-2.550635265663458995e-06 -6.504168093199869105e-04 -2.233906889464098988e-02
-4.187577591463487181e-06 -3.825302951074860403e-04 -1.379923452999443079e-02
-6.834563609170452025e-06 -5.045116979207620034e-05 -3.657667462288571869e-03
-8.817641043323831695e-06 3.196476852895813181e-04 7.311307879749318062e-03
-9.744164019664935950e-06 6.911448830411170974e-04 1.801317239572197693e-02
-8.797639665769629858e-06 9.994497386403011774e-04 2.657471242424946922e-02
-1.035758518874718703e-05 1.360639034041932760e-03 3.635635161327188669e-02
-9.161949038549721536e-06 1.666048183760704404e-03 4.426970589998258099e-02
-9.945829757218582756e-06 2.004318416178652029e-03 5.285185391281865819e-02
-1.189916856780826038e-05 2.419969635191421276e-03 6.341741547895352049e-02
-1.510801505177905568e-05 2.955608026870892857e-03 7.716054725743148879e-02
-1.717849134330595717e-05 3.553286535564970094e-03 9.234661073525352037e-02
-1.729428802010879451e-05 4.122781077676274109e-03 1.063012396808771243e-01
-1.440445549061308839e-05 4.540549717893638260e-03 1.154513731390471865e-01
-1.096475708706190488e-05 4.786831365151567041e-03 1.192936926770185035e-01
-7.265530666211716948e-06 4.859795986152493086e-03 1.179219276317524656e-01
-3.490685407281368668e-06 4.763790720947458368e-03 1.116178041422508649e-01
-2.170403679557786347e-06 4.607630359660275232e-03 1.036609833667410108e-01
-1.757469052732218984e-06 4.430561218161654935e-03 9.529992536786124901e-02
-1.900696874668206249e-06 4.254668757433188730e-03 8.720872029482085175e-02
-3.582498237730824542e-06 4.141905484081664923e-03 8.117409363568461877e-02
-5.547771988578809044e-06 4.097129133934895862e-03 7.731376986082194591e-02
-5.219437801629034368e-06 4.013057895856597668e-03 7.248470981120114232e-02
-7.132943723453522011e-06 3.979561312182022803e-03 6.922745990747558587e-02
-1.035049700082169011e-05 4.040856800870518128e-03 6.882090236938442906e-02
-1.246178297342748209e-05 4.144260955983192218e-03 6.969618855392956114e-02
-1.686631178277053777e-05 4.390650709219956482e-03 7.467557608304309369e-02
-1.771035229081174833e-05 4.633813768162298175e-03 7.950333025810185639e-02
-1.878767158958183359e-05 4.897207231723932352e-03 8.476149169156022012e-02
-1.694810405172830770e-05 5.073073594474841741e-03 8.735832711501467784e-02
-1.277399103594145657e-05 5.077883296680685277e-03 8.490791240756356828e-02
-6.070317474571318428e-06 4.822688341036274196e-03 7.495633796295742002e-02
8.014098600295227470e-07 4.314561541628680885e-03 5.787487647960110060e-02
5.802252305397992416e-06 3.639195595774635805e-03 3.634135354754874925e-02
8.344701774243290515e-06 2.897423698051682095e-03 1.344047641608292487e-02
9.337255745256456407e-06 2.149412054520238868e-03 -8.990802038973289001e-03
6.343953607323982169e-06 1.557277961876435413e-03 -2.628109612850693111e-02
3.424387209904899976e-06 1.103858857949946426e-03 -3.896410275930217715e-02
1.084970957521136370e-08 8.043823082148904291e-04 -4.675347758284353894e-02
-1.205421052641320045e-06 5.625015100583219407e-04 -5.254395739218065131e-02
-5.293747280754601547e-06 4.986442543513103232e-04 -5.302156418882209010e-02
-6.185475832309883515e-06 4.681543931108755885e-04 -5.239924230349712886e-02
-7.537442783145387182e-06 4.934867130537146096e-04 -5.017093440482933708e-02
-5.505943491801446044e-06 4.367855722293700893e-04 -5.031067814227929702e-02
-4.494444315161771897e-06 3.481019595952261625e-04 -5.141688028247459741e-02
-1.702921334612028659e-06 1.577349270978078977e-04 -5.541589282674697081e-02
-9.205656125166328252e-07 -3.767340200311330989e-05 -5.951258439031792413e-02
4.428922785182365374e-07 -2.593350428106155903e-04 -6.423820735314644814e-02
-2.104028016258752132e-06 -3.378294677518489664e-04 -6.475667428814357862e-02
-5.140301382655643181e-06 -2.665520586093705901e-04 -6.087987826894303289e-02
-1.081499439636868232e-05 5.667634280093203358e-05 -4.982239206839089718e-02
-1.673586967099183198e-05 6.200043936692711810e-04 -3.206262402434467695e-02
-2.144748156207576528e-05 1.359627931727169781e-03 -9.630576265587054152e-03
-2.409509842948853731e-05 2.178693730682690344e-03 1.452270244371467456e-02
-2.179104596022884976e-05 2.866999021026384042e-03 3.428385414642987072e-02
-1.713713906448255386e-05 3.337112534812947118e-03 4.713012161100182951e-02
-1.297229600427662888e-05 3.622906445111651053e-03 5.416052889914202417e-02
-4.960214479710067792e-06 3.569426127687069794e-03 5.117280341136209998e-02
-2.451276006620872749e-07 3.335777100885950475e-03 4.287181415702079335e-02
4.785404708940177443e-06 2.911465582233763172e-03 2.924824246387958127e-02
5.655412840255280571e-06 2.475143765257259432e-03 1.553658943745994669e-02
5.195339741748128404e-06 2.071252189740357963e-03 3.149220419614628952e-03
-2.927561866261640944e-07 1.900545838668943333e-03 -2.213250796255339381e-03
-5.670018538905807759e-06 1.938762633999058238e-03 -1.286615756168396629e-03
-1.085131221623125697e-05 2.171087002768024021e-03 5.300712149626463088e-03
-1.397260717284076748e-05 2.507158772585560413e-03 1.479859147018713905e-02
-1.516173228388595362e-05 2.869578579646425709e-03 2.484550963870146845e-02
-1.514451057749166552e-05 3.215214384906683875e-03 3.413273464880006713e-02
-1.257411766253380137e-05 3.442491423787830129e-03 3.976571968469855278e-02
-1.032474829110174852e-05 3.574769232114194395e-03 4.242948482519737219e-02
-5.291583247912790000e-06 3.500679763184022519e-03 3.907847927910212960e-02
-4.129927669072053220e-06 3.392610610854607245e-03 3.468209366195673660e-02
-4.962283016718416206e-07 3.141157658853588330e-03 2.632384039494839456e-02
-2.102842238782542950e-06 2.975748631047991921e-03 2.052585212678570414e-02
-7.927342081659460860e-07 2.760653951915159610e-03 1.357056578731530294e-02
-1.376843039468944596e-06 2.576100281067139619e-03 7.649335774298382518e-03
-1.277772400665178054e-06 2.385406972686743288e-03 1.761487079462442651e-03
-1.976379294776897666e-06 2.214402198486009610e-03 -3.393780773241150683e-03
-2.535023060468155620e-06 2.051743940288730528e-03 -8.137039924995814744e-03
-5.753574542355366361e-07 1.788033607416750215e-03 -1.557888467330847959e-02
2.257387099358076910e-06 1.396020187828472814e-03 -2.650534137543747448e-02
6.760282719064925061e-06 8.184459025037948976e-04 -4.245310832213666785e-02
9.744811291678701082e-06 1.404626908567685462e-04 -6.091906364423982367e-02
1.354926754459917504e-05 -6.572555536910051899e-04 -8.229292060070103609e-02
1.533251264940194147e-05 -1.472349481702162066e-03 -1.036137966789809628e-01
1.342177744589889699e-05 -2.144900259085646965e-03 -1.202805604217185298e-01
1.052138318924367155e-05 -2.640063253766644635e-03 -1.312996808281909900e-01
5.872609460833011497e-06 -2.895599211817367902e-03 -1.350524429882449251e-01
1.479842587581714497e-06 -2.937664471942547095e-03 -1.324377420618538803e-01
-8.424368850290520072e-07 -2.865447316014790857e-03 -1.264653683825163188e-01
-6.479259758718214357e-07 -2.786119746606363634e-03 -1.203507726401797928e-01
4.600744799576617083e-07 -2.739819392540754350e-03 -1.153347762583860625e-01
3.909478633712382134e-06 -2.821904802060570816e-03 -1.141083958226107864e-01
6.877643493163887456e-06 -3.004316681283425439e-03 -1.158618851558936846e-01
8.875965974874944209e-06 -3.238631990226670254e-03 -1.191196137611791883e-01
9.629928847010305049e-06 -3.469488711689949767e-03 -1.222310281110536856e-01
6.581718190679097802e-06 -3.534695236191209844e-03 -1.205891503896456829e-01
4.929376280715658254e-06 -3.503383582924790574e-03 -1.161158501754178118e-01
-1.288925630449355708e-06 -3.184084365040140696e-03 -1.035874741291700207e-01
-5.889277486348376556e-06 -2.668058344032386842e-03 -8.562099409646650727e-02
-9.399758104100541800e-06 -2.011984906096442316e-03 -6.405951695215983399e-02
-9.137231227085429452e-06 -1.387605340092745720e-03 -4.389277780534661666e-02
-7.196400999220919914e-06 -8.690727047531154881e-04 -2.733681865124326649e-02
-5.490216927195312735e-06 -4.502302522364498572e-04 -1.419189999900871690e-02
-4.566903463065763447e-06 -1.030092491343115313e-04 -3.563767088859304266e-03
-1.109758232864521688e-06 6.895284285435288041e-05 1.746923360411711812e-03
-6.486649776760167185e-06 4.472372078858644073e-04 1.249533807763225646e-02
-8.607843560604067079e-06 8.772478399503569335e-04 2.457186412824041710e-02
-1.112425355220825196e-05 1.388468076659377104e-03 3.861537971944772885e-02
-1.562937062482561146e-05 2.064999378318832512e-03 5.694791914215402429e-02
-1.880170314627616079e-05 2.848562398160225939e-03 7.789197762645061474e-02
-1.865953588453539425e-05 3.600125399782161395e-03 9.741218454888800338e-02
-1.650137758346659211e-05 4.241950405571737193e-03 1.132252892911673747e-01
-1.316142122342878196e-05 4.723911774212385950e-03 1.239528526910225192e-01
-6.753080156074453555e-06 4.918348497600755209e-03 1.261169572542748529e-01
-4.472068636518500284e-07 4.837200319393053505e-03 1.201790139872926932e-01
2.624008859197779486e-06 4.619755775341571891e-03 1.102981713056563340e-01
5.480120427003853933e-06 4.271907808253594396e-03 9.690695141536820323e-02
4.503678818990053401e-06 3.955647214979540749e-03 8.466368767389020888e-02
4.858877637681224826e-06 3.610251941707165457e-03 7.200284733493922396e-02
5.599208459106108648e-07 3.433649752899725627e-03 6.442486491226140366e-02
-4.641241443725796501e-06 3.454960878564783400e-03 6.279519534940369851e-02
-8.448481067180324544e-06 3.606092304920816005e-03 6.506232541505063693e-02
-9.501193461769474879e-06 3.773608771875380796e-03 6.785973890055396751e-02
-1.188242650318471760e-05 4.012191337581905159e-03 7.257987768743867640e-02
-1.137158011033090332e-05 4.197178309914173511e-03 7.572636529808862704e-02
-1.214096946089426865e-05 4.386478102778923471e-03 7.883877720304943715e-02
-1.305370554360862911e-05 4.582604202375994973e-03 8.204444828354362507e-02
-1.220630700449198969e-05 4.709027407514776442e-03 8.320377330432116025e-02
-1.151524149800575714e-05 4.775789486653803095e-03 8.257973193886791741e-02
-1.092678902503418925e-05 4.791542072568599764e-03 8.047670055108380183e-02
-1.040645412708762763e-05 4.765120967399116836e-03 7.719689305027532811e-02
-8.115301894706661301e-06 4.631898583282501036e-03 7.097970340632264730e-02
-7.827227240908563033e-06 4.489470177567955744e-03 6.457504911577549578e-02
-6.330917059593765828e-06 4.292675793341471646e-03 5.682887147357962299e-02
-5.950036148782977818e-06 4.098724540920750670e-03 4.933665941743159422e-02
-4.432367847528873028e-06 3.857919265897180594e-03 4.076352314586229042e-02
-2.258205809568814004e-06 3.545351172917099447e-03 3.039725524543412938e-02
-9.465993600077382553e-07 3.196713335524403732e-03 1.926120265013731014e-02
1.024269863592053298e-06 2.779198248272107818e-03 6.503032892173132851e-03
3.193998163730782380e-07 2.407380688084659326e-03 -4.665884758310312463e-03
4.328153788701882831e-07 2.041414412265352141e-03 -1.528007033311995500e-02
-7.783299407204680165e-07 1.741547890861561143e-03 -2.371624310330644470e-02
2.656736973749573849e-07 1.414936060071703139e-03 -3.256213865922230610e-02
-1.589161198745081549e-06 1.196698520960381984e-03 -3.814467901410378836e-02
-3.338644605777041363e-06 1.078147873917467692e-03 -4.065956854768604245e-02
-6.798979985345177113e-06 1.131663598427756767e-03 -3.819215656062024955e-02
-9.393388117118206537e-06 1.307386715962421952e-03 -3.220065301339136710e-02
-1.079062731379476503e-05 1.550960356797137507e-03 -2.435865950491411525e-02
-1.324028058680148945e-05 1.897290653203209665e-03 -1.381876143999183348e-02
-1.323207145187410561e-05 2.228897622834291603e-03 -3.889457988445865766e-03
-1.354328073910338048e-05 2.558702152315683875e-03 5.671299893061920727e-03
-1.281946725373295237e-05 2.842112926736750644e-03 1.364543303603538149e-02
-1.087029332458300246e-05 3.034095320612051339e-03 1.878058612141897399e-02
-8.216088522861042520e-06 3.114022793196058458e-03 2.053704430853553475e-02
-3.372349332231294738e-06 2.997632389324267344e-03 1.665841992606020838e-02
-2.765553684502819465e-06 2.884352681118529382e-03 1.273927862209811579e-02
-4.963861108819855872e-07 2.686704287578445260e-03 6.596685221000875288e-03
-2.120248096426635698e-06 2.573973431511666909e-03 2.889182356604180768e-03
-3.034158867709635388e-06 2.499866773935655040e-03 4.624910549071437060e-04
-4.100588012478922906e-06 2.462147841241324464e-03 -8.305634023266783572e-04
-4.625819424397548119e-06 2.428838385914344755e-03 -1.913514937246230119e-03
-4.201529318903496346e-06 2.358565582268545846e-03 -3.975390707417592040e-03
-5.026958727727404153e-06 2.309127862202275949e-03 -5.443803742512187682e-03
-2.344297876488710131e-06 2.131680179586981083e-03 -1.037486148748545389e-02
-2.444861332717707114e-06 1.967404641126435649e-03 -1.495057268240795878e-02
-3.016156761903587835e-06 1.840369788286166930e-03 -1.835041976436802003e-02
-4.463667656606773448e-06 1.791371505445837897e-03 -1.944749643531551442e-02
-5.799531840766647406e-06 1.817081551751309476e-03 -1.835173228684094937e-02
-7.638977394863744053e-06 1.936308861346103249e-03 -1.461487620651524821e-02
-9.735821914436115776e-06 2.157671506132663453e-03 -8.058904293946511643e-03
-1.011464015165941532e-05 2.397508429250572171e-03 -1.059969512041458728e-03
-1.004230196155475596e-05 2.632066354409712261e-03 5.607130880489474833e-03
-8.478504393671926209e-06 2.793041743420876521e-03 1.003871252770593969e-02
-6.646966538070842034e-06 2.873691594432070673e-03 1.202711593816774283e-02
-2.871833596485018347e-06 2.790746341637673211e-03 9.349156333134711616e-03
-4.288640840233171048e-07 2.612912589133542518e-03 3.924747445326115525e-03
2.362862084437367116e-06 2.324470810662115916e-03 -4.505068961209612866e-03
4.087120229367968705e-06 1.974427029810432721e-03 -1.451814534320883254e-02
3.908580861411437013e-06 1.644970520089716892e-03 -2.374696926872310598e-02
1.364765932709843810e-06 1.432035249996577164e-03 -2.947279587076900853e-02
-7.362838707614116629e-07 1.306235732783322945e-03 -3.247259742971264629e-02
-7.004292290613278738e-07 1.173660408718690817e-03 -3.543391403518780791e-02
-1.794793317966281165e-06 1.091155104154029054e-03 -3.693372670502803601e-02
-1.122171407352823280e-06 9.782628630817802318e-04 -3.914618282165793772e-02
-1.818603487135916907e-06 9.012761500275523474e-04 -4.034466597114017006e-02
-1.508494884339128816e-06 8.127444668227790103e-04 -4.177073962655697414e-02
-3.020087963045980928e-06 7.960427309531281637e-04 -4.120231651037542520e-02
-3.173420587643249746e-06 7.895258352742517971e-04 -4.027118088182568556e-02
-3.103688049010955297e-06 7.893336329776179383e-04 -3.917459159240133104e-02
-4.717797246867050376e-06 8.720793022696238239e-04 -3.583922747397938480e-02
-3.066611443447442298e-06 8.902405673327784541e-04 -3.424752053206825408e-02
-2.503710120560498353e-06 9.028461166178392006e-04 -3.294164898392093477e-02
-7.923860594338805186e-07 8.575947568304487234e-04 -3.326382413798922855e-02
-2.432775945138132556e-07 8.129678360044856333e-04 -3.364289515750851223e-02
-1.625043956066107853e-06 8.467856624592151604e-04 -3.187859187629005220e-02
-2.325149506710033620e-06 9.197537191221183406e-04 -2.898877215539519270e-02
-1.987221860844101684e-06 9.820485171561088578e-04 -2.641331519297462904e-02
-4.192389773116644847e-07 9.797180494262036632e-04 -2.568458664869099906e-02
-5.677522680880286998e-07 9.892652367623488985e-04 -2.475086479469945644e-02
6.630449744804423062e-08 9.671303727255553540e-04 -2.469247122681661466e-02
-5.300410643727104798e-08 9.476059047710538863e-04 -2.460993997122695731e-02
-1.987081832410808602e-08 9.199398537781400265e-04 -2.474777352315760126e-02
-1.108552545314722693e-06 9.323698670835600666e-04 -2.380430014593892807e-02
-1.031639044857257659e-06 9.320429329900958848e-04 -2.317467279266205438e-02
-8.552957071472633288e-07 9.213578314538617420e-04 -2.285996063646633658e-02
1.198401145874328222e-06 8.283207601719189128e-04 -2.480200819217159847e-02
2.522563763873719722e-06 6.934889281777767422e-04 -2.794081479341636864e-02
3.978525064507465459e-06 5.158339505896281096e-04 -3.221137121635075928e-02
4.264317703617237498e-06 3.456674434900719461e-04 -3.621412390257683356e-02
6.257947498644611528e-06 1.058707594632224414e-04 -4.196556124013639533e-02
8.023863125705688049e-06 -1.874141879733004501e-04 -4.908809041843076315e-02
8.998273247406984865e-06 -4.986971498572856376e-04 -5.656065301286927749e-02
7.642671077778828703e-06 -7.280665753153225950e-04 -6.161590702547092846e-02
7.326644426264294907e-06 -9.307231596219489589e-04 -6.566081162712134045e-02
5.822863803794930959e-06 -1.049161731706771405e-03 -6.725132774826247939e-02
1.807786503382757815e-06 -9.825659643488693362e-04 -6.365702143552232073e-02
-6.052116012789099386e-07 -8.150399703478194979e-04 -5.714611272604930292e-02
-2.596617174832616115e-06 -5.677405081507824747e-04 -4.850403463270724913e-02
-4.284326108994207516e-06 -2.591050977316378123e-04 -3.833633842945260994e-02
-5.138674690430278247e-06 6.890139821857932390e-05 -2.785460772695103060e-02
-3.642580554519270208e-06 3.117292210381705786e-04 -1.995609537776932285e-02
-1.965716859730903820e-06 4.688457453675409781e-04 -1.474640554262407477e-02
9.977894648294238777e-07 4.875281898628625044e-04 -1.357320523878335905e-02
2.244873572587735566e-06 4.514589345842034973e-04 -1.414207111833976072e-02
3.633789633861184143e-06 3.541965334081798034e-04 -1.644214834074020359e-02
3.252767264427802729e-06 2.800670288505280325e-04 -1.815199858455551762e-02
2.410779302408627700e-06 2.469312536976797645e-04 -1.867293509642564686e-02
6.994495211909423915e-07 2.938864138583019425e-04 -1.695321496445334475e-02
-2.107967305597924224e-06 4.654310322809163125e-04 -1.180040957982475547e-02
-3.693054208442347885e-06 7.011637903953094053e-04 -4.870338601218104913e-03
-5.103995436739339198e-06 9.899150697928460474e-04 3.386705169774462121e-03
-6.980337505790856767e-06 1.346043234777050124e-03 1.329053463522411604e-02
-9.698431377325178460e-06 1.800950373814336203e-03 2.565456472525706744e-02
-1.285825922558991863e-05 2.364129182375496185e-03 4.070873746484249267e-02
-1.316799143080693568e-05 2.907720269817226644e-03 5.495122980817956915e-02
-1.476707972436486216e-05 3.492574112515356433e-03 6.983088573366025287e-02
-1.224337171801259672e-05 3.936265744581168846e-03 8.051541347745105881e-02
-9.087386408257458470e-06 4.224608264976725813e-03 8.645797796001408742e-02
-6.221179100984741694e-06 4.377018951339239905e-03 8.828622156086218808e-02
-4.200113397967442097e-06 4.433937124134090801e-03 8.724383732676432857e-02
-2.736057910679434713e-06 4.417333623515040664e-03 8.407958617939748081e-02
-3.464443018019736087e-06 4.424979341947632427e-03 8.152336508436919260e-02
-4.290516054439308391e-06 4.454216011898659566e-03 7.965044469687887485e-02
-8.191151931846718526e-06 4.638127341962339223e-03 8.201291143502853487e-02
-1.204145617883511932e-05 4.959740736873108347e-03 8.824512230970382731e-02
-1.576403939718140634e-05 5.404290973106573581e-03 9.781449090371863164e-02
-1.809724018575487037e-05 5.904467663731649552e-03 1.087860720400626313e-01
-1.891246191498829887e-05 6.395232927226546238e-03 1.192579123597159452e-01
-1.816595965786760303e-05 6.814949857858798588e-03 1.274774798969762202e-01
-1.708272719325165667e-05 7.154692489518277299e-03 1.331644979587660593e-01
-1.337770767939616690e-05 7.305519417370676116e-03 1.334614787764523136e-01
-9.370960086574342540e-06 7.268697435531823459e-03 1.283867026065812489e-01
-4.659084942293389986e-06 7.022122377284945038e-03 1.175098037034012499e-01
-3.269775046277345609e-06 6.718685036909644026e-03 1.050627398141519286e-01
-1.498568692470669816e-06 6.334752581658831261e-03 9.072329401815704131e-02
-1.358008969054580461e-06 5.946153960035727160e-03 7.655436927395431468e-02
-9.952992732209509086e-07 5.542612448568906558e-03 6.240589906068017001e-02
1.317780643717014755e-06 5.043443995506491362e-03 4.611870564914166692e-02
3.546496053941083915e-06 4.466208463044463173e-03 2.809145132072599083e-02
6.277842486523965704e-06 3.794269085033663558e-03 7.959512576351190916e-03
5.600995576449108171e-06 3.188280524217712575e-03 -9.958989444087240628e-03
4.687761131272338844e-06 2.650918799842028051e-03 -2.538439806957049072e-02
3.648629486985299764e-06 2.188884089474707473e-03 -3.819164227624938235e-02
-1.092286380899309961e-06 1.961630966864857939e-03 -4.421323717864655833e-02
-4.934207808782176130e-06 1.910063428218533588e-03 -4.495291457888583864e-02
-8.137797443241723272e-06 2.001362224131164602e-03 -4.153337891196651199e-02
-1.148177676268957725e-05 2.232372387426462268e-03 -3.423543303226095347e-02
-1.117904307212924664e-05 2.433270601935655364e-03 -2.769261482364626659e-02
-9.874529909081886103e-06 2.570564746460002326e-03 -2.307332145063378803e-02
-7.376349899779199859e-06 2.595042641346578804e-03 -2.170159167521301669e-02
-3.597046087211452914e-06 2.457732554213221121e-03 -2.486322029608256656e-02
-1.555073676273721617e-06 2.249650856007701094e-03 -3.010631762905013886e-02
1.208574410993534798e-06 1.939648325135712170e-03 -3.802643677027095492e-02
2.522676035177084941e-06 1.605379744028745392e-03 -4.653488249356119155e-02
3.531466451711651189e-06 1.260478601694647871e-03 -5.511225594821489437e-02
3.720985508826046839e-06 9.456816756220343123e-04 -6.264679946136908484e-02
3.405445786031080502e-06 6.812749303725107453e-04 -6.855806972531519605e-02
2.787721457897518462e-06 4.781269005598165478e-04 -7.256723957598332220e-02
1.998540716696695085e-06 3.397923199259800242e-04 -7.461707709338138983e-02
5.138448708752463290e-07 2.909737431928682838e-04 -7.411271974685051944e-02
-1.438443744117279266e-07 2.877121296699369779e-04 -7.224105479755227321e-02
-2.834213845837041390e-07 3.068729879345255540e-04 -6.973279823631139962e-02
1.111635972161906238e-06 2.789370926108425408e-04 -6.847936297639423131e-02
2.190828784831566622e-06 2.212070101484941986e-04 -6.812655489303098832e-02
2.443465516588361197e-06 1.648462481437240612e-04 -6.780771182145839404e-02
3.402199586943766008e-06 7.456027662311459636e-05 -6.838095083746997815e-02
4.157771646973174029e-06 -4.047518270322569833e-05 -6.964175230208535794e-02
6.594008412186269652e-06 -2.507134102903707529e-04 -7.339358991253819298e-02
8.167214998522354108e-06 -5.026525504047141268e-04 -7.830184584811483717e-02
9.781854220625163521e-06 -7.943289000021946933e-04 -8.418205367741204981e-02
9.553105075443824035e-06 -1.037879279328302040e-03 -8.870379677743889246e-02
8.201769645888035143e-06 -1.188670841837158321e-03 -9.057040786878722827e-02
6.193004798316081860e-06 -1.225894014732276105e-03 -8.921973272241690012e-02
5.042772034613562937e-06 -1.195336433347349292e-03 -8.589305179140538371e-02
4.437714635763256865e-06 -1.127428214495629355e-03 -8.153264716687447233e-02
4.175114527438239520e-06 -1.043932005726389001e-03 -7.680648128272160591e-02
2.299038371234018996e-06 -8.806912951174750148e-04 -7.011381901444302400e-02
1.307967507635510174e-06 -6.924823511025302025e-04 -6.280818972195767458e-02
-3.395218419743883942e-07 -4.526389250673057418e-04 -5.432350683071351938e-02
-2.348230077942048410e-06 -1.520604653251211857e-04 -4.441566582912148675e-02
-3.920499653808917628e-06 1.840435308479992926e-04 -3.376062150133352091e-02
-7.013542901335156898e-06 6.257260379063378508e-04 -2.062409408755172535e-02
-8.522216566664297943e-06 1.096499215371471436e-03 -6.920185477101270521e-03
-1.146000911944611289e-05 1.669462902663898518e-03 9.068244032591099568e-03
-1.214963116846767832e-05 2.235708370767364173e-03 2.459718210459005405e-02
-1.266395520693741616e-05 2.797235632433503483e-03 3.950889967142723336e-02
-1.061710202354682053e-05 3.240223587944845995e-03 5.086996605228089052e-02
-8.268450752080269694e-06 3.565025165167101662e-03 5.855523394875961074e-02
-6.392897573759270813e-06 3.802017596530760102e-03 6.344484796755311962e-02
-3.626859171212970523e-06 3.917364881958040890e-03 6.481938875602644146e-02
-2.205590942327972925e-06 3.984376042211135172e-03 6.461177514216176476e-02
-1.025265189857904602e-06 4.010523401708487867e-03 6.321927440195240777e-02
-1.798262272423301056e-08 4.004033752206148655e-03 6.092088536227180384e-02
1.469438555279367620e-06 3.943786217967426566e-03 5.722286046132341042e-02
1.388068318064483719e-06 3.895933331576340031e-03 5.382863724721032028e-02
1.570044657173141900e-06 3.835995769343125694e-03 5.024093529489404020e-02
3.124297716317059326e-06 3.698228699516192819e-03 4.473528917308433606e-02
1.824008086792616723e-06 3.610639919417679700e-03 4.051437832876292333e-02
6.408607025054635642e-07 3.553771834896357618e-03 3.730728758221513175e-02
-4.096338614090200281e-06 3.684835874584568849e-03 3.909581715738230656e-02
-7.841719952272896421e-06 3.940118297082850773e-03 4.443056547027124381e-02
-1.028316946793950137e-05 4.264394518569414316e-03 5.166805733723522920e-02
-1.065019323664984086e-05 4.568663424329710843e-03 5.833243727985593097e-02
-1.095608491707977805e-05 4.862516665728344734e-03 6.447645481043196014e-02
-8.775079466838420217e-06 5.036649262535441984e-03 6.732096212468663410e-02
-7.559218661468136702e-06 5.150269341797519829e-03 6.824242936043090069e-02
-5.736019999647012924e-06 5.175059753342203805e-03 6.669023764364157003e-02
-4.189767192741555846e-06 5.129111554770693360e-03 6.315332260294370670e-02
-3.453553701682210431e-06 5.049820856633302490e-03 5.868779574784133146e-02
-2.616192899651537118e-06 4.929638870109664950e-03 5.321957747032524111e-02
-2.343518445302450459e-06 4.793581976343053164e-03 4.741138386199761356e-02
-1.201552147112039393e-06 4.599704780337665611e-03 4.026195672985988239e-02
-1.991231649123292868e-06 4.440914408648799494e-03 3.409260103611400083e-02
-2.719777089099650880e-06 4.307530923136515533e-03 2.882899575111164125e-02
-4.610328590892720513e-06 4.253383342607164330e-03 2.580818367185910844e-02
-2.899296024816422346e-06 4.107637013551768135e-03 2.073844215515263656e-02
-2.077103363085086585e-06 3.932152586985648846e-03 1.487747557894447681e-02
-1.813621066215631572e-06 3.751834153104094405e-03 8.990414792608092398e-03
-1.895175892663303330e-06 3.585925843180071126e-03 3.633965772294800445e-03
-2.183672533684344330e-06 3.446182995120339321e-03 -8.598230070777646006e-04
-3.199083241645084286e-06 3.368910594539031855e-03 -3.567994545565777997e-03
-5.240721047794494325e-06 3.397068250967638647e-03 -3.374580681196892584e-03
-8.465943159841060606e-06 3.575778822881292562e-03 8.742516265209943072e-04
-8.677754161245943010e-06 3.754023727243760433e-03 5.350040862906801920e-03
-8.261433139589158259e-06 3.916788842406315752e-03 9.320421628196573494e-03
-8.075439750898638636e-06 4.078831858987608250e-03 1.310202336300347881e-02
-6.201062890065500710e-06 4.162783717638895986e-03 1.478108004181422075e-02
-4.555208664047682987e-06 4.188375443959890809e-03 1.474096656779355641e-02
-4.301457090516436210e-06 4.220890374878549789e-03 1.470620174173120631e-02
-5.507726021258818605e-06 4.319026707305162471e-03 1.630982242040035501e-02
-6.353556679883354263e-06 4.453898896188190903e-03 1.893280693011556437e-02
-5.737608788525250247e-06 4.556131777529393023e-03 2.075062210746247970e-02
-6.068914688128757007e-06 4.672308834292815405e-03 2.278001795897033332e-02
-3.310140451517895599e-06 4.651453228717683519e-03 2.133857877002354186e-02
-1.775958570204849707e-06 4.564643638608922860e-03 1.795389983307504878e-02
1.966895279981173417e-07 4.385952963951611494e-03 1.218255275122315240e-02
1.781827755564791005e-06 4.136817602318820786e-03 4.589403605474107195e-03
2.483977541434256864e-06 3.861718032900640640e-03 -3.609833057610423168e-03
1.930604343058917038e-07 3.699598068590492783e-03 -8.825549901158247224e-03
-8.225813394879821772e-07 3.573853493775813739e-03 -1.269338165428601783e-02
-1.646626190732192185e-06 3.485340271763170961e-03 -1.539163580670654952e-02
-1.115171893273370074e-06 3.372671460356690964e-03 -1.849321213020571619e-02
-1.597242949014088254e-06 3.293762708593828137e-03 -2.071112063532609682e-02
9.715418145539445050e-07 3.101730763069854291e-03 -2.557059575733289236e-02
2.292941313930541014e-06 2.879569985023089362e-03 -3.130023481621302395e-02
4.041114543440471607e-06 2.603050301792253496e-03 -3.829198429056290820e-02
4.178193943493724305e-06 2.354493019928349806e-03 -4.452020822370839070e-02
3.327352308346576137e-06 2.175586520302863480e-03 -4.877566099334051941e-02
6.726691836878018194e-07 2.142337363028767871e-03 -4.912380278173955617e-02
-1.192588674481243061e-06 2.201657290197556183e-03 -4.678058222545855571e-02
-4.361609381886566439e-06 2.407696858562347053e-03 -4.062510065887137145e-02
-5.202059228270883295e-06 2.631289140702264273e-03 -3.381234485042350357e-02
-7.038431069750217262e-06 2.926589860472672555e-03 -2.537512890891102657e-02
-6.387165544907702497e-06 3.165995118868003555e-03 -1.837449508169530787e-02
-5.449155559444918140e-06 3.349741761719260413e-03 -1.309111475755653231e-02
-4.354073903867217155e-06 3.476849710930540738e-03 -9.532504841140099217e-03
-2.575725820630481167e-06 3.518752805342140189e-03 -8.342233476239524492e-03
-4.198171483782431324e-07 3.467243746122006254e-03 -9.719707287292322917e-03
-5.213541998116966170e-07 3.437572888734363730e-03 -1.081859176732358208e-02
1.051775212701500095e-06 3.337532656001063192e-03 -1.356236608792027454e-02
1.170473254985537892e-06 3.250437373276793274e-03 -1.610096838660624030e-02
2.227935758769561403e-06 3.123473794244158164e-03 -1.950810557547111301e-02
7.835318360793763759e-07 3.085720383369627839e-03 -2.076739833056828743e-02
-3.246101598630701801e-07 3.101852591473608367e-03 -2.045103361237510242e-02
1.732909704621476976e-08 3.101687419634235887e-03 -2.035621340769244725e-02
-5.936215272672740184e-07 3.136600555983304339e-03 -1.944879936437038381e-02
-2.990705163519180587e-06 3.288737274298514368e-03 -1.566889156597595090e-02
-2.761323348421385049e-06 3.418406783682326200e-03 -1.220711375043226354e-02
-2.763060072075163021e-06 3.553944894132465837e-03 -8.748867230565338104e-03
-2.293978876632962738e-06 3.671210623547749297e-03 -5.835887935475181365e-03
-1.546939190744112125e-06 3.760175761460038402e-03 -3.755366997376441418e-03
5.732405576885923892e-07 3.755933806560030064e-03 -4.061456015691078392e-03
2.872032563550064310e-06 3.658191300660973422e-03 -6.874210417176840338e-03
3.395530452587891546e-06 3.550880237828790698e-03 -1.013920144992175310e-02
3.431854217916807670e-06 3.446259723362654626e-03 -1.330425123804745979e-02
2.557947435866125829e-06 3.384978479977152066e-03 -1.534173709729946822e-02
1.147116946320636544e-06 3.384794736935481385e-03 -1.573921591301319367e-02
-5.596930969797853095e-07 3.456904057571097422e-03 -1.421948810327799961e-02
-5.777366200998557133e-07 3.516890627291158200e-03 -1.279573392206279081e-02
-2.004730563109902164e-06 3.643740439205622739e-03 -9.856771824285015526e-03
-3.037145388518069922e-06 3.803460853393114682e-03 -6.045614303614499363e-03
-3.193143471857950999e-06 3.952192109662466812e-03 -2.498911232923450854e-03
-3.418749058514691797e-06 4.099518828990789121e-03 8.701138231250737931e-04
-3.069263651234166446e-06 4.214847058981618932e-03 3.361512441729885836e-03
-2.984865911770384628e-06 4.320518813832330274e-03 5.431223519307248893e-03
-3.062053826274890866e-06 4.424742467999454032e-03 7.341286142380276658e-03
-2.623864020057098401e-06 4.504572526431604995e-03 8.594481397666609013e-03
-2.489549671080837356e-06 4.582131429558489177e-03 9.659511361804984375e-03
-2.541983001647096785e-06 4.666155331440768883e-03 1.080548985845553034e-02
-2.705397349034299737e-06 4.756242424871770513e-03 1.205760619435913839e-02
-4.903711858794679301e-07 4.732864233687517075e-03 1.064827716932992274e-02
-1.145539110458670962e-06 4.756759032643886886e-03 1.000604441269326017e-02
-1.095554303276458086e-06 4.772594448913369813e-03 9.286758701395836368e-03
1.214868063925678143e-06 4.672438532391909316e-03 5.894853077168971112e-03
2.410115139017676711e-06 4.537346236701211843e-03 1.423482127371311634e-03
2.895856710649624688e-06 4.398705477011766174e-03 -3.157711356161385652e-03
2.325291589722056074e-06 4.308579364246722943e-03 -6.519364949439498957e-03
5.113150161051294162e-07 4.320849274978832977e-03 -7.282001158270823282e-03
1.030982572425287458e-06 4.305866905825295188e-03 -8.294404144611799978e-03
1.741667766230747816e-06 4.268071575067533541e-03 -9.840281444971399338e-03
1.941177736108912200e-06 4.232846613152152493e-03 -1.136599299146690001e-02
1.822807846885154959e-06 4.206328877386589227e-03 -1.265280025906934114e-02
2.122201151921743190e-06 4.163516013851842335e-03 -1.424426040876003441e-02
2.668260018046098025e-06 4.091315111661886217e-03 -1.650248527681075217e-02
3.350542872482265011e-06 3.986562581876462730e-03 -1.953129369749762034e-02
4.098057334811500141e-06 3.848956855379115360e-03 -2.332834627471580546e-02
5.475855030523391065e-06 3.649568091214194787e-03 -2.851980313454305360e-02
5.982285378847151947e-06 3.442618977081035592e-03 -3.393606353593536795e-02
5.330682007809173228e-06 3.284406378577409136e-03 -3.813686190951104393e-02
3.983386073214134626e-06 3.198901712397561603e-03 -4.040796684084835277e-02
2.239450973329226713e-06 3.201915493023232973e-03 -4.035025826861904363e-02
9.021676519171961672e-07 3.266652973164807516e-03 -3.857139305569123877e-02
-1.569157039860158420e-07 3.382700047972753143e-03 -3.544856118084993568e-02
-1.021841367077058749e-06 3.537663970691495852e-03 -3.135397510757620410e-02
-1.137239405091250433e-06 3.691631613331525230e-03 -2.725868097560679715e-02
-1.810719327810517143e-07 3.796886745972338773e-03 -2.436792147056854319e-02
7.970619404495948856e-07 3.861469972652131766e-03 -2.265379049784987942e-02
1.155139811803707062e-06 3.913799098057335613e-03 -2.144944109551971678e-02
2.346802449482154884e-06 3.906885312544627897e-03 -2.166835431034597192e-02
2.797405750820658454e-06 3.887486009679419485e-03 -2.238664289627134707e-02
2.783282055718316883e-06 3.874373731921676445e-03 -2.303293566642761192e-02
1.873157879916931279e-06 3.910921684635915163e-03 -2.257369064095060551e-02
1.046042028551852354e-06 3.987622094030529585e-03 -2.108646383154955117e-02
-9.335254713693785789e-07 4.168338858455994389e-03 -1.723243917303829420e-02
-2.960320642397817892e-06 4.442947573960714935e-03 -1.108736619834083115e-02
-5.578300646291722842e-06 4.839261877576633841e-03 -2.136793247088597525e-03
-7.272252323886618797e-06 5.298240689692285121e-03 8.342482434249287593e-03
-8.968886359150829435e-06 5.823620718164890242e-03 2.016823180726579068e-02
-8.179263943919323765e-06 6.279263128738027389e-03 3.034607141364276117e-02
-7.715803152619216121e-06 6.707148658534584085e-03 3.931597159127520058e-02
-6.235274858656936203e-06 7.048019649234654738e-03 4.592414051052129409e-02
-4.163048928695900486e-06 7.280197286688411262e-03 4.958224693320767429e-02
-2.384667873611689970e-06 7.427340934549164775e-03 5.078091690201480546e-02
-2.657188574728408526e-06 7.597174345889717850e-03 5.196124366569954134e-02
-2.341912973768955908e-06 7.738430096357801213e-03 5.246078407862464488e-02
-3.505709984974458848e-06 7.935880332909289736e-03 5.396874682186458827e-02
-3.711434845232730595e-06 8.121223482048300912e-03 5.531285897398507956e-02
-3.935514688357955038e-06 8.305153172545987061e-03 5.651245845921470945e-02
-3.552081367708126436e-06 8.454001849435899274e-03 5.687080757398499387e-02
-2.192905102393893912e-06 8.520881891267401143e-03 5.531155347429850266e-02
-8.780659443985427970e-07 8.519065656637736517e-03 5.197832939535018681e-02
-2.306676227803450274e-07 8.490885269058306983e-03 4.782819532733961765e-02
-6.166253918582498272e-07 8.484104841381262530e-03 4.405058155823882160e-02
-1.624700832980607856e-06 8.521543078033239071e-03 4.132018641968659978e-02
-2.377763044902891920e-06 8.586342274505720518e-03 3.937731056920679151e-02
-4.178192460013718801e-06 8.740429157526041770e-03 3.941656567313556181e-02
-4.130526880752327656e-06 8.868140934620072358e-03 3.923253370890655845e-02
-3.562883889030032947e-06 8.960067862766735169e-03 3.823063910449020497e-02
-3.299058029204715581e-06 9.036135785591314917e-03 3.673060807979666720e-02
-7.803591539623511153e-07 8.968093316947506333e-03 3.221356378101747353e-02
-6.071859313117045076e-07 8.919922355553111526e-03 2.760300225879852576e-02
5.735026173958601703e-07 8.807206266526951266e-03 2.176374913260969990e-02
-1.018983193379341401e-07 8.749745179530171724e-03 1.691770037188877751e-02
-1.285000955197901362e-06 8.754673980146870926e-03 1.360126031481989628e-02
-3.361650630528956185e-06 8.867848905739744714e-03 1.277906110203019807e-02
-5.323543818658293958e-06 9.071230923622192188e-03 1.419859221789243620e-02
-6.555693903065318295e-06 9.323912303998205253e-03 1.692871212715685303e-02
-5.475620633799138659e-06 9.502351804940495361e-03 1.831597401941831293e-02
-3.614369176840881437e-06 9.593835496593761114e-03 1.762430788421553984e-02
-1.315608523899669535e-06 9.584390252169894264e-03 1.449863558361919047e-02
1.810287838299728946e-06 9.431351004355659207e-03 8.124785196858663738e-03
4.146716501951530631e-06 9.194293096595390624e-03 -4.048814400441358430e-04
7.166962837201751313e-06 8.821897860755684162e-03 -1.177244398514387669e-02
6.863669441026232221e-06 8.527636994439147244e-03 -2.195161757176844475e-02
7.587390207453026392e-06 8.199738609051987481e-03 -3.225723644582556560e-02
5.860616007824503981e-06 8.005059731370847698e-03 -3.980450687089964745e-02
2.671108653373721609e-06 7.999010804261144636e-03 -4.304599179769530437e-02
-2.564452083353430112e-06 8.286130488359785828e-03 -3.985060777428683920e-02
-5.872920428418026972e-06 8.710976748214901977e-03 -3.285883520007626402e-02
-9.146480707267201637e-06 9.302029825735247393e-03 -2.225848464144863925e-02
-8.649374210634164228e-06 9.820534814214007535e-03 -1.259751619295812475e-02
-7.075034609727026691e-06 1.025962178595987706e-02 -4.987256521365335260e-03
-3.038775560737505543e-06 1.047976348333747032e-02 -2.142219902057096448e-03
5.785544616720983413e-07 1.055129406452705310e-02 -3.258486118925763009e-03
3.245405886698193854e-06 1.052814663912540749e-02 -7.061152674030513055e-03
5.879512225970273676e-06 1.039522428730629833e-02 -1.342379893442613437e-02
6.595029226286186486e-06 1.027423573471203389e-02 -2.008169706712470415e-02
4.893450012533051563e-06 1.028867796238043530e-02 -2.434054567926180468e-02
2.360697231029718068e-06 1.044555873990264672e-02 -2.551773313263483445e-02
-6.242512742282713134e-07 1.076081148920542130e-02 -2.329132894278451715e-02
-2.594176157444394448e-06 1.115572884335552795e-02 -1.905069856048902111e-02
-3.896664223956847195e-06 1.160568361962829864e-02 -1.364011792301100812e-02
-5.370179363195504152e-06 1.213865085367531182e-02 -6.866072110023324626e-03
-4.464615991794929073e-06 1.259062990605727683e-02 -1.469367089470541288e-03
-2.733146065470037911e-06 1.294900236671039928e-02 1.689116847025218249e-03
-5.340954087884597357e-07 1.319966952321209586e-02 2.222359506223625658e-03
1.289566065265645989e-06 1.337608891879057960e-02 6.626622731555897872e-04
1.006187888563658817e-06 1.362196989225705757e-02 -4.849214425499681624e-04
3.109816964164124897e-06 1.372162946230576913e-02 -3.996419976268761332e-03
2.341637996838841218e-06 1.393584141101406049e-02 -6.438601342972916086e-03
1.056052601811074965e-06 1.424490626459622850e-02 -7.252420869703346540e-03
1.317692871483089334e-06 1.452636720117212593e-02 -8.240159909162159124e-03
6.837438186746425117e-07 1.488378689573922192e-02 -8.332464550859786101e-03
1.276378993608773271e-07 1.529045576936503142e-02 -7.685919382812489431e-03
-3.682675397964629838e-07 1.574218552504982882e-02 -6.451427177416313441e-03
-2.040065421038406157e-07 1.618930591176113987e-02 -5.445679040712025909e-03
-2.512577701452300971e-07 1.666034831421793483e-02 -4.496786047111900331e-03
1.851524906726353947e-07 1.711462817188066227e-02 -4.164475113253018890e-03
1.519254304804817934e-06 1.749498740896943821e-02 -5.420677106444671267e-03
3.371185718359370753e-06 1.778321408964039091e-02 -8.763005978404070362e-03
4.271738733407914879e-06 1.807980837855469036e-02 -1.290724877836169071e-02
3.342952372475949119e-06 1.851098206806536806e-02 -1.573868591848581744e-02
1.925542564507054522e-06 1.907443114656843033e-02 -1.673308318286981233e-02
2.400836145444174008e-07 1.977993645047218529e-02 -1.571200251779591994e-02
-1.571196080796255501e-06 2.063248761686201777e-02 -1.268948705589112436e-02
-2.805211811729435567e-06 2.157708904248292064e-02 -8.506523809484356491e-03
-3.043984242889763436e-06 2.254269565153411981e-02 -4.429146890862156738e-03
-2.054187540290186575e-06 2.344991936472359470e-02 -1.898772508395207836e-03
-1.557617579361902926e-06 2.439244284990521594e-02 -2.702118622148752536e-04
-1.491232930472818907e-07 2.527605508792470437e-02 -4.729818551187925380e-04
-5.053378959729570852e-08 2.626891401318368069e-02 -8.769534926629241056e-04
1.692287862731234327e-06 2.717656214560185135e-02 -3.211984604013284894e-03
1.952425954465653035e-06 2.821947409587721028e-02 -5.637290343548428950e-03
3.746074361377083051e-06 2.919949250220837261e-02 -9.767424264218949048e-03
5.210799928434539652e-06 3.021278794344887247e-02 -1.516120963991829385e-02
7.049380565282703515e-06 3.121601413066699485e-02 -2.216532880217947366e-02
9.070123500709570408e-06 3.220362624481508396e-02 -3.097783733737191625e-02
1.053803017869725522e-05 3.324383909885624683e-02 -4.101703899499931083e-02
1.162687955758023861e-05 3.434977019784802438e-02 -5.198549423146170412e-02
1.245092162749372733e-05 3.554082501631997126e-02 -6.368380400264950225e-02
1.308555150725254634e-05 3.683234082130505682e-02 -7.600381912739484491e-02
1.235640786756420084e-05 3.841246873329778183e-02 -8.746393769248683725e-02
1.141265539761349146e-05 4.026983460895042916e-02 -9.786521239590006971e-02
1.035114064507069997e-05 4.245333472761636529e-02 -1.070843739040330256e-01
9.846801559021400863e-06 4.492003196927067676e-02 -1.157593420899143410e-01
9.076047219780392084e-06 4.778217348330604519e-02 -1.236613753660575910e-01
8.153469737592899946e-06 5.108604141216702837e-02 -1.307181053096813095e-01
7.765601623299644984e-06 5.476529674629243560e-02 -1.376430946928319798e-01
8.320927004756839551e-06 5.871125970301330904e-02 -1.455668107368510711e-01
8.823124564294460015e-06 6.298084881408155811e-02 -1.544636620364285839e-01
7.438308837537377372e-06 6.783598934057208374e-02 -1.621902884859074412e-01
8.598458610897807830e-06 7.253471737855402002e-02 -1.709405170250839490e-01
7.610581939987426381e-06 7.737493822094179685e-02 -1.777276662485167691e-01
6.549292021151842391e-06 8.166021652056149049e-02 -1.808769664291354218e-01
6.075072390920865928e-06 8.440006179568501632e-02 -1.789108915423165413e-01
4.742168575377903039e-06 8.455496813796979649e-02 -1.683655694529733182e-01
3.522856929505380208e-06 8.068422334677502472e-02 -1.472349597932711696e-01
1.785971852630297008e-06 7.202295073789287405e-02 -1.145886737486452311e-01
3.828100743064055678e-07 5.890765864841825128e-02 -7.329292743785398301e-02
-7.843220426462238493e-07 4.325120605741347712e-02 -2.944360968395942635e-02
-2.392309614851484412e-06 2.747079289293613558e-02 1.238300372896183887e-02
-3.619627795714563945e-06 1.351830791416644417e-02 4.804658849282894550e-02
-5.195918535427779261e-06 2.338708383487750342e-03 7.692034724047847050e-02
-7.559110981159022913e-06 -6.076558199191617327e-03 1.007856661023609490e-01
-9.732874432621940741e-06 -1.203445834917291068e-02 1.201741586955900054e-01
-1.050938751334662413e-05 -1.595241498459493146e-02 1.342625396118810599e-01
-8.567366533762665881e-06 -1.822638941548797298e-02 1.408527546512243767e-01
-8.061215325261272824e-06 -1.964988958171781652e-02 1.444349304385523780e-01
-8.440665327569263354e-06 -2.045240761337678570e-02 1.466821513949261302e-01
-8.122989408665404198e-06 -2.071558691444727596e-02 1.468376952567438387e-01
-7.992511348309250252e-06 -2.066339948200018872e-02 1.457577301246515411e-01
-7.974202162142063344e-06 -2.040227451691963012e-02 1.438613808027926488e-01
-8.019560767902333964e-06 -2.001285688878425006e-02 1.413944943390248454e-01
-8.710085651841836807e-06 -1.957748909815901217e-02 1.392397085456886785e-01
-8.548834421695516994e-06 -1.905053486824136166e-02 1.361671866228268968e-01
-1.092708571781564331e-05 -1.862155653838538927e-02 1.354188128822921833e-01
-1.173618346861360351e-05 -1.808720532276932025e-02 1.344358921928128225e-01
-1.217010328602441405e-05 -1.754012582005529119e-02 1.328451317423180456e-01
-1.235592314152711424e-05 -1.700017601591639893e-02 1.304134782797241598e-01
-1.115145069974232683e-05 -1.644531158377260383e-02 1.256270943623829517e-01
-9.727513881507832139e-06 -1.594329221974935540e-02 1.186090447083874011e-01
-8.194752064927257607e-06 -1.550381792549199167e-02 1.095288991753764485e-01
-6.624486237560844870e-06 -1.512847429694735846e-02 9.864155211648517607e-02
-5.062350606710452894e-06 -1.481771079075761000e-02 8.620621437337616655e-02
-5.375777854865759764e-06 -1.460452857476804422e-02 7.449652538622508757e-02
-6.215013582666628622e-06 -1.441577870925073168e-02 6.405299288802135393e-02
-8.578978881512711041e-06 -1.425351619897716193e-02 5.641663782023442764e-02
-9.366281955802691073e-06 -1.403202581898371770e-02 4.969665634845643609e-02
-1.038876267989152780e-05 -1.381486093187048181e-02 4.406470285839825252e-02
-1.029918352757341893e-05 -1.357786430447038839e-02 3.831796095614237174e-02
-8.909984392069247860e-06 -1.334486880007987319e-02 3.115966973840444965e-02
-6.749586190846201816e-06 -1.315048110924499358e-02 2.198791971168656545e-02
-4.773851086437019831e-06 -1.301869365218738528e-02 1.124332941736527758e-02
-1.726888722020092359e-06 -1.293064970557009086e-02 -1.928155908976325605e-03
-2.995337781142026756e-06 -1.294812487870916629e-02 -1.288152244390694534e-02
-2.587212104554481584e-06 -1.292140183779413865e-02 -2.323628289508805622e-02
-3.610940891629610405e-06 -1.291003060002884895e-02 -3.165410280601888005e-02
-3.647594126299225081e-06 -1.286611378305876907e-02 -3.920038495769029296e-02
-4.914992194127165703e-06 -1.282350839557755418e-02 -4.472931983774941500e-02
-5.678638746120512337e-06 -1.274481112501449354e-02 -4.878782242070611730e-02
-7.951534062300424921e-06 -1.264691374815726799e-02 -4.994202988740781279e-02
-7.414028843300002336e-06 -1.248570311110941411e-02 -5.120579737882557936e-02
-5.773614239368285439e-06 -1.233692562142901794e-02 -5.377328844703521682e-02
-5.329669108711243553e-06 -1.222604795158313551e-02 -5.632772987084511129e-02
-3.173107361087446066e-06 -1.212151592324176019e-02 -6.048999097826834870e-02
-1.852698639615013576e-06 -1.206294238131824792e-02 -6.530159467472795853e-02
-2.913301375029320184e-06 -1.202105444865017581e-02 -6.817938346658802828e-02
-3.568276851995122456e-06 -1.193896091114965419e-02 -6.953806866022471667e-02
-5.796899369636676624e-06 -1.182279088658849675e-02 -6.793700397212321107e-02
-7.709542706679783919e-06 -1.164011530580358333e-02 -6.389058736137798178e-02
-8.766486373046333824e-06 -1.140622858606921142e-02 -5.854574526818545621e-02
-8.042121423024184423e-06 -1.115312016684469332e-02 -5.396112680214759649e-02
-5.622923188175477094e-06 -1.093129815115068126e-02 -5.195749951552786072e-02
-4.055205467201616898e-06 -1.077042649021026088e-02 -5.154674847259421711e-02
-1.202526726862274131e-06 -1.065991248188030704e-02 -5.395267948900350774e-02
1.147727112682517259e-06 -1.062159196404433015e-02 -5.853070823157713320e-02
1.295678729196225731e-06 -1.062511439905258759e-02 -6.276785792551775600e-02
1.315302720072963893e-06 -1.062254456744740616e-02 -6.635654769236909445e-02
6.414830806544813413e-07 -1.060392291194406367e-02 -6.857574569233948480e-02
2.010741132929538821e-06 -1.057572268682085981e-02 -7.167046676033361763e-02
3.374004461598190119e-06 -1.057637375063752438e-02 -7.561022802876982141e-02
4.700375354493857571e-06 -1.060303623268649131e-02 -8.024754100227005083e-02
7.197720620855108109e-06 -1.066548059426053463e-02 -8.673292952416344903e-02
8.511493129859104556e-06 -1.076876803587012432e-02 -9.364967559080339399e-02
1.090399546299636313e-05 -1.090212031568926765e-02 -1.020625182825751764e-01
1.144263122343502914e-05 -1.105979757629466098e-02 -1.098408157269532559e-01
1.082386767725651566e-05 -1.119562443470861757e-02 -1.158011755787096142e-01
1.256924215309318527e-05 -1.132320921459334384e-02 -1.226386912252048766e-01
1.203572123431584373e-05 -1.145237831540013573e-02 -1.278800264281314547e-01
1.133493843341604190e-05 -1.154431921278942230e-02 -1.314220083459978206e-01
9.312517327275671164e-06 -1.157924351589600942e-02 -1.319109852536946015e-01
8.359368842247860698e-06 -1.155358699493413965e-02 -1.306923860407929183e-01
6.851005536212539937e-06 -1.147722882305124426e-02 -1.272604085866402279e-01
7.485902027148938487e-06 -1.137522752801556347e-02 -1.240927272526133329e-01
7.575571006057657542e-06 -1.127032610781319999e-02 -1.205237013312472349e-01
7.323450016638588522e-06 -1.114859792657635351e-02 -1.162088417164572896e-01
7.475948823332245752e-06 -1.101328530016337792e-02 -1.116956261549519880e-01
6.640833213111818623e-06 -1.085685001824382434e-02 -1.060192062694906845e-01
7.055076687079164799e-06 -1.069008215261163519e-02 -1.007336835477530279e-01
5.153319176720572159e-06 -1.049246291975064471e-02 -9.329212544666587448e-02
3.097178441713310804e-06 -1.023329972304137803e-02 -8.374555292260410511e-02
3.770048035978135204e-07 -9.902033082621219950e-03 -7.151980120998713275e-02
-8.481106148483519291e-07 -9.520279338827875026e-03 -5.850231163407704216e-02
-1.741048188286242748e-06 -9.114702139649544232e-03 -4.510212803508384383e-02
-1.181121443760702050e-06 -8.715677088441120546e-03 -3.291079658676210329e-02
2.586979117591425847e-07 -8.358384635465343493e-03 -2.291725321835036411e-02
9.781976157974270336e-07 -8.037896360193752532e-03 -1.412256135973732896e-02
2.466240330400992775e-06 -7.760210492846142394e-03 -7.392324958803708768e-03
2.549135390994550221e-06 -7.504947073579293360e-03 -9.703477273639293799e-04
2.379707134902986354e-06 -7.251529947821355737e-03 5.343078081939012236e-03
2.159692746861452406e-07 -6.958330077246221990e-03 1.375503783105935796e-02
-1.895434151411024004e-06 -6.610291715521965372e-03 2.382336734383327936e-02
-3.311706499253830316e-06 -6.227838104623850679e-03 3.455349353477688013e-02
-5.494738424038914104e-06 -5.804558374344126470e-03 4.676672813525861727e-02
-5.639593434247913706e-06 -5.379322086484450427e-03 5.791170903097153655e-02
-5.139925204344919507e-06 -4.987411873749958424e-03 6.739363362955996806e-02
-3.024406308282934219e-06 -4.668480358623716686e-03 7.350551883768918771e-02
-1.190565958486544673e-06 -4.430837720590996565e-03 7.678404096867019746e-02
2.271622071559065148e-06 -4.305286710108990889e-03 7.552481830142232511e-02
4.811686891148525547e-06 -4.284911837177163285e-03 7.106096825855390264e-02
7.952823311674350748e-06 -4.372048018239815814e-03 6.283668387738527983e-02
8.316308541811423538e-06 -4.506887756405286716e-03 5.427421084717387600e-02
8.188363351591121386e-06 -4.649851592160858527e-03 4.590639660146322854e-02
6.527798359856618049e-06 -4.759635365040870703e-03 3.952782772191199001e-02
5.187362263736616796e-06 -4.830037534806819188e-03 3.461184181685084127e-02
3.456201374207878985e-06 -4.855186882355644329e-03 3.157907530534398433e-02
2.136016704401555444e-06 -4.841336244280791679e-03 2.987383955859668205e-02
3.553174660275715269e-06 -4.858377550633785624e-03 2.626195774361450574e-02
4.160383120233035470e-06 -4.911155044343418208e-03 2.185031134051396151e-02
6.710230180173581971e-06 -5.037420474256315561e-03 1.444895721827998969e-02
9.162581026345151258e-06 -5.247404891144946681e-03 4.506697557120187270e-03
1.087912220820719256e-05 -5.516267929295881611e-03 -6.853881685731533224e-03
1.209746344166262588e-05 -5.820253690065335661e-03 -1.887077317863683490e-02
1.235975267621647333e-05 -6.126518571040018291e-03 -3.026160698167412733e-02
1.202042343462217389e-05 -6.409018897212848120e-03 -4.029728212544725352e-02
1.069675718823326349e-05 -6.635917113760658737e-03 -4.781891656499892562e-02
8.791073954794725864e-06 -6.784880170669138622e-03 -5.229845325258253297e-02
5.950674445198700369e-06 -6.831346775606372823e-03 -5.290778517518601731e-02
3.824852503164777318e-06 -6.787694218245821087e-03 -5.065832600582975687e-02
2.797786357922049660e-06 -6.690650820313948088e-03 -4.700014717697831301e-02
1.852703787941223368e-06 -6.553862040088787033e-03 -4.212605620601417300e-02
9.780927439084763364e-07 -6.383199037400755227e-03 -3.627819741984250612e-02
-1.062841352927890171e-06 -6.152660381306962467e-03 -2.824579488212863865e-02
-3.773468863821349828e-06 -5.840779377218607848e-03 -1.753140250259521693e-02
-4.988512490866625626e-06 -5.484295224183033390e-03 -6.040653824887165513e-03
-5.868191369939879110e-06 -5.105702796312006075e-03 5.784871179773443117e-03
-5.903499058490524476e-06 -4.730700655323383241e-03 1.693612093215479675e-02
-4.800726325138171546e-06 -4.394703320536985647e-03 2.618208826448320536e-02
-3.020307179690817634e-06 -4.122448219443908268e-03 3.287978147112768923e-02
-2.705086659338107324e-06 -3.877115744537362740e-03 3.892377689803572238e-02
-1.452033351778680981e-06 -3.672307337029390162e-03 4.320632770386501065e-02
-2.645123307054575434e-07 -3.513673749006351876e-03 4.586135073636521398e-02
-3.729505266836241617e-07 -3.368020935480109390e-03 4.835267023778522244e-02
-1.275089794861017367e-06 -3.207002008276504945e-03 5.149720862377638042e-02
-1.414646355835103009e-06 -3.048032403474898455e-03 5.429532446711915483e-02
1.476904534225553789e-07 -2.942005663550462113e-03 5.485142539112253246e-02
2.105989263201379913e-06 -2.907542232717608144e-03 5.296457307075730370e-02
5.491138830082675781e-06 -2.980562078144455285e-03 4.725758785718126020e-02
9.673007207222639181e-06 -3.184312194503879923e-03 3.724604684131183063e-02
1.117036663500492466e-05 -3.444271528667830484e-03 2.636054464319759205e-02
1.097628067547873343e-05 -3.692931086154427334e-03 1.658779073790173086e-02
9.124792471615350564e-06 -3.876692423772420959e-03 9.622937062100600514e-03
6.290158569566273172e-06 -3.964209675196617155e-03 6.242554211431272648e-03
2.910948043499672622e-06 -3.942098600313803658e-03 6.676845515563911704e-03
-1.343360996886033831e-06 -3.793089309045427626e-03 1.144986029892702817e-02
-1.735603671892960165e-06 -3.626036424510648004e-03 1.576777516107918942e-02
-9.731396772849620902e-07 -3.500394750444890679e-03 1.834956121221820169e-02
-1.321285985067532920e-07 -3.422982582919675831e-03 1.928944436010571195e-02
7.382655575760566080e-07 -3.391430291711794442e-03 1.872276367757175208e-02
3.770168552907904314e-07 -3.366328822859199210e-03 1.828113393770935957e-02
-1.963106878832832081e-06 -3.281936149615249931e-03 2.026499255712010950e-02
-3.006452401033143929e-06 -3.160718786174021577e-03 2.313696169848888928e-02
-4.456542386677142531e-06 -3.000386364227503044e-03 2.730851399118261469e-02
-3.661596475135198148e-06 -2.862476275926839620e-03 3.014808321043327410e-02
-3.346293321992988012e-06 -2.748226470817349831e-03 3.224540661976948996e-02
-2.101015669886407977e-06 -2.681034251211023012e-03 3.255483556136029577e-02
-2.155237110557095548e-06 -2.630357938066762991e-03 3.260056573815850456e-02
-1.776031692601875989e-06 -2.601626651999533468e-03 3.184110236133763649e-02
-2.982387024674792997e-06 -2.551235571532251001e-03 3.216592270621676519e-02
-2.059854447900022478e-06 -2.529395646290177879e-03 3.112056299388088476e-02
-1.077484983014187492e-06 -2.546017064831262999e-03 2.887753984217722447e-02
1.150150707340813483e-06 -2.630149767367750968e-03 2.428367381527074542e-02
3.477552726005583850e-06 -2.784530894885728358e-03 1.755341267065535504e-02
6.426394515646194350e-06 -3.019644302606816488e-03 8.298520085944005586e-03
7.226488389022733827e-06 -3.271500517752934378e-03 -7.781294428652607564e-04
7.297104835712886484e-06 -3.503674710824911109e-03 -8.801350604041413561e-03
6.297475703798127711e-06 -3.681832095389525605e-03 -1.463257635658798961e-02
4.042820098915100857e-06 -3.767410815649574474e-03 -1.705969480676516881e-02
2.909553982632928637e-06 -3.791770399606653186e-03 -1.767726239772793306e-02
-5.857615192894627398e-07 -3.699730623646479977e-03 -1.406138136677670403e-02
-1.149048321158474550e-06 -3.568272121660664986e-03 -9.855988507043278446e-03
-2.970865004892075945e-06 -3.381610520973077350e-03 -3.744289853743421048e-03
-1.832975875748488193e-06 -3.221204174737146708e-03 7.723159829229331308e-04
-1.974569648677260147e-06 -3.068647562200599310e-03 5.147693243077178238e-03
-1.668397433096657778e-06 -2.933379124789636805e-03 8.742552032673600593e-03
-2.322878651206394807e-06 -2.792433152572715294e-03 1.259683633731478736e-02
-2.936809202713774880e-06 -2.644583623864882327e-03 1.655287926184945135e-02
-2.279551694517323313e-06 -2.528768548042514830e-03 1.912985825389412753e-02
-8.535176059254467873e-07 -2.472537659734874715e-03 1.958633922254326976e-02
-2.165488206529175841e-07 -2.452896363982159933e-03 1.901808946451977178e-02
1.766460944851999670e-06 -2.502600807944177497e-03 1.599775755093713059e-02
1.455420632012760507e-06 -2.557831961771062090e-03 1.332096426127149513e-02
1.584755730865694545e-06 -2.617482052789332769e-03 1.051033580593685457e-02
7.504783574585616179e-07 -2.655885563066839872e-03 8.639726214966891860e-03
5.721952034409838461e-07 -2.689599831263711494e-03 6.851987068520415392e-03
1.416504954665498417e-06 -2.752940935792813626e-03 3.984863090014556519e-03
4.100712565069386528e-06 -2.901786353471380586e-03 -1.853440705861242321e-03
7.238436621648247637e-06 -3.151622145412980025e-03 -1.082180444783720219e-02
9.348842141765345559e-06 -3.464198528259521126e-03 -2.133466406957573724e-02
8.926983952051159577e-06 -3.749579121833157558e-03 -3.020157619194607790e-02
1.002718967080262757e-05 -4.035658277957931972e-03 -3.908812287146723463e-02
7.724605571191034414e-06 -4.227905739342285862e-03 -4.412610710865294550e-02
4.605363546961172005e-06 -4.289675452694652336e-03 -4.471680434061298115e-02
4.743327251199858097e-06 -4.321305125084884402e-03 -4.490076727812697399e-02
2.571440208098962898e-06 -4.276285417457614813e-03 -4.225511112312219097e-02
2.102458950270502669e-06 -4.202563750749344074e-03 -3.908336346378149528e-02
2.287950306989472438e-07 -4.070164812091214834e-03 -3.389477467591905935e-02
-5.382909673556923735e-09 -3.923288424449000722e-03 -2.866266894912827823e-02
-1.071693990883915149e-06 -3.745338288725696962e-03 -2.244304373468208880e-02
-7.788624218907358454e-07 -3.573304063555604593e-03 -1.680710461444379078e-02
3.445111369515529987e-07 -3.438670133968146914e-03 -1.265890801588742676e-02
3.184700251068761645e-06 -3.397814683613997744e-03 -1.190778429732031185e-02
5.784404778941265590e-06 -3.448906986627253701e-03 -1.406909176128667838e-02
6.942382699159921344e-06 -3.545240388883375005e-03 -1.738127945565492993e-02
7.182017584872468774e-06 -3.649867784419225103e-03 -2.070962535214571076e-02
6.230402649354260802e-06 -3.722235805148743637e-03 -2.272430873747532942e-02
7.025151833595089101e-06 -3.809737450057082420e-03 -2.543442549414853815e-02
7.641070028929775049e-06 -3.914462741086754960e-03 -2.858608203076640208e-02
8.743482581508033036e-06 -4.049112107908370284e-03 -3.267288332916740146e-02
8.267606211420641671e-06 -4.168426960773352619e-03 -3.591582708695639781e-02
8.056473957740450942e-06 -4.273477839081274432e-03 -3.865098612960826685e-02
6.160500145124814253e-06 -4.314225425899764765e-03 -3.900201742410036587e-02
6.959988402943650954e-06 -4.365447182885007216e-03 -4.007924034795395940e-02
6.317746377160204929e-06 -4.391484859876282343e-03 -4.009191849959226062e-02
7.260939085096396184e-06 -4.430772565630958226e-03 -4.074724519573491577e-02
7.306910853488446378e-06 -4.459721478355271884e-03 -4.091192948335597990e-02
5.562820025284409553e-06 -4.418885663397986718e-03 -3.858754623084292845e-02
3.983502739002275916e-06 -4.309277261085875388e-03 -3.417884476253263415e-02
1.306883323115570761e-06 -4.103899161470914159e-03 -2.671084265954881687e-02
-1.370276924594904244e-06 -3.804662632651445442e-03 -1.649063270728134967e-02
-2.139029497527644708e-06 -3.480146033381426030e-03 -6.060904087871410439e-03
-1.097851952902573203e-06 -3.197649945936409388e-03 2.476325960136360749e-03
-2.659923775016892478e-06 -2.886043990761200106e-03 1.206062443827216057e-02
-8.612235100624587858e-07 -2.640056193050410727e-03 1.882001708459757339e-02
-1.120370645146806510e-07 -2.438985588508080227e-03 2.412118483598924001e-02
-6.419734912554986295e-07 -2.237566621236641851e-03 2.946929082126148458e-02
1.132268945269743199e-06 -2.104081719421557750e-03 3.219370605508720118e-02
3.669113230797549363e-06 -2.070039425239533770e-03 3.159638850181600844e-02
4.768209862060501791e-06 -2.089093241745665352e-03 2.955033685517971520e-02
4.953708631738606982e-06 -2.123434473622287655e-03 2.721876187321026208e-02
5.184891486376130842e-06 -2.169816987308670342e-03 2.457470697438202123e-02
3.587466173238240685e-06 -2.168850283970402693e-03 2.376290988518459102e-02
8.970876208547196029e-07 -2.082488564839168887e-03 2.581484967598290936e-02
-5.585432985011351548e-07 -1.950094006168634486e-03 2.909305107309201333e-02
-4.300637227006021135e-06 -1.709578460071359274e-03 3.598821156464593329e-02
-8.748158411675532875e-06 -1.337654579479097272e-03 4.691674630803133184e-02
-1.290818770871560162e-05 -8.483660794703640207e-04 6.119241579610346093e-02
-1.432433782722064564e-05 -3.331867743876504306e-04 7.552680699653713248e-02
-1.524058822210960784e-05 1.833359105553045154e-04 8.944983769142966779e-02
-1.212110618897810355e-05 5.752217584340524326e-04 9.854848680870365030e-02
-1.027384419982624308e-05 8.731667160131184602e-04 1.046121134595647817e-01
-6.780419357310663031e-06 1.036820656305392774e-03 1.060890021351785784e-01
-6.043693774548941633e-06 1.151032881473001979e-03 1.063293701601013552e-01
-2.704765842853618096e-06 1.143126570146257848e-03 1.023919476259873562e-01
-9.166343648558950008e-07 1.058297361649862545e-03 9.636257971064088323e-02
1.108708324260021527e-06 8.964090226970533593e-04 8.805701306973601206e-02
3.850157476392723765e-06 6.375030502032696944e-04 7.686093787496783847e-02
5.736142264733956608e-06 3.085701029649223770e-04 6.389459798519014910e-02
5.199841092373702622e-06 -8.202916213062572126e-06 5.198759964813159939e-02
5.644382241376533216e-06 -3.366205608922312464e-04 3.993168077749853495e-02
4.214412029801550830e-06 -6.210394024617205133e-04 2.983565059295223421e-02
1.042153146668667318e-06 -8.011374937917370431e-04 2.351906046930096750e-02
-6.680055646413052273e-07 -9.182031678721669365e-04 1.919176588304605247e-02
-2.054449957045179076e-06 -9.873016835241221756e-04 1.646530970321880005e-02
-3.825159395898225512e-06 -9.978718446531642527e-04 1.570555331107392760e-02
-2.708475710822000337e-06 -1.040909464496975190e-03 1.360389933073591351e-02
-1.684468169393937842e-06 -1.122983850933123584e-03 1.035118185897454524e-02
-1.355860712370926535e-06 -1.218313723945430027e-03 6.868037035750340635e-03
1.003275274635839764e-06 -1.385266750799307722e-03 1.004533482685143753e-03
1.478238428331835053e-06 -1.565740354067979290e-03 -4.878788014218926605e-03
2.012923837613200817e-06 -1.752740791773010898e-03 -1.080358348274090829e-02
2.571042517773847180e-06 -1.945538294389925760e-03 -1.674066834550913541e-02
3.745791515630259028e-06 -2.164003167350214696e-03 -2.339016892394196745e-02
5.271742961943104433e-06 -2.417710124444805153e-03 -3.098781190669086527e-02
4.510336346408294617e-06 -2.633328316134719849e-03 -3.690743777584160057e-02
4.818854560273422294e-06 -2.835061182022147186e-03 -4.234428969534009823e-02
3.310689059565774528e-06 -2.968422225661293545e-03 -4.527240322377545922e-02
1.330645238883931825e-06 -3.015915846795613753e-03 -4.538382845549193689e-02
-2.746435204148411913e-06 -2.915346028954157731e-03 -4.062549017414740504e-02
-3.706996146268792813e-06 -2.767671312810748852e-03 -3.490680132157564231e-02
-5.188208590967136047e-06 -2.574010375360646918e-03 -2.786663186658611124e-02
-3.870633001668011275e-06 -2.424724333578542890e-03 -2.274303390670828762e-02
-2.087485139634637221e-06 -2.341376232521064082e-03 -1.987495229044045075e-02
-6.725281203046051814e-07 -2.312657626174829950e-03 -1.875944330819656614e-02
-7.492473013126499382e-07 -2.285449595852639959e-03 -1.754381033915386467e-02
1.956392288837704996e-06 -2.340768838801410290e-03 -1.925456235961053864e-02
3.849036069869526955e-06 -2.458680030265170124e-03 -2.277885605999419028e-02
6.428580237916037277e-06 -2.651874579146173971e-03 -2.862181314022871348e-02
8.752739262707365242e-06 -2.906039052850029059e-03 -3.615874439729971357e-02
1.086126603744297370e-05 -3.206689286799790928e-03 -4.489924463759953355e-02
1.524904988303710240e-05 -3.620160052707377396e-03 -5.716371081548610178e-02
1.661642328198986718e-05 -4.049956071273119740e-03 -6.924403199811290932e-02
1.731247453506945533e-05 -4.462834196434450895e-03 -8.038211244499215979e-02
1.695032142712271650e-05 -4.825066205279449072e-03 -8.951651090202128458e-02
1.469851921576115217e-05 -5.075873030520927642e-03 -9.471406473681209803e-02
1.070494475641226018e-05 -5.162886060907090346e-03 -9.448412808035033805e-02
8.186725761083479824e-06 -5.141778775673011559e-03 -9.107971920907154129e-02
5.395876089497875228e-06 -5.021392357988818667e-03 -8.467525107610462953e-02
1.878995098181235335e-06 -4.787154074360921996e-03 -7.484364395814591120e-02
-2.008074716952634731e-06 -4.434875931588422304e-03 -6.159105213185256389e-02
-3.567335867815657480e-06 -4.043279039396607821e-03 -4.774422130548083842e-02
-1.802436543574259531e-06 -3.728820738951199587e-03 -3.705589237561568439e-02
-4.928708758900057774e-07 -3.481316774609832798e-03 -2.869987892922010175e-02
5.067236972244870685e-07 -3.286574536023656457e-03 -2.219271836592895397e-02
4.993989800139431168e-06 -3.250252908165163213e-03 -2.116264192370609365e-02
8.444111701422229999e-06 -3.339773818029856400e-03 -2.395930299113002704e-02
1.178816762270606944e-05 -3.539297738459068476e-03 -3.007700097942844764e-02
1.436676040245110642e-05 -3.813766930706119496e-03 -3.825669483638538537e-02
1.455444251785564802e-05 -4.075786125748548372e-03 -4.555475182325485761e-02
1.140175001168586277e-05 -4.209774134788624167e-03 -4.831640823943761376e-02
7.485023220787923037e-06 -4.185649496998622432e-03 -4.600451364093949280e-02
5.030821025098219934e-06 -4.057525876287271238e-03 -4.068510857563856220e-02
2.913688030847794153e-06 -3.850164150175028333e-03 -3.310508622771823894e-02
4.330018692488835086e-07 -3.559952158327828187e-03 -2.314116591859871619e-02
-3.653809144132935671e-07 -3.247867285956163030e-03 -1.296307357241577307e-02
-1.341659027209729516e-06 -2.918229726998289308e-03 -2.523275098026189767e-03
-5.535345100060595769e-07 -2.629419640974739458e-03 6.174289565333612728e-03
1.923309504103798417e-06 -2.439602943154928205e-03 1.138502788095641094e-02
4.151183628176013940e-06 -2.341180120253527619e-03 1.363810611808258244e-02
6.172618993272038779e-06 -2.319797088406572172e-03 1.346803835683729744e-02
9.251496090767474811e-06 -2.405071534479552575e-03 9.896047923533934920e-03
1.167331107976288251e-05 -2.572383483600781950e-03 3.953034932004495516e-03
1.362736363530459016e-05 -2.799467794251109254e-03 -3.621111319955350183e-03
1.523965652983072516e-05 -3.068727193193732106e-03 -1.224426115959964534e-02
1.536004508428945314e-05 -3.325235313893615263e-03 -2.007278533558087830e-02
1.454645210063887362e-05 -3.534898276743136947e-03 -2.613675501669554535e-02
1.193019400691497367e-05 -3.637267568488922187e-03 -2.853058182288048528e-02
7.634478482732021121e-06 -3.579293516740134073e-03 -2.573862037543506176e-02
4.245094142207861410e-06 -3.397503997898843053e-03 -1.928924140094290252e-02
2.536917922402182057e-07 -3.087582051324977428e-03 -9.021359695996267192e-03
-2.785373167446536513e-06 -2.689681200358728930e-03 3.576537659557121884e-03
-3.314454416258882929e-06 -2.298387881397800925e-03 1.536639115861593297e-02
-3.514588301278820381e-06 -1.932035624557015829e-03 2.601722570377784649e-02
-4.739528647768054270e-06 -1.556655600842282716e-03 3.673859068372387071e-02
8.421901394051189982e-07 -1.395539315580007766e-03 3.991507562995844083e-02
3.709224956516266047e-06 -1.367057203912391827e-03 3.914976220348709290e-02
7.303069661235284116e-06 -1.479604386353861045e-03 3.399620733078645429e-02
5.703258240341568808e-06 -1.554066811623400213e-03 3.064078136099501748e-02
4.633325125125153932e-06 -1.593975308954664882e-03 2.841264132929044450e-02
8.240921263169553868e-07 -1.508578200035914918e-03 3.036924734710577667e-02
-5.826754478022166950e-06 -1.200499666521470665e-03 3.940114032878705430e-02
-9.756833115437402171e-06 -7.581621342720445966e-04 5.209460841524116148e-02
-1.561720575438130254e-05 -1.285915125784908852e-04 7.037508653006074866e-02
-1.758750907843165123e-05 5.556818483036796152e-04 8.948679535565151610e-02
-1.771704449793354286e-05 1.221179505733860360e-03 1.073158701475791510e-01
-1.607737521291952021e-05 1.802853629000122915e-03 1.218958891074821693e-01
-8.430420128435756055e-06 2.096067924534872340e-03 1.266478287379060319e-01
-2.797344381688660064e-06 2.164332433312265991e-03 1.245016700054306646e-01
1.467652898989868504e-06 2.065612605250843892e-03 1.173869711159682971e-01
7.879234677155011468e-06 1.735784820733554668e-03 1.031732327496790447e-01
1.052663048217716835e-05 1.300645519219711943e-03 8.643364802683617398e-02
1.078268878984545154e-05 8.509054925965875427e-04 6.992511375139143226e-02
5.842754675189354430e-06 5.666751069537401264e-04 5.942831671649795311e-02
2.123806373655057200e-06 4.125987893661697825e-04 5.314737812238456982e-02
-3.229841210927730799e-06 4.336295655751332134e-04 5.257806595647362968e-02
-6.382650784120258436e-06 5.569006747864202467e-04 5.500830694055958148e-02
-8.101045424924180338e-06 7.288961670628424372e-04 5.876526539848381248e-02
-6.418477966008140356e-06 8.360253946985141127e-04 6.015610597304110740e-02
-3.286070389352246934e-06 8.302085420327509624e-04 5.792755277398287106e-02
5.630601696005044232e-08 7.090399959192028589e-04 5.220418173766550041e-02
4.689065513874268731e-06 4.330677212934785913e-04 4.177577802125442830e-02
5.687581833724308922e-06 1.235085482890196928e-04 3.089914011479821809e-02
8.121475660649579709e-06 -2.588972469343975291e-04 1.797616195324858168e-02
7.675280093266678705e-06 -6.207351144996708925e-04 6.283452386054211303e-03
9.161478164210201669e-06 -1.022830199333468748e-03 -6.471114455256277154e-03
8.095052631773569374e-06 -1.384462415932374846e-03 -1.741448783917043386e-02
6.705588854738486759e-06 -1.692172347562803658e-03 -2.636338460342457779e-02
3.289468842204712473e-06 -1.880240972341074013e-03 -3.121553740133986565e-02
-6.867672334154306668e-07 -1.928280272667115547e-03 -3.157298779745154604e-02
-4.301729556899225315e-06 -1.851029011032290228e-03 -2.809125354851937928e-02
-5.755869648682576667e-06 -1.724342882452711834e-03 -2.335401947767890007e-02
-7.692137002135446266e-06 -1.535513434338664496e-03 -1.679554364296764746e-02
-4.934195385386530575e-06 -1.437320807841313552e-03 -1.356911855328535310e-02
-1.187681547998309384e-06 -1.464785324081563367e-03 -1.436582973234612481e-02
4.322671794176891069e-06 -1.667410720081918818e-03 -2.065103004844548451e-02
9.560850998235892462e-06 -2.028014629348207087e-03 -3.158400089317625614e-02
1.388914601052615438e-05 -2.505156453341372824e-03 -4.571066676314927690e-02
1.816691128153635759e-05 -3.088683589124840978e-03 -6.269958878114634260e-02
1.921527349302287746e-05 -3.668583476846842828e-03 -7.884937937905212024e-02
1.884932066631428427e-05 -4.192287947424655492e-03 -9.270842060568806886e-02
1.513241597594916499e-05 -4.551597489748204772e-03 -1.008738618708759915e-01
1.127153904501021486e-05 -4.745070251324978727e-03 -1.037111392332787929e-01
6.164244544804020620e-06 -4.739843347282612918e-03 -1.002742145525741257e-01
3.966166982616314840e-07 -4.521426609037204614e-03 -9.034382186070932796e-02
-2.559791519196608078e-06 -4.194758935064379912e-03 -7.759818522892913961e-02
-4.328750641713341452e-06 -3.804774749920691868e-03 -6.335398041819884085e-02
-4.084878174159811692e-06 -3.420172548316946504e-03 -4.983200329933801243e-02
-2.599429367866612495e-06 -3.081018196402607323e-03 -3.817882945649886395e-02
-7.796160896522685846e-06 -2.566202333119105283e-03 -2.097068816832958760e-02
1.081670406277712715e-05 -2.664029291000735711e-03 -2.485028422908275303e-02
1.343291619726461050e-05 -2.867575886498552329e-03 -3.067598877819044390e-02
1.660186217322667801e-05 -3.162736491536644046e-03 -3.920473544573743752e-02
1.384802340009816390e-05 -3.354199056913254040e-03 -4.387924062324288776e-02
8.721125471344848279e-06 -3.364367582267879797e-03 -4.270235955366596947e-02
3.809606868854231720e-07 -3.095506436323391952e-03 -3.277599014867038640e-02
-5.431686690982040489e-06 -2.643574443268459362e-03 -1.771509451890462827e-02
-8.929634585430612503e-06 -2.103134583753885067e-03 -5.474105458083133868e-04
-9.057181887817122856e-06 -1.590342859223881078e-03 1.504631896758135134e-02
-7.091742067588668874e-06 -1.175947347618278016e-03 2.703368531714711587e-02
-1.611818207791770874e-07 -1.021573006949383355e-03 3.035754078335406447e-02
6.592989613807276328e-06 -1.109676470769649370e-03 2.618611213536548021e-02
1.493779196015676547e-05 -1.475571989910884341e-03 1.352044625555692825e-02
2.035928111832063792e-05 -2.007355966693102900e-03 -3.647942913253432451e-03
2.321966732432567682e-05 -2.608747713519266043e-03 -2.227974692731149453e-02
2.194295019508629707e-05 -3.135388943193762046e-03 -3.779860288566916360e-02
1.997675326170789134e-05 -3.565975815174926566e-03 -4.989222175264251824e-02
1.328547796786150315e-05 -3.749678779634280090e-03 -5.375545893592104107e-02
6.904814647046286780e-06 -3.703661014126780060e-03 -5.050320543573061371e-02
8.541939109374396821e-07 -3.451069640971082819e-03 -4.104436898091767816e-02
-3.620678334814719790e-06 -3.053981097112190568e-03 -2.754163613430993252e-02
-5.781489317957522189e-06 -2.598242556098195877e-03 -1.278890603257476499e-02
-5.840300519865948559e-06 -2.157400152639654678e-03 9.467687974606953105e-04
-2.738084806663820814e-06 -1.840900985161209036e-03 1.026727083679634944e-02
1.633372495590812434e-06 -1.688477013090938783e-03 1.421958694865876893e-02
5.454042079522380959e-06 -1.675871225687908250e-03 1.381873979586467627e-02
9.463556023603381107e-06 -1.798675860094078871e-03 9.281859029863559485e-03
1.163815492510877903e-05 -1.988559422302582647e-03 2.947886865096727149e-03
1.014679733235546166e-05 -2.115456419345740358e-03 -1.034479064322635367e-03
6.414065983451067154e-06 -2.103934384437344818e-03 -5.289354031388082689e-04
3.229707578267237977e-06 -1.981443992758347150e-03 3.308009589102933745e-03
-1.402410265027853598e-06 -1.712242702417654527e-03 1.160192861650499729e-02
-4.969803085841384416e-06 -1.341931137629037707e-03 2.266990195181062262e-02
-6.558080620222561663e-06 -9.507117438438683621e-04 3.392036115281493736e-02
-5.644600277188160931e-06 -6.279770660397865356e-04 4.259567221779159141e-02
-2.581137309443093386e-06 -4.453116070470830579e-04 4.661136764699924662e-02
-1.102756109760960612e-07 -3.734014311915778705e-04 4.717967903828257370e-02
4.413785006263104549e-06 -4.682059843641450669e-04 4.252527380752479935e-02
9.485528126185194253e-06 -7.363606177690495969e-04 3.269272491570074379e-02
1.477653104420273422e-05 -1.169117126025964737e-03 1.812179710246608622e-02
1.574362835821130346e-05 -1.606737411401049087e-03 4.103819722210966248e-03
1.400290222264288786e-05 -1.946089892384428310e-03 -6.334961388543280947e-03
9.378342604615674816e-06 -2.091123620577617359e-03 -1.036604289538423096e-02
3.066111301408547263e-06 -1.992332616719716398e-03 -6.741884822062838012e-03
-2.913989350261658728e-06 -1.676526503723962946e-03 3.367500429851233434e-03
-9.171952719322362668e-06 -1.154614175031154488e-03 1.947461780392623076e-02
-1.112390619106840006e-05 -5.894926063394478888e-04 3.616186987350999971e-02
-1.035986869879490513e-05 -8.869905032948821599e-05 5.023267968630995561e-02
-6.687176701936081713e-06 2.445578418865945736e-04 5.861003441714984774e-02
-4.386323147587134486e-06 4.598944280647110361e-04 6.323424061087945525e-02
7.306438459808717312e-07 4.601318771080276093e-04 6.098644689452825673e-02
4.381216363480433529e-06 3.251060671858319040e-04 5.481035444834181369e-02
7.658694266776677750e-06 8.296415335529161439e-05 4.558085039901293989e-02
5.675148617489966796e-06 -7.444076006901667597e-05 3.952450689948427964e-02
4.808453513027721726e-06 -1.815965269948982552e-04 3.510867292559027852e-02
3.161714111632463187e-07 -1.250639698857636262e-04 3.601393266200592080e-02
-2.606284621564647352e-06 2.795285975021322145e-05 3.972506075615855892e-02
-4.490009076763001872e-06 2.244814540490747135e-04 4.458126174211129999e-02
-3.209473222187675390e-06 3.449472225058869412e-04 4.678759214535865851e-02
-6.155360430248890680e-07 3.396340218462245986e-04 4.502102520836492872e-02
4.591271985598943672e-06 1.236351654674283651e-04 3.674146506310638216e-02
8.820080272142760691e-06 -2.556424138695501114e-04 2.379981006726139547e-02
9.866718516660100136e-06 -6.705264291042567493e-04 1.034636318366422003e-02
1.324706872096736987e-05 -1.179940575361193567e-03 -5.707495692123920605e-03
1.179664876205244184e-05 -1.607685012612547482e-03 -1.851938071287784204e-02
7.379680093899665394e-06 -1.840474226108224087e-03 -2.484502811354816210e-02
1.838646432217316828e-06 -1.842223882304594440e-03 -2.388760770146425294e-02
-1.799330630269935227e-06 -1.686529455110497011e-03 -1.827177416914116392e-02
-4.795800266577110449e-06 -1.413013558730247254e-03 -9.279435787440837302e-03
-6.086583195341610519e-06 -1.094749936873418150e-03 7.066513941131891130e-04
-4.430628131046887574e-06 -8.460209717173761135e-04 8.109707831808421474e-03
-3.646578331517602578e-07 -7.579077876262996227e-04 1.026553268021590526e-02
6.341799830278382899e-06 -9.209243614602957706e-04 4.564287780904896508e-03
1.143329896713396465e-05 -1.273250779595391791e-03 -6.644510646877099802e-03
1.664204171292205103e-05 -1.803032918467950552e-03 -2.292860770645388513e-02
1.684172682425710832e-05 -2.324364791115973716e-03 -3.819925214223451881e-02
1.392348841233737033e-05 -2.716438589869030196e-03 -4.891528857018601073e-02
7.891300736750928024e-06 -2.866945182213198606e-03 -5.179241821490188080e-02
-5.596432748333768359e-07 -2.695143460920590428e-03 -4.464447042573760349e-02
-6.603780201230868840e-06 -2.295596777363018148e-03 -3.090981337041509569e-02
-7.921227187179802343e-06 -1.849483119170880485e-03 -1.642129846088469236e-02
-8.753888277701626919e-06 -1.388238179760303836e-03 -1.926709982012386746e-03
-4.306671915976778564e-06 -1.101207307050655615e-03 6.554480205903878698e-03
2.176801474629286304e-07 -9.974807868706747627e-04 9.202687195530634412e-03
5.308257948200001408e-06 -1.091416461246774716e-03 5.729014760072148604e-03
8.154810068328188777e-06 -1.297674287167538409e-03 -9.385931526426638527e-04
7.064567357661921676e-06 -1.469325968463053300e-03 -6.146111936319531566e-03
4.174623747688066544e-06 -1.537365723760730774e-03 -7.952991303675993606e-03
2.313891269700718567e-07 -1.461937022540826803e-03 -5.281870253225129375e-03
-4.276648488565903961e-06 -1.221556980983473650e-03 2.365897562900176609e-03
-9.650782738290786256e-06 -7.852598750572870046e-04 1.580374883833202126e-02
-1.109858917336392636e-05 -2.924925689760105030e-04 3.036684565368785726e-02
-1.069370813544523457e-05 1.836326040700608786e-04 4.390438660677919991e-02
-4.805943137120571862e-06 4.482528361189341837e-04 5.033123305000408720e-02
1.872635212119000414e-06 4.681190520290368084e-04 4.908443689227381945e-02
8.271573284202027310e-06 2.552676061251535344e-04 4.080845051360815212e-02
1.125116440880979951e-05 -7.089819870431668392e-05 2.949516464773749291e-02
1.017932554581157945e-05 -3.652982163118156933e-04 1.967914618805588489e-02
6.614150939499019444e-06 -5.388356290612072996e-04 1.394729428634766677e-02
3.396854050263797831e-07 -4.977535882648709276e-04 1.504426150133331141e-02
-6.234781336211803193e-06 -2.368564363188774280e-04 2.280350850952150843e-02
-9.746195482107644636e-06 1.339256571266655982e-04 3.352803143673122044e-02
-1.003537287547207058e-05 4.983492846890591466e-04 4.359228059806508071e-02
-7.694858157769601803e-06 7.661664221174646627e-04 5.030596770710071830e-02
-1.912501347844930422e-06 8.180356278635336764e-04 5.009356349962335031e-02
7.114843550093397084e-06 5.476959028174466226e-04 3.994334663731979873e-02
1.175004290066006263e-05 1.111076560174062422e-04 2.525392753535049550e-02
1.727063001866202541e-05 -5.110381298363275704e-04 5.310081196120641778e-03
1.824728297494804252e-05 -1.157916542745107691e-03 -1.458266920364037489e-02
1.451432510668482223e-05 -1.658675580656243653e-03 -2.922695691834897858e-02
9.175314662379641106e-06 -1.954918121407356324e-03 -3.715486943942192255e-02
5.432803910188077623e-06 -2.101462545099908041e-03 -4.037867774346470817e-02
-3.396291704538256795e-07 -2.031764162335525370e-03 -3.683853779956547392e-02
-2.902673573057512613e-06 -1.860650917840045437e-03 -3.047891128310031839e-02
-2.797498950712906662e-06 -1.683315476858737725e-03 -2.423884013966626227e-02
2.009096020660905424e-07 -1.603229068178224637e-03 -2.127373830833234614e-02
4.306037851842248187e-06 -1.662446614394408329e-03 -2.268272369309998204e-02
6.523366882116299337e-06 -1.798055214869087592e-03 -2.628687047236333285e-02
9.376442749342572824e-06 -2.030385464325545897e-03 -3.275896245082621228e-02
1.131399478937478165e-05 -2.328847179943416279e-03 -4.101193920936108128e-02
1.015349119404262979e-05 -2.585327612895094163e-03 -4.760663913548479620e-02
7.711293491419191071e-06 -2.752143709774168556e-03 -5.122761205304837695e-02
3.283704762879757766e-06 -2.758840907476134419e-03 -4.978620312166648354e-02
1.441435207971686339e-06 -2.689676852203115587e-03 -4.619871077049131358e-02
6.220887769359251251e-07 -2.578866095340304199e-03 -4.149206585051423701e-02
2.314830701788395118e-06 -2.506597379383412871e-03 -3.819988155681430797e-02
6.145961706893743326e-06 -2.544441026226529345e-03 -3.844131624233337874e-02
1.059359291633032996e-05 -2.712048556396728927e-03 -4.264240022700849231e-02
1.345726828749782555e-05 -2.955276020518704527e-03 -4.894829726039429119e-02
1.340582838160742085e-05 -3.178439804278232472e-03 -5.434005089253446386e-02
1.153891634397830046e-05 -3.324713774732535043e-03 -5.717106314813324985e-02
8.580015191106404870e-06 -3.360847844342984558e-03 -5.653495977381894910e-02
3.143663636406834883e-06 -3.208304494758840164e-03 -5.008772525006577325e-02
-1.849835139289268682e-06 -2.883903008491284226e-03 -3.863572783668312027e-02
-2.735531905995181035e-06 -2.533040657597407375e-03 -2.690033676782510597e-02
-2.912683354727718665e-06 -2.180312052571409254e-03 -1.547540924047052791e-02
-1.638252088431713105e-07 -1.923119755005142650e-03 -7.407750971034410270e-03
1.857938453531104983e-06 -1.736245319828855216e-03 -1.673552865784078136e-03
6.483567295600956015e-06 -1.708488828829901607e-03 -1.049866923769515736e-03
9.515872466003827412e-06 -1.785758306862339495e-03 -3.559666629512792113e-03
1.148614767632061273e-05 -1.930898047248552629e-03 -8.011759803656870460e-03
1.026521512070832642e-05 -2.037898567742724154e-03 -1.104541613759257856e-02
7.085169058007600995e-06 -2.041268679975560829e-03 -1.076901779425321060e-02
4.616709323390644215e-06 -1.970337729898963275e-03 -8.284430196924041923e-03
1.400843902321646794e-06 -1.798085935180937511e-03 -2.763983450027263089e-03
2.731239420183939615e-07 -1.592782874108022995e-03 3.513391965669354633e-03
4.656027219329672562e-07 -1.395492862674041490e-03 9.317386046275188960e-03
3.953780134291484671e-06 -1.316330379419028418e-03 1.123815088604862567e-02
8.165557070505258253e-06 -1.378649025403078099e-03 8.789311332672911092e-03
1.148642169557234638e-05 -1.549341184740482547e-03 3.166825848599730264e-03
1.355270844671796482e-05 -1.786921609274738643e-03 -4.270474015529268641e-03
1.416527783493215509e-05 -2.046266160808496437e-03 -1.209734489462910290e-02
1.137123895722513822e-05 -2.213428660873706377e-03 -1.676818510247835015e-02
5.897736046533985643e-06 -2.199117555316432160e-03 -1.570165503428633258e-02
2.602082379454806471e-06 -2.084233322639850172e-03 -1.171507124424975288e-02
-5.117352985806178367e-07 -1.877004096883849726e-03 -5.052833749858987034e-03
2.795667390920186790e-07 -1.706236531474836227e-03 1.616351656108516721e-04
1.614703818653140388e-06 -1.586654759054173525e-03 3.660833886142356164e-03
4.497518184543025654e-06 -1.560958390800282203e-03 4.164944900679978801e-03
7.653108127114727210e-06 -1.631914881008000862e-03 1.724874559239530925e-03
1.028221141419205509e-05 -1.779578616001753488e-03 -2.944362870733074899e-03
8.796125806953547510e-06 -1.862601778306771649e-03 -5.361640808218881560e-03
5.404042940915232407e-06 -1.818030905556877741e-03 -3.779191493159750337e-03
-3.402174403310809225e-07 -1.576983625093175689e-03 3.781026002024567845e-03
-7.416357620804170381e-06 -1.105912621752969116e-03 1.811971128176170787e-02
-1.329514021375377553e-05 -4.590446152175076122e-04 3.730165477971869592e-02
-1.270592781144053163e-05 1.300574417637534452e-04 5.392352089233520829e-02
-1.183085009448525682e-05 6.507898568421932595e-04 6.798820120838522385e-02
-5.204176602657817341e-06 9.081381792532816633e-04 7.346341385799037838e-02
-1.166514264072660012e-07 9.661079963854124486e-04 7.282245506642337496e-02
5.144004465607032728e-06 8.336185668800233373e-04 6.644665534285354447e-02
7.288477781086655227e-06 6.278136000648082415e-04 5.816512407224005976e-02
9.929030688304862906e-06 3.361007818076799936e-04 4.751171876324389309e-02
1.032940872125465148e-05 3.444848516331866506e-05 3.695144063349320440e-02
9.944185117571890942e-06 -2.496178176949470640e-04 2.725969853615239913e-02
8.452478885256908825e-06 -4.791624267803662462e-04 1.953916153144419354e-02
7.542883535882616286e-06 -6.739449643018424752e-04 1.307474191829816057e-02
1.011359313640713964e-05 -9.516921462504601692e-04 4.169908890873541552e-03
1.105630124209611154e-05 -1.248061986969473125e-03 -4.968245890998534975e-03
1.096003818124025031e-05 -1.518236633882397157e-03 -1.300411816476332305e-02
1.021358197139665691e-05 -1.737479672219377491e-03 -1.924199759662403864e-02
8.452392053492907564e-06 -1.872825847872849891e-03 -2.272912184460085250e-02
8.577990474822883016e-06 -1.995504401651304605e-03 -2.580476798573494435e-02
6.141388435132455470e-06 -2.025973304738082348e-03 -2.592125741358652924e-02
1.543125640490750072e-06 -1.898570874322880186e-03 -2.119953387121831234e-02
6.707639547132160374e-07 -1.751302394044307320e-03 -1.615500316452811447e-02
8.889078676466155571e-07 -1.628988584372992321e-03 -1.205228958545512263e-02
1.778715512212869498e-06 -1.552669021554597961e-03 -9.478972665337703774e-03
1.822799838846478337e-06 -1.489529756842689068e-03 -7.346247959826524010e-03
1.960482343799085925e-06 -1.435283048717428400e-03 -5.541605755034373360e-03
1.530971560304017487e-06 -1.365136408356004694e-03 -3.285587737546391551e-03
-1.105120758904121203e-06 -1.198838276798230851e-03 1.885897524248836277e-03
-1.326367785714488434e-06 -1.023754454411829329e-03 7.084912294702094826e-03
-3.147173178175144415e-06 -7.911428430853462146e-04 1.391926011457789158e-02
-3.434795972423465571e-06 -5.594193270761493864e-04 2.047015846157473895e-02
-3.382625645587111762e-06 -3.472877662473727867e-04 2.622262069814462748e-02
-4.360393165203646504e-06 -1.212361340128254028e-04 3.226056596050130842e-02
-2.226916837377856950e-06 9.555956514750718611e-06 3.514252784555793596e-02
-1.933368890094655512e-06 1.146705205123943472e-04 3.723441765000701231e-02
-5.272072769124669378e-06 3.293860081217125924e-04 4.269992295634827961e-02
-5.820439596959658957e-06 5.598961730197693498e-04 4.839194067258478782e-02
-8.967389808156589481e-06 8.970307440714364589e-04 5.722429943559559362e-02
-9.925873533100926238e-06 1.263916460986669321e-03 6.662372467219968009e-02
-9.497140838643503002e-06 1.605722685534827221e-03 7.494429363918886366e-02
-7.588758790921801278e-06 1.863398077486921878e-03 8.043144979752603341e-02
-3.556204392629602751e-06 1.960638687849902695e-03 8.084987430178047774e-02
1.708788577858832980e-06 1.855426470911636372e-03 7.511215532575565845e-02
7.621473304020298656e-06 1.534706866879842480e-03 6.302988303678169757e-02
1.131550213651077996e-05 1.087871056004940939e-03 4.757857673420051725e-02
1.292058334967371991e-05 6.010332594721390365e-04 3.144898830564746284e-02
1.132003218662358535e-05 1.958799758707829852e-04 1.836438479692747983e-02
5.892180446998018795e-06 1.054400994404680603e-05 1.241674419370109028e-02
6.880134111320046486e-07 3.018856001801850653e-05 1.281094801213211731e-02
-6.126099552528074810e-06 2.967478548649982173e-04 2.068172660649669758e-02
-1.130015844530429803e-05 7.341195175725179212e-04 3.340720795289842115e-02
-9.741288410691772981e-06 1.086073752017746585e-03 4.295800174163866281e-02
-2.784550706125266117e-06 1.150956105224087977e-03 4.339787122776184169e-02
4.888393102309152027e-06 9.101899582713013359e-04 3.459467425132656260e-02
1.221167881193530036e-05 3.890933632197945968e-04 1.761681807674420064e-02
1.852588343387306935e-05 -3.551944116204630575e-04 -5.546674656914607482e-03
2.095389945711012558e-05 -1.168209762970606747e-03 -2.997103435663883708e-02
2.089928651327621623e-05 -1.947731606271929650e-03 -5.258570811835294734e-02
1.804641437541665283e-05 -2.590585073458662180e-03 -7.033010093776437266e-02
1.350582577497316805e-05 -3.036099707458550512e-03 -8.155495255151401501e-02
8.008031982531527149e-06 -3.256127796964047860e-03 -8.562990114860502544e-02
7.624856213750419442e-06 -3.436984418414557041e-03 -8.857118837585531423e-02
1.042360248804108380e-05 -3.696597455135508525e-03 -9.390273019326267345e-02
1.202349686901804660e-05 -3.992301190912650455e-03 -1.001288487785880754e-01
1.532079665123031731e-05 -4.374600420503416132e-03 -1.088321632997568678e-01
1.648225618389176361e-05 -4.762726712525422457e-03 -1.173873843566590747e-01
1.441498113163852679e-05 -5.039309855483287137e-03 -1.222313694785297500e-01
9.755594939542255872e-06 -5.114836684660284405e-03 -1.207991732673123764e-01
4.203339875274991755e-06 -4.965847703635395405e-03 -1.126242120100962030e-01
8.096480996755417436e-08 -4.650525997674570533e-03 -9.972739018267318123e-02
-1.196668965919300831e-06 -4.279793513806362526e-03 -8.563431497889339994e-02
-1.298541513983231255e-06 -3.906317438481465842e-03 -7.191574628265695601e-02
5.767626043429174842e-07 -3.602011031689444920e-03 -6.074594912639619260e-02
4.882421116292334773e-06 -3.450130590243238871e-03 -5.456826153066263174e-02
6.870477759268744933e-06 -3.363271975687753823e-03 -5.045606846313521743e-02
9.234133454771864535e-06 -3.348841067716490372e-03 -4.865614441532861711e-02
7.421183973677081269e-06 -3.257059879800072721e-03 -4.445252532637389287e-02
3.668623253294533981e-06 -3.020492329004476062e-03 -3.595699217999115405e-02
3.424590588885223497e-08 -2.652596998787615235e-03 -2.376696046479742641e-02
-2.202813090712574251e-06 -2.210006840054568045e-03 -9.731389972336357275e-03
-4.141856130623899901e-06 -1.711878785784604062e-03 5.550690880063546828e-03
-8.761023271297574411e-07 -1.345582493671892976e-03 1.626060592392830628e-02
3.067010764579158888e-06 -1.134137015540437332e-03 2.197789430723751103e-02
5.476673163418155355e-06 -1.019584884797142266e-03 2.465763020389588611e-02
9.984738075674570723e-06 -1.067675349605501367e-03 2.230803128629266219e-02
1.071683614872753765e-05 -1.139839176547141619e-03 1.941516805828302772e-02
1.032128914935093178e-05 -1.198041083933176765e-03 1.705652303448701446e-02
9.848242480514635133e-06 -1.241604114297079064e-03 1.520866261129494301e-02
4.356294539986649283e-06 -1.101394446026526808e-03 1.907999296586804228e-02
2.080437845219940129e-06 -8.998916031937032045e-04 2.458582068809933574e-02
-6.339168437952125146e-07 -6.297214131292250272e-04 3.200531127583872149e-02
-2.316730764340135806e-06 -3.308882565213888682e-04 4.003986251021363074e-02
-2.697380216631906080e-06 -4.864752896471813415e-05 4.730650181471385274e-02
-1.636098704294042250e-06 1.714619519201932007e-04 5.245770597463794704e-02
-2.188101584810198119e-06 3.954706194955193155e-04 5.762536001815754538e-02
-1.242072949714234653e-06 5.768446344229793965e-04 6.132390997639181052e-02
-1.250281110642958993e-06 7.530333677618905597e-04 6.478684113922184018e-02
1.880756332117705654e-06 8.130730532531771360e-04 6.457461842665046525e-02
6.893779584071779709e-06 6.870264127039060753e-04 5.872572088281102776e-02
1.233988523630102918e-05 3.597832801796041480e-04 4.699140674965229802e-02
1.792666390598718351e-05 -1.747606508279986315e-04 2.936780552309015135e-02
2.159938006285333501e-05 -8.485611768047629511e-04 8.126633787097659045e-03
2.149777119542228832e-05 -1.520970581809111266e-03 -1.234863087982596142e-02
2.028038523715913755e-05 -2.142059834333354118e-03 -3.064620315849808652e-02
1.589412999147832295e-05 -2.591701974025806265e-03 -4.317041601854676447e-02
8.378915685947063707e-06 -2.755065020235925033e-03 -4.664590268895141278e-02
1.566185330426073108e-06 -2.658171748762150344e-03 -4.221907226975185612e-02
-3.052480362919496315e-07 -2.482304234381338404e-03 -3.567433016769339105e-02
-1.549502997133522797e-06 -2.254578098846993228e-03 -2.778075882453290291e-02
1.134624879606249692e-07 -2.082235271921861752e-03 -2.185595743659918266e-02
1.681857985103007991e-06 -1.966235582244513225e-03 -1.779731017418084704e-02
1.911314188141055581e-06 -1.863923072390250013e-03 -1.424030142613286198e-02
6.792174612746393336e-07 -1.722994813463163410e-03 -9.593646466448668697e-03
-2.057616697803688055e-06 -1.487370854955649691e-03 -2.203149598748455062e-03
-6.291001605762680526e-06 -1.105311609615133861e-03 9.401179693303340912e-03
-1.011335361189580340e-05 -5.921325208813055241e-04 2.459107581027042411e-02
-1.047760752648230209e-05 -7.349800524458771633e-05 3.941663552125851400e-02
-1.178625681119704893e-05 4.793576437056579209e-04 5.485431241324867369e-02
-8.667782131488444008e-06 9.033127202897617281e-04 6.586365999753307499e-02
-5.968947904388954839e-06 1.208352519344479958e-03 7.298877193774455652e-02
-4.209203713467779551e-06 1.426595061358559846e-03 7.732050960862835165e-02
-2.447648314918282608e-06 1.559479045533329611e-03 7.896463643097750840e-02
-3.211492681676197947e-06 1.698365030492698935e-03 8.079949219595128351e-02
-4.905603366633926044e-06 1.878476869633383117e-03 8.384024078419727299e-02
-7.760277742741017448e-06 2.144320695218526751e-03 8.939320198613542878e-02
-8.157234264505319743e-06 2.408392993627606060e-03 9.467658387775623741e-02
-8.255121905054174647e-06 2.662074912398004756e-03 9.948981806816248330e-02
-3.802585819445702953e-06 2.743438449640978050e-03 9.889308618235048698e-02
8.966739817317659345e-07 2.644220217681070295e-03 9.289356052510955308e-02
5.022661319520338452e-06 2.387875787138726835e-03 8.237166172872611991e-02
6.207655024015323875e-06 2.082069725003687921e-03 7.074139181777872043e-02
7.399063288282548001e-06 1.727287312847991529e-03 5.798409901694245860e-02
6.073433155617813384e-06 1.418121358010449029e-03 4.702817096026712385e-02
5.073671265454215984e-06 1.147979612029059737e-03 3.756076660243845566e-02
5.540411883275808691e-06 8.671992807871564679e-04 2.802334051658383896e-02
7.528524016198190338e-06 5.295289621463084018e-04 1.703244755017441214e-02
1.165977212547186781e-05 6.470056195673201671e-05 2.508294591548221319e-03
1.515859668621555301e-05 -4.984568122345933716e-04 -1.452152676189000235e-02
1.568622980263612021e-05 -1.048631495745189213e-03 -3.059660476701497878e-02
1.496461803252024936e-05 -1.546244804305985099e-03 -4.460103215506561192e-02
1.284870082962630278e-05 -1.946184537866102460e-03 -5.523860167671434951e-02
8.035191621957871178e-06 -2.160977942296860022e-03 -5.995951350104922195e-02
5.378672993661126611e-06 -2.276161471901350097e-03 -6.160588145089818113e-02
3.497583355605016209e-06 -2.326567815359004143e-03 -6.128123750137393078e-02
1.515884524350141760e-06 -2.311826322353605079e-03 -5.901238952231013801e-02
5.117950560906692203e-06 -2.432618402751884901e-03 -6.099381967288475259e-02
7.755269017528654274e-06 -2.651709452511141762e-03 -6.584254012329249228e-02
9.105835577116749846e-06 -2.919092220201147114e-03 -7.196963677118162206e-02
1.024197529198023204e-05 -3.219890266949354540e-03 -7.891201607934017481e-02
6.231223151798026549e-06 -3.364225761753214528e-03 -8.084900267079553338e-02
4.081498099495206588e-06 -3.412499757740938833e-03 -7.988639630368521427e-02
2.183807112920987947e-08 -3.293386733203007566e-03 -7.389131985950436743e-02
-2.646680301809922753e-06 -3.054217177993256982e-03 -6.450113600408269310e-02
-3.142732006189419280e-06 -2.774573550956116463e-03 -5.421936865759680035e-02
2.181872997830680561e-07 -2.591426842907251782e-03 -4.721208123550335589e-02
4.661241362224899376e-06 -2.543421232982678859e-03 -4.448443619875086519e-02
9.054283824472264541e-06 -2.630965989220523937e-03 -4.590178568392833114e-02
1.082201659019510487e-05 -2.763404187464901796e-03 -4.857231644206838617e-02
1.028566052263535369e-05 -2.857886362076955677e-03 -4.998069413567551855e-02
1.018773411765039327e-05 -2.931517178337950114e-03 -5.073354678667507667e-02
8.489751868623329756e-06 -2.926528486881574409e-03 -4.907522439488298804e-02
1.080981692513915959e-05 -2.984182521481359984e-03 -4.942401624171210983e-02
1.245987675058124466e-05 -3.078920686603314749e-03 -5.085917336474143902e-02
1.427079352012139424e-05 -3.214986717115397852e-03 -5.349398616478284740e-02
1.364088816546704663e-05 -3.307716310240405022e-03 -5.470604644452836673e-02
1.585576525575671525e-05 -3.464214253560138346e-03 -5.785328697966529710e-02
1.417701667238979724e-05 -3.551992701373185568e-03 -5.877558114314496152e-02
9.477465509055704729e-06 -3.467854431040473528e-03 -5.446494075205421392e-02
4.862332950827941147e-06 -3.225595804618119899e-03 -4.555216262438088748e-02
-2.245960805113966785e-07 -2.814437475973097236e-03 -3.183665980603156420e-02
-3.624147924208287463e-06 -2.300660241037810749e-03 -1.548690763067073206e-02
-6.518073797479040365e-06 -1.707943797491395799e-03 2.733122282896349731e-03
-4.667786098977444453e-06 -1.208094783250679427e-03 1.754541150019361950e-02
-1.145507376842935798e-06 -8.612835533594598303e-04 2.730837348722403579e-02
1.472452418105341110e-06 -6.335922520923631396e-04 3.323479100902382299e-02
2.845214219227010233e-06 -4.815038594767617752e-04 3.674565198546220213e-02
2.163852195202764506e-06 -3.316678389815308492e-04 4.012301992446165588e-02
-1.653024324310692350e-06 -7.546383886847252143e-05 4.663950762331392497e-02
-7.338341441176510216e-06 3.524505496619312339e-04 5.813572234485708812e-02
-1.031902779258242475e-05 8.525944009187824690e-04 7.140679346498945979e-02
-1.091871530556343117e-05 1.339760645759691116e-03 8.385821108829150106e-02
-5.652330771543923049e-06 1.606072049944673452e-03 8.923575180065612678e-02
-5.817634445293151657e-07 1.667703667527886680e-03 8.833943195374283075e-02
5.501691749065784620e-06 1.496557979271617711e-03 8.049260798738189226e-02
9.585885998752985415e-06 1.172740193700061440e-03 6.834771858867594307e-02
1.108138759764454306e-05 7.967980158005705249e-04 5.504825593152684604e-02
9.053682420656627983e-06 5.001497743768457127e-04 4.457302748267499837e-02
6.115378405335825107e-06 3.192736347572555644e-04 3.788606019080320575e-02
3.916729544362063109e-06 2.292100246785722106e-04 3.410156626244564837e-02
2.848171175462432814e-06 1.878747488528453857e-04 3.186791339347105900e-02
4.998639685505068542e-06 7.942904631264013915e-05 2.764255047679875510e-02
9.104719562058605220e-06 -1.644933415110294561e-04 1.946116428762578732e-02
1.059345400233890899e-05 -4.508955572843920123e-04 1.029178751878923048e-02
1.352745347571460144e-05 -8.306454231268300958e-04 -1.420500791314061040e-03
1.417210433962701188e-05 -1.220853901990226476e-03 -1.306417017971395200e-02
1.274280414220729796e-05 -1.549257904615686243e-03 -2.248590976822339993e-02
8.797083088096790959e-06 -1.723699134072331773e-03 -2.698821363417835961e-02
7.727326544748613912e-06 -1.847930227933947123e-03 -2.990067441945643001e-02
7.222061538247892543e-06 -1.942613080417432414e-03 -3.185230248157244759e-02
1.019194247742216675e-05 -2.129506052028107277e-03 -3.655341469714401548e-02
1.151564289569861899e-05 -2.351770023176991131e-03 -4.214938611616136921e-02
1.177629375692657021e-05 -2.571889629124468613e-03 -4.750127322278935305e-02
1.136065800533270220e-05 -2.771334043705220296e-03 -5.206987948520946929e-02
9.278142180546566919e-06 -2.896382386659013264e-03 -5.425866291799669172e-02
5.572674228293550414e-06 -2.894578703211081461e-03 -5.257122847193751447e-02
3.427140168432707412e-06 -2.823332505998976671e-03 -4.888159295859295650e-02
1.675699230152538632e-06 -2.695091558092110873e-03 -4.360283718455087998e-02
2.077919013521167813e-06 -2.582910870251087232e-03 -3.898861625489080662e-02
1.942202690119465558e-06 -2.464671388864525525e-03 -3.432111842406726510e-02
1.472772483968043389e-06 -2.328713033293405843e-03 -2.925786399138513572e-02
-4.424490270826808569e-07 -2.124092919143061309e-03 -2.227376582284484874e-02
-1.969623051545354997e-06 -1.869427752443142410e-03 -1.400817509176688347e-02
-5.090577116284578096e-06 -1.507248895032065050e-03 -2.753882866964874054e-03
-6.638966823846459420e-06 -1.095070880358761656e-03 9.639740249209216572e-03
-6.544631425575708761e-06 -6.906420147163583323e-04 2.141466438485023493e-02
-7.294436154825501006e-06 -2.640340020485520967e-04 3.351522189537819996e-02
-8.549316212580482244e-06 2.062310643562437207e-04 4.656956235708686886e-02
-7.591350547953013006e-06 6.387455652678841744e-04 5.808187675338449818e-02
-7.140348016188013958e-06 1.046842978713380390e-03 6.853034675771219053e-02
-9.505353440575348145e-06 1.525184816231650586e-03 8.080119973190225124e-02
-1.107356785240432018e-05 2.034647213847495806e-03 9.362554774016340620e-02
-1.147928242334339544e-05 2.525385925435497114e-03 1.054958505615974929e-01
-1.301450825824668200e-05 3.031180636839048148e-03 1.174776790248024394e-01
-1.084579864751855638e-05 3.419968487280655722e-03 1.255688822755532952e-01
-8.278569511799283021e-06 3.685055634995881846e-03 1.297275253893741542e-01
-1.771323922150624952e-06 3.695124451653875042e-03 1.261086573317568016e-01
7.675248079652696731e-06 3.358998987822658933e-03 1.122348706238481819e-01
1.687098510894102787e-05 2.701218101369695646e-03 8.917975988731574599e-02
2.257777660691351329e-05 1.856523821391675710e-03 6.127168951184458479e-02
2.347242507599878181e-05 9.976563970239826773e-04 3.382116981545035816e-02
1.821089346559778832e-05 3.398185157919009214e-04 1.324990285713462113e-02
1.170799003208378153e-05 -8.334916188212915245e-05 2.999902384500652275e-04
2.694478126175070543e-06 -1.883945468206249529e-04 -2.747885349495715612e-03
-2.697917141691874576e-06 -1.125777578565578807e-04 -3.520456285590056744e-04
-3.839179453346552862e-06 -8.654612305258879701e-06 2.764243824972867358e-03
-1.052821383795699006e-06 -1.254674322326287950e-05 2.529447414406360561e-03
1.627776526236246468e-06 -1.136157781720381621e-04 -5.943972845935951987e-04
2.934521223407760004e-06 -2.603629592683454064e-04 -4.973018442811061313e-03
2.337804143048849426e-07 -3.119506691175999435e-04 -6.339839178646833329e-03
-3.036313246773669761e-06 -2.547477841419176769e-04 -4.416480289385071867e-03
-4.715860128678972529e-06 -1.522110047362801311e-04 -1.216623065567523643e-03
-5.362895381333387945e-06 -4.120602540913509415e-05 2.130422310064439273e-03
-4.099924878819827256e-06 1.577098603489091033e-05 3.747848250057250752e-03
-4.222028801570409939e-07 -6.171956415457202638e-05 1.281501762676495737e-03
3.433721789847243855e-06 -2.685976617207153083e-04 -4.970555860524750180e-03
7.937794241630324876e-06 -6.182512871191203629e-04 -1.530190634459122068e-02
7.125721245559990535e-06 -9.156625986126432082e-04 -2.371089265588455230e-02
6.753545270521410515e-06 -1.180349213716791468e-03 -3.090213631898758306e-02
3.539296771382094420e-06 -1.313612694236576672e-03 -3.393065591394328617e-02
-1.321348520044729469e-07 -1.304045052933799909e-03 -3.260570756455810626e-02
-2.135808129855032433e-06 -1.211754388774188840e-03 -2.887027282449189380e-02
-3.053159986110554058e-06 -1.076105627962009592e-03 -2.396334718075471271e-02
-2.646213568269217831e-06 -9.440774052964506780e-04 -1.932334712661848419e-02
-7.957966412508454823e-07 -8.654997831236688199e-04 -1.642977693662356353e-02
6.671123827239888726e-07 -8.255804557926182952e-04 -1.477027718272028167e-02
2.479712046088433652e-06 -8.382619472833141572e-04 -1.473326774926903004e-02
1.972404395755855688e-06 -8.210922546854071413e-04 -1.378198384111106733e-02
3.772003781599142513e-06 -8.577362675414867965e-04 -1.448964200506219768e-02
4.472722356041458625e-06 -9.061970205608282924e-04 -1.551611130461350019e-02
5.093356276020255535e-06 -9.619084619831852478e-04 -1.672741372348163225e-02
6.895441528542711751e-06 -1.065884498231639554e-03 -1.935511289377078725e-02
8.766626433620583470e-06 -1.220453463694148866e-03 -2.341511772976895278e-02
1.125827695630521319e-05 -1.446597119356685113e-03 -2.949667965623214982e-02
1.407505734041247791e-05 -1.756583443405235201e-03 -3.790332909665178329e-02
1.577503269423186083e-05 -2.109146667486516691e-03 -4.731969598761170959e-02
1.672999705981670360e-05 -2.475441140550316277e-03 -5.685947145119973900e-02
1.531486117473113140e-05 -2.771945852327872828e-03 -6.401188651706785082e-02
1.493827189913421449e-05 -3.040303869455085461e-03 -7.012631688018516884e-02
1.208679091674325079e-05 -3.193997103749346422e-03 -7.261566259655982680e-02
9.617815605822421787e-06 -3.251613404384068318e-03 -7.217229950272208150e-02
9.308639082106218154e-06 -3.299081801093839417e-03 -7.146428360531420498e-02
1.284614380187010241e-05 -3.477884428088717783e-03 -7.473363221723350325e-02
1.307974509051623713e-05 -3.668348543754529345e-03 -7.821999275859015111e-02
1.560742858863761739e-05 -3.954844310633864879e-03 -8.449031631468900683e-02
1.637963561079702757e-05 -4.270346172395633744e-03 -9.142125047254767711e-02
1.852560331561114992e-05 -4.659990329550556254e-03 -1.003701084215723460e-01
2.084557705561707053e-05 -5.118542600088149541e-03 -1.111071226792328948e-01
2.383393042110215632e-05 -5.652482612930942452e-03 -1.237758193927680217e-01
2.528485056896290217e-05 -6.188145269801603732e-03 -1.361018167547899671e-01
2.447809823696855958e-05 -6.632565758261543820e-03 -1.453196996510940919e-01
2.226295536850164680e-05 -6.933252609376161502e-03 -1.499680542176453357e-01
1.545507773798027173e-05 -6.936404647582605776e-03 -1.455731512276047801e-01
9.040828679474088858e-06 -6.675512537813288461e-03 -1.334497386850336254e-01
5.091141583868363796e-07 -6.099705153215229103e-03 -1.122902784008551341e-01
-5.410733710298210042e-06 -5.325563057418047919e-03 -8.587819444887948017e-02
-1.081486876941539776e-05 -4.385428757948783840e-03 -5.531257619446190710e-02
-1.452192494810766732e-05 -3.346762809744774358e-03 -2.273514995004444206e-02
-1.457960499978705471e-05 -2.343623063452149324e-03 7.786470815775103915e-03
-1.422077310508917947e-05 -1.390071613085686053e-03 3.592237355131888688e-02
-1.297562880098190874e-05 -5.218606473091913500e-04 6.067455784662664775e-02
-1.244489587326480518e-05 2.828320075580759152e-04 8.280605358011136619e-02
-1.173919432201353530e-05 1.014900303683230476e-03 1.021171372756891627e-01
-1.280592972469074553e-05 1.736505278749467251e-03 1.205563487177026272e-01
-1.057522810954392156e-05 2.328303954085786387e-03 1.345616774562977680e-01
-6.326608133155886549e-06 2.726527020820324054e-03 1.423785492686701071e-01
-3.405279803803118455e-06 2.991443713881825062e-03 1.460076759847866446e-01
-1.255605905914336518e-07 3.122187551657829019e-03 1.455364076608407775e-01
2.681427470063724172e-06 3.140713791157656587e-03 1.417445627258955565e-01
4.504954969952734700e-06 3.086984224172750757e-03 1.359226070099183448e-01
4.421532802834082787e-06 3.027762301669900680e-03 1.301214253598227955e-01
3.770378767531390451e-06 2.977376022573308134e-03 1.247582686151401110e-01
3.401099179345390411e-06 2.920863250828853452e-03 1.193706382895815543e-01
5.713009690211379166e-06 2.759459686047849303e-03 1.110101508627793498e-01
8.396040422464778885e-06 2.483731326621940738e-03 9.949787279592406386e-02
1.374587404423532888e-05 2.005127500319225931e-03 8.228370910857077392e-02
1.876105973935837667e-05 1.346751877340235382e-03 6.023942529283965452e-02
2.094528363655312475e-05 6.208242077330172748e-04 3.685606586392881079e-02
2.004902002616937295e-05 -6.003901667761546435e-05 1.552099506119150596e-02
1.598444762557216237e-05 -5.822720052517382783e-04 -4.516079933937489077e-04
1.001860150673383743e-05 -8.846930394399432629e-04 -9.409191793752103017e-03
5.488523358465613455e-06 -1.028660514645673985e-03 -1.339823508594829848e-02
7.665195661532564486e-08 -9.884298390614443264e-04 -1.179149132141223133e-02
-2.017991085012660335e-06 -8.892622360205937326e-04 -8.494373640878585818e-03
-3.867107815469505994e-06 -7.397244915676726151e-04 -3.799050276783622060e-03
-3.644764816179701938e-06 -6.121553256359657524e-04 9.670057347384297675e-05
-4.630195393873215437e-06 -4.595431824201412496e-04 4.625753623936218473e-03
-3.220832000883078194e-06 -3.662625201683589182e-04 7.249285933422847106e-03
-3.468527335737103812e-06 -2.714426106953382600e-04 9.846738728241655192e-03
-3.494155133176857220e-06 -1.826464498453361784e-04 1.218755757283032648e-02
-7.128337066120149501e-06 2.562068624745172940e-05 1.802008939645101393e-02
-4.182947794750813131e-06 1.098841177076259612e-04 1.997397372670768612e-02
-2.187235746520244106e-06 1.092876243118379165e-04 1.935258625151459189e-02
4.226989619438015211e-07 1.166364766769234507e-05 1.586620840777765162e-02
2.733989361847211086e-06 -1.660884579881560796e-04 1.010442644395563583e-02
1.680593853359280132e-06 -2.950260971348317440e-04 5.974424716200174568e-03
1.046328611309377266e-06 -3.889663195975057164e-04 3.005345206784276746e-03
-2.438375622804134224e-06 -3.427215632783031651e-04 4.297146148789510178e-03
-7.001881386026198584e-06 -1.184198898711574799e-04 1.084286490781427581e-02
-9.009361463196974285e-06 1.919362174749306149e-04 1.974343205746502405e-02
-8.743762125396070672e-06 5.089286485031596641e-04 2.857117998560101957e-02
-7.682301579658989965e-06 8.066242846720417248e-04 3.656229545599665176e-02
-6.141462690734122987e-06 1.069717777435474915e-03 4.328781244414761642e-02
-5.581055698755665873e-06 1.328460213151361202e-03 4.968730659935413629e-02
-2.516099721905362685e-06 1.487302872247298069e-03 5.292268608961447907e-02
-4.203120584467257004e-06 1.708880887638208890e-03 5.793811445027013951e-02
-5.695323133214635902e-06 1.974774703802362197e-03 6.411981795571911058e-02
-7.029257535762223341e-06 2.267885465311092474e-03 7.092556165848970529e-02
-5.103949722751188744e-06 2.463030764496165759e-03 7.461102337669195395e-02
-3.680653196613814515e-06 2.579541391156903174e-03 7.585350374534205464e-02
-1.974715464814202903e-06 2.608764201596391885e-03 7.446642898253619247e-02
1.122539917020048961e-06 2.504494783940547364e-03 6.915288352200410493e-02
3.145231388002045492e-06 2.309670246138928462e-03 6.131076805914580097e-02
4.449557895802591645e-06 2.053053953901207151e-03 5.186818417136249137e-02
7.149231857239701782e-06 1.684395061516186232e-03 3.937477134802276624e-02
3.778511987129196115e-06 1.425713023503138999e-03 3.053296416083783882e-02
5.438246903244348118e-06 1.097734757509627457e-03 1.988290306974088706e-02
4.575466016010221182e-06 7.961099206426069941e-04 1.033750862992535713e-02
7.154290051880618506e-06 4.017679186063549679e-04 -1.686838260085504748e-03
9.322678035883491532e-06 -6.229639570132228243e-05 -1.542420470999078530e-02
1.118072465189356990e-05 -5.782098973392546526e-04 -3.029352641377364153e-02
1.279660329833731680e-05 -1.133744840958073041e-03 -4.589861481676700550e-02
1.046434767953963174e-05 -1.586697313746832094e-03 -5.798547965332974397e-02
8.834195298068614477e-06 -1.966023131567684601e-03 -6.753020202790353810e-02
8.924084272776688920e-06 -2.332025471298626584e-03 -7.640116574326200061e-02
1.008203403984886393e-05 -2.718075586420898304e-03 -8.560749282704846475e-02
1.062503059434671826e-05 -3.091621461400739790e-03 -9.416757405831502337e-02
1.076445693026784056e-05 -3.428260207720468244e-03 -1.013761935352710253e-01
1.064128106814665742e-05 -3.712878131319152786e-03 -1.068250613623866890e-01
1.034951349915269603e-05 -3.938492144471616996e-03 -1.103594652590302039e-01
8.700679992534876561e-06 -4.061186020786200501e-03 -1.107290933349057843e-01
6.858829171119129597e-06 -4.083943556717040124e-03 -1.081199771284058059e-01
4.932024267156887021e-06 -4.012679434928445588e-03 -1.027962814733753005e-01
3.616620713853269109e-06 -3.880094401450095987e-03 -9.581178508897252033e-02
5.838327153229183608e-06 -3.817395911107857032e-03 -9.111976433093338379e-02
8.343602138083383579e-06 -3.834271579434833654e-03 -8.893060979024805524e-02
1.597127995001113021e-05 -4.108540258999537897e-03 -9.446317651988761499e-02
2.537511486017107742e-05 -4.692378503072580642e-03 -1.090279877580222212e-01
3.504206449239655186e-05 -5.577448200111412291e-03 -1.321045299464554124e-01
4.589041921948533442e-05 -6.790032357650854777e-03 -1.642225496447720645e-01
5.345606339401953733e-05 -8.195545007272153626e-03 -2.011053778034331829e-01
5.250952429353139550e-05 -9.484434368623340106e-03 -2.334084534916551767e-01
4.872563362423587563e-05 -1.055443987855064769e-02 -2.582462289604079975e-01
3.695935525560578583e-05 -1.112587362324979345e-02 -2.675267158007538781e-01
1.980524783734560756e-05 -1.102401867342939212e-02 -2.565347881857407142e-01
1.519142869388367956e-06 -1.023554965540829365e-02 -2.254900595142607100e-01
-1.707629935826515677e-05 -8.783373243419267951e-03 -1.756737393908978651e-01
-3.106657100365728397e-05 -6.866712868531132941e-03 -1.135681447609704353e-01
-4.122246125087825064e-05 -4.653585805022286692e-03 -4.452435787954023283e-02
-4.309676541602858180e-05 -2.467347986265133741e-03 2.165147078425697091e-02
-4.097033756017554040e-05 -4.589921041835420823e-04 8.057328523763612749e-02
-3.323018093182028565e-05 1.172305907499948674e-03 1.265500813755828513e-01
-2.462744513376247113e-05 2.410019594775159035e-03 1.594839951772675235e-01
-1.002371879288421752e-05 3.054518905368119874e-03 1.738439530055919391e-01
1.764190287578681904e-06 3.234119067183405249e-03 1.739940537255677544e-01
7.149195797639951167e-06 3.202763253202567384e-03 1.678858063414207791e-01
1.215953633815214374e-05 2.978095465704599931e-03 1.562297493186327879e-01
9.932342618035328030e-06 2.825719244285096465e-03 1.470601403257568163e-01
1.964963993072998960e-06 2.942434709934715897e-03 1.461336526718664819e-01
-7.544776384288409687e-06 3.368999970361663543e-03 1.544132965081438380e-01
-1.467716486933112741e-05 4.003001828154717501e-03 1.685937878723726691e-01
-1.952971014235194147e-05 4.751564114597206512e-03 1.857475835358601279e-01
-1.720193448834228533e-05 5.352127157760344645e-03 1.980164615733671640e-01
-1.229672483737953570e-05 5.720930465690887701e-03 2.030587204353782593e-01
-5.877077659977025803e-06 5.814992329119084147e-03 1.998157581858821530e-01
-5.239554710378957481e-07 5.688846967523364384e-03 1.901441143475331164e-01
5.296909253160730913e-06 5.330300145517385957e-03 1.738797070900595376e-01
7.523384426499912792e-06 4.881525692448596132e-03 1.554177203671424090e-01
7.445801089522863236e-06 4.427004134847312145e-03 1.373288823822911286e-01
6.548529213723508491e-06 3.999332013053802370e-03 1.205703484501233769e-01
8.910084441565713220e-06 3.483594997631955792e-03 1.017122229120212551e-01
8.871670481636062533e-06 2.974233491078948077e-03 8.359572841187369596e-02
1.483934016760501962e-05 2.259016996767782004e-03 5.994222352230774153e-02
2.004447094947070518e-05 1.374854921559531817e-03 3.198814282993267533e-02
2.401900053175531902e-05 3.732366090809513537e-04 1.384065876938067596e-03
2.273693538121235314e-05 -5.504545418599793294e-04 -2.602128382118318317e-02
1.942863326398480694e-05 -1.324920255459272056e-03 -4.820144501637596557e-02
1.303231650429115263e-05 -1.844729770756892151e-03 -6.219440696554820458e-02
5.459608034330543092e-06 -2.078952065469819033e-03 -6.732107554989977261e-02
-3.314188065595136123e-06 -1.997906721919129325e-03 -6.296652642729702598e-02
-8.262480533982596853e-06 -1.753781602042536747e-03 -5.389935964816303104e-02
-1.132769199299610285e-05 -1.423840096611117545e-03 -4.255372764432915900e-02
-1.439171482053858142e-05 -1.015583072639270057e-03 -2.922636805964309858e-02
-1.424709057257222966e-05 -6.515279689005559760e-04 -1.759095644045327589e-02
-1.333926634403126421e-05 -3.599961006122143203e-04 -8.444867792508997661e-03
-9.459179562937292118e-06 -2.418189557784611310e-04 -4.691228958979221098e-03
-4.422320083213859832e-06 -3.266871626035339204e-04 -7.055708479678096667e-03
1.231977910937098741e-06 -6.152413352191743456e-04 -1.537826852261325872e-02
6.522341632231309916e-06 -1.068492462702685941e-03 -2.833158895289142332e-02
1.021214659205349484e-05 -1.602593783489147938e-03 -4.330039216200542995e-02
1.030649089928115103e-05 -2.062624597696238737e-03 -5.564553434561730905e-02
7.513364717992576658e-06 -2.328688919002397384e-03 -6.189196184743553375e-02
4.220366851770407379e-06 -2.382419624233245159e-03 -6.166728054962067329e-02
-1.822373608961758151e-06 -2.130293089767754111e-03 -5.240250945879876276e-02
-3.190046196588358640e-06 -1.760559227062863386e-03 -3.991263152572296913e-02
-5.355778749965844909e-06 -1.267632806158491832e-03 -2.414713265184051383e-02
-5.464764755602757873e-06 -7.535008053418668084e-04 -8.212882550149208649e-03
-3.652760771910568138e-06 -3.144004975577097127e-04 5.035604871868909482e-03
5.785933678559285198e-07 -5.633147359684897992e-05 1.254164694087389620e-02
2.473851014067607323e-06 9.272254698267090589e-05 1.659114421077639845e-02
4.742062582774320134e-06 1.146568800574065961e-04 1.675955713323123986e-02
5.311684068587396723e-06 7.203607457717531304e-05 1.500651378458833785e-02
4.801118233976886529e-06 1.068336429121963249e-05 1.274678538130594174e-02
5.501441312949495455e-06 -1.050625451026743207e-04 8.947952376740175851e-03
3.808668450511198955e-06 -1.695301092494716499e-04 6.768892577109358877e-03
5.037015718190041014e-06 -2.741326758370909999e-04 3.475698440389113353e-03
5.559206702671071199e-06 -3.828399458696285507e-04 1.551766314898950228e-04
9.383599850532053921e-06 -6.044253362318396938e-04 -6.395837597871767422e-03
1.080118539825702939e-05 -8.476217826045573389e-04 -1.340088939652939182e-02
1.255246524803355079e-05 -1.133333204987874154e-03 -2.145310431020730491e-02
1.321306941115540923e-05 -1.433852488780695822e-03 -2.970631454173411345e-02
1.191372295858417196e-05 -1.690242102962535853e-03 -3.641404953807469980e-02
1.066000528793242808e-05 -1.916370650645538021e-03 -4.202466478164013086e-02
8.201830655862885067e-06 -2.070769256065307928e-03 -4.535027768979732476e-02
7.543924693265147141e-06 -2.217652648729195874e-03 -4.834693226958736156e-02
1.053063273687149248e-05 -2.480470889112629251e-03 -5.466945452254617921e-02
1.384927286238180066e-05 -2.858297503659068539e-03 -6.420544088823876283e-02
1.541418429712448912e-05 -3.274447900362131847e-03 -7.459976855741140556e-02
1.771596479194226248e-05 -3.749517326924634020e-03 -8.642438598682428141e-02
1.665704820941193987e-05 -4.159021148961272729e-03 -9.597196107148675548e-02
1.601101155704331980e-05 -4.521429719533731628e-03 -1.038392724040455017e-01
1.249329429592327401e-05 -4.731413806167150682e-03 -1.069765474793160087e-01
1.037819265922723666e-05 -4.845621135080913078e-03 -1.071798562831502988e-01
9.181627826537752668e-06 -4.890826748758847486e-03 -1.053321796474119276e-01
1.046148017255776885e-05 -4.948439705902085706e-03 -1.038948445511952423e-01
1.012460509214330173e-05 -4.949766952127454545e-03 -1.008440285563454997e-01
1.190933682651551528e-05 -4.971253129702368767e-03 -9.846886970482471302e-02
7.454637335257974229e-06 -4.788251253304398602e-03 -9.014844291943935328e-02
7.330434524055462475e-06 -4.573283131710903504e-03 -8.110624957214790376e-02
2.395967419938083154e-06 -4.163095021173734978e-03 -6.658500940544659352e-02
-2.313520978819427754e-06 -3.589086495735527294e-03 -4.764948016390058161e-02
-6.777752527803437843e-06 -2.876765050204843632e-03 -2.518661711903452671e-02
-8.478593660210531624e-06 -2.139605652970555383e-03 -2.642363568365169169e-03
-1.028513681827769588e-05 -1.382696560872975766e-03 1.981380190940273955e-02
-9.603872888175324363e-06 -7.010996595933072228e-04 3.938959534807806584e-02
-5.490305472033440992e-06 -2.173603437491955503e-04 5.255569168905188659e-02
-3.699808466345322344e-06 1.642772110899137772e-04 6.229589425991161056e-02
-4.656598489888308379e-06 5.506337530349902920e-04 7.186494114793584576e-02
-2.922854724973777962e-06 8.493155348594516596e-04 7.857383962141267775e-02
-3.927252878260789615e-06 1.170626750238046299e-03 8.572907842394184019e-02
-3.488845536803175662e-06 1.465418951316799223e-03 9.189485863094998264e-02
3.553716657056504857e-07 1.613248390155419543e-03 9.355887747658991893e-02
3.115862865027407835e-06 1.657909208418351099e-03 9.211755665571114138e-02
5.761642149215706610e-06 1.603330860753482412e-03 8.778765537031563149e-02
1.078252683173186455e-05 1.359348667042903358e-03 7.801419545807125600e-02
1.027795694300004392e-05 1.132136099901481785e-03 6.898396299842268764e-02
8.193811086659730236e-06 9.708187721770844547e-04 6.215732374369220548e-02
5.159060446291441338e-06 9.037305351988766944e-04 5.830927636794852598e-02
1.590860365011104172e-06 9.456385564907687780e-04 5.778924909082228112e-02
-1.608019248339198626e-06 1.081925031467090292e-03 6.007251500858634685e-02
-2.622904851617979816e-06 1.230610840957213625e-03 6.267203988208597254e-02
-3.498555412581594304e-06 1.388935865132001624e-03 6.547854597482127836e-02
-3.011047486956019981e-06 1.507088083141372437e-03 6.702738219407206044e-02
-3.558880958834387265e-06 1.623049804218901215e-03 6.845577227635790685e-02
-4.741869693999922752e-06 1.759270751383379405e-03 7.043292053338345848e-02
-5.039856813091048160e-06 1.878999688683435920e-03 7.187334906250447686e-02
-5.400185990558914462e-06 1.986144664535949289e-03 7.289810721105222102e-02
-5.788234018977433948e-06 2.081887986475239316e-03 7.355510287793121105e-02
-3.044885047390200050e-06 2.059002056370218270e-03 7.072042345856405232e-02
3.504564557998968155e-07 1.903180999042186627e-03 6.405287189195268960e-02
5.962639520629142709e-06 1.544761586679488374e-03 5.162672620454983319e-02
1.095737457035284024e-05 1.019039124532161722e-03 3.462742597456924809e-02
1.356670656080249948e-05 4.195354127110029197e-04 1.593394199437603298e-02
1.335903431039231481e-05 -1.498356754170426797e-04 -1.341521757939279080e-03
1.075238905304254367e-05 -6.073353478528442650e-04 -1.482466887057476423e-02
6.062940321086007778e-06 -8.842261411183827136e-04 -2.259801410780326592e-02
3.301923532927908411e-06 -1.053715324109472107e-03 -2.695215556778984833e-02
5.539580628793894235e-07 -1.114504867104626484e-03 -2.797079254092288414e-02
3.834160914734097148e-07 -1.160100854715961916e-03 -2.848498786431391538e-02
1.206097971787056800e-06 -1.220323401385448037e-03 -2.940637525843764477e-02
2.633295253059997343e-06 -1.314661936970384915e-03 -3.130046552799931048e-02
2.524574790579992012e-06 -1.384435898617253358e-03 -3.242945621072101936e-02
8.252924721535714880e-07 -1.376928106767261184e-03 -3.126022699397251747e-02
-2.463137639893697717e-06 -1.240562648551213343e-03 -2.634023340518032441e-02
-6.675596634100888771e-06 -9.492646184687814070e-04 -1.700553680813338131e-02
-7.606642523416695667e-06 -6.253809614049643528e-04 -6.954218753787710927e-03
-7.080745419940637220e-06 -3.208326092163371612e-04 2.242083634611979903e-03
-5.019775428299899644e-06 -8.516723625517919061e-05 9.147021769066177033e-03
-2.664576388339279234e-06 6.998162461568924186e-05 1.347526141526605992e-02
4.533522368760367627e-07 1.224214575958892937e-04 1.465218197434237091e-02
2.099015011122751240e-06 1.241416227968361596e-04 1.428387701032957091e-02
1.528245472628975143e-06 1.501312830189949210e-04 1.462069891266787325e-02
1.460685088799928977e-06 1.734582953334395938e-04 1.487622825372963975e-02
-1.428733359329359409e-06 2.919266762766437040e-04 1.790134900080281311e-02
-2.887223492023527349e-06 4.441696023711472208e-04 2.184892422778633714e-02
-4.041609129701306813e-06 6.169537579761019686e-04 2.628800303085215839e-02
-4.349670501696545344e-06 7.829821683842386193e-04 3.040295768263384657e-02
-2.861560025740894631e-06 8.795625835313902741e-04 3.236549241282987710e-02
-9.041886205457538850e-07 8.912009761348205217e-04 3.176972516859838391e-02
6.780354550040001982e-07 8.369861065773420705e-04 2.924460168637982305e-02
7.344336220294067630e-07 7.722212830612029677e-04 2.646746403210631371e-02
4.590382351871147293e-07 7.083696393352933995e-04 2.379633079790716144e-02
-3.157759721754416216e-06 7.697625703497745775e-04 2.486035013599141585e-02
-2.513722504260407220e-06 8.001986378016745505e-04 2.502497032659511955e-02
-2.973875186371155444e-06 8.463319305305194717e-04 2.563394001993601901e-02
-1.604081180960059694e-06 8.497124763133800940e-04 2.498115733626016244e-02
2.769280066032553389e-06 7.065276645012996681e-04 2.005784777759489490e-02
6.420128177961337279e-06 4.497058593622149658e-04 1.192213327543611978e-02
8.905915150181353823e-06 1.235954488094659354e-04 1.973407230094981202e-03
9.344621575528566648e-06 -1.993321271593906374e-04 -7.606235910122161048e-03
8.482379796379002634e-06 -4.771620813988075582e-04 -1.558330432998844550e-02
4.932856221322168278e-06 -6.175046615188861665e-04 -1.929699767067977190e-02
-1.485829056457887987e-06 -5.267030055868815452e-04 -1.611435755691853489e-02
-4.542288665254634594e-06 -3.372524694413847612e-04 -1.007991394740620494e-02
-6.046032542082746541e-06 -1.101522020081624476e-04 -3.097201024390483504e-03
-3.398456410230732416e-06 1.673728545315000815e-06 3.249023833403752448e-04
-8.324971917383905406e-08 -2.050799871078368142e-05 -2.989559887217052569e-04
6.091026525656406676e-06 -2.740993180185835598e-04 -7.696083731326075483e-03
8.270754463565732628e-06 -6.056000315424192593e-04 -1.721407354925824640e-02
1.228507522870597723e-05 -1.074995395625499839e-03 -3.049509670942607276e-02
1.296022575208305438e-05 -1.550577419432652704e-03 -4.360095710798211899e-02
1.402723674841926949e-05 -2.038141404604010276e-03 -5.666726548279565900e-02
1.342390285444250431e-05 -2.467917547952946933e-03 -6.766058921453249608e-02
1.491606225872271763e-05 -2.911425343014695244e-03 -7.870881073368973802e-02
1.579796111876585751e-05 -3.342271709384503353e-03 -8.906085924978857093e-02
1.752321458322811387e-05 -3.791760711764347036e-03 -9.964314179257760529e-02
1.596073461846911345e-05 -4.144896753515814325e-03 -1.071026904005876190e-01
1.486914571001071717e-05 -4.426102174708512749e-03 -1.122113950065348753e-01
1.283111523218277705e-05 -4.607210353359425525e-03 -1.142244753261472123e-01
9.606385607235923274e-06 -4.650090823793195938e-03 -1.121137723047975765e-01
5.700042037520142157e-06 -4.535425284139860125e-03 -1.054277083630023037e-01
1.446696770358857354e-06 -4.255865596820562757e-03 -9.408305568221331239e-02
8.358021058064990516e-07 -3.949770297257293450e-03 -8.225242551166300764e-02
-6.151415334609833252e-07 -3.589127236850897518e-03 -6.917480120808583433e-02
-6.773103989193840491e-07 -3.231963051474329163e-03 -5.657187684525799565e-02
1.391138807382147347e-06 -2.961366407319809824e-03 -4.686944571974294149e-02
3.547393540061227757e-07 -2.663827385489314636e-03 -3.669715771508164082e-02
-3.238148772949714371e-06 -2.251404954375368916e-03 -2.347193274921188788e-02
-4.587529333899970085e-06 -1.810518570909636082e-03 -9.776765889548011401e-03
-3.866862610094404240e-06 -1.414375743983509182e-03 2.214488199610564756e-03
-3.743579549112321936e-06 -1.035235317182525705e-03 1.333762671496907526e-02
1.030375397169033813e-06 -8.384278693118751846e-04 1.881106715127245366e-02
4.223910364972889575e-06 -7.573058582981406772e-04 2.069295688027128488e-02
1.012217312319416140e-05 -8.847984207274173230e-04 1.640565628037549128e-02
1.193029853734269008e-05 -1.066550066779248240e-03 1.059848777732819158e-02
1.112140456430025029e-05 -1.210289715024792656e-03 6.052791309740235270e-03
8.678422087687095304e-06 -1.262681919326436031e-03 4.314113802958763344e-03
7.141100331442811616e-06 -1.263073017116589369e-03 4.171645694440728747e-03
4.316473438635982495e-06 -1.166071447419980700e-03 6.884821691957254686e-03
1.998203959536126381e-06 -9.936252657347655060e-04 1.174462611799675926e-02
2.560746573987936203e-06 -8.516935781799350735e-04 1.559811783907461002e-02
4.291325804033942204e-06 -7.801541817815671465e-04 1.727937915678434688e-02
7.343977445369367918e-06 -8.239007191777059091e-04 1.553424776663170359e-02
1.052796496851977903e-05 -9.876557054966372817e-04 1.031273797718301743e-02
1.183314636884688631e-05 -1.197965194046579640e-03 3.851239902249115055e-03
1.254997190530682261e-05 -1.434258137048560755e-03 -3.188659118435688278e-03
1.035936950454126315e-05 -1.589732235497853807e-03 -7.679995225358560162e-03
6.382264173156529385e-06 -1.599888737152665996e-03 -7.787393828682209751e-03
1.992996255712614628e-06 -1.452878202212071201e-03 -3.274008000074046798e-03
-1.932841657161996074e-06 -1.169594079597269243e-03 5.119662756255860536e-03
-2.966816944848654769e-06 -8.600373994664956001e-04 1.407729539476210157e-02
-1.530214383864414440e-06 -6.142049705204488674e-04 2.092869414149478580e-02
8.005504521860218325e-07 -4.652973440457675025e-04 2.473876668936003664e-02
4.899393760145198673e-06 -4.823657980617124252e-04 2.358348451725866823e-02
8.760312744524739736e-06 -6.538460753873209796e-04 1.791977454322424279e-02
7.982010272689077368e-06 -8.090660776889357919e-04 1.283420147679026346e-02
4.299132422874024639e-06 -8.450943345437167409e-04 1.136083094467110755e-02
-5.038992048171653249e-07 -7.261508501499314150e-04 1.447077420898201794e-02
-4.020655497847386295e-06 -4.993483574822210613e-04 2.067659466943227997e-02
-7.907171041474092554e-06 -1.534384635939467501e-04 3.019178181268800110e-02
-9.422017819449290954e-06 2.252196770877734622e-04 4.042022325415550732e-02
-8.778171922872723965e-06 5.594550933694097949e-04 4.907000914467030128e-02
-9.928860535045325175e-06 9.193396999982450524e-04 5.818298006120170562e-02
-9.032831649428973986e-06 1.227954592236013553e-03 6.554858073986080669e-02
-9.378402053138168437e-06 1.536624736555136650e-03 7.267134489202220493e-02
-1.174843999934144234e-05 1.919708394744867874e-03 8.173134547201954536e-02
-1.218857120342808908e-05 2.306244311194305396e-03 9.065052810937501704e-02
-1.139777028831556738e-05 2.651868193501938364e-03 9.811932288723101969e-02
-9.213950380136670670e-06 2.908750107901925119e-03 1.027777048440149388e-01
-6.195579852263932708e-06 3.050243592577217555e-03 1.039177988175058465e-01
4.300976374632670129e-07 2.948834562408686466e-03 9.794632385708779143e-02
6.036078560478497224e-06 2.650676047980526917e-03 8.635316393837977333e-02
7.731257396968727047e-06 2.300131128511573309e-03 7.349995119262719978e-02
9.440726706763657994e-06 1.896322243423842480e-03 5.946538803074596924e-02
7.342886367951717563e-06 1.577204293126355239e-03 4.827286484649062626e-02
3.760495296892263362e-07 1.511645954073603804e-03 4.478071959018048442e-02
-3.842109676105431859e-06 1.588125466698064869e-03 4.561469396557060740e-02
-1.063990415137855416e-05 1.892258190493212311e-03 5.306877349229910390e-02
-1.198783536569825170e-05 2.208600398435178747e-03 6.075900348569973630e-02
-1.364471634373448650e-05 2.546876625246108361e-03 6.885941600117584382e-02
-1.041969466168690683e-05 2.728780273634878739e-03 7.220928997270870120e-02
-5.445253077697442823e-06 2.699888118451010399e-03 6.929524627874850129e-02
1.154159664673581887e-06 2.418514669617621848e-03 5.907348054538252846e-02
7.373894498625965799e-06 1.915909089634348916e-03 4.264540334624267182e-02
9.441341506613576406e-06 1.361335995289758571e-03 2.510060618286158451e-02
1.136203747360842176e-05 7.650788054684998230e-04 6.849819431422043969e-03
1.188338733669469516e-05 1.808651756931567434e-04 -1.052740926326334314e-02
1.024744921614140214e-05 -3.161453698465876982e-04 -2.486031488766415887e-02
6.025229029496537159e-06 -6.385534634265610521e-04 -3.367898389357459887e-02
2.779868706670463041e-06 -8.336488734201896733e-04 -3.847264404868855348e-02
1.475633412420518376e-06 -9.791030163839309353e-04 -4.162721495815246975e-02
1.616613909266595428e-07 -1.074656393440509561e-03 -4.322090147778279157e-02
2.015339673686056265e-06 -1.233219249066497269e-03 -4.656317524652464623e-02
2.045723659874210121e-06 -1.379342380840142823e-03 -4.947429398534297640e-02
2.185283435457430201e-06 -1.512176882505267272e-03 -5.190800753877322649e-02
1.130838043941762017e-06 -1.585347057688757388e-03 -5.253740040603593897e-02
-6.526896392106129596e-07 -1.572585710788221292e-03 -5.063562404207966328e-02
-4.114149463663174799e-06 -1.418933624695251083e-03 -4.467752696225280040e-02
-3.520347553076508262e-06 -1.281160791283486589e-03 -3.929011860321096616e-02
-3.531519925395465442e-06 -1.140009218445925399e-03 -3.397190297779495438e-02
-1.404044413094718280e-06 -1.077931793012076866e-03 -3.109650705438682383e-02
7.655008300022636547e-07 -1.093151126791980232e-03 -3.057729285806454200e-02
2.284813780117911364e-06 -1.156596193675696327e-03 -3.150306616776477053e-02
3.360589023462812186e-06 -1.246624221583614300e-03 -3.319153226703708270e-02
3.563497819603078653e-07 -1.208996552019003801e-03 -3.115065780012093999e-02
-2.633407778535046262e-06 -1.045124921608131530e-03 -2.546217016457774651e-02
-5.134672423495745264e-07 -9.432544625511685155e-04 -2.167727728538093590e-02
3.713731085985827463e-07 -8.569444859094499378e-04 -1.848228841227528285e-02
4.864613889862812179e-06 -9.211975531115967897e-04 -1.974293906052726477e-02
9.640260950044554633e-06 -1.141400979667750448e-03 -2.554267497110063179e-02
1.448394782473105824e-05 -1.517746374949391353e-03 -3.575447021747546472e-02
1.673882468115894806e-05 -1.952052813558147193e-03 -4.740770444147535123e-02
1.667538683210179062e-05 -2.358887102390072599e-03 -5.794454636619195131e-02
1.577277557036904643e-05 -2.712534508087616203e-03 -6.661534657786527536e-02
1.309254635059597938e-05 -2.951190333447373249e-03 -7.167687335553252215e-02
1.248993076846671713e-05 -3.157023788231905215e-03 -7.558401792594671154e-02
1.005289110656004681e-05 -3.268923608854334972e-03 -7.664179738659848695e-02
9.654505531225821002e-06 -3.367884471685789194e-03 -7.724924158420809484e-02
1.054163400979191145e-05 -3.500182196759737963e-03 -7.879365629365298052e-02
1.347071824052414879e-05 -3.735404939059883134e-03 -8.327949829919256697e-02
1.257735417417582546e-05 -3.926719208171780551e-03 -8.640803999203960917e-02
1.117744063566794566e-05 -4.051159860958053471e-03 -8.748957635888676698e-02
8.852216305824112119e-06 -4.070178859913120561e-03 -8.546023892872167682e-02
7.248057542486030513e-06 -4.011617600524486349e-03 -8.119955929261679639e-02
5.498308654316996780e-06 -3.869380507510733480e-03 -7.461130841852714468e-02
3.691196134456009581e-06 -3.647026622447313571e-03 -6.586570211321385315e-02
3.773255733072189422e-06 -3.426043486515650827e-03 -5.738184694172376865e-02
2.522234013410673548e-06 -3.163575050672440270e-03 -4.795343390779416293e-02
5.493819726212767485e-06 -3.026589183127148530e-03 -4.240807726204764982e-02
7.908115028973372596e-06 -2.990485684636778885e-03 -3.999839115131209599e-02
7.395854430630732779e-06 -2.950490272334960196e-03 -3.759702647420937183e-02
6.306513077508624221e-06 -2.886321693010174272e-03 -3.456831893007006329e-02
3.614092980080974016e-06 -2.736885476269268480e-03 -2.915878866580479123e-02
-6.613772303848408640e-07 -2.442327018643775105e-03 -1.968488583025596039e-02
-5.211033471647086301e-06 -1.992631983048109845e-03 -5.950836606519183114e-03
-8.572233182874144930e-06 -1.435693553833550240e-03 1.054007165626924536e-02
-1.299580277838718878e-05 -7.345020643927391291e-04 3.074650527728428617e-02
-1.546549814082642804e-05 3.319058136752595090e-05 5.233435342709902294e-02
-1.538202793577303495e-05 7.706522165444873451e-04 7.243672111907728528e-02
-1.494203339888477977e-05 1.461534483028215092e-03 9.057698985059048358e-02
-1.112878353520807551e-05 1.980117901692723947e-03 1.031857084712546335e-01
-7.155718691698176315e-06 2.328192262553763214e-03 1.104151335698339009e-01
-4.422753049737604414e-06 2.555531305932223773e-03 1.138587348196736793e-01
-3.156712393426186480e-06 2.721507164458625283e-03 1.153642911470138532e-01
-1.580286502461669684e-06 2.815677017102835578e-03 1.147222989930513082e-01
-2.360547396107470774e-06 2.926527535238143685e-03 1.145366261375846406e-01
-1.457675899013688436e-06 2.987977827442866996e-03 1.129420935628907552e-01
4.866594940089452592e-07 2.962493174642366611e-03 1.088677660680104076e-01
2.414754354751469378e-06 2.849290839609164294e-03 1.023448707572135463e-01
6.808672143754357364e-06 2.562714633038032375e-03 9.098547095640452387e-02
1.139656393484012042e-05 2.104807032018651825e-03 7.494646411018679455e-02
1.600003928303728173e-05 1.485680220243645877e-03 5.465927233914102956e-02
1.924368208031101979e-05 7.652468369447884555e-04 3.197803763225071094e-02
1.965853360350044987e-05 5.214829142352606084e-05 1.012826971912350604e-02
1.449045734525089557e-05 -4.521488248603322546e-04 -5.069000153900549144e-03
9.687389277118763076e-06 -7.793656727062003853e-04 -1.460651638163801280e-02
5.211766689855457102e-06 -9.543845092949698738e-04 -1.938381669342914559e-02
1.665690691987631311e-06 -1.015906523188503385e-03 -2.066954601439507933e-02
1.930454707033124606e-06 -1.106375276572757471e-03 -2.267794125409461348e-02
3.328993496254373241e-06 -1.256780426052150901e-03 -2.636009328706601096e-02
5.409389308541623365e-06 -1.481169854241182193e-03 -3.208863400702932633e-02
5.350939215942318583e-06 -1.690216393686494456e-03 -3.724885869549077189e-02
4.572807484642948950e-06 -1.855223617289292193e-03 -4.098227924204822514e-02
2.050689504040636990e-07 -1.847088718324396694e-03 -3.961162897033276842e-02
-5.069912735911064061e-06 -1.643345944988272578e-03 -3.256931906479842986e-02
-8.279079955791912582e-06 -1.330965395360816927e-03 -2.250431123207652373e-02
-7.591778047322250700e-06 -1.054027250083855449e-03 -1.368960344766234627e-02
-3.829320653431222965e-06 -9.215542607925453211e-04 -9.300037464270549670e-03
5.317654824532613844e-07 -9.456154173146380515e-04 -9.615796994426051292e-03
5.805565882976981840e-06 -1.148735818614410320e-03 -1.514967694209090610e-02
1.090666817721297477e-05 -1.509214072406228624e-03 -2.513644603528086829e-02
1.263111009436324039e-05 -1.896472605315668858e-03 -3.568727900102797168e-02
1.281250429582825312e-05 -2.255372486195117432e-03 -4.512583760090760343e-02
1.074904835485224197e-05 -2.508160974256989917e-03 -5.122242423976797188e-02
4.787978832743178259e-06 -2.521014336009264056e-03 -5.019544639649420326e-02
-3.503587199527036233e-06 -2.225203799128605553e-03 -4.020805454180054195e-02
-8.041004144671015652e-06 -1.774800066729698145e-03 -2.590003972851162573e-02
-1.073956674568776748e-05 -1.240465645816923868e-03 -9.518788396106092620e-03
-9.693210998529266931e-06 -7.622817227763700743e-04 4.815637450621745863e-03
-5.672832347813905329e-06 -4.379203638813500277e-04 1.428062228602877681e-02
-1.121730906855633592e-06 -2.728076465059459110e-04 1.880525658877474360e-02
3.036065365502604863e-06 -2.443155259006513091e-04 1.918131269766820690e-02
5.593718556767823813e-06 -2.884991525233804310e-04 1.737815353340921298e-02
3.302385710168831423e-06 -2.303347482153217385e-04 1.851129241013071969e-02
1.783844542191381777e-06 -1.121743366998551039e-04 2.138961068654898767e-02
-4.765710981680104652e-07 8.384370303482491238e-05 2.644790360370752325e-02
-1.264563176950339596e-06 2.940173327470319009e-04 3.180822028405150270e-02
1.540160411428459497e-07 4.304552959992768990e-04 3.490736544559136512e-02
2.932746379469275411e-06 4.429000012649009221e-04 3.431969092587916492e-02
7.767647319689707786e-06 2.610146176849070798e-04 2.811158122790780034e-02
1.126783001567654985e-05 -5.809384805255390916e-05 1.804043455557580167e-02
1.321340723314801124e-05 -4.496641707971704705e-04 6.109615917465394119e-03
1.538918630208940819e-05 -9.159401107587950008e-04 -7.646493566928924679e-03
1.260995418397858892e-05 -1.270763487778880929e-03 -1.785173110408044828e-02
8.650064027837522929e-06 -1.480057209413132568e-03 -2.351911344492796374e-02
3.395285578716711328e-06 -1.503404837292166008e-03 -2.360539769258118703e-02
-3.825509749894040468e-06 -1.281893924548693775e-03 -1.656866836207226967e-02
-9.605671789619796286e-06 -8.815277154623490929e-04 -4.470546505919825719e-03
-1.245521596168752687e-05 -4.149031566922367631e-04 9.277629334911274839e-03
-1.023513053030611353e-05 -6.535085361525361236e-05 1.931500951231779339e-02
-6.751433218460389796e-06 1.366043765973490309e-04 2.475880548256426117e-02
-3.172317076111097478e-06 2.021198413943992023e-04 2.604254347443402118e-02
2.283338668890300127e-06 7.759822025410478830e-05 2.176820769202336692e-02
3.128269551427864670e-06 -5.225408061182434949e-05 1.734035665817157401e-02
1.676235487135802060e-06 -1.045075891217273067e-04 1.525315423316975227e-02
-1.824471267869443025e-06 -1.537853981847803198e-05 1.731525810813017152e-02
-2.756901638978348501e-06 1.086480349712370952e-04 2.040725568655443745e-02
-4.570244526547195818e-06 2.946196314372873104e-04 2.519920758776961200e-02
-1.221677380036645388e-06 3.469759666567817646e-04 2.607686010012999489e-02
5.310576873890360261e-06 1.618596403087924074e-04 2.006329445113252952e-02
1.244494359722847499e-05 -2.658940248561059150e-04 7.145161011194556266e-03
1.916644183355686870e-05 -9.050025725063637339e-04 -1.158231398938425194e-02
2.294759805349100290e-05 -1.637539854121516925e-03 -3.255909500575704385e-02
2.414732667105345953e-05 -2.367138571240712253e-03 -5.288749638726009117e-02
2.115482308673310996e-05 -2.948844952039175737e-03 -6.838492587569167114e-02
1.493849227007792990e-05 -3.283305803596592298e-03 -7.626242435339225523e-02
7.443974140514120208e-06 -3.343703607497916508e-03 -7.591401994761670657e-02
5.614944990350867471e-07 -3.166573403652117591e-03 -6.860908367270557306e-02
-7.048358462768966604e-06 -2.732437619721750366e-03 -5.402745004368436632e-02
-9.902466510225416130e-06 -2.221864818308105782e-03 -3.752240512810445239e-02
-1.095044118548660350e-05 -1.692985973232641328e-03 -2.093409551240821287e-02
-8.306449792300218959e-06 -1.271675170575248259e-03 -7.895685516451367292e-03
-4.016060877382043870e-06 -1.005847398588111119e-03 2.456670365513780041e-04
-5.084895771861885905e-06 -6.905266516168406810e-04 9.440035044399719411e-03
-6.353991401197855993e-06 -3.275387976111598931e-04 1.974629670122585168e-02
-8.979560644467587949e-06 1.219368614480131896e-04 3.223867203455155206e-02
-1.302923398729949334e-05 6.913972443902682841e-04 4.783211350470772949e-02
-1.725071289521151741e-05 1.371175338157115675e-03 6.618172052031856545e-02
-2.021670612745163353e-05 2.102874735310900078e-03 8.553536194414146365e-02
-1.979018299674839554e-05 2.759617670802017031e-03 1.022094446892332087e-01
-1.469627394207195792e-05 3.181125396929385118e-03 1.116316187344013056e-01
-1.054336062655814032e-05 3.421368509477495934e-03 1.154380631752303099e-01
-5.174090291798494334e-06 3.448556229800781026e-03 1.129294740557029719e-01
-1.042505220733014326e-06 3.322370650885142496e-03 1.059719299080077448e-01
9.579770074430449256e-07 3.123027143616896595e-03 9.702413529966458228e-02
1.570132513645239314e-06 2.900266471620671638e-03 8.762052774506956521e-02
-1.862652378364915151e-06 2.796962382609180509e-03 8.187575346820119560e-02
-6.510550751126498170e-06 2.845757434048135082e-03 8.071373560692840510e-02
-9.296883158815827386e-06 2.972004117260729217e-03 8.190101740464528213e-02
-1.084252940347640859e-05 3.132098094769775187e-03 8.407280762015600928e-02
-1.030296687448695181e-05 3.256970602689701622e-03 8.520218306844562495e-02
-9.714588903586562907e-06 3.354183657510168004e-03 8.548348365235236557e-02
-5.946642279264224840e-06 3.314515592248268305e-03 8.184168800259306042e-02
-2.142700337548486544e-06 3.151576469131001090e-03 7.470077878289360651e-02
1.603401103833501651e-06 2.872076030967063431e-03 6.436496497406651862e-02
3.338063722879702766e-06 2.550991380747769099e-03 5.306711675370789916e-02
3.763819168056681264e-06 2.230148532317510757e-03 4.208132770800321332e-02
3.351923836492076703e-06 1.929125490681249389e-03 3.198756133594282680e-02
1.155868644353574837e-06 1.701920408027746134e-03 2.430980533244642139e-02
1.035943449245735337e-06 1.463199031647821613e-03 1.658983177872896952e-02
-9.274197005360029777e-07 1.283153388855096111e-03 1.076255606855724967e-02
-8.556496683964631700e-07 1.087619535237394075e-03 4.712873883969459499e-03
1.761937026723003896e-06 7.916765633650957312e-04 -4.021143437067165038e-03
5.928862225890174642e-06 3.544290407266892373e-04 -1.658592499716771140e-02
8.455403875784472945e-06 -1.549337188235799800e-04 -3.093009918666389524e-02
1.178025647502467521e-05 -7.637777525546507462e-04 -4.772833401443421497e-02
1.300495843820081987e-05 -1.395115971911664587e-03 -6.473564928639785609e-02
1.286921326237866481e-05 -2.001209550588578523e-03 -8.053108501814398856e-02
1.313177168593693267e-05 -2.600720389423827328e-03 -9.564557334952150658e-02
9.844119183644028936e-06 -3.060913120818131716e-03 -1.063342555843609372e-01
5.011026180556932275e-06 -3.325336116475563486e-03 -1.110259860855881131e-01
3.722057111021914722e-06 -3.519445876168036946e-03 -1.134281101395763214e-01
2.801925531981108719e-06 -3.644163462309224499e-03 -1.137248644793060759e-01
5.289132824770614860e-06 -3.814880945856913286e-03 -1.152672670461026838e-01
9.239163921481718944e-06 -4.072200222045019302e-03 -1.192570147786112811e-01
1.717834028119868961e-05 -4.552634432271274179e-03 -1.295394015196955628e-01
2.050930657776506294e-05 -5.080377073021002943e-03 -1.410165424915231780e-01
2.337132144736298045e-05 -5.645842324762062603e-03 -1.532563178235044621e-01
2.207236273787938075e-05 -6.104115227445250369e-03 -1.620980128098562512e-01
1.689718904662740329e-05 -6.332597178327237231e-03 -1.640484343046257898e-01
9.375057077709580966e-06 -6.263670308054525293e-03 -1.572994639646689841e-01
2.421065444180303672e-06 -5.935212992956850897e-03 -1.431425958505398999e-01
-4.026119785727200195e-06 -5.374000289621649884e-03 -1.225895949778654792e-01
-5.591967052520629977e-06 -4.761240413806655525e-03 -1.010151172979241174e-01
-3.406791033000455826e-06 -4.232973536235196121e-03 -8.245352402800687486e-02
1.733620824950765638e-06 -3.891453291609003884e-03 -6.982540163188244442e-02
8.628445633263037706e-06 -3.793545784342988725e-03 -6.464567442273794207e-02
1.521427010747755659e-05 -3.922158383104834556e-03 -6.624460857248348766e-02
1.640150810527929437e-05 -4.079153244464173156e-03 -6.876563473095775869e-02
1.603788327464439334e-05 -4.218834034338758698e-03 -7.073957898743810091e-02
1.153472927550858174e-05 -4.195421484811889812e-03 -6.799831439225068053e-02
5.769809612254928055e-06 -3.970267762827717206e-03 -5.948068773831227674e-02
-1.934779230328143029e-06 -3.480226180195389318e-03 -4.353557784412109832e-02
-6.276514717185044390e-06 -2.856572393991951841e-03 -2.407582471441593874e-02
-8.396935953725037649e-06 -2.178782074218288400e-03 -3.561734439109009998e-03
-8.431802373420893559e-06 -1.521663163706721278e-03 1.578728207280910567e-02
-7.143245276231002805e-06 -9.306643586464158346e-04 3.265805524283749151e-02
-3.147079888909942724e-06 -5.064982433162779074e-04 4.422991552380639568e-02
5.804997423863866857e-07 -2.372152798280069419e-04 5.092750923841582456e-02
1.531367192719734760e-06 -2.105304540411800929e-05 5.579363287151495321e-02
4.496771795092779911e-06 6.259157669363801801e-05 5.670730379303279278e-02
3.614740687662987284e-06 1.606279243859809469e-04 5.789826951246679343e-02
-1.575984845181288563e-06 4.228478597094742497e-04 6.371521137454405626e-02
-4.954031296799943362e-06 7.725740759321197970e-04 7.196146807056424954e-02
-9.637969403841761817e-06 1.258244585317314090e-03 8.388009356852244025e-02
-1.314479376229860108e-05 1.831750228027395622e-03 9.803166113838712725e-02
-1.456068111321817682e-05 2.414194978356043464e-03 1.120772550306321502e-01
-1.019366435484059252e-05 2.795028467872828770e-03 1.199958292121465764e-01
-6.682838333160745492e-06 3.019833615806266636e-03 1.230941808004952787e-01
6.382474744826005519e-07 2.951002762878518482e-03 1.176564687330989845e-01
7.049904176936738764e-06 2.638986397312192977e-03 1.052591151280135584e-01
1.021748349400164457e-05 2.208641385141874025e-03 8.968164827141467121e-02
8.733583673314893048e-06 1.830424829077470505e-03 7.594249610419367968e-02
6.232514029258506838e-06 1.536221283155558837e-03 6.503050856686898307e-02
1.874853329586478878e-06 1.394036504594575732e-03 5.881260525071541068e-02
-3.563427419361886450e-06 1.437227692735909557e-03 5.814654835922539178e-02
-8.933474051397993776e-06 1.658067380851946382e-03 6.267540779157698694e-02
-1.161178720510136486e-05 1.952064391154584300e-03 6.928585509644702434e-02
-1.252420913216978349e-05 2.254628703493688491e-03 7.600301563620281975e-02
-1.039743040215368453e-05 2.457478995679496236e-03 7.970939200196491825e-02
-5.757265276296053003e-06 2.472987844601259866e-03 7.792941893762050931e-02
-8.886689631393274169e-07 2.297743634180671179e-03 7.065524815847323836e-02
4.652172578611946108e-06 1.914715424641277863e-03 5.756706241511078126e-02
6.072213801111558951e-06 1.482880736213498807e-03 4.331109806027155784e-02
6.117584131326569974e-06 1.053558853873592938e-03 2.950704710016682775e-02
4.025360164028324306e-06 7.090911822547063537e-04 1.851279025011010049e-02
-1.271355773491134045e-06 5.724313564379190922e-04 1.378428422521160712e-02
-6.582705085411699741e-06 6.380012256970157836e-04 1.508450103520186936e-02
-9.888954582426556783e-06 8.307385659023225344e-04 2.011307890116298402e-02
-1.058652002028370731e-05 1.053638048863714261e-03 2.595636313540938822e-02
-9.613509193262537167e-06 1.242982279390902889e-03 3.070616091804767578e-02
-6.468775842760621231e-07 1.103901649707417221e-03 2.602159357818800700e-02
6.227397958469271799e-06 7.276948505787750321e-04 1.450263757552017196e-02
1.352370753743281639e-05 9.943735134498865591e-05 -3.993205410675271239e-03
1.712888199717488291e-05 -6.368664287448311256e-04 -2.520493090609465803e-02
1.704826510390278216e-05 -1.343152639970091045e-03 -4.503086218374563465e-02
1.715699142595950022e-05 -2.023209649379076325e-03 -6.349452132572785956e-02
1.357930003692553456e-05 -2.532870742365744832e-03 -7.656998415647642275e-02
6.475118786541944615e-06 -2.743906710156451823e-03 -8.067655558035480290e-02
-1.445657693277535571e-06 -2.639160026672859871e-03 -7.548494007869055444e-02
-7.183028790214152082e-06 -2.310344798294616808e-03 -6.384424355509166205e-02
-9.515802388448957316e-06 -1.892702938236068277e-03 -4.984362159517208291e-02
-7.111314143382063691e-06 -1.564947532749050296e-03 -3.871582193676603723e-02
-3.023382466993407292e-06 -1.389415902810053893e-03 -3.229201780227830554e-02
3.307433553367822299e-06 -1.444917926019417820e-03 -3.271217503796597370e-02
8.389331406621902687e-06 -1.676683192836314618e-03 -3.829499015683235363e-02
9.405969221665255731e-06 -1.931216948670710920e-03 -4.450945321060961746e-02
9.721214027591518203e-06 -2.185043424989707717e-03 -5.053936399117153755e-02
6.418680669417753393e-06 -2.302174798990641591e-03 -5.253022765232295832e-02
1.527752765739798235e-06 -2.229630207363664240e-03 -4.899088655944594528e-02
-5.528062613890938337e-06 -1.897688598715419062e-03 -3.807280709697624665e-02
-1.316543165724715081e-05 -1.295009882174902316e-03 -1.961759618652503256e-02
-1.277813058431220838e-05 -7.271848825440851982e-04 -2.459207168479249361e-03
-1.047834302791983419e-05 -2.610353997332115483e-04 1.129114671975317563e-02
-5.747159885716168759e-06 1.625208698508018301e-05 1.921153259099583899e-02
2.320719245552105292e-06 -1.308530919796879743e-05 1.808013579442158125e-02
7.897461344275047423e-06 -2.472371840396281328e-04 1.093557971009229135e-02
1.620072204028266682e-05 -7.823027178635033607e-04 -4.662819216985525372e-03
2.161290162611129162e-05 -1.490991682930653539e-03 -2.495272231093381698e-02
2.127234331900096365e-05 -2.155059907288814358e-03 -4.353212835383457602e-02
1.665488990509889078e-05 -2.616759963172121672e-03 -5.581198167299095125e-02
9.420964896977856995e-06 -2.784660317245224448e-03 -5.926134230990109941e-02
2.578715249168528345e-06 -2.683056415820006535e-03 -5.474659666820902437e-02
-5.768039341602637649e-06 -2.269625613512848972e-03 -4.133565970097796693e-02
-9.191429560961861256e-06 -1.742179721745173993e-03 -2.483322145002508918e-02
-1.068651561753064527e-05 -1.176555831152947817e-03 -7.643392164090156982e-03
-6.495630390734863369e-06 -7.879456531969530886e-04 4.080154172620309438e-03
-1.324078227782354844e-06 -6.064170882171815435e-04 9.462552343592278703e-03
4.357687157396927802e-06 -6.457024235271280332e-04 8.276147830871494193e-03
8.972460597389542158e-06 -8.595931191299754914e-04 2.007374304882292293e-03
9.644894526317226990e-06 -1.096583466615674851e-03 -4.885293590174422107e-03
5.272783082488352591e-06 -1.171526092243801997e-03 -7.036365385811649276e-03
-9.348241648554633798e-07 -1.025368950322125272e-03 -2.757072750663613903e-03
-8.802369596716541622e-06 -6.027093252811699386e-04 9.374504472937417177e-03
-1.691300365452841348e-05 9.190343349163576647e-05 2.904398914154260325e-02
-2.182961302138464177e-05 9.283478857844418286e-04 5.236116391363720979e-02
-2.270832948403356255e-05 1.752513146197065552e-03 7.476370459144932035e-02
-1.973386283726785706e-05 2.419981739603782600e-03 9.207483333338850606e-02
-1.310752157018812980e-05 2.799671269737569190e-03 1.006275953242599108e-01
-5.569746092726202136e-06 2.868959334148213358e-03 9.992628694594096750e-02
2.386646301644201884e-06 2.624659177457799863e-03 9.013669391814715937e-02
6.007061234880595180e-06 2.239017161805745282e-03 7.636836417477654848e-02
1.123148873999335606e-05 1.666584906343970829e-03 5.762567006429519800e-02
1.102455297502524800e-05 1.125914195575616894e-03 4.015954849595071430e-02
7.378463352136765963e-06 7.459982596091929707e-04 2.775671365574594596e-02
1.629736755770494483e-06 5.993025357767800543e-04 2.242696027366242184e-02
-3.429026811219149096e-06 6.500174041036421713e-04 2.302402589327123827e-02
-9.206083946444731936e-06 9.188159870088252745e-04 2.991737245264913803e-02
-1.277685681622120484e-05 1.311420667667428930e-03 4.028885909047730252e-02
-1.296846814463625819e-05 1.692779172230762796e-03 5.015431909574941116e-02
-1.164211888365906944e-05 2.000764429044510351e-03 5.765435652953909695e-02
-8.110530190452713839e-06 2.150973738424322157e-03 6.042855823120718561e-02
-7.226407407467938526e-07 2.008286641069112477e-03 5.474611973394605258e-02
2.619513097656955836e-06 1.739927950800024270e-03 4.542319775161129947e-02
8.390777942568483638e-06 1.263789522829794620e-03 3.042147404501438501e-02
1.050744017289106935e-05 7.346244925133804671e-04 1.418138844264182907e-02
8.360531517537239665e-06 3.139656620816388966e-04 1.418047234720498651e-03
2.923049642333808151e-06 1.145064842346110723e-04 -4.652204495634082448e-03
-5.216500331695073100e-08 3.540136540103322460e-05 -6.947333339183181522e-03
-5.835545271282160940e-06 1.726285851584297149e-04 -2.981540589925391060e-03
-8.205289997620379694e-06 3.827514621047578558e-04 3.120774040440421615e-03
-8.358409105235775627e-06 5.753438575570868352e-04 8.623515154879690670e-03
-5.201061845705456932e-06 6.210393494658905666e-04 9.824278073540915202e-03
-1.911488193062638175e-06 5.239604048209445253e-04 6.841708096679388618e-03
2.025514311387865973e-06 2.685158986901470257e-04 -6.353732923030097623e-04
8.185628224632868211e-06 -2.122265099084863493e-04 -1.436381687630472470e-02
1.181780841791324477e-05 -8.021753074093362912e-04 -3.096183297110255417e-02
1.503041223704926210e-05 -1.474531378522048186e-03 -4.948118348275176714e-02
1.663291702574953845e-05 -2.152735088286394927e-03 -6.768568216171844121e-02
1.653813896207445566e-05 -2.764645827271317025e-03 -8.348547592009292195e-02
1.282814291370115711e-05 -3.179668339993169113e-03 -9.321645936802092081e-02
8.166821329813611641e-06 -3.378088900781617276e-03 -9.638140746078271981e-02
3.630872744131430352e-06 -3.381966988219797798e-03 -9.377503381497320767e-02
-7.309165555025032290e-07 -3.213885129850213573e-03 -8.622603753605861954e-02
-6.154766964527880191e-06 -2.854609648259565091e-03 -7.336664144757421013e-02
-3.267483010049865300e-06 -2.620943991510471527e-03 -6.423214095474039098e-02
-2.142276203653814548e-06 -2.437412465870703038e-03 -5.689182105947754309e-02
3.771111583561470582e-07 -2.349567842924615846e-03 -5.250801526182291568e-02
4.358174447771645532e-06 -2.397408350882646033e-03 -5.215506314550100164e-02
7.277216746370829270e-06 -2.525513465970297133e-03 -5.419464572308640982e-02
8.823491973009023326e-06 -2.673024138169166619e-03 -5.679499480035765657e-02
8.195431057900215421e-06 -2.758109116984597264e-03 -5.758332842974978050e-02
4.299200522306367844e-06 -2.671401835061981700e-03 -5.346622857870220180e-02
3.137946175124639581e-07 -2.428977618641137148e-03 -4.493742277963841403e-02
-6.175845094769094601e-06 -1.958624254120411301e-03 -3.011682575720064925e-02
-6.509627998640965529e-06 -1.511681998377256697e-03 -1.617873531141800214e-02
-7.999870422936705694e-06 -1.048002003800618809e-03 -2.207055747261765788e-03
-7.652394687251984351e-06 -6.425645361152199087e-04 9.723660097647579548e-03
-6.143670490788011307e-06 -3.329711591869566334e-04 1.855005477604176889e-02
-3.927888273635993244e-06 -1.334041488049164670e-04 2.392983664728687287e-02
-6.759298460945473153e-07 -6.737027522585314898e-05 2.529340887807540739e-02
3.163093902358582454e-06 -1.382227346293785075e-04 2.264546673483436301e-02
6.023107012032014040e-06 -2.976452941608753733e-04 1.745791563040954841e-02
8.198020480687517875e-06 -5.086410506958127797e-04 1.089095097482628560e-02
9.887230681182579417e-06 -7.500573609565686084e-04 3.616940320867012559e-03
9.326262110365135527e-06 -9.421060120456958842e-04 -2.085462025023687715e-03
9.246213545865966665e-06 -1.114314518220194117e-03 -7.012055289842944461e-03
5.032884483724409108e-06 -1.122985779366203474e-03 -7.188508545909577663e-03
4.622386065966654911e-06 -1.129048433610280178e-03 -7.124600667909097851e-03
2.192596961880788342e-06 -1.060774894555471803e-03 -4.972419712764075683e-03
-1.465680281531600571e-06 -8.823740207299923810e-04 2.706408442669783199e-04
-4.556068710359628682e-06 -6.224566542810672232e-04 7.747446441959793262e-03
-5.950821655054117088e-06 -3.437591652156735123e-04 1.560773439496254689e-02
-6.237812563203437577e-06 -7.673773006278139519e-05 2.292399555443380699e-02
-3.912525658567034270e-06 8.875646521300240011e-05 2.716752505954356245e-02
-6.131092749606104064e-07 1.337825477207843505e-04 2.781083210586809962e-02
5.767214275642640331e-06 -4.324978073833030123e-05 2.210162277874827552e-02
1.079163774420077715e-05 -3.798402942600809240e-04 1.187732074747827049e-02
1.547621943898125352e-05 -8.645996303473513223e-04 -2.346660991709548227e-03
1.793480101719424624e-05 -1.413092054689202293e-03 -1.807559002447489682e-02
2.335382585622047813e-05 -2.141687755901178214e-03 -3.842635445872066846e-02
2.418203994081213892e-05 -2.873751791500733788e-03 -5.844018654783011968e-02
2.650340107490656294e-05 -3.670893885731718598e-03 -7.967063322722367502e-02
2.210118059559063042e-05 -4.278139427255633898e-03 -9.501902952029728233e-02
1.351887256778594448e-05 -4.556506621780753719e-03 -1.005256957593518852e-01
4.997254411498452953e-06 -4.523757820340312819e-03 -9.683258370990266428e-02
-4.574182873140486549e-06 -4.146684108899068022e-03 -8.330643400016946032e-02
-1.206875476583713080e-05 -3.513136144404516159e-03 -6.266395243072953036e-02
-1.744574251905106621e-05 -2.704305631557990530e-03 -3.747712917839929325e-02
-1.882015847209927983e-05 -1.868842428254358090e-03 -1.211800395781081896e-02
-1.571581245329856102e-05 -1.165494561892965741e-03 8.823738648566781251e-03
-1.173066629184260634e-05 -6.183923216398490297e-04 2.463697859866975648e-02
-6.631313946903194534e-06 -2.660385201145309964e-04 3.437257024320383714e-02
-4.099135023638567077e-06 -1.004021618500328117e-05 4.091391177083703035e-02
-2.611585730172283348e-06 1.817019928320728894e-04 4.535436052681429686e-02
-3.083623033417470793e-06 3.732709450366966664e-04 4.958022329759703695e-02
-6.052952883861539846e-06 6.560747060776472850e-04 5.621089224018649411e-02
-9.903864352345248534e-06 1.054215042695205717e-03 6.594387150850433699e-02
-1.422485219315650085e-05 1.580249018311441489e-03 7.906315174937694756e-02
-1.684096952425662153e-05 2.169369039351498607e-03 9.367711289942359798e-02
-1.767605641556091456e-05 2.759229614023528399e-03 1.079365802402940666e-01
-1.735313279105366036e-05 3.311859160580299388e-03 1.207255868972536561e-01
-1.375673584613767986e-05 3.709667297365548677e-03 1.287766512037884503e-01
-8.153519196640868216e-06 3.885603104842871858e-03 1.302409238514332657e-01
-2.660450327096608447e-06 3.851204770934701926e-03 1.255605420046583820e-01
2.647163478863845398e-06 3.612712985494259676e-03 1.151061920024543106e-01
4.552809185154327309e-06 3.302674378069303529e-03 1.027411130541191486e-01
3.624508788824254424e-06 3.019447627038540638e-03 9.140217887892942983e-02
-3.504904960704990913e-07 2.867935420062917018e-03 8.408599817038453494e-02
-4.903870431838264210e-06 2.858892141191615721e-03 8.109114795236305184e-02
-1.225916801417259450e-05 3.088490663300746952e-03 8.497179337689875211e-02
-1.615429215751085223e-05 3.417558327082570457e-03 9.176668969363555028e-02
-1.839626011901351887e-05 3.790139401425918209e-03 9.968215202832553246e-02
-1.762865929999524184e-05 4.099803570747684311e-03 1.056622513177687406e-01
-1.305627442477197420e-05 4.217981561645545163e-03 1.060761914041195020e-01
-6.160999985072024288e-06 4.077643918339202145e-03 9.908273696525426999e-02
-1.188414824304651063e-05 4.154056350006540832e-03 9.800454448708162403e-02
1.066065858618125972e-05 3.391715853842458550e-03 7.393008314086446653e-02
1.640269736513655374e-05 2.477527253490818815e-03 4.542183390647736019e-02
1.960055238220403950e-05 1.489340311811138129e-03 1.551259015874184577e-02
1.793423469198529574e-05 6.025282769689388473e-04 -1.077249175614780619e-02
1.447595155734671124e-05 -1.327613253757631284e-04 -3.194598357491740259e-02
8.677856903949177081e-06 -6.446777195832087415e-04 -4.610351507149346162e-02
2.782508224219437665e-06 -9.452466799323433477e-04 -5.370579447888745861e-02
-1.782260036498062306e-06 -1.093819892901803925e-03 -5.660814498673749640e-02
-6.038822565890278327e-06 -1.104628986679845326e-03 -5.541557021442633513e-02
-8.102866822512488909e-06 -1.059353447679489690e-03 -5.253732082894879696e-02
-8.727320787715875383e-06 -1.001063907478672022e-03 -4.931326395501045567e-02
-6.517523046700723910e-06 -1.023126541999319628e-03 -4.839787649632265598e-02
-5.724130130113636028e-06 -1.058333937752897747e-03 -4.796292335277962948e-02
-1.403071621552953729e-06 -1.228871242231477368e-03 -5.131445207845808376e-02
1.892944689885212028e-06 -1.475004124756540413e-03 -5.681375880964334435e-02
5.101527110529247011e-06 -1.784891101162644489e-03 -6.400417642205469271e-02
7.548714643257348200e-06 -2.118639338763106394e-03 -7.170997841101756087e-02
9.455955007342531360e-06 -2.456458137131578567e-03 -7.932062534490746941e-02
9.071302367158473601e-06 -2.722560088398662259e-03 -8.470932188716417954e-02
9.138155374066592174e-06 -2.947175624260056637e-03 -8.869847132296504455e-02
5.678573841483292028e-06 -3.015174087741767650e-03 -8.816045278241957384e-02
3.223799906360014234e-06 -2.984345289718248750e-03 -8.471288918482478003e-02
1.881041989948428750e-07 -2.845381959415638207e-03 -7.824470263776062140e-02
-1.882839057221197265e-06 -2.642701067848252094e-03 -7.007460834226875157e-02
-2.662146472265369823e-06 -2.422442162173910063e-03 -6.158600724711082997e-02
-2.603818715529726546e-06 -2.210219033572546898e-03 -5.355354435820403047e-02
-5.185372816796096629e-06 -1.902583916985944867e-03 -4.311581261940222731e-02
-4.308397075547532040e-06 -1.629881533921295755e-03 -3.386037109639361553e-02
-3.156498051049005937e-06 -1.393830981361809940e-03 -2.593770271627748869e-02
-5.840139061241700347e-07 -1.244535584388084537e-03 -2.070854941688082818e-02
1.566408450615064396e-06 -1.165021961767043202e-03 -1.767418861740277514e-02
4.670992272526319766e-06 -1.193295495719115529e-03 -1.780888126099711144e-02
8.311695436136190551e-06 -1.349802708149883124e-03 -2.162575788711551539e-02
9.037479382745239320e-06 -1.527089923130109383e-03 -2.604790081904750920e-02
9.161548287228704623e-06 -1.709515438348740979e-03 -3.050558701575867282e-02
9.529792811324711010e-06 -1.908298746701286852e-03 -3.528789795104736449e-02
6.866738718414033826e-06 -2.008724484032109459e-03 -3.720652089734377554e-02
5.505144360040681306e-06 -2.060554522748336836e-03 -3.760733258164172810e-02
4.994804183811041298e-06 -2.088033213227813434e-03 -3.725990307088289377e-02
3.128790547424209478e-06 -2.033782424208707695e-03 -3.462085199408049263e-02
-1.463124776113211567e-06 -1.800651852182699741e-03 -2.699868207504785289e-02
-3.244226965848362454e-06 -1.504146154571728289e-03 -1.764588523608212611e-02
-5.739851577146737327e-06 -1.122533492078359174e-03 -6.134302793805446186e-03
-5.459295758569737700e-06 -7.695665716029864711e-04 4.329096109284114036e-03
-3.419596520837231424e-06 -5.166552960881309886e-04 1.166840811880986983e-02
3.296646357009436201e-07 -4.273916869512728312e-04 1.412899304298598224e-02
5.083643028758189075e-06 -5.349280139991252625e-04 1.086550218845938609e-02
9.101440368919355706e-06 -8.039241024028198623e-04 2.993574736793958024e-03
1.129139208511098502e-05 -1.157452821691551392e-03 -7.173933236858109908e-03
1.099823914463282648e-05 -1.495636044537951292e-03 -1.670858005353692555e-02
8.493827353905913924e-06 -1.752618610693645884e-03 -2.368596911568454644e-02
3.999366498974588069e-06 -1.830220761730005918e-03 -2.538489054308912252e-02
-2.299507545044932044e-06 -1.664679081164077701e-03 -2.008367310508574199e-02
-8.338546526487355948e-06 -1.272567448315053973e-03 -8.378649251979064516e-03
-1.090527213620795521e-05 -7.911265335442951852e-04 5.715659113635807032e-03
-1.247586693298163851e-05 -2.585525679525968457e-04 2.091057711653077078e-02
-1.083396827894489434e-05 1.993753689787380878e-04 3.363744539933577471e-02
-7.181112914422804749e-06 5.092533767542262169e-04 4.179226461688423377e-02
-3.594538549922532411e-06 6.764987665465183042e-04 4.557375597970558800e-02
5.105870507504661759e-07 6.813321637173519463e-04 4.457020517729248787e-02
4.857076883024724623e-06 5.188843559773559377e-04 3.877038694449419509e-02
7.991546458252507534e-06 2.392792555417910805e-04 2.970134117108136351e-02
1.028477026177032627e-05 -1.212605134131017337e-04 1.852308401995172993e-02
1.135376587979575191e-05 -5.154298829425085771e-04 6.653799623128175966e-03
1.098079022809894667e-05 -8.850332382691616928e-04 -4.218707401000498791e-03
7.154110673868174786e-06 -1.102285250504930758e-03 -1.052088821686925080e-02
2.481518849739572374e-06 -1.143780366611224508e-03 -1.159181102753059633e-02
1.178864702300330691e-06 -1.138240380466393198e-03 -1.111396266004094358e-02
-4.967927648147352215e-07 -1.064870846191667830e-03 -8.710777246211387492e-03
-1.738389083127955814e-06 -9.427603512260906982e-04 -4.950500268169344409e-03
-1.407111261841897942e-06 -8.297942179543715824e-04 -1.495440107063483737e-03
-7.182791514903641428e-07 -7.402349658428564183e-04 1.200066699711621609e-03
-1.721340081806133071e-06 -6.133476887141275924e-04 4.815649138946165309e-03
-1.871410098663872645e-06 -4.893852477113602717e-04 8.283828787206015676e-03
-1.475504871284449848e-06 -3.903316329079142832e-04 1.095723502575451924e-02
-2.010297544097205957e-06 -2.819468873883623772e-04 1.377619342683811254e-02
-1.218520330192873757e-06 -2.158179403737303659e-04 1.535301798533339479e-02
-1.505382877686756160e-06 -1.532830095865023168e-04 1.673160924892003187e-02
-5.651657105643081991e-07 -1.410726960572317168e-04 1.667329568583730826e-02
4.995876573543611698e-07 -1.790300465945859898e-04 1.517152635712348818e-02
-9.195525212390975867e-07 -1.707450202658167271e-04 1.492533773323145851e-02
-7.101436435563712735e-07 -1.798454736430254997e-04 1.426062502768998819e-02
-2.010660630213934041e-06 -1.430485182114527021e-04 1.486112016028839911e-02
-3.606028960323470756e-06 -4.853556874306885760e-05 1.708795327734136116e-02
-5.352378051770578793e-06 1.078296803203038223e-04 2.102335126364907048e-02
-8.424133683848644694e-06 3.726100231903339832e-04 2.790306723034241543e-02
-1.099671131654655909e-05 7.216368494820102342e-04 3.702919212904398627e-02
-1.255540611133643125e-05 1.111266424682844089e-03 4.710399131988274313e-02
-1.215880228178090050e-05 1.467889665837884827e-03 5.601629603079549824e-02
-1.052104518317609205e-05 1.750164919299690425e-03 6.256905934608081310e-02
-8.123138289128917222e-06 1.933027416008092914e-03 6.608840630798895610e-02
-2.747745387776667769e-06 1.906282500163558602e-03 6.360129947916615123e-02
-3.986127139476991488e-08 1.779457929822703122e-03 5.816436962129523103e-02
3.456768681076027860e-06 1.519514255000964376e-03 4.909044594305878029e-02
8.012945248103697793e-06 1.094990342241586312e-03 3.558998734563423305e-02
1.123452025852955671e-05 5.668195930443875596e-04 1.943283363329584290e-02
1.226225711370432236e-05 2.362428479540934489e-05 3.212622590663238853e-03
1.123155030802180931e-05 -4.542364944916110758e-04 -1.074290584570025686e-02
9.543255079735857294e-06 -8.414158676703920037e-04 -2.169804477166970003e-02
6.196599851460149466e-06 -1.076877670043940860e-03 -2.802863315397519095e-02
3.134205992183503042e-06 -1.178504442246541828e-03 -3.028753342237444635e-02
-9.549767697736299965e-07 -1.115712034976290568e-03 -2.777718980156218542e-02
-3.703048516601192830e-06 -9.517723589367310666e-04 -2.234413011568925356e-02
-6.808880464448385794e-06 -6.848013102691563603e-04 -1.410483150942520858e-02
-6.259831888066891281e-06 -4.635870926118501600e-04 -7.235506171662908770e-03
-6.573024674549898805e-06 -2.539550603093410075e-04 -9.454215170474622454e-04
-5.517205374228062453e-06 -1.116747694053232820e-04 3.285345390608096494e-03
-4.881203427897773395e-06 -1.615464274085098850e-05 6.015459311753401650e-03
-3.886996879032267316e-06 2.401256912787363973e-05 7.077550116576514228e-03
-3.319218882524843650e-06 3.112624727064083885e-05 7.125070914322462201e-03
-1.761602164696007833e-06 -2.511832206864017536e-05 5.384591658589288343e-03
3.929389706947006289e-07 -1.556385860496112272e-04 1.573248965895723828e-03
9.745238720437754409e-07 -2.930533849052618933e-04 -2.410644239694947899e-03
5.436595652552611568e-07 -3.976709696080771295e-04 -5.385570126826610959e-03
1.136989874472860151e-07 -4.690460463616652476e-04 -7.314892461937949619e-03
-9.420457121045444637e-07 -4.840665462045867784e-04 -7.592596738223322816e-03
-3.007831035795049957e-06 -4.129963813925829896e-04 -5.422530619021204146e-03
-5.669610582126338727e-06 -2.451604312606603386e-04 -5.466545392502908385e-04
-7.378989247852629774e-06 -2.205231695395770686e-05 5.828443689678719508e-03
-8.442091951832431107e-06 2.293127375418979597e-04 1.286206544708856647e-02
-9.066507338895135604e-06 4.905458345143554055e-04 1.999159350403689750e-02
-7.486574797654910185e-06 6.814129791553602544e-04 2.498539909636821044e-02
-5.805582374174278470e-06 8.057968046182306665e-04 2.791016114472633092e-02
-3.456863740369797711e-06 8.408738194980447389e-04 2.820248245665313291e-02
-9.595701155884484024e-08 7.546772514367416917e-04 2.503551993697938904e-02
5.107975975415790515e-06 4.879884912194487612e-04 1.684651562046579620e-02
8.191598011020317927e-06 1.293746442652121686e-04 6.141603417626040340e-03
1.112799424252131075e-05 -3.130263448887227185e-04 -6.667474908004233924e-03
1.199455390188397530e-05 -7.594207963792509730e-04 -1.931008091171326768e-02
1.279065928183609202e-05 -1.207873850581853148e-03 -3.163337319040548934e-02
1.288129578824737109e-05 -1.629722462599403343e-03 -4.285246331380943019e-02
1.124212991365780567e-05 -1.964892807492235605e-03 -5.131401571045079990e-02
9.166734093457584720e-06 -2.202693506410113855e-03 -5.672856627348821235e-02
7.487947774498238118e-06 -2.363808360713259837e-03 -5.973891626444327585e-02
7.363484078704018998e-06 -2.509728147764511696e-03 -6.213176155559452241e-02
4.410973005186669127e-06 -2.537473731193062854e-03 -6.118080677069759332e-02
3.563128702088746991e-07 -2.421870425871164301e-03 -5.616748364332457832e-02
-1.770280795510004168e-06 -2.247086021357369567e-03 -4.948681826170431286e-02
-4.532007697233275678e-06 -1.993673328579137483e-03 -4.076411216127140413e-02
-5.093059733285443258e-06 -1.749020482669338961e-03 -3.243920501455876959e-02
-5.511370719024633047e-06 -1.514509057298329964e-03 -2.465098884980521099e-02
-5.826535227737572598e-06 -1.292268061242607402e-03 -1.744904824934212506e-02
-5.429956115521328286e-06 -1.101767407507114882e-03 -1.135297311706806589e-02
-7.128915054388507144e-06 -8.608909259898434030e-04 -4.103570531613476291e-03
-6.940638389130171504e-06 -6.404245943919528727e-04 2.429132801113897955e-03
-4.280450477067709869e-06 -5.200128405767889817e-04 5.996255045317422372e-03
-2.645598725425912789e-06 -4.473763741260627924e-04 8.012335847754403773e-03
-4.240685687051382047e-07 -4.403519457992777220e-04 8.099461058743484543e-03
-4.197418793649987379e-07 -4.128997432253367350e-04 8.653369075959815859e-03
8.249694105622040752e-08 -3.883944801431615801e-04 9.131856195203402748e-03
-1.652805691532144294e-06 -2.867719314888494964e-04 1.170459612616014944e-02
-4.137122377900759318e-06 -9.122170179742816742e-05 1.687226262567032009e-02
-6.406457169982893163e-06 1.791648325074612913e-04 2.405972026892166937e-02
-7.850929101271830746e-06 4.866907528773278813e-04 3.214870459395879898e-02
-1.000700620035210875e-05 8.515375129193314407e-04 4.161235682432939953e-02
-1.192753745604679949e-05 1.260380153112472534e-03 5.206755398480300556e-02
-1.237804716658352788e-05 1.655175704078692966e-03 6.187853702673362655e-02
-1.187625804532910223e-05 2.003898394678627071e-03 7.010996951267811639e-02
-1.077193550536037492e-05 2.287389706364661990e-03 7.623900939364269824e-02
-8.665034200494581285e-06 2.472881773418089679e-03 7.940548792879753570e-02
-7.867650529291836392e-06 2.614362837908834614e-03 8.113088894770625892e-02
-6.007048454437224905e-06 2.673848932619793395e-03 8.049098338034688105e-02
-3.505900273648165921e-06 2.636280579367711319e-03 7.709864393250764891e-02
-1.284220777497679933e-06 2.518391933276187267e-03 7.147295577769319230e-02
7.133762414124333873e-07 2.331285032025287585e-03 6.400749123364857240e-02
3.161639391291437562e-06 2.061102989463048374e-03 5.439626341212666638e-02
5.206528216783468110e-06 1.726243390606563288e-03 4.319003158553091914e-02
5.039943672069391312e-06 1.407298770803810939e-03 3.266449446780494981e-02
4.739170954004556791e-06 1.100639849440421258e-03 2.281141056503699360e-02
5.628582958050465379e-06 7.590035198654643267e-04 1.231987392968214579e-02
5.344314336630517914e-06 4.266854681895804191e-04 2.355500027257040330e-03
4.316080820410128638e-06 1.264235936694335649e-04 -6.418611295558207530e-03
2.833660176060348590e-06 -1.268458213193879303e-04 -1.359651975554432290e-02
4.558240602747787307e-07 -3.021318890742419327e-04 -1.835785166955727910e-02
-5.330262881075853443e-07 -4.529225526975766414e-04 -2.219379380029118387e-02
1.922102121909574635e-08 -6.300007906944182778e-04 -2.659107933718884986e-02
9.039728788851064678e-07 -8.340412196753410612e-04 -3.162387493408713723e-02
7.085443084475784303e-07 -1.018495862038282240e-03 -3.600509593680811804e-02
1.738195210210236041e-06 -1.224818234063063116e-03 -4.082317312414818211e-02
2.251887032733712601e-06 -1.427671568534294444e-03 -4.542616786442255084e-02
2.424984987370315537e-06 -1.611868030996554957e-03 -4.937302092330053682e-02
2.376170364914997890e-06 -1.767729817499286149e-03 -5.239664473239313836e-02
2.821933968388812275e-06 -1.914392840758449843e-03 -5.503368183175405548e-02
3.571127221047021294e-06 -2.062731914057036597e-03 -5.761856042995883165e-02
3.858951543977973131e-06 -2.195206785557624052e-03 -5.968931476641792244e-02
4.480937812356700078e-06 -2.323163867591127030e-03 -6.154823318000968158e-02
4.663212858968535102e-06 -2.432290877395715256e-03 -6.282503469172229238e-02
4.558863486048281288e-06 -2.517832682416010215e-03 -6.338868672942932214e-02
4.271440822711802809e-06 -2.576488527218701030e-03 -6.316326011704087584e-02
3.234567251597653126e-06 -2.585809962537655160e-03 -6.155439479002100533e-02
2.377055381530546185e-06 -2.556401714188138996e-03 -5.886349765076759333e-02
-2.587183797198022717e-07 -2.425423910246693460e-03 -5.341883521975687721e-02
-3.333707055186430068e-06 -2.185309398885282306e-03 -4.501341572105577171e-02
-7.893652040791288016e-06 -1.787523518411160417e-03 -3.239734477912570298e-02
-1.075135047567954416e-05 -1.307845432172327627e-03 -1.770530773970668825e-02
-1.373112046587632307e-05 -7.438150297170986747e-04 -1.034057385284503638e-03
-1.353459360309283710e-05 -2.136180635268214445e-04 1.432337442611286704e-02
-1.067570598600742215e-05 1.933668955907963394e-04 2.580355491830221837e-02
-6.812630926500418127e-06 4.532745018900330436e-04 3.274339327188968696e-02
-4.297344598280794514e-06 6.238058961516301792e-04 3.681909161684604470e-02
-7.810608827485410188e-07 6.708392593561818273e-04 3.726258003102445038e-02
1.159192513089379872e-07 6.956651887207732088e-04 3.690885959095968616e-02
1.236124931525139914e-06 6.828010293017383603e-04 3.549554163252710559e-02
2.473887775522598531e-06 6.265406742423929032e-04 3.288512067583426735e-02
3.122159527135792700e-06 5.480865427363035280e-04 2.968476046887302822e-02
4.016007786988851080e-06 4.342410075116598378e-04 2.558122176624100241e-02
4.408141776934826339e-06 3.013935139156709297e-04 2.103319346299170611e-02
4.469797036499301157e-06 1.593666504603463707e-04 1.634429141714455191e-02
3.043808145641868634e-06 6.153947340648002751e-05 1.298996083840253668e-02
2.608825124816860352e-06 -3.358818611287617273e-05 9.871854613424213554e-03
1.539087050250742550e-06 -9.965709630388452922e-05 7.648173930654200703e-03
1.360147850570925243e-06 -1.724827589536515049e-04 5.348896161374128155e-03
4.780051211517033494e-07 -2.230135509613262457e-04 3.720447461559306390e-03
-1.470052300334145912e-06 -2.120793247197827469e-04 3.847791738342598578e-03
-2.144600291353881971e-06 -1.890713415108047357e-04 4.387527150994774416e-03
-3.266014156899643694e-06 -1.335132345744449722e-04 5.818875247349364344e-03
-1.462801071716590684e-06 -1.518456025516590202e-04 5.239740572815287933e-03
-1.654856365829182607e-06 -1.587286289360667624e-04 4.888523567554869942e-03
-3.112146943595739401e-06 -1.118013861755029481e-04 6.024233178486770868e-03
-2.158684227926421784e-06 -1.042800095080176348e-04 6.128176044780886400e-03
-2.235929476568365715e-06 -9.002461456331101175e-05 6.360221029993562425e-03
-1.056229801399410917e-06 -1.170765898469428024e-04 5.467106660051346267e-03
8.994949736162993759e-07 -2.103299256015489505e-04 2.740852891019329718e-03
4.580849891522298378e-06 -4.299313273220528586e-04 -3.437841345459879960e-03
8.006629404033738240e-06 -7.602020627512917628e-04 -1.262334316729551986e-02
9.918498742100823051e-06 -1.141752599004952629e-03 -2.308913414382418594e-02
1.018277274922319009e-05 -1.513129767225951383e-03 -3.303797812439324133e-02
1.002259688021034378e-05 -1.860252597381539807e-03 -4.201017492372027817e-02
8.315542814107956815e-06 -2.127765336474407576e-03 -4.850436368431831902e-02
7.564720729158480594e-06 -2.354928947826406826e-03 -5.358379806537105772e-02
6.797116052781326800e-06 -2.539591231239812785e-03 -5.728484682997092570e-02
2.846550217427967766e-06 -2.565735472416896812e-03 -5.649392017633592111e-02
1.408703870109384582e-06 -2.538208048842860443e-03 -5.403396273722171905e-02
-2.857392754407328539e-06 -2.349534657185792241e-03 -4.717566128931705016e-02
-5.011351071781966482e-06 -2.088510949686872564e-03 -3.832190235174737225e-02
-7.045111917847179939e-06 -1.758060267544658828e-03 -2.773367710451246637e-02
-8.317893609777193831e-06 -1.387867014406740651e-03 -1.628222563567849335e-02
-6.526119080474401812e-06 -1.090458856102705099e-03 -7.095814392438892781e-03
-3.453154260757429483e-06 -9.033791997208329150e-04 -1.289477778054104462e-03
3.730039084270941885e-07 -8.465049197310392515e-04 6.376308969835431384e-04
3.323795097820436695e-06 -8.807491131683775620e-04 -1.657684805120851479e-04
6.289413979621016892e-06 -1.004409580279919112e-03 -3.514730763922724321e-03
7.923775897866747187e-06 -1.167226529045217731e-03 -7.960763905926704354e-03
9.944500699021752155e-06 -1.388201520858722837e-03 -1.391233161516880479e-02
8.977271667154340662e-06 -1.560272152035024895e-03 -1.844072391986073534e-02
7.395472371940492451e-06 -1.673822070356600911e-03 -2.117414300149711437e-02
5.450952273444720220e-06 -1.725254064758319217e-03 -2.204738465223421429e-02
3.950083483528210593e-06 -1.736255585638057930e-03 -2.169933404809198940e-02
2.124041874718152201e-06 -1.693718356790552271e-03 -1.984391023034537405e-02
7.651898963345615812e-07 -1.614397984946558395e-03 -1.696462853644153945e-02
1.006374734990878039e-06 -1.556246608410805088e-03 -1.468693489278072306e-02
-2.871570053963878877e-07 -1.453973717976286828e-03 -1.131101894239794348e-02
-2.530902379449528894e-06 -1.277172314915420159e-03 -5.956230092034831003e-03
-5.330965114569430341e-06 -1.009601100147139441e-03 1.805696432638947968e-03
-7.785735548493377678e-06 -6.681780044126561791e-04 1.146895422303173540e-02
-8.689381704507503912e-06 -3.127341310679154773e-04 2.133204526493881481e-02
-9.217254476001635055e-06 4.632154515549213869e-05 3.101571582432782748e-02
-7.577221112775589518e-06 3.293686568432985240e-04 3.835162171236250472e-02
-7.134416177279057081e-06 5.889475332921945139e-04 4.471056017822494510e-02
-4.273401408960708636e-06 7.314542301471993468e-04 4.766599595189124905e-02
-2.478084083379350488e-06 8.064591495861028747e-04 4.852404990305902999e-02
-1.398227241100613583e-06 8.396048535060929296e-04 4.810886775436906682e-02
-2.070652344365875308e-06 8.959830783217270778e-04 4.825941043144443832e-02
-4.481374293319184687e-06 1.033645574425978708e-03 5.062648773174749373e-02
-6.671509756195348473e-06 1.233344488573262510e-03 5.471771835339689360e-02
-8.670533944932223847e-06 1.483683102975197343e-03 6.014830717250685410e-02
-7.950947485624304534e-06 1.678831091401100650e-03 6.400511093165595078e-02
-6.783578256119859873e-06 1.812165306218860295e-03 6.599257892820031834e-02
-4.076644708805865491e-06 1.828911154940104922e-03 6.467277418233474684e-02
-1.717789500865762875e-06 1.747574736722379285e-03 6.055986214667585799e-02
3.704528819259422789e-07 1.582558659633637177e-03 5.415152576674198137e-02
3.298752543345884192e-07 1.415084900426633041e-03 4.772938194916753751e-02
-4.294913437119518562e-07 1.268361181723243192e-03 4.204792715812200044e-02
-2.905348270854091197e-06 1.205778293480563867e-03 3.883448702213598835e-02
-4.508971080952051125e-06 1.192740673445102928e-03 3.718530126238284161e-02
-6.157273184981271186e-06 1.235843697251493012e-03 3.718080301323234416e-02
-7.795309783675818949e-06 1.335639121271881002e-03 3.879293865749144921e-02
-1.129942766242564289e-05 1.559904358414909709e-03 4.379583066907533073e-02
-1.208732925250810553e-05 1.799567716044947474e-03 4.926081122535941326e-02
-1.303180463052555638e-05 2.063895709317753457e-03 5.525424876225404347e-02
-1.277299843593926454e-05 2.306848882104528542e-03 6.052709255359678409e-02
-1.046964988515863837e-05 2.456303436672246931e-03 6.308886059138751889e-02
-8.179942998065570237e-06 2.516186581532742217e-03 6.300816513891982495e-02
-4.667193167162686507e-06 2.444138456579980634e-03 5.922693272774237627e-02
-2.358483812248124423e-06 2.287025733627823243e-03 5.305030127030163634e-02
-8.646269716860999210e-07 2.073117362525023211e-03 4.538351690466080335e-02
-1.196265296155019087e-06 1.866991838117226798e-03 3.805804548452096370e-02
-1.338564308284162507e-07 1.610798177517858143e-03 2.961584409601214496e-02
-7.551766751934252397e-07 1.373154307460988655e-03 2.184833894649651498e-02
1.138237815112574935e-07 1.099076908475882242e-03 1.336333707289094619e-02
1.894684409364799649e-09 8.345672927980718470e-04 5.336840730253422649e-03
-9.551252289075051749e-08 5.815638658810406980e-04 -2.122597494028211074e-03
2.368762374249655522e-06 2.514514578796367417e-04 -1.140810272848691298e-02
4.500016794750649751e-06 -1.308992875185266413e-04 -2.193737676556062333e-02
5.095868093385469422e-06 -5.022081466844463549e-04 -3.193670348011412585e-02
6.609749979569201628e-06 -8.979495159302519625e-04 -4.227246908612447562e-02
7.397579342205418129e-06 -1.288167456406807965e-03 -5.217959027766805313e-02
8.338761361081914458e-06 -1.680093966763385183e-03 -6.181974640155374345e-02
8.077271455353418617e-06 -2.029090580107695274e-03 -7.000793114456538291e-02
7.686950444174556196e-06 -2.334975080492185384e-03 -7.671197316042532854e-02
6.580177771775552742e-06 -2.573756325795373279e-03 -8.132660019989756961e-02
4.398053813692293090e-06 -2.708354175155802679e-03 -8.287757349984792299e-02
2.211170476273949248e-06 -2.745639356013573895e-03 -8.158264606571319355e-02
-1.209388319711734994e-06 -2.647057732337643188e-03 -7.649776516279427341e-02
-2.792816243046836178e-06 -2.491806884303615632e-03 -6.981348238152507157e-02
-3.807177610060108464e-06 -2.303600879338119078e-03 -6.234058453734436789e-02
-3.159303995747819727e-06 -2.145694373552275991e-03 -5.585269733149567095e-02
-8.252506760175748468e-07 -2.077040992721657098e-03 -5.201140580230378951e-02
1.897673468254090778e-06 -2.103020675743638712e-03 -5.097845748272722410e-02
3.534366634583285816e-06 -2.178750202223578292e-03 -5.147101202869008851e-02
1.890312969043961289e-06 -2.179702308482189821e-03 -5.001416826825089146e-02
-5.370986501107566369e-07 -2.084186897414963546e-03 -4.588462933331594051e-02
-4.050385603693307246e-06 -1.856365471846421755e-03 -3.815381909822956885e-02
-6.266068077187547658e-06 -1.552888571830612907e-03 -2.840253471403086927e-02
-6.327672657180372084e-06 -1.257580163528337902e-03 -1.903938068060906375e-02
-3.096431782312336622e-06 -1.090713051739911066e-03 -1.343151537936715378e-02
8.932325055166501215e-07 -1.071565879084301898e-03 -1.217826729464865920e-02
4.644035068945839839e-06 -1.182846767433520796e-03 -1.472012192295424349e-02
6.246710563706514563e-06 -1.338938550748292045e-03 -1.860734134313379862e-02
5.165520517214083895e-06 -1.439554783804641858e-03 -2.096026937747730301e-02
4.305541988824934663e-06 -1.497308317769285857e-03 -2.200211135710583576e-02
2.326253427775704097e-06 -1.468772867168066654e-03 -2.061339384020977050e-02
-3.267909451931672038e-07 -1.334759907046567662e-03 -1.628503763713107233e-02
-2.715522476770537708e-06 -1.111796530608943900e-03 -9.519494809117734491e-03
-4.245554252935157535e-06 -8.386795739666053073e-04 -1.461326386667405330e-03
-5.830763140868278072e-06 -5.165066730727363442e-04 7.757283535773762395e-03
-6.776056056700952013e-06 -1.746569173523560004e-04 1.730346081935874025e-02
-8.564845308201007867e-06 2.148152326694741099e-04 2.787212868573329949e-02
-8.934612373390216078e-06 5.880006040814289570e-04 3.775254399144900574e-02
-9.023580805234132640e-06 9.347955122356865765e-04 4.659537525197232632e-02
-1.020186677558321264e-05 1.293056348615706508e-03 5.542835343246599322e-02
-8.215614798245951533e-06 1.539738049752603644e-03 6.100158536971589385e-02
-8.075242087457468187e-06 1.756030720732104644e-03 6.540605049102476976e-02
-5.920179973695205433e-06 1.865179785829673698e-03 6.673241590218825792e-02
-3.797452910125898029e-06 1.881087176968165853e-03 6.533377570004184065e-02
-4.290090272807134397e-06 1.906789193297286911e-03 6.407639014021460078e-02
-3.886083714821353396e-06 1.903942663069813079e-03 6.209281049040682454e-02
-4.192206947584153909e-06 1.900892868871906227e-03 6.011510475899894956e-02
-4.304248579445335565e-06 1.889871535392440016e-03 5.797720116393834111e-02
-1.734798657282432544e-06 1.771083147356689036e-03 5.299713625949653562e-02
5.783102009493390483e-07 1.565967982330940256e-03 4.567506097461371262e-02
3.316853856238921594e-06 1.261968475064212392e-03 3.577191353025077625e-02
7.543406959520382316e-06 8.097299443837746580e-04 2.202532275029156494e-02
7.520209013511802709e-06 3.801609101026781623e-04 9.054242882939655956e-03
8.609750221322265418e-06 -7.399621546810841721e-05 -4.155861557224138636e-03
7.189985397282327995e-06 -4.546914581632921504e-04 -1.502985508765197764e-02
6.746999873019632332e-06 -8.028703810514237205e-04 -2.457861910096426072e-02
6.932500604905911246e-06 -1.138216845579409497e-03 -3.342803491259838111e-02
8.149082148745101506e-06 -1.494580752209873076e-03 -4.254206274710203850e-02
8.078186734761239052e-06 -1.819695200320936568e-03 -5.056905095485508816e-02
9.734999943833422265e-06 -2.179573073212648371e-03 -5.922794274566722805e-02
8.623808660734866294e-06 -2.466499042040659617e-03 -6.571621399621752069e-02
7.040374091826784309e-06 -2.673344262853649678e-03 -6.973701454382563725e-02
5.184427092408405713e-06 -2.796224931922275392e-03 -7.124018147906641119e-02
-1.218404155345353956e-09 -2.720784504975981566e-03 -6.723092186432877426e-02
-4.011370076661968653e-06 -2.508362601666147551e-03 -5.933371477515136938e-02
-9.099130780509945282e-06 -2.124815262312451658e-03 -4.684443145537264819e-02
-1.093169559629458831e-05 -1.700339388839067212e-03 -3.334285721410479297e-02
-9.363998188405275869e-06 -1.352914033340146815e-03 -2.223368827264793346e-02
-5.652767799069202681e-06 -1.147431886415362090e-03 -1.538925272510449638e-02
-6.477587581876775857e-07 -1.118095232273241812e-03 -1.371380065563387873e-02
1.886144117779764429e-06 -1.164662082512757380e-03 -1.442699415741222069e-02
4.064704891004744525e-06 -1.278929513811588592e-03 -1.707357056309999344e-02
2.137388310230470267e-06 -1.311639453808299827e-03 -1.757431297905620582e-02
1.817310750773515338e-07 -1.278026780425101094e-03 -1.615484222585394924e-02
-3.666278959535418380e-06 -1.111927778779830955e-03 -1.111401069785689089e-02
-5.446795973806928259e-06 -8.962549065847369434e-04 -4.673854975555169489e-03
-6.504797554707231200e-06 -6.501384777382601676e-04 2.478974885653073557e-03
-5.798118622113435094e-06 -4.332092013713539913e-04 8.686897540796545414e-03
-3.337424803295796494e-06 -3.021930308572673418e-04 1.235984642337117911e-02
-4.450102608632988677e-07 -2.658010830509649480e-04 1.324224852666278096e-02
2.023903882930611076e-06 -3.030223379348884194e-04 1.196128612724245421e-02
2.892055818826122504e-06 -3.538262056269614320e-04 1.022234019408307937e-02
3.995026679581847873e-06 -4.329482376663196241e-04 7.748559556107759150e-03
3.945078112521649416e-06 -4.986372597416410812e-04 5.660137687677702090e-03
1.880338041049256503e-06 -4.813334484153330983e-04 5.872228640148913215e-03
-1.428711286055595053e-06 -3.458653039307701960e-04 9.374064063443432460e-03
-4.823187388924843333e-06 -9.949769726103063761e-05 1.593633414359718614e-02
-7.559087061514979666e-06 2.239347895851007131e-04 2.455267643321046300e-02
-9.173410557172800850e-06 5.783473710920805644e-04 3.387130230349244542e-02
-1.067030688728376475e-05 9.582533588139430236e-04 4.364156014939291062e-02
-1.205395298975453500e-05 1.354159077753769314e-03 5.358106713953603162e-02
-1.205122623704202312e-05 1.714346555801882221e-03 6.228768272936313632e-02
-1.307150988694161242e-05 2.079353763876190531e-03 7.079020226586685283e-02
-1.088338425048185343e-05 2.327806565031065311e-03 7.592394667987689694e-02
-8.601344535841271011e-06 2.470531919821605804e-03 7.787732195557228732e-02
-6.301932660712772361e-06 2.509548182779042236e-03 7.680796737453088330e-02
-4.035851535078016639e-06 2.450241283156573413e-03 7.295666170716175181e-02
-1.197491785509541273e-06 2.274224327178719918e-03 6.593013428617655602e-02
3.121042968512455218e-08 2.046854299515010744e-03 5.753453296118493654e-02
8.446141807061380291e-07 1.785135268000836994e-03 4.837643093930066307e-02
7.363319913800125960e-07 1.526777819231661670e-03 3.951979203057243151e-02
4.111957119246056891e-08 1.295258953446731809e-03 3.164850743353975204e-02
2.631551004883547762e-07 1.060951277063570952e-03 2.399032466264727770e-02
-2.113026013050856022e-07 8.528734159752304755e-04 1.726174640183486542e-02
2.712262792692321511e-06 5.460515569939428104e-04 8.159938654460630048e-03
6.465672057087701319e-06 1.218051900561123446e-04 -3.955980266269976120e-03
9.388486670203199935e-06 -3.806498864188379017e-04 -1.799660193662544483e-02
1.235209497196798623e-05 -9.586647592157993003e-04 -3.376483965725796121e-02
1.463275697022314858e-05 -1.579356267959630689e-03 -5.032350771021709690e-02
1.450329571217601199e-05 -2.151002550642266975e-03 -6.514937074030258124e-02
1.218876170872018605e-05 -2.595204830115771522e-03 -7.604350172936014118e-02
7.880330739618024438e-06 -2.847631629014468757e-03 -8.126612604198846235e-02
2.383673244343853526e-06 -2.876896584033783455e-03 -8.003368914075026375e-02
-2.480196850229710037e-06 -2.719322900557707978e-03 -7.344832400879708345e-02
-5.558029865460056840e-06 -2.454099518211738662e-03 -6.384264097211245215e-02
-5.509642728052099869e-06 -2.203063111180791900e-03 -5.469492764405714524e-02
-3.461309538321799550e-06 -2.040731910124771176e-03 -4.819739710913029107e-02
1.101919691937069956e-06 -2.055516843002203053e-03 -4.676496994995194001e-02
5.897471959892541804e-06 -2.241409975028585411e-03 -5.024535491421500133e-02
6.264010753875837167e-06 -2.421834186162707958e-03 -5.378886754482548049e-02
4.427769921266921926e-06 -2.518421760082822924e-03 -5.499877831629329528e-02
1.858773303720084868e-06 -2.508689883578385516e-03 -5.319249169542294986e-02
-2.403645165016676799e-06 -2.332158380398852149e-03 -4.680582734908877995e-02
-5.739964091699967241e-06 -2.036597311889987161e-03 -3.714238629608557218e-02
-7.132601966164386909e-06 -1.699691947281201099e-03 -2.644701672769811385e-02
-7.249340244097624009e-06 -1.372062754018577024e-03 -1.623958936827607502e-02
-6.543669444525335166e-06 -1.084149084240648708e-03 -7.412664316772676898e-03
-4.044974835748504916e-06 -9.015616952688376706e-04 -1.727448842117729200e-03
-1.728545538481895960e-06 -8.085177644248653372e-04 1.213403799953161055e-03
4.237822563979420920e-07 -7.924832538510062641e-04 1.847756019639712477e-03
3.064822226228613999e-06 -8.645992872353680525e-04 -2.538974928345538729e-05
5.321626618481900550e-06 -1.001380064239942858e-03 -3.722548388399138375e-03
5.364642974070576997e-06 -1.116207616692177496e-03 -6.847279035357312083e-03
2.710140329154064887e-06 -1.111972156504881237e-03 -6.684330024276485815e-03
-3.360927414153280779e-07 -9.847986619702653321e-04 -3.050929530783008659e-03
-4.846802462044053073e-06 -6.884712863136077665e-04 5.189488594494529039e-03
-7.638974456436464777e-06 -3.030355457038225175e-04 1.585361611504065849e-02
-7.351574660585669108e-06 5.116355818179929571e-05 2.553833862560694890e-02
-5.736305929371354750e-06 3.285292335568623656e-04 3.284149390130408630e-02
-2.663355612386730797e-06 4.774169488771518033e-04 3.637196175002588294e-02
2.026745438143962019e-11 5.187534133492266442e-04 3.670233877537942835e-02
2.345602575282157432e-06 4.642202912997772657e-04 3.427241301670025386e-02
1.240991389206413942e-06 4.447526325099815381e-04 3.265597369320705212e-02
-1.289810441784666750e-07 4.556525418663581739e-04 3.194141675736084096e-02
-3.557554066002666104e-06 5.730599462550611811e-04 3.412161752763098743e-02
-7.588588979423604997e-06 8.100815103735392597e-04 3.959086944259293528e-02
-9.997388424776154636e-06 1.099725642055571218e-03 4.651019680148560376e-02
-1.067284501388154894e-05 1.380001107287476270e-03 5.307698270005234420e-02
-9.579891284361430337e-06 1.592024135034730836e-03 5.762503754785874843e-02
-7.373256949438911079e-06 1.702293237723084829e-03 5.921611019920725028e-02
-5.135657829336004454e-06 1.717572248128962364e-03 5.805028898178177243e-02
-4.840116106907821347e-06 1.714140757469673204e-03 5.623210240187415110e-02
-5.150059000480489146e-06 1.708697634652311947e-03 5.436458834826796149e-02
-5.837383167062171196e-06 1.713573844577154226e-03 5.281555462841835968e-02
-8.026677596362219447e-06 1.781907910680835538e-03 5.300109113268214323e-02
-1.048588989605026001e-05 1.920582190011455026e-03 5.514975006445077543e-02
-1.114117414313664511e-05 2.063571950139286848e-03 5.748215527943889569e-02
-1.190105128268115209e-05 2.223671534185289733e-03 6.020586539070305054e-02
-1.078602650039783839e-05 2.335404127783713424e-03 6.160091181518567716e-02
-8.488714484888859602e-06 2.366864723073958121e-03 6.074532797016518604e-02
-3.559876635250702748e-06 2.229280731740501675e-03 5.530356665496594104e-02
-2.468984344750069226e-07 1.996166847443026082e-03 4.717788776736031586e-02
2.602822955499739521e-06 1.681444303230916759e-03 3.694689891547175975e-02
3.815804407891754124e-06 1.342371691863464278e-03 2.621811040730404052e-02
2.035656051724288318e-06 1.081017717499688224e-03 1.780582903664540417e-02
-3.435237418969450118e-07 9.048232755567986452e-04 1.203828389969185952e-02
-4.334703866071265566e-06 8.678801384924272888e-04 1.028574455775610463e-02
-8.630753879468322509e-06 9.737049200657099668e-04 1.262308497122111017e-02
-1.174703005302202286e-05 1.177780412845996771e-03 1.776593056519493175e-02
-1.339636014985323698e-05 1.431374177300492878e-03 2.426013359905687672e-02
-1.022689417995437111e-05 1.559421719219300506e-03 2.735409466128602141e-02
-4.675048144719973209e-06 1.489612670684925533e-03 2.490513209236311365e-02
-2.714538880344008476e-07 1.276283342075912319e-03 1.835523009742801026e-02
5.224279504889572934e-06 8.783430606683628739e-04 6.841410333329855931e-03
8.741400963407919278e-06 3.754038191574604610e-04 -7.457877215820474248e-03
1.155322970625149992e-05 -2.076254311252911933e-04 -2.365201760925583763e-02
1.000969847386734557e-05 -7.087681950491697691e-04 -3.735333972683840820e-02
7.625289054402628608e-06 -1.109117129270642543e-03 -4.782639876079530783e-02
2.829204849286170997e-06 -1.322829911155953830e-03 -5.284910164759293316e-02
-1.491652301233159506e-06 -1.377259818147402726e-03 -5.314370284107705622e-02
-2.218378792440134362e-06 -1.406571825520730457e-03 -5.243974019469643810e-02
-1.908672205175321324e-06 -1.437505439513431238e-03 -5.172984505288780177e-02
-9.412327636182382662e-07 -1.487252910837844055e-03 -5.153354027408196814e-02
1.706744227725209839e-06 -1.613278466264023159e-03 -5.339013452641516722e-02
3.453957311494448845e-06 -1.777580571660275499e-03 -5.634215633602279727e-02
3.946302209123508931e-06 -1.937125553605645312e-03 -5.915329491462528733e-02
3.623004871333712629e-06 -2.070372556959743093e-03 -6.117435629864187430e-02
2.782377850119033269e-06 -2.164842552540180431e-03 -6.205429449660848640e-02
2.906242788758284235e-06 -2.258311866135398471e-03 -6.280170792810635394e-02
3.002962462805847110e-06 -2.345512811937289221e-03 -6.334912796079206210e-02
1.158941630552412505e-06 -2.350864107926009527e-03 -6.169525741994186241e-02
-2.528695205894493370e-06 -2.210065455133192192e-03 -5.606563271798470360e-02
-5.397477338742184827e-06 -1.959437527466245665e-03 -4.741877523340343181e-02
-5.759176990971504040e-06 -1.695095420964021216e-03 -3.845384945806529231e-02
-5.785202747299322823e-06 -1.425615710606231712e-03 -2.958772258437969427e-02
-4.952377610001335029e-06 -1.186834087997745701e-03 -2.179447806668177723e-02
-1.024784693548497216e-06 -1.095716416177228147e-03 -1.820768219869406401e-02
1.601913459103876392e-06 -1.094593341004312936e-03 -1.738582306115776799e-02
3.340053551847965707e-06 -1.151420972546057797e-03 -1.830331475949820152e-02
4.471029449892860441e-06 -1.242448243052529655e-03 -2.021310610797066865e-02
3.907058202856639184e-06 -1.302235586686573132e-03 -2.130359241057333541e-02
3.479407912898579980e-07 -1.222327145616763922e-03 -1.860585686242877124e-02
-3.133650330999770972e-06 -1.018923129722515419e-03 -1.246302661266884826e-02
-6.490646388024323699e-06 -7.028980284934371880e-04 -3.286616075625525824e-03
-7.773482024631128695e-06 -3.578620666614962254e-04 6.593711126948176293e-03
-7.697081375379610790e-06 -3.508265002755139861e-05 1.564550503024553230e-02
-6.747525380768060188e-06 2.320005911002898102e-04 2.290590923193291939e-02
-4.614785966805534656e-06 4.011747750461980289e-04 2.724564936343076837e-02
-4.865329372716331591e-07 4.023341751035469649e-04 2.681966103174204807e-02
2.912561332668595071e-06 2.750868669454953341e-04 2.269104997023496662e-02
3.851705991930742812e-06 1.167556764233856903e-04 1.761119013221879026e-02
2.554152244926832793e-06 1.201941722733801399e-05 1.402948103142698244e-02
1.130689830541875551e-06 -3.820606573551321716e-05 1.209083684006451165e-02
-9.843231156825282824e-07 -6.588058577117195114e-06 1.247957043441705327e-02
-2.856944036455644209e-06 9.463853209568107161e-05 1.485117397067647893e-02
-2.613027068942841424e-06 1.819160360634897167e-04 1.691885961551409245e-02
-2.297982246379781657e-06 2.554720704370239126e-04 1.854296484963890990e-02
-2.216326411286217990e-08 2.368810471898297187e-04 1.765747805507422719e-02
9.005686728569273214e-07 1.787037025275939328e-04 1.558196515040088936e-02
9.372070735036430733e-07 1.062337706018712247e-04 1.310806806482711639e-02
1.045408172584139095e-06 1.072736663954021452e-05 1.007100345884581749e-02
1.196497973365850953e-06 -1.055772867390447622e-04 6.534478167711021968e-03
9.074196982705728942e-08 -1.884928956569775771e-04 3.945054496930611165e-03
-1.156333191643099667e-06 -2.323222021614057553e-04 2.524997815730123385e-03
-5.463773070646382735e-07 -3.005161637220643556e-04 5.843272472292326825e-04
-4.039182477377778469e-08 -3.775571787909548505e-04 -1.569832173980656442e-03
-2.517880145491702137e-07 -4.310515218616250976e-04 -3.056929981860467826e-03
-9.179009665682968944e-07 -4.475231943755209052e-04 -3.479911231242249769e-03
-3.141144175211607603e-06 -3.736037927558610861e-04 -1.437406442121980099e-03
-4.392003327469140572e-06 -2.594766407107984563e-04 1.776716019535773405e-03
-6.912152007432226242e-06 -6.322350027559986430e-05 7.140571483220448101e-03
-6.986399588293501495e-06 1.158463613118998481e-04 1.204810282448287584e-02
-6.769189783373263936e-06 2.737271881487202130e-04 1.622392042717613059e-02
-4.444690680838192520e-06 3.345641123252418581e-04 1.767539262030759506e-02
-2.097391465616382789e-06 3.110444065776429845e-04 1.667435968202224394e-02
2.166570772788034560e-07 2.111149647839316579e-04 1.351999366149359005e-02
1.180096469433067341e-06 8.979045269041918687e-05 9.741465844447128042e-03
-2.300512103037277711e-08 2.555709335982925268e-05 7.527495283823459893e-03
-6.671645651490365481e-07 -1.073116768635085094e-05 6.221937595935145282e-03
-1.579863553868854353e-06 -7.805964303109202973e-06 6.047691320417492022e-03
-2.004027310764655567e-06 1.473321577755148937e-05 6.473365720110701993e-03
-1.464771372194917376e-06 1.942789756742557827e-05 6.459968972717722302e-03
-2.240166825484557478e-06 5.327921107561861547e-05 7.180898015167969106e-03
-3.199433381895211426e-06 1.140679567767088898e-04 8.640521001053391714e-03
-3.613915974032266831e-06 1.787396944663011134e-04 1.021202881576477317e-02
-4.949459808334388811e-06 2.817218253821640594e-04 1.275131267588225370e-02
-5.562902851918849478e-06 3.922956884617190276e-04 1.548510960681614979e-02
-4.416548902930195197e-06 4.517065021589217189e-04 1.680974445831528996e-02
-2.164282004946116444e-06 4.293173995836285783e-04 1.584713864873932287e-02
1.100276821874857092e-07 3.338303324256219895e-04 1.282914636789944662e-02
1.710255122411297179e-06 1.962547380039980638e-04 8.645691640068342565e-03
4.125199933757706106e-06 -1.301876004672353204e-05 2.617344833774515322e-03
4.446694889304048104e-06 -2.150957505874240283e-04 -3.181461025009602039e-03
5.339363740586300366e-06 -4.410665863899820849e-04 -9.423275308744094581e-03
5.294740368921857510e-06 -6.583121152624049621e-04 -1.528820027271493576e-02
5.928474968053265570e-06 -8.968749904350037383e-04 -2.151547310694723603e-02
5.058008156755278151e-06 -1.098696049140257536e-03 -2.662462518611086182e-02
6.441996019179718758e-06 -1.352223355449377884e-03 -3.286059314363976025e-02
6.034147849720561396e-06 -1.580259793916682920e-03 -3.832786536778898245e-02
7.686274783980096004e-06 -1.859054032006091095e-03 -4.491047357623478842e-02
6.774886697202830987e-06 -2.080399701430479809e-03 -4.987444064867141424e-02
6.157954099195173114e-06 -2.261980400956653536e-03 -5.353173246327080914e-02
4.457397794310757888e-06 -2.365222109343922963e-03 -5.493162595051936936e-02
2.095385692624240903e-06 -2.372775564827733774e-03 -5.361540978510292987e-02
-6.422984389908847902e-07 -2.279075388077922426e-03 -4.948280871300747563e-02
-1.000214281732247912e-06 -2.180933839513177208e-03 -4.514598642136935513e-02
-4.659899917047738427e-07 -2.105417414862642556e-03 -4.150885665860526430e-02
-1.175839736688999437e-08 -2.046095406546488693e-03 -3.844747430554928957e-02
1.022451570853455394e-06 -2.020891721795925466e-03 -3.640586460969574834e-02
1.765259081021319787e-06 -2.014440814573026373e-03 -3.498429386407353459e-02
1.023201114502825249e-06 -1.970750870714021996e-03 -3.266976849665226279e-02
1.266866876625805105e-06 -1.931827010066999861e-03 -3.047872656699623928e-02
2.139445169913045675e-07 -1.845434842179582979e-03 -2.711437139858807743e-02
-3.663503643780430252e-07 -1.736310509441452155e-03 -2.316427629129924615e-02
-1.913013855658896034e-06 -1.569495288644584541e-03 -1.777406439330397880e-02
-4.686193943226335534e-06 -1.303132864379219491e-03 -9.829719237709033663e-03
-4.980306134161338605e-06 -1.037865460848608201e-03 -1.955918890788166387e-03
-6.239807235686178899e-06 -7.307124500575690185e-04 6.780359086266063429e-03
-6.806030779071825521e-06 -4.138462851124291575e-04 1.558062660670112010e-02
-7.552710905356363469e-06 -8.290702516422499002e-05 2.449773668955224082e-02
-9.035557315906217468e-06 2.859472105410376663e-04 3.415318282516466297e-02
-9.030887828442857312e-06 6.272202663260006972e-04 4.286220274416630005e-02
-8.708211418184674812e-06 9.328099347150620169e-04 5.031603492248848397e-02
-6.260307629735173407e-06 1.123275921067312666e-03 5.445736161296121924e-02
-3.779405998827201074e-06 1.210969258818861416e-03 5.555045337629982427e-02
-6.859353356425401671e-07 1.179799127288883032e-03 5.328384658908691396e-02
8.130934525674149427e-07 1.100222672685002845e-03 4.956461635518250031e-02
6.173685268562323358e-07 1.034931359488566738e-03 4.620868280692169705e-02
-1.942839808255492073e-06 1.065667682680293549e-03 4.546824927300163743e-02
-4.040958432760533015e-06 1.162397181644569955e-03 4.665894553955252100e-02
-6.437474131870679628e-06 1.333037142888016113e-03 4.987871594631931860e-02
-7.689139603805905665e-06 1.528719279848211876e-03 5.380773335519573042e-02
-8.175966735413098263e-06 1.722868951055334108e-03 5.763417902419409877e-02
-6.875185025845276243e-06 1.848188491452906757e-03 5.955326996576937315e-02
-3.810346987376256322e-06 1.844345654641976751e-03 5.791651456782975771e-02
-1.599472896685050216e-06 1.753382160894989550e-03 5.378729837235640687e-02
1.875792010608279270e-08 1.596126155172905570e-03 4.786047634526691130e-02
1.223233203173634820e-06 1.387624760264161150e-03 4.063229484396946312e-02
2.136520695694699157e-06 1.140800838712097143e-03 3.251388243394059963e-02
2.201619494823781054e-06 8.910394015199663009e-04 2.447901408246255794e-02
3.002403548224563679e-06 6.113354085666156124e-04 1.590460072464427999e-02
3.615117997513017656e-06 3.146440422739926746e-04 7.091822520947865804e-03
4.092189153759306919e-06 1.030135736396209367e-05 -1.686466471513492493e-03
2.546363306210608357e-06 -2.248428863777518494e-04 -8.422043935722767216e-03
-2.657269789763105905e-07 -3.500663765021172491e-04 -1.195899339795947203e-02
-1.266141801292697266e-06 -4.407308647699781368e-04 -1.424375002549538305e-02
-2.365609112042754703e-06 -4.876681915278180401e-04 -1.523286498186748883e-02
-3.504134498677480281e-06 -4.920202643078908089e-04 -1.498786380042049782e-02
-2.076958863228561825e-06 -5.484146652491583840e-04 -1.599445497595874954e-02
-3.155695630363553050e-07 -6.593649612293694950e-04 -1.848298691900829294e-02
3.410948408166802892e-07 -7.764176957224810938e-04 -2.117558572767119784e-02
1.557901435522701661e-06 -9.229411054076652743e-04 -2.456629365514928498e-02
1.183786798142349994e-06 -1.035945220607348283e-03 -2.704798371404792956e-02
-2.034305951470471996e-07 -1.084367896334287318e-03 -2.771276653241916410e-02
-2.874263625995965299e-07 -1.124490459961824396e-03 -2.799521674342075883e-02
-2.098855989007830658e-06 -1.091887988054457415e-03 -2.635772069588493416e-02
-1.772495365592874350e-06 -1.074092209450094870e-03 -2.499256012243122882e-02
-7.221823236092106413e-07 -1.090480714347003000e-03 -2.457149130992053454e-02
-1.794303488455994966e-06 -1.057350513475108222e-03 -2.295548879303366263e-02
-3.562748736585241716e-06 -9.546342116454609172e-04 -1.948667685279115158e-02
-5.097276898347047336e-06 -7.943395130753094779e-04 -1.447749881125282023e-02
-5.805208386000515475e-06 -6.097743022635271348e-04 -8.859702677439962315e-03
-5.964584072426504235e-06 -4.192387018062959658e-04 -3.199125537646341222e-03
-6.406439434170074776e-06 -2.120557916149012900e-04 2.733629780422242028e-03
-6.374859720326142565e-06 -7.889599674737457491e-06 8.440460291434970230e-03
-6.036295203792896302e-06 1.810960630477531641e-04 1.357241555246280207e-02
-4.862724134468976445e-06 3.209247844758733592e-04 1.723894396648828486e-02
-4.457851282113622915e-06 4.442770707213938852e-04 2.025587175907916926e-02
-3.910280010122058059e-06 5.418705173035609501e-04 2.246724042993730741e-02
-3.280162258589847113e-06 6.106777276147501432e-04 2.380478704186117511e-02
-3.891087366869605546e-06 6.967221185481264900e-04 2.547792695360118209e-02
-3.999987199465593335e-06 7.735474354110261075e-04 2.688997448620633612e-02
-2.499142704004420068e-06 7.815514921362676226e-04 2.645927717934348777e-02
-1.919883448664450043e-06 7.621428446187294981e-04 2.518219745551819599e-02
-6.597208643821517171e-07 6.910125540156297763e-04 2.253568768358893415e-02
1.011353109925394733e-06 5.599967568279407004e-04 1.830561992496915202e-02
1.627494226830172863e-06 4.168517975259855568e-04 1.375449233128489546e-02
1.552991839681716613e-06 2.874151652151324399e-04 9.661314839232160168e-03
2.319073629464263320e-06 1.379752448852356039e-04 5.204762878806779014e-03
2.965444537372796674e-06 -2.695125490667638068e-05 4.454990711127981839e-04
3.519670420892850871e-06 -2.062816229028152648e-04 -4.574049997260298817e-03
2.717869255541849327e-06 -3.525518092990231889e-04 -8.616687119204047285e-03
1.061095914911547311e-06 -4.414244176868253877e-04 -1.098124357529728368e-02
-1.110315579033738231e-06 -4.602535888733327862e-04 -1.133283499426296359e-02
-2.924313981966797371e-06 -4.261807977203047049e-04 -1.014495939276893743e-02
-3.186077718653201885e-06 -3.951317317125724315e-04 -8.944471288685251764e-03
-2.444429239023548917e-06 -3.976108362222785519e-04 -8.643019442011734554e-03
-2.997817313166173392e-06 -3.788826479994844565e-04 -7.874885406223386397e-03
-1.802140984108469013e-06 -4.071135389255298165e-04 -8.301714426108053324e-03
-1.496348763785348979e-07 -4.906563810737618603e-04 -1.024092828912559483e-02
4.782778952883148804e-07 -5.868720468664712087e-04 -1.257318811003804715e-02
1.077011951289286174e-06 -6.950143565633282172e-04 -1.517642354654125114e-02
1.643859457445273620e-06 -8.115969092171715360e-04 -1.794342142868465828e-02
1.535684300058015594e-06 -9.093021589992311693e-04 -2.015537675216005908e-02
3.539085868808911073e-07 -9.519475828152768049e-04 -2.083551966614605178e-02
1.716258217543398246e-06 -1.043167259149990755e-03 -2.262383980302240527e-02
2.114822399312821233e-06 -1.138482167635512798e-03 -2.455598355866672744e-02
4.452259362852650781e-06 -1.314097293631050212e-03 -2.851440387955983535e-02
4.773636152255456011e-06 -1.487132219731152061e-03 -3.245519943984165323e-02
5.716798912702714119e-06 -1.684235139339462783e-03 -3.689854915405010871e-02
5.752197105302059299e-06 -1.865676574693359013e-03 -4.084763521593981483e-02
3.917055849123052269e-06 -1.963135051760656058e-03 -4.247135284102299124e-02
2.200823483899938537e-06 -1.987395356243260025e-03 -4.196626290537763815e-02
5.953208145337285373e-07 -1.945202188678080146e-03 -3.958468869522779876e-02
3.776639420083327536e-07 -1.892605640482408758e-03 -3.684761404167391508e-02
-2.286001359319556059e-07 -1.810922554741939416e-03 -3.340658431383747295e-02
2.122051918629352940e-07 -1.744459684304644487e-03 -3.039647049073990193e-02
2.599510441458896537e-06 -1.762042591858359319e-03 -2.967229943141136417e-02
4.259199162914839576e-06 -1.824925800723964375e-03 -3.031880998966740570e-02
3.488896434533650392e-06 -1.842910646633638683e-03 -2.989630330094050770e-02
3.098363508202695016e-06 -1.842159199403892167e-03 -2.891251628702473653e-02
3.901527564353912680e-07 -1.736781466333575663e-03 -2.521223777494774332e-02
-1.823847758375407579e-06 -1.558773640436800223e-03 -1.952391564849631500e-02
-3.031368341677165290e-06 -1.349012453740416895e-03 -1.301758724205148710e-02
-4.207666911892893324e-06 -1.108645962280718766e-03 -5.842387555422767775e-03
-5.978738781164949501e-06 -8.174974373518772985e-04 2.488117460326511043e-03
-6.165073006325627603e-06 -5.411933037414995429e-04 1.029162630075797225e-02
-7.252250586065045468e-06 -2.391453264649345822e-04 1.848802855660036659e-02
-7.606587749231508155e-06 5.550455465019865642e-05 2.628863869610020831e-02
-8.120309287207305715e-06 3.510136153377085844e-04 3.385141504355093645e-02
-7.436544707140058108e-06 6.005308655349095304e-04 3.999338604500901617e-02
-6.635593337911416256e-06 8.033513109554912823e-04 4.463948187242283705e-02
-5.129908184797749016e-06 9.335652196666710534e-04 4.716227242235671024e-02
-5.126077508799120608e-06 1.055445524925702205e-03 4.921575446053061409e-02
-6.083414310742440989e-06 1.200639896391714201e-03 5.176150133893209215e-02
-5.707920842756841751e-06 1.314893207938261366e-03 5.347925469982450775e-02
-6.407156617482812067e-06 1.447121013733537742e-03 5.553091613340499499e-02
-5.851610262785911232e-06 1.545335620128290843e-03 5.667770141269179440e-02
-5.782497373707506938e-06 1.633569122379885385e-03 5.745332913024825405e-02
-5.381442542029546416e-06 1.699045780394453642e-03 5.758801639334865108e-02
-5.414365918388064358e-06 1.761460002014686443e-03 5.757904479527353736e-02
-5.721901028432618830e-06 1.830955546254509070e-03 5.773219504347470998e-02
-6.195802613406797832e-06 1.911599925978973991e-03 5.817335904761500309e-02
-6.120633719408630213e-06 1.979127617704384834e-03 5.828765891770537610e-02
-4.406250857402760346e-06 1.970482931119676984e-03 5.642566033449147866e-02
-2.956519077779162785e-06 1.901699175471588399e-03 5.290642925549216002e-02
-1.705095963533409531e-06 1.781424960888428055e-03 4.802625582462027864e-02
-1.248241779161496368e-06 1.642094138918304136e-03 4.267525415210782214e-02
6.162595476144616669e-07 1.427635747618644091e-03 3.552155844240456606e-02
2.061117253981947783e-06 1.163475485791626296e-03 2.714285042638220347e-02
1.920590009030220813e-06 9.126242155060027006e-04 1.922867010601903015e-02
1.213037087444135409e-07 7.328900345958955231e-04 1.338771462592536210e-02
-2.705963829008339872e-06 6.556040114403249852e-04 1.050207499268074329e-02
-4.206081032576136636e-06 6.242794860104872168e-04 9.131619969466986397e-03
-4.819919743437317550e-06 6.077543261419071641e-04 8.309866965083623214e-03
-5.491015026670709176e-06 6.085933525346032269e-04 8.000096808296386364e-03
-3.612224854676604480e-06 5.328575194357976219e-04 5.798019421855316047e-03
-7.747624728438040620e-07 3.567532394264383289e-04 9.330433695782236470e-04
6.928866118638410398e-07 1.428001871441042514e-04 -4.997031286982256404e-03
2.534350902805293515e-06 -1.235634536635721314e-04 -1.218488729216005151e-02
2.648939610438993952e-06 -3.719349062363819236e-04 -1.882382466391163689e-02
3.577312029046098019e-06 -6.364450741160043723e-04 -2.563171700402588904e-02
1.152583027019815631e-06 -7.907435683836006035e-04 -2.945596146178774966e-02
-8.068290135998523738e-07 -8.671800641462945602e-04 -3.091527270598226629e-02
-1.783623733930816968e-06 -9.055582941908668637e-04 -3.115208644159062068e-02
-2.107723840460984377e-06 -9.285535041108072818e-04 -3.088094667718788155e-02
-2.004453508730463795e-06 -9.511509036139731421e-04 -3.056095092807642466e-02
-3.426387483740356288e-07 -1.028624659081184278e-03 -3.164331619132265683e-02
1.001190634175586069e-06 -1.138237150654169971e-03 -3.363723778963723099e-02
2.112135647602819688e-06 -1.267151828851953432e-03 -3.614222923805754384e-02
3.691498532076842309e-06 -1.432059040215649670e-03 -3.953545365165889169e-02
3.609185729946950971e-06 -1.567318575262321989e-03 -4.214847735027649200e-02
3.743708678616286534e-06 -1.689111237177215452e-03 -4.426857060497035867e-02
2.084887907316534950e-06 -1.732705421907870802e-03 -4.428240860144483371e-02
1.234584961817830617e-06 -1.737199476730733050e-03 -4.310692756963374617e-02
2.781704632193182647e-07 -1.699279335908576716e-03 -4.077425831271019874e-02
-8.415596297606242615e-08 -1.645642654317575060e-03 -3.800263999451647390e-02
5.853983088277558977e-07 -1.614109132051677609e-03 -3.583525026347067488e-02
6.185768687272386046e-07 -1.578985348781092313e-03 -3.368706608832428007e-02
2.417584595848509821e-07 -1.527836961190298659e-03 -3.118736798886800887e-02
-3.908316588141502734e-07 -1.454358114917259082e-03 -2.815373233882534354e-02
-1.174378368662409855e-06 -1.354257213490833722e-03 -2.447626167767102956e-02
-2.037901217777360330e-06 -1.225716049690517284e-03 -2.011798926325458758e-02
-1.648339528537157150e-06 -1.115785330709218037e-03 -1.630078491520170481e-02
-2.388482842508032888e-06 -9.779671958379532182e-04 -1.192339652602369959e-02
-6.245119685832634104e-07 -9.135150855127394109e-04 -9.500481691025131070e-03
-5.008401856576583100e-07 -8.495181596938627955e-04 -7.324243455787970980e-03
-7.909289909679984021e-07 -7.773092003895420987e-04 -5.019459097668654834e-03
-1.983088752099959606e-06 -6.642617023411012678e-04 -1.723748665909297095e-03
-3.086282714725996357e-06 -5.192002060444289580e-04 2.381493793190636588e-03
-3.464730799263016081e-06 -3.710097558321800992e-04 6.518047809464189157e-03
-3.367346029903295346e-06 -2.365792890157702999e-04 1.018632359682281052e-02
-2.964058472554320645e-06 -1.268577638806611674e-04 1.307705760762190028e-02
-2.370695020070812120e-06 -4.877402150485488086e-05 1.500900901858659431e-02
-1.666021288704300218e-06 -5.517821856565463534e-06 1.591270748058259965e-02
-9.034153725107074706e-07 4.215959435116545251e-06 1.584496965298065607e-02
-7.616364522400331794e-07 7.001301973508233800e-06 1.551661808157267508e-02
-3.786048613507730920e-07 -6.821960724434639189e-06 1.475030106368291349e-02
-1.133813214093670751e-06 7.874258754481111566e-06 1.469363019188829611e-02
-1.961477093415098238e-06 5.144727636138823890e-05 1.543490738218089575e-02
-3.460106673736085270e-06 1.500810471683489133e-04 1.762544306642599423e-02
-4.071088345880546910e-06 2.652048416146857157e-04 2.029847639582316177e-02
-4.739059236258391650e-06 3.986339918184700348e-04 2.340121852718335393e-02
-5.426830599342125083e-06 5.456317819045597428e-04 2.679611056399278102e-02
-6.109656653707773444e-06 7.025249881925099693e-04 3.036883880312346573e-02
-6.128433777230490875e-06 8.417210746951842015e-04 3.340257903514176618e-02
-4.430327930737831821e-06 8.988003235758934562e-04 3.421257035098168586e-02
-2.303874009235151732e-06 8.688649492553102149e-04 3.258784812733328540e-02
-1.230605346513868881e-06 8.007111785389986469e-04 2.981809117103062512e-02
4.298505795752305403e-07 6.720239549733719731e-04 2.548621143837670466e-02
-7.815980580527792654e-07 5.992031851643486728e-04 2.255135471485125720e-02
-1.242086638764128281e-06 5.421853910066165572e-04 2.022622956770192548e-02
-3.781213748554890230e-06 5.833827928347357084e-04 2.050969947159198004e-02
-4.386896552577290720e-06 6.351282311923001078e-04 2.128851361025219102e-02
-4.377082172268842442e-06 6.774085925099759820e-04 2.184713196931320489e-02
-2.683016642857083411e-06 6.475788065039844721e-04 2.054066193444592514e-02
-1.225503864610288929e-06 5.626172088776804081e-04 1.770180634905504924e-02
5.038510597632495092e-08 4.310112060321724670e-04 1.362110026269447438e-02
1.182948321187815566e-06 2.620532185061419383e-04 8.595914990345177031e-03
-3.730453149719537009e-07 1.600935354744981165e-04 5.322692234921655441e-03
8.759629490651121841e-07 1.024899729079598032e-05 1.093039287937247472e-03
4.392124219876336610e-08 -9.542138812987377428e-05 -1.988824395170896153e-03
4.631475820637831475e-07 -2.116078244930041929e-04 -5.141295468444995187e-03
3.918850918216421064e-07 -3.143324153864202053e-04 -7.870724140040530337e-03
6.495199759148917451e-07 -4.195010207465876828e-04 -1.054428959159880996e-02
1.756014059162147589e-06 -5.581021037138478302e-04 -1.398287421917332463e-02
3.384346053181275238e-06 -7.462554857658176832e-04 -1.864866630693318150e-02
4.026114950317349894e-06 -9.430794138626241718e-04 -2.351287011370783997e-02
4.660693070035470953e-06 -1.149232192973026478e-03 -2.848965856462548629e-02
4.631423559997571715e-06 -1.338677425312961855e-03 -3.290906053049058588e-02
4.172922902112574661e-06 -1.497809990432946714e-03 -3.637960460403710794e-02
2.158943538055346778e-06 -1.571069649262707424e-03 -3.748434734440708738e-02
1.757707120630946918e-06 -1.627934782106488232e-03 -3.792086232607883023e-02
1.757819420244999264e-06 -1.680129127814344869e-03 -3.816388880084042867e-02
7.285803101941823456e-07 -1.687047680330094890e-03 -3.723080382956089895e-02
9.878053394141161903e-07 -1.703270855585026222e-03 -3.644830719845371103e-02
7.833566492143617666e-07 -1.704055066396703566e-03 -3.530718341083272094e-02
2.844137870772200927e-07 -1.680047148799990175e-03 -3.353268886746108013e-02
2.494670454655789626e-07 -1.650841709351730247e-03 -3.161534263099408104e-02
-7.729570362657867122e-07 -1.579392730120560140e-03 -2.866538894115677749e-02
-1.765620609828211229e-06 -1.473362223943008864e-03 -2.482541895352285977e-02
-2.717436095478475977e-06 -1.336393557339554672e-03 -2.022743138067484292e-02
-2.978235013162411349e-06 -1.196115200487429808e-03 -1.560590990002230782e-02
-2.143931665976595013e-06 -1.091821533908715613e-03 -1.202454426480881189e-02
-6.211165453073874687e-07 -1.043994335468728663e-03 -1.006900359210360918e-02
6.700895721634125834e-07 -1.038256577773455369e-03 -9.381260431688520640e-03
1.785077869520534932e-06 -1.065772146268129106e-03 -9.668267773587202463e-03
2.762446660753425931e-06 -1.120146425635265564e-03 -1.071348960033313702e-02
2.342555521117617445e-06 -1.146423449107480952e-03 -1.108467385583677967e-02
2.317707890386877523e-06 -1.166651978785682164e-03 -1.122843215538849027e-02
2.546099542533042381e-06 -1.190369417644637773e-03 -1.143342716520823199e-02
1.644313936233210427e-06 -1.175381521269169838e-03 -1.065781970787327282e-02
1.319867302229660311e-06 -1.150603969493929624e-03 -9.565081499637750895e-03
8.596879041977700808e-08 -1.080760469791774980e-03 -7.334697327323058680e-03
-1.064120011107227981e-06 -9.760203385794641306e-04 -4.181322709635004742e-03
-2.135758936261389351e-06 -8.425123048239890888e-04 -3.063195284738196023e-04
-1.846457514109722808e-06 -7.348967030842146198e-04 2.872660098895751801e-03
-1.973221218198872862e-06 -6.292907642101441823e-04 5.845818855660600555e-03
-4.334367404990047135e-07 -5.895521212159471336e-04 7.056259255336150282e-03
-4.268656321748665050e-07 -5.461006541410129422e-04 8.160578308746502252e-03
-1.406781572343973608e-06 -4.645778113110954344e-04 1.017865800824735434e-02
-1.713293891758560505e-06 -3.789095530190855765e-04 1.232824659808406942e-02
-2.866072552953902175e-06 -2.545829936865529053e-04 1.539817322795655752e-02
-2.607168651858060571e-06 -1.561021258421335656e-04 1.781852473211043009e-02
-2.730621398328025862e-06 -6.340592151235502349e-05 1.996201477735959351e-02
-2.452331895108628146e-06 5.533984510697198544e-06 2.142113556116642670e-02
-2.563307496372679850e-06 7.010745554106301292e-05 2.266132495576178574e-02
-2.920910414205835082e-06 1.397506470585396787e-04 2.396894237895486057e-02
-4.071594322474503258e-06 2.453183276067000262e-04 2.613998390071425870e-02
-5.062714111936372774e-06 3.769880400670694298e-04 2.898139157017065592e-02
-5.927439751585161787e-06 5.263618355557109219e-04 3.224614479141785228e-02
-6.045583675784449440e-06 6.657248459268905183e-04 3.520622908487347491e-02
-5.677000520454278387e-06 7.776970605209571064e-04 3.736606166796496709e-02
-3.711972884623548907e-06 8.037621641447667553e-04 3.724358050016068900e-02
-2.688786807314436089e-06 7.902386461215438196e-04 3.590757344804518247e-02
-1.647711029506560010e-06 7.345757820420295570e-04 3.343682019198696009e-02
-1.259357199190347387e-06 6.655876902418311758e-04 3.058702846396038622e-02
-1.298421434814400754e-06 6.003578187882829820e-04 2.786969026891428225e-02
-2.254695990133726013e-06 5.737263682327325975e-04 2.619713402513540457e-02
-2.492744531901180949e-06 5.542185446951314320e-04 2.485347165172124839e-02
-3.549415084735940695e-06 5.764910149951701923e-04 2.461339861535732920e-02
-3.821487424282565826e-06 6.053449065394345130e-04 2.465500299338596601e-02
-4.224211192505045176e-06 6.460899142418652374e-04 2.501567125434139838e-02
-4.700072563257329250e-06 7.004243119110159510e-04 2.573260603784927047e-02
-3.278939970097205503e-06 6.949485928354065534e-04 2.498471142575320325e-02
-1.951540067213208829e-06 6.418285582483473917e-04 2.292283936107547548e-02
-7.107842125986252313e-07 5.469356852944168290e-04 1.974724816696177276e-02
-8.386817961225645490e-07 4.642068692082279568e-04 1.684349082389025032e-02
-3.775993189347737200e-06 4.950243022500550039e-04 1.685537044497209536e-02
-5.883564274222763402e-06 5.924825067966377201e-04 1.882131085160110295e-02
-8.053427964060944078e-06 7.574450109880392912e-04 2.260104003831120423e-02
-9.569592292146822388e-06 9.599644884640129439e-04 2.738974683298561752e-02
-9.983657931811329433e-06 1.156744569871540063e-03 3.200333347491723934e-02
-1.031721085453796150e-05 1.347758197291160087e-03 3.632006097542067602e-02
-8.010099055488772990e-06 1.433876903765757271e-03 3.788907934916535547e-02
-6.621080014923563795e-06 1.465646506971701735e-03 3.777254061171592125e-02
-5.203991307101141217e-06 1.442969593941592632e-03 3.613447346302933738e-02
-3.151047040406140809e-06 1.346335581385652014e-03 3.255123425437256302e-02
-7.292371025924282435e-07 1.169457193072515055e-03 2.687599449565897247e-02
2.524313122198584836e-06 8.863745798842470602e-04 1.851072888989269138e-02
3.024767267323369424e-06 6.086699062607947575e-04 1.022453096587538912e-02
3.028017161454954476e-06 3.473461004311895195e-04 2.590422631980893176e-03
2.065170451981401811e-06 1.360280899703331103e-04 -3.522855102560340512e-03
-2.077074143680412988e-06 8.855879762792451260e-05 -5.245254650398434304e-03
-4.959783382108007288e-06 1.401934020314049567e-04 -3.993944719892339457e-03
-6.968567190734908934e-06 2.567350288994185714e-04 -8.617028276402538545e-04
-6.436568326106950622e-06 3.422299976683085276e-04 1.605369452160276822e-03
-4.275271593079388310e-06 3.457180574136242690e-04 1.890376776495672484e-03
-4.627244349908465892e-07 2.145242835164679063e-04 -1.409416433196308827e-03
2.402498043285739016e-06 -2.806499049587407590e-06 -7.132024444129747565e-03
4.596764953346266225e-06 -2.797251629015479191e-04 -1.442168477795613413e-02
3.090259697913211312e-06 -4.794369173875823176e-04 -1.974196327128580064e-02
1.805760103334996813e-06 -6.235735553022092592e-04 -2.331447491589971888e-02
-5.984516682211449279e-07 -6.736118762795395565e-04 -2.426205072877546387e-02
-2.385516532643627841e-06 -6.586885396055175423e-04 -2.329098210388641510e-02
-3.736588899849735412e-06 -5.959221187938901210e-04 -2.095897757193171396e-02
-3.488289637587627112e-06 -5.446113336336905197e-04 -1.884193743581391578e-02
-4.145163021718190066e-06 -4.664472788309947937e-04 -1.613633443513329269e-02
-2.792344572677407655e-06 -4.396471552280956097e-04 -1.473048800020143601e-02
-1.459558159777607500e-06 -4.572287312447076424e-04 -1.460913791276358120e-02
1.121976834550508784e-06 -5.647749948185509794e-04 -1.687271538485152211e-02
1.232894658365069063e-06 -6.650632610713108628e-04 -1.912570070471258932e-02
2.325967742189405385e-06 -8.018167118999941501e-04 -2.222251734096625242e-02
1.450869742680716001e-06 -8.977747312556572101e-04 -2.428929224378933993e-02
1.901918069591168603e-06 -1.006402139374931726e-03 -2.650948812211517680e-02
1.908338554068578219e-06 -1.105566600097709906e-03 -2.844382634318770586e-02
1.626998109904853607e-06 -1.184498312499698836e-03 -2.978208607525739682e-02
3.097825098552497991e-06 -1.308633259643407487e-03 -3.216066895508401524e-02
2.443848726829678242e-06 -1.392040277375675150e-03 -3.354367927479529055e-02
2.365754662725372270e-06 -1.464542619905265242e-03 -3.451039533141420090e-02
1.370278874812669301e-06 -1.490754752858050591e-03 -3.423945362829361461e-02
4.477841509809010745e-07 -1.479141897008789952e-03 -3.289983378123934044e-02
1.524032686273102399e-06 -1.505627261242967196e-03 -3.245779016660310656e-02
1.931943038102623689e-06 -1.538471891581738582e-03 -3.227218920646512945e-02
3.832565694250611443e-06 -1.635854234086242531e-03 -3.374271162648490030e-02
5.364624861559086355e-06 -1.774770309701551030e-03 -3.637205351709771328e-02
5.335483493795756260e-06 -1.894083336140675589e-03 -3.853120765026396555e-02
4.942025116694281905e-06 -1.983423861468366911e-03 -3.981932230428925079e-02
4.318890340582193232e-06 -2.036064185619759770e-03 -4.005596959620333353e-02
4.202353751647791569e-06 -2.077236393142889437e-03 -3.989457495931325592e-02
2.478895297475247617e-06 -2.047706352098763172e-03 -3.790752557121362942e-02
2.331661929533268562e-06 -2.018983124086465297e-03 -3.582576830010547608e-02
2.557358054988689844e-06 -2.002941690701462440e-03 -3.411204765226694136e-02
1.728275161205772292e-06 -1.959218853787220160e-03 -3.177605636067787342e-02
2.355319193014793200e-07 -1.869135562398399619e-03 -2.827349034460852062e-02
-3.652802269549226821e-07 -1.769139726726459694e-03 -2.451005372048958852e-02
-1.667545304617767954e-06 -1.628927739095217819e-03 -1.981111061691248620e-02
-2.749439486526839005e-06 -1.460474459818769666e-03 -1.444568557992509383e-02
-3.665231153249237650e-06 -1.268617709373656699e-03 -8.580448265760709514e-03
-2.519283387236725957e-06 -1.130725978263719123e-03 -4.196553625941790155e-03
-1.355682447634620758e-06 -1.032838129643415259e-03 -1.081027110229559884e-03
-8.484419204979332108e-07 -9.472061846503010418e-04 1.519347906486501198e-03
-7.742066507887557236e-07 -8.587215533836650705e-04 4.068686426676682011e-03
-1.624652779641522216e-06 -7.342834123385127976e-04 7.443057204161607210e-03
-2.407961935402269660e-06 -5.880356375296547089e-04 1.134440680255865974e-02
-2.485750867919911400e-06 -4.526975245130182568e-04 1.490947643337697803e-02
-2.750205813417672118e-06 -3.215056429883011990e-04 1.823613231053500261e-02
-2.483230240657441357e-06 -2.162570414565440080e-04 2.079360011725744917e-02
-2.522273784388850970e-06 -1.197550752324860746e-04 2.298353247514162145e-02
-8.223970889842391330e-07 -9.645378932110482140e-05 2.324391145403315040e-02
6.745514986583600603e-07 -1.242087356496113237e-04 2.203464819709605171e-02
1.364698166139710622e-06 -1.668034340392421377e-04 2.034364418791251294e-02
1.519639014846418945e-06 -2.081793049680535912e-04 1.868164668931948658e-02
6.807679387987874975e-07 -2.129895770149187184e-04 1.797778687071993620e-02
5.074641502567089901e-07 -2.166657096212415423e-04 1.741630397457660795e-02
1.218292474680637838e-07 -2.106478606818118493e-04 1.712606102981939493e-02
-1.037478961740667671e-06 -1.682719737993026987e-04 1.777204456847342184e-02
-1.381580212234112537e-06 -1.268599516889706846e-04 1.846922376692972101e-02
-2.481556494515757549e-06 -5.498048977620184630e-05 1.990513709624630589e-02
-4.044589382745655826e-06 6.202880741444649626e-05 2.248827908370137907e-02
-5.871363849219157771e-06 2.313977354810453635e-04 2.640520320900885398e-02
-7.182062031318992013e-06 4.323063799572535171e-04 3.112217854315435517e-02
-6.838994793256780724e-06 5.999318130916614367e-04 3.496495474901700762e-02
-6.077263765114082616e-06 7.278661671067804262e-04 3.762577477689571515e-02
-4.412799088360230826e-06 7.825673483274064868e-04 3.828162002649931894e-02
-2.197929169889256684e-06 7.503216208651075636e-04 3.656636731578660759e-02
-3.173575456871802203e-07 6.504016578549459693e-04 3.298199862716072461e-02
6.641950167640686686e-07 5.190807212344938915e-04 2.852501085242631351e-02
4.005407400198279788e-07 4.047494580468879999e-04 2.451276798603357898e-02
-1.603032928620962139e-08 3.065454893809438364e-04 2.105572647866738034e-02
1.222455795479859830e-07 2.019201046384033749e-04 1.759886627242507329e-02
-2.608863036157593740e-06 2.035422492451255394e-04 1.683370252091787034e-02
-2.618272548993161308e-06 1.883577521667179067e-04 1.597791430049677608e-02
-2.160465574663206212e-06 1.519261107135183586e-04 1.461349877731177305e-02
-2.699243847437138299e-06 1.361021352891816916e-04 1.373188327297747424e-02
-3.223022454146295956e-06 1.383061259815770994e-04 1.336857773000427185e-02
-3.724316575803854334e-06 1.595332647214703359e-04 1.353639081108110043e-02
-5.488285032440032296e-06 2.480872228856761952e-04 1.539890950516842327e-02
-5.447054930107775306e-06 3.271208205445769179e-04 1.716805781818747656e-02
-4.884005611383024359e-06 3.839561446682127066e-04 1.833103785997602930e-02
-4.637966679044147611e-06 4.342677042828008149e-04 1.923138287989434314e-02
-3.953640367093669283e-06 4.586072176549632617e-04 1.944257847721742039e-02
-1.708376424769397772e-06 4.008367427584397236e-04 1.756672085291899332e-02
-1.081571031291694851e-06 3.329314582079662133e-04 1.525634441029866117e-02
-2.155927709468485887e-06 3.134633719680951502e-04 1.414480561536018977e-02
-3.659021225677072664e-06 3.488658966442903520e-04 1.453961409939041882e-02
-3.470314243414485134e-06 3.706729475247694250e-04 1.476103609661394422e-02
-4.772208268888356031e-06 4.403369433591958204e-04 1.611713873911652106e-02
-5.070655278438529479e-06 5.109225929980504288e-04 1.758678796277773904e-02
-4.712534887874042511e-06 5.596206643559420435e-04 1.848816582575685263e-02
-3.290310306547361563e-06 5.509435019008385170e-04 1.789591955323738270e-02
-1.854060354355979712e-06 4.920545809572046680e-04 1.592200640391167044e-02
2.078164877961086177e-07 3.624858642601869185e-04 1.212058992105818911e-02
5.021907334423758584e-08 2.511176394102976328e-04 8.662771941267521925e-03
-2.457400698485656676e-07 1.539779381073413944e-04 5.693485274634979554e-03
-2.560043142585399778e-06 1.446598140676935706e-04 5.009100486295992027e-03
-1.611200510120980312e-06 9.076357307383209339e-05 3.512267119432144202e-03
-3.091729735227310982e-06 9.512146523987796698e-05 3.381921336245152787e-03
-1.591059752170664865e-06 3.660095862732803962e-05 1.872760806549855772e-03
-1.422825704144869974e-06 -2.306024807545437039e-05 2.146098316163080888e-04
-2.116832836129844964e-06 -5.362314611047358515e-05 -6.943946778077969562e-04
-1.415967971207798826e-06 -1.085173411329160009e-04 -2.089052833493587613e-03
-1.764307957952127026e-06 -1.420933721868605781e-04 -2.977385150943145931e-03
-1.490913622781420145e-06 -1.806024435330316757e-04 -3.901854164367168920e-03
-8.210875503955605836e-07 -2.370415085409943723e-04 -5.247176582536539069e-03
9.121272370737898427e-08 -3.179154029396558112e-04 -7.202551763276721086e-03
1.141086553579917506e-06 -4.263728785564024903e-04 -9.848483717181555352e-03
1.612115609561648455e-06 -5.403926582292772895e-04 -1.263106548852976907e-02
2.989444125023332788e-06 -6.947541984844846086e-04 -1.634334131333370355e-02
2.985508988806451214e-06 -8.351242402802466769e-04 -1.970599833618053021e-02
2.088508101016905982e-06 -9.348744499592109847e-04 -2.192647437379141584e-02
1.277725884873959217e-06 -1.003848414179595028e-03 -2.319911799382157191e-02
5.385171907290597915e-07 -1.047687503603858539e-03 -2.371398090764231803e-02
-1.395882679444682140e-07 -1.069455056234597246e-03 -2.358697942559079275e-02
1.171787082809849778e-06 -1.143128334323936790e-03 -2.468469989806632015e-02
2.448601420512730442e-06 -1.257642289639634980e-03 -2.689534440945384741e-02
2.384570128688423551e-06 -1.358991470230705434e-03 -2.882585596767317515e-02
8.097029622344820154e-07 -1.393010819861928429e-03 -2.898906536967021941e-02
-1.062861255118896509e-06 -1.354107017332212282e-03 -2.714323546900232476e-02
-1.797517096391310076e-06 -1.288236137773957068e-03 -2.446952984390232677e-02
-1.781516124510496013e-06 -1.221052407849601562e-03 -2.175431371073638376e-02
-6.348670676947776315e-07 -1.191828840957240288e-03 -2.005631175968075608e-02
5.728502238122601398e-07 -1.201419050755950235e-03 -1.947740022815436234e-02
1.794724707515626960e-06 -1.248323291108105471e-03 -1.995471875745596924e-02
2.999433778239080084e-06 -1.329649685302053408e-03 -2.137912253030022081e-02
2.875478467445624631e-06 -1.394875153300612070e-03 -2.245078545942680304e-02
2.540165333075883325e-06 -1.441558727778971538e-03 -2.298797752534986749e-02
7.828356809458369980e-07 -1.418102020832590071e-03 -2.169995152135584249e-02
-5.656690076349946139e-07 -1.350088860671977420e-03 -1.915132487282183993e-02
-9.766394710730708084e-07 -1.273628123465028739e-03 -1.633839361488703679e-02
-2.064358338937921644e-06 -1.159911509579780731e-03 -1.264654282209221048e-02
-2.274203931285079250e-06 -1.046514252063535100e-03 -8.979640825414747507e-03
-2.557156120297499058e-06 -9.271726621261633383e-04 -5.270120482997187050e-03
-1.588820868314577694e-06 -8.474488460598200712e-04 -2.650210501280336750e-03
-1.122794042518471258e-06 -7.815100367247612700e-04 -5.550598813970908374e-04
-9.899491020259887364e-07 -7.196934002524635332e-04 1.326738527626714070e-03
2.168127869461855539e-07 -7.066542530836245062e-04 1.916349401452299706e-03
-4.904492956203654330e-07 -6.627811420232831985e-04 3.132562400151139848e-03
1.638532718395424581e-07 -6.515245738950709020e-04 3.562099743089519599e-03
3.923953790785361662e-07 -6.508141780128262610e-04 3.639388257906328583e-03
-3.045026378822868196e-07 -6.263936728418406652e-04 4.270894781687351038e-03
-9.387134876082114943e-07 -5.839542937431108083e-04 5.388408825651280765e-03
-2.164436952445392137e-06 -4.997108883547374258e-04 7.562871824679850974e-03
-1.808539334402503584e-06 -4.363280237531935724e-04 9.261905856693231076e-03
-1.083332748064158579e-06 -4.013927090686653099e-04 1.015790396698701414e-02
-1.425284637757151529e-06 -3.514172951480099005e-04 1.132076021040701042e-02
-1.156996441653568297e-06 -3.185605084776166329e-04 1.205108363477497280e-02
-4.994971702920736334e-07 -3.134133251409057519e-04 1.202943981583726174e-02
-2.186723153219105598e-06 -2.450460669036966244e-04 1.349744215964071570e-02
-2.769010412628780671e-06 -1.667880080852626734e-04 1.531877327485070550e-02
-3.269832845376186015e-06 -7.798285801806359441e-05 1.738397096741983727e-02
-3.059984025610695824e-06 -7.763256444859312211e-06 1.895379294555504801e-02
-3.685147876408834122e-06 8.047440461625421371e-05 2.087067027650529871e-02
-2.897109941391029508e-06 1.267251159350127332e-04 2.172983276054657464e-02
-3.148219079207592586e-06 1.787186173747429274e-04 2.259334072889190859e-02
-2.771718147109858421e-06 2.081192910141083097e-04 2.287322554974924316e-02
-7.043843239795677391e-07 1.542442211499642224e-04 2.103028564470782458e-02
-1.704547657466193300e-07 8.785671834841274341e-05 1.870517877882993396e-02
1.945535245240215261e-06 -5.684768958656716276e-05 1.446777411296934490e-02
2.455190064920564907e-06 -2.063996221719419100e-04 1.002661578913383034e-02
3.852908674661925659e-06 -4.006348277052138029e-04 4.593084189726981403e-03
5.147174610087290603e-06 -6.308771058072815130e-04 -1.677203006877459046e-03
5.053091612250426579e-06 -8.434739866332516267e-04 -7.424786325333887493e-03
4.707010761384466946e-06 -1.035405875889405802e-03 -1.244218023735133016e-02
4.202396134633801239e-06 -1.202919313854466932e-03 -1.663626229200515505e-02
2.957300514139227232e-06 -1.317139258954137804e-03 -1.931047321189666155e-02
1.903642414480266609e-06 -1.388245521171914409e-03 -2.068095215450355129e-02
-2.976606956472949150e-07 -1.372758341678909089e-03 -1.974271706889774158e-02
-1.256984640263247854e-06 -1.327690940783304852e-03 -1.785094289211353047e-02
-7.476196370870269448e-07 -1.308012958716200935e-03 -1.653168443402991405e-02
-1.237418469024476053e-06 -1.269601001718932698e-03 -1.485165260054871483e-02
-4.239257178628719203e-07 -1.267394005667908663e-03 -1.406431982676492609e-02
5.689967813582441636e-07 -1.300460697043238911e-03 -1.425869957437775337e-02
1.011061190103745844e-06 -1.344064596958766122e-03 -1.480828314640381116e-02
1.087556431023095627e-06 -1.384190431225451601e-03 -1.529029775840529126e-02
2.217643955804149414e-06 -1.461131085935665763e-03 -1.664730085991306119e-02
2.065710013821053792e-06 -1.519459989784852083e-03 -1.760059951217229912e-02
2.379458310941551247e-06 -1.582857924127600846e-03 -1.860030716677407714e-02
2.340098277819890882e-06 -1.637393410582707598e-03 -1.935531040132254521e-02
1.425944152644298413e-06 -1.652188271535959263e-03 -1.908467689642601162e-02
1.902718074320297603e-06 -1.686734750900566182e-03 -1.918751219218201021e-02
1.328947174195072023e-06 -1.694959844505163071e-03 -1.868052539560610681e-02
7.335099280192380888e-07 -1.681728616649225128e-03 -1.759166408481244170e-02
1.358759054159719426e-07 -1.648407920005381944e-03 -1.597496114689889168e-02
-1.097058391907879127e-06 -1.569628102584721963e-03 -1.323176844639628591e-02
-2.068312044856135401e-06 -1.459795433924125641e-03 -9.681776779683626266e-03
-1.556996305440705441e-06 -1.377435274518418185e-03 -6.811287653117059637e-03
-2.035697188262908242e-06 -1.274130405277094924e-03 -3.583245143069124783e-03
-5.584273211622914346e-07 -1.233964815443688856e-03 -1.943515318499344779e-03
1.506493062186642362e-06 -1.267927386645037457e-03 -2.325229335704726008e-03
2.615397778127359629e-06 -1.332325468472464469e-03 -3.655847431661085611e-03
2.435956354185364603e-06 -1.380236362437246844e-03 -4.650295775728674474e-03
1.426199506493475155e-06 -1.386018707709234243e-03 -4.553246502204344459e-03
-1.002077977263482467e-07 -1.336214548347924858e-03 -2.986331452803470121e-03
-1.929015919110987909e-06 -1.222694877216455589e-03 2.469681771645748647e-04
-3.268218161878166939e-06 -1.068208920397446804e-03 4.568908500975576992e-03
-3.615238940324339012e-06 -9.126966748400772156e-04 8.916615317341169966e-03
-3.311711663678273965e-06 -7.773668955253429380e-04 1.265689805506664545e-02
-2.591973226162558319e-06 -6.744380494704271811e-04 1.543989974030174350e-02
-3.239431978219187158e-07 -6.662469516272445658e-04 1.575227707719617509e-02
3.131738259831706728e-07 -6.760048737559365417e-04 1.533960249928617570e-02
-1.170334614775114801e-07 -6.696738965284373957e-04 1.523724368725509759e-02
6.445969236157367277e-08 -6.786741608675941895e-04 1.480570131804581635e-02
-6.550816118444657832e-07 -6.640120925971437771e-04 1.491467984161476412e-02
-6.491462927193936139e-07 -6.604474267107654506e-04 1.481883446641713009e-02
-1.466689984352953502e-06 -6.312135959708128907e-04 1.531431945170719233e-02
-1.506092623837496092e-06 -6.135212948421703283e-04 1.559071924351296268e-02
-2.333503147711191161e-06 -5.685498875479394476e-04 1.648206869926382989e-02
-1.712727030200866807e-06 -5.603189572803909946e-04 1.654949045785619743e-02
-1.460335436909154794e-06 -5.621044710606634687e-04 1.627728320054078193e-02
-2.096730446043970630e-06 -5.391551112911632804e-04 1.655559629436370583e-02
-2.000474008778674317e-06 -5.248981824142393005e-04 1.668893907121077325e-02
-2.077780283160635122e-06 -5.061323292784927763e-04 1.690762670154660752e-02
-1.617999800918035191e-06 -5.053117278613419860e-04 1.670802353662714790e-02
-1.465913591069956112e-06 -5.063648646790666619e-04 1.641687005747505257e-02
-1.514956102566245022e-06 -5.028081638256340358e-04 1.623091893663036744e-02
-1.692077376880263273e-06 -4.917977031340253768e-04 1.623866431827603041e-02
-1.947314517969367387e-06 -4.720314971536562765e-04 1.647617101516413163e-02
-2.893074162568787244e-06 -4.191418021319281983e-04 1.751166910470808302e-02
-2.971067665002991021e-06 -3.738956308404692286e-04 1.844074675735646318e-02
-3.777607531230131599e-06 -3.018274264319636968e-04 1.995478107499448761e-02
-3.743253824461945101e-06 -2.422986940529212041e-04 2.120695075917683470e-02
-3.163657532168073772e-06 -2.114657217256177280e-04 2.171426738810389168e-02
-2.888037288761857724e-06 -1.923227498146634629e-04 2.183215394932797038e-02
-3.459367956537562350e-06 -1.518658616954590701e-04 2.239043592882156153e-02
-3.271334900745159757e-06 -1.251626552435172735e-04 2.266969018983416850e-02
-2.594184344784089546e-06 -1.257346330677255875e-04 2.226430320044275879e-02
-2.906236686528451685e-06 -1.111063004132981091e-04 2.212900027286976434e-02
-3.203109311789020808e-06 -8.656741409932000586e-05 2.226548668876471293e-02
-3.482098017260071288e-06 -5.285555091024546348e-05 2.264650912393470494e-02
-3.095052450885482642e-06 -3.712386706180431650e-05 2.262807008675324361e-02
-2.930001193335307619e-06 -2.595215282839152815e-05 2.244549659649319739e-02
-2.263465871732428525e-06 -4.014960377949489123e-05 2.165318535217108931e-02
-1.284957283465004707e-06 -8.895966114094017163e-05 1.998935832312803695e-02
-1.417308238105263740e-06 -1.269283278372904111e-04 1.850139560291103047e-02
-2.264409152852309148e-06 -1.329656765764325455e-04 1.782306207315301205e-02
-2.908256878098036680e-06 -1.203336814770278318e-04 1.770743118563936069e-02
-2.758979356753954448e-06 -1.188910151906641399e-04 1.740704077039403885e-02
-3.391540134956017027e-06 -9.542247604177322984e-05 1.759509364954328636e-02
-1.927852323002632318e-06 -1.328305534575510705e-04 1.642707655012876078e-02
-1.077504099722403907e-06 -1.941647537881674435e-04 1.453913822525726429e-02
-6.406156819460662177e-07 -2.636273694398769130e-04 1.242085537367104697e-02
-4.797023487324025837e-07 -3.317029456340742088e-04 1.036556714255174039e-02
-1.147022202552250292e-06 -3.685891529403365063e-04 9.106023332076718102e-03
-2.335593292102089436e-06 -3.601015535920557009e-04 9.053330370917406222e-03
-3.835446832800570860e-06 -2.999102569986034084e-04 1.037464123494244439e-02
-3.563157844999054191e-06 -2.596464475236939795e-04 1.137352177885714299e-02
-2.148079366270927437e-06 -2.755810937887168133e-04 1.096793131075438077e-02
-6.683817810326786457e-07 -3.436200730772137613e-04 9.152291530399370156e-03
-4.704686561440851733e-07 -4.127450264522491974e-04 7.171614136646686788e-03
-4.585925658107115055e-07 -4.781047717230049732e-04 5.322543860348943889e-03
-1.213838625835350626e-06 -5.108977337260900420e-04 4.312162148859072230e-03
-1.802199557920936002e-06 -5.213810903071172675e-04 3.970914619508963961e-03
-9.757291279388624616e-07 -5.620523776063979238e-04 3.013306217462180525e-03
-1.191006478440392868e-06 -5.886758696245358857e-04 2.324827481620550529e-03
-1.428138428516412262e-06 -6.041647492598181679e-04 1.961002133636258193e-03
-3.799014375305276303e-07 -6.574291016111996622e-04 7.521318762698514515e-04
-4.621284664940716880e-07 -7.007605434597649618e-04 -3.032320202604743553e-04
2.012104416415638752e-08 -7.598990902388871871e-04 -1.680207687472567990e-03
-1.083112645239303617e-06 -7.728860463826550675e-04 -1.962236751732432394e-03
-1.247952566729715329e-06 -7.808084230964060235e-04 -1.967059123727854519e-03
-2.095433198068263891e-06 -7.561248696313221940e-04 -1.164166378615910658e-03
-2.718919729360891324e-06 -7.102509536539083901e-04 2.280184626234638134e-04
-1.889113313668921990e-06 -6.970707533987680060e-04 8.695465071514585365e-04
-2.075845512927720904e-06 -6.727073839359054563e-04 1.662897638279231538e-03
-9.742145422597658921e-07 -6.881625042461925190e-04 1.502593667137952504e-03
-1.002002172567628691e-06 -6.961744092156343933e-04 1.404769747180900641e-03
1.816619017436238437e-07 -7.453840968069391781e-04 3.313823211140154434e-04
1.837163177142997483e-07 -7.870354897159953511e-04 -6.513157625710475074e-04
-5.789113967091807922e-07 -7.977022155443644347e-04 -8.422716917626527078e-04
-5.262453320886706365e-07 -8.110169215579249302e-04 -9.946649118826034197e-04
-5.938497484869742493e-07 -8.208177329179708326e-04 -1.058418329014848558e-03
-1.384578506291589406e-06 -8.008766852706100670e-04 -3.885380141523120390e-04
-3.273208794341009309e-06 -7.133116106389017497e-04 1.993000000374944847e-03
-2.596130557752651669e-06 -6.588573854731868962e-04 3.703974680660138130e-03
-3.506546723208714411e-06 -5.702379053230399730e-04 6.109167767639894775e-03
-4.776301171127705913e-06 -4.403880597201453861e-04 9.534597783107279234e-03
-3.661174847957582301e-06 -3.598175538739589729e-04 1.177799332978538005e-02
-2.964731021348754325e-06 -3.042739965664550961e-04 1.320332150764796930e-02
-1.904564905896855009e-06 -2.881876285007189953e-04 1.353186898187908049e-02
-1.276736385280585750e-06 -2.935115471300736578e-04 1.320115822482631485e-02
1.000666143613493375e-06 -3.815348905760254650e-04 1.078305263104090139e-02
1.062475778912386204e-06 -4.623823568413940044e-04 8.370868504147366274e-03
1.630013367170946026e-06 -5.612697238361052943e-04 5.592664651357354133e-03
1.217842337752905735e-06 -6.389095966746957678e-04 3.373524163241881091e-03
1.793140212980048886e-07 -6.760228327839373774e-04 2.276371224368023416e-03
6.982081955930752315e-07 -7.339951192810237335e-04 8.199815724300729691e-04
2.723732140941237390e-07 -7.732555251654255057e-04 -1.807957516730129832e-04
-1.091241687012356465e-07 -7.988460476058556470e-04 -7.650598030345678868e-04
1.932032697160579460e-07 -8.370004255107005298e-04 -1.600059005769483012e-03
1.579067662516031589e-06 -9.237671419244503079e-04 -3.637167528598717059e-03
2.342358881968209516e-06 -1.030619176772051837e-03 -6.240712453439073437e-03
4.627403175416766601e-06 -1.214321374953288013e-03 -1.072417298934466579e-02
3.316792751562047670e-06 -1.335292948562299964e-03 -1.372787881658865672e-02
2.940039277254946626e-06 -1.441151342489475906e-03 -1.610503977939858888e-02
2.526391697954544213e-06 -1.529233687151430876e-03 -1.791118700151242416e-02
2.743106495395331024e-06 -1.624969049346162986e-03 -1.979723206465353047e-02
2.714420992755428585e-06 -1.717032911249291582e-03 -2.154595494654124033e-02
2.525802562880485880e-06 -1.799223870048053536e-03 -2.297967024552449722e-02
3.530662646578086594e-06 -1.915390582871989711e-03 -2.517719191329087502e-02
2.695938850716395052e-06 -1.992175667527209398e-03 -2.640637662079745041e-02
1.333150876026145681e-06 -2.016676573133219935e-03 -2.619216876161606367e-02
-9.917599841369195701e-07 -1.956567129538747118e-03 -2.372786376567412314e-02
-1.949113167198923691e-06 -1.869136108702627169e-03 -2.042413926403952029e-02
-1.352892969430641301e-06 -1.808309985128268155e-03 -1.779072457202285351e-02
-1.057083680922055180e-06 -1.757066805013068195e-03 -1.553580907676188616e-02
-3.137588285850867464e-07 -1.733464949703607955e-03 -1.406768943500333324e-02
7.042623910713530222e-07 -1.744658589773021712e-03 -1.358005071611198544e-02
1.231397867229588883e-06 -1.770228161340509088e-03 -1.355577049215253571e-02
2.076605483902760341e-06 -1.823253321133967014e-03 -1.425437391190079173e-02
1.166766511739858458e-06 -1.835816567449969489e-03 -1.399104510536364199e-02
-2.140202474132379962e-07 -1.797672270161511376e-03 -1.237178472029112908e-02
-1.871317896529056668e-06 -1.702165173852281804e-03 -9.234467626837605803e-03
-1.082563221621590799e-06 -1.646990212827121464e-03 -7.040899894305840956e-03
-3.258024450447649656e-06 -1.505961578129752509e-03 -2.861796975184099923e-03
-2.126153826775833977e-06 -1.422301271994174526e-03 -3.570009398615181517e-05
-2.112221218597554184e-06 -1.336328387465980649e-03 2.639092788917885013e-03
-2.821190235868797913e-06 -1.225045230323011658e-03 5.850475421655260133e-03
-2.039368794837237431e-06 -1.149361274583447778e-03 8.141404612911795624e-03
-4.192307177630638648e-06 -9.873036815986786785e-04 1.241875938434019999e-02
-4.313610448614113579e-06 -8.345936812297373442e-04 1.653368851266182049e-02
-3.114131784442975004e-06 -7.336197609925064478e-04 1.923438501835247894e-02
-2.377170661094218929e-06 -6.590437403215486378e-04 2.106202767644915763e-02
-1.305770272019834977e-06 -6.262931054260602315e-04 2.171187591173395770e-02
-3.892427402618636734e-08 -6.422894442633490797e-04 2.101586353177606337e-02
3.332262765720628295e-08 -6.574119495720044670e-04 2.022291984204563353e-02
-6.695980527826606021e-07 -6.480644792567907819e-04 2.003956309085402898e-02
8.319577404769518125e-08 -6.769950799801922880e-04 1.897741589665144502e-02
-1.796478272808599286e-07 -6.959233826853115923e-04 1.809978861842534426e-02
-1.742467441112616200e-06 -6.589190616346739249e-04 1.863491088559562914e-02
-2.818826938533192106e-06 -5.920767008409516530e-04 2.003124376419571084e-02
-2.260961294631158580e-06 -5.573835315555962511e-04 2.068918997811766691e-02
-1.950046424226137276e-06 -5.352120490664975805e-04 2.094374539918017475e-02
-1.804256299697826194e-06 -5.198943450468555827e-04 2.097709994041671577e-02
-1.767301331168091849e-06 -5.072897997053481267e-04 2.091726112198666332e-02
-1.152782204916213971e-06 -5.202258350345753679e-04 2.022275489664066006e-02
-8.237685832357399818e-07 -5.452099155909863326e-04 1.917964713403913501e-02
-6.859238952383606147e-07 -5.753976052166494271e-04 1.799864438479356621e-02
-2.617615088684743796e-06 -5.329518049779283229e-04 1.859994761672054131e-02
-1.962094327345731415e-06 -5.269161776446928958e-04 1.849299554120187317e-02
-1.586189682711847126e-06 -5.351026316170355568e-04 1.795628625325737526e-02
-1.398143285702424521e-06 -5.501482758385502214e-04 1.721882993475928880e-02
-6.869762269046120196e-07 -5.914634048652805953e-04 1.584018373427298343e-02
-2.988766103495521520e-07 -6.424951343788551372e-04 1.419533088498772799e-02
-7.756619632148797905e-07 -6.723389058614567815e-04 1.308138746359721605e-02
-5.068390944718004221e-07 -7.122830069513745588e-04 1.181421664326989807e-02
-1.055869052191127366e-06 -7.292675408852658525e-04 1.112132173033852922e-02
-2.770738145141393716e-06 -6.833514861678095798e-04 1.204799944612469642e-02
-3.260512357106115644e-06 -6.249026387580430830e-04 1.343949892904405807e-02
-2.944547630390204063e-06 -5.797924851860605799e-04 1.451318945265880900e-02
-2.759107095018364930e-06 -5.394139295334596240e-04 1.540598761917186255e-02
-1.364526292846335309e-06 -5.482843650950197656e-04 1.504930570713321203e-02
-5.100568971627694737e-07 -5.823702588720718054e-04 1.393978035738031862e-02
-2.271157417688129954e-08 -6.306054187897244812e-04 1.242658739710371385e-02
-4.311363012154956209e-07 -6.618194730920873292e-04 1.132514481318670774e-02
-1.154557275340195588e-07 -7.048374340788803039e-04 1.001166178050887090e-02
2.606910256330863263e-06 -8.439498333502083727e-04 6.344582607490240056e-03
5.535508405207778537e-06 -1.076964109386770174e-03 2.070666297982193260e-04
6.590498316305648530e-06 -1.332904717366589081e-03 -6.582664559799084047e-03
7.053783014687731168e-06 -1.594531424205743175e-03 -1.337687991142250121e-02
5.823841525254280782e-06 -1.801701903976268143e-03 -1.862107018141179182e-02
4.814289097931911954e-06 -1.968199461918875015e-03 -2.253532162725091492e-02
3.317233719601908604e-06 -2.077370987758377086e-03 -2.477596407432039460e-02
1.532849778995704071e-06 -2.122083065602024116e-03 -2.517631363782033005e-02
2.458679156935872356e-07 -2.121854547296828791e-03 -2.425138144919977701e-02
-1.340654955384046332e-06 -2.066627778047159386e-03 -2.185217266935249314e-02
-1.791898450509421536e-06 -1.999219608872140203e-03 -1.906407542536991961e-02
-2.793224473274236175e-06 -1.896564109956384164e-03 -1.543582433079859761e-02
-2.184599819265997667e-06 -1.820832767518973383e-03 -1.250233145796436629e-02
-2.487975877873971342e-06 -1.732721213225211360e-03 -9.408607958102055413e-03
-1.430372119082257143e-06 -1.687176849506488024e-03 -7.459436117367795882e-03
-2.103924799601308848e-06 -1.615219252368536862e-03 -5.015756942269050667e-03
-2.588172353656936764e-06 -1.529430826253386916e-03 -2.244161174660613822e-03
-2.938239194838487833e-06 -1.434251706036691887e-03 7.150732298028261713e-04
-3.192382151406825130e-06 -1.332539336494385079e-03 3.772918308250633457e-03
-2.729038379611914422e-06 -1.250188751575315171e-03 6.269225176951109813e-03
-3.104791708952170382e-06 -1.153052327567793967e-03 9.013142560778175660e-03
-2.070298612211196598e-06 -1.097370577820493132e-03 1.065841736803924134e-02
-1.437964154749060697e-06 -1.061986157091934085e-03 1.164573822368249190e-02
-1.078359102124615276e-06 -1.037796190031300275e-03 1.226262464042160438e-02
-2.540160559671988949e-07 -1.043827062863565691e-03 1.206402404599080103e-02
2.066597154515292800e-07 -1.064925424802444509e-03 1.141266797975266922e-02
2.366766807759823621e-06 -1.165419402770030005e-03 8.743744906123090965e-03
3.638181567899856361e-06 -1.304424728678230810e-03 4.997379265164719753e-03
3.008760570577528881e-06 -1.413191711595745276e-03 2.021128265921767753e-03
1.806378887247994669e-06 -1.477565587303285993e-03 3.208763670243530708e-04
2.560269433127260186e-07 -1.487054263886546102e-03 1.717388124602703403e-04
-1.488383470138465725e-06 -1.436441346083006110e-03 1.684484581504469558e-03
-2.025436930286339532e-06 -1.372837066520790628e-03 3.636192407512672808e-03
-2.415845055891985282e-06 -1.298751288771635842e-03 5.829694789594358495e-03
-2.053400263934967995e-06 -1.242025182149244372e-03 7.545665087714675812e-03
-1.857341101252352189e-06 -1.193282780662680703e-03 8.965957022636458773e-03
-1.772028589197560677e-06 -1.148820364754079421e-03 1.020859020860021005e-02
-4.624661813501518282e-07 -1.154669819641799405e-03 1.013590180451541534e-02
-3.307170687305571732e-07 -1.161031099252075177e-03 9.930056240595008799e-03
-9.651261355658746766e-07 -1.143658061319271363e-03 1.031141973893871799e-02
-1.434363555485873576e-06 -1.111896183218580303e-03 1.109738070470088489e-02
-2.434440313114905052e-06 -1.045833686611298552e-03 1.275548398028995833e-02
-1.163159461081697543e-06 -1.033718403493897459e-03 1.308582870430324840e-02
-3.896056800511971119e-07 -1.048151581547033390e-03 1.260833262171598412e-02
4.564192390699162161e-08 -1.077760605121658166e-03 1.168297422504814553e-02
2.525986358969944945e-07 -1.114933547328167407e-03 1.054713752770836122e-02
3.071376922791912989e-07 -1.154294928676212473e-03 9.368001281790813706e-03
-1.035389398995611998e-06 -1.144458259741434197e-03 9.450057080292853517e-03
-1.310401046006326453e-06 -1.130135088128259024e-03 9.760532693882648103e-03
-8.867275600454860296e-07 -1.133617765300687363e-03 9.630737555351265300e-03
-1.315062587159410157e-06 -1.121150489979801101e-03 9.857675933091683551e-03
-1.637872988680122432e-06 -1.098899557798720811e-03 1.036343790973751067e-02
-5.876219930645021350e-07 -1.115473552252457812e-03 9.917765377679618743e-03
-6.135749540669976909e-07 -1.126260308774548052e-03 9.546411033271237634e-03
-1.336582704181132897e-06 -1.108664721492631788e-03 9.916995311423829063e-03
-5.504372548870151149e-07 -1.119493920552730448e-03 9.638278049439397144e-03
5.502075142160833821e-07 -1.165522867149805519e-03 8.421939549978413320e-03
-1.136939732360175981e-07 -1.182019350303688265e-03 7.897872841440278791e-03
3.732163433856072743e-08 -1.203962849702831794e-03 7.318792053854453195e-03
7.137794386657958512e-07 -1.248445569008722889e-03 6.179390472511203658e-03
1.068190809361269089e-06 -1.302660016741449128e-03 4.770487390865968402e-03
-9.139518719614159181e-08 -1.312911344338828223e-03 4.489256737762459259e-03
-9.120187272060320538e-07 -1.296421074561831394e-03 4.993570168874972293e-03
-1.495469697410101162e-06 -1.261174843155190087e-03 6.028704790807928870e-03
-1.263611217550142385e-06 -1.236396078851807745e-03 6.811924253462275924e-03
-5.068594643997670346e-07 -1.238479007774989649e-03 6.868506720449654712e-03
-7.343162311546080900e-08 -1.254119394567723700e-03 6.510448787926684244e-03
7.901378651364865391e-07 -1.299712959951990904e-03 5.361349320206945657e-03
2.563313170389491802e-06 -1.406666753926789915e-03 2.610381079378762403e-03
2.293998582203471415e-06 -1.498119123061074365e-03 1.906442728674545561e-04
1.352508312013611658e-06 -1.555491760460447209e-03 -1.259793837848910414e-03
-1.304084268460847795e-06 -1.519256028510069384e-03 -2.001140721947514134e-04
-3.720840929921642726e-06 -1.403804464108808492e-03 3.067111072436554120e-03
-5.281672918022728425e-06 -1.240425625788053182e-03 7.648722440708036197e-03
-4.954643839427674834e-06 -1.095604616778718399e-03 1.172921307498435428e-02
-6.001540522548864942e-06 -9.146679367734219385e-04 1.656851346017923499e-02
-4.022141300241699469e-06 -8.103630941666585541e-04 1.936875183319361482e-02
-4.009968197826729863e-06 -7.027088571929188815e-04 2.200466082876471885e-02
-1.379157509084905087e-06 -6.898263091810810654e-04 2.213073224060022048e-02
3.025807880918662818e-07 -7.295352923827914948e-04 2.069407894250865909e-02
1.982863698790637841e-06 -8.234743354803251980e-04 1.777850601884697901e-02
2.977884199562019774e-06 -9.468073370812058603e-04 1.406714353076272961e-02
3.506164175326453858e-06 -1.084618166779264745e-03 1.002085170518138280e-02
2.420990076967832749e-06 -1.180799268874944616e-03 7.132499468681913202e-03
9.584331132073131698e-07 -1.226386511765672691e-03 5.722915218006122129e-03
-2.017480711158370354e-06 -1.169206337762986742e-03 7.120306061843897916e-03
-2.669047449832540053e-06 -1.096438012632067194e-03 9.102929108116303292e-03
-3.744119208670682042e-06 -9.880359510397972167e-04 1.198734171397802806e-02
-4.420890180600878239e-06 -8.594693228315148509e-04 1.538151091351287747e-02
-4.173787860217714751e-06 -7.427536454543172406e-04 1.840749095325004692e-02
-2.680737337446004176e-06 -6.797276678527659072e-04 1.992075717925739786e-02
-1.705832658682737701e-06 -6.486653282976317936e-04 2.043780528680273767e-02
-4.370754556060063578e-07 -6.607102459853103626e-04 1.973810913733950456e-02
1.645722342069610988e-06 -7.430614520661446565e-04 1.714118580552106974e-02
2.915395100444584386e-06 -8.643553238585274801e-04 1.346266272401648589e-02
2.980725215095958447e-06 -9.836345634190255677e-04 9.862278689287379274e-03
2.261305010908820634e-06 -1.075971919701546042e-03 7.074852267001066619e-03
1.694872539759195718e-06 -1.148553578845391832e-03 4.944900923642733814e-03
5.892405553487023440e-07 -1.182602634660499114e-03 3.924533750323519476e-03
-1.951388280962973454e-07 -1.190873771198534131e-03 3.686183571055323682e-03
-1.403931653154444348e-06 -1.158285907828404682e-03 4.577987564827037947e-03
-2.213644533566316852e-06 -1.099978509669953530e-03 6.195127744950595927e-03
-2.746476677861764415e-06 -1.025215137808696206e-03 8.243073530869712839e-03
-3.087059201822839327e-06 -9.403913735753655773e-04 1.052556180871838665e-02
-2.644962853293186811e-06 -8.723755101539120566e-04 1.231435988965744188e-02
-2.351326007010712260e-06 -8.144529706970854432e-04 1.374480946805398118e-02
-8.604231772624260088e-07 -8.081900915036573790e-04 1.375089919233916935e-02
-5.695462437227405417e-07 -8.093153727523651197e-04 1.346455987522611475e-02
8.841341232468380440e-07 -8.597873592369343482e-04 1.186587574993247518e-02
2.413323598848826634e-06 -9.596677732425212132e-04 8.920427778213613212e-03
3.309754479263737892e-06 -1.086543150236233754e-03 5.259960150633569143e-03
3.775145268725133008e-06 -1.226368840215961292e-03 1.319514239344413142e-03
3.948938240183608173e-06 -1.369755188682590663e-03 -2.620774143424667302e-03
1.979991085865329126e-06 -1.443643639354787525e-03 -4.608115438312160306e-03
-4.269813980162240341e-08 -1.450100664755258825e-03 -4.623338534211859918e-03
-2.059028158862830082e-06 -1.389971333995038485e-03 -2.745359102299671505e-03
-2.730489861768603532e-06 -1.310074795570725231e-03 -2.759558270759993048e-04
-1.864297742404374958e-06 -1.261398395850561044e-03 1.327719199213969747e-03
-1.964002841914336273e-06 -1.207924660026764990e-03 2.961049014421679448e-03
-7.398811595615839565e-07 -1.196786624397420951e-03 3.430034920790525632e-03
-1.277729447357600634e-06 -1.164528145550260824e-03 4.380944477765991163e-03
-3.507989382312004523e-07 -1.164772957244829960e-03 4.468156810961729231e-03
8.592217323188933165e-07 -1.204765275489183551e-03 3.432659983498217993e-03
9.293253373510168558e-07 -1.244417449454533753e-03 2.362710650682581237e-03
2.573070495559548476e-07 -1.260050885311633437e-03 1.957706312347817779e-03
1.064846351983561590e-06 -1.304580511503693196e-03 8.258731566001820124e-04
2.815966989033746870e-06 -1.407882968998491746e-03 -1.897987385484620204e-03
2.545125049269181261e-06 -1.497889539374018184e-03 -4.275720728437126805e-03
2.263989484219131043e-06 -1.577880135999401232e-03 -6.298339431688379508e-03
6.818482658488278503e-07 -1.603077629871007409e-03 -6.766618981463634608e-03
2.347534293622999257e-07 -1.615579696194522838e-03 -6.788155569776660458e-03
5.336715767079169837e-07 -1.639385105614071456e-03 -7.081332200429238388e-03
1.187912923583667180e-08 -1.644505264564657607e-03 -6.872230459795236612e-03
-1.032243606258198554e-06 -1.614248136984998416e-03 -5.683340555317717424e-03
-1.094891847852608180e-06 -1.583717108865864351e-03 -4.465794314013213362e-03
-1.167627953879701863e-06 -1.550651045479222931e-03 -3.214406869251881793e-03
-5.953141781755988404e-07 -1.537441548112935749e-03 -2.539288199180617100e-03
-1.563643212354470791e-06 -1.488960440234145255e-03 -9.678985177424964670e-04
-9.141209437180108921e-07 -1.464945563626149708e-03 -5.917862327661782551e-05
1.239889820814354948e-07 -1.475663021790507221e-03 -1.537385287043446791e-04
2.042704351556956510e-06 -1.551066950162877447e-03 -2.045028199268009161e-03
1.895180160693676896e-06 -1.616987085042103853e-03 -3.719765256525800479e-03
1.706485367569676725e-06 -1.676290686553266046e-03 -5.154825376363594835e-03
1.493854194234423005e-06 -1.728443018226109504e-03 -6.339357319258623336e-03
6.196031172578386759e-07 -1.750726200587493855e-03 -6.663838868520038927e-03
1.281560965460393220e-06 -1.798379928827189764e-03 -7.610285151829210282e-03
3.289944419115897745e-07 -1.811668961043165840e-03 -7.630124789327119572e-03
-1.653053788297498272e-06 -1.757639036479121883e-03 -5.782411267677506350e-03
-2.313825151922799250e-06 -1.684693478725404064e-03 -3.378813862286694780e-03
-2.751053156502258901e-06 -1.597876273545552339e-03 -6.432139245714924014e-04
-2.382946135193186876e-06 -1.524973080069295592e-03 1.652244188116977486e-03
-2.147329928203767224e-06 -1.459469507735964081e-03 3.653630660620160731e-03
-7.021106439575319769e-07 -1.444000828249334539e-03 4.226017481738175707e-03
2.006873749405002627e-07 -1.456773128975496698e-03 3.941184277202303132e-03
1.382230954471985740e-06 -1.508531688044534996e-03 2.563697718723265129e-03
1.420743100499777256e-06 -1.558651160572441935e-03 1.212239950525537124e-03
2.014310842235467192e-06 -1.628956692352794000e-03 -6.451878821870093983e-04
1.655893418384124516e-06 -1.685388802146511877e-03 -2.097730956790347379e-03
6.853140620544095896e-07 -1.708475525967804998e-03 -2.586882602701179312e-03
1.285331526434951854e-06 -1.754762975016140730e-03 -3.634167476496641402e-03
9.437282394442192412e-07 -1.788614293885158399e-03 -4.337991329025764342e-03
1.296101954650907828e-06 -1.836231274207450817e-03 -5.369386751641627709e-03
1.423330805438993707e-07 -1.843858052183589349e-03 -5.301382516166741610e-03
-1.316883994295636739e-06 -1.803757301915986586e-03 -3.883315622238564524e-03
-2.294356884258164087e-06 -1.732645603689474817e-03 -1.600510384993633628e-03
-3.587265179905152479e-06 -1.618147751779689184e-03 1.828360281168409096e-03
-5.056633580302616338e-06 -1.454312125830796443e-03 6.541373618864101958e-03
-4.658478310992641980e-06 -1.306639058730013972e-03 1.073642757146248128e-02
-3.701919722098878651e-06 -1.191336460059692903e-03 1.390300472401934107e-02
-1.749986180077378606e-06 -1.141723012400740894e-03 1.514167667927465710e-02
-1.139235470293264996e-06 -1.109654228319687658e-03 1.577082478317820557e-02
-7.619088268073781478e-07 -1.089241050045715309e-03 1.602958318883630773e-02
-5.434703884699132459e-07 -1.075806765198578444e-03 1.607189505379867656e-02
-1.082188889167667867e-06 -1.043920015085211123e-03 1.660221757219704219e-02
-1.451490272197375475e-06 -1.000707627193593921e-03 1.744653736984802528e-02
-2.352127183802288357e-06 -9.274349772612558440e-04 1.909128424619573050e-02
-1.628803210640406007e-06 -8.810341861852366563e-04 1.999988340858468300e-02
-1.163565411466116473e-06 -8.505529891076109988e-04 2.041730161830700857e-02
-2.249480469673770244e-07 -8.522006066099983498e-04 1.992665514987033981e-02
3.524873515292625825e-07 -8.728258912342077777e-04 1.888990693178758951e-02
1.333116160018299468e-06 -9.260486415703173338e-04 1.696702894192280570e-02
-4.450999069316452506e-08 -9.313727014646526123e-04 1.635476719067772283e-02
3.227570627428733019e-07 -9.512953635737132416e-04 1.542846010445474147e-02
-1.333389156865649738e-07 -9.554106266541914985e-04 1.494007817315222419e-02
-1.115195617851227894e-06 -9.267434187364203754e-04 1.537428158245976451e-02
-4.683410158579093263e-07 -9.208710309555586185e-04 1.521568555503380327e-02
-1.375538216774607747e-06 -8.834841632024467012e-04 1.588800831855478879e-02
-1.323666902419695646e-06 -8.489274649069906975e-04 1.650148943986547156e-02
-1.298649430214737777e-06 -8.147228496159265865e-04 1.707749453398512557e-02
-6.408384537470723785e-07 -8.023923499644184179e-04 1.703509344604432763e-02
-2.346866843083716958e-07 -8.031763137399013097e-04 1.660668594165650575e-02
6.497638634916924616e-07 -8.339537679434919082e-04 1.535721248303729275e-02
-1.232613188184572550e-07 -8.389121025111417537e-04 1.481434079911748969e-02
6.421636051801016265e-07 -8.707135168294433472e-04 1.358375504356796465e-02
-2.084154073767052751e-07 -8.742438549150599938e-04 1.313380105663403130e-02
-1.419402343438846970e-07 -8.810384834298870538e-04 1.263972333979750118e-02
-1.306480741369853149e-07 -8.887672391821813817e-04 1.213378040792044421e-02
-1.553778220531043530e-07 -8.958822807060328255e-04 1.165658791456386512e-02
4.471344590140091668e-07 -9.224321144994072907e-04 1.065219352324629776e-02
1.444882758105947573e-06 -9.808000167736809563e-04 8.773016821177460900e-03
1.378247904804119628e-06 -1.035391322827466237e-03 7.013311817688265559e-03
1.920367923791133080e-06 -1.107298255737037933e-03 4.829253586418821853e-03
8.957484244342950319e-07 -1.144459097766148924e-03 3.650953448250053579e-03
-4.770398434050804326e-07 -1.137144685324876364e-03 3.779359572251901611e-03
-7.477480632456234844e-07 -1.122122996188083983e-03 4.168005116039381897e-03
-2.960009544139552418e-07 -1.122794884888197314e-03 4.121694736432771067e-03
-1.333987925011825837e-06 -1.089578957359336672e-03 5.002561571430093335e-03
-7.180113081872718794e-07 -1.078173427629031990e-03 5.288071535455726724e-03
3.110716991772122242e-07 -1.100873093643678358e-03 4.595099225698832945e-03
9.374740980172546756e-07 -1.143863827343615663e-03 3.322040234808108783e-03
1.288763706974727086e-06 -1.198753143460270891e-03 1.737537499566878252e-03
1.453256642913736130e-06 -1.259486088914791094e-03 2.679810465466142544e-05
-4.585557877856416553e-07 -1.257872831887902471e-03 1.064116223461197830e-04
-4.302131617617277470e-07 -1.258773901483488909e-03 1.710910892814831996e-04
-4.410979859148511650e-07 -1.258886003538356967e-03 2.522865866253221068e-04
-1.127240805698370707e-06 -1.235509788056082282e-03 9.869175082393363829e-04
-2.870989166403603576e-07 -1.239166284166635414e-03 9.582705885893202935e-04
2.281148694383006159e-07 -1.257280620088720331e-03 4.959078387318724412e-04
-1.288362992957203801e-07 -1.261406943072713310e-03 4.240427211264913288e-04
2.549505260240891857e-07 -1.277222075815419647e-03 3.660035191144217492e-05
-1.488683602612894674e-06 -1.234279020889703614e-03 1.302818845706779638e-03
-2.628563798290350917e-06 -1.154510708844645392e-03 3.614189785619378870e-03
-3.351071453217002727e-06 -1.051242439912490091e-03 6.547388165889435341e-03
-3.785446248238955036e-06 -9.336996899223914265e-04 9.812316707462707954e-03
-3.370986740747206056e-06 -8.295445440055140146e-04 1.261137203073395274e-02
-2.410862678270397907e-06 -7.560301811065095468e-04 1.445036338257664477e-02
-1.113895162774269920e-06 -7.235046893599491463e-04 1.505113228769024841e-02
3.764857358090623052e-07 -7.385588752935783388e-04 1.425997660133965922e-02
6.614183049036270745e-07 -7.614496026956442398e-04 1.323187640287352279e-02
8.065438488191745137e-07 -7.891039394830410419e-04 1.209379914336414230e-02
-1.093886007774713676e-06 -7.543734165476635722e-04 1.274292334576430930e-02
-1.033479154921579379e-06 -7.239255911084324299e-04 1.330280179500317739e-02
-9.991440431678100254e-07 -6.945498494235462922e-04 1.381050251303343746e-02
-3.314296345147127454e-07 -6.873864164409519348e-04 1.367567232140777522e-02
7.349057778993639545e-07 -7.148696842350652295e-04 1.254916729144422288e-02
7.375349854177315478e-07 -7.413890298024741407e-04 1.145369028979571074e-02
1.348684336766048375e-06 -7.880900584355948757e-04 9.821766513379855124e-03
1.041495305220685452e-06 -8.239658751310451751e-04 8.526413561621246084e-03
1.443508818033123475e-06 -8.729260119488147646e-04 6.906940409943350401e-03
9.968358460898940621e-07 -9.067129254131424398e-04 5.753725591864870814e-03
6.552257958425400375e-09 -9.083756184890953364e-04 5.553958438299401446e-03
-1.967774062028304627e-06 -8.461301175864393426e-04 7.190666353930313948e-03
-1.938893509079164801e-06 -7.862462342389320638e-04 8.758891791789451264e-03
-1.907336929285463611e-06 -7.271267473453312674e-04 1.025519096261597735e-02
-5.724376120896934594e-07 -7.117456479444807943e-04 1.046785521147877707e-02
-3.680448313891915291e-07 -7.021830921435084222e-04 1.047608511971778039e-02
3.980845229012430764e-07 -7.175005829226791323e-04 9.773444525058121168e-03
2.127302711762979470e-07 -7.265380830715865990e-04 9.251657636953410091e-03
1.363740826820780683e-06 -7.731979367875275316e-04 7.681585175309660340e-03
1.070287383164725270e-07 -7.790809591344443133e-04 7.290590956133082001e-03
1.212903667502374105e-06 -8.223828893953654892e-04 5.877494966562014922e-03
1.230280405772887775e-06 -8.667462637713847784e-04 4.452589795969623399e-03
5.383532780678379481e-07 -8.900043643564163609e-04 3.670784666068495350e-03
4.927426400236356585e-08 -8.983975834403181912e-04 3.347846749984548231e-03
-2.979305978589863457e-07 -8.956727037389379184e-04 3.358360736704868454e-03
-5.456001708203928047e-07 -8.848309006531957649e-04 3.605597860478447492e-03
-2.675154253339862009e-06 -8.050578708071656070e-04 5.814127057770977769e-03
-2.731000571687403067e-06 -7.234481228746347456e-04 8.047754974280105222e-03
-2.736097873490273003e-06 -6.411117780266888458e-04 1.023629476395689769e-02
-2.055711847304131368e-06 -5.807702643099120488e-04 1.173293818306035685e-02
-1.592538445449598328e-06 -5.355316556619315466e-04 1.274174064196691852e-02
-6.284182528792925382e-07 -5.219574229533589446e-04 1.280827246421669535e-02
-1.309680067507201784e-06 -4.869094956410011110e-04 1.346898763848648414e-02
-4.440861550714103601e-07 -4.799935586351769187e-04 1.331507484711080130e-02
1.093389777606645907e-07 -4.907003111894042702e-04 1.264630176217904772e-02
4.483276261346702540e-07 -5.123206609204357040e-04 1.167532451647619596e-02
1.942165292478925664e-06 -5.819251919900641015e-04 9.353108873992960204e-03
2.203743087902942932e-06 -6.599868702899464382e-04 6.833690598730943200e-03
1.005942888987476636e-06 -7.001659072230501449e-04 5.470565373772655338e-03
8.344616169164709163e-07 -7.357085273125667235e-04 4.299971694055000626e-03
3.226668476852267986e-08 -7.460094882544929945e-04 3.891137111033601825e-03
-5.133430739379107877e-07 -7.385136317019490998e-04 4.015189229470965404e-03
-8.805856148708102182e-07 -7.181877323043268924e-04 4.510142741522386867e-03
1.779296353587866975e-07 -7.305737924790276991e-04 4.055458367330032343e-03
1.902743103077142450e-07 -7.412224173206569122e-04 3.646745945309337600e-03
8.230682478904682853e-07 -7.707825496071889909e-04 2.706502767466867354e-03
2.497247527211143847e-06 -8.532155456030627791e-04 2.666699674310352153e-04
2.861141544352463484e-06 -9.467689517157810118e-04 -2.443507169676437107e-03
1.712169006684582939e-06 -1.003975654278268983e-03 -4.032299402539206434e-03
9.025270600870882731e-07 -1.036231982538385159e-03 -4.839819652651067283e-03
-3.212924484241597156e-07 -1.029910159974971404e-03 -4.502282784169586716e-03
-4.878566806088002750e-07 -1.017957044053469529e-03 -3.997998457196810795e-03
-6.134799611645647133e-07 -1.001320251183880974e-03 -3.371955242623250748e-03
-5.858650475865090357e-08 -1.001935421249894580e-03 -3.259667406339684936e-03
2.771263601930584741e-07 -1.012952657681254198e-03 -3.457168108896131742e-03
1.114157686887828902e-06 -1.051305599171641764e-03 -4.439306652927542396e-03
3.069605871708347422e-07 -1.063893446823780883e-03 -4.661132594042403932e-03
-9.034517316486301297e-07 -1.038509936075658353e-03 -3.771234988358969364e-03
-1.700282598715574522e-06 -9.881991626476769458e-04 -2.174164502344040628e-03
-2.210691864235059256e-06 -9.221247289108390997e-04 -1.596154667033236607e-04
-1.220911166166516182e-06 -8.882781062951958934e-04 8.719447443260516795e-04
-5.758378778253359087e-07 -8.746512241092664619e-04 1.276562052563941230e-03
-1.679047088032348256e-07 -8.727884601846414708e-04 1.319759888649130186e-03
-5.735779173843269518e-07 -8.566500354461477861e-04 1.768093820165829444e-03
4.527947027321843620e-07 -8.726977154488971440e-04 1.279039327834484430e-03
4.372470380209492191e-07 -8.876959406944793206e-04 8.234991212072856337e-04
-2.566276557924851431e-07 -8.802491944929552101e-04 1.029367950383858199e-03
5.753366174587881687e-07 -9.001352211142634417e-04 4.490153725435278020e-04
-2.208375025070097308e-07 -8.942862402678262469e-04 6.188078380824010849e-04
-7.586259674896567162e-07 -8.721818228315915758e-04 1.263175329629925847e-03
-4.656955464588108384e-07 -8.596364389915575090e-04 1.617359482259952963e-03
-9.397770063257482320e-07 -8.323491490799298474e-04 2.384442717545613710e-03
-1.251978343996817955e-06 -7.957373085837014803e-04 3.403529076995870373e-03
-1.451689589093696497e-06 -7.529183416932049705e-04 4.574544799353708058e-03
-9.220611815186074978e-07 -7.270762005681320923e-04 5.221886641102416182e-03
-1.230025683196522834e-06 -6.908758077241029631e-04 6.143073029204908220e-03
-7.740643364062549381e-07 -6.690784730171974934e-04 6.623508766802465447e-03
-4.805991306033874366e-07 -6.550122058548877788e-04 6.858995677506026650e-03
3.526034445533454686e-07 -6.661772012705692234e-04 6.354298674377541201e-03
8.689892591062786664e-07 -6.922984093333407057e-04 5.422714685678464014e-03
5.168441259417733136e-07 -7.060152067095521941e-04 4.871992235159293416e-03
1.559612660684273067e-06 -7.526716649479147682e-04 3.388797771668082548e-03
2.325135505243380862e-07 -7.563101395343758623e-04 3.183063296890505101e-03
-6.574767971168071767e-07 -7.310635934217294025e-04 3.831805247830333272e-03
-5.931044172458044272e-07 -7.077463574555850796e-04 4.414970664221945507e-03
-5.593991709851309224e-07 -6.853689538971669860e-04 4.952977943464567656e-03
1.052797773404279269e-07 -6.843961298656072931e-04 4.855288422745560051e-03
-1.352093572659640586e-07 -6.766722215382050057e-04 4.950024379574279043e-03
3.423283531089893472e-07 -6.855864597255902429e-04 4.562975790324115544e-03
-2.498494722225075293e-08 -6.832707122160154752e-04 4.506553981744546716e-03
3.675379108836196451e-07 -6.941571991220711960e-04 4.072874197089588338e-03
-5.587834406295399958e-08 -6.915375325721299406e-04 4.038399525157190112e-03
-1.002154868756655048e-06 -6.584888242627223547e-04 4.889596087032162253e-03
-9.665179102613663531e-07 -6.261057155645204618e-04 5.704579812442749781e-03
-9.427988243437823712e-07 -5.944176032145922876e-04 6.475325223838829941e-03
-2.753687907697255355e-07 -5.839998433154174745e-04 6.606249175829869563e-03
-5.047588116369183808e-07 -5.666198934845679928e-04 6.929075460986276747e-03
-6.619894385995195307e-07 -5.457653387685970810e-04 7.346360894727069907e-03
-7.686322320843430589e-07 -5.232215908895112948e-04 7.802026362898992207e-03
-1.491123381658354674e-06 -4.786606854796531842e-04 8.882892206043182387e-03
-1.296407259876453111e-06 -4.408618224688190361e-04 9.741173690897626108e-03
-5.073364144347891624e-07 -4.279500019793640135e-04 9.849014337735158969e-03
1.304727380579961959e-06 -4.725387747216169311e-04 8.277631243569383984e-03
1.791383774318866529e-06 -5.325699977667191706e-04 6.288945915349720278e-03
1.403638379082750021e-06 -5.808846975970910313e-04 4.695496951777775041e-03
1.104715090183283621e-06 -6.205472953991057229e-04 3.403713866892900397e-03
-4.339561477939568590e-07 -6.124591174708074806e-04 3.540396361267829362e-03
-1.445926113508022581e-06 -5.727135244745899280e-04 4.604487503404659093e-03
-1.441875943974935126e-06 -5.326057405557627772e-04 5.654372877291841126e-03
-2.078127254279138469e-06 -4.711073819640807132e-04 7.294268159509006283e-03
-2.465894319403361123e-06 -3.957856864235803629e-04 9.291486272496016913e-03
-7.277798056426476592e-07 -3.747853909839764068e-04 9.652734900964941162e-03
-8.970426684795640426e-07 -3.478481678667296254e-04 1.016368938049864307e-02
3.011500947502909753e-07 -3.590218895695540362e-04 9.551980930927423535e-03
1.062772517324006571e-06 -3.942415001426322063e-04 8.249891417630050849e-03
8.722928619420144969e-07 -4.241213217257727187e-04 7.136926747180312447e-03
7.163488880967960881e-07 -4.498363404347250141e-04 6.179275353139244975e-03
-6.598136503832563449e-08 -4.510048413646078336e-04 5.965105908373499743e-03
6.262595675377014004e-08 -4.569638094240702046e-04 5.623244655678392989e-03
-5.210730361637772035e-07 -4.444941900039189875e-04 5.826870779794761368e-03
-2.535381088408783512e-07 -4.402710812845679438e-04 5.787468063933900314e-03
5.634485945593681322e-07 -4.618742290163442218e-04 4.995090713238285046e-03
1.721631843976112464e-06 -5.199821728910504308e-04 3.156951770116496470e-03
1.122685845955651018e-06 -5.588400172346508904e-04 1.926913531649365741e-03
6.934469529706888125e-07 -5.837560388802832696e-04 1.142878635320317138e-03
-2.686285931474685640e-07 -5.779533946406202865e-04 1.280203772208141771e-03
-2.549342479341021317e-07 -5.720017197197444555e-04 1.422955333219993318e-03
-1.560582268633758929e-06 -5.241558405263747368e-04 2.783260205117904507e-03
-1.091841172029539564e-06 -4.907319703759802001e-04 3.689829281149917956e-03
-7.789553353454437001e-07 -4.672000667557494463e-04 4.278759043580562804e-03
7.824292735936211329e-08 -4.712661692272599422e-04 4.043589363441294632e-03
-3.068656750926379573e-08 -4.722468910416152254e-04 3.900663366100558249e-03
-7.670844962559542068e-07 -4.509864812498043385e-04 4.412074616991102510e-03
-5.935507638721304602e-07 -4.354250148289981904e-04 4.745161783280806012e-03
-4.818715624299585443e-07 -4.230210356502652792e-04 4.974868027001970450e-03
2.393212882312312217e-07 -4.331849368926347400e-04 4.538239625781700232e-03
6.912713934603686994e-07 -4.575199163682050398e-04 3.697115954996235687e-03
9.581726763130404834e-07 -4.907109173465876856e-04 2.620227293700157223e-03
4.466539376135614248e-07 -5.080174169454459814e-04 2.037669708735471985e-03
8.963738684641953114e-08 -5.145629474278695398e-04 1.789157882335294658e-03
-1.595063560122511603e-07 -5.134182705554218937e-04 1.774091932889399620e-03
3.186570592950133118e-07 -5.277951770106942535e-04 1.307143007062163548e-03
-4.266296349531017995e-08 -5.308859745467196193e-04 1.181527978201129397e-03
-2.920186424892889931e-07 -5.256474045881478867e-04 1.304207533473367847e-03
8.406071240196766325e-07 -5.558055399164818933e-04 3.895529753119506000e-04
8.950545399288856174e-07 -5.873525921988322594e-04 -5.434765088775626862e-04
2.449866819409507457e-07 -5.984854098940468187e-04 -8.521721024473648265e-04
-8.513823189781888345e-07 -5.747914541877057349e-04 -1.309096287742429754e-04
-9.121833542957702434e-07 -5.487187069188386931e-04 6.428251183478277120e-04
-1.599957783926519994e-06 -5.002028377457438078e-04 2.050212392832248542e-03
-7.257753015244006178e-07 -4.781676052372436144e-04 2.643807469615084421e-03
-1.544019574417632157e-07 -4.732066839153665008e-04 2.717102653778131344e-03
-4.438720555555164538e-07 -4.587275592534746128e-04 3.064659533317238421e-03
1.548225758707388877e-08 -4.595797914032540184e-04 2.955057316705821807e-03
3.017838868801803187e-07 -4.706418395883692554e-04 2.548466971686359078e-03
4.692896288238657121e-07 -4.880398860169225979e-04 1.967352047795314918e-03
-7.483523450924067788e-07 -4.678196090970956379e-04 2.503510180693960252e-03
-8.880286911372436975e-07 -4.429739275562316267e-04 3.162990764569970775e-03
-1.625544939543033252e-06 -3.938090505644759563e-04 4.514856146380395036e-03
-7.808730237979233380e-07 -3.702666166533175561e-04 5.079260592353064541e-03
4.268288554820642844e-07 -3.835020258962319652e-04 4.547402572278036459e-03
1.194538322479843373e-06 -4.196216606142241443e-04 3.357158859469733941e-03
1.659115978602798691e-06 -4.703354585570717651e-04 1.772664172281106232e-03
-4.060901737101829667e-08 -4.671929916010204333e-04 1.809838870640043812e-03
-5.089383431355898324e-07 -4.495900669683986373e-04 2.275000433650361392e-03
-2.120819140083440857e-06 -3.815878374321211158e-04 4.203655371634064386e-03
-1.836140727573543074e-06 -3.227073334032216825e-04 5.813295789282264120e-03
-2.927809731323449682e-06 -2.293063089392000445e-04 8.385219988711233724e-03
-2.936829869515378277e-06 -1.349881588087850810e-04 1.091107845448574011e-02
-1.585706059126223977e-06 -8.276767259545836190e-05 1.212956575955131781e-02
-6.781902203156775499e-07 -5.856808561364437379e-05 1.248715487703757135e-02
-7.300593549697254048e-07 -3.257338342532137450e-05 1.288396464428302052e-02
5.504000675227160855e-07 -4.741293323698610174e-05 1.207349298573112337e-02
7.170452461791043675e-07 -6.892702455738833507e-05 1.108793806899030683e-02
8.056647188281473859e-07 -9.441890724894109674e-05 1.001427336841905109e-02
8.411205851821534907e-07 -1.219866105557794716e-04 8.911065272595407316e-03
1.884618892056266759e-07 -1.293495170123671201e-04 8.431897954189604763e-03
4.045113717321413560e-07 -1.437452387724892210e-04 7.762560636017256169e-03
-1.219152681031232532e-07 -1.409656747067991687e-04 7.615197729708164318e-03
-4.696738158393998219e-07 -1.267940364141895409e-04 7.807404144622684047e-03
-4.133426223518199549e-08 -1.257561901292986780e-04 7.609945482885172724e-03
8.846098860093576377e-07 -1.541395542944943870e-04 6.555088778323201609e-03
8.113530030051663289e-07 -1.806380890098226253e-04 5.584141330053405544e-03
1.391895724678349211e-06 -2.253856022825929777e-04 4.106851338233937290e-03
1.081758299048551919e-06 -2.605597334802943477e-04 2.952293984521374079e-03
1.962280271605720827e-07 -2.680189832510691816e-04 2.644985726556444219e-03
2.577479880638833265e-07 -2.777657988385208530e-04 2.281832610667298977e-03
9.356605897847813935e-07 -3.094746940623344187e-04 1.285324464152285198e-03
1.349088119106944816e-06 -3.551713208308634410e-04 -9.349373135890404196e-05
1.580823926872199081e-06 -4.089450733112110197e-04 -1.669596933154497004e-03
1.036042177160467759e-06 -4.461924511935291392e-04 -2.715108857005710252e-03
-6.573211550620072785e-07 -4.304421398970666515e-04 -2.174109000070718195e-03
-1.108294316876090591e-06 -4.006086158298521709e-04 -1.232454365431866206e-03
-7.389768723609080325e-07 -3.821455815756352736e-04 -6.513542727486429373e-04
1.584943427612728328e-07 -3.916294314364746542e-04 -9.081353572391002993e-04
-5.748964327922934103e-07 -3.786877945534357966e-04 -5.007418925733336801e-04
-3.998907462943179780e-07 -3.717859445982143367e-04 -2.812722872106848682e-04
-9.403717038392045424e-07 -3.480512844122427181e-04 4.253688742609351009e-04
-2.588640526712815415e-06 -2.718076817102691757e-04 2.653097257011596127e-03
-2.967524648234132201e-06 -1.825422717936734524e-04 5.200009504887553868e-03
-2.508752535601566080e-06 -1.060833287075228781e-04 7.296352677930417405e-03
-2.163647045083649800e-06 -3.952823477833830937e-05 9.039539313396911802e-03
-5.933971886085132041e-07 -2.192100533581929286e-05 9.294032799683986379e-03
-2.125401897812295715e-07 -1.608470928837237024e-05 9.193009124786318681e-03
6.896883233409312197e-07 -3.886109894279780874e-05 8.254482490983192089e-03
6.084808811257502725e-07 -5.973035896301515449e-05 7.398274441978164827e-03
5.393529942665509225e-07 -7.917839559032921817e-05 6.609160114050053464e-03
1.131711001023383290e-06 -1.172328486267134890e-04 5.296941663947151921e-03
1.854579787519128331e-07 -1.255439594281487856e-04 4.895781882700137901e-03
8.643646315364961197e-07 -1.545005099712680290e-04 3.901456539256307338e-03
1.284454159256043226e-06 -1.966058767146603749e-04 2.549474670708262725e-03
1.526402485851896529e-06 -2.471077443734280132e-04 9.903169655769098606e-04
9.937157005035501811e-07 -2.821846015511118681e-04 -7.018992132846839371e-05
6.182422769285267350e-07 -3.069277111138416642e-04 -7.952264472433218101e-04
3.525646856683550823e-07 -3.236327800749719784e-04 -1.262526872732393224e-03
-4.889307037014845037e-07 -3.138093999839895775e-04 -9.366216164933324068e-04
-3.837091285818772235e-07 -3.059845084166511490e-04 -6.781674858005702633e-04
-3.151520981958810808e-07 -2.991559451342559652e-04 -4.567057801112394538e-04
-2.717162879140033738e-07 -2.918443429323249860e-04 -2.277876953326457565e-04
4.072688621903353123e-07 -3.039952747224710554e-04 -5.773641007651188206e-04
-4.708761930372062920e-07 -2.876157570837717219e-04 -7.930157890465548698e-05
-3.893096933715867181e-07 -2.732115487329083792e-04 3.471251499822889525e-04
3.172388142180793125e-07 -2.803809670807850228e-04 1.271836291230950960e-04
7.645827895252921280e-07 -3.019554759153874127e-04 -5.100991557934371479e-04
3.805581736404661797e-07 -3.120459765427217392e-04 -7.917726243456008756e-04
1.141126250159274491e-07 -3.143175425168223116e-04 -8.350394640605600383e-04
-1.375741170761557441e-06 -2.702746183745941867e-04 4.837639641534774437e-04
-1.022355485824633092e-06 -2.370453327041943453e-04 1.447593884543208267e-03
-7.778009120107398644e-07 -2.114277402209870788e-04 2.159057793125768870e-03
-1.261505361505044220e-06 -1.703116393462607509e-04 3.304526399422316740e-03
-2.517821261482922068e-07 -1.602854251491479028e-04 3.503371631829231211e-03
4.070674900491511039e-07 -1.708627110691667960e-04 3.090062913947184617e-03
8.233506230137521698e-07 -1.952059697667431985e-04 2.283913843974022875e-03
-2.331951131084863960e-07 -1.871528472408316365e-04 2.452820374620991867e-03
-1.576981052409109907e-06 -1.377756046072874411e-04 3.831939456304311528e-03
-1.121801901149410696e-06 -1.030069192784152134e-04 4.742537735218488315e-03
-8.063595161589276472e-07 -7.805278003078703654e-05 5.337425181428941991e-03
-5.880124999135816211e-07 -6.002256120515858662e-05 5.711052239236272601e-03
-1.089949324573069589e-06 -2.681586738020012850e-05 6.519442647007763630e-03
-9.278276391633255571e-08 -2.563214114357744485e-05 6.363615471045671636e-03
-9.553818058893881471e-08 -2.554124851519476956e-05 6.179397693013265365e-03
5.547511204850863464e-07 -4.674117274649266639e-05 5.374947618180607976e-03
9.650844641218014885e-07 -8.084859837546236154e-05 4.214183708732347801e-03
5.570038738023086466e-07 -1.020025028463935560e-04 3.467867790898287311e-03
2.753669670063629837e-07 -1.142566997913862679e-04 3.005423758453092120e-03
-5.711269889241421538e-07 -1.003391489850471345e-04 3.326036770544144212e-03
1.897524870564382127e-07 -1.099891886381149011e-04 2.945187847334271476e-03
6.788322096662469107e-07 -1.349830462392323646e-04 2.124019460986111690e-03
9.801822486998901240e-07 -1.692291172294722390e-04 1.054690088654520845e-03
4.993318495349896580e-07 -1.872174645183321585e-04 4.943486772246239586e-04
1.700811383953393374e-07 -1.932759025156992414e-04 3.014569419772846620e-04
5.993324183606318911e-07 -2.113249984503034855e-04 -2.379333734373548920e-04
8.618836121465633937e-07 -2.364103991848544913e-04 -9.685485026478708737e-04
1.009774452942480139e-06 -2.659482843194902694e-04 -1.808626342516980734e-03
4.261928649995638807e-07 -2.772506003426967146e-04 -2.088076391833153939e-03
6.824824482221103494e-07 -2.970435819243152486e-04 -2.608409774033230641e-03
8.286323472939116641e-07 -3.218862126243027819e-04 -3.262032795101382082e-03
-4.066709621275421682e-07 -3.084606207561790825e-04 -2.771679333484570670e-03
-5.598632557557436940e-07 -2.907235804539173548e-04 -2.168178246930009198e-03
-2.947681987386374658e-09 -2.903134920865713033e-04 -2.091717111197512885e-03
3.534377142067057775e-07 -3.015368321298924790e-04 -2.359793739963894632e-03
5.714736213136006882e-07 -3.204405663834684068e-04 -2.845951720674177662e-03
6.944218861049122893e-07 -3.442773511702020050e-04 -3.462935857471672110e-03
-1.206936805386860101e-06 -3.093116398628687922e-04 -2.333224951426545249e-03
-1.125831818660216754e-06 -2.769278858015687596e-04 -1.311580303891737853e-03
-1.057135975868206401e-06 -2.466038428901908821e-04 -3.806209037325453126e-04
-9.972922230261360710e-07 -2.175833033814829473e-04 4.845270234423784683e-04
-2.906904306154700635e-07 -2.102333597272480889e-04 6.870800101743661931e-04
1.711437571660923140e-07 -2.171315469834652137e-04 4.644098541264282676e-04
4.637071916446799946e-07 -2.331370677979072766e-04 -1.969966372462363113e-05
6.395409591908318703e-07 -2.550962766903467531e-04 -6.647195369479837190e-04
-5.711646834383188320e-07 -2.390570624681179028e-04 -1.737133693807159374e-04
-5.006387227002306872e-08 -2.389932887959832827e-04 -1.662391335585256674e-04
2.853958751547480688e-07 -2.496565415569060461e-04 -4.745976380649899462e-04
-1.605451508401856131e-07 -2.469471970709503439e-04 -3.808532150423784429e-04
1.986034591228147406e-07 -2.557447232410435750e-04 -6.279882756132764560e-04
-2.301517911806882921e-07 -2.512944767775411093e-04 -4.785153708106691661e-04
1.416546258070638942e-07 -2.576365829517749035e-04 -6.506179780802756607e-04
3.756113032826746689e-07 -2.707465465125489601e-04 -1.016802489291313005e-03
5.145829566899351448e-07 -2.878503044716869885e-04 -1.489733376806950255e-03
-6.487822534761988891e-08 -2.861562045244941043e-04 -1.396114180946638264e-03
2.045871521083597599e-07 -2.927065481842161185e-04 -1.547371842545533852e-03
-9.367801870885372750e-07 -2.637738328760323801e-04 -6.509701698256854796e-04
-3.631049083629989127e-07 -2.530423643863076205e-04 -3.156198579317426312e-04
1.308154329304755947e-08 -2.538293425637361787e-04 -3.290993364932198045e-04
-4.006584419791181517e-07 -2.406659030516268452e-04 6.780201096383102477e-05
-6.685871087874772911e-07 -2.182718383527767103e-04 7.246119363121632240e-04
-1.821126640599857183e-07 -2.103775611162039382e-04 9.358682475970100251e-04
-5.191329445208836546e-07 -1.914545865840863986e-04 1.464976887504986815e-03
-8.037308230068873627e-08 -1.853904602531799813e-04 1.600545403334320028e-03
2.031108891076272016e-07 -1.880525086653776355e-04 1.475395650036596604e-03
-9.274589380936504313e-07 -1.552502672438084690e-04 2.396528494114005120e-03
-3.450846793873196816e-07 -1.407090011757432431e-04 2.754129615530074952e-03
3.822114746920846073e-08 -1.386207977762390561e-04 2.734820137064835829e-03
2.837214302386925624e-07 -1.445536756675787544e-04 2.480060445209702515e-03
4.340688687376470511e-07 -1.554362969804541791e-04 2.087147866734282570e-03
-1.344821568549647850e-07 -1.482849034060553049e-04 2.235939652007884471e-03
-5.078355265197842527e-07 -1.295129278605807160e-04 2.722277503994602506e-03
-9.236537423795709856e-08 -1.240034035961949557e-04 2.804522072415896461e-03
1.768099185950333663e-07 -1.275002429367524297e-04 2.619371426580884010e-03
-3.086118461892439768e-07 -1.161938643609219252e-04 2.874788952624120729e-03
-1.277210202377254689e-06 -7.463689628778465406e-05 4.012312806943515130e-03
7.261691804538727979e-07 -9.579325574512299142e-05 3.272808411993509935e-03
-5.970182227477138781e-07 -7.637011489669993112e-05 3.747437668897458420e-03
-1.461089851328978284e-07 -7.159104035262691974e-05 3.778034231761912172e-03
1.481896381161362797e-07 -7.633898577374129482e-05 3.527405694428860719e-03
3.341325339745182532e-07 -8.748367458342955118e-05 3.095958378152567636e-03
4.453216245758895298e-07 -1.028435874088483738e-04 2.553195349843794849e-03
-1.484068838930596712e-07 -9.964695907213063329e-05 2.571978084174367934e-03
-5.372562695837856950e-07 -8.401998315826336152e-05 2.955921398606323539e-03
-1.304836632076700198e-07 -8.106342290429982902e-05 2.956129457593597611e-03
1.346127884715997425e-07 -8.669458145047327993e-05 2.703676473573441222e-03
3.017013695538750540e-07 -9.807270854811085507e-05 2.289574385455653456e-03
-2.524177287188678065e-07 -9.278814056967222852e-05 2.377603860035158376e-03
-1.266645827113777045e-06 -5.511941792343577921e-05 3.415480163085185365e-03
-5.995840672845531572e-07 -3.735723749427577976e-05 3.837702773510198728e-03
-1.538884002449947275e-07 -3.281370588120307045e-05 3.858582334115962485e-03
1.382479807299219488e-07 -3.684907607247778390e-05 3.626436376649447117e-03
3.240559419692701226e-07 -4.665300856181582275e-05 3.231416904246720012e-03
4.364324593941759645e-07 -6.026625196252252377e-05 2.735957008615334807e-03
-1.553918259622477649e-07 -5.589916345344016950e-05 2.783814868327886931e-03
1.118191131910251102e-07 -6.033184218538827038e-05 2.571637983352879041e-03
2.814458621713811226e-07 -6.984719787514736275e-05 2.216133206819818555e-03
3.837042191756623311e-07 -8.270428170647272379e-05 1.772781161560249737e-03
4.396380438587144113e-07 -9.768958195752408752e-05 1.279866596397605076e-03
-1.898300523439644394e-07 -9.312922505650539622e-05 1.376253836331639384e-03
-6.008740675023105382e-07 -7.587814980413440987e-05 1.843181433553339223e-03
-1.514257063295332273e-06 -2.986568524590170123e-05 3.142310246020766848e-03
-7.755118237584568419e-07 -6.666113057856757566e-06 3.732488744550658058e-03
-2.785683278494488491e-07 8.849941353306295735e-07 3.844930315630512921e-03
5.047559392679090706e-08 -2.221719481535931393e-06 3.640516179236381270e-03
2.631092869131990142e-07 -1.209936116183747733e-05 3.242903848144945006e-03
3.952055441791557655e-07 -2.646156482468743111e-05 2.725060548289679353e-03
-1.820557562481894820e-07 -2.248391034100733713e-05 2.761797785496087742e-03
-5.575867407792145514e-07 -6.632717556262577446e-06 3.146778876444752526e-03
-7.933443927354844050e-07 1.660580102357081837e-05 3.737772378485276423e-03
3.751806554319614406e-07 3.708771579425784292e-06 3.248619688678702072e-03
4.766536918499042486e-07 -1.218990362934719912e-05 2.685377372707866382e-03
5.319606557474543251e-07 -2.996544061241955808e-05 2.083496758954820217e-03
-9.822023261385481874e-08 -2.801473534165180692e-05 2.079490360617108468e-03
7.977283283944203163e-07 -5.404415421343114131e-05 1.252763800701672987e-03
7.114578527422921184e-07 -7.783414288389491542e-05 5.160941963369232097e-04
-1.578188402184821371e-08 -7.863919405242303286e-05 4.771310508923402513e-04
-1.147548989610669423e-06 -4.395850736678728410e-05 1.483132370944601278e-03
-1.212592121824229707e-06 -6.985678844762292176e-06 2.527107810806132528e-03
-1.231969770310037404e-06 3.069886596848735768e-05 3.561308443708693493e-03
-5.664153786000269974e-07 4.760767013464750098e-05 3.954021151794356870e-03
-1.199213724989434127e-07 5.070830452868119219e-05 3.928955965905425556e-03
-4.795376270516626960e-07 6.524620332958963424e-05 4.240962863356644887e-03
-5.087721899332819930e-08 6.648036372521574531e-05 4.152543188306112749e-03
2.307461777206754050e-07 5.869903821587312172e-05 3.801509520219119743e-03
4.104175893582251433e-07 4.529980851336595912e-05 3.295528525842350391e-03
5.195600567553526616e-07 2.904545205480282876e-05 2.720427085787341728e-03
5.800738829275786657e-07 1.020042621909081392e-05 2.086056665784479392e-03
6.072214353558536004e-07 -9.389365745550274939e-06 1.448424892549530617e-03
-6.964272485365796683e-07 1.151065858677035453e-05 2.020473028390541714e-03
-2.277237696191036775e-07 1.783929176445018172e-05 2.147237149705326885e-03
1.390921777311149299e-06 -2.653116893866269482e-05 7.790171728228236642e-04
1.112136212788605860e-06 -6.298656116341728485e-05 -3.162955370644986337e-04
-4.027790941885101006e-07 -5.251292565167244670e-05 9.719954584853918167e-07
-7.925546596787569342e-08 -5.172350757010974126e-05 2.418594875363676983e-05
1.321481615246256069e-07 -5.747043848801109550e-05 -1.455621405110686141e-04
-3.882098079666107537e-07 -4.716576724897279674e-05 1.618026794486179809e-04
-6.832392329680914145e-08 -4.695681484243675917e-05 1.632132228872921163e-04
-5.134379883475759243e-07 -3.275586490293180657e-05 5.761110799705091920e-04
-1.414603337801523253e-07 -2.926761676556394404e-05 6.617859374687406777e-04
1.034912940900412082e-07 -3.304341534834427533e-05 5.312595542898859800e-04
2.603724473804192030e-07 -4.167894831008574783e-05 2.616185567724743991e-04
1.010500978337880440e-06 -7.388773868683502690e-05 -6.934716805821533256e-04
8.247173092224002744e-07 -1.008323172741094637e-04 -1.465669231192779504e-03
2.990870628938324671e-08 -1.035354468108602873e-04 -1.502108336664661255e-03
1.609911541855524320e-07 -1.102440798406346294e-04 -1.655250447728177053e-03
2.408656416541532508e-07 -1.195643112425217008e-04 -1.880709740034351013e-03
2.854929150863938503e-07 -1.305259635156729694e-04 -2.147820299678000235e-03
-3.482283723599266523e-07 -1.220686038402277358e-04 -1.835888885107058756e-03
-1.043631183694770925e-07 -1.213903094256731823e-04 -1.761916861146256390e-03
5.458561225246683080e-08 -1.255374340765208767e-04 -1.832067450490672267e-03
1.547570670501485779e-07 -1.324667001058629605e-04 -1.981994042828923511e-03
2.143712101165817785e-07 -1.403613631002447295e-04 -2.155908986561676753e-03
2.461259871466836557e-07 -1.488013248197393300e-04 -2.340744205394608077e-03
-1.049697429533757997e-06 -1.167283527845098005e-04 -1.328515338502133172e-03
-1.224654174403205786e-06 -7.888246925197864518e-05 -1.762127081047595335e-04
-1.316286260322208079e-06 -3.795954039816367039e-05 1.032700507978596798e-03
-4.214652937761798057e-08 -3.658636611133403048e-05 1.042770795230138622e-03
1.371581171971669733e-07 -4.069786560802955656e-05 8.911693011500257389e-04
-4.036012014596579434e-07 -2.768391231178099704e-05 1.247726905670301775e-03
-1.404446118957736189e-06 1.709982122011536806e-05 2.528249783545638736e-03
-7.223841630432659144e-07 4.080779484668322710e-05 3.151255838578932364e-03
-9.154209575923388797e-07 7.040288658681108152e-05 3.929053153528826864e-03
2.864381842826446700e-07 6.244575695143783937e-05 3.579483511084612622e-03
4.136797496778754635e-07 5.041981926841250300e-05 3.120464419258919993e-03
4.892938731959617371e-07 3.534180992364500951e-05 2.585177744207282739e-03
-1.250887660120270084e-07 3.871940343172974777e-05 2.608446557728811427e-03
1.302018280968653130e-07 3.410335573119516054e-05 2.395950774426278303e-03
2.950086254172035183e-07 2.494140835523455920e-05 2.055988697798343760e-03
3.971200451813317045e-07 1.320156166601167171e-05 1.650202005452035877e-03
4.559167298134880753e-07 2.423112136434131189e-07 1.220486235517157653e-03
4.849147900998218574e-07 -1.341125105792982750e-05 7.829923364177680334e-04
-1.609235861232960474e-07 -7.023219345490491500e-06 9.478188032451628862e-04
7.280343627957819308e-07 -2.793890495925654104e-05 3.047925202780141576e-04
6.397909624311637344e-07 -4.626491187655323292e-05 -2.431946843101740266e-04
-8.663827422150660595e-08 -4.227731328508945504e-05 -1.187887493509327472e-04
-5.616503909733339128e-07 -2.369389344376301521e-05 4.312715105709097677e-04
-2.077393663757476361e-07 -1.624729175206895103e-05 6.376272876038185673e-04
6.817536424286174679e-07 -3.676197067701148912e-05 1.552647948165064573e-05
-6.002670982496738361e-08 -3.477334754399649848e-05 7.352642238522529364e-05
-1.200104150056446883e-06 3.140030916094337793e-06 1.186428757761669823e-03
-6.136693425640160626e-07 2.331600484110630785e-05 1.744971380345813547e-03
-8.721946604950403525e-07 5.084186392259186808e-05 2.503229843359537198e-03
2.856117017335790820e-07 4.187378367872466711e-05 2.165874158765961673e-03
3.834098865063140238e-07 2.995459429598281874e-05 1.751594081586563007e-03
-2.148541752289290230e-07 3.651748029043168278e-05 1.893070163806629454e-03
7.071591220375594844e-07 1.433057315439200969e-05 1.184854232085352397e-03
6.416345825766001099e-07 -5.844873157621205146e-06 5.565948595343647894e-04
-6.942581343150067141e-08 -4.092930094519008771e-06 5.917206094540826931e-04
1.204748247829456886e-07 -7.933193005478468215e-06 4.613646038995125598e-04
2.416646029956837083e-07 -1.550922856850256155e-05 2.249670282484213593e-04
3.153008117928735032e-07 -2.552520213898028809e-05 -7.624012825533884631e-05
3.561421501041550641e-07 -3.707790482036709355e-05 -4.137855386604719771e-04
3.744827149487761631e-07 -4.994583843570166875e-05 -7.800846873456100151e-04
3.775012470397243192e-07 -6.355418513175476987e-05 -1.157388229917706048e-03
3.702024556906380326e-07 -7.709632458753607051e-05 -1.521648720550315172e-03
3.560737721342022155e-07 -9.043304565950978954e-05 -1.869153027717306015e-03
3.375435781993729734e-07 -1.034693816682410875e-04 -2.197601253295801849e-03
3.163009347773027002e-07 -1.161413683962376944e-04 -2.505672898781066953e-03
2.935186870223205347e-07 -1.279994359176095777e-04 -2.780744802414620784e-03
-3.847332044060181033e-07 -1.188028579483590226e-04 -2.428492827512739732e-03
-1.688402327948423931e-07 -1.162376253910032986e-04 -2.281625880443823983e-03
-2.647897723306869011e-08 -1.181519153076709527e-04 -2.270826799004841551e-03
6.490127268943268746e-08 -1.230455545169003998e-04 -2.347971354371506877e-03
1.210317632782675901e-07 -1.298737181193942124e-04 -2.479743351339565045e-03
1.528849151721800581e-07 -1.370947101920332056e-04 -2.619191187216728112e-03
-4.866899201427798971e-07 -1.237214587967287477e-04 -2.148853165465715396e-03
4.116067336967788037e-07 -1.372771741521910884e-04 -2.484321803398854226e-03
3.342410640483350903e-07 -1.484803623044331331e-04 -2.740744011984869513e-03
2.741614778534184893e-07 -1.579505727802852960e-04 -2.938656045632597087e-03
-4.284015201472257672e-07 -1.453670981886229555e-04 -2.482152457628453851e-03
-1.537377163574049632e-06 -9.726465996889375304e-05 -9.944671127503370255e-04
3.849275503897686690e-07 -1.079080672690158489e-04 -1.278201855516461136e-03
3.243963567767238487e-07 -1.161407541251885747e-04 -1.482720491653984323e-03
-1.033640005143610097e-06 -8.236645245779421675e-05 -4.458355216583964956e-04
-5.940380383151477872e-07 -6.211529261626250317e-05 1.628729933085613750e-04
1.014396995846489347e-06 -9.189107107157949413e-05 -7.175611802784538640e-04
7.358732482254382035e-07 -1.131831547392016669e-04 -1.322639752607838049e-03
5.365169365445510152e-07 -1.285118391207751331e-04 -1.734539481069274046e-03
-9.171839192578801203e-07 -9.895381913584777405e-05 -8.142727238956062180e-04
-5.430041305487520731e-07 -8.091686936198372413e-05 -2.598572145513316188e-04
-2.887172350085620565e-07 -7.084357605315413789e-05 4.404479635603149312e-05
1.192051098386492924e-06 -1.069299515637195765e-04 -1.018464543143769718e-03
8.259045292113853520e-07 -1.318647228392103455e-04 -1.721814567572151067e-03
-7.431035390359497228e-07 -1.087248699585763529e-04 -9.906938937809055788e-04
-4.481753114182751574e-07 -9.487387510630432698e-05 -5.542063514536095005e-04
1.061999878593233859e-06 -1.276974383333416227e-04 -1.503158754497104649e-03
7.172844864733463055e-07 -1.497553866830162600e-04 -2.107644352622227955e-03
4.740867833863404712e-07 -1.642928237270013954e-04 -2.473181179421348949e-03
3.019684168270586611e-07 -1.739824153941000738e-04 -2.685399273522685176e-03
-1.130408495697565741e-06 -1.391969567204635807e-04 -1.583468065458504270e-03
-7.387884691789636804e-07 -1.154234326790284796e-04 -8.377500239599346837e-04
-4.698536822944632263e-07 -9.932882653484110711e-05 -3.397869904265458062e-04
-2.863852512913211967e-07 -8.817973710004094038e-05 -1.907579482408015836e-06
1.147757725639131365e-06 -1.215571051789978102e-04 -9.833610085177744639e-04
-5.587057710920717568e-07 -1.024813446164335988e-04 -3.934929204566311144e-04
-1.012616503648366972e-06 -6.894578338799115284e-05 6.042818788581610749e-04
-6.362847030372265067e-07 -4.716062256622892537e-05 1.227177715717148610e-03
2.768089639726412088e-07 -5.387920926581298811e-05 9.935428100575089544e-04
2.128656838573661503e-07 -5.863109592006944201e-05 8.245913659639782581e-04
-4.900217074332857692e-07 -4.168704885815170528e-05 1.298611135363909614e-03
-2.868653200538417991e-07 -3.102738789465804374e-05 1.573903864455434513e-03
-1.491565396749550132e-07 -2.473886579885027648e-05 1.712555467521458766e-03
-5.699167560102580410e-08 -2.148487566018189706e-05 1.757890975187779287e-03
3.524874392368815279e-09 -2.033098187156220861e-05 1.740134250223847453e-03
4.209366077922993554e-08 -2.062366086967941088e-05 1.680359266777756762e-03
6.548601794165165302e-08 -2.190563511148340504e-05 1.593249123944798359e-03
7.842786842182647433e-08 -2.385675214041690754e-05 1.489022514231164163e-03
8.421680786074858815e-08 -2.625270366306323405e-05 1.374779108430534101e-03
-5.700760358218204260e-07 -8.616493350696152048e-06 1.852954791242973675e-03
-3.329817904740295376e-07 1.608502915657742706e-06 2.099148777324410468e-03
-1.715971424953721680e-07 7.107610778991468436e-06 2.199128489787908862e-03
-6.294564880438002774e-08 9.336034911970389071e-06 2.199988895576109309e-03
9.017092184038233427e-09 9.311424797629777009e-06 2.134570447682038706e-03
5.549462800402693574e-08 7.745689158709064058e-06 2.025756930632239758e-03
8.430988429619645785e-08 5.137081912728527896e-06 1.889476290935717317e-03
1.009248337124901695e-07 1.834515988537443196e-06 1.736796442319990183e-03
-1.856772092190261958e-06 5.943200386037273807e-05 3.379380003390102839e-03
-1.791445618293252551e-06 1.152369700909840840e-04 4.920981331791128913e-03
-1.055940438421387739e-06 1.484639999380252219e-04 5.753337681458940353e-03
-5.506492258833262099e-07 1.660351900880516413e-04 6.100842262469408604e-03
-2.059979379298582103e-07 1.731958794078425649e-04 6.131996504060008811e-03
2.661204900888947122e-08 1.740059007760809753e-04 5.975486482333276957e-03
1.811295815556945854e-07 1.696482607249274869e-04 5.671627947464464789e-03
2.812713753019835394e-07 1.617946781257962826e-04 5.273905006160669803e-03
3.436072275597723547e-07 1.524287347927484007e-04 4.843403475324198001e-03
3.797147217765584060e-07 1.420960724174696475e-04 4.397137685540645699e-03
3.976840988739738236e-07 1.303663517320776592e-04 3.922918631529866661e-03
4.031693028316851724e-07 1.177826814929556327e-04 3.437532888139111387e-03
-2.553048005227154249e-07 1.250292231982125149e-04 3.549511178217314156e-03
-2.478084548673820109e-08 1.256594019898075955e-04 3.463655179524729663e-03
1.283965377352203063e-07 1.217803214620590555e-04 3.247731620100181068e-03
2.277399241412680908e-07 1.148670288169922188e-04 2.948938508635745408e-03
2.896765793902744690e-07 1.051379882575253675e-04 2.576137704541705837e-03
3.256840565013519040e-07 9.358813400667774247e-05 2.160757069713302100e-03
3.437819025009503093e-07 8.172576806667370569e-05 1.748400088143261134e-03
3.495736331515786333e-07 6.976348112735865944e-05 1.345232455755792072e-03
3.469745856188310995e-07 5.703671401285575842e-05 9.314419024879030690e-04
3.387203604265920376e-07 4.392207418121006103e-05 5.184121115341996239e-04
3.267220090030775737e-07 3.068206179637083825e-05 1.138399189456987433e-04
9.678496937226555019e-07 -2.797114627650464222e-06 -8.739558968585106787e-04
5.711353245896333419e-08 -7.767893146078304074e-06 -9.944279113269930206e-04
-5.416899598875701827e-07 6.176070069660431370e-06 -5.551885701280305854e-04
-2.681547652816362870e-07 1.204860642728958686e-05 -3.662048308162166787e-04
-8.361388259547908319e-08 1.240792219857296324e-05 -3.448868037741914419e-04
3.894830702400042810e-08 8.230443708930702601e-06 -4.575968784408457270e-04
1.184069544635235616e-07 1.850851445229525051e-06 -6.317411347302173338e-04
1.679495207351777708e-07 -5.534887535532065795e-06 -8.303457677466296368e-04
1.967893583643132160e-07 -1.351292884798941068e-05 -1.040524142256218443e-03
2.113628938538170132e-07 -2.220174270410431240e-05 -1.265422213006951258e-03
2.161660501709405935e-07 -3.126504096794578485e-05 -1.494718639308730435e-03
2.143386365061061838e-07 -4.006309714331339846e-05 -1.709471616545796572e-03
2.080726606568106263e-07 -4.857105531909353710e-05 -1.909379041371078332e-03
1.988976270350661935e-07 -5.677338350523980590e-05 -2.094421169168443966e-03
1.878798890908583985e-07 -6.466108378103455588e-05 -2.264770812866126123e-03
1.757619558784284663e-07 -7.222981802099472136e-05 -2.420732668283619073e-03
1.630598454038789669e-07 -7.947859000349320551e-05 -2.562700625697355260e-03
1.501311241991487577e-07 -8.640880954151637238e-05 -2.691127685858826085e-03
1.372224668338972720e-07 -9.302362607145855835e-05 -2.806504725413284593e-03
1.245029038754452699e-07 -9.932746386246489763e-05 -2.909345526948899693e-03
1.120870700699327926e-07 -1.049193829600853856e-04 -2.988227732581580018e-03
1.000514644466932168e-07 -1.099418830855514986e-04 -3.048047061615033731e-03
8.844582766176500854e-08 -1.144967716619799570e-04 -3.092357850296233602e-03
-1.234223413359991639e-06 -7.808827777095745510e-05 -1.930941964479567429e-03
-7.664310328614476475e-07 -5.575851601404220907e-05 -1.217641806444553707e-03
8.666344596397479449e-07 -8.373635900424191520e-05 -2.004461477650350178e-03
6.076034378965644578e-07 -1.040041256460522536e-04 -2.541438105527067150e-03
-8.874602208663873171e-07 -7.825576988401962918e-05 -1.709671033073478699e-03
-5.395200018964985134e-07 -6.183610908699568474e-05 -1.176642367359475617e-03
-3.011628920690512246e-07 -5.147834153169426690e-05 -8.375089003744016006e-04
1.172411690952834817e-06 -8.588179481735737006e-05 -1.824384015330635057e-03
8.026282151130104126e-07 -1.087683488387625224e-04 -2.443624968524279583e-03
-7.692228891631458509e-07 -8.304644779961057460e-05 -1.615513821816964152e-03
-4.742009940272851054e-07 -6.611266719005193791e-05 -1.070133426753366607e-03
1.039644056288757668e-06 -9.584425069219267132e-05 -1.912791479818607213e-03
6.985489990896098789e-07 -1.154020071728646419e-04 -2.431555417371802658e-03
4.589863266124538654e-07 -1.278527299670856061e-04 -2.726114312028546632e-03
-1.021275320312042822e-06 -9.478939782814313941e-05 -1.673873915671974209e-03
-6.615472047943882217e-07 -7.267371151475855631e-05 -9.744378929791822248e-04
-4.135550907280460819e-07 -5.818371116681011503e-05 -5.197672141110251057e-04
-2.435545902734759238e-07 -4.859145160608936676e-05 -2.224598715824398394e-04
-1.279578729640462598e-07 -4.241016538134731125e-05 -3.417752269284628913e-05
-5.027683203095989484e-08 -3.860018673229935151e-05 7.885173696999198470e-05
-6.549453424042894767e-07 -1.616249081019054362e-05 7.362086543626913341e-04
-3.828265102701067235e-07 -2.062204964616969624e-06 1.129121021429208959e-03
4.592466416042384481e-07 -1.402907062690239505e-05 7.441145386241003294e-04
3.461591183695489349e-07 -2.281469231438568558e-05 4.639499161925239330e-04
2.645354529873245042e-07 -2.936057262289470878e-05 2.578699002866037104e-04
-4.509853509526706716e-07 -1.405624294125964102e-05 7.002297017699159621e-04
4.002366802424717207e-07 -2.509770032896226901e-05 3.550415416812631626e-04
2.939898769982463023e-07 -3.315624509836923202e-05 1.076913141455746077e-04
2.175888267341719029e-07 -3.951927422843412862e-05 -8.254133737908885340e-05
-4.938853384039987304e-07 -2.399502523369800784e-05 3.762822140733104292e-04
-2.954094242557658845e-07 -1.411323180508032403e-05 6.557388776595312078e-04
-1.597938930064657370e-07 -8.157756052373563009e-06 8.115496168305837404e-04
5.880483155973337261e-07 -2.519192191616847701e-05 2.869146131766887702e-04
-2.459552626010719223e-07 -1.665237810016564045e-05 5.295296070948137023e-04
-7.888357853591543289e-07 8.670260827938189904e-06 1.258413603957582623e-03
-4.733103835530272363e-07 2.438524162198171119e-05 1.683420504030340176e-03
3.994202364410170958e-07 1.315986846819776817e-05 1.303929636098035902e-03
-3.482651187436403006e-07 2.475933499311593387e-05 1.606597255824193833e-03
-1.756446407208400728e-07 3.098196419324313066e-05 1.742302266215848237e-03
-5.865161301077392864e-08 3.348658188679352107e-05 1.764713331028478068e-03
1.954403583415142975e-08 3.343424166620617645e-05 1.711294773502281463e-03
7.071195951002806623e-08 3.163775622076750644e-05 1.608171524889485428e-03
1.030830596437937174e-07 2.866628538065018185e-05 1.473537346543833150e-03
7.785981043229028842e-07 4.661950579091516810e-06 7.245445792397374810e-04
-1.063688852553923425e-07 7.607172857556620811e-06 7.898183386995144724e-04
-2.901765927543209500e-08 8.071608859093321845e-06 7.802498668509544105e-04
2.208195826192138611e-08 6.846357220189363993e-06 7.212892955252240418e-04
7.111469787490776184e-07 -1.576880096990880889e-05 3.525513503214549975e-05
4.922447193189682935e-07 -3.194359799853202899e-05 -4.412848364658780199e-04
-3.184355702456898030e-07 -2.333336550874500349e-05 -1.752027771188728947e-04
-1.886222561475747739e-07 -1.871455267738482539e-05 -3.427624600650549906e-05
-1.003353254924732596e-07 -1.603245149664056914e-05 4.557538965848230254e-05
6.152722221708373240e-07 -3.494017359066106578e-05 -5.115936580060993343e-04
-2.408923559515940838e-07 -2.814306253668467749e-05 -2.967449688988362064e-04
-1.425203829397148070e-07 -2.469090229853025689e-05 -1.865418723976460143e-04
-7.586137573678541912e-08 -2.272445072545319794e-05 -1.232523250547011649e-04
-3.129891856801236827e-08 -2.178277658700020406e-05 -9.194710721324760375e-05
-2.108090368935222614e-09 -2.154344687821348731e-05 -8.220798933111458408e-05
1.641357738613180572e-08 -2.259212310360203939e-05 -1.106207981600654602e-04
-6.287873515198327823e-07 -4.252687898359300256e-06 4.317400283008241508e-04
2.726561487698120345e-07 -1.308976994570147727e-05 1.592692533698124042e-04
2.020554252801787243e-07 -1.956004153138280713e-05 -3.561659841588502018e-05
1.510902913892664401e-07 -2.517114892223622021e-05 -1.995191628672561383e-04
1.139389449456018610e-07 -3.013882630798551436e-05 -3.396908375369388049e-04
-5.698630483053079843e-07 -1.437131109417302062e-05 1.337891507806199124e-04
3.050313642782853663e-07 -2.483202782069292221e-05 -1.776507170978667725e-04
8.726436351302879757e-07 -5.251045099404332966e-05 -9.860627714653991648e-04
5.703074200669178140e-07 -7.087932889401549392e-05 -1.497047024477154509e-03
-2.974061092952950958e-07 -6.250044456000924909e-05 -1.206739173243244045e-03
-2.059203414450649916e-07 -5.675675829767373417e-05 -1.002427874593071972e-03
-7.993664723482396539e-07 -3.260795640851415453e-05 -2.630951991219913303e-04
1.392261207433520553e-07 -3.674621897932733009e-05 -3.770057544452696304e-04
9.537584633179108096e-08 -3.932390769493406376e-05 -4.416933844289632188e-04
6.386794948465279731e-08 -4.121985518759087411e-05 -4.844404955714801640e-04
4.105211115490448037e-08 -4.262967796118002190e-05 -5.116421219712250900e-04
2.437249158049326070e-08 -4.369066145936975024e-05 -5.277906382699958706e-04
1.203896671242432603e-08 -4.409389651304070431e-05 -5.241286602283669934e-04
-6.537200244460805720e-07 -2.421347240704153838e-05 7.566050604328991742e-05
-4.217736726541687631e-07 -1.146746037442238859e-05 4.481018698325063272e-04
3.951819445013882159e-07 -2.392172382117447940e-05 6.883888622083965403e-05
2.666319112165638217e-07 -3.224439703209749117e-05 -1.778271651635637916e-04
1.762612229505577943e-07 -3.768164729583261001e-05 -3.324252695407946484e-04
1.126521012029257918e-07 -4.110580431364463128e-05 -4.233042997427974210e-04
-5.887624296985194405e-07 -2.330169583417118615e-05 1.124779521281299606e-04
2.751171818138331560e-07 -3.179118156022199700e-05 -1.403706614047574731e-04
1.796171349432995612e-07 -3.693397087535654354e-05 -2.874106562774597726e-04
-5.440221714225756955e-07 -1.952599910216661332e-05 2.327322401708431000e-04
-3.521515756776949502e-07 -8.091610381032126291e-06 5.619960242590346048e-04
-2.193689521146069410e-07 -4.208548737943286066e-07 7.709534090539085869e-04
-1.278979523400280982e-07 4.614125817262644964e-06 8.962931338658053143e-04
5.913455045636339946e-07 -1.242328854709872697e-05 3.691594363017511099e-04
-2.618077875604640781e-07 -3.356166395751540479e-06 6.248272923376755510e-04
-1.603727020071943343e-07 2.637087546254786720e-06 7.826281412980383217e-04
-9.068154915858883669e-08 6.479062781471499116e-06 8.725564182888624490e-04
-4.316906265788844621e-08 8.410988382314011226e-06 9.036963511158182258e-04
-1.114094838605694804e-08 9.426743531474769943e-06 9.069917087577911759e-04
1.008786232326031040e-08 9.803097510703285389e-06 8.913962252096090198e-04
-1.289628130063391609e-06 5.017874319792046842e-05 2.051958894726492108e-03
5.101193673029413844e-07 3.506267556136666481e-05 1.547341617433667816e-03
1.025613857508211879e-06 3.580817488636689678e-06 5.765169264148828571e-04
3.008021343120503843e-08 2.608898279160693081e-06 5.310014081797379687e-04
-1.281283716458858635e-06 4.209991213478556722e-05 1.676138948013064294e-03
-8.029412350563092104e-07 6.728108032960335638e-05 2.367012542871085260e-03
8.417883852196439420e-07 4.164586627712602669e-05 1.543956516568731775e-03
5.922388823798030444e-07 2.353739290671257880e-05 9.663213500460090177e-04
-8.968416711496729476e-07 5.114080590311200056e-05 1.749243847846615983e-03
-5.426943879838219686e-07 6.812011363875207287e-05 2.196888148172320039e-03
1.015380180602321047e-06 3.727625256333836002e-05 1.225749504986508275e-03
7.053472046436581877e-07 1.563059424728757859e-05 5.535091785024848091e-04
-8.259649739716934391e-07 4.086489794945548089e-05 1.278922638250200566e-03
-5.011592514314600066e-07 5.670775240054210908e-05 1.706983630642557297e-03
-2.770248661576601990e-07 6.560393360056091579e-05 1.918285999998835516e-03
1.190405878315203836e-06 2.926123783988194090e-05 7.937298984345318113e-04
-4.965786507549196926e-07 4.434264510578412981e-05 1.213663817495003574e-03
-2.805192328425576420e-07 5.282027227022750816e-05 1.427160114760729149e-03
-1.322791931546163369e-07 5.712887534085408050e-05 1.511848197466058794e-03
1.282335303276482819e-06 1.773130695431132398e-05 3.094630699813987699e-04
-4.414908183481003334e-07 3.041502931348044820e-05 6.731532411530631328e-04
-2.509726875210560593e-07 3.697850516178178735e-05 8.462704817646808696e-04
-1.203633936963655060e-07 3.972591219399762769e-05 9.021410249405466654e-04
-3.163587947163648550e-08 3.985265718620646593e-05 8.793458131905782611e-04
2.783223795876921258e-08 3.860080952190503853e-05 8.167044891781547085e-04
6.687940901084488132e-08 3.601666851215467962e-05 7.167468546608974853e-04
1.405624975525654463e-06 -7.858596720247499202e-06 -5.938525694871566157e-04
-3.710574782989084497e-07 2.422095137800040941e-06 -2.742439186170453022e-04
-2.170807303913946384e-07 8.034063708824224826e-06 -1.012496453170430534e-04
1.202395765176333953e-06 -2.998043483479898084e-05 -1.215546605749178756e-03
-5.176430680764454451e-07 -1.548535593811498900e-05 -7.538060999186811705e-04
-3.238067576294412220e-07 -6.404012109905426336e-06 -4.647514475608464663e-04
-1.902174604495598942e-07 -1.080778330775728705e-06 -2.946434756714278965e-04
1.215311148383690920e-06 -3.916202238614295642e-05 -1.405203492884295711e-03
-5.143551283781633288e-07 -2.459264832387437759e-05 -9.357093258980363768e-04
-3.270113732023460784e-07 -1.573813425250361560e-05 -6.479798957172829216e-04
-1.977267641839475232e-07 -1.084130614844065082e-05 -4.850237630011726680e-04
-1.090434099682013880e-07 -8.266738412734351291e-06 -3.951063071000042752e-04
-4.873621284318119251e-08 -7.692750515011778439e-06 -3.666290183812215015e-04
-8.244335325535701031e-09 -8.475621129380509747e-06 -3.788667801710642003e-04
1.842709551613808117e-08 -9.760399743952079634e-06 -4.054940511402333825e-04
3.547603610876137736e-08 -1.136747248769746709e-05 -4.408097335335343838e-04
4.584203705526590511e-08 -1.317143036042004345e-05 -4.808730901837718428e-04
1.365843479317341291e-06 -5.547417642680907966e-05 -1.709989750169130240e-03
-4.234177449768949941e-07 -4.354486242459501067e-05 -1.309140977787372423e-03
-9.343798582639450956e-07 -1.561260582280329256e-05 -4.497649791564224588e-04
6.256891127431885025e-08 -1.793129229845533904e-05 -5.046939199140423622e-04
5.911879319420165757e-08 -2.010469686309627305e-05 -5.537364803056737993e-04
5.544005010627017782e-08 -2.215111240855653505e-05 -5.976053959036592162e-04
-6.055369319302172926e-07 -3.893064032194095921e-06 -4.346259810488438402e-05
2.865945923913315596e-07 -1.286780339277213267e-05 -3.059423561073508209e-04
2.099256235510438273e-07 -1.877912062580555552e-05 -4.706728508290823143e-04
1.551601588323237024e-07 -2.335768897470491778e-05 -5.913958380361111940e-04
1.157862213885252345e-07 -2.738352275363372751e-05 -6.923295768640684404e-04
8.724167666063209481e-08 -3.058073880898758227e-05 -7.659451417851102090e-04
-5.909163299788744439e-07 -1.217944192335557548e-05 -2.026530321130716548e-04
-3.677047979433467617e-07 6.019077195744491210e-08 1.630057261602427515e-04
4.437304538251751751e-07 -1.299997672450878971e-05 -2.255944461928168204e-04
-3.464143161213684152e-07 -2.274477179120943076e-06 9.623559613221332500e-05
-2.015006733691038221e-07 4.661613013986294542e-06 2.972467324624558475e-04
5.552633225436309772e-07 -1.122973120237516500e-05 -1.784935974457786678e-04
3.842327938041734114e-07 -2.262840447832844252e-05 -5.082253628830646960e-04
2.638328183701688090e-07 -3.085759335346636268e-05 -7.351248834602307301e-04
1.789481677283433214e-07 -3.603663287890731957e-05 -8.657173693986794025e-04
1.189885436847504252e-07 -3.908677613054034128e-05 -9.299076495510078151e-04
7.653335709623121375e-08 -4.065397351139591172e-05 -9.486307875616404716e-04
-6.109703463152982295e-07 -2.181960229162740515e-05 -3.672634749438387575e-04
-3.937672837794892189e-07 -9.141845082565499663e-06 1.609405832935845897e-05
4.140853940848288062e-07 -2.094858515183243484e-05 -3.313387430987505336e-04
2.791722643058491826e-07 -2.862546241816556490e-05 -5.471963537934822598e-04
1.843976350501819184e-07 -3.422648553445958934e-05 -6.957108248288735967e-04
-5.396186323336493729e-07 -1.736932154298451178e-05 -1.798879716677005041e-04
-3.477905998749974970e-07 -6.061202715218229873e-06 1.577082743897093606e-04
-2.148904847398824813e-07 1.365964329901729905e-06 3.713355753945379867e-04
-1.232423704200513725e-07 6.081521749237121940e-06 4.990001984012038721e-04
-6.046127454251148947e-08 8.905268731671942201e-06 5.673194820866176357e-04
-1.786919590074376174e-08 1.041205623408883858e-05 5.949303143147685732e-04
1.061458221318645201e-08 1.019684388029605440e-05 5.711230108274343133e-04
2.925094411132533878e-08 9.620781148033152104e-06 5.374122696468739725e-04
4.102563266883407778e-08 8.801259377919051329e-06 4.975385777332882445e-04
4.803087294558139320e-08 7.012672546106106910e-06 4.303566845138501271e-04
5.173275263725685136e-08 5.391221106065530974e-06 3.700618366417785139e-04
5.315856299592525147e-08 3.896684237611151841e-06 3.152693394527575897e-04
