1.000000000000000048e-04 1.000000000000000048e-04 1.000000000000000048e-04 1.000000000000000048e-04 1.000000000000000048e-04 1.000000000000000048e-04 1.000000000000000048e-04 1.000000000000000048e-04 1.000000000000000048e-04 0.000000000000000000e+00 0.000000000000000000e+00 0.000000000000000000e+00 0.000000000000000000e+00 0.000000000000000000e+00 0.000000000000000000e+00 0.000000000000000000e+00 0.000000000000000000e+00 0.000000000000000000e+00
9.636032653988654134e-03 1.208168320279802588e+00 1.167510175949702074e+02 1.208168320279799701e+00 -9.515435303454523819e+00 8.016061147913542809e+05 1.167510175949701079e+02 8.016061147913543973e+05 -8.911509589519351721e+04 2.551138895461113609e-01 3.198624687987025084e+01 3.090982282505080093e+03 3.198624687987025439e+01 4.010444085503554561e+03 3.875481753087457037e+05 3.090982282505080093e+03 3.875481753087456455e+05 3.745061269599519670e+07
9.652308044391846170e-03 1.241680415694119022e+00 1.434592924382383785e+02 1.241680415694112583e+00 1.160236758488075793e+03 1.478348266408031806e+06 1.434592924382386627e+02 1.478348266408032272e+06 -2.191957823850474507e+07 2.679586026684653288e-01 3.447040310151628262e+01 3.982586482400138721e+03 3.447040310151628972e+01 4.434299470695283162e+03 5.123230232874270878e+05 3.982586482400138266e+03 5.123230232874270296e+05 5.919196074260955304e+07
9.654650764127878024e-03 1.310470984974134057e+00 1.664093255883287554e+02 1.310470984974131170e+00 3.123195767414315924e+03 2.014121923211950343e+06 1.664093255883290112e+02 2.014121923211951042e+06 -6.474376158500736952e+07 2.699073045344269062e-01 3.663578309213909989e+01 4.652171644138688862e+03 3.663578309213909279e+01 4.972746495651319492e+03 6.314610549575766781e+05 4.652171644138689771e+03 6.314610549575767945e+05 8.018568094650262594e+07
9.657783707965751641e-03 1.395667619378615276e+00 1.832873695157398970e+02 1.395667619378620827e+00 5.395644946210709350e+03 2.391027868623039685e+06 1.832873695157395559e+02 2.391027868623040151e+06 -1.255490100049120188e+08 2.725550721019286970e-01 3.938753446262359148e+01 5.172605198492035925e+03 3.938753446262358437e+01 5.691979456042500715e+03 7.475045830039031571e+05 5.172605198492036834e+03 7.475045830039032735e+05 9.816674601990465820e+07
9.661059935804782242e-03 1.480920052092779438e+00 1.938491074047382483e+02 1.480920052092777439e+00 7.582543298589624101e+03 2.607654403518817388e+06 1.938491074047378788e+02 2.607654403518817853e+06 -1.990551270990781188e+08 2.753763539427664386e-01 4.221176218094439747e+01 5.525424825731586679e+03 4.221176218094439747e+01 6.470536924862253727e+03 8.469787450993102975e+05 5.525424825731586679e+03 8.469787450993104139e+05 1.108676146941660792e+08
9.663986290985969105e-03 1.554519761202696637e+00 1.985743289803410505e+02 1.554519761202691086e+00 9.407960361980678499e+03 2.679077601164416410e+06 1.985743289803403968e+02 2.679077601164416876e+06 -2.790452823399557471e+08 2.779429187767427645e-01 4.470906173861312993e+01 5.711134818393675232e+03 4.470906173861313704e+01 7.191765166547504123e+03 9.186759652553228661e+05 5.711134818393676142e+03 9.186759652553228661e+05 1.173516528408776224e+08
9.666264625433742055e-03 1.609754664730664642e+00 1.984344644877504322e+02 1.609754664730658646e+00 1.072343361622071643e+04 2.632048621077038348e+06 1.984344644877501196e+02 2.632048621077038348e+06 -3.596701886317070127e+08 2.799723341594980153e-01 4.662470854800969988e+01 5.747428024487029688e+03 4.662470854800969988e+01 7.764565215748838455e+03 9.571379877474225359e+05 5.747428024487029688e+03 9.571379877474226523e+05 1.179864038917512596e+08
9.667773529109710204e-03 1.644327528347840017e+00 1.946309308298771441e+02 1.644327528347844236e+00 1.149032567938520151e+04 2.498222976012749597e+06 1.946309308298777978e+02 2.498222976012749597e+06 -4.363309094726092815e+08 2.813317215804129190e-01 4.784984805439099631e+01 5.663750260419058577e+03 4.784984805439098920e+01 8.138463540357883176e+03 9.633097464325821493e+05 5.663750260419056758e+03 9.633097464325820329e+05 1.140222184409022927e+08
9.668523210097352757e-03 1.659133091139042948e+00 1.883590888113620565e+02 1.659133091139047167e+00 1.174694887821799603e+04 2.308256976458683144e+06 1.883590888113621986e+02 2.308256976458683144e+06 -5.060029883358792067e+08 2.820117242345676623e-01 4.839363505670669952e+01 5.494062563294960455e+03 4.839363505670669952e+01 8.304420393720096399e+03 9.427893800814570859e+05 5.494062563294960455e+03 9.427893800814569695e+05 1.070335764632699192e+08
9.668603761182014561e-03 1.656919555340229389e+00 1.806556147832042427e+02 1.656919555340230943e+00 1.157409879838217603e+04 2.088163805632858537e+06 1.806556147832043280e+02 2.088163805632859003e+06 -5.671231490344293118e+08 2.820849718275975082e-01 4.834122047334825822e+01 5.270692156318901652e+03 4.834122047334826533e+01 8.284289594417306944e+03 9.032444724899454741e+05 5.270692156318901652e+03 9.032444724899452413e+05 9.848165829855011404e+07
9.668141558747086681e-03 1.641195072844735980e+00 1.723337913932328718e+02 1.641195072844737979e+00 1.106775522812668351e+04 1.857923814812826924e+06 1.723337913932336960e+02 1.857923814812827390e+06 -6.192544349955151081e+08 2.816651607446550298e-01 4.781347802959295024e+01 5.020657254505615128e+03 4.781347802959295024e+01 8.116476582486782718e+03 8.522711317856021924e+05 5.020657254505615128e+03 8.522711317856021924e+05 8.949278356108583510e+07
9.667269411377660271e-03 1.615502088757575727e+00 1.639817317815885644e+02 1.615502088757573063e+00 1.032155268643265481e+04 1.631645502645808272e+06 1.639817317815886781e+02 1.631645502645809203e+06 -6.627090970080862045e+08 2.808761835186426858e-01 4.693735550832856518e+01 4.764381856926713226e+03 4.693735550832857228e+01 7.843724286324168133e+03 7.961781671715033008e+05 4.764381856926715045e+03 7.961781671715035336e+05 8.081615961257112026e+07
9.666109624259313499e-03 1.583023193419716534e+00 1.559937800713672971e+02 1.583023193419720087e+00 9.417718238186291273e+03 1.418501327916712500e+06 1.559937800713678371e+02 1.418501327916713431e+06 -6.982279852741723061e+08 2.798333886112415181e-01 4.582844201901677650e+01 4.516012105851987144e+03 4.582844201901676939e+01 7.505344906529896434e+03 7.395893677210094174e+05 4.516012105851987144e+03 7.395893677210096503e+05 7.288038586608608067e+07
9.664766489782752532e-03 1.546421730417341989e+00 1.486128473129547558e+02 1.546421730417335993e+00 8.423826232071944105e+03 1.223881201574244536e+06 1.486128473129547274e+02 1.223881201574245002e+06 -7.267482617609852552e+08 2.786347678711718068e-01 4.458326648049801832e+01 4.284501468038039093e+03 4.458326648049802543e+01 7.133595226673602156e+03 6.855464310682957293e+05 4.284501468038040912e+03 6.855464310682960786e+05 6.588177408681299537e+07
9.663324562733737258e-03 1.507821936880419544e+00 1.419710867392605280e+02 1.507821936880418434e+00 7.392894369264914531e+03 1.050460866219949909e+06 1.419710867392604996e+02 1.050460866219950374e+06 -7.492538861393102407e+08 2.773586406034025953e-01 4.327780154440269911e+01 4.074882031267446109e+03 4.327780154440269200e+01 6.752874554194534539e+03 6.358263635933093028e+05 4.074882031267447019e+03 6.358263635933095356e+05 5.986712197832501680e+07
9.661849948319057094e-03 1.468858451614417859e+00 1.361235953717818461e+02 1.468858451614416083e+00 6.365053618938249201e+03 8.990666878913358087e+05 1.361235953717814482e+02 8.990666878913361579e+05 -7.666894619829754829e+08 2.760648533388648240e-01 4.196920829753045012e+01 3.889414614517773316e+03 4.196920829753045012e+01 6.380437146627256880e+03 5.912945821893039392e+05 3.889414614517774680e+03 5.912945821893040556e+05 5.479707344366522878e+07
9.660392832209851663e-03 1.430751616248943536e+00 1.310740608921980197e+02 1.430751616248947755e+00 5.369725899849216148e+03 7.693216621230884921e+05 1.310740608921978492e+02 7.693216621230888413e+05 -7.799170304223240614e+08 2.747974675560436175e-01 4.069885435052103162e+01 3.728504691379432188e+03 4.069885435052101741e+01 6.027700182888729614e+03 5.522098537852717564e+05 3.728504691379432188e+03 5.522098537852718728e+05 5.058906603934855759e+07
9.658990265217690802e-03 1.394385073342669035e+00 1.267932304640789738e+02 1.394385073342661485e+00 4.427755439627385385e+03 6.601027900221159216e+05 1.267932304640789880e+02 6.601027900221163873e+05 -7.896994165644665956e+08 2.735877701647489446e-01 3.949550548162116570e+01 3.591377177340045364e+03 3.949550548162117281e+01 5.701625304045684061e+03 5.184561316786485258e+05 3.591377177340045819e+03 5.184561316786485841e+05 4.714388374214259535e+07
9.657668727685047097e-03 1.360374948382120808e+00 1.232317100466063096e+02 1.360374948382123250e+00 3.553256924538205567e+03 5.698526766475010663e+05 1.232317100466066222e+02 5.698526766475014156e+05 -7.966986174724298716e+08 2.724570402901904109e-01 3.837817827180295183e+01 3.476547802157355818e+03 3.837817827180294472e+01 5.405933228568945196e+03 4.897049868101482280e+05 3.476547802157355818e+03 4.897049868101483444e+05 4.436069850796328485e+07
9.656446295860654505e-03 1.329127113204828792e+00 1.203285950523070369e+02 1.329127113204826571e+00 2.755117298138166916e+03 4.967857940377061605e+05 1.203285950523068095e+02 4.967857940377063933e+05 -8.014818285826244354e+08 2.714188609854528145e-01 3.735848117599714868e+01 3.382139682905585687e+03 3.735848117599714868e+01 5.142074912222610692e+03 4.655225551373650669e+05 3.382139682905586596e+03 4.655225551373651833e+05 4.214470871019455791e+07
9.655334387320697875e-03 1.300882650560745812e+00 1.180171824948775594e+02 1.300882650560744480e+00 2.038171839053389704e+03 4.390221587635941105e+05 1.180171824948779431e+02 4.390221587635943433e+05 -8.045306732147890329e+08 2.704809493650321417e-01 3.644244313259980572e+01 3.306089492303823590e+03 3.644244313259980572e+01 4.909963768577565133e+03 4.454360966914877063e+05 3.306089492303823135e+03 4.454360966914877063e+05 4.041034223216467351e+07
9.654339132955654795e-03 1.275753188050038345e+00 1.162287155802581964e+02 1.275753188050039455e+00 1.404108234787818219e+03 3.946728469313220121e+05 1.162287155802582674e+02 3.946728469313221285e+05 -8.062511649673849344e+08 2.696465610674946833e-01 3.563190138559697573e+01 3.246278489070818978e+03 3.563190138559697573e+01 4.708505798577971291e+03 4.289729286174830049e+05 3.246278489070819433e+03 4.289729286174831213e+05 3.908198935259588063e+07
9.653462447560311535e-03 1.253748219888541682e+00 1.148948436338179278e+02 1.253748219888542792e+00 8.521594173984367444e+02 3.618945987155288458e+05 1.148948436338182546e+02 3.618945987155288458e+05 -8.069831582479641438e+08 2.689155520675529654e-01 3.492554060644286551e+01 3.200614336394070051e+03 3.492554060644286551e+01 4.535971896284640934e+03 4.156813732484083157e+05 3.200614336394069596e+03 4.156813732484083157e+05 3.809349088057920337e+07
9.652702872489158162e-03 1.234796453707187824e+00 1.139492663532037398e+02 1.234796453707190267e+00 3.796409313089325224e+02 3.389251783301845426e+05 1.139492663532037113e+02 3.389251783301845426e+05 -8.070087689016243219e+08 2.682851810850340191e-01 3.431967134616292014e+01 3.167081796872161249e+03 3.431967134616292014e+01 4.390253075272597926e+03 4.051405521373801166e+05 3.167081796872161249e+03 4.051405521373801166e+05 3.738710825366020203e+07
9.652056254763107315e-03 1.218762912347794103e+00 1.133288706988641650e+02 1.218762912347791882e+00 -1.762108583753615676e+01 3.241070339027054724e+05 1.133288706988641934e+02 3.241070339027055306e+05 -8.065596547247989178e+08 2.677507247089073172e-01 3.380882212206599746e+01 3.143774389533712110e+03 3.380882212206600457e+01 4.269032154905213247e+03 3.969636655258547398e+05 3.143774389533712110e+03 3.969636655258546816e+05 3.691238342317462713e+07
9.651516314006283390e-03 1.205463141895119605e+00 1.129745524915841486e+02 1.205463141895123158e+00 -3.449360114455075745e+02 3.159038657962240395e+05 1.129745524915842907e+02 3.159038657962240395e+05 -8.058232561571348906e+08 2.673059626705351910e-01 3.338620327880565952e+01 3.128914724747586206e+03 3.338620327880565952e+01 4.169897888688583407e+03 3.907978033816825482e+05 3.128914724747586206e+03 3.907978033816825482e+05 3.662509903233601153e+07
9.651075134917669329e-03 1.194675501141385432e+00 1.128318332800522228e+02 1.194675501141382767e+00 -6.084438641285123595e+02 3.129126840046776924e+05 1.128318332800522512e+02 3.129126840046776924e+05 -8.049481883744343519e+08 2.669435760556818082e-01 3.304408535241558553e+01 3.120868156929188899e+03 3.304408535241558553e+01 4.090420878118317887e+03 3.863222156344114337e+05 3.120868156929188899e+03 3.863222156344114337e+05 3.648642981729952246e+07
9.650723610252414514e-03 1.186152168873154000e+00 1.128513280736929971e+02 1.186152168873150003e+00 -8.148433296377129409e+02 3.138725901128307451e+05 1.128513280736924571e+02 3.138725901128307451e+05 -8.040489957621810436e+08 2.666554881330105986e-01 3.277412123323956905e+01 3.118152295023819988e+03 3.277412123323957616e+01 4.028205195144121717e+03 3.832461955174126197e+05 3.118152295023820443e+03 3.832461955174126197e+05 3.646230498774674535e+07
9.650451848314289469e-03 1.179629220176823035e+00 1.129890847876440176e+02 1.179629220176821036e+00 -9.711439423236661241e+02 3.176706872341484996e+05 1.129890847876436055e+02 3.176706872341484413e+05 -8.032104585027846098e+08 2.664331664392926569e-01 3.256763033442047117e+01 3.119443535517789314e+03 3.256763033442046407e+01 3.980925347149433946e+03 3.813071971165012801e+05 3.119443535517789314e+03 3.813071971165013383e+05 3.652296034060360491e+07
9.650249550185729941e-03 1.174835899451553534e+00 1.132067968987320796e+02 1.174835899451551313e+00 -1.084439345588556534e+03 3.233450748202219256e+05 1.132067968987321365e+02 3.233450748202218674e+05 -8.024915981627959013e+08 2.662678959535546008e-01 3.241585426478908261e+01 3.123580945871668064e+03 3.241585426478908261e+01 3.946354869230402983e+03 3.802694439111420070e+05 3.123580945871667609e+03 3.802694439111419488e+05 3.664263726001134515e+07
9.650106355566795066e-03 1.171503059323419471e+00 1.134718830143174273e+02 1.171503059323420359e+00 -1.161702489944926128e+03 3.300847237173367757e+05 1.134718830143174273e+02 3.300847237173366593e+05 -8.019294778583524227e+08 2.661510266201116970e-01 3.231018710458724996e+01 3.129567389623238796e+03 3.231018710458724286e+01 3.922390245834017605e+03 3.799230429400892463e+05 3.129567389623238796e+03 3.799230429400893627e+05 3.679937729555658251e+07
9.650012152199436560e-03 1.169370640341683254e+00 1.137574275132413817e+02 1.169370640341682588e+00 -1.209605896112513619e+03 3.372260652735034819e+05 1.137574275132415096e+02 3.372260652735035401e+05 -8.015428420878535509e+08 2.660741940693363006e-01 3.224237915869795756e+01 3.136567640289236806e+03 3.224237915869795756e+01 3.907071925743908650e+03 3.800834705854808562e+05 3.136567640289236351e+03 3.800834705854807980e+05 3.697486182950116694e+07
9.649957342267376573e-03 1.168194030946554385e+00 1.140419821668347282e+02 1.168194030946551720e+00 -1.234370881602558711e+03 3.442462912255995325e+05 1.140419821668347140e+02 3.442462912255996489e+05 -8.013355981459152699e+08 2.660295099767676641e-01 3.220471081766218902e+01 3.143903289575983308e+03 3.220471081766218902e+01 3.898602823949198410e+03 3.805912219600503449e+05 3.143903289575983763e+03 3.805912219600503449e+05 3.715425365806173533e+07
9.649933059547644021e-03 1.167749161094248755e+00 1.143092370263928785e+02 1.167749161094249644e+00 -1.241649192492619022e+03 3.507535816934256000e+05 1.143092370263925659e+02 3.507535816934258328e+05 -8.013001092591940165e+08 2.660097178368662219e-01 3.219013260818202582e+01 3.151044437293083774e+03 3.219013260818202582e+01 3.895363845195344311e+03 3.813114013862585998e+05 3.151044437293084229e+03 3.813114013862585998e+05 3.732600871327874064e+07
9.649931332957037422e-03 1.167836232983555433e+00 1.145475776019053598e+02 1.167836232983553657e+00 -1.236439146597988838e+03 3.564747007866845233e+05 1.145475776019052319e+02 3.564747007866846980e+05 -8.014202510338326693e+08 2.660083106476914816e-01 3.219236829055501659e+01 3.157598386488316464e+03 3.219236829055501659e+01 3.895925558233027004e+03 3.821330616475470597e+05 3.157598386488316464e+03 3.821330616475471179e+05 3.748163937463863194e+07
9.649945194907890225e-03 1.168282063585853958e+00 1.147495527082621010e+02 1.168282063585856179e+00 -1.223036566119556483e+03 3.612405808147586067e+05 1.147495527082619446e+02 3.612405808147587231e+05 -8.016741772337747812e+08 2.660196086730483578e-01 3.220597952606473058e+01 3.163295800163411513e+03 3.220597952606473058e+01 3.899055120061104390e+03 3.829681589380932855e+05 3.163295800163411968e+03 3.829681589380934020e+05 3.761542379994214326e+07
9.649968735980413853e-03 1.168941091384425146e+00 1.149112821937034283e+02 1.168941091384425590e+00 -1.205018829487496077e+03 3.649706305798349204e+05 1.149112821937033004e+02 3.649706305798349786e+05 -8.020367464035983086e+08 2.660387976091941886e-01 3.222639274139538657e+01 3.167974962712430170e+03 3.222639274139538657e+01 3.903717797763682029e+03 3.837500630011489848e+05 3.167974962712430170e+03 3.837500630011489266e+05 3.772406676982358098e+07
9.649997110325056818e-03 1.169695171260637157e+00 1.150318356046380330e+02 1.169695171260634936e+00 -1.185258615361576176e+03 3.676565405604352127e+05 1.150318356046382178e+02 3.676565405604352127e+05 -8.024815743881138563e+08 2.660619297051093346e-01 3.224989094549795254e+01 3.171564903967101145e+03 3.224989094549795254e+01 3.909072850630151606e+03 3.844316336158014019e+05 3.171564903967101145e+03 3.844316336158014019e+05 3.780632558451553434e+07
9.650026498548227791e-03 1.170452337713003610e+00 1.151126117624170320e+02 1.170452337713001612e+00 -1.165962565688853829e+03 3.693463218111395836e+05 1.151126117624166909e+02 3.693463218111395254e+05 -8.029826959058358669e+08 2.660858923215045357e-01 3.227357507743729315e+01 3.174068177208599536e+03 3.227357507743729315e+01 3.914464007060034419e+03 3.849829343611818040e+05 3.174068177208599991e+03 3.849829343611818622e+05 3.786261911772202700e+07
9.650054036394227833e-03 1.171144752544996281e+00 1.151567457362362887e+02 1.171144752544996948e+00 -1.148729273510727580e+03 3.701292201777738519e+05 1.151567457362361893e+02 3.701292201777737937e+05 -8.035158376722106934e+08 2.661083498314882334e-01 3.229530076600536148e+01 3.175544039884402537e+03 3.229530076600536148e+01 3.919405205538317205e+03 3.853886957275299355e+05 3.175544039884402082e+03 3.853886957275298773e+05 3.789463936637479812e+07
9.650077718249905692e-03 1.171726067695930462e+00 1.151685645413220982e+02 1.171726067695928464e+00 -1.134620721218227573e+03 3.701220126257039374e+05 1.151685645413222119e+02 3.701220126257040538e+05 -8.040593234078550339e+08 2.661276655562195281e-01 3.231359706850513192e+01 3.176092682536582743e+03 3.231359706850513902e+01 3.923562600390836906e+03 3.856456598798591876e+05 3.176092682536582743e+03 3.856456598798590712e+05 3.790498333564432710e+07
9.650096284431477003e-03 1.172168429024991188e+00 1.151531068914688802e+02 1.172168429024992520e+00 -1.124241496106772047e+03 3.694570389925619820e+05 1.151531068914687239e+02 3.694570389925619238e+05 -8.045946455235667229e+08 2.661428105943071110e-01 3.232757383922866268e+01 3.175841008571630027e+03 3.232757383922866268e+01 3.926734026732097391e+03 3.857599402252869913e+05 3.175841008571630027e+03 3.857599402252870495e+05 3.789681971571172029e+07
9.650109100516364793e-03 1.172459326632928622e+00 1.151157162372780363e+02 1.172459326632932175e+00 -1.117820684164005343e+03 3.682721689828694798e+05 1.151157162372783205e+02 3.682721689828694216e+05 -8.051067483640992641e+08 2.661532660303614350e-01 3.233682394890382739e+01 3.174930306884969923e+03 3.233682394890382028e+01 3.928827170518790354e+03 3.857445144861257868e+05 3.174930306884969013e+03 3.857445144861257286e+05 3.787360044053259492e+07
9.650116035845753698e-03 1.172598466675597528e+00 1.150617107127665264e+02 1.172598466675594864e+00 -1.115292161938278696e+03 3.667027650665549445e+05 1.150617107127668532e+02 3.667027650665548863e+05 -8.055840734267802238e+08 2.661589242319015725e-01 3.234132577132286457e+01 3.173506000325331570e+03 3.234132577132286457e+01 3.929837617375913396e+03 3.856169455522152712e+05 3.173506000325331570e+03 3.856169455522153294e+05 3.783882266268104315e+07
9.650117346942314878e-03 1.172594803523244078e+00 1.149961288816056140e+02 1.172594803523246298e+00 -1.116369945302484211e+03 3.648755863318495103e+05 1.149961288816057277e+02 3.648755863318494521e+05 -8.060184183533728123e+08 2.661599939177389240e-01 3.234135032281328392e+01 3.171709510184325609e+03 3.234135032281328392e+01 3.929827790070535229e+03 3.853973953079252387e+05 3.171709510184326064e+03 3.853973953079252969e+05 3.779584252659256756e+07
9.650113570132273083e-03 1.172463833811931755e+00 1.149235465144094093e+02 1.172463833811931977e+00 -1.120616207131929059e+03 3.629044905762691051e+05 1.149235465144097361e+02 3.629044905762690469e+05 -8.064046594937473536e+08 2.661569125491791143e-01 3.233737632361152237e+01 3.169672159522359379e+03 3.233737632361152947e+01 3.928907566139771006e+03 3.851069674022076651e+05 3.169672159522359379e+03 3.851069674022076069e+05 3.774773874037457258e+07
9.650105426265128197e-03 1.172225218666127500e+00 1.148479570729900416e+02 1.172225218666127944e+00 -1.127500464362055936e+03 3.608877322923411848e+05 1.148479570729900843e+02 3.608877322923412430e+05 -8.067403833826241493e+08 2.661502684765762461e-01 3.233001536064581671e+01 3.167510950270815101e+03 3.233001536064581671e+01 3.927217128888917614e+03 3.847663887901805574e+05 3.167510950270815101e+03 3.847663887901804992e+05 3.769722148887680471e+07
9.650093739178581403e-03 1.171900769291773114e+00 1.147727070428295804e+02 1.171900769291774225e+00 -1.136449207813382145e+03 3.589066201940042083e+05 1.147727070428300067e+02 3.589066201940041501e+05 -8.070254664725948572e+08 2.661407342535764275e-01 3.231994834883249013e+01 3.165325990631189597e+03 3.231994834883249013e+01 3.924912374653384632e+03 3.843950187157128821e+05 3.165325990631189597e+03 3.843950187157129403e+05 3.764658068997073174e+07
9.650079368510212571e-03 1.171512805392575185e+00 1.147004765876988017e+02 1.171512805392573853e+00 -1.146885880008866025e+03 3.570252853748790803e+05 1.147004765876986312e+02 3.570252853748789057e+05 -8.072616357304528952e+08 2.661290116620572133e-01 3.230787366018336115e+01 3.163199317412837900e+03 3.230787366018336115e+01 3.922152996110897675e+03 3.840101583465303411e+05 3.163199317412838354e+03 3.840101583465303993e+05 3.759766685785803944e+07
9.650063156630566547e-03 1.171082875791148226e+00 1.146332960166152617e+02 1.171082875791150002e+00 -1.158261591253697588e+03 3.552913152857153327e+05 1.146332960166155317e+02 3.552913152857152745e+05 -8.074520358646399975e+08 2.661157882956858289e-01 3.229446663637735071e+01 3.161194848080736392e+03 3.229446663637735071e+01 3.919093196264137077e+03 3.836266243587108911e+05 3.161194848080735937e+03 3.836266243587108329e+05 3.755189773418713361e+07
9.650045888858812398e-03 1.170630816011967612e+00 1.145725890685675949e+02 1.170630816011971831e+00 -1.170077310620078606e+03 3.537370247370492434e+05 1.145725890685680497e+02 3.537370247370492434e+05 -8.076008224646700621e+08 2.661017050304365084e-01 3.228034971953835708e+01 3.159359204301443242e+03 3.228034971953834997e+01 3.915874864073171921e+03 3.832565446840260411e+05 3.159359204301442787e+03 3.832565446840260411e+05 3.751028420003008097e+07
9.650028265699729310e-03 1.170174107822187004e+00 1.145192348679535712e+02 1.170174107822184340e+00 -1.181898492590836668e+03 3.523811588714681566e+05 1.145192348679534007e+02 3.523811588714680402e+05 -8.077127944891866446e+08 2.660873333527523643e-01 3.226607211251151597e+01 3.157723167705328706e+03 3.226607211251151597e+01 3.912622958980186468e+03 3.829093334009110695e+05 3.157723167705329161e+03 3.829093334009111859e+05 3.747346962451655418e+07
9.650010885586672235e-03 1.169727500073186155e+00 1.144736414444537331e+02 1.169727500073186377e+00 -1.193363222211172342e+03 3.512308510470535257e+05 1.144736414444537331e+02 3.512308510470535257e+05 -8.077930744928110838e+08 2.660731612982837335e-01 3.225209769108872848e+01 3.156303555050375053e+03 3.225209769108872848e+01 3.909442802874085373e+03 3.825918033352279454e+05 3.156303555050374598e+03 3.825918033352279454e+05 3.744177760362444818e+07
9.649994236492159469e-03 1.169302847838280757e+00 1.144358248361914860e+02 1.169302847838281423e+00 -1.204185002570915913e+03 3.502836881589870900e+05 1.144358248361913866e+02 3.502836881589870318e+05 -8.078468407864457369e+08 2.660595866508980167e-01 3.223879981079236501e+01 3.155105330408910504e+03 3.223879981079236501e+01 3.906418957961039723e+03 3.823083783952554222e+05 3.155105330408910504e+03 3.823083783952554804e+05 3.741526389363471419e+07
9.649978694750361435e-03 1.168909127039313267e+00 1.144054889243191298e+02 1.168909127039313489e+00 -1.214151287827588476e+03 3.495297651607634616e+05 1.144054889243193429e+02 3.495297651607633452e+05 -8.078791123648042679e+08 2.660469160376459641e-01 3.222646165490950665e+01 3.154123803677636715e+03 3.222646165490950665e+01 3.903615370788200835e+03 3.820613722117778962e+05 3.154123803677636261e+03 3.820613722117778962e+05 3.739376917835859209e+07
9.649964529498457691e-03 1.168552583820822166e+00 1.143821022248874897e+02 1.168552583820819279e+00 -1.223118799913688235e+03 3.489536381089451024e+05 1.143821022248876034e+02 3.489536381089448696e+05 -8.078945848491165638e+08 2.660353686074968249e-01 3.221528083587396907e+01 3.153346795677793125e+03 3.221528083587396907e+01 3.901076480042822368e+03 3.818513046870141989e+05 3.153346795677793125e+03 3.818513046870141989e+05 3.737697008431230485e+07
9.649951911258110998e-03 1.168236981291757903e+00 1.143649688537968103e+02 1.168236981291755683e+00 -1.231006571903465556e+03 3.485361101131811156e+05 1.143649688537966540e+02 3.485361101131808828e+05 -8.078975137995873690e+08 2.660250830800898192e-01 3.220537706957912860e+01 3.152756679055477889e+03 3.220537706957912860e+01 3.898829013358550583e+03 3.816772331466475152e+05 3.152756679055477889e+03 3.816772331466475152e+05 3.736442655047085881e+07
9.649940923333122714e-03 1.167963910443341691e+00 1.143532917615931979e+02 1.167963910443340581e+00 -1.237787547380770775e+03 3.482558066593704280e+05 1.143532917615930273e+02 3.482558066593701369e+05 -8.078916404594193697e+08 2.660161270791220889e-01 3.219680187606873289e+01 3.152332230305591565e+03 3.219680187606872579e+01 3.896884231904080025e+03 3.815370796542232856e+05 3.152332230305591111e+03 3.815370796542233438e+05 3.735562425983206928e+07
9.649931574872273529e-03 1.167733136692272522e+00 1.143462270963142515e+02 1.167733136692277185e+00 -1.243479442253140860e+03 3.480905156840642449e+05 1.143462270963141236e+02 3.480905156840640120e+05 -8.078801542076051235e+08 2.660085078102728540e-01 3.218954940789124208e+01 3.152050251094939995e+03 3.218954940789123498e+01 3.895240417731691650e+03 3.814279405158867594e+05 3.152050251094939540e+03 3.814279405158867594e+05 3.735001134818583727e+07
9.649923814630182242e-03 1.167542958298139144e+00 1.143429291917020123e+02 1.167542958298142253e+00 -1.248135450434504946e+03 3.480182834910827223e+05 1.143429291917022965e+02 3.480182834910824895e+05 -8.078656856330929995e+08 2.660021832956019350e-01 3.218356765965960165e+01 3.151886936484874241e+03 3.218356765965960165e+01 3.893885435341887387e+03 3.813463679853763897e+05 3.151886936484873331e+03 3.813463679853763897e+05 3.734702902548791468e+07
9.649917544642476128e-03 1.167390557636312609e+00 1.143425861973184539e+02 1.167390557636309723e+00 -1.251835253101941362e+03 3.480182702203458757e+05 1.143425861973187239e+02 3.480182702203456429e+05 -8.078503241167728901e+08 2.659970735274240217e-01 3.217876946183911002e+01 3.151818983668920282e+03 3.217876946183911002e+01 3.892799234016508763e+03 3.812886176376438816e+05 3.151818983668919827e+03 3.812886176376438816e+05 3.734613608367989957e+07
9.649912633207698154e-03 1.167272330802270774e+00 1.143444467725182534e+02 1.167272330802269664e+00 -1.254676676859266991e+03 3.480713782923102845e+05 1.143444467725184950e+02 3.480713782923099352e+05 -8.078356540458847284e+08 2.659930710489938899e-01 3.217504280320155630e+01 3.151824447586760016e+03 3.217504280320154919e+01 3.891956190081244131e+03 3.812508578112627147e+05 3.151824447586759561e+03 3.812508578112628311e+05 3.734682752911190689e+07
9.649908926731698769e-03 1.167184185155548448e+00 1.143478385664905375e+02 1.167184185155548448e+00 -1.256768242004709009e+03 3.481606743048108183e+05 1.143478385664902817e+02 3.481606743048104690e+05 -8.078228042213375568e+08 2.659900506027746414e-01 3.217226015597550060e+01 3.151883359475395537e+03 3.217226015597550060e+01 3.891327217684177867e+03 3.812293399416147731e+05 3.151883359475395991e+03 3.812293399416147731e+05 3.734864777545284480e+07
9.649906260137439129e-03 1.167121798095297924e+00 1.143521794120621422e+02 1.167121798095301699e+00 -1.258222750138000720e+03 3.482716295366609702e+05 1.143521794120624691e+02 3.482716295366606792e+05 -8.078125055928531885e+08 2.659878776067165496e-01 3.217028659296858706e+01 3.151978131348570514e+03 3.217028659296857995e+01 3.890881602521575587e+03 3.812205305468123406e+05 3.151978131348569605e+03 3.812205305468122824e+05 3.735119897151565552e+07
9.649904465671724219e-03 1.167080833541532581e+00 1.143569822832122327e+02 1.167080833541533025e+00 -1.259151981679612163e+03 3.483922068225484109e+05 1.143569822832123464e+02 3.483922068225481780e+05 -8.078051531178824902e+08 2.659864153230688255e-01 3.216898658533639122e+01 3.152093773869084089e+03 3.216898658533639832e+01 3.890588535022080123e+03 3.812212071212594165e+05 3.152093773869084544e+03 3.812212071212594165e+05 3.735414512502936274e+07
9.649903380048329218e-03 1.167057115251423527e+00 1.143618551175014915e+02 1.167057115251424193e+00 -1.259662508944352339e+03 3.485128224277234403e+05 1.143618551175018183e+02 3.485128224277232075e+05 -8.078008682431058884e+08 2.659855306718530987e-01 3.216822945256859612e+01 3.152217957429318176e+03 3.216822945256859612e+01 3.890418337791954400e+03 3.812285212769425707e+05 3.152217957429317721e+03 3.812285212769425707e+05 3.735721272522344440e+07
9.649902849954953774e-03 1.167046758227851866e+00 1.143664965973561038e+02 1.167046758227854752e+00 -1.259852579057462663e+03 3.486262109919785871e+05 1.143664965973562175e+02 3.486262109919782961e+05 -8.077995592143930197e+08 2.659850987121363253e-01 3.216789350271675119e+01 3.152340946826315758e+03 3.216789350271675119e+01 3.890343396725450930e+03 3.812400331926390645e+05 3.152340946826316213e+03 3.812400331926391227e+05 3.736018857128713280e+07
9.649902736019450381e-03 1.167046261097263615e+00 1.143706889306796626e+02 1.167046261097262061e+00 -1.259809982579465213e+03 3.487272199459458352e+05 1.143706889306795347e+02 3.487272199459457188e+05 -8.078009771017991304e+08 2.659850058691194397e-01 3.216786895155125592e+01 3.152455439051458598e+03 3.216786895155126302e+01 3.890338816291566218e+03 3.812537218316397048e+05 3.152455439051458598e+03 3.812537218316395883e+05 3.736291548740608990e+07
9.649902915379484150e-03 1.167052563481444594e+00 1.143742885833561047e+02 1.167052563481448146e+00 -1.259610797183984232e+03 3.488125573274306371e+05 1.143742885833557921e+02 3.488125573274305207e+05 -8.078047660568927526e+08 2.659851520248561751e-01 3.216805974533505008e+01 3.152556331742369821e+03 3.216805974533505008e+01 3.890382827394611468e+03 3.812679755167160765e+05 3.152556331742369821e+03 3.812679755167160765e+05 3.736528655509368330e+07
9.649903283033134729e-03 1.167063073111733518e+00 1.143772158047873262e+02 1.167063073111734184e+00 -1.259318879791889685e+03 3.488805139151600888e+05 1.143772158047872836e+02 3.488805139151601470e+05 -8.078105068834472895e+08 2.659854516165218175e-01 3.216838443473178444e+01 3.152640447077553290e+03 3.216838443473179154e+01 3.890456981205873944e+03 3.812815673553778324e+05 3.152640447077552835e+03 3.812815673553776578e+05 3.736723842655452341e+07
9.649903752164002563e-03 1.167075667790415494e+00 1.143794436623798703e+02 1.167075667790413718e+00 -1.258985973699743681e+03 3.489306772946225828e+05 1.143794436623797992e+02 3.489306772946227575e+05 -8.078177534884505272e+08 2.659858339002997840e-01 3.216877625876523439e+01 3.152706232615844328e+03 3.216877625876523439e+01 3.890546164854727067e+03 3.812936197370902519e+05 3.152706232615844328e+03 3.812936197370901937e+05 3.736874420500326902e+07
9.649904253640574636e-03 1.167088677354476633e+00 1.143809871703299450e+02 1.167088677354477966e+00 -1.258652297853593154e+03 3.489636520826182095e+05 1.143809871703301724e+02 3.489636520826183259e+05 -8.078260621831749678e+08 2.659862425429893595e-01 3.216918259959628301e+01 3.152753457042447280e+03 3.216918259959628301e+01 3.890638475254644618e+03 3.813035617235539248e+05 3.152753457042447280e+03 3.813035617235539248e+05 3.736980629472442716e+07
9.649904734884121385e-03 1.167100850603279616e+00 1.143818929690526858e+02 1.167100850603276285e+00 -1.258347491906515188e+03 3.489807972328208270e+05 1.143818929690528421e+02 3.489807972328208853e+05 -8.078350141231117249e+08 2.659866346993189357e-01 3.216956396310028055e+01 3.152782915192307883e+03 3.216956396310028055e+01 3.890724986034983431e+03 3.813110826666224166e+05 3.152782915192308337e+03 3.813110826666224748e+05 3.737044953993682563e+07
9.649905158286155304e-03 1.167111311774704285e+00 1.143822298896419909e+02 1.167111311774704063e+00 -1.258091801522099104e+03 3.489839882548241294e+05 1.143822298896416214e+02 3.489839882548239548e+05 -8.078442314141941071e+08 2.659869797225690724e-01 3.216989262867879518e+01 3.152796153250675616e+03 3.216989262867878807e+01 3.890799439958113908e+03 3.813160848548850627e+05 3.152796153250676525e+03 3.813160848548852373e+05 3.737071489108245820e+07
9.649905499338785886e-03 1.167119510650203251e+00 1.143820806268515042e+02 1.167119510650202585e+00 -1.257897402130850423e+03 3.489754093978152960e+05 1.143820806268513479e+02 3.489754093978152378e+05 -8.078533875771551132e+08 2.659872576412655731e-01 3.217015109616718860e+01 3.152795221810517887e+03 3.217015109616718860e+01 3.890857895704205475e+03 3.813186374428147101e+05 3.152795221810517432e+03 3.813186374428146519e+05 3.737065376296097040e+07
9.649905744619258902e-03 1.167125169788023387e+00 1.143815346469020682e+02 1.167125169788022276e+00 -1.257769774760887231e+03 3.489573784374237293e+05 1.143815346469023098e+02 3.489573784374237293e+05 -8.078622131604139805e+08 2.659874575170194100e-01 3.217033043966632988e+01 3.152782461589187733e+03 3.217033043966632988e+01 3.890898353848512215e+03 3.813189333832365228e+05 3.152782461589186823e+03 3.813189333832364064e+05 3.737032318325894326e+07
9.649905889746649909e-03 1.167128231768801205e+00 1.143806823744339312e+02 1.167128231768799651e+00 -1.257709063585730746e+03 3.489322046909609344e+05 1.143806823744334906e+02 3.489322046909608762e+05 -8.078704973341574669e+08 2.659875757794820106e-01 3.217042865898117299e+01 3.152760324129685159e+03 3.217042865898116588e+01 3.890920382539276943e+03 3.813172505860488163e+05 3.152760324129685614e+03 3.813172505860488745e+05 3.736978177374355495e+07
9.649905937404173670e-03 1.167128808724117839e+00 1.143796106365732612e+02 1.167128808724122280e+00 -1.257711360597293151e+03 3.489020792778555187e+05 1.143796106365734886e+02 3.489020792778554605e+05 -8.078780862944102287e+08 2.659876146150261800e-01 3.217044910020275239e+01 3.152731227761743412e+03 3.217044910020274529e+01 3.890924759059326789e+03 3.813139180789479869e+05 3.152731227761742502e+03 3.813139180789479287e+05 3.736908656025276333e+07
9.649905895499109182e-03 1.167127135834455709e+00 1.143783992910479412e+02 1.167127135834455487e+00 -1.257769877656369772e+03 3.488689954243095708e+05 1.143783992910480265e+02 3.488689954243096872e+05 -8.078848792659782171e+08 2.659875804670968069e-01 3.217039899869852349e+01 3.152697447476175967e+03 3.217039899869853059e+01 3.890913139320377468e+03 3.813092875591357588e+05 3.152697447476175967e+03 3.813092875591356424e+05 3.736829057156798244e+07
9.649905775509301162e-03 1.167123529948054905e+00 1.143771189285129566e+02 1.167123529948057126e+00 -1.257875979617920621e+03 3.488346957548604114e+05 1.143771189285125729e+02 3.488346957548606442e+05 -8.078908228267626762e+08 2.659874826889012112e-01 3.217028818102455290e+01 3.152661036153855548e+03 3.217028818102455290e+01 3.890887763544191785e+03 3.813037104034709046e+05 3.152661036153856003e+03 3.813037104034709046e+05 3.736744116078450531e+07
9.649905591047863718e-03 1.167118354000820757e+00 1.143758295153733400e+02 1.167118354000820091e+00 -1.258020063964998826e+03 3.488006429791176924e+05 1.143758295153729705e+02 3.488006429791179835e+05 -8.078959041918026209e+08 2.659873323737162454e-01 3.217012794747674320e+01 3.152623773754618924e+03 3.217012794747674320e+01 3.890851203030036686e+03 3.812975199489800725e+05 3.152623773754618924e+03 3.812975199489800143e+05 3.736657896504002064e+07
9.649905356660586769e-03 1.167111987516707750e+00 1.143745798306476047e+02 1.167111987516705085e+00 -1.258192282250365224e+03 3.487680101237751660e+05 1.143745798306472352e+02 3.487680101237753988e+05 -8.079001440011423826e+08 2.659871413748703950e-01 3.216993014440726739e+01 3.152587140567942242e+03 3.216993014440726739e+01 3.890806150051799250e+03 3.812910186635399587e+05 3.152587140567942697e+03 3.812910186635399587e+05 3.736573740933982283e+07
9.649905086857561362e-03 1.167104803141149283e+00 1.143734075469872380e+02 1.167104803141150171e+00 -1.258383106597735605e+03 3.487376864297043649e+05 1.143734075469869822e+02 3.487376864297044813e+05 -8.079035890576692820e+08 2.659869215165401868e-01 3.216970642514093726e+01 3.152552310406864308e+03 3.216970642514093015e+01 3.890755250593778328e+03 3.812844696929284255e+05 3.152552310406864763e+03 3.812844696929285419e+05 3.736494265652696043e+07
9.649904795369628613e-03 1.167097148905615667e+00 1.143723398099685937e+02 1.167097148905611448e+00 -1.258583750610454445e+03 3.487102951833623811e+05 1.143723398099682527e+02 3.487102951833626139e+05 -8.079063053646179438e+08 2.659866839878847200e-01 3.216946769030050746e+01 3.152520159637888355e+03 3.216946769030051456e+01 3.890700977814458383e+03 3.812780921886726865e+05 3.152520159637888810e+03 3.812780921886726865e+05 3.736421390694872290e+07
9.649904494612809858e-03 1.167089335735250311e+00 1.143713941794228930e+02 1.167089335735248312e+00 -1.258786458402528297e+03 3.486862200350795756e+05 1.143713941794230777e+02 3.486862200350798084e+05 -8.079083717214820385e+08 2.659864389066097234e-01 3.216922369246261582e+01 3.152491288131599049e+03 3.216922369246261582e+01 3.890645542794180983e+03 3.812720597836648230e+05 3.152491288131599049e+03 3.812720597836648230e+05 3.736356395686406642e+07
9.649904195338300170e-03 1.167081629587093605e+00 1.143705798101900513e+02 1.167081629587094938e+00 -1.258984678283859012e+03 3.486656367322070873e+05 1.143705798101900655e+02 3.486656367322072037e+05 -8.079098740544805527e+08 2.659861950336265823e-01 3.216898278611693485e+01 3.152466048543571560e+03 3.216898278611692774e+01 3.890590838230008103e+03 3.812665015813904465e+05 3.152466048543572015e+03 3.812665015813905629e+05 3.736299993299852312e+07
9.649903906441697349e-03 1.167074247535920373e+00 1.143698987658015511e+02 1.167074247535914822e+00 -1.259173139107951556e+03 3.486485476257671253e+05 1.143698987658012811e+02 3.486485476257671253e+05 -8.079109005853607655e+08 2.659859596178156815e-01 3.216875180164857539e+01 3.152444580749355282e+03 3.216875180164858250e+01 3.890538410234026287e+03 3.812615050519594806e+05 3.152444580749355737e+03 3.812615050519594806e+05 3.736252413088025153e+07
9.649903634905197466e-03 1.167067357099918601e+00 1.143693473759790180e+02 1.167067357099917047e+00 -1.259347847650780750e+03 3.486348167638871819e+05 1.143693473759790322e+02 3.486348167638871819e+05 -8.079115378811767101e+08 2.659857383487455595e-01 3.216853602123982370e+01 3.152426848722909654e+03 3.216853602123982370e+01 3.890489453209002932e+03 3.812571202765192138e+05 3.152426848722909199e+03 3.812571202765192138e+05 3.736213489581601322e+07
9.649903385844815773e-03 1.167061078109937533e+00 1.143689175663717066e+02 1.167061078109938421e+00 -1.259506024859341778e+03 3.486242038384132320e+05 1.143689175663716924e+02 3.486242038384131738e+05 -8.079118677780454159e+08 2.659855353952789714e-01 3.216833923492042402e+01 3.152412677632906252e+03 3.216833923492042402e+01 3.890444822855158691e+03 3.812533650442973012e+05 3.152412677632906252e+03 3.812533650442973594e+05 3.736182749686866999e+07
9.649903162637436110e-03 1.167055486466227254e+00 1.143685981059013130e+02 1.167055486466225034e+00 -1.259645997604181503e+03 3.486163956828012597e+05 1.143685981059011283e+02 3.486163956828012597e+05 -8.079119651334502697e+08 2.659853535090281884e-01 3.216816385621934415e+01 3.152401789409861067e+03 3.216816385621934415e+01 3.890405062643621022e+03 3.812502303775665350e+05 3.152401789409861067e+03 3.812502303775665350e+05 3.736159495540489256e+07
9.649902967103437396e-03 1.167050619186750016e+00 1.143683757327424075e+02 1.167050619186753124e+00 -1.259767060891267647e+03 3.486110344151025056e+05 1.143683757327426065e+02 3.486110344151025056e+05 -8.079118963337062597e+08 2.659851941733675784e-01 3.216801107873867238e+01 3.152393835489234789e+03 3.216801107873867238e+01 3.890370439519238516e+03 3.812476861342485645e+05 3.152393835489234789e+03 3.812476861342485645e+05 3.736142880025596172e+07
9.649902799724828159e-03 1.167046480224953164e+00 1.143682361339874376e+02 1.167046480224954053e+00 -1.259869323512222309e+03 3.486077416697635781e+05 1.143682361339874660e+02 3.486077416697635781e+05 -8.079117184646780491e+08 2.659850577809252381e-01 3.216788105725907343e+01 3.152388425847004328e+03 3.216788105725908054e+01 3.890340985117453329e+03 3.812456864116326906e+05 3.152388425847004783e+03 3.812456864116326906e+05 3.736131973097179830e+07
9.649902659879763811e-03 1.167043046615361401e+00 1.143681647660829412e+02 1.167043046615361845e+00 -1.259953547990339302e+03 3.486061386604435393e+05 1.143681647660832823e+02 3.486061386604435975e+05 -8.079114790435303450e+08 2.659849438249703435e-01 3.216777309950366259e+01 3.152385153805329082e+03 3.216777309950366970e+01 3.890316539352966174e+03 3.812441745446420391e+05 3.152385153805329082e+03 3.812441745446419809e+05 3.736125817885231972e+07
9.649902546080037224e-03 1.167040274588407645e+00 1.143681475131666900e+02 1.167040274588408977e+00 -1.260020993538501898e+03 3.486058620609561331e+05 1.143681475131666048e+02 3.486058620609560749e+05 -8.079112162058459520e+08 2.659848510927056986e-01 3.216768585727160001e+01 3.152383616391594842e+03 3.216768585727160001e+01 3.890296793825519671e+03 3.812430875559570850e+05 3.152383616391595297e+03 3.812430875559571432e+05 3.736123476231566072e+07
9.649902456198823641e-03 1.167038105376259072e+00 1.143681711883634620e+02 1.167038105376256851e+00 -1.260073268683367587e+03 3.486065758835293236e+05 1.143681711883632488e+02 3.486065758835292654e+05 -8.079109592445378304e+08 2.659847778510421312e-01 3.216761750817533283e+01 3.152383430282836798e+03 3.216761750817533283e+01 3.890281333060931956e+03 3.812423599715808523e+05 3.152383430282836798e+03 3.812423599715809105e+05 3.736124063869186491e+07
9.649902387681055793e-03 1.167036470507079704e+00 1.143682238891203582e+02 1.167036470507078150e+00 -1.260112198302326760e+03 3.486079796757222502e+05 1.143682238891201450e+02 3.486079796757220174e+05 -8.079107294032992125e+08 2.659847220178476745e-01 3.216756592157720718e+01 3.152384243560503819e+03 3.216756592157720007e+01 3.890269672141479987e+03 3.812419269632693031e+05 3.152384243560503819e+03 3.812419269632694195e+05 3.736126775876141340e+07
9.649902337729644730e-03 1.167035296452918036e+00 1.143682952218318718e+02 1.167035296452915816e+00 -1.260139708117113514e+03 3.486098134540765313e+05 1.143682952218318860e+02 3.486098134540763567e+05 -8.079105408366808891e+08 2.659846813138772026e-01 3.216752880445289264e+01 3.152385743641361387e+03 3.216752880445289264e+01 3.890261289762931938e+03 3.812417268183465349e+05 3.152385743641360932e+03 3.812417268183464766e+05 3.736130903338164091e+07
9.649902303464864481e-03 1.167034508555750305e+00 1.143683764136204815e+02 1.167034508555751415e+00 -1.260157728221583511e+03 3.486118598494505277e+05 1.143683764136208083e+02 3.486118598494502949e+05 -8.079104016601717472e+08 2.659846533925201983e-01 3.216750382476466541e+01 3.152387661843947626e+03 3.216750382476465830e+01 3.890255656175942022e+03 3.812417027679451276e+05 3.152387661843947171e+03 3.812417027679452440e+05 3.736135842349092662e+07
9.649902282054898667e-03 1.167034034205621129e+00 1.143684603303494498e+02 1.167034034205620685e+00 -1.260168116005233060e+03 3.486139439621000201e+05 1.143684603303495351e+02 3.486139439620998455e+05 -8.079103150259675980e+08 2.659846359461478515e-01 3.216748871148625710e+01 3.152389775102635667e+03 3.216748871148626421e+01 3.890252255822378629e+03 3.812418042271788581e+05 3.152389775102635667e+03 3.812418042271787999e+05 3.736141096579592675e+07
9.649902270817564687e-03 1.167033805284762416e+00 1.143685414200497945e+02 1.167033805284759751e+00 -1.260172597867999229e+03 3.486159314202535897e+05 1.143685414200499508e+02 3.486159314202532987e+05 -8.079102801726553440e+08 2.659846267891792793e-01 3.216748133167615009e+01 3.152391905359415887e+03 3.216748133167614299e+01 3.890250604760998613e+03 3.812419875158788636e+05 3.152391905359415887e+03 3.812419875158789218e+05 3.736146274668775499e+07
9.649902267295331834e-03 1.167033759922185387e+00 1.143686156001708696e+02 1.167033759922183833e+00 -1.260172728394650676e+03 3.486177251103188028e+05 1.143686156001708696e+02 3.486177251103185117e+05 -8.079102934092133045e+08 2.659846239190208905e-01 3.216747974595868698e+01 3.152393917153804978e+03 3.216747974595867987e+01 3.890250263194503077e+03 3.812422161372794653e+05 3.152393917153804978e+03 3.812422161372795235e+05 3.736151083655802161e+07
9.649902269305220617e-03 1.167033843624920575e+00 1.143686801056042270e+02 1.167033843624921019e+00 -1.260169865149093766e+03 3.486192610057344427e+05 1.143686801056041986e+02 3.486192610057341517e+05 -8.079103490050568581e+08 2.659846255567979711e-01 3.216748224446365612e+01 3.152395713900279134e+03 3.216748224446365612e+01 3.890250843565866944e+03 3.812424606953711482e+05 3.152395713900278679e+03 3.812424606953710900e+05 3.736155319584359974e+07
9.649902274966834156e-03 1.167034009866266819e+00 1.143687333125519814e+02 1.167034009866270594e+00 -1.260165156935148389e+03 3.486205034700645483e+05 1.143687333125521945e+02 3.486205034700643155e+05 -8.079104399680172205e+08 2.659846301702992188e-01 3.216748736572124301e+01 3.152397233296258037e+03 3.216748736572123590e+01 3.890252014792466525e+03 3.812426985306130373e+05 3.152397233296258037e+03 3.812426985306130373e+05 3.736158856296040118e+07
9.649902282712286006e-03 1.167034220218795992e+00 1.143687745511534928e+02 1.167034220218795326e+00 -1.260159543222552202e+03 3.486214403527583927e+05 1.143687745511533649e+02 3.486214403527581599e+05 -8.079105587009310722e+08 2.659846364818425068e-01 3.216749390124596886e+01 3.152398442247454568e+03 3.216749390124596886e+01 3.890253503259515583e+03 3.812429131492889719e+05 3.152398442247454568e+03 3.812429131492889719e+05 3.736161633291391283e+07
9.649902291280564037e-03 1.167034444121483938e+00 1.143688039174960807e+02 1.167034444121483716e+00 -1.260153762425555669e+03 3.486220781368885655e+05 1.143688039174962796e+02 3.486220781368883909e+05 -8.079106975348346233e+08 2.659846434638754586e-01 3.216750088860458590e+01 3.152399331635950148e+03 3.216750088860458590e+01 3.890255091207588976e+03 3.812430935149388388e+05 3.152399331635949693e+03 3.812430935149387806e+05 3.736163643390358984e+07
9.649902299700530151e-03 1.167034658367895439e+00 1.143688220933986628e+02 1.167034658367896327e+00 -1.260148366817310489e+03 3.486224373402062338e+05 1.143688220933986486e+02 3.486224373402060592e+05 -8.079108491425920725e+08 2.659846503250680727e-01 3.216750759568344620e+01 3.152399911193568641e+03 3.216750759568344620e+01 3.890256613130697588e+03 3.812432332618477521e+05 3.152399911193568641e+03 3.812432332618478104e+05 3.736164920775744319e+07
9.649902307265470144e-03 1.167034846396198366e+00 1.143688301801978184e+02 1.167034846396198589e+00 -1.260143742038539131e+03 3.486225483163758181e+05 1.143688301801976195e+02 3.486225483163757599e+05 -8.079110068412015438e+08 2.659846564895014809e-01 3.216751349868680165e+01 3.152400204682111507e+03 3.216751349868680165e+01 3.890257950759048981e+03 3.812433298812382855e+05 3.152400204682111053e+03 3.812433298812382272e+05 3.736165529860951751e+07
9.649902313501769816e-03 1.167034997453438416e+00 1.143688295508045343e+02 1.167034997453441747e+00 -1.260140129388694277e+03 3.486224475539481500e+05 1.143688295508045485e+02 3.486224475539482082e+05 -8.079111647941218615e+08 2.659846615713037932e-01 3.216751825613837923e+01 3.152400245525168430e+03 3.216751825613837923e+01 3.890259027141705246e+03 3.812433839212261373e+05 3.152400245525167975e+03 3.812433839212260791e+05 3.736165555292034149e+07
9.649902318135009788e-03 1.167035105696790476e+00 1.143688217225826946e+02 1.167035105696790254e+00 -1.260137649349554977e+03 3.486221745276084985e+05 1.143688217225826520e+02 3.486221745276085567e+05 -8.079113181268920898e+08 2.659846653467911604e-01 3.216752168085262298e+01 3.152400072985109091e+03 3.216752168085262298e+01 3.890259800274635381e+03 3.812433982322178199e+05 3.152400072985109546e+03 3.812433982322178781e+05 3.736165093277025223e+07
9.649902321054559806e-03 1.167035169283771268e+00 1.143688082521099432e+02 1.167035169283771268e+00 -1.260136325066394875e+03 3.486217691200536792e+05 1.143688082521102842e+02 3.486217691200537956e+05 -8.079114629702457190e+08 2.659846677258428937e-01 3.216752371151401491e+01 3.152399728934635277e+03 3.216752371151401491e+01 3.890260256645164645e+03 3.812433772806627094e+05 3.152399728934634823e+03 3.812433772806627094e+05 3.736164244335361570e+07
9.649902322279359582e-03 1.167035189493027092e+00 1.143687906517038613e+02 1.167035189493027758e+00 -1.260136104785046427e+03 3.486212696036530542e+05 1.143687906517043302e+02 3.486212696036529960e+05 -8.079115964450187683e+08 2.659846687239059149e-01 3.216752438517141854e+01 3.152399255235337023e+03 3.216752438517141854e+01 3.890260404988513528e+03 3.812433265461549745e+05 3.152399255235337023e+03 3.812433265461550327e+05 3.736163107477308810e+07
9.649902321925687629e-03 1.167035169906963876e+00 1.143687703266447642e+02 1.167035169906966985e+00 -1.260136882502589287e+03 3.486207111486301292e+05 1.143687703266450626e+02 3.486207111486301292e+05 -8.079117166025978327e+08 2.659846684356987345e-01 3.216752381163568941e+01 3.152398691706202953e+03 3.216752381163568941e+01 3.890260270479830069e+03 3.812432520100041293e+05 3.152398691706202953e+03 3.812432520100041293e+05 3.736161775757905841e+07
9.649902320177776785e-03 1.167035115678112245e+00 1.143687485313427885e+02 1.167035115678110913e+00 -1.260138516326239824e+03 3.486201248084063409e+05 1.143687485313430443e+02 3.486201248084063409e+05 -8.079118223336095810e+08 2.659846670113838463e-01 3.216752215047456076e+01 3.152398074642633674e+03 3.216752215047456076e+01 3.890259889518313230e+03 3.812431597376259742e+05 3.152398074642633219e+03 3.812431597376259742e+05 3.736160333101180196e+07
9.649902317262379695e-03 1.167035032892861368e+00 1.143687263422459779e+02 1.167035032892862034e+00 -1.260140844243620450e+03 3.486195369223183952e+05 1.143687263422461911e+02 3.486195369223183952e+05 -8.079119132561762333e+08 2.659846646357016953e-01 3.216751959103616088e+01 3.152397435830698214e+03 3.216751959103616088e+01 3.890259305200584095e+03 3.812430555524784140e+05 3.152397435830698669e+03 3.812430555524784140e+05 3.736158852256661654e+07
9.649902313426949457e-03 1.167034928038866548e+00 1.143687046450082079e+02 1.167034928038866326e+00 -1.260143697184633311e+03 3.486189688704070868e+05 1.143687046450081652e+02 3.486189688704070868e+05 -8.079119895934770107e+08 2.659846615103280132e-01 3.216751633570801516e+01 3.152396801991468237e+03 3.216751633570801516e+01 3.890258563529473577e+03 3.812429447957350640e+05 3.152396801991468237e+03 3.812429447957350640e+05 3.736157393730076402e+07
9.649902308922160554e-03 1.167034807576680322e+00 1.143686841333562398e+02 1.167034807576683875e+00 -1.260146909399497872e+03 3.486184371135589317e+05 1.143686841333560551e+02 3.486184371135589317e+05 -8.079120520486888885e+08 2.659846578395149153e-01 3.216751258643144240e+01 3.152396194585320700e+03 3.216751258643143530e+01 3.890257710362202033e+03 3.812428321633710875e+05 3.152396194585320700e+03 3.812428321633710875e+05 3.736156005521184206e+07
9.649902303988143817e-03 1.167034677611360927e+00 1.143686653171213834e+02 1.167034677611361815e+00 -1.260150326289836812e+03 3.486179534541322500e+05 1.143686653171216676e+02 3.486179534541323083e+05 -8.079121016837121248e+08 2.659846538189226117e-01 3.216750853434517410e+01 3.152395629905449823e+03 3.216750853434517410e+01 3.890256789068767830e+03 3.812427216107377899e+05 3.152395629905448914e+03 3.812427216107377317e+05 3.736154723502321541e+07
9.649902298844405951e-03 1.167034543656414236e+00 1.143686485370518966e+02 1.167034543656413348e+00 -1.260153809911744702e+03 3.486175254565414507e+05 1.143686485370521950e+02 3.486175254565413925e+05 -8.079121398065012693e+08 2.659846496274269612e-01 3.216750435232157912e+01 3.152395119392345805e+03 3.216750435232157912e+01 3.890255838846460392e+03 3.812426163138786796e+05 3.152395119392345805e+03 3.812426163138787379e+05 3.736153572278920561e+07
9.649902293683074520e-03 1.167034410480005668e+00 1.143686339842394659e+02 1.167034410480006557e+00 -1.260157242424527794e+03 3.486171569733620272e+05 1.143686339842392954e+02 3.486171569733620272e+05 -8.079121678703664541e+08 2.659846454216043821e-01 3.216750019008328110e+01 3.152394670106103604e+03 3.216750019008328110e+01 3.890254893619364793e+03 3.812425186766781262e+05 3.152394670106103604e+03 3.812425186766781262e+05 3.736152566386524588e+07
9.649902288665022573e-03 1.167034282021956360e+00 1.143686217222595047e+02 1.167034282021958802e+00 -1.260160527789642856e+03 3.486168487297093961e+05 1.143686217222593768e+02 3.486168487297093379e+05 -8.079121873873219490e+08 2.659846413325435144e-01 3.216749617154262353e+01 3.152394285300159027e+03 3.216749617154262353e+01 3.890253981441472661e+03 3.812424303732861299e+05 3.152394285300159027e+03 3.812424303732861881e+05 3.736151711695552617e+07
9.649902283918340359e-03 1.167034161369405965e+00 1.143686117104186906e+02 1.167034161369407741e+00 -1.260163592035085912e+03 3.486165989263790543e+05 1.143686117104184632e+02 3.486165989263789379e+05 -8.079121998564616442e+08 2.659846374646060996e-01 3.216749239398607330e+01 3.152393965047889196e+03 3.216749239398607330e+01 3.890253124317539914e+03 3.812423524160084198e+05 3.152393965047889196e+03 3.812423524160084198e+05 3.736151006913970411e+07
9.649902279538692673e-03 1.167034050779093279e+00 1.143686038268059377e+02 1.167034050779093945e+00 -1.260166382394954780e+03 3.486164038300493849e+05 1.143686038268060656e+02 3.486164038300492684e+05 -8.079122067074384689e+08 2.659846338957559952e-01 3.216748892872698917e+01 3.152393706881760863e+03 3.216748892872698917e+01 3.890252338356165637e+03 3.812422852398680407e+05 3.152393706881760863e+03 3.812422852398680407e+05 3.736150445097682625e+07
9.649902275591221851e-03 1.167033951734788966e+00 1.143685978901380054e+02 1.167033951734794073e+00 -1.260168865615851246e+03 3.486162583263766719e+05 1.143685978901376075e+02 3.486162583263766137e+05 -8.079122092584171295e+08 2.659846306790906723e-01 3.216748582286751201e+01 3.152393506412998249e+03 3.216748582286751201e+01 3.890251634173556795e+03 3.812422287962342380e+05 3.152393506412998704e+03 3.812422287962341798e+05 3.736150015097862482e+07
9.649902272113555779e-03 1.167033865029368789e+00 1.143685936796658353e+02 1.167033865029367234e+00 -1.260171025694779019e+03 3.486161564187784679e+05 1.143685936796659917e+02 3.486161564187784097e+05 -8.079122086873451471e+08 2.659846278452333013e-01 3.216748310184006954e+01 3.152393357907640166e+03 3.216748310184006954e+01 3.890251017473264255e+03 3.812421826491811080e+05 3.152393357907639711e+03 3.812421826491810498e+05 3.736149702892801166e+07
9.649902269119268669e-03 1.167033790862178844e+00 1.143685909526515019e+02 1.167033790862177511e+00 -1.260172861280269444e+03 3.486160916619216441e+05 1.143685909526516298e+02 3.486160916619215277e+05 -8.079122060150307417e+08 2.659846254052848358e-01 3.216748077243657633e+01 3.152393254802120282e+03 3.216748077243657633e+01 3.890250489735702558e+03 3.812421460695117130e+05 3.152393254802120282e+03 3.812421460695117130e+05 3.736149492768561095e+07
9.649902266602039189e-03 1.167033728943837279e+00 1.143685894591522327e+02 1.167033728943835058e+00 -1.260174382932462777e+03 3.486160575242878986e+05 1.143685894591521901e+02 3.486160575242878404e+05 -8.079122020983036757e+08 2.659846233540720806e-01 3.216747882607609910e+01 3.152393190147905898e+03 3.216747882607609199e+01 3.890250048961006087e+03 3.812421181226029876e+05 3.152393190147905898e+03 3.812421181226030458e+05 3.736149368327291310e+07
9.649902264539645530e-03 1.167033678601876234e+00 1.143685889540157490e+02 1.167033678601875124e+00 -1.260175610400989626e+03 3.486160476786267245e+05 1.143685889540156495e+02 3.486160476786267245e+05 -8.079121976314496994e+08 2.659846216734764179e-01 3.216747724210593162e+01 3.152393156980272579e+03 3.216747724210593162e+01 3.890249690418798764e+03 3.812420977473574458e+05 3.152393156980272579e+03 3.812420977473574458e+05 3.736149313314608485e+07
9.649902262897899763e-03 1.167033638882150060e+00 1.143685892061461971e+02 1.167033638882152502e+00 -1.260176570043603988e+03 3.486160562226320617e+05 1.143685892061462255e+02 3.486160562226320617e+05 -8.079121931541235447e+08 2.659846203356692751e-01 3.216747599097497101e+01 3.152393148610771732e+03 3.216747599097496391e+01 3.890249407368417906e+03 3.812420838245449122e+05 3.152393148610771277e+03 3.812420838245449122e+05 3.736149312267389148e+07
9.649902261634464226e-03 1.167033608642223497e+00 1.143685900052097111e+02 1.167033608642221054e+00 -1.260177292474976639e+03 3.486160778348293388e+05 1.143685900052096258e+02 3.486160778348293388e+05 -8.079121890640357733e+08 2.659846193061243258e-01 3.216747503715936318e+01 3.152393158846507049e+03 3.216747503715936318e+01 3.890249191722513388e+03 3.812420752336791484e+05 3.152393158846507049e+03 3.812420752336791484e+05 3.736149350991230458e+07
9.649902260702019133e-03 1.167033586634101061e+00 1.143685911660212469e+02 1.167033586634097730e+00 -1.260177810504851550e+03 3.486161078725100379e+05 1.143685911660213606e+02 3.486161078725100961e+05 -8.079121856328608990e+08 2.659846185463159429e-01 3.216747434175858444e+01 3.152393182142000114e+03 3.216747434175858444e+01 3.890249034635497992e+03 3.812420708982835640e+05 3.152393182141999660e+03 3.812420708982835058e+05 3.736149416882514954e+07
9.649902260051267111e-03 1.167033571574832784e+00 1.143685925309178941e+02 1.167033571574833672e+00 -1.260178157398549047e+03 3.486161424196859589e+05 1.143685925309182494e+02 3.486161424196858425e+05 -8.079121830239989758e+08 2.659846180160443940e-01 3.216747386471277537e+01 3.152393213691183064e+03 3.216747386471276826e+01 3.890248927005856785e+03 3.812420698199631879e+05 3.152393213691183064e+03 3.812420698199633043e+05 3.736149499113810807e+07
9.649902259633209162e-03 1.167033562204276009e+00 1.143685939704360663e+02 1.167033562204274233e+00 -1.260178365470786503e+03 3.486161782935714000e+05 1.143685939704355405e+02 3.486161782935712254e+05 -8.079121813110332489e+08 2.659846176753637992e-01 3.216747356662045831e+01 3.152393249468168506e+03 3.216747356662045831e+01 3.890248859887610251e+03 3.812420711021156167e+05 3.152393249468169415e+03 3.812420711021156749e+05 3.736149588703424484e+07
9.649902259400940097e-03 1.167033557330148463e+00 1.143685953826270776e+02 1.167033557330150018e+00 -1.260178465006179067e+03 3.486162130181296961e+05 1.143685953826270634e+02 3.486162130181294051e+05 -8.079121804959403276e+08 2.659846174861062451e-01 3.216747341015862105e+01 3.152393286225863903e+03 3.216747341015861394e+01 3.890248824811501891e+03 3.812420739644084824e+05 3.152393286225863449e+03 3.812420739644085406e+05 3.736149678490708768e+07
9.649902259311267036e-03 1.167033555861030525e+00 1.143685966913343606e+02 1.167033555861031857e+00 -1.260178483486261030e+03 3.486162447728654952e+05 1.143685966913344600e+02 3.486162447728651459e+05 -8.079121805263228416e+08 2.659846174130205410e-01 3.216747336112479161e+01 3.152393321461452160e+03 3.216747336112479161e+01 3.890248814020400459e+03 3.812420777493239730e+05 3.152393321461452160e+03 3.812420777493239730e+05 3.736149763038251549e+07
9.649902259325413706e-03 1.167033556828306118e+00 1.143685978437223554e+02 1.167033556828307894e+00 -1.260178445093267783e+03 3.486162723243905930e+05 1.143685978437220001e+02 3.486162723243903019e+05 -8.079121813111313581e+08 2.659846174245542039e-01 3.216747338913393861e+01 3.152393353357316300e+03 3.216747338913393861e+01 3.890248820626414727e+03 3.812420819221520796e+05 3.152393353357316300e+03 3.812420819221520214e+05 3.736149838480848819e+07
9.649902259409790656e-03 1.167033559398462650e+00 1.143685988073343083e+02 1.167033559398461762e+00 -1.260178370454728338e+03 3.486162949474497582e+05 1.143685988073343651e+02 3.486162949474494671e+05 -8.079121827345236540e+08 2.659846174933192531e-01 3.216747346801132323e+01 3.152393380705213076e+03 3.216747346801132323e+01 3.890248838699110365e+03 3.812420860658095335e+05 3.152393380705212621e+03 3.812420860658094753e+05 3.736149902339237183e+07
9.649902259536172200e-03 1.167033562877168418e+00 1.143685995669031996e+02 1.167033562877165309e+00 -1.260178276589742836e+03 3.486163123411207343e+05 1.143685995669029580e+02 3.486163123411203269e+05 -8.079121846676669121e+08 2.659846175962869430e-01 3.216747357592782208e+01 3.152393402820619031e+03 3.216747357592781498e+01 3.890248863295390038e+03 3.812420898718054523e+05 3.152393402820619031e+03 3.812420898718055105e+05 3.736149953314325958e+07
9.649902259681555905e-03 1.167033566706676684e+00 1.143686001211093526e+02 1.167033566706678016e+00 -1.260178177017064172e+03 3.486163245448971866e+05 1.143686001211094663e+02 3.486163245448967791e+05 -8.079121869784176350e+08 2.659846177147602853e-01 3.216747369532549783e+01 3.152393419453081151e+03 3.216747369532549783e+01 3.890248890441895583e+03 3.812420931285567349e+05 3.152393419453080696e+03 3.812420931285566767e+05 3.736149991075075418e+07
9.649902259828101875e-03 1.167033570458112290e+00 1.143686004794430602e+02 1.167033570458109182e+00 -1.260178081986364305e+03 3.486163318583551445e+05 1.143686004794431028e+02 3.486163318583547371e+05 -8.079121895389248133e+08 2.659846178341711553e-01 3.216747381268075401e+01 3.152393430697354688e+03 3.216747381268075401e+01 3.890248917080676620e+03 3.812420957081245142e+05 3.152393430697354688e+03 3.812420957081244560e+05 3.736150016050722450e+07
9.649902259962560291e-03 1.167033573819982850e+00 1.143686006592804176e+02 1.167033573819985293e+00 -1.260177998796763859e+03 3.486163347671483643e+05 1.143686006592802187e+02 3.486163347671478987e+05 -8.079121922312797308e+08 2.659846179437484470e-01 3.216747391814927681e+01 3.152393436909055708e+03 3.216747391814927681e+01 3.890248940988184586e+03 3.812420975522820372e+05 3.152393436909055254e+03 3.812420975522820372e+05 3.736150029235498607e+07
9.649902260075903654e-03 1.167033576584269872e+00 1.143686006832609507e+02 1.167033576584266541e+00 -1.260177932170472559e+03 3.486163338772100979e+05 1.143686006832608655e+02 3.486163338772096904e+05 -8.079121949513967037e+08 2.659846180360984635e-01 3.216747400513332167e+01 3.152393438627528212e+03 3.216747400513332167e+01 3.890248960676725346e+03 3.812420986586585059e+05 3.152393438627527757e+03 3.812420986586584477e+05 3.736150032011699677e+07
9.649902260162561765e-03 1.167033578631150759e+00 1.143686005770110370e+02 1.167033578631155422e+00 -1.260177884653761339e+03 3.486163298582701827e+05 1.143686005770109659e+02 3.486163298582698335e+05 -8.079121976113457680e+08 2.659846181067340165e-01 3.216747406980602619e+01 3.152393436507762090e+03 3.216747406980601909e+01 3.890248975286311634e+03 3.812420990675432258e+05 3.152393436507761180e+03 3.812420990675431094e+05 3.736150025994914025e+07
9.649902260220060909e-03 1.167033579913375974e+00 1.143686003672453921e+02 1.167033579913379526e+00 -1.260177857022201351e+03 3.486163233971448499e+05 1.143686003672451079e+02 3.486163233971447335e+05 -8.079122001403794289e+08 2.659846181535834853e-01 3.216747411062275575e+01 3.152393431262362810e+03 3.216747411062276285e+01 3.890248984473634664e+03 3.812420988497795188e+05 3.152393431262362810e+03 3.812420988497794024e+05 3.736150012903371453e+07
9.649902260248196390e-03 1.167033580440953955e+00 1.143686000802392471e+02 1.167033580440950402e+00 -1.260177848671808079e+03 3.486163151607277687e+05 1.143686000802395029e+02 3.486163151607277105e+05 -8.079122024848989248e+08 2.659846181765057049e-01 3.216747412784299343e+01 3.152393423613961659e+03 3.216747412784300053e+01 3.890248988303516853e+03 3.812420980960376910e+05 3.152393423613960749e+03 3.812420980960376328e+05 3.736149994451947510e+07
9.649902260248588437e-03 1.167033580266823689e+00 1.143685997406657435e+02 1.167033580266824799e+00 -1.260177857982276237e+03 3.486163057681940845e+05 1.143685997406660135e+02 3.486163057681939099e+05 -8.079122046075996161e+08 2.659846181768294460e-01 3.216747412308120602e+01 3.152393414257852328e+03 3.216747412308119891e+01 3.890248987147024764e+03 3.812420969076348119e+05 3.152393414257851873e+03 3.812420969076348701e+05 3.736149972270074487e+07
9.649902260224175674e-03 1.167033579473871541e+00 1.143685993707657218e+02 1.167033579473873317e+00 -1.260177882642657551e+03 3.486162957716311212e+05 1.143685993707658781e+02 3.486162957716308883e+05 -8.079122064860194921e+08 2.659846181569327506e-01 3.216747409889983089e+01 3.152393403834294077e+03 3.216747409889983800e+01 3.890248981589169944e+03 3.812420953889634111e+05 3.152393403834294531e+03 3.812420953889634111e+05 3.736149947841993719e+07
9.649902260178699898e-03 1.167033578163568563e+00 1.143685989898143731e+02 1.167033578163568563e+00 -1.260177919933536032e+03 3.486162856441033073e+05 1.143685989898144726e+02 3.486162856441031327e+05 -8.079122081106902361e+08 2.659846181198714521e-01 3.216747405845285357e+01 3.152393392909572867e+03 3.216747405845285357e+01 3.890248972348121242e+03 3.812420936415083706e+05 3.152393392909572867e+03 3.812420936415083124e+05 3.736149922467077523e+07
9.649902260116341793e-03 1.167033576446377952e+00 1.143685986138442274e+02 1.167033576446378618e+00 -1.260177966962949540e+03 3.486162757740469533e+05 1.143685986138443695e+02 3.486162757740468369e+05 -8.079122094830659628e+08 2.659846180690621509e-01 3.216747400518428179e+01 3.152393381964728178e+03 3.216747400518428179e+01 3.890248960206929951e+03 3.812420917593661579e+05 3.152393381964728178e+03 3.812420917593661579e+05 3.736149897237572819e+07
9.649902260041429494e-03 1.167033574433963272e+00 1.143685982555804941e+02 1.167033574433965271e+00 -1.260178020855916657e+03 3.486162664648485370e+05 1.143685982555807641e+02 3.486162664648486534e+05 -8.079122106133753061e+08 2.659846180080218114e-01 3.216747394258284487e+01 3.152393371390778157e+03 3.216747394258285198e+01 3.890248945957994692e+03 3.812420898261324037e+05 3.152393371390777702e+03 3.812420898261322873e+05 3.736149873030931503e+07
9.649902259958164502e-03 1.167033572233129313e+00 1.143685979245434083e+02 1.167033572233130201e+00 -1.260178078899479260e+03 3.486162579384822166e+05 1.143685979245433373e+02 3.486162579384823330e+05 -8.079122115185135603e+08 2.659846179401623711e-01 3.216747387399108504e+01 3.152393361489198014e+03 3.216747387399108504e+01 3.890248930359884525e+03 3.812420879129910609e+05 3.152393361489198469e+03 3.812420879129910609e+05 3.736149850513833016e+07
9.649902259870397903e-03 1.167033569941384519e+00 1.143685976272771256e+02 1.167033569941381188e+00 -1.260178138646734624e+03 3.486162503421413712e+05 1.143685976272768130e+02 3.486162503421416041e+05 -8.079122122200651169e+08 2.659846178686379181e-01 3.216747380246528110e+01 3.152393352476491600e+03 3.216747380246528110e+01 3.890248914105706717e+03 3.812420860778272618e+05 3.152393352476492055e+03 3.812420860778272618e+05 3.736149830155163258e+07
9.649902259781547101e-03 1.167033567643972258e+00 1.143685973676672631e+02 1.167033567643969150e+00 -1.260178197984347207e+03 3.486162437569060712e+05 1.143685973676670073e+02 3.486162437569063040e+05 -8.079122127425185442e+08 2.659846177962392200e-01 3.216747373068113802e+01 3.152393344491718835e+03 3.216747373068113802e+01 3.890248897801830481e+03 3.812420843651702744e+05 3.152393344491718835e+03 3.812420843651702744e+05 3.736149812245342880e+07
9.649902259694521228e-03 1.167033565412162632e+00 1.143685971473123999e+02 1.167033565412161522e+00 -1.260178255168683791e+03 3.486162382075984497e+05 1.143685971473123573e+02 3.486162382075986825e+05 -8.079122131117161512e+08 2.659846177253295529e-01 3.216747366087923155e+01 3.152393337606001751e+03 3.216747366087923155e+01 3.890248881955630168e+03 3.812420828067890834e+05 3.152393337606001751e+03 3.812420828067890834e+05 3.736149796919762343e+07
9.649902259611669100e-03 1.167033563302604771e+00 1.143685969659210429e+02 1.167033563302602772e+00 -1.260178308835967528e+03 3.486162336731181131e+05 1.143685969659213697e+02 3.486162336731182295e+05 -8.079122133535594940e+08 2.659846176578154475e-01 3.216747359484373447e+01 3.152393331833131924e+03 3.216747359484372737e+01 3.890248866970764993e+03 3.812420814227642841e+05 3.152393331833131924e+03 3.812420814227644005e+05 3.736149784184332937e+07
9.649902259534761870e-03 1.167033561357522453e+00 1.143685968217094455e+02 1.167033561357520455e+00 -1.260178357991811026e+03 3.486162300966763869e+05 1.143685968217096161e+02 3.486162300966763287e+05 -8.079122134929745197e+08 2.659846175951467440e-01 3.216747353390793762e+01 3.152393327140549900e+03 3.216747353390793762e+01 3.890248853148520539e+03 3.812420802228823304e+05 3.152393327140550355e+03 3.812420802228823886e+05 3.736149773941510916e+07
9.649902259465058946e-03 1.167033559605578530e+00 1.143685967117841216e+02 1.167033559605577864e+00 -1.260178401985241635e+03 3.486162273954862030e+05 1.143685967117839937e+02 3.486162273954860284e+05 -8.079122135531297922e+08 2.659846175383380751e-01 3.216747347898037646e+01 3.152393323460114971e+03 3.216747347898036935e+01 3.890248840693808688e+03 3.812420792082156986e+05 3.152393323460114971e+03 3.812420792082157568e+05 3.736149766015525907e+07
9.649902259403292382e-03 1.167033558063184095e+00 1.143685966324921139e+02 1.167033558063181431e+00 -1.260178440471878275e+03 3.486162254695809679e+05 1.143685966324919718e+02 3.486162254695807933e+05 -8.079122135548878908e+08 2.659846174880066139e-01 3.216747343058560915e+01 3.152393320698213756e+03 3.216747343058560915e+01 3.890248829724479037e+03 3.812420783727754606e+05 3.152393320698213302e+03 3.812420783727754024e+05 3.736149760175811499e+07
9.649902259349800449e-03 1.167033556736128741e+00 1.143685965797328237e+02 1.167033556736129185e+00 -1.260178473370393021e+03 3.486162242095508263e+05 1.143685965797326389e+02 3.486162242095504771e+05 -8.079122135164675713e+08 2.659846174444213118e-01 3.216747338891460117e+01 3.152393318744896533e+03 3.216747338891459407e+01 3.890248820282788529e+03 3.812420777051422629e+05 3.152393318744896533e+03 3.812420777051423793e+05 3.736149756157971919e+07
9.649902259304565799e-03 1.167033555621357799e+00 1.143685965492235397e+02 1.167033555621358687e+00 -1.260178500815783082e+03 3.486162235030753654e+05 1.143685965492231844e+02 3.486162235030748998e+05 -8.079122134532860518e+08 2.659846174075572445e-01 3.216747335388020446e+01 3.152393317481826216e+03 3.216747335388020446e+01 3.890248812348023876e+03 3.812420771900079562e+05 3.152393317481826216e+03 3.812420771900079562e+05 3.736149753681854904e+07
9.649902259267248428e-03 1.167033554708786003e+00 1.143685965367165664e+02 1.167033554708787335e+00 -1.260178523112319908e+03 3.486162232402182999e+05 1.143685965367167228e+02 3.486162232402179507e+05 -8.079122133779513836e+08 2.659846173771531763e-01 3.216747332517398661e+01 3.152393316788939501e+03 3.216747332517398661e+01 3.890248805849401379e+03 3.812420768095709500e+05 3.152393316788938591e+03 3.812420768095708336e+05 3.736149752466534823e+07
9.649902259237301896e-03 1.167033553983070515e+00 1.143685965381706211e+02 1.167033553983074512e+00 -1.260178540688448720e+03 3.486162233175091678e+05 1.143685965381705500e+02 3.486162233175087022e+05 -8.079122133003733158e+08 2.659846173527676272e-01 3.216747330232146851e+01 3.152393316549788779e+03 3.216747330232146140e+01 3.890248800678613861e+03 3.812420765447578160e+05 3.152393316549788779e+03 3.812420765447578160e+05 3.736149752242194861e+07
9.649902259214091296e-03 1.167033553425261605e+00 1.143685965498771537e+02 1.167033553425255832e+00 -1.260178554055318727e+03 3.486162236408854951e+05 1.143685965498771111e+02 3.486162236408850877e+05 -8.079122132279635668e+08 2.659846173338314967e-01 3.216747328473361023e+01 3.152393316655616218e+03 3.216747328473361733e+01 3.890248796701514493e+03 3.812420763762504212e+05 3.152393316655615763e+03 3.812420763762503630e+05 3.736149752759028971e+07
9.649902259196731918e-03 1.167033553014243497e+00 1.143685965685424009e+02 1.167033553014242386e+00 -1.260178563770064102e+03 3.486162241276104469e+05 1.143685965685422161e+02 3.486162241276099230e+05 -8.079122131658977270e+08 2.659846173196963037e-01 3.216747327175292526e+01 3.152393317008238682e+03 3.216747327175291815e+01 3.890248793768552787e+03 3.812420762853114866e+05 3.152393317008238228e+03 3.812420762853115448e+05 3.736149753793419898e+07
9.649902259184446607e-03 1.167033552728037549e+00 1.143685965913399087e+02 1.167033552728035772e+00 -1.260178570404530547e+03 3.486162247072958853e+05 1.143685965913400651e+02 3.486162247072953614e+05 -8.079122131174142361e+08 2.659846173096753752e-01 3.216747326269315721e+01 3.152393317521863992e+03 3.216747326269315721e+01 3.890248791723789509e+03 3.812420762544168392e+05 3.152393317521863537e+03 3.812420762544167810e+05 3.736149755151654780e+07
9.649902259176338509e-03 1.167033552544818331e+00 1.143685966159257106e+02 1.167033552544815223e+00 -1.260178574519695758e+03 3.486162253221768187e+05 1.143685966159255258e+02 3.486162253221762367e+05 -8.079122130841301680e+08 2.659846173030789296e-01 3.216747325687227033e+01 3.152393318124003144e+03 3.216747325687227033e+01 3.890248790412342260e+03 3.812420762677048333e+05 3.152393318124003144e+03 3.812420762677048333e+05 3.736149756671597064e+07
9.649902259171614857e-03 1.167033552443761835e+00 1.143685966404340917e+02 1.167033552443761835e+00 -1.260178576645767862e+03 3.486162259267839254e+05 1.143685966404345891e+02 3.486162259267834015e+05 -8.079122130663563013e+08 2.659846172992417213e-01 3.216747325363849086e+01 3.152393318755603559e+03 3.216747325363848375e+01 3.890248789686294913e+03 3.812420763112627319e+05 3.152393318755602195e+03 3.812420763112626737e+05 3.736149758222614229e+07
9.649902259169559210e-03 1.167033552405657204e+00 1.143685966634511573e+02 1.167033552405655428e+00 -1.260178577267643959e+03 3.486162264871568768e+05 1.143685966634511715e+02 3.486162264871563530e+05 -8.079122130633982420e+08 2.659846172975444123e-01 3.216747325238977595e+01 3.152393319370588870e+03 3.216747325238977595e+01 3.890248789409087294e+03 3.812420763732707710e+05 3.152393319370588870e+03 3.812420763732708292e+05 3.736149759704191983e+07
9.649902259169415228e-03 1.167033552413310193e+00 1.143685966839737205e+02 1.167033552413307973e+00 -1.260178576815261295e+03 3.486162269797313493e+05 1.143685966839734647e+02 3.486162269797309418e+05 -8.079122130738334656e+08 2.659846172974285605e-01 3.216747325258719314e+01 3.152393319934935334e+03 3.216747325258719314e+01 3.890248789458532428e+03 3.812420764440272469e+05 3.152393319934935334e+03 3.812420764440271887e+05 3.736149761043522507e+07
9.649902259170606983e-03 1.167033552451822276e+00 1.143685967013627618e+02 1.167033552451819389e+00 -1.260178575658247610e+03 3.486162273900181754e+05 1.143685967013625486e+02 3.486162273900178843e+05 -8.079122130957578421e+08 2.659846172984053903e-01 3.216747325376288558e+01 3.152393320425425827e+03 3.216747325376288558e+01 3.890248789728615066e+03 3.812420765158797149e+05 3.152393320425425372e+03 3.812420765158796567e+05 3.736149762192437798e+07
9.649902259172629670e-03 1.167033552508675909e+00 1.143685967152880920e+02 1.167033552508677019e+00 -1.260178574104200379e+03 3.486162277111758012e+05 1.143685967152882768e+02 3.486162277111755102e+05 -8.079122131269972324e+08 2.659846173000607883e-01 3.216747325552341152e+01 3.152393320828213746e+03 3.216747325552341152e+01 3.890248790130231100e+03 3.812420765830845339e+05 3.152393320828213291e+03 3.812420765830844757e+05 3.736149763123937696e+07
9.649902259175070426e-03 1.167033552573718991e+00 1.143685967256727167e+02 1.167033552573720101e+00 -1.260178572399918266e+03 3.486162279425633606e+05 1.143685967256728873e+02 3.486162279425631277e+05 -8.079122131652827263e+08 2.659846173020554150e-01 3.216747325754931097e+01 3.152393321137292332e+03 3.216747325754931097e+01 3.890248790591072066e+03 3.812420766416152474e+05 3.152393321137292332e+03 3.812420766416152474e+05 3.736149763828547299e+07
9.649902259177611796e-03 1.167033552639054506e+00 1.143685967326385651e+02 1.167033552639054506e+00 -1.260178570734906771e+03 3.486162280883404310e+05 1.143685967326387072e+02 3.486162280883401982e+05 -8.079122132083898783e+08 2.659846173041218731e-01 3.216747325959162396e+01 3.152393321352956264e+03 3.216747325959162396e+01 3.890248791054832054e+03 3.812420766889402294e+05 3.152393321352956264e+03 3.812420766889402294e+05 3.736149764310721308e+07
9.649902259179988367e-03 1.167033552698850896e+00 1.143685967364546059e+02 1.167033552698853782e+00 -1.260178569246530515e+03 3.486162281561660348e+05 1.143685967364544922e+02 3.486162281561657437e+05 -8.079122132542440891e+08 2.659846173060596564e-01 3.216747326146624886e+01 3.152393321480329632e+03 3.216747326146624886e+01 3.890248791479914416e+03 3.812420767237845575e+05 3.152393321480329632e+03 3.812420767237846158e+05 3.736149764585421979e+07
9.649902259182045750e-03 1.167033552749120462e+00 1.143685967374913020e+02 1.167033552749117575e+00 -1.260178568026245102e+03 3.486162281560305855e+05 1.143685967374913162e+02 3.486162281560304109e+05 -8.079122133009940386e+08 2.659846173077281550e-01 3.216747326304678722e+01 3.152393321528007618e+03 3.216747326304678722e+01 3.890248791837802401e+03 3.812420767458913033e+05 3.152393321528007164e+03 3.812420767458912451e+05 3.736149764674999565e+07
9.649902259183638226e-03 1.167033552787450468e+00 1.143685967361789722e+02 1.167033552787451356e+00 -1.260178567126405142e+03 3.486162280992459273e+05 1.143685967361789153e+02 3.486162280992456945e+05 -8.079122133470582962e+08 2.659846173090386068e-01 3.216747326425646492e+01 3.152393321506845950e+03 3.216747326425646492e+01 3.890248792111226976e+03 3.812420767557906220e+05 3.152393321506845950e+03 3.812420767557906220e+05 3.736149764606431127e+07
9.649902259184751918e-03 1.167033552812749342e+00 1.143685967329748792e+02 1.167033552812753783e+00 -1.260178566567237340e+03 3.486162279976004502e+05 1.143685967329747655e+02 3.486162279976002173e+05 -8.079122133911480904e+08 2.659846173099459921e-01 3.216747326505981874e+01 3.152393321428920899e+03 3.216747326505981164e+01 3.890248792292265534e+03 3.812420767545871204e+05 3.152393321428920899e+03 3.812420767545871204e+05 3.736149764408975840e+07
9.649902259185372949e-03 1.167033552824968901e+00 1.143685967283343246e+02 1.167033552824968012e+00 -1.260178566343647617e+03 3.486162278626828920e+05 1.143685967283345235e+02 3.486162278626827756e+05 -8.079122134322705269e+08 2.659846173104403744e-01 3.216747326545434760e+01 3.152393321306667076e+03 3.216747326545435470e+01 3.890248792380462874e+03 3.812420767437694594e+05 3.152393321306666621e+03 3.812420767437693430e+05 3.736149764112246037e+07
9.649902259185496115e-03 1.167033552824853881e+00 1.143685967226890341e+02 1.167033552824854326e+00 -1.260178566431590752e+03 3.486162277053672005e+05 1.143685967226888351e+02 3.486162277053669677e+05 -8.079122134697175026e+08 2.659846173105390732e-01 3.216747326546269647e+01 3.152393321152193039e+03 3.216747326546268937e+01 3.890248792381038129e+03 3.812420767250451609e+05 3.152393321152193494e+03 3.812420767250452773e+05 3.736149763744701445e+07
9.649902259185164782e-03 1.167033552813718567e+00 1.143685967164323927e+02 1.167033552813720121e+00 -1.260178566793839764e+03 3.486162275354448357e+05 1.143685967164324211e+02 3.486162275354446028e+05 -8.079122135030426979e+08 2.659846173102790590e-01 3.216747326512543026e+01 3.152393320976765153e+03 3.216747326512543026e+01 3.890248792303265418e+03 3.812420767002049251e+05 3.152393320976764699e+03 3.812420767002049251e+05 3.736149763332526386e+07
9.649902259184479567e-03 1.167033552793248274e+00 1.143685967099091840e+02 1.167033552793249385e+00 -1.260178567385020415e+03 3.486162273613900761e+05 1.143685967099090703e+02 3.486162273613898433e+05 -8.079122135320314169e+08 2.659846173097103472e-01 3.216747326449470989e+01 3.152393320790446978e+03 3.216747326449470989e+01 3.890248792159027744e+03 3.812420766710120370e+05 3.152393320790446978e+03 3.812420766710120370e+05 3.736149762898874283e+07
9.649902259183473427e-03 1.167033552765311510e+00 1.143685967034083291e+02 1.167033552765310844e+00 -1.260178568155869016e+03 3.486162271902385983e+05 1.143685967034084570e+02 3.486162271902383654e+05 -8.079122135566654205e+08 2.659846173088907251e-01 3.216747326362889936e+01 3.152393320601875075e+03 3.216747326362889936e+01 3.890248791961597362e+03 3.812420766391200596e+05 3.152393320601875075e+03 3.812420766391200596e+05 3.736149762463404238e+07
9.649902259182243508e-03 1.167033552731833179e+00 1.143685966971626726e+02 1.167033552731830071e+00 -1.260178569056675315e+03 3.486162270275601186e+05 1.143685966971625021e+02 3.486162270275599440e+05 -8.079122135770864487e+08 2.659846173078804776e-01 3.216747326258804662e+01 3.152393320418151689e+03 3.216747326258804662e+01 3.890248791724617604e+03 3.812420766060131136e+05 3.152393320418151689e+03 3.812420766060130554e+05 3.736149762042104453e+07
9.649902259180814096e-03 1.167033552694671794e+00 1.143685966913485572e+02 1.167033552694675791e+00 -1.260178570039962324e+03 3.486162268775048433e+05 1.143685966913490120e+02 3.486162268775047851e+05 -8.079122135935595036e+08 2.659846173067388353e-01 3.216747326143045171e+01 3.152393320244831102e+03 3.216747326143044461e+01 3.890248791461320707e+03 3.812420765729688574e+05 3.152393320244830193e+03 3.812420765729687992e+05 3.736149761647307873e+07
9.649902259179325703e-03 1.167033552655555528e+00 1.143685966860914078e+02 1.167033552655560413e+00 -1.260178571062441279e+03 3.486162267429069034e+05 1.143685966860916778e+02 3.486162267429067288e+05 -8.079122136064382792e+08 2.659846173055213092e-01 3.216747326020998798e+01 3.152393320085982396e+03 3.216747326020998088e+01 3.890248791183929370e+03 3.812420765410385211e+05 3.152393320085982396e+03 3.812420765410385793e+05 3.736149761287882179e+07
9.649902259177806085e-03 1.167033552616000058e+00 1.143685966814683610e+02 1.167033552616004499e+00 -1.260178572086317672e+03 3.486162266254252172e+05 1.143685966814687163e+02 3.486162266254249262e+05 -8.079122136161336899e+08 2.659846173042775264e-01 3.216747325897435417e+01 3.152393319944310861e+03 3.216747325897434706e+01 3.890248790903252029e+03 3.812420765110434149e+05 3.152393319944310861e+03 3.812420765110434731e+05 3.736149760969541222e+07
9.649902259176305550e-03 1.167033552577290578e+00 1.143685966775159528e+02 1.167033552577294131e+00 -1.260178573080037950e+03 3.486162265257094987e+05 1.143685966775160523e+02 3.486162265257092076e+05 -8.079122136230859756e+08 2.659846173030500638e-01 3.216747325776393041e+01 3.152393319821310797e+03 3.216747325776393751e+01 3.890248790628436836e+03 3.812420764835820301e+05 3.152393319821310797e+03 3.812420764835819718e+05 3.736149760695229471e+07
9.649902259174843178e-03 1.167033552540459818e+00 1.143685966742363433e+02 1.167033552540466701e+00 -1.260178574018565087e+03 3.486162264435766265e+05 1.143685966742364144e+02 3.486162264435764519e+05 -8.079122136277415752e+08 2.659846173018734494e-01 3.216747325661133061e+01 3.152393319717446047e+03 3.216747325661133061e+01 3.890248790366859794e+03 3.812420764590469189e+05 3.152393319717446047e+03 3.812420764590468607e+05 3.736149760465559363e+07
9.649902259173505706e-03 1.167033552506300031e+00 1.143685966716052320e+02 1.167033552506303806e+00 -1.260178574883278998e+03 3.486162263781873044e+05 1.143685966716057010e+02 3.486162263781873044e+05 -8.079122136305341721e+08 2.659846173007745507e-01 3.216747325554133141e+01 3.152393319632336897e+03 3.216747325554133141e+01 3.890248790124125662e+03 3.812420764376476873e+05 3.152393319632336443e+03 3.812420764376475709e+05 3.736149760279256105e+07
9.649902259172294869e-03 1.167033552475356339e+00 1.143685966695768172e+02 1.167033552475359670e+00 -1.260178575661589093e+03 3.486162263282158528e+05 1.143685966695770730e+02 3.486162263282159111e+05 -8.079122136318701506e+08 2.659846172997726854e-01 3.216747325457128426e+01 3.152393319564948797e+03 3.216747325457129136e+01 3.890248789904150726e+03 3.812420764194372459e+05 3.152393319564948797e+03 3.812420764194371877e+05 3.736149760133595020e+07
9.649902259171177707e-03 1.167033552447954925e+00 1.143685966680905466e+02 1.167033552447954037e+00 -1.260178576346339923e+03 3.486162262920055655e+05 1.143685966680909587e+02 3.486162262920056819e+05 -8.079122136321182251e+08 2.659846172988800661e-01 3.216747325371178334e+01 3.152393319513767437e+03 3.216747325371178334e+01 3.890248789709312405e+03 3.812420764043401578e+05 3.152393319513766983e+03 3.812420764043401578e+05 3.736149760024814308e+07
9.649902259170242691e-03 1.167033552424247445e+00 1.143685966670783500e+02 1.167033552424243226e+00 -1.260178576935086312e+03 3.486162262677064864e+05 1.143685966670782364e+02 3.486162262677065446e+05 -8.079122136316031218e+08 2.659846172981025769e-01 3.216747325296740456e+01 3.152393319476958823e+03 3.216747325296741167e+01 3.890248789540639336e+03 3.812420763921808684e+05 3.152393319476959277e+03 3.812420763921809266e+05 3.736149759948486835e+07
9.649902259169425636e-03 1.167033552404208363e+00 1.143685966664663596e+02 1.167033552404205921e+00 -1.260178577429301640e+03 3.486162262533924077e+05 1.143685966664661464e+02 3.486162262533924659e+05 -8.079122136306015253e+08 2.659846172974410505e-01 3.216747325233779264e+01 3.152393319452517517e+03 3.216747325233779264e+01 3.890248789398025565e+03 3.812420763827110641e+05 3.152393319452517062e+03 3.812420763827110059e+05 3.736149759899842739e+07
9.649902259168752564e-03 1.167033552387695350e+00 1.143685966661814746e+02 1.167033552387692907e+00 -1.260178577833564304e+03 3.486162262471578433e+05 1.143685966661814746e+02 3.486162262471578433e+05 -8.079122136293418407e+08 2.659846172968919897e-01 3.216747325181847117e+01 3.152393319438376693e+03 3.216747325181847117e+01 3.890248789280446090e+03 3.812420763756330707e+05 3.152393319438376693e+03 3.812420763756330707e+05 3.736149759874037653e+07
9.649902259168197452e-03 1.167033552374462158e+00 1.143685966661530102e+02 1.167033552374462602e+00 -1.260178578154770094e+03 3.486162262471928843e+05 1.143685966661532802e+02 3.486162262471928843e+05 -8.079122136280056238e+08 2.659846172964484001e-01 3.216747325140191549e+01 3.152393319432515909e+03 3.216747325140191549e+01 3.890248789186179692e+03 3.812420763706231373e+05 3.152393319432515455e+03 3.812420763706231373e+05 3.736149759866375476e+07
9.649902259167768975e-03 1.167033552364199034e+00 1.143685966663158808e+02 1.167033552364202365e+00 -1.260178578401410050e+03 3.486162262518380303e+05 1.143685966663160798e+02 3.486162262518379721e+05 -8.079122136267303228e+08 2.659846172961009003e-01 3.216747325107843380e+01 3.152393319433027045e+03 3.216747325107843380e+01 3.890248789113020393e+03 3.812420763673492474e+05 3.152393319433027500e+03 3.812420763673493057e+05 3.736149759872469306e+07
9.649902259167454990e-03 1.167033552356550041e+00 1.143685966666117082e+02 1.167033552356549819e+00 -1.260178578582909722e+03 3.486162262596220244e+05 1.143685966666116656e+02 3.486162262596219662e+05 -8.079122136256139278e+08 2.659846172958387767e-01 3.216747325083694875e+01 3.152393319438177059e+03 3.216747325083695586e+01 3.890248789058445254e+03 3.812420763654857874e+05 3.152393319438177514e+03 3.812420763654857292e+05 3.736149759888358414e+07
9.649902259167210394e-03 1.167033552351136372e+00 1.143685966669895748e+02 1.167033552351135484e+00 -1.260178578709071189e+03 3.486162262692822260e+05 1.143685966669900154e+02 3.486162262692822260e+05 -8.079122136247197390e+08 2.659846172956502053e-01 3.216747325066574348e+01 3.152393319446437545e+03 3.216747325066574348e+01 3.890248789019791730e+03 3.812420763647258864e+05 3.152393319446436635e+03 3.812420763647257700e+05 3.736149759910585731e+07
9.649902259167050800e-03 1.167033552347584324e+00 1.143685966674074308e+02 1.167033552347589875e+00 -1.260178578789611493e+03 3.486162262797731673e+05 1.143685966674079282e+02 3.486162262797731091e+05 -8.079122136240819693e+08 2.659846172955234178e-01 3.216747325055303719e+01 3.152393319456504742e+03 3.216747325055303008e+01 3.890248788994384995e+03 3.812420763647892745e+05 3.152393319456504742e+03 3.812420763647893327e+05 3.736149759936230630e+07
9.649902259166965798e-03 1.167033552345531744e+00 1.143685966678313406e+02 1.167033552345536407e+00 -1.260178578833795200e+03 3.486162262902625953e+05 1.143685966678312980e+02 3.486162262902624207e+05 -8.079122136237111092e+08 2.659846172954468124e-01 3.216747325048747541e+01 3.152393319467308629e+03 3.216747325048746831e+01 3.890248788979647998e+03 3.812420763654286857e+05 3.152393319467309084e+03 3.812420763654287439e+05 3.736149759962916374e+07
9.649902259166912022e-03 1.167033552344636904e+00 1.143685966682347726e+02 1.167033552344641123e+00 -1.260178578850160648e+03 3.486162263001194806e+05 1.143685966682351136e+02 3.486162263001194224e+05 -8.079122136235990524e+08 2.659846172954095089e-01 3.216747325045847816e+01 3.152393319478003832e+03 3.216747325045847106e+01 3.890248788973179671e+03 3.812420763664319529e+05 3.152393319478003377e+03 3.812420763664318947e+05 3.736149759988790751e+07
9.649902259166910287e-03 1.167033552344599601e+00 1.143685966685992099e+02 1.167033552344598490e+00 -1.260178578846338496e+03 3.486162263088969630e+05 1.143685966685993662e+02 3.486162263088968466e+05 -8.079122136237239838e+08 2.659846172954015708e-01 3.216747325045649575e+01 3.152393319487955523e+03 3.216747325045650285e+01 3.890248788972817692e+03 3.812420763676234637e+05 3.152393319487955978e+03 3.812420763676234637e+05 3.736149760012493283e+07
9.649902259166931104e-03 1.167033552345151604e+00 1.143685966689120050e+02 1.167033552345152714e+00 -1.260178578828938043e+03 3.486162263163097668e+05 1.143685966689117777e+02 3.486162263163096504e+05 -8.079122136240549088e+08 2.659846172954143384e-01 3.216747325047319350e+01 3.152393319496722143e+03 3.216747325047319350e+01 3.890248788976669402e+03 3.812420763688632287e+05 3.152393319496722597e+03 3.812420763688632287e+05 3.736149760033093393e+07
9.649902259166960594e-03 1.167033552346067315e+00 1.143685966691661662e+02 1.167033552346069314e+00 -1.260178578803505388e+03 3.486162263222102192e+05 1.143685966691664362e+02 3.486162263222101610e+05 -8.079122136245553493e+08 2.659846172954405397e-01 3.216747325050149442e+01 3.152393319504028568e+03 3.216747325050149442e+01 3.890248788983131817e+03 3.812420763700446696e+05 3.152393319504027659e+03 3.812420763700446114e+05 3.736149760050042719e+07
9.649902259166995289e-03 1.167033552347162884e+00 1.143685966693594622e+02 1.167033552347163550e+00 -1.260178578774536163e+03 3.486162263265628717e+05 1.143685966693597038e+02 3.486162263265628717e+05 -8.079122136251864433e+08 2.659846172954737908e-01 3.216747325053560758e+01 3.152393319509739740e+03 3.216747325053560758e+01 3.890248788990895719e+03 3.812420763710919418e+05 3.152393319509739285e+03 3.812420763710919418e+05 3.736149760063113272e+07
9.649902259167047330e-03 1.167033552348295533e+00 1.143685966694934137e+02 1.167033552348293313e+00 -1.260178578745521008e+03 3.486162263294211007e+05 1.143685966694933995e+02 3.486162263294211007e+05 -8.079122136259096861e+08 2.659846172955093180e-01 3.216747325057094997e+01 3.152393319513835650e+03 3.216747325057094997e+01 3.890248788998924283e+03 3.812420763719552779e+05 3.152393319513836104e+03 3.812420763719552779e+05 3.736149760072323680e+07
9.649902259167078555e-03 1.167033552349352465e+00 1.143685966695717298e+02 1.167033552349352021e+00 -1.260178578719031066e+03 3.486162263309035334e+05 1.143685966695720708e+02 3.486162263309035334e+05 -8.079122136266885996e+08 2.659846172955434573e-01 3.216747325060409679e+01 3.152393319516388146e+03 3.216747325060409679e+01 3.890248789006442621e+03 3.812420763726079022e+05 3.152393319516387692e+03 3.812420763726079022e+05 3.736149760077894479e+07
9.649902259167120189e-03 1.167033552350261516e+00 1.143685966696007767e+02 1.167033552350261516e+00 -1.260178578696822115e+03 3.486162263311735005e+05 1.143685966696007199e+02 3.486162263311733841e+05 -8.079122136274904013e+08 2.659846172955734334e-01 3.216747325063264640e+01 3.152393319517530472e+03 3.216747325063264640e+01 3.890248789012909583e+03 3.812420763730414328e+05 3.152393319517530927e+03 3.812420763730415492e+05 3.736149760080181807e+07
9.649902259167170496e-03 1.167033552350975834e+00 1.143685966695877738e+02 1.167033552350972059e+00 -1.260178578679949624e+03 3.486162263304210501e+05 1.143685966695875322e+02 3.486162263304209919e+05 -8.079122136282867193e+08 2.659846172955975252e-01 3.216747325065507823e+01 3.152393319517441341e+03 3.216747325065508534e+01 3.890248789017984109e+03 3.812420763732620981e+05 3.152393319517441341e+03 3.812420763732620399e+05 3.736149760079631209e+07
9.649902259167167026e-03 1.167033552351463666e+00 1.143685966695397838e+02 1.167033552351462333e+00 -1.260178578668887440e+03 3.486162263288477552e+05 1.143685966695397838e+02 3.486162263288476388e+05 -8.079122136290540695e+08 2.659846172956149002e-01 3.216747325067064622e+01 3.152393319516325846e+03 3.216747325067063912e+01 3.890248789021492939e+03 3.812420763732866035e+05 3.152393319516325391e+03 3.812420763732866035e+05 3.736149760076742619e+07
9.649902259167187843e-03 1.167033552351729453e+00 1.143685966694656031e+02 1.167033552351725234e+00 -1.260178578663644203e+03 3.486162263266545488e+05 1.143685966694656599e+02 3.486162263266544323e+05 -8.079122136297743320e+08 2.659846172956251142e-01 3.216747325067913010e+01 3.152393319514394989e+03 3.216747325067913721e+01 3.890248789023398331e+03 3.812420763731391635e+05 3.152393319514394989e+03 3.812420763731391635e+05 3.736149760072023422e+07
9.649902259167184373e-03 1.167033552351777193e+00 1.143685966693721525e+02 1.167033552351774972e+00 -1.260178578663877943e+03 3.486162263240317698e+05 1.143685966693724367e+02 3.486162263240318280e+05 -8.079122136304340363e+08 2.659846172956285004e-01 3.216747325068087093e+01 3.152393319511861137e+03 3.216747325068087093e+01 3.890248789023768495e+03 3.812420763728484162e+05 3.152393319511860682e+03 3.812420763728483580e+05 3.736149760065968335e+07
9.649902259167199986e-03 1.167033552351633086e+00 1.143685966692669780e+02 1.167033552351632864e+00 -1.260178578668998398e+03 3.486162263211526442e+05 1.143685966692669354e+02 3.486162263211526442e+05 -8.079122136310244799e+08 2.659846172956254473e-01 3.216747325067647267e+01 3.152393319508920285e+03 3.216747325067647267e+01 3.890248789022749861e+03 3.812420763724450953e+05 3.152393319508920285e+03 3.812420763724450953e+05 3.736149760059041530e+07
9.649902259167177435e-03 1.167033552351316894e+00 1.143685966691554228e+02 1.167033552351313119e+00 -1.260178578678252961e+03 3.486162263181686867e+05 1.143685966691555222e+02 3.486162263181686867e+05 -8.079122136315410137e+08 2.659846172956169541e-01 3.216747325066680219e+01 3.152393319505752061e+03 3.216747325066680929e+01 3.890248789020535696e+03 3.812420763719595270e+05 3.152393319505752061e+03 3.812420763719595270e+05 3.736149760051651299e+07
9.649902259167175700e-03 1.167033552350867698e+00 1.143685966690434412e+02 1.167033552350865477e+00 -1.260178578690805352e+03 3.486162263152070227e+05 1.143685966690431997e+02 3.486162263152069063e+05 -8.079122136319825649e+08 2.659846172956037980e-01 3.216747325065284002e+01 3.152393319502510167e+03 3.216747325065283292e+01 3.890248789017348827e+03 3.812420763714206987e+05 3.152393319502510622e+03 3.812420763714208151e+05 3.736149760044152290e+07
9.649902259167144475e-03 1.167033552350311920e+00 1.143685966689346287e+02 1.167033552350311254e+00 -1.260178578705800646e+03 3.486162263123692828e+05 1.143685966689345150e+02 3.486162263123692246e+05 -8.079122136323509216e+08 2.659846172955872001e-01 3.216747325063561647e+01 3.152393319499324662e+03 3.216747325063561647e+01 3.890248789013427086e+03 3.812420763708551531e+05 3.152393319499324662e+03 3.812420763708552113e+05 3.736149760036833584e+07
9.649902259167114985e-03 1.167033552349685754e+00 1.143685966688326516e+02 1.167033552349685976e+00 -1.260178578722409384e+03 3.486162263097328250e+05 1.143685966688326516e+02 3.486162263097328832e+05 -8.079122136326501369e+08 2.659846172955680488e-01 3.216747325061614049e+01 3.152393319496296044e+03 3.216747325061614049e+01 3.890248789008996482e+03 3.812420763702855329e+05 3.152393319496295589e+03 3.812420763702854747e+05 3.736149760029923171e+07
9.649902259167094168e-03 1.167033552349020509e+00 1.143685966687398690e+02 1.167033552349018066e+00 -1.260178578739868499e+03 3.486162263073517825e+05 1.143685966687403379e+02 3.486162263073518989e+05 -8.079122136328859329e+08 2.659846172955473431e-01 3.216747325059537133e+01 3.152393319493500712e+03 3.216747325059537133e+01 3.890248789004274840e+03 3.812420763697309303e+05 3.152393319493500258e+03 3.812420763697309303e+05 3.736149760023587942e+07
9.649902259167080290e-03 1.167033552348342162e+00 1.143685966686578439e+02 1.167033552348343051e+00 -1.260178578757502237e+03 3.486162263052593917e+05 1.143685966686575739e+02 3.486162263052595663e+05 -8.079122136330653429e+08 2.659846172955260268e-01 3.216747325057413320e+01 3.152393319490990962e+03 3.216747325057413320e+01 3.890248788999451335e+03 3.812420763692064211e+05 3.152393319490991871e+03 3.812420763692064793e+05 3.736149760017940402e+07
9.649902259167042126e-03 1.167033552347670256e+00 1.143685966685869175e+02 1.167033552347675140e+00 -1.260178578774742618e+03 3.486162263034708449e+05 1.143685966685866333e+02 3.486162263034711359e+05 -8.079122136331956387e+08 2.659846172955048216e-01 3.216747325055318640e+01 3.152393319488797715e+03 3.216747325055318640e+01 3.890248788994693768e+03 3.812420763687232393e+05 3.152393319488798170e+03 3.812420763687231811e+05 3.736149760013037920e+07
9.649902259167028248e-03 1.167033552347029657e+00 1.143685966685278856e+02 1.167033552347028547e+00 -1.260178578791130349e+03 3.486162263019863749e+05 1.143685966685275162e+02 3.486162263019866659e+05 -8.079122136332846880e+08 2.659846172954843935e-01 3.216747325053309936e+01 3.152393319486932342e+03 3.216747325053309936e+01 3.890248788990134017e+03 3.812420763682888355e+05 3.152393319486932796e+03 3.812420763682888937e+05 3.736149760008904338e+07
9.649902259166997023e-03 1.167033552346429470e+00 1.143685966684798956e+02 1.167033552346431691e+00 -1.260178578806319820e+03 3.486162263007938745e+05 1.143685966684802224e+02 3.486162263007942238e+05 -8.079122136333398819e+08 2.659846172954651311e-01 3.216747325051433393e+01 3.152393319485392112e+03 3.216747325051433393e+01 3.890248788985877582e+03 3.812420763679077500e+05 3.152393319485391658e+03 3.812420763679077500e+05 3.736149760005522519e+07
9.649902259166958859e-03 1.167033552345881908e+00 1.143685966684423931e+02 1.167033552345884573e+00 -1.260178578820070925e+03 3.486162262998724473e+05 1.143685966684424784e+02 3.486162262998727383e+05 -8.079122136333683729e+08 2.659846172954474786e-01 3.216747325049723116e+01 3.152393319484161566e+03 3.216747325049723116e+01 3.890248788981999041e+03 3.812420763675815542e+05 3.152393319484162021e+03 3.812420763675816124e+05 3.736149760002854466e+07
9.649902259166955390e-03 1.167033552345397851e+00 1.143685966684148525e+02 1.167033552345401404e+00 -1.260178578832236781e+03 3.486162262991949683e+05 1.143685966684147388e+02 3.486162262991951429e+05 -8.079122136333767176e+08 2.659846172954316579e-01 3.216747325048199002e+01 3.152393319483216146e+03 3.216747325048198292e+01 3.890248788978542507e+03 3.812420763673092006e+05 3.152393319483216601e+03 3.812420763673092588e+05 3.736149760000835359e+07
9.649902259166929369e-03 1.167033552344973746e+00 1.143685966683954547e+02 1.167033552344975078e+00 -1.260178578842756906e+03 3.486162262987300055e+05 1.143685966683956394e+02 3.486162262987302383e+05 -8.079122136333706379e+08 2.659846172954177801e-01 3.216747325046870998e+01 3.152393319482525840e+03 3.216747325046870998e+01 3.890248788975533898e+03 3.812420763670882443e+05 3.152393319482525840e+03 3.812420763670882443e+05 3.736149759999393672e+07
9.649902259166910287e-03 1.167033552344613589e+00 1.143685966683833328e+02 1.167033552344619807e+00 -1.260178578851641305e+03 3.486162262984447298e+05 1.143685966683833612e+02 3.486162262984449044e+05 -8.079122136333551407e+08 2.659846172954059562e-01 3.216747325045741235e+01 3.152393319482056995e+03 3.216747325045740524e+01 3.890248788972974125e+03 3.812420763669146108e+05 3.152393319482057450e+03 3.812420763669146691e+05 3.736149759998449683e+07
9.649902259166901614e-03 1.167033552344315606e+00 1.143685966683771795e+02 1.167033552344314273e+00 -1.260178578858957735e+03 3.486162262983061955e+05 1.143685966683769948e+02 3.486162262983064284e+05 -8.079122136333342791e+08 2.659846172953960752e-01 3.216747325044803318e+01 3.152393319481773688e+03 3.216747325044804029e+01 3.890248788970850910e+03 3.812420763667834108e+05 3.152393319481773688e+03 3.812420763667832944e+05 3.736149759997915477e+07
9.649902259166894675e-03 1.167033552344075131e+00 1.143685966683757442e+02 1.167033552344079794e+00 -1.260178578864814881e+03 3.486162262982829125e+05 1.143685966683756305e+02 3.486162262982831453e+05 -8.079122136333113909e+08 2.659846172953880261e-01 3.216747325044045880e+01 3.152393319481640901e+03 3.216747325044045169e+01 3.890248788969135603e+03 3.812420763666889980e+05 3.152393319481640901e+03 3.812420763666889980e+05 3.736149759997714311e+07
9.649902259166886001e-03 1.167033552343886615e+00 1.143685966683778190e+02 1.167033552343887948e+00 -1.260178578869354169e+03 3.486162262983455439e+05 1.143685966683779043e+02 3.486162262983458349e+05 -8.079122136332890987e+08 2.659846172953816423e-01 3.216747325043451866e+01 3.152393319481625440e+03 3.216747325043452577e+01 3.890248788967794098e+03 3.812420763666260173e+05 3.152393319481625440e+03 3.812420763666259591e+05 3.736149759997767210e+07
9.649902259166899879e-03 1.167033552343747171e+00 1.143685966683826365e+02 1.167033552343745839e+00 -1.260178578872732942e+03 3.486162262984680710e+05 1.143685966683829065e+02 3.486162262984683621e+05 -8.079122136332690716e+08 2.659846172953768129e-01 3.216747325043004224e+01 3.152393319481696381e+03 3.216747325043004224e+01 3.890248788966780921e+03 3.812420763665883569e+05 3.152393319481696381e+03 3.812420763665884151e+05 3.736149759998003393e+07
9.649902259166868654e-03 1.167033552343642144e+00 1.143685966683885340e+02 1.167033552343639258e+00 -1.260178578875119911e+03 3.486162262986277929e+05 1.143685966683888182e+02 3.486162262986280839e+05 -8.079122136332527399e+08 2.659846172953733157e-01 3.216747325042683059e+01 3.152393319481827803e+03 3.216747325042683059e+01 3.890248788966054690e+03 3.812420763665712439e+05 3.152393319481828257e+03 3.812420763665713021e+05 3.736149759998364747e+07
9.649902259166873858e-03 1.167033552343574865e+00 1.143685966683957105e+02 1.167033552343575309e+00 -1.260178578876681968e+03 3.486162262988059665e+05 1.143685966683956394e+02 3.486162262988061411e+05 -8.079122136332406998e+08 2.659846172953708177e-01 3.216747325042465633e+01 3.152393319481994240e+03 3.216747325042464922e+01 3.890248788965564927e+03 3.812420763665690902e+05 3.152393319481995150e+03 3.812420763665692648e+05 3.736149759998793900e+07
9.649902259166882532e-03 1.167033552343534897e+00 1.143685966684031428e+02 1.167033552343532676e+00 -1.260178578877581003e+03 3.486162262989872252e+05 1.143685966684029154e+02 3.486162262989872834e+05 -8.079122136332331896e+08 2.659846172953693189e-01 3.216747325042334893e+01 3.152393319482178413e+03 3.216747325042334893e+01 3.890248788965270705e+03 3.812420763665780541e+05 3.152393319482178867e+03 3.812420763665781124e+05 3.736149759999251366e+07
9.649902259166886001e-03 1.167033552343515801e+00 1.143685966684102340e+02 1.167033552343518465e+00 -1.260178578877967539e+03 3.486162262991600437e+05 1.143685966684101913e+02 3.486162262991600437e+05 -8.079122136332302094e+08 2.659846172953685417e-01 3.216747325042270944e+01 3.152393319482363495e+03 3.216747325042270234e+01 3.890248788965127915e+03 3.812420763665939448e+05 3.152393319482363495e+03 3.812420763665940613e+05 3.736149759999700636e+07
9.649902259166879062e-03 1.167033552343510916e+00 1.143685966684166004e+02 1.167033552343511360e+00 -1.260178578877976634e+03 3.486162262993158074e+05 1.143685966684165578e+02 3.486162262993159238e+05 -8.079122136332314014e+08 2.659846172953683197e-01 3.216747325042257444e+01 3.152393319482539027e+03 3.216747325042257444e+01 3.890248788965098811e+03 3.812420763666139683e+05 3.152393319482538573e+03 3.812420763666138519e+05 3.736149760000119358e+07
9.649902259166882532e-03 1.167033552343518688e+00 1.143685966684222564e+02 1.167033552343518465e+00 -1.260178578877726522e+03 3.486162262994491612e+05 1.143685966684224695e+02 3.486162262994493940e+05 -8.079122136332362890e+08 2.659846172953684307e-01 3.216747325042279471e+01 3.152393319482694551e+03 3.216747325042279471e+01 3.890248788965150197e+03 3.812420763666352141e+05 3.152393319482694551e+03 3.812420763666352141e+05 3.736149760000487417e+07
9.649902259166865184e-03 1.167033552343531344e+00 1.143685966684266617e+02 1.167033552343532676e+00 -1.260178578877316795e+03 3.486162262995569617e+05 1.143685966684270170e+02 3.486162262995571946e+05 -8.079122136332442760e+08 2.659846172953688748e-01 3.216747325042324235e+01 3.152393319482826882e+03 3.216747325042324235e+01 3.890248788965252515e+03 3.812420763666559360e+05 3.152393319482826882e+03 3.812420763666559360e+05 3.736149760000795126e+07
9.649902259166884266e-03 1.167033552343551550e+00 1.143685966684304560e+02 1.167033552343546887e+00 -1.260178578876827942e+03 3.486162262996382779e+05 1.143685966684306550e+02 3.486162262996385107e+05 -8.079122136332546473e+08 2.659846172953693744e-01 3.216747325042380368e+01 3.152393319482931020e+03 3.216747325042381078e+01 3.890248788965381209e+03 3.812420763666745042e+05 3.152393319482931474e+03 3.812420763666745042e+05 3.736149760001035035e+07
9.649902259166875593e-03 1.167033552343569980e+00 1.143685966684329003e+02 1.167033552343568203e+00 -1.260178578876325446e+03 3.486162262996935169e+05 1.143685966684329287e+02 3.486162262996936333e+05 -8.079122136332666874e+08 2.659846172953699850e-01 3.216747325042442185e+01 3.152393319483008781e+03 3.216747325042441474e+01 3.890248788965519452e+03 3.812420763666901621e+05 3.152393319483009236e+03 3.812420763666902785e+05 3.736149760001210868e+07
9.649902259166866919e-03 1.167033552343587299e+00 1.143685966684343356e+02 1.167033552343589520e+00 -1.260178578875856147e+03 3.486162262997246580e+05 1.143685966684347477e+02 3.486162262997247162e+05 -8.079122136332798004e+08 2.659846172953706511e-01 3.216747325042499739e+01 3.152393319483058804e+03 3.216747325042499739e+01 3.890248788965651329e+03 3.812420763667022111e+05 3.152393319483058804e+03 3.812420763667022693e+05 3.736149760001319647e+07
9.649902259166884266e-03 1.167033552343605729e+00 1.143685966684352451e+02 1.167033552343603731e+00 -1.260178578875454605e+03 3.486162262997340877e+05 1.143685966684352024e+02 3.486162262997342623e+05 -8.079122136332935095e+08 2.659846172953710952e-01 3.216747325042550898e+01 3.152393319483083815e+03 3.216747325042551608e+01 3.890248788965768199e+03 3.812420763667107094e+05 3.152393319483084269e+03 3.812420763667106512e+05 3.736149760001372546e+07
9.649902259166868654e-03 1.167033552343617053e+00 1.143685966684350035e+02 1.167033552343617941e+00 -1.260178578875141739e+03 3.486162262997252983e+05 1.143685966684347477e+02 3.486162262997254147e+05 -8.079122136333072186e+08 2.659846172953715948e-01 3.216747325042592820e+01 3.152393319483087453e+03 3.216747325042592109e+01 3.890248788965861877e+03 3.812420763667153078e+05 3.152393319483087907e+03 3.812420763667154242e+05 3.736149760001374781e+07
9.649902259166880797e-03 1.167033552343627711e+00 1.143685966684344493e+02 1.167033552343625047e+00 -1.260178578874926188e+03 3.486162262997014332e+05 1.143685966684342930e+02 3.486162262997017242e+05 -8.079122136333205700e+08 2.659846172953718724e-01 3.216747325042621952e+01 3.152393319483072446e+03 3.216747325042622663e+01 3.890248788965928270e+03 3.812420763667165884e+05 3.152393319483072446e+03 3.812420763667165302e+05 3.736149760001334548e+07
9.649902259166887736e-03 1.167033552343634151e+00 1.143685966684333692e+02 1.167033552343632152e+00 -1.260178578874811137e+03 3.486162262996661593e+05 1.143685966684333835e+02 3.486162262996665086e+05 -8.079122136333332062e+08 2.659846172953720944e-01 3.216747325042639716e+01 3.152393319483042433e+03 3.216747325042639716e+01 3.890248788965967833e+03 3.812420763667147257e+05 3.152393319483042433e+03 3.812420763667147257e+05 3.736149760001260042e+07
9.649902259166892940e-03 1.167033552343636371e+00 1.143685966684318629e+02 1.167033552343632152e+00 -1.260178578874792493e+03 3.486162262996227364e+05 1.143685966684320192e+02 3.486162262996229110e+05 -8.079122136333447695e+08 2.659846172953722054e-01 3.216747325042645400e+01 3.152393319483001051e+03 3.216747325042646111e+01 3.890248788965981021e+03 3.812420763667103020e+05 3.152393319483001505e+03 3.812420763667103602e+05 3.736149760001161695e+07
9.649902259166889470e-03 1.167033552343634595e+00 1.143685966684300865e+02 1.167033552343632152e+00 -1.260178578874861159e+03 3.486162262995741912e+05 1.143685966684297455e+02 3.486162262995741330e+05 -8.079122136333552599e+08 2.659846172953721499e-01 3.216747325042641137e+01 3.152393319482951938e+03 3.216747325042640426e+01 3.890248788965969652e+03 3.812420763667037827e+05 3.152393319482952847e+03 3.812420763667039573e+05 3.736149760001046211e+07
9.649902259166886001e-03 1.167033552343629044e+00 1.143685966684281397e+02 1.167033552343632152e+00 -1.260178578875003041e+03 3.486162262995232013e+05 1.143685966684283812e+02 3.486162262995232595e+05 -8.079122136333644390e+08 2.659846172953720389e-01 3.216747325042625505e+01 3.152393319482898733e+03 3.216747325042625505e+01 3.890248788965935091e+03 3.812420763666957500e+05 3.152393319482897823e+03 3.812420763666956918e+05 3.736149760000918806e+07
9.649902259166879062e-03 1.167033552343621050e+00 1.143685966684261359e+02 1.167033552343625047e+00 -1.260178578875205858e+03 3.486162262994720368e+05 1.143685966684261075e+02 3.486162262994720950e+05 -8.079122136333723068e+08 2.659846172953718169e-01 3.216747325042604189e+01 3.152393319482843253e+03 3.216747325042603478e+01 3.890248788965885069e+03 3.812420763666867279e+05 3.152393319482843253e+03 3.812420763666867861e+05 3.736149760000791401e+07
9.649902259166868654e-03 1.167033552343610836e+00 1.143685966684241322e+02 1.167033552343610836e+00 -1.260178578875454605e+03 3.486162262994226185e+05 1.143685966684242885e+02 3.486162262994226185e+05 -8.079122136333789825e+08 2.659846172953715948e-01 3.216747325042575767e+01 3.152393319482787774e+03 3.216747325042575767e+01 3.890248788965820950e+03 3.812420763666771236e+05 3.152393319482787774e+03 3.812420763666771236e+05 3.736149760000664741e+07
9.649902259166887736e-03 1.167033552343602620e+00 1.143685966684225832e+02 1.167033552343603731e+00 -1.260178578875734274e+03 3.486162262993763434e+05 1.143685966684224695e+02 3.486162262993763434e+05 -8.079122136333843470e+08 2.659846172953712062e-01 3.216747325042542371e+01 3.152393319482735023e+03 3.216747325042542371e+01 3.890248788965745916e+03 3.812420763666672865e+05 3.152393319482735023e+03 3.812420763666672865e+05 3.736149760000544041e+07
9.649902259166875593e-03 1.167033552343589964e+00 1.143685966684208211e+02 1.167033552343589520e+00 -1.260178578876031679e+03 3.486162262993342010e+05 1.143685966684211053e+02 3.486162262993342592e+05 -8.079122136333886385e+08 2.659846172953708732e-01 3.216747325042507555e+01 3.152393319482686366e+03 3.216747325042507555e+01 3.890248788965665881e+03 3.812420763666577404e+05 3.152393319482685911e+03 3.812420763666576822e+05 3.736149760000432283e+07
9.649902259166892940e-03 1.167033552343580416e+00 1.143685966684195563e+02 1.167033552343575309e+00 -1.260178578876334541e+03 3.486162262992971228e+05 1.143685966684197410e+02 3.486162262992970645e+05 -8.079122136333919764e+08 2.659846172953704846e-01 3.216747325042470607e+01 3.152393319482640891e+03 3.216747325042471317e+01 3.890248788965583117e+03 3.812420763666484854e+05 3.152393319482641346e+03 3.812420763666485436e+05 3.736149760000331700e+07
9.649902259166880797e-03 1.167033552343567537e+00 1.143685966684181636e+02 1.167033552343568203e+00 -1.260178578876633310e+03 3.486162262992650503e+05 1.143685966684179220e+02 3.486162262992649921e+05 -8.079122136333943605e+08 2.659846172953701515e-01 3.216747325042435079e+01 3.152393319482602692e+03 3.216747325042434369e+01 3.890248788965500808e+03 3.812420763666400453e+05 3.152393319482603147e+03 3.812420763666401035e+05 3.736149760000246018e+07
9.649902259166870389e-03 1.167033552343554881e+00 1.143685966684169415e+02 1.167033552343553993e+00 -1.260178578876919346e+03 3.486162262992383330e+05 1.143685966684170126e+02 3.486162262992382748e+05 -8.079122136333960295e+08 2.659846172953698740e-01 3.216747325042400263e+01 3.152393319482569041e+03 3.216747325042400263e+01 3.890248788965421681e+03 3.812420763666323037e+05 3.152393319482569041e+03 3.812420763666323619e+05 3.736149760000170022e+07
9.649902259166886001e-03 1.167033552343546665e+00 1.143685966684163020e+02 1.167033552343546887e+00 -1.260178578877185828e+03 3.486162262992167380e+05 1.143685966684161031e+02 3.486162262992166216e+05 -8.079122136333971024e+08 2.659846172953694299e-01 3.216747325042366867e+01 3.152393319482541301e+03 3.216747325042366867e+01 3.890248788965347103e+03 3.812420763666256098e+05 3.152393319482541301e+03 3.812420763666256098e+05 3.736149760000109673e+07
9.649902259166877327e-03 1.167033552343536007e+00 1.143685966684155062e+02 1.167033552343532676e+00 -1.260178578877429118e+03 3.486162262991997995e+05 1.143685966684151936e+02 3.486162262991997413e+05 -8.079122136333976984e+08 2.659846172953691523e-01 3.216747325042337735e+01 3.152393319482519018e+03 3.216747325042337735e+01 3.890248788965279800e+03 3.812420763666198472e+05 3.152393319482519018e+03 3.812420763666197890e+05 3.736149760000060499e+07
9.649902259166866919e-03 1.167033552343526015e+00 1.143685966684148667e+02 1.167033552343525571e+00 -1.260178578877644668e+03 3.486162262991873431e+05 1.143685966684147388e+02 3.486162262991872849e+05 -8.079122136333979368e+08 2.659846172953689303e-01 3.216747325042310024e+01 3.152393319482501738e+03 3.216747325042310024e+01 3.890248788965217500e+03 3.812420763666148414e+05 3.152393319482501283e+03 3.812420763666147832e+05 3.736149760000022501e+07
9.649902259166887736e-03 1.167033552343521352e+00 1.143685966684147672e+02 1.167033552343518465e+00 -1.260178578877832024e+03 3.486162262991784955e+05 1.143685966684147388e+02 3.486162262991784955e+05 -8.079122136333978176e+08 2.659846172953685972e-01 3.216747325042286576e+01 3.152393319482488550e+03 3.216747325042286576e+01 3.890248788965164294e+03 3.812420763666108833e+05 3.152393319482488550e+03 3.812420763666108833e+05 3.736149759999996424e+07
9.649902259166882532e-03 1.167033552343514025e+00 1.143685966684144688e+02 1.167033552343511360e+00 -1.260178578877990731e+03 3.486162262991731404e+05 1.143685966684147388e+02 3.486162262991730240e+05 -8.079122136333975792e+08 2.659846172953684307e-01 3.216747325042266681e+01 3.152393319482480365e+03 3.216747325042265970e+01 3.890248788965117910e+03 3.812420763666076236e+05 3.152393319482479910e+03 3.812420763666077401e+05 3.736149759999978542e+07
9.649902259166873858e-03 1.167033552343507807e+00 1.143685966684142556e+02 1.167033552343504255e+00 -1.260178578878122607e+03 3.486162262991702883e+05 1.143685966684142841e+02 3.486162262991699972e+05 -8.079122136333972216e+08 2.659846172953682086e-01 3.216747325042248917e+01 3.152393319482474453e+03 3.216747325042249628e+01 3.890248788965080621e+03 3.812420763666053535e+05 3.152393319482474908e+03 3.812420763666054117e+05 3.736149759999968857e+07
9.649902259166870389e-03 1.167033552343502922e+00 1.143685966684141704e+02 1.167033552343504255e+00 -1.260178578878228564e+03 3.486162262991695316e+05 1.143685966684142841e+02 3.486162262991693569e+05 -8.079122136333968639e+08 2.659846172953680976e-01 3.216747325042235417e+01 3.152393319482471725e+03 3.216747325042235417e+01 3.890248788965048789e+03 3.812420763666035491e+05 3.152393319482471725e+03 3.812420763666034909e+05 3.736149759999963641e+07
9.649902259166866919e-03 1.167033552343498926e+00 1.143685966684141562e+02 1.167033552343497149e+00 -1.260178578878310873e+03 3.486162262991702300e+05 1.143685966684138293e+02 3.486162262991701718e+05 -8.079122136333965063e+08 2.659846172953680421e-01 3.216747325042224759e+01 3.152393319482471270e+03 3.216747325042225469e+01 3.890248788965024687e+03 3.812420763666023850e+05 3.152393319482471725e+03 3.812420763666023267e+05 3.736149759999964386e+07
9.649902259166863450e-03 1.167033552343495817e+00 1.143685966684141846e+02 1.167033552343497149e+00 -1.260178578878372264e+03 3.486162262991722091e+05 1.143685966684142841e+02 3.486162262991720927e+05 -8.079122136333961487e+08 2.659846172953679311e-01 3.216747325042216232e+01 3.152393319482472180e+03 3.216747325042216232e+01 3.890248788965005133e+03 3.812420763666015700e+05 3.152393319482471725e+03 3.812420763666015700e+05 3.736149759999966621e+07
9.649902259166861715e-03 1.167033552343493819e+00 1.143685966684142414e+02 1.167033552343497149e+00 -1.260178578878416829e+03 3.486162262991748867e+05 1.143685966684147388e+02 3.486162262991747702e+05 -8.079122136333957911e+08 2.659846172953678756e-01 3.216747325042210548e+01 3.152393319482473999e+03 3.216747325042210548e+01 3.890248788964992855e+03 3.812420763666012208e+05 3.152393319482473544e+03 3.812420763666012208e+05 3.736149759999971837e+07
9.649902259166889470e-03 1.167033552343496039e+00 1.143685966684147246e+02 1.167033552343497149e+00 -1.260178578878445933e+03 3.486162262991779717e+05 1.143685966684142841e+02 3.486162262991777388e+05 -8.079122136333955526e+08 2.659846172953677645e-01 3.216747325042206285e+01 3.152393319482476727e+03 3.216747325042206285e+01 3.890248788964983305e+03 3.812420763666011626e+05 3.152393319482477636e+03 3.812420763666012790e+05 3.736149759999980778e+07
9.649902259166889470e-03 1.167033552343495373e+00 1.143685966684148525e+02 1.167033552343490044e+00 -1.260178578878464577e+03 3.486162262991809985e+05 1.143685966684147388e+02 3.486162262991808821e+05 -8.079122136333954334e+08 2.659846172953677645e-01 3.216747325042204153e+01 3.152393319482480365e+03 3.216747325042204864e+01 3.890248788964978758e+03 3.812420763666013954e+05 3.152393319482479455e+03 3.812420763666012790e+05 3.736149759999987483e+07
9.649902259166887736e-03 1.167033552343494929e+00 1.143685966684149520e+02 1.167033552343490044e+00 -1.260178578878473218e+03 3.486162262991840835e+05 1.143685966684147388e+02 3.486162262991838506e+05 -8.079122136333953142e+08 2.659846172953677090e-01 3.216747325042202732e+01 3.152393319482483548e+03 3.216747325042202732e+01 3.890248788964975120e+03 3.812420763666015700e+05 3.152393319482483093e+03 3.812420763666015700e+05 3.736149759999995679e+07
9.649902259166887736e-03 1.167033552343494707e+00 1.143685966684150657e+02 1.167033552343497149e+00 -1.260178578878474127e+03 3.486162262991869356e+05 1.143685966684151936e+02 3.486162262991867028e+05 -8.079122136333953142e+08 2.659846172953677090e-01 3.216747325042202021e+01 3.152393319482486277e+03 3.216747325042201311e+01 3.890248788964973301e+03 3.812420763666018611e+05 3.152393319482485822e+03 3.812420763666018611e+05 3.736149760000003129e+07
9.649902259166889470e-03 1.167033552343494929e+00 1.143685966684151794e+02 1.167033552343497149e+00 -1.260178578878470944e+03 3.486162262991893804e+05 1.143685966684151936e+02 3.486162262991892057e+05 -8.079122136333954334e+08 2.659846172953677645e-01 3.216747325042202732e+01 3.152393319482489460e+03 3.216747325042202732e+01 3.890248788964975120e+03 3.812420763666023267e+05 3.152393319482489005e+03 3.812420763666022685e+05 3.736149760000009835e+07
9.649902259166889470e-03 1.167033552343495151e+00 1.143685966684152646e+02 1.167033552343490044e+00 -1.260178578878464577e+03 3.486162262991913594e+05 1.143685966684147388e+02 3.486162262991911266e+05 -8.079122136333955526e+08 2.659846172953677645e-01 3.216747325042203443e+01 3.152393319482491734e+03 3.216747325042204153e+01 3.890248788964976939e+03 3.812420763666026760e+05 3.152393319482492188e+03 3.812420763666026760e+05 3.736149760000015795e+07
9.649902259166889470e-03 1.167033552343495373e+00 1.143685966684153215e+02 1.167033552343490044e+00 -1.260178578878455482e+03 3.486162262991929892e+05 1.143685966684151936e+02 3.486162262991927564e+05 -8.079122136333956718e+08 2.659846172953677645e-01 3.216747325042204153e+01 3.152393319482493553e+03 3.216747325042204153e+01 3.890248788964977848e+03 3.812420763666029088e+05 3.152393319482493098e+03 3.812420763666029088e+05 3.736149760000019521e+07
9.649902259166889470e-03 1.167033552343495817e+00 1.143685966684153925e+02 1.167033552343497149e+00 -1.260178578878445933e+03 3.486162262991940370e+05 1.143685966684151936e+02 3.486162262991937459e+05 -8.079122136333959103e+08 2.659846172953677645e-01 3.216747325042205574e+01 3.152393319482495372e+03 3.216747325042204864e+01 3.890248788964980577e+03 3.812420763666032581e+05 3.152393319482494917e+03 3.812420763666033163e+05 3.736149760000023991e+07
9.649902259166889470e-03 1.167033552343496039e+00 1.143685966684154209e+02 1.167033552343497149e+00 -1.260178578878437293e+03 3.486162262991946773e+05 1.143685966684156483e+02 3.486162262991944444e+05 -8.079122136333961487e+08 2.659846172953677645e-01 3.216747325042206285e+01 3.152393319482496281e+03 3.216747325042206285e+01 3.890248788964983305e+03 3.812420763666035491e+05 3.152393319482495372e+03 3.812420763666034327e+05 3.736149760000025481e+07
9.649902259166889470e-03 1.167033552343496705e+00 1.143685966684154494e+02 1.167033552343497149e+00 -1.260178578878430926e+03 3.486162262991947937e+05 1.143685966684151936e+02 3.486162262991945609e+05 -8.079122136333963871e+08 2.659846172953677645e-01 3.216747325042207706e+01 3.152393319482496736e+03 3.216747325042207706e+01 3.890248788964986488e+03 3.812420763666037819e+05 3.152393319482497191e+03 3.812420763666037819e+05 3.736149760000028461e+07
9.649902259166889470e-03 1.167033552343496927e+00 1.143685966684154494e+02 1.167033552343497149e+00 -1.260178578878426379e+03 3.486162262991946191e+05 1.143685966684151936e+02 3.486162262991944444e+05 -8.079122136333966255e+08 2.659846172953677645e-01 3.216747325042208416e+01 3.152393319482496736e+03 3.216747325042208416e+01 3.890248788964988307e+03 3.812420763666038401e+05 3.152393319482496736e+03 3.812420763666037819e+05 3.736149760000027716e+07
9.649902259166861715e-03 1.167033552343493152e+00 1.143685966684150799e+02 1.167033552343490044e+00 -1.260178578878421831e+03 3.486162262991942116e+05 1.143685966684151936e+02 3.486162262991940952e+05 -8.079122136333968639e+08 2.659846172953678756e-01 3.216747325042209127e+01 3.152393319482496736e+03 3.216747325042209127e+01 3.890248788964987853e+03 3.812420763666037819e+05 3.152393319482496281e+03 3.812420763666036655e+05 3.736149760000025481e+07
9.649902259166889470e-03 1.167033552343496927e+00 1.143685966684154067e+02 1.167033552343497149e+00 -1.260178578878418648e+03 3.486162262991935713e+05 1.143685966684156483e+02 3.486162262991936295e+05 -8.079122136333971024e+08 2.659846172953677645e-01 3.216747325042208416e+01 3.152393319482495826e+03 3.216747325042208416e+01 3.890248788964988307e+03 3.812420763666037237e+05 3.152393319482495372e+03 3.812420763666036655e+05 3.736149760000024736e+07
9.649902259166861715e-03 1.167033552343493374e+00 1.143685966684150230e+02 1.167033552343497149e+00 -1.260178578878417738e+03 3.486162262991928146e+05 1.143685966684151936e+02 3.486162262991928728e+05 -8.079122136333973408e+08 2.659846172953678756e-01 3.216747325042209837e+01 3.152393319482495372e+03 3.216747325042209127e+01 3.890248788964989217e+03 3.812420763666036655e+05 3.152393319482495826e+03 3.812420763666037237e+05 3.736149760000023991e+07
9.649902259166889470e-03 1.167033552343496927e+00 1.143685966684153357e+02 1.167033552343497149e+00 -1.260178578878418648e+03 3.486162262991918251e+05 1.143685966684151936e+02 3.486162262991919997e+05 -8.079122136333975792e+08 2.659846172953677645e-01 3.216747325042208416e+01 3.152393319482494007e+03 3.216747325042209127e+01 3.890248788964989217e+03 3.812420763666036073e+05 3.152393319482494462e+03 3.812420763666035491e+05 3.736149760000021756e+07
9.649902259166861715e-03 1.167033552343493374e+00 1.143685966684149662e+02 1.167033552343497149e+00 -1.260178578878421831e+03 3.486162262991908356e+05 1.143685966684151936e+02 3.486162262991910102e+05 -8.079122136333976984e+08 2.659846172953678756e-01 3.216747325042209837e+01 3.152393319482494007e+03 3.216747325042209127e+01 3.890248788964989217e+03 3.812420763666034327e+05 3.152393319482493553e+03 3.812420763666034909e+05 3.736149760000019521e+07
9.649902259166889470e-03 1.167033552343496705e+00 1.143685966684152646e+02 1.167033552343497149e+00 -1.260178578878425014e+03 3.486162262991899042e+05 1.143685966684151936e+02 3.486162262991901371e+05 -8.079122136333978176e+08 2.659846172953677645e-01 3.216747325042207706e+01 3.152393319482491734e+03 3.216747325042208416e+01 3.890248788964987398e+03 3.812420763666031999e+05 3.152393319482492188e+03 3.812420763666031999e+05 3.736149760000015795e+07
9.649902259166889470e-03 1.167033552343496705e+00 1.143685966684152504e+02 1.167033552343497149e+00 -1.260178578878429107e+03 3.486162262991890893e+05 1.143685966684147388e+02 3.486162262991892640e+05 -8.079122136333979368e+08 2.659846172953677645e-01 3.216747325042207706e+01 3.152393319482491279e+03 3.216747325042207706e+01 3.890248788964986488e+03 3.812420763666030834e+05 3.152393319482491734e+03 3.812420763666031417e+05 3.736149760000015050e+07
9.649902259166889470e-03 1.167033552343496261e+00 1.143685966684152078e+02 1.167033552343497149e+00 -1.260178578878434109e+03 3.486162262991882744e+05 1.143685966684151936e+02 3.486162262991885073e+05 -8.079122136333980560e+08 2.659846172953677645e-01 3.216747325042206995e+01 3.152393319482490369e+03 3.216747325042207706e+01 3.890248788964985579e+03 3.812420763666029670e+05 3.152393319482489915e+03 3.812420763666028506e+05 3.736149760000012070e+07
9.649902259166889470e-03 1.167033552343496261e+00 1.143685966684151794e+02 1.167033552343490044e+00 -1.260178578878440476e+03 3.486162262991874595e+05 1.143685966684151936e+02 3.486162262991877506e+05 -8.079122136333981752e+08 2.659846172953677645e-01 3.216747325042206995e+01 3.152393319482489460e+03 3.216747325042207706e+01 3.890248788964985124e+03 3.812420763666028506e+05 3.152393319482489460e+03 3.812420763666027924e+05 3.736149760000010580e+07
9.649902259166889470e-03 1.167033552343495817e+00 1.143685966684151509e+02 1.167033552343497149e+00 -1.260178578878445478e+03 3.486162262991868192e+05 1.143685966684151936e+02 3.486162262991870521e+05 -8.079122136333982944e+08 2.659846172953677645e-01 3.216747325042205574e+01 3.152393319482488550e+03 3.216747325042205574e+01 3.890248788964981941e+03 3.812420763666025596e+05 3.152393319482489005e+03 3.812420763666025596e+05 3.736149760000009090e+07
9.649902259166889470e-03 1.167033552343495817e+00 1.143685966684151225e+02 1.167033552343497149e+00 -1.260178578878451845e+03 3.486162262991861207e+05 1.143685966684147388e+02 3.486162262991862954e+05 -8.079122136333982944e+08 2.659846172953677645e-01 3.216747325042205574e+01 3.152393319482487641e+03 3.216747325042205574e+01 3.890248788964981941e+03 3.812420763666024432e+05 3.152393319482488550e+03 3.812420763666025014e+05 3.736149760000006855e+07
9.649902259166889470e-03 1.167033552343495595e+00 1.143685966684151083e+02 1.167033552343497149e+00 -1.260178578878457756e+03 3.486162262991855969e+05 1.143685966684147388e+02 3.486162262991857133e+05 -8.079122136333982944e+08 2.659846172953677645e-01 3.216747325042204864e+01 3.152393319482487186e+03 3.216747325042204864e+01 3.890248788964980122e+03 3.812420763666022685e+05 3.152393319482487186e+03 3.812420763666022685e+05 3.736149760000004619e+07
9.649902259166889470e-03 1.167033552343495373e+00 1.143685966684150799e+02 1.167033552343490044e+00 -1.260178578878463213e+03 3.486162262991851312e+05 1.143685966684147388e+02 3.486162262991854222e+05 -8.079122136333982944e+08 2.659846172953677645e-01 3.216747325042204153e+01 3.152393319482486731e+03 3.216747325042204864e+01 3.890248788964978758e+03 3.812420763666021521e+05 3.152393319482486731e+03 3.812420763666020939e+05 3.736149760000003874e+07
9.649902259166889470e-03 1.167033552343495151e+00 1.143685966684150515e+02 1.167033552343497149e+00 -1.260178578878466851e+03 3.486162262991849566e+05 1.143685966684151936e+02 3.486162262991851894e+05 -8.079122136333982944e+08 2.659846172953677645e-01 3.216747325042203443e+01 3.152393319482485822e+03 3.216747325042202732e+01 3.890248788964976029e+03 3.812420763666018611e+05 3.152393319482485822e+03 3.812420763666019775e+05 3.736149760000002384e+07
9.649902259166889470e-03 1.167033552343494929e+00 1.143685966684150515e+02 1.167033552343497149e+00 -1.260178578878470034e+03 3.486162262991848402e+05 1.143685966684147388e+02 3.486162262991850148e+05 -8.079122136333982944e+08 2.659846172953677645e-01 3.216747325042202732e+01 3.152393319482485822e+03 3.216747325042202732e+01 3.890248788964975120e+03 3.812420763666018611e+05 3.152393319482486731e+03 3.812420763666019193e+05 3.736149760000002384e+07
9.649902259166889470e-03 1.167033552343494929e+00 1.143685966684150515e+02 1.167033552343497149e+00 -1.260178578878473218e+03 3.486162262991847238e+05 1.143685966684151936e+02 3.486162262991850148e+05 -8.079122136333982944e+08 2.659846172953677645e-01 3.216747325042202732e+01 3.152393319482485822e+03 3.216747325042202732e+01 3.890248788964975120e+03 3.812420763666018611e+05 3.152393319482485367e+03 3.812420763666018029e+05 3.736149760000001639e+07
9.649902259166889470e-03 1.167033552343494707e+00 1.143685966684150515e+02 1.167033552343497149e+00 -1.260178578878475037e+03 3.486162262991846655e+05 1.143685966684151936e+02 3.486162262991850148e+05 -8.079122136333982944e+08 2.659846172953677645e-01 3.216747325042202021e+01 3.152393319482485822e+03 3.216747325042202021e+01 3.890248788964973301e+03 3.812420763666018029e+05 3.152393319482485822e+03 3.812420763666018029e+05 3.736149760000002384e+07
9.649902259166889470e-03 1.167033552343494707e+00 1.143685966684150372e+02 1.167033552343497149e+00 -1.260178578878476856e+03 3.486162262991846073e+05 1.143685966684151936e+02 3.486162262991850148e+05 -8.079122136333982944e+08 2.659846172953677645e-01 3.216747325042202021e+01 3.152393319482485367e+03 3.216747325042202021e+01 3.890248788964973301e+03 3.812420763666017447e+05 3.152393319482485822e+03 3.812420763666018029e+05 3.736149760000001639e+07
9.649902259166887736e-03 1.167033552343494707e+00 1.143685966684150372e+02 1.167033552343490044e+00 -1.260178578878479584e+03 3.486162262991844909e+05 1.143685966684151936e+02 3.486162262991849566e+05 -8.079122136333982944e+08 2.659846172953677090e-01 3.216747325042202021e+01 3.152393319482485367e+03 3.216747325042202732e+01 3.890248788964974210e+03 3.812420763666018611e+05 3.152393319482485822e+03 3.812420763666018611e+05 3.736149760000002384e+07
9.649902259166887736e-03 1.167033552343494263e+00 1.143685966684150372e+02 1.167033552343497149e+00 -1.260178578878480494e+03 3.486162262991844909e+05 1.143685966684151936e+02 3.486162262991848984e+05 -8.079122136333982944e+08 2.659846172953677090e-01 3.216747325042201311e+01 3.152393319482485367e+03 3.216747325042201311e+01 3.890248788964972391e+03 3.812420763666017447e+05 3.152393319482485822e+03 3.812420763666018029e+05 3.736149760000002384e+07
9.649902259166887736e-03 1.167033552343494263e+00 1.143685966684150372e+02 1.167033552343497149e+00 -1.260178578878481403e+03 3.486162262991844909e+05 1.143685966684151936e+02 3.486162262991847820e+05 -8.079122136333982944e+08 2.659846172953677090e-01 3.216747325042201311e+01 3.152393319482485367e+03 3.216747325042201311e+01 3.890248788964972391e+03 3.812420763666017447e+05 3.152393319482485822e+03 3.812420763666018029e+05 3.736149760000002384e+07
9.649902259166887736e-03 1.167033552343494263e+00 1.143685966684150372e+02 1.167033552343497149e+00 -1.260178578878482767e+03 3.486162262991844909e+05 1.143685966684151936e+02 3.486162262991847820e+05 -8.079122136333982944e+08 2.659846172953677090e-01 3.216747325042201311e+01 3.152393319482485367e+03 3.216747325042201311e+01 3.890248788964972391e+03 3.812420763666017447e+05 3.152393319482485822e+03 3.812420763666018029e+05 3.736149760000002384e+07
9.649902259166887736e-03 1.167033552343494263e+00 1.143685966684150372e+02 1.167033552343497149e+00 -1.260178578878484132e+03 3.486162262991844909e+05 1.143685966684151936e+02 3.486162262991847820e+05 -8.079122136333982944e+08 2.659846172953677090e-01 3.216747325042201311e+01 3.152393319482485367e+03 3.216747325042201311e+01 3.890248788964972391e+03 3.812420763666017447e+05 3.152393319482485822e+03 3.812420763666018029e+05 3.736149760000002384e+07
9.649902259166887736e-03 1.167033552343494041e+00 1.143685966684150372e+02 1.167033552343497149e+00 -1.260178578878484586e+03 3.486162262991844909e+05 1.143685966684151936e+02 3.486162262991848984e+05 -8.079122136333982944e+08 2.659846172953677090e-01 3.216747325042200600e+01 3.152393319482485367e+03 3.216747325042201311e+01 3.890248788964971482e+03 3.812420763666017447e+05 3.152393319482485822e+03 3.812420763666016865e+05 3.736149760000002384e+07
9.649902259166887736e-03 1.167033552343494041e+00 1.143685966684150372e+02 1.167033552343497149e+00 -1.260178578878485041e+03 3.486162262991844909e+05 1.143685966684151936e+02 3.486162262991848984e+05 -8.079122136333982944e+08 2.659846172953677090e-01 3.216747325042200600e+01 3.152393319482485367e+03 3.216747325042201311e+01 3.890248788964971482e+03 3.812420763666017447e+05 3.152393319482485822e+03 3.812420763666016865e+05 3.736149760000002384e+07
9.649902259166887736e-03 1.167033552343494041e+00 1.143685966684150372e+02 1.167033552343497149e+00 -1.260178578878485041e+03 3.486162262991844909e+05 1.143685966684151936e+02 3.486162262991848984e+05 -8.079122136333982944e+08 2.659846172953677090e-01 3.216747325042200600e+01 3.152393319482485367e+03 3.216747325042201311e+01 3.890248788964971482e+03 3.812420763666017447e+05 3.152393319482485822e+03 3.812420763666016865e+05 3.736149760000002384e+07
9.649902259166887736e-03 1.167033552343494041e+00 1.143685966684150372e+02 1.167033552343497149e+00 -1.260178578878485041e+03 3.486162262991844909e+05 1.143685966684151936e+02 3.486162262991848984e+05 -8.079122136333982944e+08 2.659846172953677090e-01 3.216747325042200600e+01 3.152393319482485367e+03 3.216747325042201311e+01 3.890248788964971482e+03 3.812420763666017447e+05 3.152393319482485822e+03 3.812420763666016865e+05 3.736149760000002384e+07
9.649902259166887736e-03 1.167033552343494041e+00 1.143685966684150372e+02 1.167033552343497149e+00 -1.260178578878485041e+03 3.486162262991844909e+05 1.143685966684151936e+02 3.486162262991848984e+05 -8.079122136333982944e+08 2.659846172953677090e-01 3.216747325042200600e+01 3.152393319482485367e+03 3.216747325042201311e+01 3.890248788964971482e+03 3.812420763666017447e+05 3.152393319482485822e+03 3.812420763666016865e+05 3.736149760000002384e+07
9.649902259166887736e-03 1.167033552343494041e+00 1.143685966684150372e+02 1.167033552343497149e+00 -1.260178578878485041e+03 3.486162262991844909e+05 1.143685966684151936e+02 3.486162262991848984e+05 -8.079122136333982944e+08 2.659846172953677090e-01 3.216747325042200600e+01 3.152393319482485367e+03 3.216747325042201311e+01 3.890248788964971482e+03 3.812420763666017447e+05 3.152393319482485822e+03 3.812420763666016865e+05 3.736149760000002384e+07
9.649902259166887736e-03 1.167033552343494041e+00 1.143685966684150372e+02 1.167033552343497149e+00 -1.260178578878485041e+03 3.486162262991844909e+05 1.143685966684151936e+02 3.486162262991848984e+05 -8.079122136333982944e+08 2.659846172953677090e-01 3.216747325042200600e+01 3.152393319482485367e+03 3.216747325042201311e+01 3.890248788964971482e+03 3.812420763666017447e+05 3.152393319482485822e+03 3.812420763666016865e+05 3.736149760000002384e+07
9.649902259166887736e-03 1.167033552343494041e+00 1.143685966684150372e+02 1.167033552343497149e+00 -1.260178578878485041e+03 3.486162262991844909e+05 1.143685966684151936e+02 3.486162262991848984e+05 -8.079122136333982944e+08 2.659846172953677090e-01 3.216747325042200600e+01 3.152393319482485367e+03 3.216747325042201311e+01 3.890248788964971482e+03 3.812420763666017447e+05 3.152393319482485822e+03 3.812420763666016865e+05 3.736149760000002384e+07
9.649902259166887736e-03 1.167033552343494041e+00 1.143685966684150372e+02 1.167033552343497149e+00 -1.260178578878485041e+03 3.486162262991844909e+05 1.143685966684151936e+02 3.486162262991848984e+05 -8.079122136333982944e+08 2.659846172953677090e-01 3.216747325042200600e+01 3.152393319482485367e+03 3.216747325042201311e+01 3.890248788964971482e+03 3.812420763666017447e+05 3.152393319482485822e+03 3.812420763666016865e+05 3.736149760000002384e+07
9.649902259166887736e-03 1.167033552343494041e+00 1.143685966684150372e+02 1.167033552343497149e+00 -1.260178578878485041e+03 3.486162262991844909e+05 1.143685966684151936e+02 3.486162262991848984e+05 -8.079122136333982944e+08 2.659846172953677090e-01 3.216747325042200600e+01 3.152393319482485367e+03 3.216747325042201311e+01 3.890248788964971482e+03 3.812420763666017447e+05 3.152393319482485822e+03 3.812420763666016865e+05 3.736149760000002384e+07
9.649902259166887736e-03 1.167033552343494041e+00 1.143685966684150372e+02 1.167033552343497149e+00 -1.260178578878485041e+03 3.486162262991844909e+05 1.143685966684151936e+02 3.486162262991848984e+05 -8.079122136333982944e+08 2.659846172953677090e-01 3.216747325042200600e+01 3.152393319482485367e+03 3.216747325042201311e+01 3.890248788964971482e+03 3.812420763666017447e+05 3.152393319482485822e+03 3.812420763666016865e+05 3.736149760000002384e+07
9.649902259166887736e-03 1.167033552343494041e+00 1.143685966684150372e+02 1.167033552343497149e+00 -1.260178578878485041e+03 3.486162262991844909e+05 1.143685966684151936e+02 3.486162262991848984e+05 -8.079122136333982944e+08 2.659846172953677090e-01 3.216747325042200600e+01 3.152393319482485367e+03 3.216747325042201311e+01 3.890248788964971482e+03 3.812420763666017447e+05 3.152393319482485822e+03 3.812420763666016865e+05 3.736149760000002384e+07
9.649902259166887736e-03 1.167033552343494041e+00 1.143685966684150372e+02 1.167033552343497149e+00 -1.260178578878485041e+03 3.486162262991844909e+05 1.143685966684151936e+02 3.486162262991848984e+05 -8.079122136333982944e+08 2.659846172953677090e-01 3.216747325042200600e+01 3.152393319482485367e+03 3.216747325042201311e+01 3.890248788964971482e+03 3.812420763666017447e+05 3.152393319482485822e+03 3.812420763666016865e+05 3.736149760000002384e+07
9.649902259166887736e-03 1.167033552343494041e+00 1.143685966684150372e+02 1.167033552343497149e+00 -1.260178578878485041e+03 3.486162262991844909e+05 1.143685966684151936e+02 3.486162262991848984e+05 -8.079122136333982944e+08 2.659846172953677090e-01 3.216747325042200600e+01 3.152393319482485367e+03 3.216747325042201311e+01 3.890248788964971482e+03 3.812420763666017447e+05 3.152393319482485822e+03 3.812420763666016865e+05 3.736149760000002384e+07
9.649902259166887736e-03 1.167033552343494041e+00 1.143685966684150372e+02 1.167033552343497149e+00 -1.260178578878485041e+03 3.486162262991844909e+05 1.143685966684151936e+02 3.486162262991848984e+05 -8.079122136333982944e+08 2.659846172953677090e-01 3.216747325042200600e+01 3.152393319482485367e+03 3.216747325042201311e+01 3.890248788964971482e+03 3.812420763666017447e+05 3.152393319482485822e+03 3.812420763666016865e+05 3.736149760000002384e+07
9.649902259166887736e-03 1.167033552343494041e+00 1.143685966684150372e+02 1.167033552343497149e+00 -1.260178578878485041e+03 3.486162262991844909e+05 1.143685966684151936e+02 3.486162262991848984e+05 -8.079122136333982944e+08 2.659846172953677090e-01 3.216747325042200600e+01 3.152393319482485367e+03 3.216747325042201311e+01 3.890248788964971482e+03 3.812420763666017447e+05 3.152393319482485822e+03 3.812420763666016865e+05 3.736149760000002384e+07
9.649902259166887736e-03 1.167033552343494041e+00 1.143685966684150372e+02 1.167033552343497149e+00 -1.260178578878485041e+03 3.486162262991844909e+05 1.143685966684151936e+02 3.486162262991848984e+05 -8.079122136333982944e+08 2.659846172953677090e-01 3.216747325042200600e+01 3.152393319482485367e+03 3.216747325042201311e+01 3.890248788964971482e+03 3.812420763666017447e+05 3.152393319482485822e+03 3.812420763666016865e+05 3.736149760000002384e+07
9.649902259166887736e-03 1.167033552343494041e+00 1.143685966684150372e+02 1.167033552343497149e+00 -1.260178578878485041e+03 3.486162262991844909e+05 1.143685966684151936e+02 3.486162262991848984e+05 -8.079122136333982944e+08 2.659846172953677090e-01 3.216747325042200600e+01 3.152393319482485367e+03 3.216747325042201311e+01 3.890248788964971482e+03 3.812420763666017447e+05 3.152393319482485822e+03 3.812420763666016865e+05 3.736149760000002384e+07
9.649902259166887736e-03 1.167033552343494041e+00 1.143685966684150372e+02 1.167033552343497149e+00 -1.260178578878485041e+03 3.486162262991844909e+05 1.143685966684151936e+02 3.486162262991848984e+05 -8.079122136333982944e+08 2.659846172953677090e-01 3.216747325042200600e+01 3.152393319482485367e+03 3.216747325042201311e+01 3.890248788964971482e+03 3.812420763666017447e+05 3.152393319482485822e+03 3.812420763666016865e+05 3.736149760000002384e+07
9.649902259166887736e-03 1.167033552343494041e+00 1.143685966684150372e+02 1.167033552343497149e+00 -1.260178578878485041e+03 3.486162262991844909e+05 1.143685966684151936e+02 3.486162262991848984e+05 -8.079122136333982944e+08 2.659846172953677090e-01 3.216747325042200600e+01 3.152393319482485367e+03 3.216747325042201311e+01 3.890248788964971482e+03 3.812420763666017447e+05 3.152393319482485822e+03 3.812420763666016865e+05 3.736149760000002384e+07
9.649902259166887736e-03 1.167033552343494041e+00 1.143685966684150372e+02 1.167033552343497149e+00 -1.260178578878485041e+03 3.486162262991844909e+05 1.143685966684151936e+02 3.486162262991848984e+05 -8.079122136333982944e+08 2.659846172953677090e-01 3.216747325042200600e+01 3.152393319482485367e+03 3.216747325042201311e+01 3.890248788964971482e+03 3.812420763666017447e+05 3.152393319482485822e+03 3.812420763666016865e+05 3.736149760000002384e+07
9.649902259166887736e-03 1.167033552343494041e+00 1.143685966684150372e+02 1.167033552343497149e+00 -1.260178578878485041e+03 3.486162262991844909e+05 1.143685966684151936e+02 3.486162262991848984e+05 -8.079122136333982944e+08 2.659846172953677090e-01 3.216747325042200600e+01 3.152393319482485367e+03 3.216747325042201311e+01 3.890248788964971482e+03 3.812420763666017447e+05 3.152393319482485822e+03 3.812420763666016865e+05 3.736149760000002384e+07
9.649902259166887736e-03 1.167033552343494041e+00 1.143685966684150372e+02 1.167033552343497149e+00 -1.260178578878485041e+03 3.486162262991844909e+05 1.143685966684151936e+02 3.486162262991848984e+05 -8.079122136333982944e+08 2.659846172953677090e-01 3.216747325042200600e+01 3.152393319482485367e+03 3.216747325042201311e+01 3.890248788964971482e+03 3.812420763666017447e+05 3.152393319482485822e+03 3.812420763666016865e+05 3.736149760000002384e+07
9.649902259166887736e-03 1.167033552343494041e+00 1.143685966684150372e+02 1.167033552343497149e+00 -1.260178578878485041e+03 3.486162262991844909e+05 1.143685966684151936e+02 3.486162262991848984e+05 -8.079122136333982944e+08 2.659846172953677090e-01 3.216747325042200600e+01 3.152393319482485367e+03 3.216747325042201311e+01 3.890248788964971482e+03 3.812420763666017447e+05 3.152393319482485822e+03 3.812420763666016865e+05 3.736149760000002384e+07
9.649902259166887736e-03 1.167033552343494041e+00 1.143685966684150372e+02 1.167033552343497149e+00 -1.260178578878485041e+03 3.486162262991844909e+05 1.143685966684151936e+02 3.486162262991848984e+05 -8.079122136333982944e+08 2.659846172953677090e-01 3.216747325042200600e+01 3.152393319482485367e+03 3.216747325042201311e+01 3.890248788964971482e+03 3.812420763666017447e+05 3.152393319482485822e+03 3.812420763666016865e+05 3.736149760000002384e+07
9.649902259166887736e-03 1.167033552343494041e+00 1.143685966684150372e+02 1.167033552343497149e+00 -1.260178578878485041e+03 3.486162262991844909e+05 1.143685966684151936e+02 3.486162262991848984e+05 -8.079122136333982944e+08 2.659846172953677090e-01 3.216747325042200600e+01 3.152393319482485367e+03 3.216747325042201311e+01 3.890248788964971482e+03 3.812420763666017447e+05 3.152393319482485822e+03 3.812420763666016865e+05 3.736149760000002384e+07
9.649902259166887736e-03 1.167033552343494041e+00 1.143685966684150372e+02 1.167033552343497149e+00 -1.260178578878485041e+03 3.486162262991844909e+05 1.143685966684151936e+02 3.486162262991848984e+05 -8.079122136333982944e+08 2.659846172953677090e-01 3.216747325042200600e+01 3.152393319482485367e+03 3.216747325042201311e+01 3.890248788964971482e+03 3.812420763666017447e+05 3.152393319482485822e+03 3.812420763666016865e+05 3.736149760000002384e+07
9.649902259166887736e-03 1.167033552343494041e+00 1.143685966684150372e+02 1.167033552343497149e+00 -1.260178578878485041e+03 3.486162262991844909e+05 1.143685966684151936e+02 3.486162262991848984e+05 -8.079122136333982944e+08 2.659846172953677090e-01 3.216747325042200600e+01 3.152393319482485367e+03 3.216747325042201311e+01 3.890248788964971482e+03 3.812420763666017447e+05 3.152393319482485822e+03 3.812420763666016865e+05 3.736149760000002384e+07
9.649902259166887736e-03 1.167033552343494041e+00 1.143685966684150372e+02 1.167033552343497149e+00 -1.260178578878485041e+03 3.486162262991844909e+05 1.143685966684151936e+02 3.486162262991848984e+05 -8.079122136333982944e+08 2.659846172953677090e-01 3.216747325042200600e+01 3.152393319482485367e+03 3.216747325042201311e+01 3.890248788964971482e+03 3.812420763666017447e+05 3.152393319482485822e+03 3.812420763666016865e+05 3.736149760000002384e+07
9.649902259166887736e-03 1.167033552343494041e+00 1.143685966684150372e+02 1.167033552343497149e+00 -1.260178578878485041e+03 3.486162262991844909e+05 1.143685966684151936e+02 3.486162262991848984e+05 -8.079122136333982944e+08 2.659846172953677090e-01 3.216747325042200600e+01 3.152393319482485367e+03 3.216747325042201311e+01 3.890248788964971482e+03 3.812420763666017447e+05 3.152393319482485822e+03 3.812420763666016865e+05 3.736149760000002384e+07
9.649902259166887736e-03 1.167033552343494041e+00 1.143685966684150372e+02 1.167033552343497149e+00 -1.260178578878485041e+03 3.486162262991844909e+05 1.143685966684151936e+02 3.486162262991848984e+05 -8.079122136333982944e+08 2.659846172953677090e-01 3.216747325042200600e+01 3.152393319482485367e+03 3.216747325042201311e+01 3.890248788964971482e+03 3.812420763666017447e+05 3.152393319482485822e+03 3.812420763666016865e+05 3.736149760000002384e+07
9.649902259166887736e-03 1.167033552343494041e+00 1.143685966684150372e+02 1.167033552343497149e+00 -1.260178578878485041e+03 3.486162262991844909e+05 1.143685966684151936e+02 3.486162262991848984e+05 -8.079122136333982944e+08 2.659846172953677090e-01 3.216747325042200600e+01 3.152393319482485367e+03 3.216747325042201311e+01 3.890248788964971482e+03 3.812420763666017447e+05 3.152393319482485822e+03 3.812420763666016865e+05 3.736149760000002384e+07
9.649902259166887736e-03 1.167033552343494041e+00 1.143685966684150372e+02 1.167033552343497149e+00 -1.260178578878485041e+03 3.486162262991844909e+05 1.143685966684151936e+02 3.486162262991848984e+05 -8.079122136333982944e+08 2.659846172953677090e-01 3.216747325042200600e+01 3.152393319482485367e+03 3.216747325042201311e+01 3.890248788964971482e+03 3.812420763666017447e+05 3.152393319482485822e+03 3.812420763666016865e+05 3.736149760000002384e+07
9.649902259166887736e-03 1.167033552343494041e+00 1.143685966684150372e+02 1.167033552343497149e+00 -1.260178578878485041e+03 3.486162262991844909e+05 1.143685966684151936e+02 3.486162262991848984e+05 -8.079122136333982944e+08 2.659846172953677090e-01 3.216747325042200600e+01 3.152393319482485367e+03 3.216747325042201311e+01 3.890248788964971482e+03 3.812420763666017447e+05 3.152393319482485822e+03 3.812420763666016865e+05 3.736149760000002384e+07
9.649902259166887736e-03 1.167033552343494041e+00 1.143685966684150372e+02 1.167033552343497149e+00 -1.260178578878485041e+03 3.486162262991844909e+05 1.143685966684151936e+02 3.486162262991848984e+05 -8.079122136333982944e+08 2.659846172953677090e-01 3.216747325042200600e+01 3.152393319482485367e+03 3.216747325042201311e+01 3.890248788964971482e+03 3.812420763666017447e+05 3.152393319482485822e+03 3.812420763666016865e+05 3.736149760000002384e+07
9.649902259166887736e-03 1.167033552343494041e+00 1.143685966684150372e+02 1.167033552343497149e+00 -1.260178578878485041e+03 3.486162262991844909e+05 1.143685966684151936e+02 3.486162262991848984e+05 -8.079122136333982944e+08 2.659846172953677090e-01 3.216747325042200600e+01 3.152393319482485367e+03 3.216747325042201311e+01 3.890248788964971482e+03 3.812420763666017447e+05 3.152393319482485822e+03 3.812420763666016865e+05 3.736149760000002384e+07
9.649902259166887736e-03 1.167033552343494041e+00 1.143685966684150372e+02 1.167033552343497149e+00 -1.260178578878485041e+03 3.486162262991844909e+05 1.143685966684151936e+02 3.486162262991848984e+05 -8.079122136333982944e+08 2.659846172953677090e-01 3.216747325042200600e+01 3.152393319482485367e+03 3.216747325042201311e+01 3.890248788964971482e+03 3.812420763666017447e+05 3.152393319482485822e+03 3.812420763666016865e+05 3.736149760000002384e+07
9.649902259166887736e-03 1.167033552343494041e+00 1.143685966684150372e+02 1.167033552343497149e+00 -1.260178578878485041e+03 3.486162262991844909e+05 1.143685966684151936e+02 3.486162262991848984e+05 -8.079122136333982944e+08 2.659846172953677090e-01 3.216747325042200600e+01 3.152393319482485367e+03 3.216747325042201311e+01 3.890248788964971482e+03 3.812420763666017447e+05 3.152393319482485822e+03 3.812420763666016865e+05 3.736149760000002384e+07
9.649902259166887736e-03 1.167033552343494041e+00 1.143685966684150372e+02 1.167033552343497149e+00 -1.260178578878485041e+03 3.486162262991844909e+05 1.143685966684151936e+02 3.486162262991848984e+05 -8.079122136333982944e+08 2.659846172953677090e-01 3.216747325042200600e+01 3.152393319482485367e+03 3.216747325042201311e+01 3.890248788964971482e+03 3.812420763666017447e+05 3.152393319482485822e+03 3.812420763666016865e+05 3.736149760000002384e+07
9.649902259166887736e-03 1.167033552343494041e+00 1.143685966684150372e+02 1.167033552343497149e+00 -1.260178578878485041e+03 3.486162262991844909e+05 1.143685966684151936e+02 3.486162262991848984e+05 -8.079122136333982944e+08 2.659846172953677090e-01 3.216747325042200600e+01 3.152393319482485367e+03 3.216747325042201311e+01 3.890248788964971482e+03 3.812420763666017447e+05 3.152393319482485822e+03 3.812420763666016865e+05 3.736149760000002384e+07
9.649902259166887736e-03 1.167033552343494041e+00 1.143685966684150372e+02 1.167033552343497149e+00 -1.260178578878485041e+03 3.486162262991844909e+05 1.143685966684151936e+02 3.486162262991848984e+05 -8.079122136333982944e+08 2.659846172953677090e-01 3.216747325042200600e+01 3.152393319482485367e+03 3.216747325042201311e+01 3.890248788964971482e+03 3.812420763666017447e+05 3.152393319482485822e+03 3.812420763666016865e+05 3.736149760000002384e+07
9.649902259166887736e-03 1.167033552343494041e+00 1.143685966684150372e+02 1.167033552343497149e+00 -1.260178578878485041e+03 3.486162262991844909e+05 1.143685966684151936e+02 3.486162262991848984e+05 -8.079122136333982944e+08 2.659846172953677090e-01 3.216747325042200600e+01 3.152393319482485367e+03 3.216747325042201311e+01 3.890248788964971482e+03 3.812420763666017447e+05 3.152393319482485822e+03 3.812420763666016865e+05 3.736149760000002384e+07
9.649902259166887736e-03 1.167033552343494041e+00 1.143685966684150372e+02 1.167033552343497149e+00 -1.260178578878485041e+03 3.486162262991844909e+05 1.143685966684151936e+02 3.486162262991848984e+05 -8.079122136333982944e+08 2.659846172953677090e-01 3.216747325042200600e+01 3.152393319482485367e+03 3.216747325042201311e+01 3.890248788964971482e+03 3.812420763666017447e+05 3.152393319482485822e+03 3.812420763666016865e+05 3.736149760000002384e+07
9.649902259166887736e-03 1.167033552343494041e+00 1.143685966684150372e+02 1.167033552343497149e+00 -1.260178578878485041e+03 3.486162262991844909e+05 1.143685966684151936e+02 3.486162262991848984e+05 -8.079122136333982944e+08 2.659846172953677090e-01 3.216747325042200600e+01 3.152393319482485367e+03 3.216747325042201311e+01 3.890248788964971482e+03 3.812420763666017447e+05 3.152393319482485822e+03 3.812420763666016865e+05 3.736149760000002384e+07
9.649902259166887736e-03 1.167033552343494041e+00 1.143685966684150372e+02 1.167033552343497149e+00 -1.260178578878485041e+03 3.486162262991844909e+05 1.143685966684151936e+02 3.486162262991848984e+05 -8.079122136333982944e+08 2.659846172953677090e-01 3.216747325042200600e+01 3.152393319482485367e+03 3.216747325042201311e+01 3.890248788964971482e+03 3.812420763666017447e+05 3.152393319482485822e+03 3.812420763666016865e+05 3.736149760000002384e+07
9.649902259166887736e-03 1.167033552343494041e+00 1.143685966684150372e+02 1.167033552343497149e+00 -1.260178578878485041e+03 3.486162262991844909e+05 1.143685966684151936e+02 3.486162262991848984e+05 -8.079122136333982944e+08 2.659846172953677090e-01 3.216747325042200600e+01 3.152393319482485367e+03 3.216747325042201311e+01 3.890248788964971482e+03 3.812420763666017447e+05 3.152393319482485822e+03 3.812420763666016865e+05 3.736149760000002384e+07
9.649902259166887736e-03 1.167033552343494041e+00 1.143685966684150372e+02 1.167033552343497149e+00 -1.260178578878485041e+03 3.486162262991844909e+05 1.143685966684151936e+02 3.486162262991848984e+05 -8.079122136333982944e+08 2.659846172953677090e-01 3.216747325042200600e+01 3.152393319482485367e+03 3.216747325042201311e+01 3.890248788964971482e+03 3.812420763666017447e+05 3.152393319482485822e+03 3.812420763666016865e+05 3.736149760000002384e+07
9.649902259166887736e-03 1.167033552343494041e+00 1.143685966684150372e+02 1.167033552343497149e+00 -1.260178578878485041e+03 3.486162262991844909e+05 1.143685966684151936e+02 3.486162262991848984e+05 -8.079122136333982944e+08 2.659846172953677090e-01 3.216747325042200600e+01 3.152393319482485367e+03 3.216747325042201311e+01 3.890248788964971482e+03 3.812420763666017447e+05 3.152393319482485822e+03 3.812420763666016865e+05 3.736149760000002384e+07
9.649902259166887736e-03 1.167033552343494041e+00 1.143685966684150372e+02 1.167033552343497149e+00 -1.260178578878485041e+03 3.486162262991844909e+05 1.143685966684151936e+02 3.486162262991848984e+05 -8.079122136333982944e+08 2.659846172953677090e-01 3.216747325042200600e+01 3.152393319482485367e+03 3.216747325042201311e+01 3.890248788964971482e+03 3.812420763666017447e+05 3.152393319482485822e+03 3.812420763666016865e+05 3.736149760000002384e+07
9.649902259166887736e-03 1.167033552343494041e+00 1.143685966684150372e+02 1.167033552343497149e+00 -1.260178578878485041e+03 3.486162262991844909e+05 1.143685966684151936e+02 3.486162262991848984e+05 -8.079122136333982944e+08 2.659846172953677090e-01 3.216747325042200600e+01 3.152393319482485367e+03 3.216747325042201311e+01 3.890248788964971482e+03 3.812420763666017447e+05 3.152393319482485822e+03 3.812420763666016865e+05 3.736149760000002384e+07
9.649902259166887736e-03 1.167033552343494041e+00 1.143685966684150372e+02 1.167033552343497149e+00 -1.260178578878485041e+03 3.486162262991844909e+05 1.143685966684151936e+02 3.486162262991848984e+05 -8.079122136333982944e+08 2.659846172953677090e-01 3.216747325042200600e+01 3.152393319482485367e+03 3.216747325042201311e+01 3.890248788964971482e+03 3.812420763666017447e+05 3.152393319482485822e+03 3.812420763666016865e+05 3.736149760000002384e+07
9.649902259166887736e-03 1.167033552343494041e+00 1.143685966684150372e+02 1.167033552343497149e+00 -1.260178578878485041e+03 3.486162262991844909e+05 1.143685966684151936e+02 3.486162262991848984e+05 -8.079122136333982944e+08 2.659846172953677090e-01 3.216747325042200600e+01 3.152393319482485367e+03 3.216747325042201311e+01 3.890248788964971482e+03 3.812420763666017447e+05 3.152393319482485822e+03 3.812420763666016865e+05 3.736149760000002384e+07
9.649902259166887736e-03 1.167033552343494041e+00 1.143685966684150372e+02 1.167033552343497149e+00 -1.260178578878485041e+03 3.486162262991844909e+05 1.143685966684151936e+02 3.486162262991848984e+05 -8.079122136333982944e+08 2.659846172953677090e-01 3.216747325042200600e+01 3.152393319482485367e+03 3.216747325042201311e+01 3.890248788964971482e+03 3.812420763666017447e+05 3.152393319482485822e+03 3.812420763666016865e+05 3.736149760000002384e+07
9.649902259166887736e-03 1.167033552343494041e+00 1.143685966684150372e+02 1.167033552343497149e+00 -1.260178578878485041e+03 3.486162262991844909e+05 1.143685966684151936e+02 3.486162262991848984e+05 -8.079122136333982944e+08 2.659846172953677090e-01 3.216747325042200600e+01 3.152393319482485367e+03 3.216747325042201311e+01 3.890248788964971482e+03 3.812420763666017447e+05 3.152393319482485822e+03 3.812420763666016865e+05 3.736149760000002384e+07
9.649902259166887736e-03 1.167033552343494041e+00 1.143685966684150372e+02 1.167033552343497149e+00 -1.260178578878485041e+03 3.486162262991844909e+05 1.143685966684151936e+02 3.486162262991848984e+05 -8.079122136333982944e+08 2.659846172953677090e-01 3.216747325042200600e+01 3.152393319482485367e+03 3.216747325042201311e+01 3.890248788964971482e+03 3.812420763666017447e+05 3.152393319482485822e+03 3.812420763666016865e+05 3.736149760000002384e+07
9.649902259166887736e-03 1.167033552343494041e+00 1.143685966684150372e+02 1.167033552343497149e+00 -1.260178578878485041e+03 3.486162262991844909e+05 1.143685966684151936e+02 3.486162262991848984e+05 -8.079122136333982944e+08 2.659846172953677090e-01 3.216747325042200600e+01 3.152393319482485367e+03 3.216747325042201311e+01 3.890248788964971482e+03 3.812420763666017447e+05 3.152393319482485822e+03 3.812420763666016865e+05 3.736149760000002384e+07
9.649902259166887736e-03 1.167033552343494041e+00 1.143685966684150372e+02 1.167033552343497149e+00 -1.260178578878485041e+03 3.486162262991844909e+05 1.143685966684151936e+02 3.486162262991848984e+05 -8.079122136333982944e+08 2.659846172953677090e-01 3.216747325042200600e+01 3.152393319482485367e+03 3.216747325042201311e+01 3.890248788964971482e+03 3.812420763666017447e+05 3.152393319482485822e+03 3.812420763666016865e+05 3.736149760000002384e+07
9.649902259166887736e-03 1.167033552343494041e+00 1.143685966684150372e+02 1.167033552343497149e+00 -1.260178578878485041e+03 3.486162262991844909e+05 1.143685966684151936e+02 3.486162262991848984e+05 -8.079122136333982944e+08 2.659846172953677090e-01 3.216747325042200600e+01 3.152393319482485367e+03 3.216747325042201311e+01 3.890248788964971482e+03 3.812420763666017447e+05 3.152393319482485822e+03 3.812420763666016865e+05 3.736149760000002384e+07
9.649902259166887736e-03 1.167033552343494041e+00 1.143685966684150372e+02 1.167033552343497149e+00 -1.260178578878485041e+03 3.486162262991844909e+05 1.143685966684151936e+02 3.486162262991848984e+05 -8.079122136333982944e+08 2.659846172953677090e-01 3.216747325042200600e+01 3.152393319482485367e+03 3.216747325042201311e+01 3.890248788964971482e+03 3.812420763666017447e+05 3.152393319482485822e+03 3.812420763666016865e+05 3.736149760000002384e+07
9.649902259166887736e-03 1.167033552343494041e+00 1.143685966684150372e+02 1.167033552343497149e+00 -1.260178578878485041e+03 3.486162262991844909e+05 1.143685966684151936e+02 3.486162262991848984e+05 -8.079122136333982944e+08 2.659846172953677090e-01 3.216747325042200600e+01 3.152393319482485367e+03 3.216747325042201311e+01 3.890248788964971482e+03 3.812420763666017447e+05 3.152393319482485822e+03 3.812420763666016865e+05 3.736149760000002384e+07
9.649902259166887736e-03 1.167033552343494041e+00 1.143685966684150372e+02 1.167033552343497149e+00 -1.260178578878485041e+03 3.486162262991844909e+05 1.143685966684151936e+02 3.486162262991848984e+05 -8.079122136333982944e+08 2.659846172953677090e-01 3.216747325042200600e+01 3.152393319482485367e+03 3.216747325042201311e+01 3.890248788964971482e+03 3.812420763666017447e+05 3.152393319482485822e+03 3.812420763666016865e+05 3.736149760000002384e+07
9.649902259166887736e-03 1.167033552343494041e+00 1.143685966684150372e+02 1.167033552343497149e+00 -1.260178578878485041e+03 3.486162262991844909e+05 1.143685966684151936e+02 3.486162262991848984e+05 -8.079122136333982944e+08 2.659846172953677090e-01 3.216747325042200600e+01 3.152393319482485367e+03 3.216747325042201311e+01 3.890248788964971482e+03 3.812420763666017447e+05 3.152393319482485822e+03 3.812420763666016865e+05 3.736149760000002384e+07
9.649902259166887736e-03 1.167033552343494041e+00 1.143685966684150372e+02 1.167033552343497149e+00 -1.260178578878485041e+03 3.486162262991844909e+05 1.143685966684151936e+02 3.486162262991848984e+05 -8.079122136333982944e+08 2.659846172953677090e-01 3.216747325042200600e+01 3.152393319482485367e+03 3.216747325042201311e+01 3.890248788964971482e+03 3.812420763666017447e+05 3.152393319482485822e+03 3.812420763666016865e+05 3.736149760000002384e+07
9.649902259166887736e-03 1.167033552343494041e+00 1.143685966684150372e+02 1.167033552343497149e+00 -1.260178578878485041e+03 3.486162262991844909e+05 1.143685966684151936e+02 3.486162262991848984e+05 -8.079122136333982944e+08 2.659846172953677090e-01 3.216747325042200600e+01 3.152393319482485367e+03 3.216747325042201311e+01 3.890248788964971482e+03 3.812420763666017447e+05 3.152393319482485822e+03 3.812420763666016865e+05 3.736149760000002384e+07
9.649902259166887736e-03 1.167033552343494041e+00 1.143685966684150372e+02 1.167033552343497149e+00 -1.260178578878485041e+03 3.486162262991844909e+05 1.143685966684151936e+02 3.486162262991848984e+05 -8.079122136333982944e+08 2.659846172953677090e-01 3.216747325042200600e+01 3.152393319482485367e+03 3.216747325042201311e+01 3.890248788964971482e+03 3.812420763666017447e+05 3.152393319482485822e+03 3.812420763666016865e+05 3.736149760000002384e+07
9.649902259166887736e-03 1.167033552343494041e+00 1.143685966684150372e+02 1.167033552343497149e+00 -1.260178578878485041e+03 3.486162262991844909e+05 1.143685966684151936e+02 3.486162262991848984e+05 -8.079122136333982944e+08 2.659846172953677090e-01 3.216747325042200600e+01 3.152393319482485367e+03 3.216747325042201311e+01 3.890248788964971482e+03 3.812420763666017447e+05 3.152393319482485822e+03 3.812420763666016865e+05 3.736149760000002384e+07
9.649902259166887736e-03 1.167033552343494041e+00 1.143685966684150372e+02 1.167033552343497149e+00 -1.260178578878485041e+03 3.486162262991844909e+05 1.143685966684151936e+02 3.486162262991848984e+05 -8.079122136333982944e+08 2.659846172953677090e-01 3.216747325042200600e+01 3.152393319482485367e+03 3.216747325042201311e+01 3.890248788964971482e+03 3.812420763666017447e+05 3.152393319482485822e+03 3.812420763666016865e+05 3.736149760000002384e+07
9.649902259166887736e-03 1.167033552343494041e+00 1.143685966684150372e+02 1.167033552343497149e+00 -1.260178578878485041e+03 3.486162262991844909e+05 1.143685966684151936e+02 3.486162262991848984e+05 -8.079122136333982944e+08 2.659846172953677090e-01 3.216747325042200600e+01 3.152393319482485367e+03 3.216747325042201311e+01 3.890248788964971482e+03 3.812420763666017447e+05 3.152393319482485822e+03 3.812420763666016865e+05 3.736149760000002384e+07
9.649902259166887736e-03 1.167033552343494041e+00 1.143685966684150372e+02 1.167033552343497149e+00 -1.260178578878485041e+03 3.486162262991844909e+05 1.143685966684151936e+02 3.486162262991848984e+05 -8.079122136333982944e+08 2.659846172953677090e-01 3.216747325042200600e+01 3.152393319482485367e+03 3.216747325042201311e+01 3.890248788964971482e+03 3.812420763666017447e+05 3.152393319482485822e+03 3.812420763666016865e+05 3.736149760000002384e+07
9.649902259166887736e-03 1.167033552343494041e+00 1.143685966684150372e+02 1.167033552343497149e+00 -1.260178578878485041e+03 3.486162262991844909e+05 1.143685966684151936e+02 3.486162262991848984e+05 -8.079122136333982944e+08 2.659846172953677090e-01 3.216747325042200600e+01 3.152393319482485367e+03 3.216747325042201311e+01 3.890248788964971482e+03 3.812420763666017447e+05 3.152393319482485822e+03 3.812420763666016865e+05 3.736149760000002384e+07
9.649902259166887736e-03 1.167033552343494041e+00 1.143685966684150372e+02 1.167033552343497149e+00 -1.260178578878485041e+03 3.486162262991844909e+05 1.143685966684151936e+02 3.486162262991848984e+05 -8.079122136333982944e+08 2.659846172953677090e-01 3.216747325042200600e+01 3.152393319482485367e+03 3.216747325042201311e+01 3.890248788964971482e+03 3.812420763666017447e+05 3.152393319482485822e+03 3.812420763666016865e+05 3.736149760000002384e+07
9.649902259166887736e-03 1.167033552343494041e+00 1.143685966684150372e+02 1.167033552343497149e+00 -1.260178578878485041e+03 3.486162262991844909e+05 1.143685966684151936e+02 3.486162262991848984e+05 -8.079122136333982944e+08 2.659846172953677090e-01 3.216747325042200600e+01 3.152393319482485367e+03 3.216747325042201311e+01 3.890248788964971482e+03 3.812420763666017447e+05 3.152393319482485822e+03 3.812420763666016865e+05 3.736149760000002384e+07
9.649902259166887736e-03 1.167033552343494041e+00 1.143685966684150372e+02 1.167033552343497149e+00 -1.260178578878485041e+03 3.486162262991844909e+05 1.143685966684151936e+02 3.486162262991848984e+05 -8.079122136333982944e+08 2.659846172953677090e-01 3.216747325042200600e+01 3.152393319482485367e+03 3.216747325042201311e+01 3.890248788964971482e+03 3.812420763666017447e+05 3.152393319482485822e+03 3.812420763666016865e+05 3.736149760000002384e+07
9.649902259166887736e-03 1.167033552343494041e+00 1.143685966684150372e+02 1.167033552343497149e+00 -1.260178578878485041e+03 3.486162262991844909e+05 1.143685966684151936e+02 3.486162262991848984e+05 -8.079122136333982944e+08 2.659846172953677090e-01 3.216747325042200600e+01 3.152393319482485367e+03 3.216747325042201311e+01 3.890248788964971482e+03 3.812420763666017447e+05 3.152393319482485822e+03 3.812420763666016865e+05 3.736149760000002384e+07
9.649902259166887736e-03 1.167033552343494041e+00 1.143685966684150372e+02 1.167033552343497149e+00 -1.260178578878485041e+03 3.486162262991844909e+05 1.143685966684151936e+02 3.486162262991848984e+05 -8.079122136333982944e+08 2.659846172953677090e-01 3.216747325042200600e+01 3.152393319482485367e+03 3.216747325042201311e+01 3.890248788964971482e+03 3.812420763666017447e+05 3.152393319482485822e+03 3.812420763666016865e+05 3.736149760000002384e+07
9.649902259166887736e-03 1.167033552343494041e+00 1.143685966684150372e+02 1.167033552343497149e+00 -1.260178578878485041e+03 3.486162262991844909e+05 1.143685966684151936e+02 3.486162262991848984e+05 -8.079122136333982944e+08 2.659846172953677090e-01 3.216747325042200600e+01 3.152393319482485367e+03 3.216747325042201311e+01 3.890248788964971482e+03 3.812420763666017447e+05 3.152393319482485822e+03 3.812420763666016865e+05 3.736149760000002384e+07
9.649902259166887736e-03 1.167033552343494041e+00 1.143685966684150372e+02 1.167033552343497149e+00 -1.260178578878485041e+03 3.486162262991844909e+05 1.143685966684151936e+02 3.486162262991848984e+05 -8.079122136333982944e+08 2.659846172953677090e-01 3.216747325042200600e+01 3.152393319482485367e+03 3.216747325042201311e+01 3.890248788964971482e+03 3.812420763666017447e+05 3.152393319482485822e+03 3.812420763666016865e+05 3.736149760000002384e+07
9.649902259166887736e-03 1.167033552343494041e+00 1.143685966684150372e+02 1.167033552343497149e+00 -1.260178578878485041e+03 3.486162262991844909e+05 1.143685966684151936e+02 3.486162262991848984e+05 -8.079122136333982944e+08 2.659846172953677090e-01 3.216747325042200600e+01 3.152393319482485367e+03 3.216747325042201311e+01 3.890248788964971482e+03 3.812420763666017447e+05 3.152393319482485822e+03 3.812420763666016865e+05 3.736149760000002384e+07
9.649902259166887736e-03 1.167033552343494041e+00 1.143685966684150372e+02 1.167033552343497149e+00 -1.260178578878485041e+03 3.486162262991844909e+05 1.143685966684151936e+02 3.486162262991848984e+05 -8.079122136333982944e+08 2.659846172953677090e-01 3.216747325042200600e+01 3.152393319482485367e+03 3.216747325042201311e+01 3.890248788964971482e+03 3.812420763666017447e+05 3.152393319482485822e+03 3.812420763666016865e+05 3.736149760000002384e+07
9.649902259166887736e-03 1.167033552343494041e+00 1.143685966684150372e+02 1.167033552343497149e+00 -1.260178578878485041e+03 3.486162262991844909e+05 1.143685966684151936e+02 3.486162262991848984e+05 -8.079122136333982944e+08 2.659846172953677090e-01 3.216747325042200600e+01 3.152393319482485367e+03 3.216747325042201311e+01 3.890248788964971482e+03 3.812420763666017447e+05 3.152393319482485822e+03 3.812420763666016865e+05 3.736149760000002384e+07
9.649902259166887736e-03 1.167033552343494041e+00 1.143685966684150372e+02 1.167033552343497149e+00 -1.260178578878485041e+03 3.486162262991844909e+05 1.143685966684151936e+02 3.486162262991848984e+05 -8.079122136333982944e+08 2.659846172953677090e-01 3.216747325042200600e+01 3.152393319482485367e+03 3.216747325042201311e+01 3.890248788964971482e+03 3.812420763666017447e+05 3.152393319482485822e+03 3.812420763666016865e+05 3.736149760000002384e+07
9.649902259166887736e-03 1.167033552343494041e+00 1.143685966684150372e+02 1.167033552343497149e+00 -1.260178578878485041e+03 3.486162262991844909e+05 1.143685966684151936e+02 3.486162262991848984e+05 -8.079122136333982944e+08 2.659846172953677090e-01 3.216747325042200600e+01 3.152393319482485367e+03 3.216747325042201311e+01 3.890248788964971482e+03 3.812420763666017447e+05 3.152393319482485822e+03 3.812420763666016865e+05 3.736149760000002384e+07
9.649902259166887736e-03 1.167033552343494041e+00 1.143685966684150372e+02 1.167033552343497149e+00 -1.260178578878485041e+03 3.486162262991844909e+05 1.143685966684151936e+02 3.486162262991848984e+05 -8.079122136333982944e+08 2.659846172953677090e-01 3.216747325042200600e+01 3.152393319482485367e+03 3.216747325042201311e+01 3.890248788964971482e+03 3.812420763666017447e+05 3.152393319482485822e+03 3.812420763666016865e+05 3.736149760000002384e+07
9.649902259166887736e-03 1.167033552343494041e+00 1.143685966684150372e+02 1.167033552343497149e+00 -1.260178578878485041e+03 3.486162262991844909e+05 1.143685966684151936e+02 3.486162262991848984e+05 -8.079122136333982944e+08 2.659846172953677090e-01 3.216747325042200600e+01 3.152393319482485367e+03 3.216747325042201311e+01 3.890248788964971482e+03 3.812420763666017447e+05 3.152393319482485822e+03 3.812420763666016865e+05 3.736149760000002384e+07
9.649902259166887736e-03 1.167033552343494041e+00 1.143685966684150372e+02 1.167033552343497149e+00 -1.260178578878485041e+03 3.486162262991844909e+05 1.143685966684151936e+02 3.486162262991848984e+05 -8.079122136333982944e+08 2.659846172953677090e-01 3.216747325042200600e+01 3.152393319482485367e+03 3.216747325042201311e+01 3.890248788964971482e+03 3.812420763666017447e+05 3.152393319482485822e+03 3.812420763666016865e+05 3.736149760000002384e+07
9.649902259166887736e-03 1.167033552343494041e+00 1.143685966684150372e+02 1.167033552343497149e+00 -1.260178578878485041e+03 3.486162262991844909e+05 1.143685966684151936e+02 3.486162262991848984e+05 -8.079122136333982944e+08 2.659846172953677090e-01 3.216747325042200600e+01 3.152393319482485367e+03 3.216747325042201311e+01 3.890248788964971482e+03 3.812420763666017447e+05 3.152393319482485822e+03 3.812420763666016865e+05 3.736149760000002384e+07
9.649902259166887736e-03 1.167033552343494041e+00 1.143685966684150372e+02 1.167033552343497149e+00 -1.260178578878485041e+03 3.486162262991844909e+05 1.143685966684151936e+02 3.486162262991848984e+05 -8.079122136333982944e+08 2.659846172953677090e-01 3.216747325042200600e+01 3.152393319482485367e+03 3.216747325042201311e+01 3.890248788964971482e+03 3.812420763666017447e+05 3.152393319482485822e+03 3.812420763666016865e+05 3.736149760000002384e+07
9.649902259166887736e-03 1.167033552343494041e+00 1.143685966684150372e+02 1.167033552343497149e+00 -1.260178578878485041e+03 3.486162262991844909e+05 1.143685966684151936e+02 3.486162262991848984e+05 -8.079122136333982944e+08 2.659846172953677090e-01 3.216747325042200600e+01 3.152393319482485367e+03 3.216747325042201311e+01 3.890248788964971482e+03 3.812420763666017447e+05 3.152393319482485822e+03 3.812420763666016865e+05 3.736149760000002384e+07
9.649902259166887736e-03 1.167033552343494041e+00 1.143685966684150372e+02 1.167033552343497149e+00 -1.260178578878485041e+03 3.486162262991844909e+05 1.143685966684151936e+02 3.486162262991848984e+05 -8.079122136333982944e+08 2.659846172953677090e-01 3.216747325042200600e+01 3.152393319482485367e+03 3.216747325042201311e+01 3.890248788964971482e+03 3.812420763666017447e+05 3.152393319482485822e+03 3.812420763666016865e+05 3.736149760000002384e+07
9.649902259166887736e-03 1.167033552343494041e+00 1.143685966684150372e+02 1.167033552343497149e+00 -1.260178578878485041e+03 3.486162262991844909e+05 1.143685966684151936e+02 3.486162262991848984e+05 -8.079122136333982944e+08 2.659846172953677090e-01 3.216747325042200600e+01 3.152393319482485367e+03 3.216747325042201311e+01 3.890248788964971482e+03 3.812420763666017447e+05 3.152393319482485822e+03 3.812420763666016865e+05 3.736149760000002384e+07
9.649902259166887736e-03 1.167033552343494041e+00 1.143685966684150372e+02 1.167033552343497149e+00 -1.260178578878485041e+03 3.486162262991844909e+05 1.143685966684151936e+02 3.486162262991848984e+05 -8.079122136333982944e+08 2.659846172953677090e-01 3.216747325042200600e+01 3.152393319482485367e+03 3.216747325042201311e+01 3.890248788964971482e+03 3.812420763666017447e+05 3.152393319482485822e+03 3.812420763666016865e+05 3.736149760000002384e+07
9.649902259166887736e-03 1.167033552343494041e+00 1.143685966684150372e+02 1.167033552343497149e+00 -1.260178578878485041e+03 3.486162262991844909e+05 1.143685966684151936e+02 3.486162262991848984e+05 -8.079122136333982944e+08 2.659846172953677090e-01 3.216747325042200600e+01 3.152393319482485367e+03 3.216747325042201311e+01 3.890248788964971482e+03 3.812420763666017447e+05 3.152393319482485822e+03 3.812420763666016865e+05 3.736149760000002384e+07
9.649902259166887736e-03 1.167033552343494041e+00 1.143685966684150372e+02 1.167033552343497149e+00 -1.260178578878485041e+03 3.486162262991844909e+05 1.143685966684151936e+02 3.486162262991848984e+05 -8.079122136333982944e+08 2.659846172953677090e-01 3.216747325042200600e+01 3.152393319482485367e+03 3.216747325042201311e+01 3.890248788964971482e+03 3.812420763666017447e+05 3.152393319482485822e+03 3.812420763666016865e+05 3.736149760000002384e+07
9.649902259166887736e-03 1.167033552343494041e+00 1.143685966684150372e+02 1.167033552343497149e+00 -1.260178578878485041e+03 3.486162262991844909e+05 1.143685966684151936e+02 3.486162262991848984e+05 -8.079122136333982944e+08 2.659846172953677090e-01 3.216747325042200600e+01 3.152393319482485367e+03 3.216747325042201311e+01 3.890248788964971482e+03 3.812420763666017447e+05 3.152393319482485822e+03 3.812420763666016865e+05 3.736149760000002384e+07
9.649902259166887736e-03 1.167033552343494041e+00 1.143685966684150372e+02 1.167033552343497149e+00 -1.260178578878485041e+03 3.486162262991844909e+05 1.143685966684151936e+02 3.486162262991848984e+05 -8.079122136333982944e+08 2.659846172953677090e-01 3.216747325042200600e+01 3.152393319482485367e+03 3.216747325042201311e+01 3.890248788964971482e+03 3.812420763666017447e+05 3.152393319482485822e+03 3.812420763666016865e+05 3.736149760000002384e+07
9.649902259166887736e-03 1.167033552343494041e+00 1.143685966684150372e+02 1.167033552343497149e+00 -1.260178578878485041e+03 3.486162262991844909e+05 1.143685966684151936e+02 3.486162262991848984e+05 -8.079122136333982944e+08 2.659846172953677090e-01 3.216747325042200600e+01 3.152393319482485367e+03 3.216747325042201311e+01 3.890248788964971482e+03 3.812420763666017447e+05 3.152393319482485822e+03 3.812420763666016865e+05 3.736149760000002384e+07
9.649902259166887736e-03 1.167033552343494041e+00 1.143685966684150372e+02 1.167033552343497149e+00 -1.260178578878485041e+03 3.486162262991844909e+05 1.143685966684151936e+02 3.486162262991848984e+05 -8.079122136333982944e+08 2.659846172953677090e-01 3.216747325042200600e+01 3.152393319482485367e+03 3.216747325042201311e+01 3.890248788964971482e+03 3.812420763666017447e+05 3.152393319482485822e+03 3.812420763666016865e+05 3.736149760000002384e+07
9.649902259166887736e-03 1.167033552343494041e+00 1.143685966684150372e+02 1.167033552343497149e+00 -1.260178578878485041e+03 3.486162262991844909e+05 1.143685966684151936e+02 3.486162262991848984e+05 -8.079122136333982944e+08 2.659846172953677090e-01 3.216747325042200600e+01 3.152393319482485367e+03 3.216747325042201311e+01 3.890248788964971482e+03 3.812420763666017447e+05 3.152393319482485822e+03 3.812420763666016865e+05 3.736149760000002384e+07
9.649902259166887736e-03 1.167033552343494041e+00 1.143685966684150372e+02 1.167033552343497149e+00 -1.260178578878485041e+03 3.486162262991844909e+05 1.143685966684151936e+02 3.486162262991848984e+05 -8.079122136333982944e+08 2.659846172953677090e-01 3.216747325042200600e+01 3.152393319482485367e+03 3.216747325042201311e+01 3.890248788964971482e+03 3.812420763666017447e+05 3.152393319482485822e+03 3.812420763666016865e+05 3.736149760000002384e+07
9.649902259166887736e-03 1.167033552343494041e+00 1.143685966684150372e+02 1.167033552343497149e+00 -1.260178578878485041e+03 3.486162262991844909e+05 1.143685966684151936e+02 3.486162262991848984e+05 -8.079122136333982944e+08 2.659846172953677090e-01 3.216747325042200600e+01 3.152393319482485367e+03 3.216747325042201311e+01 3.890248788964971482e+03 3.812420763666017447e+05 3.152393319482485822e+03 3.812420763666016865e+05 3.736149760000002384e+07
9.649902259166887736e-03 1.167033552343494041e+00 1.143685966684150372e+02 1.167033552343497149e+00 -1.260178578878485041e+03 3.486162262991844909e+05 1.143685966684151936e+02 3.486162262991848984e+05 -8.079122136333982944e+08 2.659846172953677090e-01 3.216747325042200600e+01 3.152393319482485367e+03 3.216747325042201311e+01 3.890248788964971482e+03 3.812420763666017447e+05 3.152393319482485822e+03 3.812420763666016865e+05 3.736149760000002384e+07
9.649902259166887736e-03 1.167033552343494041e+00 1.143685966684150372e+02 1.167033552343497149e+00 -1.260178578878485041e+03 3.486162262991844909e+05 1.143685966684151936e+02 3.486162262991848984e+05 -8.079122136333982944e+08 2.659846172953677090e-01 3.216747325042200600e+01 3.152393319482485367e+03 3.216747325042201311e+01 3.890248788964971482e+03 3.812420763666017447e+05 3.152393319482485822e+03 3.812420763666016865e+05 3.736149760000002384e+07
9.649902259166887736e-03 1.167033552343494041e+00 1.143685966684150372e+02 1.167033552343497149e+00 -1.260178578878485041e+03 3.486162262991844909e+05 1.143685966684151936e+02 3.486162262991848984e+05 -8.079122136333982944e+08 2.659846172953677090e-01 3.216747325042200600e+01 3.152393319482485367e+03 3.216747325042201311e+01 3.890248788964971482e+03 3.812420763666017447e+05 3.152393319482485822e+03 3.812420763666016865e+05 3.736149760000002384e+07
9.649902259166887736e-03 1.167033552343494041e+00 1.143685966684150372e+02 1.167033552343497149e+00 -1.260178578878485041e+03 3.486162262991844909e+05 1.143685966684151936e+02 3.486162262991848984e+05 -8.079122136333982944e+08 2.659846172953677090e-01 3.216747325042200600e+01 3.152393319482485367e+03 3.216747325042201311e+01 3.890248788964971482e+03 3.812420763666017447e+05 3.152393319482485822e+03 3.812420763666016865e+05 3.736149760000002384e+07
9.649902259166887736e-03 1.167033552343494041e+00 1.143685966684150372e+02 1.167033552343497149e+00 -1.260178578878485041e+03 3.486162262991844909e+05 1.143685966684151936e+02 3.486162262991848984e+05 -8.079122136333982944e+08 2.659846172953677090e-01 3.216747325042200600e+01 3.152393319482485367e+03 3.216747325042201311e+01 3.890248788964971482e+03 3.812420763666017447e+05 3.152393319482485822e+03 3.812420763666016865e+05 3.736149760000002384e+07
9.649902259166887736e-03 1.167033552343494041e+00 1.143685966684150372e+02 1.167033552343497149e+00 -1.260178578878485041e+03 3.486162262991844909e+05 1.143685966684151936e+02 3.486162262991848984e+05 -8.079122136333982944e+08 2.659846172953677090e-01 3.216747325042200600e+01 3.152393319482485367e+03 3.216747325042201311e+01 3.890248788964971482e+03 3.812420763666017447e+05 3.152393319482485822e+03 3.812420763666016865e+05 3.736149760000002384e+07
9.649902259166887736e-03 1.167033552343494041e+00 1.143685966684150372e+02 1.167033552343497149e+00 -1.260178578878485041e+03 3.486162262991844909e+05 1.143685966684151936e+02 3.486162262991848984e+05 -8.079122136333982944e+08 2.659846172953677090e-01 3.216747325042200600e+01 3.152393319482485367e+03 3.216747325042201311e+01 3.890248788964971482e+03 3.812420763666017447e+05 3.152393319482485822e+03 3.812420763666016865e+05 3.736149760000002384e+07
9.649902259166887736e-03 1.167033552343494041e+00 1.143685966684150372e+02 1.167033552343497149e+00 -1.260178578878485041e+03 3.486162262991844909e+05 1.143685966684151936e+02 3.486162262991848984e+05 -8.079122136333982944e+08 2.659846172953677090e-01 3.216747325042200600e+01 3.152393319482485367e+03 3.216747325042201311e+01 3.890248788964971482e+03 3.812420763666017447e+05 3.152393319482485822e+03 3.812420763666016865e+05 3.736149760000002384e+07
9.649902259166887736e-03 1.167033552343494041e+00 1.143685966684150372e+02 1.167033552343497149e+00 -1.260178578878485041e+03 3.486162262991844909e+05 1.143685966684151936e+02 3.486162262991848984e+05 -8.079122136333982944e+08 2.659846172953677090e-01 3.216747325042200600e+01 3.152393319482485367e+03 3.216747325042201311e+01 3.890248788964971482e+03 3.812420763666017447e+05 3.152393319482485822e+03 3.812420763666016865e+05 3.736149760000002384e+07
9.649902259166887736e-03 1.167033552343494041e+00 1.143685966684150372e+02 1.167033552343497149e+00 -1.260178578878485041e+03 3.486162262991844909e+05 1.143685966684151936e+02 3.486162262991848984e+05 -8.079122136333982944e+08 2.659846172953677090e-01 3.216747325042200600e+01 3.152393319482485367e+03 3.216747325042201311e+01 3.890248788964971482e+03 3.812420763666017447e+05 3.152393319482485822e+03 3.812420763666016865e+05 3.736149760000002384e+07
9.649902259166887736e-03 1.167033552343494041e+00 1.143685966684150372e+02 1.167033552343497149e+00 -1.260178578878485041e+03 3.486162262991844909e+05 1.143685966684151936e+02 3.486162262991848984e+05 -8.079122136333982944e+08 2.659846172953677090e-01 3.216747325042200600e+01 3.152393319482485367e+03 3.216747325042201311e+01 3.890248788964971482e+03 3.812420763666017447e+05 3.152393319482485822e+03 3.812420763666016865e+05 3.736149760000002384e+07
9.649902259166887736e-03 1.167033552343494041e+00 1.143685966684150372e+02 1.167033552343497149e+00 -1.260178578878485041e+03 3.486162262991844909e+05 1.143685966684151936e+02 3.486162262991848984e+05 -8.079122136333982944e+08 2.659846172953677090e-01 3.216747325042200600e+01 3.152393319482485367e+03 3.216747325042201311e+01 3.890248788964971482e+03 3.812420763666017447e+05 3.152393319482485822e+03 3.812420763666016865e+05 3.736149760000002384e+07
9.649902259166887736e-03 1.167033552343494041e+00 1.143685966684150372e+02 1.167033552343497149e+00 -1.260178578878485041e+03 3.486162262991844909e+05 1.143685966684151936e+02 3.486162262991848984e+05 -8.079122136333982944e+08 2.659846172953677090e-01 3.216747325042200600e+01 3.152393319482485367e+03 3.216747325042201311e+01 3.890248788964971482e+03 3.812420763666017447e+05 3.152393319482485822e+03 3.812420763666016865e+05 3.736149760000002384e+07
9.649902259166887736e-03 1.167033552343494041e+00 1.143685966684150372e+02 1.167033552343497149e+00 -1.260178578878485041e+03 3.486162262991844909e+05 1.143685966684151936e+02 3.486162262991848984e+05 -8.079122136333982944e+08 2.659846172953677090e-01 3.216747325042200600e+01 3.152393319482485367e+03 3.216747325042201311e+01 3.890248788964971482e+03 3.812420763666017447e+05 3.152393319482485822e+03 3.812420763666016865e+05 3.736149760000002384e+07
9.649902259166887736e-03 1.167033552343494041e+00 1.143685966684150372e+02 1.167033552343497149e+00 -1.260178578878485041e+03 3.486162262991844909e+05 1.143685966684151936e+02 3.486162262991848984e+05 -8.079122136333982944e+08 2.659846172953677090e-01 3.216747325042200600e+01 3.152393319482485367e+03 3.216747325042201311e+01 3.890248788964971482e+03 3.812420763666017447e+05 3.152393319482485822e+03 3.812420763666016865e+05 3.736149760000002384e+07
9.649902259166887736e-03 1.167033552343494041e+00 1.143685966684150372e+02 1.167033552343497149e+00 -1.260178578878485041e+03 3.486162262991844909e+05 1.143685966684151936e+02 3.486162262991848984e+05 -8.079122136333982944e+08 2.659846172953677090e-01 3.216747325042200600e+01 3.152393319482485367e+03 3.216747325042201311e+01 3.890248788964971482e+03 3.812420763666017447e+05 3.152393319482485822e+03 3.812420763666016865e+05 3.736149760000002384e+07
9.649902259166887736e-03 1.167033552343494041e+00 1.143685966684150372e+02 1.167033552343497149e+00 -1.260178578878485041e+03 3.486162262991844909e+05 1.143685966684151936e+02 3.486162262991848984e+05 -8.079122136333982944e+08 2.659846172953677090e-01 3.216747325042200600e+01 3.152393319482485367e+03 3.216747325042201311e+01 3.890248788964971482e+03 3.812420763666017447e+05 3.152393319482485822e+03 3.812420763666016865e+05 3.736149760000002384e+07
9.649902259166887736e-03 1.167033552343494041e+00 1.143685966684150372e+02 1.167033552343497149e+00 -1.260178578878485041e+03 3.486162262991844909e+05 1.143685966684151936e+02 3.486162262991848984e+05 -8.079122136333982944e+08 2.659846172953677090e-01 3.216747325042200600e+01 3.152393319482485367e+03 3.216747325042201311e+01 3.890248788964971482e+03 3.812420763666017447e+05 3.152393319482485822e+03 3.812420763666016865e+05 3.736149760000002384e+07
9.649902259166887736e-03 1.167033552343494041e+00 1.143685966684150372e+02 1.167033552343497149e+00 -1.260178578878485041e+03 3.486162262991844909e+05 1.143685966684151936e+02 3.486162262991848984e+05 -8.079122136333982944e+08 2.659846172953677090e-01 3.216747325042200600e+01 3.152393319482485367e+03 3.216747325042201311e+01 3.890248788964971482e+03 3.812420763666017447e+05 3.152393319482485822e+03 3.812420763666016865e+05 3.736149760000002384e+07
9.649902259166887736e-03 1.167033552343494041e+00 1.143685966684150372e+02 1.167033552343497149e+00 -1.260178578878485041e+03 3.486162262991844909e+05 1.143685966684151936e+02 3.486162262991848984e+05 -8.079122136333982944e+08 2.659846172953677090e-01 3.216747325042200600e+01 3.152393319482485367e+03 3.216747325042201311e+01 3.890248788964971482e+03 3.812420763666017447e+05 3.152393319482485822e+03 3.812420763666016865e+05 3.736149760000002384e+07
9.649902259166887736e-03 1.167033552343494041e+00 1.143685966684150372e+02 1.167033552343497149e+00 -1.260178578878485041e+03 3.486162262991844909e+05 1.143685966684151936e+02 3.486162262991848984e+05 -8.079122136333982944e+08 2.659846172953677090e-01 3.216747325042200600e+01 3.152393319482485367e+03 3.216747325042201311e+01 3.890248788964971482e+03 3.812420763666017447e+05 3.152393319482485822e+03 3.812420763666016865e+05 3.736149760000002384e+07
9.649902259166887736e-03 1.167033552343494041e+00 1.143685966684150372e+02 1.167033552343497149e+00 -1.260178578878485041e+03 3.486162262991844909e+05 1.143685966684151936e+02 3.486162262991848984e+05 -8.079122136333982944e+08 2.659846172953677090e-01 3.216747325042200600e+01 3.152393319482485367e+03 3.216747325042201311e+01 3.890248788964971482e+03 3.812420763666017447e+05 3.152393319482485822e+03 3.812420763666016865e+05 3.736149760000002384e+07
9.649902259166887736e-03 1.167033552343494041e+00 1.143685966684150372e+02 1.167033552343497149e+00 -1.260178578878485041e+03 3.486162262991844909e+05 1.143685966684151936e+02 3.486162262991848984e+05 -8.079122136333982944e+08 2.659846172953677090e-01 3.216747325042200600e+01 3.152393319482485367e+03 3.216747325042201311e+01 3.890248788964971482e+03 3.812420763666017447e+05 3.152393319482485822e+03 3.812420763666016865e+05 3.736149760000002384e+07
9.649902259166887736e-03 1.167033552343494041e+00 1.143685966684150372e+02 1.167033552343497149e+00 -1.260178578878485041e+03 3.486162262991844909e+05 1.143685966684151936e+02 3.486162262991848984e+05 -8.079122136333982944e+08 2.659846172953677090e-01 3.216747325042200600e+01 3.152393319482485367e+03 3.216747325042201311e+01 3.890248788964971482e+03 3.812420763666017447e+05 3.152393319482485822e+03 3.812420763666016865e+05 3.736149760000002384e+07
9.649902259166887736e-03 1.167033552343494041e+00 1.143685966684150372e+02 1.167033552343497149e+00 -1.260178578878485041e+03 3.486162262991844909e+05 1.143685966684151936e+02 3.486162262991848984e+05 -8.079122136333982944e+08 2.659846172953677090e-01 3.216747325042200600e+01 3.152393319482485367e+03 3.216747325042201311e+01 3.890248788964971482e+03 3.812420763666017447e+05 3.152393319482485822e+03 3.812420763666016865e+05 3.736149760000002384e+07
9.649902259166887736e-03 1.167033552343494041e+00 1.143685966684150372e+02 1.167033552343497149e+00 -1.260178578878485041e+03 3.486162262991844909e+05 1.143685966684151936e+02 3.486162262991848984e+05 -8.079122136333982944e+08 2.659846172953677090e-01 3.216747325042200600e+01 3.152393319482485367e+03 3.216747325042201311e+01 3.890248788964971482e+03 3.812420763666017447e+05 3.152393319482485822e+03 3.812420763666016865e+05 3.736149760000002384e+07
9.649902259166887736e-03 1.167033552343494041e+00 1.143685966684150372e+02 1.167033552343497149e+00 -1.260178578878485041e+03 3.486162262991844909e+05 1.143685966684151936e+02 3.486162262991848984e+05 -8.079122136333982944e+08 2.659846172953677090e-01 3.216747325042200600e+01 3.152393319482485367e+03 3.216747325042201311e+01 3.890248788964971482e+03 3.812420763666017447e+05 3.152393319482485822e+03 3.812420763666016865e+05 3.736149760000002384e+07
9.649902259166887736e-03 1.167033552343494041e+00 1.143685966684150372e+02 1.167033552343497149e+00 -1.260178578878485041e+03 3.486162262991844909e+05 1.143685966684151936e+02 3.486162262991848984e+05 -8.079122136333982944e+08 2.659846172953677090e-01 3.216747325042200600e+01 3.152393319482485367e+03 3.216747325042201311e+01 3.890248788964971482e+03 3.812420763666017447e+05 3.152393319482485822e+03 3.812420763666016865e+05 3.736149760000002384e+07
9.649902259166887736e-03 1.167033552343494041e+00 1.143685966684150372e+02 1.167033552343497149e+00 -1.260178578878485041e+03 3.486162262991844909e+05 1.143685966684151936e+02 3.486162262991848984e+05 -8.079122136333982944e+08 2.659846172953677090e-01 3.216747325042200600e+01 3.152393319482485367e+03 3.216747325042201311e+01 3.890248788964971482e+03 3.812420763666017447e+05 3.152393319482485822e+03 3.812420763666016865e+05 3.736149760000002384e+07
9.649902259166887736e-03 1.167033552343494041e+00 1.143685966684150372e+02 1.167033552343497149e+00 -1.260178578878485041e+03 3.486162262991844909e+05 1.143685966684151936e+02 3.486162262991848984e+05 -8.079122136333982944e+08 2.659846172953677090e-01 3.216747325042200600e+01 3.152393319482485367e+03 3.216747325042201311e+01 3.890248788964971482e+03 3.812420763666017447e+05 3.152393319482485822e+03 3.812420763666016865e+05 3.736149760000002384e+07
9.649902259166887736e-03 1.167033552343494041e+00 1.143685966684150372e+02 1.167033552343497149e+00 -1.260178578878485041e+03 3.486162262991844909e+05 1.143685966684151936e+02 3.486162262991848984e+05 -8.079122136333982944e+08 2.659846172953677090e-01 3.216747325042200600e+01 3.152393319482485367e+03 3.216747325042201311e+01 3.890248788964971482e+03 3.812420763666017447e+05 3.152393319482485822e+03 3.812420763666016865e+05 3.736149760000002384e+07
9.649902259166887736e-03 1.167033552343494041e+00 1.143685966684150372e+02 1.167033552343497149e+00 -1.260178578878485041e+03 3.486162262991844909e+05 1.143685966684151936e+02 3.486162262991848984e+05 -8.079122136333982944e+08 2.659846172953677090e-01 3.216747325042200600e+01 3.152393319482485367e+03 3.216747325042201311e+01 3.890248788964971482e+03 3.812420763666017447e+05 3.152393319482485822e+03 3.812420763666016865e+05 3.736149760000002384e+07
9.649902259166887736e-03 1.167033552343494041e+00 1.143685966684150372e+02 1.167033552343497149e+00 -1.260178578878485041e+03 3.486162262991844909e+05 1.143685966684151936e+02 3.486162262991848984e+05 -8.079122136333982944e+08 2.659846172953677090e-01 3.216747325042200600e+01 3.152393319482485367e+03 3.216747325042201311e+01 3.890248788964971482e+03 3.812420763666017447e+05 3.152393319482485822e+03 3.812420763666016865e+05 3.736149760000002384e+07
9.649902259166887736e-03 1.167033552343494041e+00 1.143685966684150372e+02 1.167033552343497149e+00 -1.260178578878485041e+03 3.486162262991844909e+05 1.143685966684151936e+02 3.486162262991848984e+05 -8.079122136333982944e+08 2.659846172953677090e-01 3.216747325042200600e+01 3.152393319482485367e+03 3.216747325042201311e+01 3.890248788964971482e+03 3.812420763666017447e+05 3.152393319482485822e+03 3.812420763666016865e+05 3.736149760000002384e+07
9.649902259166887736e-03 1.167033552343494041e+00 1.143685966684150372e+02 1.167033552343497149e+00 -1.260178578878485041e+03 3.486162262991844909e+05 1.143685966684151936e+02 3.486162262991848984e+05 -8.079122136333982944e+08 2.659846172953677090e-01 3.216747325042200600e+01 3.152393319482485367e+03 3.216747325042201311e+01 3.890248788964971482e+03 3.812420763666017447e+05 3.152393319482485822e+03 3.812420763666016865e+05 3.736149760000002384e+07
9.649902259166887736e-03 1.167033552343494041e+00 1.143685966684150372e+02 1.167033552343497149e+00 -1.260178578878485041e+03 3.486162262991844909e+05 1.143685966684151936e+02 3.486162262991848984e+05 -8.079122136333982944e+08 2.659846172953677090e-01 3.216747325042200600e+01 3.152393319482485367e+03 3.216747325042201311e+01 3.890248788964971482e+03 3.812420763666017447e+05 3.152393319482485822e+03 3.812420763666016865e+05 3.736149760000002384e+07
9.649902259166887736e-03 1.167033552343494041e+00 1.143685966684150372e+02 1.167033552343497149e+00 -1.260178578878485041e+03 3.486162262991844909e+05 1.143685966684151936e+02 3.486162262991848984e+05 -8.079122136333982944e+08 2.659846172953677090e-01 3.216747325042200600e+01 3.152393319482485367e+03 3.216747325042201311e+01 3.890248788964971482e+03 3.812420763666017447e+05 3.152393319482485822e+03 3.812420763666016865e+05 3.736149760000002384e+07
9.649902259166887736e-03 1.167033552343494041e+00 1.143685966684150372e+02 1.167033552343497149e+00 -1.260178578878485041e+03 3.486162262991844909e+05 1.143685966684151936e+02 3.486162262991848984e+05 -8.079122136333982944e+08 2.659846172953677090e-01 3.216747325042200600e+01 3.152393319482485367e+03 3.216747325042201311e+01 3.890248788964971482e+03 3.812420763666017447e+05 3.152393319482485822e+03 3.812420763666016865e+05 3.736149760000002384e+07
9.649902259166887736e-03 1.167033552343494041e+00 1.143685966684150372e+02 1.167033552343497149e+00 -1.260178578878485041e+03 3.486162262991844909e+05 1.143685966684151936e+02 3.486162262991848984e+05 -8.079122136333982944e+08 2.659846172953677090e-01 3.216747325042200600e+01 3.152393319482485367e+03 3.216747325042201311e+01 3.890248788964971482e+03 3.812420763666017447e+05 3.152393319482485822e+03 3.812420763666016865e+05 3.736149760000002384e+07
9.649902259166887736e-03 1.167033552343494041e+00 1.143685966684150372e+02 1.167033552343497149e+00 -1.260178578878485041e+03 3.486162262991844909e+05 1.143685966684151936e+02 3.486162262991848984e+05 -8.079122136333982944e+08 2.659846172953677090e-01 3.216747325042200600e+01 3.152393319482485367e+03 3.216747325042201311e+01 3.890248788964971482e+03 3.812420763666017447e+05 3.152393319482485822e+03 3.812420763666016865e+05 3.736149760000002384e+07
9.649902259166887736e-03 1.167033552343494041e+00 1.143685966684150372e+02 1.167033552343497149e+00 -1.260178578878485041e+03 3.486162262991844909e+05 1.143685966684151936e+02 3.486162262991848984e+05 -8.079122136333982944e+08 2.659846172953677090e-01 3.216747325042200600e+01 3.152393319482485367e+03 3.216747325042201311e+01 3.890248788964971482e+03 3.812420763666017447e+05 3.152393319482485822e+03 3.812420763666016865e+05 3.736149760000002384e+07
9.649902259166887736e-03 1.167033552343494041e+00 1.143685966684150372e+02 1.167033552343497149e+00 -1.260178578878485041e+03 3.486162262991844909e+05 1.143685966684151936e+02 3.486162262991848984e+05 -8.079122136333982944e+08 2.659846172953677090e-01 3.216747325042200600e+01 3.152393319482485367e+03 3.216747325042201311e+01 3.890248788964971482e+03 3.812420763666017447e+05 3.152393319482485822e+03 3.812420763666016865e+05 3.736149760000002384e+07
9.649902259166887736e-03 1.167033552343494041e+00 1.143685966684150372e+02 1.167033552343497149e+00 -1.260178578878485041e+03 3.486162262991844909e+05 1.143685966684151936e+02 3.486162262991848984e+05 -8.079122136333982944e+08 2.659846172953677090e-01 3.216747325042200600e+01 3.152393319482485367e+03 3.216747325042201311e+01 3.890248788964971482e+03 3.812420763666017447e+05 3.152393319482485822e+03 3.812420763666016865e+05 3.736149760000002384e+07
9.649902259166887736e-03 1.167033552343494041e+00 1.143685966684150372e+02 1.167033552343497149e+00 -1.260178578878485041e+03 3.486162262991844909e+05 1.143685966684151936e+02 3.486162262991848984e+05 -8.079122136333982944e+08 2.659846172953677090e-01 3.216747325042200600e+01 3.152393319482485367e+03 3.216747325042201311e+01 3.890248788964971482e+03 3.812420763666017447e+05 3.152393319482485822e+03 3.812420763666016865e+05 3.736149760000002384e+07
9.649902259166887736e-03 1.167033552343494041e+00 1.143685966684150372e+02 1.167033552343497149e+00 -1.260178578878485041e+03 3.486162262991844909e+05 1.143685966684151936e+02 3.486162262991848984e+05 -8.079122136333982944e+08 2.659846172953677090e-01 3.216747325042200600e+01 3.152393319482485367e+03 3.216747325042201311e+01 3.890248788964971482e+03 3.812420763666017447e+05 3.152393319482485822e+03 3.812420763666016865e+05 3.736149760000002384e+07
9.649902259166887736e-03 1.167033552343494041e+00 1.143685966684150372e+02 1.167033552343497149e+00 -1.260178578878485041e+03 3.486162262991844909e+05 1.143685966684151936e+02 3.486162262991848984e+05 -8.079122136333982944e+08 2.659846172953677090e-01 3.216747325042200600e+01 3.152393319482485367e+03 3.216747325042201311e+01 3.890248788964971482e+03 3.812420763666017447e+05 3.152393319482485822e+03 3.812420763666016865e+05 3.736149760000002384e+07
9.649902259166887736e-03 1.167033552343494041e+00 1.143685966684150372e+02 1.167033552343497149e+00 -1.260178578878485041e+03 3.486162262991844909e+05 1.143685966684151936e+02 3.486162262991848984e+05 -8.079122136333982944e+08 2.659846172953677090e-01 3.216747325042200600e+01 3.152393319482485367e+03 3.216747325042201311e+01 3.890248788964971482e+03 3.812420763666017447e+05 3.152393319482485822e+03 3.812420763666016865e+05 3.736149760000002384e+07
9.649902259166887736e-03 1.167033552343494041e+00 1.143685966684150372e+02 1.167033552343497149e+00 -1.260178578878485041e+03 3.486162262991844909e+05 1.143685966684151936e+02 3.486162262991848984e+05 -8.079122136333982944e+08 2.659846172953677090e-01 3.216747325042200600e+01 3.152393319482485367e+03 3.216747325042201311e+01 3.890248788964971482e+03 3.812420763666017447e+05 3.152393319482485822e+03 3.812420763666016865e+05 3.736149760000002384e+07
9.649902259166887736e-03 1.167033552343494041e+00 1.143685966684150372e+02 1.167033552343497149e+00 -1.260178578878485041e+03 3.486162262991844909e+05 1.143685966684151936e+02 3.486162262991848984e+05 -8.079122136333982944e+08 2.659846172953677090e-01 3.216747325042200600e+01 3.152393319482485367e+03 3.216747325042201311e+01 3.890248788964971482e+03 3.812420763666017447e+05 3.152393319482485822e+03 3.812420763666016865e+05 3.736149760000002384e+07
9.649902259166887736e-03 1.167033552343494041e+00 1.143685966684150372e+02 1.167033552343497149e+00 -1.260178578878485041e+03 3.486162262991844909e+05 1.143685966684151936e+02 3.486162262991848984e+05 -8.079122136333982944e+08 2.659846172953677090e-01 3.216747325042200600e+01 3.152393319482485367e+03 3.216747325042201311e+01 3.890248788964971482e+03 3.812420763666017447e+05 3.152393319482485822e+03 3.812420763666016865e+05 3.736149760000002384e+07
9.649902259166887736e-03 1.167033552343494041e+00 1.143685966684150372e+02 1.167033552343497149e+00 -1.260178578878485041e+03 3.486162262991844909e+05 1.143685966684151936e+02 3.486162262991848984e+05 -8.079122136333982944e+08 2.659846172953677090e-01 3.216747325042200600e+01 3.152393319482485367e+03 3.216747325042201311e+01 3.890248788964971482e+03 3.812420763666017447e+05 3.152393319482485822e+03 3.812420763666016865e+05 3.736149760000002384e+07
9.649902259166887736e-03 1.167033552343494041e+00 1.143685966684150372e+02 1.167033552343497149e+00 -1.260178578878485041e+03 3.486162262991844909e+05 1.143685966684151936e+02 3.486162262991848984e+05 -8.079122136333982944e+08 2.659846172953677090e-01 3.216747325042200600e+01 3.152393319482485367e+03 3.216747325042201311e+01 3.890248788964971482e+03 3.812420763666017447e+05 3.152393319482485822e+03 3.812420763666016865e+05 3.736149760000002384e+07
9.649902259166887736e-03 1.167033552343494041e+00 1.143685966684150372e+02 1.167033552343497149e+00 -1.260178578878485041e+03 3.486162262991844909e+05 1.143685966684151936e+02 3.486162262991848984e+05 -8.079122136333982944e+08 2.659846172953677090e-01 3.216747325042200600e+01 3.152393319482485367e+03 3.216747325042201311e+01 3.890248788964971482e+03 3.812420763666017447e+05 3.152393319482485822e+03 3.812420763666016865e+05 3.736149760000002384e+07
9.649902259166887736e-03 1.167033552343494041e+00 1.143685966684150372e+02 1.167033552343497149e+00 -1.260178578878485041e+03 3.486162262991844909e+05 1.143685966684151936e+02 3.486162262991848984e+05 -8.079122136333982944e+08 2.659846172953677090e-01 3.216747325042200600e+01 3.152393319482485367e+03 3.216747325042201311e+01 3.890248788964971482e+03 3.812420763666017447e+05 3.152393319482485822e+03 3.812420763666016865e+05 3.736149760000002384e+07
9.649902259166887736e-03 1.167033552343494041e+00 1.143685966684150372e+02 1.167033552343497149e+00 -1.260178578878485041e+03 3.486162262991844909e+05 1.143685966684151936e+02 3.486162262991848984e+05 -8.079122136333982944e+08 2.659846172953677090e-01 3.216747325042200600e+01 3.152393319482485367e+03 3.216747325042201311e+01 3.890248788964971482e+03 3.812420763666017447e+05 3.152393319482485822e+03 3.812420763666016865e+05 3.736149760000002384e+07
9.649902259166887736e-03 1.167033552343494041e+00 1.143685966684150372e+02 1.167033552343497149e+00 -1.260178578878485041e+03 3.486162262991844909e+05 1.143685966684151936e+02 3.486162262991848984e+05 -8.079122136333982944e+08 2.659846172953677090e-01 3.216747325042200600e+01 3.152393319482485367e+03 3.216747325042201311e+01 3.890248788964971482e+03 3.812420763666017447e+05 3.152393319482485822e+03 3.812420763666016865e+05 3.736149760000002384e+07
9.649902259166887736e-03 1.167033552343494041e+00 1.143685966684150372e+02 1.167033552343497149e+00 -1.260178578878485041e+03 3.486162262991844909e+05 1.143685966684151936e+02 3.486162262991848984e+05 -8.079122136333982944e+08 2.659846172953677090e-01 3.216747325042200600e+01 3.152393319482485367e+03 3.216747325042201311e+01 3.890248788964971482e+03 3.812420763666017447e+05 3.152393319482485822e+03 3.812420763666016865e+05 3.736149760000002384e+07
9.649902259166887736e-03 1.167033552343494041e+00 1.143685966684150372e+02 1.167033552343497149e+00 -1.260178578878485041e+03 3.486162262991844909e+05 1.143685966684151936e+02 3.486162262991848984e+05 -8.079122136333982944e+08 2.659846172953677090e-01 3.216747325042200600e+01 3.152393319482485367e+03 3.216747325042201311e+01 3.890248788964971482e+03 3.812420763666017447e+05 3.152393319482485822e+03 3.812420763666016865e+05 3.736149760000002384e+07
9.649902259166887736e-03 1.167033552343494041e+00 1.143685966684150372e+02 1.167033552343497149e+00 -1.260178578878485041e+03 3.486162262991844909e+05 1.143685966684151936e+02 3.486162262991848984e+05 -8.079122136333982944e+08 2.659846172953677090e-01 3.216747325042200600e+01 3.152393319482485367e+03 3.216747325042201311e+01 3.890248788964971482e+03 3.812420763666017447e+05 3.152393319482485822e+03 3.812420763666016865e+05 3.736149760000002384e+07
9.649902259166887736e-03 1.167033552343494041e+00 1.143685966684150372e+02 1.167033552343497149e+00 -1.260178578878485041e+03 3.486162262991844909e+05 1.143685966684151936e+02 3.486162262991848984e+05 -8.079122136333982944e+08 2.659846172953677090e-01 3.216747325042200600e+01 3.152393319482485367e+03 3.216747325042201311e+01 3.890248788964971482e+03 3.812420763666017447e+05 3.152393319482485822e+03 3.812420763666016865e+05 3.736149760000002384e+07
9.649902259166887736e-03 1.167033552343494041e+00 1.143685966684150372e+02 1.167033552343497149e+00 -1.260178578878485041e+03 3.486162262991844909e+05 1.143685966684151936e+02 3.486162262991848984e+05 -8.079122136333982944e+08 2.659846172953677090e-01 3.216747325042200600e+01 3.152393319482485367e+03 3.216747325042201311e+01 3.890248788964971482e+03 3.812420763666017447e+05 3.152393319482485822e+03 3.812420763666016865e+05 3.736149760000002384e+07
9.649902259166887736e-03 1.167033552343494041e+00 1.143685966684150372e+02 1.167033552343497149e+00 -1.260178578878485041e+03 3.486162262991844909e+05 1.143685966684151936e+02 3.486162262991848984e+05 -8.079122136333982944e+08 2.659846172953677090e-01 3.216747325042200600e+01 3.152393319482485367e+03 3.216747325042201311e+01 3.890248788964971482e+03 3.812420763666017447e+05 3.152393319482485822e+03 3.812420763666016865e+05 3.736149760000002384e+07
9.649902259166887736e-03 1.167033552343494041e+00 1.143685966684150372e+02 1.167033552343497149e+00 -1.260178578878485041e+03 3.486162262991844909e+05 1.143685966684151936e+02 3.486162262991848984e+05 -8.079122136333982944e+08 2.659846172953677090e-01 3.216747325042200600e+01 3.152393319482485367e+03 3.216747325042201311e+01 3.890248788964971482e+03 3.812420763666017447e+05 3.152393319482485822e+03 3.812420763666016865e+05 3.736149760000002384e+07
9.649902259166887736e-03 1.167033552343494041e+00 1.143685966684150372e+02 1.167033552343497149e+00 -1.260178578878485041e+03 3.486162262991844909e+05 1.143685966684151936e+02 3.486162262991848984e+05 -8.079122136333982944e+08 2.659846172953677090e-01 3.216747325042200600e+01 3.152393319482485367e+03 3.216747325042201311e+01 3.890248788964971482e+03 3.812420763666017447e+05 3.152393319482485822e+03 3.812420763666016865e+05 3.736149760000002384e+07
9.649902259166887736e-03 1.167033552343494041e+00 1.143685966684150372e+02 1.167033552343497149e+00 -1.260178578878485041e+03 3.486162262991844909e+05 1.143685966684151936e+02 3.486162262991848984e+05 -8.079122136333982944e+08 2.659846172953677090e-01 3.216747325042200600e+01 3.152393319482485367e+03 3.216747325042201311e+01 3.890248788964971482e+03 3.812420763666017447e+05 3.152393319482485822e+03 3.812420763666016865e+05 3.736149760000002384e+07
9.649902259166887736e-03 1.167033552343494041e+00 1.143685966684150372e+02 1.167033552343497149e+00 -1.260178578878485041e+03 3.486162262991844909e+05 1.143685966684151936e+02 3.486162262991848984e+05 -8.079122136333982944e+08 2.659846172953677090e-01 3.216747325042200600e+01 3.152393319482485367e+03 3.216747325042201311e+01 3.890248788964971482e+03 3.812420763666017447e+05 3.152393319482485822e+03 3.812420763666016865e+05 3.736149760000002384e+07
9.649902259166887736e-03 1.167033552343494041e+00 1.143685966684150372e+02 1.167033552343497149e+00 -1.260178578878485041e+03 3.486162262991844909e+05 1.143685966684151936e+02 3.486162262991848984e+05 -8.079122136333982944e+08 2.659846172953677090e-01 3.216747325042200600e+01 3.152393319482485367e+03 3.216747325042201311e+01 3.890248788964971482e+03 3.812420763666017447e+05 3.152393319482485822e+03 3.812420763666016865e+05 3.736149760000002384e+07
9.649902259166887736e-03 1.167033552343494041e+00 1.143685966684150372e+02 1.167033552343497149e+00 -1.260178578878485041e+03 3.486162262991844909e+05 1.143685966684151936e+02 3.486162262991848984e+05 -8.079122136333982944e+08 2.659846172953677090e-01 3.216747325042200600e+01 3.152393319482485367e+03 3.216747325042201311e+01 3.890248788964971482e+03 3.812420763666017447e+05 3.152393319482485822e+03 3.812420763666016865e+05 3.736149760000002384e+07
9.649902259166887736e-03 1.167033552343494041e+00 1.143685966684150372e+02 1.167033552343497149e+00 -1.260178578878485041e+03 3.486162262991844909e+05 1.143685966684151936e+02 3.486162262991848984e+05 -8.079122136333982944e+08 2.659846172953677090e-01 3.216747325042200600e+01 3.152393319482485367e+03 3.216747325042201311e+01 3.890248788964971482e+03 3.812420763666017447e+05 3.152393319482485822e+03 3.812420763666016865e+05 3.736149760000002384e+07
9.649902259166887736e-03 1.167033552343494041e+00 1.143685966684150372e+02 1.167033552343497149e+00 -1.260178578878485041e+03 3.486162262991844909e+05 1.143685966684151936e+02 3.486162262991848984e+05 -8.079122136333982944e+08 2.659846172953677090e-01 3.216747325042200600e+01 3.152393319482485367e+03 3.216747325042201311e+01 3.890248788964971482e+03 3.812420763666017447e+05 3.152393319482485822e+03 3.812420763666016865e+05 3.736149760000002384e+07
9.649902259166887736e-03 1.167033552343494041e+00 1.143685966684150372e+02 1.167033552343497149e+00 -1.260178578878485041e+03 3.486162262991844909e+05 1.143685966684151936e+02 3.486162262991848984e+05 -8.079122136333982944e+08 2.659846172953677090e-01 3.216747325042200600e+01 3.152393319482485367e+03 3.216747325042201311e+01 3.890248788964971482e+03 3.812420763666017447e+05 3.152393319482485822e+03 3.812420763666016865e+05 3.736149760000002384e+07
9.649902259166887736e-03 1.167033552343494041e+00 1.143685966684150372e+02 1.167033552343497149e+00 -1.260178578878485041e+03 3.486162262991844909e+05 1.143685966684151936e+02 3.486162262991848984e+05 -8.079122136333982944e+08 2.659846172953677090e-01 3.216747325042200600e+01 3.152393319482485367e+03 3.216747325042201311e+01 3.890248788964971482e+03 3.812420763666017447e+05 3.152393319482485822e+03 3.812420763666016865e+05 3.736149760000002384e+07
9.649902259166887736e-03 1.167033552343494041e+00 1.143685966684150372e+02 1.167033552343497149e+00 -1.260178578878485041e+03 3.486162262991844909e+05 1.143685966684151936e+02 3.486162262991848984e+05 -8.079122136333982944e+08 2.659846172953677090e-01 3.216747325042200600e+01 3.152393319482485367e+03 3.216747325042201311e+01 3.890248788964971482e+03 3.812420763666017447e+05 3.152393319482485822e+03 3.812420763666016865e+05 3.736149760000002384e+07
9.649902259166887736e-03 1.167033552343494041e+00 1.143685966684150372e+02 1.167033552343497149e+00 -1.260178578878485041e+03 3.486162262991844909e+05 1.143685966684151936e+02 3.486162262991848984e+05 -8.079122136333982944e+08 2.659846172953677090e-01 3.216747325042200600e+01 3.152393319482485367e+03 3.216747325042201311e+01 3.890248788964971482e+03 3.812420763666017447e+05 3.152393319482485822e+03 3.812420763666016865e+05 3.736149760000002384e+07
9.649902259166887736e-03 1.167033552343494041e+00 1.143685966684150372e+02 1.167033552343497149e+00 -1.260178578878485041e+03 3.486162262991844909e+05 1.143685966684151936e+02 3.486162262991848984e+05 -8.079122136333982944e+08 2.659846172953677090e-01 3.216747325042200600e+01 3.152393319482485367e+03 3.216747325042201311e+01 3.890248788964971482e+03 3.812420763666017447e+05 3.152393319482485822e+03 3.812420763666016865e+05 3.736149760000002384e+07
9.649902259166887736e-03 1.167033552343494041e+00 1.143685966684150372e+02 1.167033552343497149e+00 -1.260178578878485041e+03 3.486162262991844909e+05 1.143685966684151936e+02 3.486162262991848984e+05 -8.079122136333982944e+08 2.659846172953677090e-01 3.216747325042200600e+01 3.152393319482485367e+03 3.216747325042201311e+01 3.890248788964971482e+03 3.812420763666017447e+05 3.152393319482485822e+03 3.812420763666016865e+05 3.736149760000002384e+07
9.649902259166887736e-03 1.167033552343494041e+00 1.143685966684150372e+02 1.167033552343497149e+00 -1.260178578878485041e+03 3.486162262991844909e+05 1.143685966684151936e+02 3.486162262991848984e+05 -8.079122136333982944e+08 2.659846172953677090e-01 3.216747325042200600e+01 3.152393319482485367e+03 3.216747325042201311e+01 3.890248788964971482e+03 3.812420763666017447e+05 3.152393319482485822e+03 3.812420763666016865e+05 3.736149760000002384e+07
9.649902259166887736e-03 1.167033552343494041e+00 1.143685966684150372e+02 1.167033552343497149e+00 -1.260178578878485041e+03 3.486162262991844909e+05 1.143685966684151936e+02 3.486162262991848984e+05 -8.079122136333982944e+08 2.659846172953677090e-01 3.216747325042200600e+01 3.152393319482485367e+03 3.216747325042201311e+01 3.890248788964971482e+03 3.812420763666017447e+05 3.152393319482485822e+03 3.812420763666016865e+05 3.736149760000002384e+07
9.649902259166887736e-03 1.167033552343494041e+00 1.143685966684150372e+02 1.167033552343497149e+00 -1.260178578878485041e+03 3.486162262991844909e+05 1.143685966684151936e+02 3.486162262991848984e+05 -8.079122136333982944e+08 2.659846172953677090e-01 3.216747325042200600e+01 3.152393319482485367e+03 3.216747325042201311e+01 3.890248788964971482e+03 3.812420763666017447e+05 3.152393319482485822e+03 3.812420763666016865e+05 3.736149760000002384e+07
9.649902259166887736e-03 1.167033552343494041e+00 1.143685966684150372e+02 1.167033552343497149e+00 -1.260178578878485041e+03 3.486162262991844909e+05 1.143685966684151936e+02 3.486162262991848984e+05 -8.079122136333982944e+08 2.659846172953677090e-01 3.216747325042200600e+01 3.152393319482485367e+03 3.216747325042201311e+01 3.890248788964971482e+03 3.812420763666017447e+05 3.152393319482485822e+03 3.812420763666016865e+05 3.736149760000002384e+07
9.649902259166887736e-03 1.167033552343494041e+00 1.143685966684150372e+02 1.167033552343497149e+00 -1.260178578878485041e+03 3.486162262991844909e+05 1.143685966684151936e+02 3.486162262991848984e+05 -8.079122136333982944e+08 2.659846172953677090e-01 3.216747325042200600e+01 3.152393319482485367e+03 3.216747325042201311e+01 3.890248788964971482e+03 3.812420763666017447e+05 3.152393319482485822e+03 3.812420763666016865e+05 3.736149760000002384e+07
9.649902259166887736e-03 1.167033552343494041e+00 1.143685966684150372e+02 1.167033552343497149e+00 -1.260178578878485041e+03 3.486162262991844909e+05 1.143685966684151936e+02 3.486162262991848984e+05 -8.079122136333982944e+08 2.659846172953677090e-01 3.216747325042200600e+01 3.152393319482485367e+03 3.216747325042201311e+01 3.890248788964971482e+03 3.812420763666017447e+05 3.152393319482485822e+03 3.812420763666016865e+05 3.736149760000002384e+07
9.649902259166887736e-03 1.167033552343494041e+00 1.143685966684150372e+02 1.167033552343497149e+00 -1.260178578878485041e+03 3.486162262991844909e+05 1.143685966684151936e+02 3.486162262991848984e+05 -8.079122136333982944e+08 2.659846172953677090e-01 3.216747325042200600e+01 3.152393319482485367e+03 3.216747325042201311e+01 3.890248788964971482e+03 3.812420763666017447e+05 3.152393319482485822e+03 3.812420763666016865e+05 3.736149760000002384e+07
9.649902259166887736e-03 1.167033552343494041e+00 1.143685966684150372e+02 1.167033552343497149e+00 -1.260178578878485041e+03 3.486162262991844909e+05 1.143685966684151936e+02 3.486162262991848984e+05 -8.079122136333982944e+08 2.659846172953677090e-01 3.216747325042200600e+01 3.152393319482485367e+03 3.216747325042201311e+01 3.890248788964971482e+03 3.812420763666017447e+05 3.152393319482485822e+03 3.812420763666016865e+05 3.736149760000002384e+07
9.649902259166887736e-03 1.167033552343494041e+00 1.143685966684150372e+02 1.167033552343497149e+00 -1.260178578878485041e+03 3.486162262991844909e+05 1.143685966684151936e+02 3.486162262991848984e+05 -8.079122136333982944e+08 2.659846172953677090e-01 3.216747325042200600e+01 3.152393319482485367e+03 3.216747325042201311e+01 3.890248788964971482e+03 3.812420763666017447e+05 3.152393319482485822e+03 3.812420763666016865e+05 3.736149760000002384e+07
9.649902259166887736e-03 1.167033552343494041e+00 1.143685966684150372e+02 1.167033552343497149e+00 -1.260178578878485041e+03 3.486162262991844909e+05 1.143685966684151936e+02 3.486162262991848984e+05 -8.079122136333982944e+08 2.659846172953677090e-01 3.216747325042200600e+01 3.152393319482485367e+03 3.216747325042201311e+01 3.890248788964971482e+03 3.812420763666017447e+05 3.152393319482485822e+03 3.812420763666016865e+05 3.736149760000002384e+07
9.649902259166887736e-03 1.167033552343494041e+00 1.143685966684150372e+02 1.167033552343497149e+00 -1.260178578878485041e+03 3.486162262991844909e+05 1.143685966684151936e+02 3.486162262991848984e+05 -8.079122136333982944e+08 2.659846172953677090e-01 3.216747325042200600e+01 3.152393319482485367e+03 3.216747325042201311e+01 3.890248788964971482e+03 3.812420763666017447e+05 3.152393319482485822e+03 3.812420763666016865e+05 3.736149760000002384e+07
9.649902259166887736e-03 1.167033552343494041e+00 1.143685966684150372e+02 1.167033552343497149e+00 -1.260178578878485041e+03 3.486162262991844909e+05 1.143685966684151936e+02 3.486162262991848984e+05 -8.079122136333982944e+08 2.659846172953677090e-01 3.216747325042200600e+01 3.152393319482485367e+03 3.216747325042201311e+01 3.890248788964971482e+03 3.812420763666017447e+05 3.152393319482485822e+03 3.812420763666016865e+05 3.736149760000002384e+07
9.649902259166887736e-03 1.167033552343494041e+00 1.143685966684150372e+02 1.167033552343497149e+00 -1.260178578878485041e+03 3.486162262991844909e+05 1.143685966684151936e+02 3.486162262991848984e+05 -8.079122136333982944e+08 2.659846172953677090e-01 3.216747325042200600e+01 3.152393319482485367e+03 3.216747325042201311e+01 3.890248788964971482e+03 3.812420763666017447e+05 3.152393319482485822e+03 3.812420763666016865e+05 3.736149760000002384e+07
9.649902259166887736e-03 1.167033552343494041e+00 1.143685966684150372e+02 1.167033552343497149e+00 -1.260178578878485041e+03 3.486162262991844909e+05 1.143685966684151936e+02 3.486162262991848984e+05 -8.079122136333982944e+08 2.659846172953677090e-01 3.216747325042200600e+01 3.152393319482485367e+03 3.216747325042201311e+01 3.890248788964971482e+03 3.812420763666017447e+05 3.152393319482485822e+03 3.812420763666016865e+05 3.736149760000002384e+07
9.649902259166887736e-03 1.167033552343494041e+00 1.143685966684150372e+02 1.167033552343497149e+00 -1.260178578878485041e+03 3.486162262991844909e+05 1.143685966684151936e+02 3.486162262991848984e+05 -8.079122136333982944e+08 2.659846172953677090e-01 3.216747325042200600e+01 3.152393319482485367e+03 3.216747325042201311e+01 3.890248788964971482e+03 3.812420763666017447e+05 3.152393319482485822e+03 3.812420763666016865e+05 3.736149760000002384e+07
9.649902259166887736e-03 1.167033552343494041e+00 1.143685966684150372e+02 1.167033552343497149e+00 -1.260178578878485041e+03 3.486162262991844909e+05 1.143685966684151936e+02 3.486162262991848984e+05 -8.079122136333982944e+08 2.659846172953677090e-01 3.216747325042200600e+01 3.152393319482485367e+03 3.216747325042201311e+01 3.890248788964971482e+03 3.812420763666017447e+05 3.152393319482485822e+03 3.812420763666016865e+05 3.736149760000002384e+07
9.649902259166887736e-03 1.167033552343494041e+00 1.143685966684150372e+02 1.167033552343497149e+00 -1.260178578878485041e+03 3.486162262991844909e+05 1.143685966684151936e+02 3.486162262991848984e+05 -8.079122136333982944e+08 2.659846172953677090e-01 3.216747325042200600e+01 3.152393319482485367e+03 3.216747325042201311e+01 3.890248788964971482e+03 3.812420763666017447e+05 3.152393319482485822e+03 3.812420763666016865e+05 3.736149760000002384e+07
9.649902259166887736e-03 1.167033552343494041e+00 1.143685966684150372e+02 1.167033552343497149e+00 -1.260178578878485041e+03 3.486162262991844909e+05 1.143685966684151936e+02 3.486162262991848984e+05 -8.079122136333982944e+08 2.659846172953677090e-01 3.216747325042200600e+01 3.152393319482485367e+03 3.216747325042201311e+01 3.890248788964971482e+03 3.812420763666017447e+05 3.152393319482485822e+03 3.812420763666016865e+05 3.736149760000002384e+07
9.649902259166887736e-03 1.167033552343494041e+00 1.143685966684150372e+02 1.167033552343497149e+00 -1.260178578878485041e+03 3.486162262991844909e+05 1.143685966684151936e+02 3.486162262991848984e+05 -8.079122136333982944e+08 2.659846172953677090e-01 3.216747325042200600e+01 3.152393319482485367e+03 3.216747325042201311e+01 3.890248788964971482e+03 3.812420763666017447e+05 3.152393319482485822e+03 3.812420763666016865e+05 3.736149760000002384e+07
9.649902259166887736e-03 1.167033552343494041e+00 1.143685966684150372e+02 1.167033552343497149e+00 -1.260178578878485041e+03 3.486162262991844909e+05 1.143685966684151936e+02 3.486162262991848984e+05 -8.079122136333982944e+08 2.659846172953677090e-01 3.216747325042200600e+01 3.152393319482485367e+03 3.216747325042201311e+01 3.890248788964971482e+03 3.812420763666017447e+05 3.152393319482485822e+03 3.812420763666016865e+05 3.736149760000002384e+07
9.649902259166887736e-03 1.167033552343494041e+00 1.143685966684150372e+02 1.167033552343497149e+00 -1.260178578878485041e+03 3.486162262991844909e+05 1.143685966684151936e+02 3.486162262991848984e+05 -8.079122136333982944e+08 2.659846172953677090e-01 3.216747325042200600e+01 3.152393319482485367e+03 3.216747325042201311e+01 3.890248788964971482e+03 3.812420763666017447e+05 3.152393319482485822e+03 3.812420763666016865e+05 3.736149760000002384e+07
9.649902259166887736e-03 1.167033552343494041e+00 1.143685966684150372e+02 1.167033552343497149e+00 -1.260178578878485041e+03 3.486162262991844909e+05 1.143685966684151936e+02 3.486162262991848984e+05 -8.079122136333982944e+08 2.659846172953677090e-01 3.216747325042200600e+01 3.152393319482485367e+03 3.216747325042201311e+01 3.890248788964971482e+03 3.812420763666017447e+05 3.152393319482485822e+03 3.812420763666016865e+05 3.736149760000002384e+07
9.649902259166887736e-03 1.167033552343494041e+00 1.143685966684150372e+02 1.167033552343497149e+00 -1.260178578878485041e+03 3.486162262991844909e+05 1.143685966684151936e+02 3.486162262991848984e+05 -8.079122136333982944e+08 2.659846172953677090e-01 3.216747325042200600e+01 3.152393319482485367e+03 3.216747325042201311e+01 3.890248788964971482e+03 3.812420763666017447e+05 3.152393319482485822e+03 3.812420763666016865e+05 3.736149760000002384e+07
9.649902259166887736e-03 1.167033552343494041e+00 1.143685966684150372e+02 1.167033552343497149e+00 -1.260178578878485041e+03 3.486162262991844909e+05 1.143685966684151936e+02 3.486162262991848984e+05 -8.079122136333982944e+08 2.659846172953677090e-01 3.216747325042200600e+01 3.152393319482485367e+03 3.216747325042201311e+01 3.890248788964971482e+03 3.812420763666017447e+05 3.152393319482485822e+03 3.812420763666016865e+05 3.736149760000002384e+07
9.649902259166887736e-03 1.167033552343494041e+00 1.143685966684150372e+02 1.167033552343497149e+00 -1.260178578878485041e+03 3.486162262991844909e+05 1.143685966684151936e+02 3.486162262991848984e+05 -8.079122136333982944e+08 2.659846172953677090e-01 3.216747325042200600e+01 3.152393319482485367e+03 3.216747325042201311e+01 3.890248788964971482e+03 3.812420763666017447e+05 3.152393319482485822e+03 3.812420763666016865e+05 3.736149760000002384e+07
9.649902259166887736e-03 1.167033552343494041e+00 1.143685966684150372e+02 1.167033552343497149e+00 -1.260178578878485041e+03 3.486162262991844909e+05 1.143685966684151936e+02 3.486162262991848984e+05 -8.079122136333982944e+08 2.659846172953677090e-01 3.216747325042200600e+01 3.152393319482485367e+03 3.216747325042201311e+01 3.890248788964971482e+03 3.812420763666017447e+05 3.152393319482485822e+03 3.812420763666016865e+05 3.736149760000002384e+07
9.649902259166887736e-03 1.167033552343494041e+00 1.143685966684150372e+02 1.167033552343497149e+00 -1.260178578878485041e+03 3.486162262991844909e+05 1.143685966684151936e+02 3.486162262991848984e+05 -8.079122136333982944e+08 2.659846172953677090e-01 3.216747325042200600e+01 3.152393319482485367e+03 3.216747325042201311e+01 3.890248788964971482e+03 3.812420763666017447e+05 3.152393319482485822e+03 3.812420763666016865e+05 3.736149760000002384e+07
9.649902259166887736e-03 1.167033552343494041e+00 1.143685966684150372e+02 1.167033552343497149e+00 -1.260178578878485041e+03 3.486162262991844909e+05 1.143685966684151936e+02 3.486162262991848984e+05 -8.079122136333982944e+08 2.659846172953677090e-01 3.216747325042200600e+01 3.152393319482485367e+03 3.216747325042201311e+01 3.890248788964971482e+03 3.812420763666017447e+05 3.152393319482485822e+03 3.812420763666016865e+05 3.736149760000002384e+07
9.649902259166887736e-03 1.167033552343494041e+00 1.143685966684150372e+02 1.167033552343497149e+00 -1.260178578878485041e+03 3.486162262991844909e+05 1.143685966684151936e+02 3.486162262991848984e+05 -8.079122136333982944e+08 2.659846172953677090e-01 3.216747325042200600e+01 3.152393319482485367e+03 3.216747325042201311e+01 3.890248788964971482e+03 3.812420763666017447e+05 3.152393319482485822e+03 3.812420763666016865e+05 3.736149760000002384e+07
9.649902259166887736e-03 1.167033552343494041e+00 1.143685966684150372e+02 1.167033552343497149e+00 -1.260178578878485041e+03 3.486162262991844909e+05 1.143685966684151936e+02 3.486162262991848984e+05 -8.079122136333982944e+08 2.659846172953677090e-01 3.216747325042200600e+01 3.152393319482485367e+03 3.216747325042201311e+01 3.890248788964971482e+03 3.812420763666017447e+05 3.152393319482485822e+03 3.812420763666016865e+05 3.736149760000002384e+07
9.649902259166887736e-03 1.167033552343494041e+00 1.143685966684150372e+02 1.167033552343497149e+00 -1.260178578878485041e+03 3.486162262991844909e+05 1.143685966684151936e+02 3.486162262991848984e+05 -8.079122136333982944e+08 2.659846172953677090e-01 3.216747325042200600e+01 3.152393319482485367e+03 3.216747325042201311e+01 3.890248788964971482e+03 3.812420763666017447e+05 3.152393319482485822e+03 3.812420763666016865e+05 3.736149760000002384e+07
9.649902259166887736e-03 1.167033552343494041e+00 1.143685966684150372e+02 1.167033552343497149e+00 -1.260178578878485041e+03 3.486162262991844909e+05 1.143685966684151936e+02 3.486162262991848984e+05 -8.079122136333982944e+08 2.659846172953677090e-01 3.216747325042200600e+01 3.152393319482485367e+03 3.216747325042201311e+01 3.890248788964971482e+03 3.812420763666017447e+05 3.152393319482485822e+03 3.812420763666016865e+05 3.736149760000002384e+07
9.649902259166887736e-03 1.167033552343494041e+00 1.143685966684150372e+02 1.167033552343497149e+00 -1.260178578878485041e+03 3.486162262991844909e+05 1.143685966684151936e+02 3.486162262991848984e+05 -8.079122136333982944e+08 2.659846172953677090e-01 3.216747325042200600e+01 3.152393319482485367e+03 3.216747325042201311e+01 3.890248788964971482e+03 3.812420763666017447e+05 3.152393319482485822e+03 3.812420763666016865e+05 3.736149760000002384e+07
9.649902259166887736e-03 1.167033552343494041e+00 1.143685966684150372e+02 1.167033552343497149e+00 -1.260178578878485041e+03 3.486162262991844909e+05 1.143685966684151936e+02 3.486162262991848984e+05 -8.079122136333982944e+08 2.659846172953677090e-01 3.216747325042200600e+01 3.152393319482485367e+03 3.216747325042201311e+01 3.890248788964971482e+03 3.812420763666017447e+05 3.152393319482485822e+03 3.812420763666016865e+05 3.736149760000002384e+07
9.649902259166887736e-03 1.167033552343494041e+00 1.143685966684150372e+02 1.167033552343497149e+00 -1.260178578878485041e+03 3.486162262991844909e+05 1.143685966684151936e+02 3.486162262991848984e+05 -8.079122136333982944e+08 2.659846172953677090e-01 3.216747325042200600e+01 3.152393319482485367e+03 3.216747325042201311e+01 3.890248788964971482e+03 3.812420763666017447e+05 3.152393319482485822e+03 3.812420763666016865e+05 3.736149760000002384e+07
9.649902259166887736e-03 1.167033552343494041e+00 1.143685966684150372e+02 1.167033552343497149e+00 -1.260178578878485041e+03 3.486162262991844909e+05 1.143685966684151936e+02 3.486162262991848984e+05 -8.079122136333982944e+08 2.659846172953677090e-01 3.216747325042200600e+01 3.152393319482485367e+03 3.216747325042201311e+01 3.890248788964971482e+03 3.812420763666017447e+05 3.152393319482485822e+03 3.812420763666016865e+05 3.736149760000002384e+07
9.649902259166887736e-03 1.167033552343494041e+00 1.143685966684150372e+02 1.167033552343497149e+00 -1.260178578878485041e+03 3.486162262991844909e+05 1.143685966684151936e+02 3.486162262991848984e+05 -8.079122136333982944e+08 2.659846172953677090e-01 3.216747325042200600e+01 3.152393319482485367e+03 3.216747325042201311e+01 3.890248788964971482e+03 3.812420763666017447e+05 3.152393319482485822e+03 3.812420763666016865e+05 3.736149760000002384e+07
9.649902259166887736e-03 1.167033552343494041e+00 1.143685966684150372e+02 1.167033552343497149e+00 -1.260178578878485041e+03 3.486162262991844909e+05 1.143685966684151936e+02 3.486162262991848984e+05 -8.079122136333982944e+08 2.659846172953677090e-01 3.216747325042200600e+01 3.152393319482485367e+03 3.216747325042201311e+01 3.890248788964971482e+03 3.812420763666017447e+05 3.152393319482485822e+03 3.812420763666016865e+05 3.736149760000002384e+07
9.649902259166887736e-03 1.167033552343494041e+00 1.143685966684150372e+02 1.167033552343497149e+00 -1.260178578878485041e+03 3.486162262991844909e+05 1.143685966684151936e+02 3.486162262991848984e+05 -8.079122136333982944e+08 2.659846172953677090e-01 3.216747325042200600e+01 3.152393319482485367e+03 3.216747325042201311e+01 3.890248788964971482e+03 3.812420763666017447e+05 3.152393319482485822e+03 3.812420763666016865e+05 3.736149760000002384e+07
9.649902259166887736e-03 1.167033552343494041e+00 1.143685966684150372e+02 1.167033552343497149e+00 -1.260178578878485041e+03 3.486162262991844909e+05 1.143685966684151936e+02 3.486162262991848984e+05 -8.079122136333982944e+08 2.659846172953677090e-01 3.216747325042200600e+01 3.152393319482485367e+03 3.216747325042201311e+01 3.890248788964971482e+03 3.812420763666017447e+05 3.152393319482485822e+03 3.812420763666016865e+05 3.736149760000002384e+07
9.649902259166887736e-03 1.167033552343494041e+00 1.143685966684150372e+02 1.167033552343497149e+00 -1.260178578878485041e+03 3.486162262991844909e+05 1.143685966684151936e+02 3.486162262991848984e+05 -8.079122136333982944e+08 2.659846172953677090e-01 3.216747325042200600e+01 3.152393319482485367e+03 3.216747325042201311e+01 3.890248788964971482e+03 3.812420763666017447e+05 3.152393319482485822e+03 3.812420763666016865e+05 3.736149760000002384e+07
9.649902259166887736e-03 1.167033552343494041e+00 1.143685966684150372e+02 1.167033552343497149e+00 -1.260178578878485041e+03 3.486162262991844909e+05 1.143685966684151936e+02 3.486162262991848984e+05 -8.079122136333982944e+08 2.659846172953677090e-01 3.216747325042200600e+01 3.152393319482485367e+03 3.216747325042201311e+01 3.890248788964971482e+03 3.812420763666017447e+05 3.152393319482485822e+03 3.812420763666016865e+05 3.736149760000002384e+07
9.649902259166887736e-03 1.167033552343494041e+00 1.143685966684150372e+02 1.167033552343497149e+00 -1.260178578878485041e+03 3.486162262991844909e+05 1.143685966684151936e+02 3.486162262991848984e+05 -8.079122136333982944e+08 2.659846172953677090e-01 3.216747325042200600e+01 3.152393319482485367e+03 3.216747325042201311e+01 3.890248788964971482e+03 3.812420763666017447e+05 3.152393319482485822e+03 3.812420763666016865e+05 3.736149760000002384e+07
9.649902259166887736e-03 1.167033552343494041e+00 1.143685966684150372e+02 1.167033552343497149e+00 -1.260178578878485041e+03 3.486162262991844909e+05 1.143685966684151936e+02 3.486162262991848984e+05 -8.079122136333982944e+08 2.659846172953677090e-01 3.216747325042200600e+01 3.152393319482485367e+03 3.216747325042201311e+01 3.890248788964971482e+03 3.812420763666017447e+05 3.152393319482485822e+03 3.812420763666016865e+05 3.736149760000002384e+07
9.649902259166887736e-03 1.167033552343494041e+00 1.143685966684150372e+02 1.167033552343497149e+00 -1.260178578878485041e+03 3.486162262991844909e+05 1.143685966684151936e+02 3.486162262991848984e+05 -8.079122136333982944e+08 2.659846172953677090e-01 3.216747325042200600e+01 3.152393319482485367e+03 3.216747325042201311e+01 3.890248788964971482e+03 3.812420763666017447e+05 3.152393319482485822e+03 3.812420763666016865e+05 3.736149760000002384e+07
9.649902259166887736e-03 1.167033552343494041e+00 1.143685966684150372e+02 1.167033552343497149e+00 -1.260178578878485041e+03 3.486162262991844909e+05 1.143685966684151936e+02 3.486162262991848984e+05 -8.079122136333982944e+08 2.659846172953677090e-01 3.216747325042200600e+01 3.152393319482485367e+03 3.216747325042201311e+01 3.890248788964971482e+03 3.812420763666017447e+05 3.152393319482485822e+03 3.812420763666016865e+05 3.736149760000002384e+07
9.649902259166887736e-03 1.167033552343494041e+00 1.143685966684150372e+02 1.167033552343497149e+00 -1.260178578878485041e+03 3.486162262991844909e+05 1.143685966684151936e+02 3.486162262991848984e+05 -8.079122136333982944e+08 2.659846172953677090e-01 3.216747325042200600e+01 3.152393319482485367e+03 3.216747325042201311e+01 3.890248788964971482e+03 3.812420763666017447e+05 3.152393319482485822e+03 3.812420763666016865e+05 3.736149760000002384e+07
9.649902259166887736e-03 1.167033552343494041e+00 1.143685966684150372e+02 1.167033552343497149e+00 -1.260178578878485041e+03 3.486162262991844909e+05 1.143685966684151936e+02 3.486162262991848984e+05 -8.079122136333982944e+08 2.659846172953677090e-01 3.216747325042200600e+01 3.152393319482485367e+03 3.216747325042201311e+01 3.890248788964971482e+03 3.812420763666017447e+05 3.152393319482485822e+03 3.812420763666016865e+05 3.736149760000002384e+07
9.649902259166887736e-03 1.167033552343494041e+00 1.143685966684150372e+02 1.167033552343497149e+00 -1.260178578878485041e+03 3.486162262991844909e+05 1.143685966684151936e+02 3.486162262991848984e+05 -8.079122136333982944e+08 2.659846172953677090e-01 3.216747325042200600e+01 3.152393319482485367e+03 3.216747325042201311e+01 3.890248788964971482e+03 3.812420763666017447e+05 3.152393319482485822e+03 3.812420763666016865e+05 3.736149760000002384e+07
9.649902259166887736e-03 1.167033552343494041e+00 1.143685966684150372e+02 1.167033552343497149e+00 -1.260178578878485041e+03 3.486162262991844909e+05 1.143685966684151936e+02 3.486162262991848984e+05 -8.079122136333982944e+08 2.659846172953677090e-01 3.216747325042200600e+01 3.152393319482485367e+03 3.216747325042201311e+01 3.890248788964971482e+03 3.812420763666017447e+05 3.152393319482485822e+03 3.812420763666016865e+05 3.736149760000002384e+07
9.649902259166887736e-03 1.167033552343494041e+00 1.143685966684150372e+02 1.167033552343497149e+00 -1.260178578878485041e+03 3.486162262991844909e+05 1.143685966684151936e+02 3.486162262991848984e+05 -8.079122136333982944e+08 2.659846172953677090e-01 3.216747325042200600e+01 3.152393319482485367e+03 3.216747325042201311e+01 3.890248788964971482e+03 3.812420763666017447e+05 3.152393319482485822e+03 3.812420763666016865e+05 3.736149760000002384e+07
9.649902259166887736e-03 1.167033552343494041e+00 1.143685966684150372e+02 1.167033552343497149e+00 -1.260178578878485041e+03 3.486162262991844909e+05 1.143685966684151936e+02 3.486162262991848984e+05 -8.079122136333982944e+08 2.659846172953677090e-01 3.216747325042200600e+01 3.152393319482485367e+03 3.216747325042201311e+01 3.890248788964971482e+03 3.812420763666017447e+05 3.152393319482485822e+03 3.812420763666016865e+05 3.736149760000002384e+07
9.649902259166887736e-03 1.167033552343494041e+00 1.143685966684150372e+02 1.167033552343497149e+00 -1.260178578878485041e+03 3.486162262991844909e+05 1.143685966684151936e+02 3.486162262991848984e+05 -8.079122136333982944e+08 2.659846172953677090e-01 3.216747325042200600e+01 3.152393319482485367e+03 3.216747325042201311e+01 3.890248788964971482e+03 3.812420763666017447e+05 3.152393319482485822e+03 3.812420763666016865e+05 3.736149760000002384e+07
9.649902259166887736e-03 1.167033552343494041e+00 1.143685966684150372e+02 1.167033552343497149e+00 -1.260178578878485041e+03 3.486162262991844909e+05 1.143685966684151936e+02 3.486162262991848984e+05 -8.079122136333982944e+08 2.659846172953677090e-01 3.216747325042200600e+01 3.152393319482485367e+03 3.216747325042201311e+01 3.890248788964971482e+03 3.812420763666017447e+05 3.152393319482485822e+03 3.812420763666016865e+05 3.736149760000002384e+07
9.649902259166887736e-03 1.167033552343494041e+00 1.143685966684150372e+02 1.167033552343497149e+00 -1.260178578878485041e+03 3.486162262991844909e+05 1.143685966684151936e+02 3.486162262991848984e+05 -8.079122136333982944e+08 2.659846172953677090e-01 3.216747325042200600e+01 3.152393319482485367e+03 3.216747325042201311e+01 3.890248788964971482e+03 3.812420763666017447e+05 3.152393319482485822e+03 3.812420763666016865e+05 3.736149760000002384e+07
9.649902259166887736e-03 1.167033552343494041e+00 1.143685966684150372e+02 1.167033552343497149e+00 -1.260178578878485041e+03 3.486162262991844909e+05 1.143685966684151936e+02 3.486162262991848984e+05 -8.079122136333982944e+08 2.659846172953677090e-01 3.216747325042200600e+01 3.152393319482485367e+03 3.216747325042201311e+01 3.890248788964971482e+03 3.812420763666017447e+05 3.152393319482485822e+03 3.812420763666016865e+05 3.736149760000002384e+07
9.649902259166887736e-03 1.167033552343494041e+00 1.143685966684150372e+02 1.167033552343497149e+00 -1.260178578878485041e+03 3.486162262991844909e+05 1.143685966684151936e+02 3.486162262991848984e+05 -8.079122136333982944e+08 2.659846172953677090e-01 3.216747325042200600e+01 3.152393319482485367e+03 3.216747325042201311e+01 3.890248788964971482e+03 3.812420763666017447e+05 3.152393319482485822e+03 3.812420763666016865e+05 3.736149760000002384e+07
9.649902259166887736e-03 1.167033552343494041e+00 1.143685966684150372e+02 1.167033552343497149e+00 -1.260178578878485041e+03 3.486162262991844909e+05 1.143685966684151936e+02 3.486162262991848984e+05 -8.079122136333982944e+08 2.659846172953677090e-01 3.216747325042200600e+01 3.152393319482485367e+03 3.216747325042201311e+01 3.890248788964971482e+03 3.812420763666017447e+05 3.152393319482485822e+03 3.812420763666016865e+05 3.736149760000002384e+07
9.649902259166887736e-03 1.167033552343494041e+00 1.143685966684150372e+02 1.167033552343497149e+00 -1.260178578878485041e+03 3.486162262991844909e+05 1.143685966684151936e+02 3.486162262991848984e+05 -8.079122136333982944e+08 2.659846172953677090e-01 3.216747325042200600e+01 3.152393319482485367e+03 3.216747325042201311e+01 3.890248788964971482e+03 3.812420763666017447e+05 3.152393319482485822e+03 3.812420763666016865e+05 3.736149760000002384e+07
9.649902259166887736e-03 1.167033552343494041e+00 1.143685966684150372e+02 1.167033552343497149e+00 -1.260178578878485041e+03 3.486162262991844909e+05 1.143685966684151936e+02 3.486162262991848984e+05 -8.079122136333982944e+08 2.659846172953677090e-01 3.216747325042200600e+01 3.152393319482485367e+03 3.216747325042201311e+01 3.890248788964971482e+03 3.812420763666017447e+05 3.152393319482485822e+03 3.812420763666016865e+05 3.736149760000002384e+07
9.649902259166887736e-03 1.167033552343494041e+00 1.143685966684150372e+02 1.167033552343497149e+00 -1.260178578878485041e+03 3.486162262991844909e+05 1.143685966684151936e+02 3.486162262991848984e+05 -8.079122136333982944e+08 2.659846172953677090e-01 3.216747325042200600e+01 3.152393319482485367e+03 3.216747325042201311e+01 3.890248788964971482e+03 3.812420763666017447e+05 3.152393319482485822e+03 3.812420763666016865e+05 3.736149760000002384e+07
9.649902259166887736e-03 1.167033552343494041e+00 1.143685966684150372e+02 1.167033552343497149e+00 -1.260178578878485041e+03 3.486162262991844909e+05 1.143685966684151936e+02 3.486162262991848984e+05 -8.079122136333982944e+08 2.659846172953677090e-01 3.216747325042200600e+01 3.152393319482485367e+03 3.216747325042201311e+01 3.890248788964971482e+03 3.812420763666017447e+05 3.152393319482485822e+03 3.812420763666016865e+05 3.736149760000002384e+07
9.649902259166887736e-03 1.167033552343494041e+00 1.143685966684150372e+02 1.167033552343497149e+00 -1.260178578878485041e+03 3.486162262991844909e+05 1.143685966684151936e+02 3.486162262991848984e+05 -8.079122136333982944e+08 2.659846172953677090e-01 3.216747325042200600e+01 3.152393319482485367e+03 3.216747325042201311e+01 3.890248788964971482e+03 3.812420763666017447e+05 3.152393319482485822e+03 3.812420763666016865e+05 3.736149760000002384e+07
9.649902259166887736e-03 1.167033552343494041e+00 1.143685966684150372e+02 1.167033552343497149e+00 -1.260178578878485041e+03 3.486162262991844909e+05 1.143685966684151936e+02 3.486162262991848984e+05 -8.079122136333982944e+08 2.659846172953677090e-01 3.216747325042200600e+01 3.152393319482485367e+03 3.216747325042201311e+01 3.890248788964971482e+03 3.812420763666017447e+05 3.152393319482485822e+03 3.812420763666016865e+05 3.736149760000002384e+07
9.649902259166887736e-03 1.167033552343494041e+00 1.143685966684150372e+02 1.167033552343497149e+00 -1.260178578878485041e+03 3.486162262991844909e+05 1.143685966684151936e+02 3.486162262991848984e+05 -8.079122136333982944e+08 2.659846172953677090e-01 3.216747325042200600e+01 3.152393319482485367e+03 3.216747325042201311e+01 3.890248788964971482e+03 3.812420763666017447e+05 3.152393319482485822e+03 3.812420763666016865e+05 3.736149760000002384e+07
9.649902259166887736e-03 1.167033552343494041e+00 1.143685966684150372e+02 1.167033552343497149e+00 -1.260178578878485041e+03 3.486162262991844909e+05 1.143685966684151936e+02 3.486162262991848984e+05 -8.079122136333982944e+08 2.659846172953677090e-01 3.216747325042200600e+01 3.152393319482485367e+03 3.216747325042201311e+01 3.890248788964971482e+03 3.812420763666017447e+05 3.152393319482485822e+03 3.812420763666016865e+05 3.736149760000002384e+07
9.649902259166887736e-03 1.167033552343494041e+00 1.143685966684150372e+02 1.167033552343497149e+00 -1.260178578878485041e+03 3.486162262991844909e+05 1.143685966684151936e+02 3.486162262991848984e+05 -8.079122136333982944e+08 2.659846172953677090e-01 3.216747325042200600e+01 3.152393319482485367e+03 3.216747325042201311e+01 3.890248788964971482e+03 3.812420763666017447e+05 3.152393319482485822e+03 3.812420763666016865e+05 3.736149760000002384e+07
9.649902259166887736e-03 1.167033552343494041e+00 1.143685966684150372e+02 1.167033552343497149e+00 -1.260178578878485041e+03 3.486162262991844909e+05 1.143685966684151936e+02 3.486162262991848984e+05 -8.079122136333982944e+08 2.659846172953677090e-01 3.216747325042200600e+01 3.152393319482485367e+03 3.216747325042201311e+01 3.890248788964971482e+03 3.812420763666017447e+05 3.152393319482485822e+03 3.812420763666016865e+05 3.736149760000002384e+07
9.649902259166887736e-03 1.167033552343494041e+00 1.143685966684150372e+02 1.167033552343497149e+00 -1.260178578878485041e+03 3.486162262991844909e+05 1.143685966684151936e+02 3.486162262991848984e+05 -8.079122136333982944e+08 2.659846172953677090e-01 3.216747325042200600e+01 3.152393319482485367e+03 3.216747325042201311e+01 3.890248788964971482e+03 3.812420763666017447e+05 3.152393319482485822e+03 3.812420763666016865e+05 3.736149760000002384e+07
9.649902259166887736e-03 1.167033552343494041e+00 1.143685966684150372e+02 1.167033552343497149e+00 -1.260178578878485041e+03 3.486162262991844909e+05 1.143685966684151936e+02 3.486162262991848984e+05 -8.079122136333982944e+08 2.659846172953677090e-01 3.216747325042200600e+01 3.152393319482485367e+03 3.216747325042201311e+01 3.890248788964971482e+03 3.812420763666017447e+05 3.152393319482485822e+03 3.812420763666016865e+05 3.736149760000002384e+07
9.649902259166887736e-03 1.167033552343494041e+00 1.143685966684150372e+02 1.167033552343497149e+00 -1.260178578878485041e+03 3.486162262991844909e+05 1.143685966684151936e+02 3.486162262991848984e+05 -8.079122136333982944e+08 2.659846172953677090e-01 3.216747325042200600e+01 3.152393319482485367e+03 3.216747325042201311e+01 3.890248788964971482e+03 3.812420763666017447e+05 3.152393319482485822e+03 3.812420763666016865e+05 3.736149760000002384e+07
9.649902259166887736e-03 1.167033552343494041e+00 1.143685966684150372e+02 1.167033552343497149e+00 -1.260178578878485041e+03 3.486162262991844909e+05 1.143685966684151936e+02 3.486162262991848984e+05 -8.079122136333982944e+08 2.659846172953677090e-01 3.216747325042200600e+01 3.152393319482485367e+03 3.216747325042201311e+01 3.890248788964971482e+03 3.812420763666017447e+05 3.152393319482485822e+03 3.812420763666016865e+05 3.736149760000002384e+07
9.649902259166887736e-03 1.167033552343494041e+00 1.143685966684150372e+02 1.167033552343497149e+00 -1.260178578878485041e+03 3.486162262991844909e+05 1.143685966684151936e+02 3.486162262991848984e+05 -8.079122136333982944e+08 2.659846172953677090e-01 3.216747325042200600e+01 3.152393319482485367e+03 3.216747325042201311e+01 3.890248788964971482e+03 3.812420763666017447e+05 3.152393319482485822e+03 3.812420763666016865e+05 3.736149760000002384e+07
9.649902259166887736e-03 1.167033552343494041e+00 1.143685966684150372e+02 1.167033552343497149e+00 -1.260178578878485041e+03 3.486162262991844909e+05 1.143685966684151936e+02 3.486162262991848984e+05 -8.079122136333982944e+08 2.659846172953677090e-01 3.216747325042200600e+01 3.152393319482485367e+03 3.216747325042201311e+01 3.890248788964971482e+03 3.812420763666017447e+05 3.152393319482485822e+03 3.812420763666016865e+05 3.736149760000002384e+07
9.649902259166887736e-03 1.167033552343494041e+00 1.143685966684150372e+02 1.167033552343497149e+00 -1.260178578878485041e+03 3.486162262991844909e+05 1.143685966684151936e+02 3.486162262991848984e+05 -8.079122136333982944e+08 2.659846172953677090e-01 3.216747325042200600e+01 3.152393319482485367e+03 3.216747325042201311e+01 3.890248788964971482e+03 3.812420763666017447e+05 3.152393319482485822e+03 3.812420763666016865e+05 3.736149760000002384e+07
9.649902259166887736e-03 1.167033552343494041e+00 1.143685966684150372e+02 1.167033552343497149e+00 -1.260178578878485041e+03 3.486162262991844909e+05 1.143685966684151936e+02 3.486162262991848984e+05 -8.079122136333982944e+08 2.659846172953677090e-01 3.216747325042200600e+01 3.152393319482485367e+03 3.216747325042201311e+01 3.890248788964971482e+03 3.812420763666017447e+05 3.152393319482485822e+03 3.812420763666016865e+05 3.736149760000002384e+07
9.649902259166887736e-03 1.167033552343494041e+00 1.143685966684150372e+02 1.167033552343497149e+00 -1.260178578878485041e+03 3.486162262991844909e+05 1.143685966684151936e+02 3.486162262991848984e+05 -8.079122136333982944e+08 2.659846172953677090e-01 3.216747325042200600e+01 3.152393319482485367e+03 3.216747325042201311e+01 3.890248788964971482e+03 3.812420763666017447e+05 3.152393319482485822e+03 3.812420763666016865e+05 3.736149760000002384e+07
9.649902259166887736e-03 1.167033552343494041e+00 1.143685966684150372e+02 1.167033552343497149e+00 -1.260178578878485041e+03 3.486162262991844909e+05 1.143685966684151936e+02 3.486162262991848984e+05 -8.079122136333982944e+08 2.659846172953677090e-01 3.216747325042200600e+01 3.152393319482485367e+03 3.216747325042201311e+01 3.890248788964971482e+03 3.812420763666017447e+05 3.152393319482485822e+03 3.812420763666016865e+05 3.736149760000002384e+07
9.649902259166887736e-03 1.167033552343494041e+00 1.143685966684150372e+02 1.167033552343497149e+00 -1.260178578878485041e+03 3.486162262991844909e+05 1.143685966684151936e+02 3.486162262991848984e+05 -8.079122136333982944e+08 2.659846172953677090e-01 3.216747325042200600e+01 3.152393319482485367e+03 3.216747325042201311e+01 3.890248788964971482e+03 3.812420763666017447e+05 3.152393319482485822e+03 3.812420763666016865e+05 3.736149760000002384e+07
9.649902259166887736e-03 1.167033552343494041e+00 1.143685966684150372e+02 1.167033552343497149e+00 -1.260178578878485041e+03 3.486162262991844909e+05 1.143685966684151936e+02 3.486162262991848984e+05 -8.079122136333982944e+08 2.659846172953677090e-01 3.216747325042200600e+01 3.152393319482485367e+03 3.216747325042201311e+01 3.890248788964971482e+03 3.812420763666017447e+05 3.152393319482485822e+03 3.812420763666016865e+05 3.736149760000002384e+07
9.649902259166887736e-03 1.167033552343494041e+00 1.143685966684150372e+02 1.167033552343497149e+00 -1.260178578878485041e+03 3.486162262991844909e+05 1.143685966684151936e+02 3.486162262991848984e+05 -8.079122136333982944e+08 2.659846172953677090e-01 3.216747325042200600e+01 3.152393319482485367e+03 3.216747325042201311e+01 3.890248788964971482e+03 3.812420763666017447e+05 3.152393319482485822e+03 3.812420763666016865e+05 3.736149760000002384e+07
9.649902259166887736e-03 1.167033552343494041e+00 1.143685966684150372e+02 1.167033552343497149e+00 -1.260178578878485041e+03 3.486162262991844909e+05 1.143685966684151936e+02 3.486162262991848984e+05 -8.079122136333982944e+08 2.659846172953677090e-01 3.216747325042200600e+01 3.152393319482485367e+03 3.216747325042201311e+01 3.890248788964971482e+03 3.812420763666017447e+05 3.152393319482485822e+03 3.812420763666016865e+05 3.736149760000002384e+07
9.649902259166887736e-03 1.167033552343494041e+00 1.143685966684150372e+02 1.167033552343497149e+00 -1.260178578878485041e+03 3.486162262991844909e+05 1.143685966684151936e+02 3.486162262991848984e+05 -8.079122136333982944e+08 2.659846172953677090e-01 3.216747325042200600e+01 3.152393319482485367e+03 3.216747325042201311e+01 3.890248788964971482e+03 3.812420763666017447e+05 3.152393319482485822e+03 3.812420763666016865e+05 3.736149760000002384e+07
9.649902259166887736e-03 1.167033552343494041e+00 1.143685966684150372e+02 1.167033552343497149e+00 -1.260178578878485041e+03 3.486162262991844909e+05 1.143685966684151936e+02 3.486162262991848984e+05 -8.079122136333982944e+08 2.659846172953677090e-01 3.216747325042200600e+01 3.152393319482485367e+03 3.216747325042201311e+01 3.890248788964971482e+03 3.812420763666017447e+05 3.152393319482485822e+03 3.812420763666016865e+05 3.736149760000002384e+07
9.649902259166887736e-03 1.167033552343494041e+00 1.143685966684150372e+02 1.167033552343497149e+00 -1.260178578878485041e+03 3.486162262991844909e+05 1.143685966684151936e+02 3.486162262991848984e+05 -8.079122136333982944e+08 2.659846172953677090e-01 3.216747325042200600e+01 3.152393319482485367e+03 3.216747325042201311e+01 3.890248788964971482e+03 3.812420763666017447e+05 3.152393319482485822e+03 3.812420763666016865e+05 3.736149760000002384e+07
9.649902259166887736e-03 1.167033552343494041e+00 1.143685966684150372e+02 1.167033552343497149e+00 -1.260178578878485041e+03 3.486162262991844909e+05 1.143685966684151936e+02 3.486162262991848984e+05 -8.079122136333982944e+08 2.659846172953677090e-01 3.216747325042200600e+01 3.152393319482485367e+03 3.216747325042201311e+01 3.890248788964971482e+03 3.812420763666017447e+05 3.152393319482485822e+03 3.812420763666016865e+05 3.736149760000002384e+07
9.649902259166887736e-03 1.167033552343494041e+00 1.143685966684150372e+02 1.167033552343497149e+00 -1.260178578878485041e+03 3.486162262991844909e+05 1.143685966684151936e+02 3.486162262991848984e+05 -8.079122136333982944e+08 2.659846172953677090e-01 3.216747325042200600e+01 3.152393319482485367e+03 3.216747325042201311e+01 3.890248788964971482e+03 3.812420763666017447e+05 3.152393319482485822e+03 3.812420763666016865e+05 3.736149760000002384e+07
9.649902259166887736e-03 1.167033552343494041e+00 1.143685966684150372e+02 1.167033552343497149e+00 -1.260178578878485041e+03 3.486162262991844909e+05 1.143685966684151936e+02 3.486162262991848984e+05 -8.079122136333982944e+08 2.659846172953677090e-01 3.216747325042200600e+01 3.152393319482485367e+03 3.216747325042201311e+01 3.890248788964971482e+03 3.812420763666017447e+05 3.152393319482485822e+03 3.812420763666016865e+05 3.736149760000002384e+07
9.649902259166887736e-03 1.167033552343494041e+00 1.143685966684150372e+02 1.167033552343497149e+00 -1.260178578878485041e+03 3.486162262991844909e+05 1.143685966684151936e+02 3.486162262991848984e+05 -8.079122136333982944e+08 2.659846172953677090e-01 3.216747325042200600e+01 3.152393319482485367e+03 3.216747325042201311e+01 3.890248788964971482e+03 3.812420763666017447e+05 3.152393319482485822e+03 3.812420763666016865e+05 3.736149760000002384e+07
9.649902259166887736e-03 1.167033552343494041e+00 1.143685966684150372e+02 1.167033552343497149e+00 -1.260178578878485041e+03 3.486162262991844909e+05 1.143685966684151936e+02 3.486162262991848984e+05 -8.079122136333982944e+08 2.659846172953677090e-01 3.216747325042200600e+01 3.152393319482485367e+03 3.216747325042201311e+01 3.890248788964971482e+03 3.812420763666017447e+05 3.152393319482485822e+03 3.812420763666016865e+05 3.736149760000002384e+07
9.649902259166887736e-03 1.167033552343494041e+00 1.143685966684150372e+02 1.167033552343497149e+00 -1.260178578878485041e+03 3.486162262991844909e+05 1.143685966684151936e+02 3.486162262991848984e+05 -8.079122136333982944e+08 2.659846172953677090e-01 3.216747325042200600e+01 3.152393319482485367e+03 3.216747325042201311e+01 3.890248788964971482e+03 3.812420763666017447e+05 3.152393319482485822e+03 3.812420763666016865e+05 3.736149760000002384e+07
9.649902259166887736e-03 1.167033552343494041e+00 1.143685966684150372e+02 1.167033552343497149e+00 -1.260178578878485041e+03 3.486162262991844909e+05 1.143685966684151936e+02 3.486162262991848984e+05 -8.079122136333982944e+08 2.659846172953677090e-01 3.216747325042200600e+01 3.152393319482485367e+03 3.216747325042201311e+01 3.890248788964971482e+03 3.812420763666017447e+05 3.152393319482485822e+03 3.812420763666016865e+05 3.736149760000002384e+07
9.649902259166887736e-03 1.167033552343494041e+00 1.143685966684150372e+02 1.167033552343497149e+00 -1.260178578878485041e+03 3.486162262991844909e+05 1.143685966684151936e+02 3.486162262991848984e+05 -8.079122136333982944e+08 2.659846172953677090e-01 3.216747325042200600e+01 3.152393319482485367e+03 3.216747325042201311e+01 3.890248788964971482e+03 3.812420763666017447e+05 3.152393319482485822e+03 3.812420763666016865e+05 3.736149760000002384e+07
9.649902259166887736e-03 1.167033552343494041e+00 1.143685966684150372e+02 1.167033552343497149e+00 -1.260178578878485041e+03 3.486162262991844909e+05 1.143685966684151936e+02 3.486162262991848984e+05 -8.079122136333982944e+08 2.659846172953677090e-01 3.216747325042200600e+01 3.152393319482485367e+03 3.216747325042201311e+01 3.890248788964971482e+03 3.812420763666017447e+05 3.152393319482485822e+03 3.812420763666016865e+05 3.736149760000002384e+07
9.649902259166887736e-03 1.167033552343494041e+00 1.143685966684150372e+02 1.167033552343497149e+00 -1.260178578878485041e+03 3.486162262991844909e+05 1.143685966684151936e+02 3.486162262991848984e+05 -8.079122136333982944e+08 2.659846172953677090e-01 3.216747325042200600e+01 3.152393319482485367e+03 3.216747325042201311e+01 3.890248788964971482e+03 3.812420763666017447e+05 3.152393319482485822e+03 3.812420763666016865e+05 3.736149760000002384e+07
9.649902259166887736e-03 1.167033552343494041e+00 1.143685966684150372e+02 1.167033552343497149e+00 -1.260178578878485041e+03 3.486162262991844909e+05 1.143685966684151936e+02 3.486162262991848984e+05 -8.079122136333982944e+08 2.659846172953677090e-01 3.216747325042200600e+01 3.152393319482485367e+03 3.216747325042201311e+01 3.890248788964971482e+03 3.812420763666017447e+05 3.152393319482485822e+03 3.812420763666016865e+05 3.736149760000002384e+07
9.649902259166887736e-03 1.167033552343494041e+00 1.143685966684150372e+02 1.167033552343497149e+00 -1.260178578878485041e+03 3.486162262991844909e+05 1.143685966684151936e+02 3.486162262991848984e+05 -8.079122136333982944e+08 2.659846172953677090e-01 3.216747325042200600e+01 3.152393319482485367e+03 3.216747325042201311e+01 3.890248788964971482e+03 3.812420763666017447e+05 3.152393319482485822e+03 3.812420763666016865e+05 3.736149760000002384e+07
9.649902259166887736e-03 1.167033552343494041e+00 1.143685966684150372e+02 1.167033552343497149e+00 -1.260178578878485041e+03 3.486162262991844909e+05 1.143685966684151936e+02 3.486162262991848984e+05 -8.079122136333982944e+08 2.659846172953677090e-01 3.216747325042200600e+01 3.152393319482485367e+03 3.216747325042201311e+01 3.890248788964971482e+03 3.812420763666017447e+05 3.152393319482485822e+03 3.812420763666016865e+05 3.736149760000002384e+07
9.649902259166887736e-03 1.167033552343494041e+00 1.143685966684150372e+02 1.167033552343497149e+00 -1.260178578878485041e+03 3.486162262991844909e+05 1.143685966684151936e+02 3.486162262991848984e+05 -8.079122136333982944e+08 2.659846172953677090e-01 3.216747325042200600e+01 3.152393319482485367e+03 3.216747325042201311e+01 3.890248788964971482e+03 3.812420763666017447e+05 3.152393319482485822e+03 3.812420763666016865e+05 3.736149760000002384e+07
9.649902259166887736e-03 1.167033552343494041e+00 1.143685966684150372e+02 1.167033552343497149e+00 -1.260178578878485041e+03 3.486162262991844909e+05 1.143685966684151936e+02 3.486162262991848984e+05 -8.079122136333982944e+08 2.659846172953677090e-01 3.216747325042200600e+01 3.152393319482485367e+03 3.216747325042201311e+01 3.890248788964971482e+03 3.812420763666017447e+05 3.152393319482485822e+03 3.812420763666016865e+05 3.736149760000002384e+07
9.649902259166887736e-03 1.167033552343494041e+00 1.143685966684150372e+02 1.167033552343497149e+00 -1.260178578878485041e+03 3.486162262991844909e+05 1.143685966684151936e+02 3.486162262991848984e+05 -8.079122136333982944e+08 2.659846172953677090e-01 3.216747325042200600e+01 3.152393319482485367e+03 3.216747325042201311e+01 3.890248788964971482e+03 3.812420763666017447e+05 3.152393319482485822e+03 3.812420763666016865e+05 3.736149760000002384e+07
9.649902259166887736e-03 1.167033552343494041e+00 1.143685966684150372e+02 1.167033552343497149e+00 -1.260178578878485041e+03 3.486162262991844909e+05 1.143685966684151936e+02 3.486162262991848984e+05 -8.079122136333982944e+08 2.659846172953677090e-01 3.216747325042200600e+01 3.152393319482485367e+03 3.216747325042201311e+01 3.890248788964971482e+03 3.812420763666017447e+05 3.152393319482485822e+03 3.812420763666016865e+05 3.736149760000002384e+07
9.649902259166887736e-03 1.167033552343494041e+00 1.143685966684150372e+02 1.167033552343497149e+00 -1.260178578878485041e+03 3.486162262991844909e+05 1.143685966684151936e+02 3.486162262991848984e+05 -8.079122136333982944e+08 2.659846172953677090e-01 3.216747325042200600e+01 3.152393319482485367e+03 3.216747325042201311e+01 3.890248788964971482e+03 3.812420763666017447e+05 3.152393319482485822e+03 3.812420763666016865e+05 3.736149760000002384e+07
9.649902259166887736e-03 1.167033552343494041e+00 1.143685966684150372e+02 1.167033552343497149e+00 -1.260178578878485041e+03 3.486162262991844909e+05 1.143685966684151936e+02 3.486162262991848984e+05 -8.079122136333982944e+08 2.659846172953677090e-01 3.216747325042200600e+01 3.152393319482485367e+03 3.216747325042201311e+01 3.890248788964971482e+03 3.812420763666017447e+05 3.152393319482485822e+03 3.812420763666016865e+05 3.736149760000002384e+07
9.649902259166887736e-03 1.167033552343494041e+00 1.143685966684150372e+02 1.167033552343497149e+00 -1.260178578878485041e+03 3.486162262991844909e+05 1.143685966684151936e+02 3.486162262991848984e+05 -8.079122136333982944e+08 2.659846172953677090e-01 3.216747325042200600e+01 3.152393319482485367e+03 3.216747325042201311e+01 3.890248788964971482e+03 3.812420763666017447e+05 3.152393319482485822e+03 3.812420763666016865e+05 3.736149760000002384e+07
9.649902259166887736e-03 1.167033552343494041e+00 1.143685966684150372e+02 1.167033552343497149e+00 -1.260178578878485041e+03 3.486162262991844909e+05 1.143685966684151936e+02 3.486162262991848984e+05 -8.079122136333982944e+08 2.659846172953677090e-01 3.216747325042200600e+01 3.152393319482485367e+03 3.216747325042201311e+01 3.890248788964971482e+03 3.812420763666017447e+05 3.152393319482485822e+03 3.812420763666016865e+05 3.736149760000002384e+07
9.649902259166887736e-03 1.167033552343494041e+00 1.143685966684150372e+02 1.167033552343497149e+00 -1.260178578878485041e+03 3.486162262991844909e+05 1.143685966684151936e+02 3.486162262991848984e+05 -8.079122136333982944e+08 2.659846172953677090e-01 3.216747325042200600e+01 3.152393319482485367e+03 3.216747325042201311e+01 3.890248788964971482e+03 3.812420763666017447e+05 3.152393319482485822e+03 3.812420763666016865e+05 3.736149760000002384e+07
9.649902259166887736e-03 1.167033552343494041e+00 1.143685966684150372e+02 1.167033552343497149e+00 -1.260178578878485041e+03 3.486162262991844909e+05 1.143685966684151936e+02 3.486162262991848984e+05 -8.079122136333982944e+08 2.659846172953677090e-01 3.216747325042200600e+01 3.152393319482485367e+03 3.216747325042201311e+01 3.890248788964971482e+03 3.812420763666017447e+05 3.152393319482485822e+03 3.812420763666016865e+05 3.736149760000002384e+07
9.649902259166887736e-03 1.167033552343494041e+00 1.143685966684150372e+02 1.167033552343497149e+00 -1.260178578878485041e+03 3.486162262991844909e+05 1.143685966684151936e+02 3.486162262991848984e+05 -8.079122136333982944e+08 2.659846172953677090e-01 3.216747325042200600e+01 3.152393319482485367e+03 3.216747325042201311e+01 3.890248788964971482e+03 3.812420763666017447e+05 3.152393319482485822e+03 3.812420763666016865e+05 3.736149760000002384e+07
9.649902259166887736e-03 1.167033552343494041e+00 1.143685966684150372e+02 1.167033552343497149e+00 -1.260178578878485041e+03 3.486162262991844909e+05 1.143685966684151936e+02 3.486162262991848984e+05 -8.079122136333982944e+08 2.659846172953677090e-01 3.216747325042200600e+01 3.152393319482485367e+03 3.216747325042201311e+01 3.890248788964971482e+03 3.812420763666017447e+05 3.152393319482485822e+03 3.812420763666016865e+05 3.736149760000002384e+07
9.649902259166887736e-03 1.167033552343494041e+00 1.143685966684150372e+02 1.167033552343497149e+00 -1.260178578878485041e+03 3.486162262991844909e+05 1.143685966684151936e+02 3.486162262991848984e+05 -8.079122136333982944e+08 2.659846172953677090e-01 3.216747325042200600e+01 3.152393319482485367e+03 3.216747325042201311e+01 3.890248788964971482e+03 3.812420763666017447e+05 3.152393319482485822e+03 3.812420763666016865e+05 3.736149760000002384e+07
9.649902259166887736e-03 1.167033552343494041e+00 1.143685966684150372e+02 1.167033552343497149e+00 -1.260178578878485041e+03 3.486162262991844909e+05 1.143685966684151936e+02 3.486162262991848984e+05 -8.079122136333982944e+08 2.659846172953677090e-01 3.216747325042200600e+01 3.152393319482485367e+03 3.216747325042201311e+01 3.890248788964971482e+03 3.812420763666017447e+05 3.152393319482485822e+03 3.812420763666016865e+05 3.736149760000002384e+07
9.649902259166887736e-03 1.167033552343494041e+00 1.143685966684150372e+02 1.167033552343497149e+00 -1.260178578878485041e+03 3.486162262991844909e+05 1.143685966684151936e+02 3.486162262991848984e+05 -8.079122136333982944e+08 2.659846172953677090e-01 3.216747325042200600e+01 3.152393319482485367e+03 3.216747325042201311e+01 3.890248788964971482e+03 3.812420763666017447e+05 3.152393319482485822e+03 3.812420763666016865e+05 3.736149760000002384e+07
9.649902259166887736e-03 1.167033552343494041e+00 1.143685966684150372e+02 1.167033552343497149e+00 -1.260178578878485041e+03 3.486162262991844909e+05 1.143685966684151936e+02 3.486162262991848984e+05 -8.079122136333982944e+08 2.659846172953677090e-01 3.216747325042200600e+01 3.152393319482485367e+03 3.216747325042201311e+01 3.890248788964971482e+03 3.812420763666017447e+05 3.152393319482485822e+03 3.812420763666016865e+05 3.736149760000002384e+07
9.649902259166887736e-03 1.167033552343494041e+00 1.143685966684150372e+02 1.167033552343497149e+00 -1.260178578878485041e+03 3.486162262991844909e+05 1.143685966684151936e+02 3.486162262991848984e+05 -8.079122136333982944e+08 2.659846172953677090e-01 3.216747325042200600e+01 3.152393319482485367e+03 3.216747325042201311e+01 3.890248788964971482e+03 3.812420763666017447e+05 3.152393319482485822e+03 3.812420763666016865e+05 3.736149760000002384e+07
9.649902259166887736e-03 1.167033552343494041e+00 1.143685966684150372e+02 1.167033552343497149e+00 -1.260178578878485041e+03 3.486162262991844909e+05 1.143685966684151936e+02 3.486162262991848984e+05 -8.079122136333982944e+08 2.659846172953677090e-01 3.216747325042200600e+01 3.152393319482485367e+03 3.216747325042201311e+01 3.890248788964971482e+03 3.812420763666017447e+05 3.152393319482485822e+03 3.812420763666016865e+05 3.736149760000002384e+07
9.649902259166887736e-03 1.167033552343494041e+00 1.143685966684150372e+02 1.167033552343497149e+00 -1.260178578878485041e+03 3.486162262991844909e+05 1.143685966684151936e+02 3.486162262991848984e+05 -8.079122136333982944e+08 2.659846172953677090e-01 3.216747325042200600e+01 3.152393319482485367e+03 3.216747325042201311e+01 3.890248788964971482e+03 3.812420763666017447e+05 3.152393319482485822e+03 3.812420763666016865e+05 3.736149760000002384e+07
9.649902259166887736e-03 1.167033552343494041e+00 1.143685966684150372e+02 1.167033552343497149e+00 -1.260178578878485041e+03 3.486162262991844909e+05 1.143685966684151936e+02 3.486162262991848984e+05 -8.079122136333982944e+08 2.659846172953677090e-01 3.216747325042200600e+01 3.152393319482485367e+03 3.216747325042201311e+01 3.890248788964971482e+03 3.812420763666017447e+05 3.152393319482485822e+03 3.812420763666016865e+05 3.736149760000002384e+07
9.649902259166887736e-03 1.167033552343494041e+00 1.143685966684150372e+02 1.167033552343497149e+00 -1.260178578878485041e+03 3.486162262991844909e+05 1.143685966684151936e+02 3.486162262991848984e+05 -8.079122136333982944e+08 2.659846172953677090e-01 3.216747325042200600e+01 3.152393319482485367e+03 3.216747325042201311e+01 3.890248788964971482e+03 3.812420763666017447e+05 3.152393319482485822e+03 3.812420763666016865e+05 3.736149760000002384e+07
9.649902259166887736e-03 1.167033552343494041e+00 1.143685966684150372e+02 1.167033552343497149e+00 -1.260178578878485041e+03 3.486162262991844909e+05 1.143685966684151936e+02 3.486162262991848984e+05 -8.079122136333982944e+08 2.659846172953677090e-01 3.216747325042200600e+01 3.152393319482485367e+03 3.216747325042201311e+01 3.890248788964971482e+03 3.812420763666017447e+05 3.152393319482485822e+03 3.812420763666016865e+05 3.736149760000002384e+07
9.649902259166887736e-03 1.167033552343494041e+00 1.143685966684150372e+02 1.167033552343497149e+00 -1.260178578878485041e+03 3.486162262991844909e+05 1.143685966684151936e+02 3.486162262991848984e+05 -8.079122136333982944e+08 2.659846172953677090e-01 3.216747325042200600e+01 3.152393319482485367e+03 3.216747325042201311e+01 3.890248788964971482e+03 3.812420763666017447e+05 3.152393319482485822e+03 3.812420763666016865e+05 3.736149760000002384e+07
9.649902259166887736e-03 1.167033552343494041e+00 1.143685966684150372e+02 1.167033552343497149e+00 -1.260178578878485041e+03 3.486162262991844909e+05 1.143685966684151936e+02 3.486162262991848984e+05 -8.079122136333982944e+08 2.659846172953677090e-01 3.216747325042200600e+01 3.152393319482485367e+03 3.216747325042201311e+01 3.890248788964971482e+03 3.812420763666017447e+05 3.152393319482485822e+03 3.812420763666016865e+05 3.736149760000002384e+07
9.649902259166887736e-03 1.167033552343494041e+00 1.143685966684150372e+02 1.167033552343497149e+00 -1.260178578878485041e+03 3.486162262991844909e+05 1.143685966684151936e+02 3.486162262991848984e+05 -8.079122136333982944e+08 2.659846172953677090e-01 3.216747325042200600e+01 3.152393319482485367e+03 3.216747325042201311e+01 3.890248788964971482e+03 3.812420763666017447e+05 3.152393319482485822e+03 3.812420763666016865e+05 3.736149760000002384e+07
9.649902259166887736e-03 1.167033552343494041e+00 1.143685966684150372e+02 1.167033552343497149e+00 -1.260178578878485041e+03 3.486162262991844909e+05 1.143685966684151936e+02 3.486162262991848984e+05 -8.079122136333982944e+08 2.659846172953677090e-01 3.216747325042200600e+01 3.152393319482485367e+03 3.216747325042201311e+01 3.890248788964971482e+03 3.812420763666017447e+05 3.152393319482485822e+03 3.812420763666016865e+05 3.736149760000002384e+07
9.649902259166887736e-03 1.167033552343494041e+00 1.143685966684150372e+02 1.167033552343497149e+00 -1.260178578878485041e+03 3.486162262991844909e+05 1.143685966684151936e+02 3.486162262991848984e+05 -8.079122136333982944e+08 2.659846172953677090e-01 3.216747325042200600e+01 3.152393319482485367e+03 3.216747325042201311e+01 3.890248788964971482e+03 3.812420763666017447e+05 3.152393319482485822e+03 3.812420763666016865e+05 3.736149760000002384e+07
9.649902259166887736e-03 1.167033552343494041e+00 1.143685966684150372e+02 1.167033552343497149e+00 -1.260178578878485041e+03 3.486162262991844909e+05 1.143685966684151936e+02 3.486162262991848984e+05 -8.079122136333982944e+08 2.659846172953677090e-01 3.216747325042200600e+01 3.152393319482485367e+03 3.216747325042201311e+01 3.890248788964971482e+03 3.812420763666017447e+05 3.152393319482485822e+03 3.812420763666016865e+05 3.736149760000002384e+07
9.649902259166887736e-03 1.167033552343494041e+00 1.143685966684150372e+02 1.167033552343497149e+00 -1.260178578878485041e+03 3.486162262991844909e+05 1.143685966684151936e+02 3.486162262991848984e+05 -8.079122136333982944e+08 2.659846172953677090e-01 3.216747325042200600e+01 3.152393319482485367e+03 3.216747325042201311e+01 3.890248788964971482e+03 3.812420763666017447e+05 3.152393319482485822e+03 3.812420763666016865e+05 3.736149760000002384e+07
9.649902259166887736e-03 1.167033552343494041e+00 1.143685966684150372e+02 1.167033552343497149e+00 -1.260178578878485041e+03 3.486162262991844909e+05 1.143685966684151936e+02 3.486162262991848984e+05 -8.079122136333982944e+08 2.659846172953677090e-01 3.216747325042200600e+01 3.152393319482485367e+03 3.216747325042201311e+01 3.890248788964971482e+03 3.812420763666017447e+05 3.152393319482485822e+03 3.812420763666016865e+05 3.736149760000002384e+07
9.649902259166887736e-03 1.167033552343494041e+00 1.143685966684150372e+02 1.167033552343497149e+00 -1.260178578878485041e+03 3.486162262991844909e+05 1.143685966684151936e+02 3.486162262991848984e+05 -8.079122136333982944e+08 2.659846172953677090e-01 3.216747325042200600e+01 3.152393319482485367e+03 3.216747325042201311e+01 3.890248788964971482e+03 3.812420763666017447e+05 3.152393319482485822e+03 3.812420763666016865e+05 3.736149760000002384e+07
9.649902259166887736e-03 1.167033552343494041e+00 1.143685966684150372e+02 1.167033552343497149e+00 -1.260178578878485041e+03 3.486162262991844909e+05 1.143685966684151936e+02 3.486162262991848984e+05 -8.079122136333982944e+08 2.659846172953677090e-01 3.216747325042200600e+01 3.152393319482485367e+03 3.216747325042201311e+01 3.890248788964971482e+03 3.812420763666017447e+05 3.152393319482485822e+03 3.812420763666016865e+05 3.736149760000002384e+07
9.649902259166887736e-03 1.167033552343494041e+00 1.143685966684150372e+02 1.167033552343497149e+00 -1.260178578878485041e+03 3.486162262991844909e+05 1.143685966684151936e+02 3.486162262991848984e+05 -8.079122136333982944e+08 2.659846172953677090e-01 3.216747325042200600e+01 3.152393319482485367e+03 3.216747325042201311e+01 3.890248788964971482e+03 3.812420763666017447e+05 3.152393319482485822e+03 3.812420763666016865e+05 3.736149760000002384e+07
9.649902259166887736e-03 1.167033552343494041e+00 1.143685966684150372e+02 1.167033552343497149e+00 -1.260178578878485041e+03 3.486162262991844909e+05 1.143685966684151936e+02 3.486162262991848984e+05 -8.079122136333982944e+08 2.659846172953677090e-01 3.216747325042200600e+01 3.152393319482485367e+03 3.216747325042201311e+01 3.890248788964971482e+03 3.812420763666017447e+05 3.152393319482485822e+03 3.812420763666016865e+05 3.736149760000002384e+07
9.649902259166887736e-03 1.167033552343494041e+00 1.143685966684150372e+02 1.167033552343497149e+00 -1.260178578878485041e+03 3.486162262991844909e+05 1.143685966684151936e+02 3.486162262991848984e+05 -8.079122136333982944e+08 2.659846172953677090e-01 3.216747325042200600e+01 3.152393319482485367e+03 3.216747325042201311e+01 3.890248788964971482e+03 3.812420763666017447e+05 3.152393319482485822e+03 3.812420763666016865e+05 3.736149760000002384e+07
9.649902259166887736e-03 1.167033552343494041e+00 1.143685966684150372e+02 1.167033552343497149e+00 -1.260178578878485041e+03 3.486162262991844909e+05 1.143685966684151936e+02 3.486162262991848984e+05 -8.079122136333982944e+08 2.659846172953677090e-01 3.216747325042200600e+01 3.152393319482485367e+03 3.216747325042201311e+01 3.890248788964971482e+03 3.812420763666017447e+05 3.152393319482485822e+03 3.812420763666016865e+05 3.736149760000002384e+07
9.649902259166887736e-03 1.167033552343494041e+00 1.143685966684150372e+02 1.167033552343497149e+00 -1.260178578878485041e+03 3.486162262991844909e+05 1.143685966684151936e+02 3.486162262991848984e+05 -8.079122136333982944e+08 2.659846172953677090e-01 3.216747325042200600e+01 3.152393319482485367e+03 3.216747325042201311e+01 3.890248788964971482e+03 3.812420763666017447e+05 3.152393319482485822e+03 3.812420763666016865e+05 3.736149760000002384e+07
9.649902259166887736e-03 1.167033552343494041e+00 1.143685966684150372e+02 1.167033552343497149e+00 -1.260178578878485041e+03 3.486162262991844909e+05 1.143685966684151936e+02 3.486162262991848984e+05 -8.079122136333982944e+08 2.659846172953677090e-01 3.216747325042200600e+01 3.152393319482485367e+03 3.216747325042201311e+01 3.890248788964971482e+03 3.812420763666017447e+05 3.152393319482485822e+03 3.812420763666016865e+05 3.736149760000002384e+07
9.649902259166887736e-03 1.167033552343494041e+00 1.143685966684150372e+02 1.167033552343497149e+00 -1.260178578878485041e+03 3.486162262991844909e+05 1.143685966684151936e+02 3.486162262991848984e+05 -8.079122136333982944e+08 2.659846172953677090e-01 3.216747325042200600e+01 3.152393319482485367e+03 3.216747325042201311e+01 3.890248788964971482e+03 3.812420763666017447e+05 3.152393319482485822e+03 3.812420763666016865e+05 3.736149760000002384e+07
9.649902259166887736e-03 1.167033552343494041e+00 1.143685966684150372e+02 1.167033552343497149e+00 -1.260178578878485041e+03 3.486162262991844909e+05 1.143685966684151936e+02 3.486162262991848984e+05 -8.079122136333982944e+08 2.659846172953677090e-01 3.216747325042200600e+01 3.152393319482485367e+03 3.216747325042201311e+01 3.890248788964971482e+03 3.812420763666017447e+05 3.152393319482485822e+03 3.812420763666016865e+05 3.736149760000002384e+07
9.649902259166887736e-03 1.167033552343494041e+00 1.143685966684150372e+02 1.167033552343497149e+00 -1.260178578878485041e+03 3.486162262991844909e+05 1.143685966684151936e+02 3.486162262991848984e+05 -8.079122136333982944e+08 2.659846172953677090e-01 3.216747325042200600e+01 3.152393319482485367e+03 3.216747325042201311e+01 3.890248788964971482e+03 3.812420763666017447e+05 3.152393319482485822e+03 3.812420763666016865e+05 3.736149760000002384e+07
9.649902259166887736e-03 1.167033552343494041e+00 1.143685966684150372e+02 1.167033552343497149e+00 -1.260178578878485041e+03 3.486162262991844909e+05 1.143685966684151936e+02 3.486162262991848984e+05 -8.079122136333982944e+08 2.659846172953677090e-01 3.216747325042200600e+01 3.152393319482485367e+03 3.216747325042201311e+01 3.890248788964971482e+03 3.812420763666017447e+05 3.152393319482485822e+03 3.812420763666016865e+05 3.736149760000002384e+07
9.649902259166887736e-03 1.167033552343494041e+00 1.143685966684150372e+02 1.167033552343497149e+00 -1.260178578878485041e+03 3.486162262991844909e+05 1.143685966684151936e+02 3.486162262991848984e+05 -8.079122136333982944e+08 2.659846172953677090e-01 3.216747325042200600e+01 3.152393319482485367e+03 3.216747325042201311e+01 3.890248788964971482e+03 3.812420763666017447e+05 3.152393319482485822e+03 3.812420763666016865e+05 3.736149760000002384e+07
9.649902259166887736e-03 1.167033552343494041e+00 1.143685966684150372e+02 1.167033552343497149e+00 -1.260178578878485041e+03 3.486162262991844909e+05 1.143685966684151936e+02 3.486162262991848984e+05 -8.079122136333982944e+08 2.659846172953677090e-01 3.216747325042200600e+01 3.152393319482485367e+03 3.216747325042201311e+01 3.890248788964971482e+03 3.812420763666017447e+05 3.152393319482485822e+03 3.812420763666016865e+05 3.736149760000002384e+07
9.649902259166887736e-03 1.167033552343494041e+00 1.143685966684150372e+02 1.167033552343497149e+00 -1.260178578878485041e+03 3.486162262991844909e+05 1.143685966684151936e+02 3.486162262991848984e+05 -8.079122136333982944e+08 2.659846172953677090e-01 3.216747325042200600e+01 3.152393319482485367e+03 3.216747325042201311e+01 3.890248788964971482e+03 3.812420763666017447e+05 3.152393319482485822e+03 3.812420763666016865e+05 3.736149760000002384e+07
9.649902259166887736e-03 1.167033552343494041e+00 1.143685966684150372e+02 1.167033552343497149e+00 -1.260178578878485041e+03 3.486162262991844909e+05 1.143685966684151936e+02 3.486162262991848984e+05 -8.079122136333982944e+08 2.659846172953677090e-01 3.216747325042200600e+01 3.152393319482485367e+03 3.216747325042201311e+01 3.890248788964971482e+03 3.812420763666017447e+05 3.152393319482485822e+03 3.812420763666016865e+05 3.736149760000002384e+07
9.649902259166887736e-03 1.167033552343494041e+00 1.143685966684150372e+02 1.167033552343497149e+00 -1.260178578878485041e+03 3.486162262991844909e+05 1.143685966684151936e+02 3.486162262991848984e+05 -8.079122136333982944e+08 2.659846172953677090e-01 3.216747325042200600e+01 3.152393319482485367e+03 3.216747325042201311e+01 3.890248788964971482e+03 3.812420763666017447e+05 3.152393319482485822e+03 3.812420763666016865e+05 3.736149760000002384e+07
9.649902259166887736e-03 1.167033552343494041e+00 1.143685966684150372e+02 1.167033552343497149e+00 -1.260178578878485041e+03 3.486162262991844909e+05 1.143685966684151936e+02 3.486162262991848984e+05 -8.079122136333982944e+08 2.659846172953677090e-01 3.216747325042200600e+01 3.152393319482485367e+03 3.216747325042201311e+01 3.890248788964971482e+03 3.812420763666017447e+05 3.152393319482485822e+03 3.812420763666016865e+05 3.736149760000002384e+07
9.649902259166887736e-03 1.167033552343494041e+00 1.143685966684150372e+02 1.167033552343497149e+00 -1.260178578878485041e+03 3.486162262991844909e+05 1.143685966684151936e+02 3.486162262991848984e+05 -8.079122136333982944e+08 2.659846172953677090e-01 3.216747325042200600e+01 3.152393319482485367e+03 3.216747325042201311e+01 3.890248788964971482e+03 3.812420763666017447e+05 3.152393319482485822e+03 3.812420763666016865e+05 3.736149760000002384e+07
9.649902259166887736e-03 1.167033552343494041e+00 1.143685966684150372e+02 1.167033552343497149e+00 -1.260178578878485041e+03 3.486162262991844909e+05 1.143685966684151936e+02 3.486162262991848984e+05 -8.079122136333982944e+08 2.659846172953677090e-01 3.216747325042200600e+01 3.152393319482485367e+03 3.216747325042201311e+01 3.890248788964971482e+03 3.812420763666017447e+05 3.152393319482485822e+03 3.812420763666016865e+05 3.736149760000002384e+07
9.649902259166887736e-03 1.167033552343494041e+00 1.143685966684150372e+02 1.167033552343497149e+00 -1.260178578878485041e+03 3.486162262991844909e+05 1.143685966684151936e+02 3.486162262991848984e+05 -8.079122136333982944e+08 2.659846172953677090e-01 3.216747325042200600e+01 3.152393319482485367e+03 3.216747325042201311e+01 3.890248788964971482e+03 3.812420763666017447e+05 3.152393319482485822e+03 3.812420763666016865e+05 3.736149760000002384e+07
9.649902259166887736e-03 1.167033552343494041e+00 1.143685966684150372e+02 1.167033552343497149e+00 -1.260178578878485041e+03 3.486162262991844909e+05 1.143685966684151936e+02 3.486162262991848984e+05 -8.079122136333982944e+08 2.659846172953677090e-01 3.216747325042200600e+01 3.152393319482485367e+03 3.216747325042201311e+01 3.890248788964971482e+03 3.812420763666017447e+05 3.152393319482485822e+03 3.812420763666016865e+05 3.736149760000002384e+07
9.649902259166887736e-03 1.167033552343494041e+00 1.143685966684150372e+02 1.167033552343497149e+00 -1.260178578878485041e+03 3.486162262991844909e+05 1.143685966684151936e+02 3.486162262991848984e+05 -8.079122136333982944e+08 2.659846172953677090e-01 3.216747325042200600e+01 3.152393319482485367e+03 3.216747325042201311e+01 3.890248788964971482e+03 3.812420763666017447e+05 3.152393319482485822e+03 3.812420763666016865e+05 3.736149760000002384e+07
9.649902259166887736e-03 1.167033552343494041e+00 1.143685966684150372e+02 1.167033552343497149e+00 -1.260178578878485041e+03 3.486162262991844909e+05 1.143685966684151936e+02 3.486162262991848984e+05 -8.079122136333982944e+08 2.659846172953677090e-01 3.216747325042200600e+01 3.152393319482485367e+03 3.216747325042201311e+01 3.890248788964971482e+03 3.812420763666017447e+05 3.152393319482485822e+03 3.812420763666016865e+05 3.736149760000002384e+07
9.649902259166887736e-03 1.167033552343494041e+00 1.143685966684150372e+02 1.167033552343497149e+00 -1.260178578878485041e+03 3.486162262991844909e+05 1.143685966684151936e+02 3.486162262991848984e+05 -8.079122136333982944e+08 2.659846172953677090e-01 3.216747325042200600e+01 3.152393319482485367e+03 3.216747325042201311e+01 3.890248788964971482e+03 3.812420763666017447e+05 3.152393319482485822e+03 3.812420763666016865e+05 3.736149760000002384e+07
9.649902259166887736e-03 1.167033552343494041e+00 1.143685966684150372e+02 1.167033552343497149e+00 -1.260178578878485041e+03 3.486162262991844909e+05 1.143685966684151936e+02 3.486162262991848984e+05 -8.079122136333982944e+08 2.659846172953677090e-01 3.216747325042200600e+01 3.152393319482485367e+03 3.216747325042201311e+01 3.890248788964971482e+03 3.812420763666017447e+05 3.152393319482485822e+03 3.812420763666016865e+05 3.736149760000002384e+07
9.649902259166887736e-03 1.167033552343494041e+00 1.143685966684150372e+02 1.167033552343497149e+00 -1.260178578878485041e+03 3.486162262991844909e+05 1.143685966684151936e+02 3.486162262991848984e+05 -8.079122136333982944e+08 2.659846172953677090e-01 3.216747325042200600e+01 3.152393319482485367e+03 3.216747325042201311e+01 3.890248788964971482e+03 3.812420763666017447e+05 3.152393319482485822e+03 3.812420763666016865e+05 3.736149760000002384e+07
9.649902259166887736e-03 1.167033552343494041e+00 1.143685966684150372e+02 1.167033552343497149e+00 -1.260178578878485041e+03 3.486162262991844909e+05 1.143685966684151936e+02 3.486162262991848984e+05 -8.079122136333982944e+08 2.659846172953677090e-01 3.216747325042200600e+01 3.152393319482485367e+03 3.216747325042201311e+01 3.890248788964971482e+03 3.812420763666017447e+05 3.152393319482485822e+03 3.812420763666016865e+05 3.736149760000002384e+07
9.649902259166887736e-03 1.167033552343494041e+00 1.143685966684150372e+02 1.167033552343497149e+00 -1.260178578878485041e+03 3.486162262991844909e+05 1.143685966684151936e+02 3.486162262991848984e+05 -8.079122136333982944e+08 2.659846172953677090e-01 3.216747325042200600e+01 3.152393319482485367e+03 3.216747325042201311e+01 3.890248788964971482e+03 3.812420763666017447e+05 3.152393319482485822e+03 3.812420763666016865e+05 3.736149760000002384e+07
9.649902259166887736e-03 1.167033552343494041e+00 1.143685966684150372e+02 1.167033552343497149e+00 -1.260178578878485041e+03 3.486162262991844909e+05 1.143685966684151936e+02 3.486162262991848984e+05 -8.079122136333982944e+08 2.659846172953677090e-01 3.216747325042200600e+01 3.152393319482485367e+03 3.216747325042201311e+01 3.890248788964971482e+03 3.812420763666017447e+05 3.152393319482485822e+03 3.812420763666016865e+05 3.736149760000002384e+07
9.649902259166887736e-03 1.167033552343494041e+00 1.143685966684150372e+02 1.167033552343497149e+00 -1.260178578878485041e+03 3.486162262991844909e+05 1.143685966684151936e+02 3.486162262991848984e+05 -8.079122136333982944e+08 2.659846172953677090e-01 3.216747325042200600e+01 3.152393319482485367e+03 3.216747325042201311e+01 3.890248788964971482e+03 3.812420763666017447e+05 3.152393319482485822e+03 3.812420763666016865e+05 3.736149760000002384e+07
9.649902259166887736e-03 1.167033552343494041e+00 1.143685966684150372e+02 1.167033552343497149e+00 -1.260178578878485041e+03 3.486162262991844909e+05 1.143685966684151936e+02 3.486162262991848984e+05 -8.079122136333982944e+08 2.659846172953677090e-01 3.216747325042200600e+01 3.152393319482485367e+03 3.216747325042201311e+01 3.890248788964971482e+03 3.812420763666017447e+05 3.152393319482485822e+03 3.812420763666016865e+05 3.736149760000002384e+07
9.649902259166887736e-03 1.167033552343494041e+00 1.143685966684150372e+02 1.167033552343497149e+00 -1.260178578878485041e+03 3.486162262991844909e+05 1.143685966684151936e+02 3.486162262991848984e+05 -8.079122136333982944e+08 2.659846172953677090e-01 3.216747325042200600e+01 3.152393319482485367e+03 3.216747325042201311e+01 3.890248788964971482e+03 3.812420763666017447e+05 3.152393319482485822e+03 3.812420763666016865e+05 3.736149760000002384e+07
9.649902259166887736e-03 1.167033552343494041e+00 1.143685966684150372e+02 1.167033552343497149e+00 -1.260178578878485041e+03 3.486162262991844909e+05 1.143685966684151936e+02 3.486162262991848984e+05 -8.079122136333982944e+08 2.659846172953677090e-01 3.216747325042200600e+01 3.152393319482485367e+03 3.216747325042201311e+01 3.890248788964971482e+03 3.812420763666017447e+05 3.152393319482485822e+03 3.812420763666016865e+05 3.736149760000002384e+07
9.649902259166887736e-03 1.167033552343494041e+00 1.143685966684150372e+02 1.167033552343497149e+00 -1.260178578878485041e+03 3.486162262991844909e+05 1.143685966684151936e+02 3.486162262991848984e+05 -8.079122136333982944e+08 2.659846172953677090e-01 3.216747325042200600e+01 3.152393319482485367e+03 3.216747325042201311e+01 3.890248788964971482e+03 3.812420763666017447e+05 3.152393319482485822e+03 3.812420763666016865e+05 3.736149760000002384e+07
9.649902259166887736e-03 1.167033552343494041e+00 1.143685966684150372e+02 1.167033552343497149e+00 -1.260178578878485041e+03 3.486162262991844909e+05 1.143685966684151936e+02 3.486162262991848984e+05 -8.079122136333982944e+08 2.659846172953677090e-01 3.216747325042200600e+01 3.152393319482485367e+03 3.216747325042201311e+01 3.890248788964971482e+03 3.812420763666017447e+05 3.152393319482485822e+03 3.812420763666016865e+05 3.736149760000002384e+07
9.649902259166887736e-03 1.167033552343494041e+00 1.143685966684150372e+02 1.167033552343497149e+00 -1.260178578878485041e+03 3.486162262991844909e+05 1.143685966684151936e+02 3.486162262991848984e+05 -8.079122136333982944e+08 2.659846172953677090e-01 3.216747325042200600e+01 3.152393319482485367e+03 3.216747325042201311e+01 3.890248788964971482e+03 3.812420763666017447e+05 3.152393319482485822e+03 3.812420763666016865e+05 3.736149760000002384e+07
9.649902259166887736e-03 1.167033552343494041e+00 1.143685966684150372e+02 1.167033552343497149e+00 -1.260178578878485041e+03 3.486162262991844909e+05 1.143685966684151936e+02 3.486162262991848984e+05 -8.079122136333982944e+08 2.659846172953677090e-01 3.216747325042200600e+01 3.152393319482485367e+03 3.216747325042201311e+01 3.890248788964971482e+03 3.812420763666017447e+05 3.152393319482485822e+03 3.812420763666016865e+05 3.736149760000002384e+07
9.649902259166887736e-03 1.167033552343494041e+00 1.143685966684150372e+02 1.167033552343497149e+00 -1.260178578878485041e+03 3.486162262991844909e+05 1.143685966684151936e+02 3.486162262991848984e+05 -8.079122136333982944e+08 2.659846172953677090e-01 3.216747325042200600e+01 3.152393319482485367e+03 3.216747325042201311e+01 3.890248788964971482e+03 3.812420763666017447e+05 3.152393319482485822e+03 3.812420763666016865e+05 3.736149760000002384e+07
9.649902259166887736e-03 1.167033552343494041e+00 1.143685966684150372e+02 1.167033552343497149e+00 -1.260178578878485041e+03 3.486162262991844909e+05 1.143685966684151936e+02 3.486162262991848984e+05 -8.079122136333982944e+08 2.659846172953677090e-01 3.216747325042200600e+01 3.152393319482485367e+03 3.216747325042201311e+01 3.890248788964971482e+03 3.812420763666017447e+05 3.152393319482485822e+03 3.812420763666016865e+05 3.736149760000002384e+07
9.649902259166887736e-03 1.167033552343494041e+00 1.143685966684150372e+02 1.167033552343497149e+00 -1.260178578878485041e+03 3.486162262991844909e+05 1.143685966684151936e+02 3.486162262991848984e+05 -8.079122136333982944e+08 2.659846172953677090e-01 3.216747325042200600e+01 3.152393319482485367e+03 3.216747325042201311e+01 3.890248788964971482e+03 3.812420763666017447e+05 3.152393319482485822e+03 3.812420763666016865e+05 3.736149760000002384e+07
9.649902259166887736e-03 1.167033552343494041e+00 1.143685966684150372e+02 1.167033552343497149e+00 -1.260178578878485041e+03 3.486162262991844909e+05 1.143685966684151936e+02 3.486162262991848984e+05 -8.079122136333982944e+08 2.659846172953677090e-01 3.216747325042200600e+01 3.152393319482485367e+03 3.216747325042201311e+01 3.890248788964971482e+03 3.812420763666017447e+05 3.152393319482485822e+03 3.812420763666016865e+05 3.736149760000002384e+07
9.649902259166887736e-03 1.167033552343494041e+00 1.143685966684150372e+02 1.167033552343497149e+00 -1.260178578878485041e+03 3.486162262991844909e+05 1.143685966684151936e+02 3.486162262991848984e+05 -8.079122136333982944e+08 2.659846172953677090e-01 3.216747325042200600e+01 3.152393319482485367e+03 3.216747325042201311e+01 3.890248788964971482e+03 3.812420763666017447e+05 3.152393319482485822e+03 3.812420763666016865e+05 3.736149760000002384e+07
9.649902259166887736e-03 1.167033552343494041e+00 1.143685966684150372e+02 1.167033552343497149e+00 -1.260178578878485041e+03 3.486162262991844909e+05 1.143685966684151936e+02 3.486162262991848984e+05 -8.079122136333982944e+08 2.659846172953677090e-01 3.216747325042200600e+01 3.152393319482485367e+03 3.216747325042201311e+01 3.890248788964971482e+03 3.812420763666017447e+05 3.152393319482485822e+03 3.812420763666016865e+05 3.736149760000002384e+07
9.649902259166887736e-03 1.167033552343494041e+00 1.143685966684150372e+02 1.167033552343497149e+00 -1.260178578878485041e+03 3.486162262991844909e+05 1.143685966684151936e+02 3.486162262991848984e+05 -8.079122136333982944e+08 2.659846172953677090e-01 3.216747325042200600e+01 3.152393319482485367e+03 3.216747325042201311e+01 3.890248788964971482e+03 3.812420763666017447e+05 3.152393319482485822e+03 3.812420763666016865e+05 3.736149760000002384e+07
9.649902259166887736e-03 1.167033552343494041e+00 1.143685966684150372e+02 1.167033552343497149e+00 -1.260178578878485041e+03 3.486162262991844909e+05 1.143685966684151936e+02 3.486162262991848984e+05 -8.079122136333982944e+08 2.659846172953677090e-01 3.216747325042200600e+01 3.152393319482485367e+03 3.216747325042201311e+01 3.890248788964971482e+03 3.812420763666017447e+05 3.152393319482485822e+03 3.812420763666016865e+05 3.736149760000002384e+07
9.649902259166887736e-03 1.167033552343494041e+00 1.143685966684150372e+02 1.167033552343497149e+00 -1.260178578878485041e+03 3.486162262991844909e+05 1.143685966684151936e+02 3.486162262991848984e+05 -8.079122136333982944e+08 2.659846172953677090e-01 3.216747325042200600e+01 3.152393319482485367e+03 3.216747325042201311e+01 3.890248788964971482e+03 3.812420763666017447e+05 3.152393319482485822e+03 3.812420763666016865e+05 3.736149760000002384e+07
9.649902259166887736e-03 1.167033552343494041e+00 1.143685966684150372e+02 1.167033552343497149e+00 -1.260178578878485041e+03 3.486162262991844909e+05 1.143685966684151936e+02 3.486162262991848984e+05 -8.079122136333982944e+08 2.659846172953677090e-01 3.216747325042200600e+01 3.152393319482485367e+03 3.216747325042201311e+01 3.890248788964971482e+03 3.812420763666017447e+05 3.152393319482485822e+03 3.812420763666016865e+05 3.736149760000002384e+07
9.649902259166887736e-03 1.167033552343494041e+00 1.143685966684150372e+02 1.167033552343497149e+00 -1.260178578878485041e+03 3.486162262991844909e+05 1.143685966684151936e+02 3.486162262991848984e+05 -8.079122136333982944e+08 2.659846172953677090e-01 3.216747325042200600e+01 3.152393319482485367e+03 3.216747325042201311e+01 3.890248788964971482e+03 3.812420763666017447e+05 3.152393319482485822e+03 3.812420763666016865e+05 3.736149760000002384e+07
9.649902259166887736e-03 1.167033552343494041e+00 1.143685966684150372e+02 1.167033552343497149e+00 -1.260178578878485041e+03 3.486162262991844909e+05 1.143685966684151936e+02 3.486162262991848984e+05 -8.079122136333982944e+08 2.659846172953677090e-01 3.216747325042200600e+01 3.152393319482485367e+03 3.216747325042201311e+01 3.890248788964971482e+03 3.812420763666017447e+05 3.152393319482485822e+03 3.812420763666016865e+05 3.736149760000002384e+07
9.649902259166887736e-03 1.167033552343494041e+00 1.143685966684150372e+02 1.167033552343497149e+00 -1.260178578878485041e+03 3.486162262991844909e+05 1.143685966684151936e+02 3.486162262991848984e+05 -8.079122136333982944e+08 2.659846172953677090e-01 3.216747325042200600e+01 3.152393319482485367e+03 3.216747325042201311e+01 3.890248788964971482e+03 3.812420763666017447e+05 3.152393319482485822e+03 3.812420763666016865e+05 3.736149760000002384e+07
9.649902259166887736e-03 1.167033552343494041e+00 1.143685966684150372e+02 1.167033552343497149e+00 -1.260178578878485041e+03 3.486162262991844909e+05 1.143685966684151936e+02 3.486162262991848984e+05 -8.079122136333982944e+08 2.659846172953677090e-01 3.216747325042200600e+01 3.152393319482485367e+03 3.216747325042201311e+01 3.890248788964971482e+03 3.812420763666017447e+05 3.152393319482485822e+03 3.812420763666016865e+05 3.736149760000002384e+07
9.649902259166887736e-03 1.167033552343494041e+00 1.143685966684150372e+02 1.167033552343497149e+00 -1.260178578878485041e+03 3.486162262991844909e+05 1.143685966684151936e+02 3.486162262991848984e+05 -8.079122136333982944e+08 2.659846172953677090e-01 3.216747325042200600e+01 3.152393319482485367e+03 3.216747325042201311e+01 3.890248788964971482e+03 3.812420763666017447e+05 3.152393319482485822e+03 3.812420763666016865e+05 3.736149760000002384e+07
9.649902259166887736e-03 1.167033552343494041e+00 1.143685966684150372e+02 1.167033552343497149e+00 -1.260178578878485041e+03 3.486162262991844909e+05 1.143685966684151936e+02 3.486162262991848984e+05 -8.079122136333982944e+08 2.659846172953677090e-01 3.216747325042200600e+01 3.152393319482485367e+03 3.216747325042201311e+01 3.890248788964971482e+03 3.812420763666017447e+05 3.152393319482485822e+03 3.812420763666016865e+05 3.736149760000002384e+07
9.649902259166887736e-03 1.167033552343494041e+00 1.143685966684150372e+02 1.167033552343497149e+00 -1.260178578878485041e+03 3.486162262991844909e+05 1.143685966684151936e+02 3.486162262991848984e+05 -8.079122136333982944e+08 2.659846172953677090e-01 3.216747325042200600e+01 3.152393319482485367e+03 3.216747325042201311e+01 3.890248788964971482e+03 3.812420763666017447e+05 3.152393319482485822e+03 3.812420763666016865e+05 3.736149760000002384e+07
9.649902259166887736e-03 1.167033552343494041e+00 1.143685966684150372e+02 1.167033552343497149e+00 -1.260178578878485041e+03 3.486162262991844909e+05 1.143685966684151936e+02 3.486162262991848984e+05 -8.079122136333982944e+08 2.659846172953677090e-01 3.216747325042200600e+01 3.152393319482485367e+03 3.216747325042201311e+01 3.890248788964971482e+03 3.812420763666017447e+05 3.152393319482485822e+03 3.812420763666016865e+05 3.736149760000002384e+07
9.649902259166887736e-03 1.167033552343494041e+00 1.143685966684150372e+02 1.167033552343497149e+00 -1.260178578878485041e+03 3.486162262991844909e+05 1.143685966684151936e+02 3.486162262991848984e+05 -8.079122136333982944e+08 2.659846172953677090e-01 3.216747325042200600e+01 3.152393319482485367e+03 3.216747325042201311e+01 3.890248788964971482e+03 3.812420763666017447e+05 3.152393319482485822e+03 3.812420763666016865e+05 3.736149760000002384e+07
9.649902259166887736e-03 1.167033552343494041e+00 1.143685966684150372e+02 1.167033552343497149e+00 -1.260178578878485041e+03 3.486162262991844909e+05 1.143685966684151936e+02 3.486162262991848984e+05 -8.079122136333982944e+08 2.659846172953677090e-01 3.216747325042200600e+01 3.152393319482485367e+03 3.216747325042201311e+01 3.890248788964971482e+03 3.812420763666017447e+05 3.152393319482485822e+03 3.812420763666016865e+05 3.736149760000002384e+07
9.649902259166887736e-03 1.167033552343494041e+00 1.143685966684150372e+02 1.167033552343497149e+00 -1.260178578878485041e+03 3.486162262991844909e+05 1.143685966684151936e+02 3.486162262991848984e+05 -8.079122136333982944e+08 2.659846172953677090e-01 3.216747325042200600e+01 3.152393319482485367e+03 3.216747325042201311e+01 3.890248788964971482e+03 3.812420763666017447e+05 3.152393319482485822e+03 3.812420763666016865e+05 3.736149760000002384e+07
9.649902259166887736e-03 1.167033552343494041e+00 1.143685966684150372e+02 1.167033552343497149e+00 -1.260178578878485041e+03 3.486162262991844909e+05 1.143685966684151936e+02 3.486162262991848984e+05 -8.079122136333982944e+08 2.659846172953677090e-01 3.216747325042200600e+01 3.152393319482485367e+03 3.216747325042201311e+01 3.890248788964971482e+03 3.812420763666017447e+05 3.152393319482485822e+03 3.812420763666016865e+05 3.736149760000002384e+07
9.649902259166887736e-03 1.167033552343494041e+00 1.143685966684150372e+02 1.167033552343497149e+00 -1.260178578878485041e+03 3.486162262991844909e+05 1.143685966684151936e+02 3.486162262991848984e+05 -8.079122136333982944e+08 2.659846172953677090e-01 3.216747325042200600e+01 3.152393319482485367e+03 3.216747325042201311e+01 3.890248788964971482e+03 3.812420763666017447e+05 3.152393319482485822e+03 3.812420763666016865e+05 3.736149760000002384e+07
9.649902259166887736e-03 1.167033552343494041e+00 1.143685966684150372e+02 1.167033552343497149e+00 -1.260178578878485041e+03 3.486162262991844909e+05 1.143685966684151936e+02 3.486162262991848984e+05 -8.079122136333982944e+08 2.659846172953677090e-01 3.216747325042200600e+01 3.152393319482485367e+03 3.216747325042201311e+01 3.890248788964971482e+03 3.812420763666017447e+05 3.152393319482485822e+03 3.812420763666016865e+05 3.736149760000002384e+07
9.649902259166887736e-03 1.167033552343494041e+00 1.143685966684150372e+02 1.167033552343497149e+00 -1.260178578878485041e+03 3.486162262991844909e+05 1.143685966684151936e+02 3.486162262991848984e+05 -8.079122136333982944e+08 2.659846172953677090e-01 3.216747325042200600e+01 3.152393319482485367e+03 3.216747325042201311e+01 3.890248788964971482e+03 3.812420763666017447e+05 3.152393319482485822e+03 3.812420763666016865e+05 3.736149760000002384e+07
9.649902259166887736e-03 1.167033552343494041e+00 1.143685966684150372e+02 1.167033552343497149e+00 -1.260178578878485041e+03 3.486162262991844909e+05 1.143685966684151936e+02 3.486162262991848984e+05 -8.079122136333982944e+08 2.659846172953677090e-01 3.216747325042200600e+01 3.152393319482485367e+03 3.216747325042201311e+01 3.890248788964971482e+03 3.812420763666017447e+05 3.152393319482485822e+03 3.812420763666016865e+05 3.736149760000002384e+07
9.649902259166887736e-03 1.167033552343494041e+00 1.143685966684150372e+02 1.167033552343497149e+00 -1.260178578878485041e+03 3.486162262991844909e+05 1.143685966684151936e+02 3.486162262991848984e+05 -8.079122136333982944e+08 2.659846172953677090e-01 3.216747325042200600e+01 3.152393319482485367e+03 3.216747325042201311e+01 3.890248788964971482e+03 3.812420763666017447e+05 3.152393319482485822e+03 3.812420763666016865e+05 3.736149760000002384e+07
9.649902259166887736e-03 1.167033552343494041e+00 1.143685966684150372e+02 1.167033552343497149e+00 -1.260178578878485041e+03 3.486162262991844909e+05 1.143685966684151936e+02 3.486162262991848984e+05 -8.079122136333982944e+08 2.659846172953677090e-01 3.216747325042200600e+01 3.152393319482485367e+03 3.216747325042201311e+01 3.890248788964971482e+03 3.812420763666017447e+05 3.152393319482485822e+03 3.812420763666016865e+05 3.736149760000002384e+07
9.649902259166887736e-03 1.167033552343494041e+00 1.143685966684150372e+02 1.167033552343497149e+00 -1.260178578878485041e+03 3.486162262991844909e+05 1.143685966684151936e+02 3.486162262991848984e+05 -8.079122136333982944e+08 2.659846172953677090e-01 3.216747325042200600e+01 3.152393319482485367e+03 3.216747325042201311e+01 3.890248788964971482e+03 3.812420763666017447e+05 3.152393319482485822e+03 3.812420763666016865e+05 3.736149760000002384e+07
9.649902259166887736e-03 1.167033552343494041e+00 1.143685966684150372e+02 1.167033552343497149e+00 -1.260178578878485041e+03 3.486162262991844909e+05 1.143685966684151936e+02 3.486162262991848984e+05 -8.079122136333982944e+08 2.659846172953677090e-01 3.216747325042200600e+01 3.152393319482485367e+03 3.216747325042201311e+01 3.890248788964971482e+03 3.812420763666017447e+05 3.152393319482485822e+03 3.812420763666016865e+05 3.736149760000002384e+07
9.649902259166887736e-03 1.167033552343494041e+00 1.143685966684150372e+02 1.167033552343497149e+00 -1.260178578878485041e+03 3.486162262991844909e+05 1.143685966684151936e+02 3.486162262991848984e+05 -8.079122136333982944e+08 2.659846172953677090e-01 3.216747325042200600e+01 3.152393319482485367e+03 3.216747325042201311e+01 3.890248788964971482e+03 3.812420763666017447e+05 3.152393319482485822e+03 3.812420763666016865e+05 3.736149760000002384e+07
9.649902259166887736e-03 1.167033552343494041e+00 1.143685966684150372e+02 1.167033552343497149e+00 -1.260178578878485041e+03 3.486162262991844909e+05 1.143685966684151936e+02 3.486162262991848984e+05 -8.079122136333982944e+08 2.659846172953677090e-01 3.216747325042200600e+01 3.152393319482485367e+03 3.216747325042201311e+01 3.890248788964971482e+03 3.812420763666017447e+05 3.152393319482485822e+03 3.812420763666016865e+05 3.736149760000002384e+07
9.649902259166887736e-03 1.167033552343494041e+00 1.143685966684150372e+02 1.167033552343497149e+00 -1.260178578878485041e+03 3.486162262991844909e+05 1.143685966684151936e+02 3.486162262991848984e+05 -8.079122136333982944e+08 2.659846172953677090e-01 3.216747325042200600e+01 3.152393319482485367e+03 3.216747325042201311e+01 3.890248788964971482e+03 3.812420763666017447e+05 3.152393319482485822e+03 3.812420763666016865e+05 3.736149760000002384e+07
9.649902259166887736e-03 1.167033552343494041e+00 1.143685966684150372e+02 1.167033552343497149e+00 -1.260178578878485041e+03 3.486162262991844909e+05 1.143685966684151936e+02 3.486162262991848984e+05 -8.079122136333982944e+08 2.659846172953677090e-01 3.216747325042200600e+01 3.152393319482485367e+03 3.216747325042201311e+01 3.890248788964971482e+03 3.812420763666017447e+05 3.152393319482485822e+03 3.812420763666016865e+05 3.736149760000002384e+07
9.649902259166887736e-03 1.167033552343494041e+00 1.143685966684150372e+02 1.167033552343497149e+00 -1.260178578878485041e+03 3.486162262991844909e+05 1.143685966684151936e+02 3.486162262991848984e+05 -8.079122136333982944e+08 2.659846172953677090e-01 3.216747325042200600e+01 3.152393319482485367e+03 3.216747325042201311e+01 3.890248788964971482e+03 3.812420763666017447e+05 3.152393319482485822e+03 3.812420763666016865e+05 3.736149760000002384e+07
9.649902259166887736e-03 1.167033552343494041e+00 1.143685966684150372e+02 1.167033552343497149e+00 -1.260178578878485041e+03 3.486162262991844909e+05 1.143685966684151936e+02 3.486162262991848984e+05 -8.079122136333982944e+08 2.659846172953677090e-01 3.216747325042200600e+01 3.152393319482485367e+03 3.216747325042201311e+01 3.890248788964971482e+03 3.812420763666017447e+05 3.152393319482485822e+03 3.812420763666016865e+05 3.736149760000002384e+07
9.649902259166887736e-03 1.167033552343494041e+00 1.143685966684150372e+02 1.167033552343497149e+00 -1.260178578878485041e+03 3.486162262991844909e+05 1.143685966684151936e+02 3.486162262991848984e+05 -8.079122136333982944e+08 2.659846172953677090e-01 3.216747325042200600e+01 3.152393319482485367e+03 3.216747325042201311e+01 3.890248788964971482e+03 3.812420763666017447e+05 3.152393319482485822e+03 3.812420763666016865e+05 3.736149760000002384e+07
9.649902259166887736e-03 1.167033552343494041e+00 1.143685966684150372e+02 1.167033552343497149e+00 -1.260178578878485041e+03 3.486162262991844909e+05 1.143685966684151936e+02 3.486162262991848984e+05 -8.079122136333982944e+08 2.659846172953677090e-01 3.216747325042200600e+01 3.152393319482485367e+03 3.216747325042201311e+01 3.890248788964971482e+03 3.812420763666017447e+05 3.152393319482485822e+03 3.812420763666016865e+05 3.736149760000002384e+07
9.649902259166887736e-03 1.167033552343494041e+00 1.143685966684150372e+02 1.167033552343497149e+00 -1.260178578878485041e+03 3.486162262991844909e+05 1.143685966684151936e+02 3.486162262991848984e+05 -8.079122136333982944e+08 2.659846172953677090e-01 3.216747325042200600e+01 3.152393319482485367e+03 3.216747325042201311e+01 3.890248788964971482e+03 3.812420763666017447e+05 3.152393319482485822e+03 3.812420763666016865e+05 3.736149760000002384e+07
9.649902259166887736e-03 1.167033552343494041e+00 1.143685966684150372e+02 1.167033552343497149e+00 -1.260178578878485041e+03 3.486162262991844909e+05 1.143685966684151936e+02 3.486162262991848984e+05 -8.079122136333982944e+08 2.659846172953677090e-01 3.216747325042200600e+01 3.152393319482485367e+03 3.216747325042201311e+01 3.890248788964971482e+03 3.812420763666017447e+05 3.152393319482485822e+03 3.812420763666016865e+05 3.736149760000002384e+07
9.649902259166887736e-03 1.167033552343494041e+00 1.143685966684150372e+02 1.167033552343497149e+00 -1.260178578878485041e+03 3.486162262991844909e+05 1.143685966684151936e+02 3.486162262991848984e+05 -8.079122136333982944e+08 2.659846172953677090e-01 3.216747325042200600e+01 3.152393319482485367e+03 3.216747325042201311e+01 3.890248788964971482e+03 3.812420763666017447e+05 3.152393319482485822e+03 3.812420763666016865e+05 3.736149760000002384e+07
9.649902259166887736e-03 1.167033552343494041e+00 1.143685966684150372e+02 1.167033552343497149e+00 -1.260178578878485041e+03 3.486162262991844909e+05 1.143685966684151936e+02 3.486162262991848984e+05 -8.079122136333982944e+08 2.659846172953677090e-01 3.216747325042200600e+01 3.152393319482485367e+03 3.216747325042201311e+01 3.890248788964971482e+03 3.812420763666017447e+05 3.152393319482485822e+03 3.812420763666016865e+05 3.736149760000002384e+07
9.649902259166887736e-03 1.167033552343494041e+00 1.143685966684150372e+02 1.167033552343497149e+00 -1.260178578878485041e+03 3.486162262991844909e+05 1.143685966684151936e+02 3.486162262991848984e+05 -8.079122136333982944e+08 2.659846172953677090e-01 3.216747325042200600e+01 3.152393319482485367e+03 3.216747325042201311e+01 3.890248788964971482e+03 3.812420763666017447e+05 3.152393319482485822e+03 3.812420763666016865e+05 3.736149760000002384e+07
9.649902259166887736e-03 1.167033552343494041e+00 1.143685966684150372e+02 1.167033552343497149e+00 -1.260178578878485041e+03 3.486162262991844909e+05 1.143685966684151936e+02 3.486162262991848984e+05 -8.079122136333982944e+08 2.659846172953677090e-01 3.216747325042200600e+01 3.152393319482485367e+03 3.216747325042201311e+01 3.890248788964971482e+03 3.812420763666017447e+05 3.152393319482485822e+03 3.812420763666016865e+05 3.736149760000002384e+07
9.649902259166887736e-03 1.167033552343494041e+00 1.143685966684150372e+02 1.167033552343497149e+00 -1.260178578878485041e+03 3.486162262991844909e+05 1.143685966684151936e+02 3.486162262991848984e+05 -8.079122136333982944e+08 2.659846172953677090e-01 3.216747325042200600e+01 3.152393319482485367e+03 3.216747325042201311e+01 3.890248788964971482e+03 3.812420763666017447e+05 3.152393319482485822e+03 3.812420763666016865e+05 3.736149760000002384e+07
9.649902259166887736e-03 1.167033552343494041e+00 1.143685966684150372e+02 1.167033552343497149e+00 -1.260178578878485041e+03 3.486162262991844909e+05 1.143685966684151936e+02 3.486162262991848984e+05 -8.079122136333982944e+08 2.659846172953677090e-01 3.216747325042200600e+01 3.152393319482485367e+03 3.216747325042201311e+01 3.890248788964971482e+03 3.812420763666017447e+05 3.152393319482485822e+03 3.812420763666016865e+05 3.736149760000002384e+07
9.649902259166887736e-03 1.167033552343494041e+00 1.143685966684150372e+02 1.167033552343497149e+00 -1.260178578878485041e+03 3.486162262991844909e+05 1.143685966684151936e+02 3.486162262991848984e+05 -8.079122136333982944e+08 2.659846172953677090e-01 3.216747325042200600e+01 3.152393319482485367e+03 3.216747325042201311e+01 3.890248788964971482e+03 3.812420763666017447e+05 3.152393319482485822e+03 3.812420763666016865e+05 3.736149760000002384e+07
9.649902259166887736e-03 1.167033552343494041e+00 1.143685966684150372e+02 1.167033552343497149e+00 -1.260178578878485041e+03 3.486162262991844909e+05 1.143685966684151936e+02 3.486162262991848984e+05 -8.079122136333982944e+08 2.659846172953677090e-01 3.216747325042200600e+01 3.152393319482485367e+03 3.216747325042201311e+01 3.890248788964971482e+03 3.812420763666017447e+05 3.152393319482485822e+03 3.812420763666016865e+05 3.736149760000002384e+07
9.649902259166887736e-03 1.167033552343494041e+00 1.143685966684150372e+02 1.167033552343497149e+00 -1.260178578878485041e+03 3.486162262991844909e+05 1.143685966684151936e+02 3.486162262991848984e+05 -8.079122136333982944e+08 2.659846172953677090e-01 3.216747325042200600e+01 3.152393319482485367e+03 3.216747325042201311e+01 3.890248788964971482e+03 3.812420763666017447e+05 3.152393319482485822e+03 3.812420763666016865e+05 3.736149760000002384e+07
9.649902259166887736e-03 1.167033552343494041e+00 1.143685966684150372e+02 1.167033552343497149e+00 -1.260178578878485041e+03 3.486162262991844909e+05 1.143685966684151936e+02 3.486162262991848984e+05 -8.079122136333982944e+08 2.659846172953677090e-01 3.216747325042200600e+01 3.152393319482485367e+03 3.216747325042201311e+01 3.890248788964971482e+03 3.812420763666017447e+05 3.152393319482485822e+03 3.812420763666016865e+05 3.736149760000002384e+07
9.649902259166887736e-03 1.167033552343494041e+00 1.143685966684150372e+02 1.167033552343497149e+00 -1.260178578878485041e+03 3.486162262991844909e+05 1.143685966684151936e+02 3.486162262991848984e+05 -8.079122136333982944e+08 2.659846172953677090e-01 3.216747325042200600e+01 3.152393319482485367e+03 3.216747325042201311e+01 3.890248788964971482e+03 3.812420763666017447e+05 3.152393319482485822e+03 3.812420763666016865e+05 3.736149760000002384e+07
9.649902259166887736e-03 1.167033552343494041e+00 1.143685966684150372e+02 1.167033552343497149e+00 -1.260178578878485041e+03 3.486162262991844909e+05 1.143685966684151936e+02 3.486162262991848984e+05 -8.079122136333982944e+08 2.659846172953677090e-01 3.216747325042200600e+01 3.152393319482485367e+03 3.216747325042201311e+01 3.890248788964971482e+03 3.812420763666017447e+05 3.152393319482485822e+03 3.812420763666016865e+05 3.736149760000002384e+07
9.649902259166887736e-03 1.167033552343494041e+00 1.143685966684150372e+02 1.167033552343497149e+00 -1.260178578878485041e+03 3.486162262991844909e+05 1.143685966684151936e+02 3.486162262991848984e+05 -8.079122136333982944e+08 2.659846172953677090e-01 3.216747325042200600e+01 3.152393319482485367e+03 3.216747325042201311e+01 3.890248788964971482e+03 3.812420763666017447e+05 3.152393319482485822e+03 3.812420763666016865e+05 3.736149760000002384e+07
9.649902259166887736e-03 1.167033552343494041e+00 1.143685966684150372e+02 1.167033552343497149e+00 -1.260178578878485041e+03 3.486162262991844909e+05 1.143685966684151936e+02 3.486162262991848984e+05 -8.079122136333982944e+08 2.659846172953677090e-01 3.216747325042200600e+01 3.152393319482485367e+03 3.216747325042201311e+01 3.890248788964971482e+03 3.812420763666017447e+05 3.152393319482485822e+03 3.812420763666016865e+05 3.736149760000002384e+07
9.649902259166887736e-03 1.167033552343494041e+00 1.143685966684150372e+02 1.167033552343497149e+00 -1.260178578878485041e+03 3.486162262991844909e+05 1.143685966684151936e+02 3.486162262991848984e+05 -8.079122136333982944e+08 2.659846172953677090e-01 3.216747325042200600e+01 3.152393319482485367e+03 3.216747325042201311e+01 3.890248788964971482e+03 3.812420763666017447e+05 3.152393319482485822e+03 3.812420763666016865e+05 3.736149760000002384e+07
9.649902259166887736e-03 1.167033552343494041e+00 1.143685966684150372e+02 1.167033552343497149e+00 -1.260178578878485041e+03 3.486162262991844909e+05 1.143685966684151936e+02 3.486162262991848984e+05 -8.079122136333982944e+08 2.659846172953677090e-01 3.216747325042200600e+01 3.152393319482485367e+03 3.216747325042201311e+01 3.890248788964971482e+03 3.812420763666017447e+05 3.152393319482485822e+03 3.812420763666016865e+05 3.736149760000002384e+07
9.649902259166887736e-03 1.167033552343494041e+00 1.143685966684150372e+02 1.167033552343497149e+00 -1.260178578878485041e+03 3.486162262991844909e+05 1.143685966684151936e+02 3.486162262991848984e+05 -8.079122136333982944e+08 2.659846172953677090e-01 3.216747325042200600e+01 3.152393319482485367e+03 3.216747325042201311e+01 3.890248788964971482e+03 3.812420763666017447e+05 3.152393319482485822e+03 3.812420763666016865e+05 3.736149760000002384e+07
9.649902259166887736e-03 1.167033552343494041e+00 1.143685966684150372e+02 1.167033552343497149e+00 -1.260178578878485041e+03 3.486162262991844909e+05 1.143685966684151936e+02 3.486162262991848984e+05 -8.079122136333982944e+08 2.659846172953677090e-01 3.216747325042200600e+01 3.152393319482485367e+03 3.216747325042201311e+01 3.890248788964971482e+03 3.812420763666017447e+05 3.152393319482485822e+03 3.812420763666016865e+05 3.736149760000002384e+07
9.649902259166887736e-03 1.167033552343494041e+00 1.143685966684150372e+02 1.167033552343497149e+00 -1.260178578878485041e+03 3.486162262991844909e+05 1.143685966684151936e+02 3.486162262991848984e+05 -8.079122136333982944e+08 2.659846172953677090e-01 3.216747325042200600e+01 3.152393319482485367e+03 3.216747325042201311e+01 3.890248788964971482e+03 3.812420763666017447e+05 3.152393319482485822e+03 3.812420763666016865e+05 3.736149760000002384e+07
9.649902259166887736e-03 1.167033552343494041e+00 1.143685966684150372e+02 1.167033552343497149e+00 -1.260178578878485041e+03 3.486162262991844909e+05 1.143685966684151936e+02 3.486162262991848984e+05 -8.079122136333982944e+08 2.659846172953677090e-01 3.216747325042200600e+01 3.152393319482485367e+03 3.216747325042201311e+01 3.890248788964971482e+03 3.812420763666017447e+05 3.152393319482485822e+03 3.812420763666016865e+05 3.736149760000002384e+07
9.649902259166887736e-03 1.167033552343494041e+00 1.143685966684150372e+02 1.167033552343497149e+00 -1.260178578878485041e+03 3.486162262991844909e+05 1.143685966684151936e+02 3.486162262991848984e+05 -8.079122136333982944e+08 2.659846172953677090e-01 3.216747325042200600e+01 3.152393319482485367e+03 3.216747325042201311e+01 3.890248788964971482e+03 3.812420763666017447e+05 3.152393319482485822e+03 3.812420763666016865e+05 3.736149760000002384e+07
9.649902259166887736e-03 1.167033552343494041e+00 1.143685966684150372e+02 1.167033552343497149e+00 -1.260178578878485041e+03 3.486162262991844909e+05 1.143685966684151936e+02 3.486162262991848984e+05 -8.079122136333982944e+08 2.659846172953677090e-01 3.216747325042200600e+01 3.152393319482485367e+03 3.216747325042201311e+01 3.890248788964971482e+03 3.812420763666017447e+05 3.152393319482485822e+03 3.812420763666016865e+05 3.736149760000002384e+07
9.649902259166887736e-03 1.167033552343494041e+00 1.143685966684150372e+02 1.167033552343497149e+00 -1.260178578878485041e+03 3.486162262991844909e+05 1.143685966684151936e+02 3.486162262991848984e+05 -8.079122136333982944e+08 2.659846172953677090e-01 3.216747325042200600e+01 3.152393319482485367e+03 3.216747325042201311e+01 3.890248788964971482e+03 3.812420763666017447e+05 3.152393319482485822e+03 3.812420763666016865e+05 3.736149760000002384e+07
9.649902259166887736e-03 1.167033552343494041e+00 1.143685966684150372e+02 1.167033552343497149e+00 -1.260178578878485041e+03 3.486162262991844909e+05 1.143685966684151936e+02 3.486162262991848984e+05 -8.079122136333982944e+08 2.659846172953677090e-01 3.216747325042200600e+01 3.152393319482485367e+03 3.216747325042201311e+01 3.890248788964971482e+03 3.812420763666017447e+05 3.152393319482485822e+03 3.812420763666016865e+05 3.736149760000002384e+07
9.649902259166887736e-03 1.167033552343494041e+00 1.143685966684150372e+02 1.167033552343497149e+00 -1.260178578878485041e+03 3.486162262991844909e+05 1.143685966684151936e+02 3.486162262991848984e+05 -8.079122136333982944e+08 2.659846172953677090e-01 3.216747325042200600e+01 3.152393319482485367e+03 3.216747325042201311e+01 3.890248788964971482e+03 3.812420763666017447e+05 3.152393319482485822e+03 3.812420763666016865e+05 3.736149760000002384e+07
9.649902259166887736e-03 1.167033552343494041e+00 1.143685966684150372e+02 1.167033552343497149e+00 -1.260178578878485041e+03 3.486162262991844909e+05 1.143685966684151936e+02 3.486162262991848984e+05 -8.079122136333982944e+08 2.659846172953677090e-01 3.216747325042200600e+01 3.152393319482485367e+03 3.216747325042201311e+01 3.890248788964971482e+03 3.812420763666017447e+05 3.152393319482485822e+03 3.812420763666016865e+05 3.736149760000002384e+07
9.649902259166887736e-03 1.167033552343494041e+00 1.143685966684150372e+02 1.167033552343497149e+00 -1.260178578878485041e+03 3.486162262991844909e+05 1.143685966684151936e+02 3.486162262991848984e+05 -8.079122136333982944e+08 2.659846172953677090e-01 3.216747325042200600e+01 3.152393319482485367e+03 3.216747325042201311e+01 3.890248788964971482e+03 3.812420763666017447e+05 3.152393319482485822e+03 3.812420763666016865e+05 3.736149760000002384e+07
9.649902259166887736e-03 1.167033552343494041e+00 1.143685966684150372e+02 1.167033552343497149e+00 -1.260178578878485041e+03 3.486162262991844909e+05 1.143685966684151936e+02 3.486162262991848984e+05 -8.079122136333982944e+08 2.659846172953677090e-01 3.216747325042200600e+01 3.152393319482485367e+03 3.216747325042201311e+01 3.890248788964971482e+03 3.812420763666017447e+05 3.152393319482485822e+03 3.812420763666016865e+05 3.736149760000002384e+07
9.649902259166887736e-03 1.167033552343494041e+00 1.143685966684150372e+02 1.167033552343497149e+00 -1.260178578878485041e+03 3.486162262991844909e+05 1.143685966684151936e+02 3.486162262991848984e+05 -8.079122136333982944e+08 2.659846172953677090e-01 3.216747325042200600e+01 3.152393319482485367e+03 3.216747325042201311e+01 3.890248788964971482e+03 3.812420763666017447e+05 3.152393319482485822e+03 3.812420763666016865e+05 3.736149760000002384e+07
9.649902259166887736e-03 1.167033552343494041e+00 1.143685966684150372e+02 1.167033552343497149e+00 -1.260178578878485041e+03 3.486162262991844909e+05 1.143685966684151936e+02 3.486162262991848984e+05 -8.079122136333982944e+08 2.659846172953677090e-01 3.216747325042200600e+01 3.152393319482485367e+03 3.216747325042201311e+01 3.890248788964971482e+03 3.812420763666017447e+05 3.152393319482485822e+03 3.812420763666016865e+05 3.736149760000002384e+07
9.649902259166887736e-03 1.167033552343494041e+00 1.143685966684150372e+02 1.167033552343497149e+00 -1.260178578878485041e+03 3.486162262991844909e+05 1.143685966684151936e+02 3.486162262991848984e+05 -8.079122136333982944e+08 2.659846172953677090e-01 3.216747325042200600e+01 3.152393319482485367e+03 3.216747325042201311e+01 3.890248788964971482e+03 3.812420763666017447e+05 3.152393319482485822e+03 3.812420763666016865e+05 3.736149760000002384e+07
9.649902259166887736e-03 1.167033552343494041e+00 1.143685966684150372e+02 1.167033552343497149e+00 -1.260178578878485041e+03 3.486162262991844909e+05 1.143685966684151936e+02 3.486162262991848984e+05 -8.079122136333982944e+08 2.659846172953677090e-01 3.216747325042200600e+01 3.152393319482485367e+03 3.216747325042201311e+01 3.890248788964971482e+03 3.812420763666017447e+05 3.152393319482485822e+03 3.812420763666016865e+05 3.736149760000002384e+07
9.649902259166887736e-03 1.167033552343494041e+00 1.143685966684150372e+02 1.167033552343497149e+00 -1.260178578878485041e+03 3.486162262991844909e+05 1.143685966684151936e+02 3.486162262991848984e+05 -8.079122136333982944e+08 2.659846172953677090e-01 3.216747325042200600e+01 3.152393319482485367e+03 3.216747325042201311e+01 3.890248788964971482e+03 3.812420763666017447e+05 3.152393319482485822e+03 3.812420763666016865e+05 3.736149760000002384e+07
9.649902259166887736e-03 1.167033552343494041e+00 1.143685966684150372e+02 1.167033552343497149e+00 -1.260178578878485041e+03 3.486162262991844909e+05 1.143685966684151936e+02 3.486162262991848984e+05 -8.079122136333982944e+08 2.659846172953677090e-01 3.216747325042200600e+01 3.152393319482485367e+03 3.216747325042201311e+01 3.890248788964971482e+03 3.812420763666017447e+05 3.152393319482485822e+03 3.812420763666016865e+05 3.736149760000002384e+07
9.649902259166887736e-03 1.167033552343494041e+00 1.143685966684150372e+02 1.167033552343497149e+00 -1.260178578878485041e+03 3.486162262991844909e+05 1.143685966684151936e+02 3.486162262991848984e+05 -8.079122136333982944e+08 2.659846172953677090e-01 3.216747325042200600e+01 3.152393319482485367e+03 3.216747325042201311e+01 3.890248788964971482e+03 3.812420763666017447e+05 3.152393319482485822e+03 3.812420763666016865e+05 3.736149760000002384e+07
9.649902259166887736e-03 1.167033552343494041e+00 1.143685966684150372e+02 1.167033552343497149e+00 -1.260178578878485041e+03 3.486162262991844909e+05 1.143685966684151936e+02 3.486162262991848984e+05 -8.079122136333982944e+08 2.659846172953677090e-01 3.216747325042200600e+01 3.152393319482485367e+03 3.216747325042201311e+01 3.890248788964971482e+03 3.812420763666017447e+05 3.152393319482485822e+03 3.812420763666016865e+05 3.736149760000002384e+07
9.649902259166887736e-03 1.167033552343494041e+00 1.143685966684150372e+02 1.167033552343497149e+00 -1.260178578878485041e+03 3.486162262991844909e+05 1.143685966684151936e+02 3.486162262991848984e+05 -8.079122136333982944e+08 2.659846172953677090e-01 3.216747325042200600e+01 3.152393319482485367e+03 3.216747325042201311e+01 3.890248788964971482e+03 3.812420763666017447e+05 3.152393319482485822e+03 3.812420763666016865e+05 3.736149760000002384e+07
9.649902259166887736e-03 1.167033552343494041e+00 1.143685966684150372e+02 1.167033552343497149e+00 -1.260178578878485041e+03 3.486162262991844909e+05 1.143685966684151936e+02 3.486162262991848984e+05 -8.079122136333982944e+08 2.659846172953677090e-01 3.216747325042200600e+01 3.152393319482485367e+03 3.216747325042201311e+01 3.890248788964971482e+03 3.812420763666017447e+05 3.152393319482485822e+03 3.812420763666016865e+05 3.736149760000002384e+07
9.649902259166887736e-03 1.167033552343494041e+00 1.143685966684150372e+02 1.167033552343497149e+00 -1.260178578878485041e+03 3.486162262991844909e+05 1.143685966684151936e+02 3.486162262991848984e+05 -8.079122136333982944e+08 2.659846172953677090e-01 3.216747325042200600e+01 3.152393319482485367e+03 3.216747325042201311e+01 3.890248788964971482e+03 3.812420763666017447e+05 3.152393319482485822e+03 3.812420763666016865e+05 3.736149760000002384e+07
9.649902259166887736e-03 1.167033552343494041e+00 1.143685966684150372e+02 1.167033552343497149e+00 -1.260178578878485041e+03 3.486162262991844909e+05 1.143685966684151936e+02 3.486162262991848984e+05 -8.079122136333982944e+08 2.659846172953677090e-01 3.216747325042200600e+01 3.152393319482485367e+03 3.216747325042201311e+01 3.890248788964971482e+03 3.812420763666017447e+05 3.152393319482485822e+03 3.812420763666016865e+05 3.736149760000002384e+07
9.649902259166887736e-03 1.167033552343494041e+00 1.143685966684150372e+02 1.167033552343497149e+00 -1.260178578878485041e+03 3.486162262991844909e+05 1.143685966684151936e+02 3.486162262991848984e+05 -8.079122136333982944e+08 2.659846172953677090e-01 3.216747325042200600e+01 3.152393319482485367e+03 3.216747325042201311e+01 3.890248788964971482e+03 3.812420763666017447e+05 3.152393319482485822e+03 3.812420763666016865e+05 3.736149760000002384e+07
9.649902259166887736e-03 1.167033552343494041e+00 1.143685966684150372e+02 1.167033552343497149e+00 -1.260178578878485041e+03 3.486162262991844909e+05 1.143685966684151936e+02 3.486162262991848984e+05 -8.079122136333982944e+08 2.659846172953677090e-01 3.216747325042200600e+01 3.152393319482485367e+03 3.216747325042201311e+01 3.890248788964971482e+03 3.812420763666017447e+05 3.152393319482485822e+03 3.812420763666016865e+05 3.736149760000002384e+07
9.649902259166887736e-03 1.167033552343494041e+00 1.143685966684150372e+02 1.167033552343497149e+00 -1.260178578878485041e+03 3.486162262991844909e+05 1.143685966684151936e+02 3.486162262991848984e+05 -8.079122136333982944e+08 2.659846172953677090e-01 3.216747325042200600e+01 3.152393319482485367e+03 3.216747325042201311e+01 3.890248788964971482e+03 3.812420763666017447e+05 3.152393319482485822e+03 3.812420763666016865e+05 3.736149760000002384e+07
9.649902259166887736e-03 1.167033552343494041e+00 1.143685966684150372e+02 1.167033552343497149e+00 -1.260178578878485041e+03 3.486162262991844909e+05 1.143685966684151936e+02 3.486162262991848984e+05 -8.079122136333982944e+08 2.659846172953677090e-01 3.216747325042200600e+01 3.152393319482485367e+03 3.216747325042201311e+01 3.890248788964971482e+03 3.812420763666017447e+05 3.152393319482485822e+03 3.812420763666016865e+05 3.736149760000002384e+07
9.649902259166887736e-03 1.167033552343494041e+00 1.143685966684150372e+02 1.167033552343497149e+00 -1.260178578878485041e+03 3.486162262991844909e+05 1.143685966684151936e+02 3.486162262991848984e+05 -8.079122136333982944e+08 2.659846172953677090e-01 3.216747325042200600e+01 3.152393319482485367e+03 3.216747325042201311e+01 3.890248788964971482e+03 3.812420763666017447e+05 3.152393319482485822e+03 3.812420763666016865e+05 3.736149760000002384e+07
9.649902259166887736e-03 1.167033552343494041e+00 1.143685966684150372e+02 1.167033552343497149e+00 -1.260178578878485041e+03 3.486162262991844909e+05 1.143685966684151936e+02 3.486162262991848984e+05 -8.079122136333982944e+08 2.659846172953677090e-01 3.216747325042200600e+01 3.152393319482485367e+03 3.216747325042201311e+01 3.890248788964971482e+03 3.812420763666017447e+05 3.152393319482485822e+03 3.812420763666016865e+05 3.736149760000002384e+07
9.649902259166887736e-03 1.167033552343494041e+00 1.143685966684150372e+02 1.167033552343497149e+00 -1.260178578878485041e+03 3.486162262991844909e+05 1.143685966684151936e+02 3.486162262991848984e+05 -8.079122136333982944e+08 2.659846172953677090e-01 3.216747325042200600e+01 3.152393319482485367e+03 3.216747325042201311e+01 3.890248788964971482e+03 3.812420763666017447e+05 3.152393319482485822e+03 3.812420763666016865e+05 3.736149760000002384e+07
9.649902259166887736e-03 1.167033552343494041e+00 1.143685966684150372e+02 1.167033552343497149e+00 -1.260178578878485041e+03 3.486162262991844909e+05 1.143685966684151936e+02 3.486162262991848984e+05 -8.079122136333982944e+08 2.659846172953677090e-01 3.216747325042200600e+01 3.152393319482485367e+03 3.216747325042201311e+01 3.890248788964971482e+03 3.812420763666017447e+05 3.152393319482485822e+03 3.812420763666016865e+05 3.736149760000002384e+07
9.649902259166887736e-03 1.167033552343494041e+00 1.143685966684150372e+02 1.167033552343497149e+00 -1.260178578878485041e+03 3.486162262991844909e+05 1.143685966684151936e+02 3.486162262991848984e+05 -8.079122136333982944e+08 2.659846172953677090e-01 3.216747325042200600e+01 3.152393319482485367e+03 3.216747325042201311e+01 3.890248788964971482e+03 3.812420763666017447e+05 3.152393319482485822e+03 3.812420763666016865e+05 3.736149760000002384e+07
9.649902259166887736e-03 1.167033552343494041e+00 1.143685966684150372e+02 1.167033552343497149e+00 -1.260178578878485041e+03 3.486162262991844909e+05 1.143685966684151936e+02 3.486162262991848984e+05 -8.079122136333982944e+08 2.659846172953677090e-01 3.216747325042200600e+01 3.152393319482485367e+03 3.216747325042201311e+01 3.890248788964971482e+03 3.812420763666017447e+05 3.152393319482485822e+03 3.812420763666016865e+05 3.736149760000002384e+07
9.649902259166887736e-03 1.167033552343494041e+00 1.143685966684150372e+02 1.167033552343497149e+00 -1.260178578878485041e+03 3.486162262991844909e+05 1.143685966684151936e+02 3.486162262991848984e+05 -8.079122136333982944e+08 2.659846172953677090e-01 3.216747325042200600e+01 3.152393319482485367e+03 3.216747325042201311e+01 3.890248788964971482e+03 3.812420763666017447e+05 3.152393319482485822e+03 3.812420763666016865e+05 3.736149760000002384e+07
9.649902259166887736e-03 1.167033552343494041e+00 1.143685966684150372e+02 1.167033552343497149e+00 -1.260178578878485041e+03 3.486162262991844909e+05 1.143685966684151936e+02 3.486162262991848984e+05 -8.079122136333982944e+08 2.659846172953677090e-01 3.216747325042200600e+01 3.152393319482485367e+03 3.216747325042201311e+01 3.890248788964971482e+03 3.812420763666017447e+05 3.152393319482485822e+03 3.812420763666016865e+05 3.736149760000002384e+07
9.649902259166887736e-03 1.167033552343494041e+00 1.143685966684150372e+02 1.167033552343497149e+00 -1.260178578878485041e+03 3.486162262991844909e+05 1.143685966684151936e+02 3.486162262991848984e+05 -8.079122136333982944e+08 2.659846172953677090e-01 3.216747325042200600e+01 3.152393319482485367e+03 3.216747325042201311e+01 3.890248788964971482e+03 3.812420763666017447e+05 3.152393319482485822e+03 3.812420763666016865e+05 3.736149760000002384e+07
9.649902259166887736e-03 1.167033552343494041e+00 1.143685966684150372e+02 1.167033552343497149e+00 -1.260178578878485041e+03 3.486162262991844909e+05 1.143685966684151936e+02 3.486162262991848984e+05 -8.079122136333982944e+08 2.659846172953677090e-01 3.216747325042200600e+01 3.152393319482485367e+03 3.216747325042201311e+01 3.890248788964971482e+03 3.812420763666017447e+05 3.152393319482485822e+03 3.812420763666016865e+05 3.736149760000002384e+07
9.649902259166887736e-03 1.167033552343494041e+00 1.143685966684150372e+02 1.167033552343497149e+00 -1.260178578878485041e+03 3.486162262991844909e+05 1.143685966684151936e+02 3.486162262991848984e+05 -8.079122136333982944e+08 2.659846172953677090e-01 3.216747325042200600e+01 3.152393319482485367e+03 3.216747325042201311e+01 3.890248788964971482e+03 3.812420763666017447e+05 3.152393319482485822e+03 3.812420763666016865e+05 3.736149760000002384e+07
9.649902259166887736e-03 1.167033552343494041e+00 1.143685966684150372e+02 1.167033552343497149e+00 -1.260178578878485041e+03 3.486162262991844909e+05 1.143685966684151936e+02 3.486162262991848984e+05 -8.079122136333982944e+08 2.659846172953677090e-01 3.216747325042200600e+01 3.152393319482485367e+03 3.216747325042201311e+01 3.890248788964971482e+03 3.812420763666017447e+05 3.152393319482485822e+03 3.812420763666016865e+05 3.736149760000002384e+07
9.649902259166887736e-03 1.167033552343494041e+00 1.143685966684150372e+02 1.167033552343497149e+00 -1.260178578878485041e+03 3.486162262991844909e+05 1.143685966684151936e+02 3.486162262991848984e+05 -8.079122136333982944e+08 2.659846172953677090e-01 3.216747325042200600e+01 3.152393319482485367e+03 3.216747325042201311e+01 3.890248788964971482e+03 3.812420763666017447e+05 3.152393319482485822e+03 3.812420763666016865e+05 3.736149760000002384e+07
9.649902259166887736e-03 1.167033552343494041e+00 1.143685966684150372e+02 1.167033552343497149e+00 -1.260178578878485041e+03 3.486162262991844909e+05 1.143685966684151936e+02 3.486162262991848984e+05 -8.079122136333982944e+08 2.659846172953677090e-01 3.216747325042200600e+01 3.152393319482485367e+03 3.216747325042201311e+01 3.890248788964971482e+03 3.812420763666017447e+05 3.152393319482485822e+03 3.812420763666016865e+05 3.736149760000002384e+07
9.649902259166887736e-03 1.167033552343494041e+00 1.143685966684150372e+02 1.167033552343497149e+00 -1.260178578878485041e+03 3.486162262991844909e+05 1.143685966684151936e+02 3.486162262991848984e+05 -8.079122136333982944e+08 2.659846172953677090e-01 3.216747325042200600e+01 3.152393319482485367e+03 3.216747325042201311e+01 3.890248788964971482e+03 3.812420763666017447e+05 3.152393319482485822e+03 3.812420763666016865e+05 3.736149760000002384e+07
9.649902259166887736e-03 1.167033552343494041e+00 1.143685966684150372e+02 1.167033552343497149e+00 -1.260178578878485041e+03 3.486162262991844909e+05 1.143685966684151936e+02 3.486162262991848984e+05 -8.079122136333982944e+08 2.659846172953677090e-01 3.216747325042200600e+01 3.152393319482485367e+03 3.216747325042201311e+01 3.890248788964971482e+03 3.812420763666017447e+05 3.152393319482485822e+03 3.812420763666016865e+05 3.736149760000002384e+07
9.649902259166887736e-03 1.167033552343494041e+00 1.143685966684150372e+02 1.167033552343497149e+00 -1.260178578878485041e+03 3.486162262991844909e+05 1.143685966684151936e+02 3.486162262991848984e+05 -8.079122136333982944e+08 2.659846172953677090e-01 3.216747325042200600e+01 3.152393319482485367e+03 3.216747325042201311e+01 3.890248788964971482e+03 3.812420763666017447e+05 3.152393319482485822e+03 3.812420763666016865e+05 3.736149760000002384e+07
9.649902259166887736e-03 1.167033552343494041e+00 1.143685966684150372e+02 1.167033552343497149e+00 -1.260178578878485041e+03 3.486162262991844909e+05 1.143685966684151936e+02 3.486162262991848984e+05 -8.079122136333982944e+08 2.659846172953677090e-01 3.216747325042200600e+01 3.152393319482485367e+03 3.216747325042201311e+01 3.890248788964971482e+03 3.812420763666017447e+05 3.152393319482485822e+03 3.812420763666016865e+05 3.736149760000002384e+07
9.649902259166887736e-03 1.167033552343494041e+00 1.143685966684150372e+02 1.167033552343497149e+00 -1.260178578878485041e+03 3.486162262991844909e+05 1.143685966684151936e+02 3.486162262991848984e+05 -8.079122136333982944e+08 2.659846172953677090e-01 3.216747325042200600e+01 3.152393319482485367e+03 3.216747325042201311e+01 3.890248788964971482e+03 3.812420763666017447e+05 3.152393319482485822e+03 3.812420763666016865e+05 3.736149760000002384e+07
9.649902259166887736e-03 1.167033552343494041e+00 1.143685966684150372e+02 1.167033552343497149e+00 -1.260178578878485041e+03 3.486162262991844909e+05 1.143685966684151936e+02 3.486162262991848984e+05 -8.079122136333982944e+08 2.659846172953677090e-01 3.216747325042200600e+01 3.152393319482485367e+03 3.216747325042201311e+01 3.890248788964971482e+03 3.812420763666017447e+05 3.152393319482485822e+03 3.812420763666016865e+05 3.736149760000002384e+07
9.649902259166887736e-03 1.167033552343494041e+00 1.143685966684150372e+02 1.167033552343497149e+00 -1.260178578878485041e+03 3.486162262991844909e+05 1.143685966684151936e+02 3.486162262991848984e+05 -8.079122136333982944e+08 2.659846172953677090e-01 3.216747325042200600e+01 3.152393319482485367e+03 3.216747325042201311e+01 3.890248788964971482e+03 3.812420763666017447e+05 3.152393319482485822e+03 3.812420763666016865e+05 3.736149760000002384e+07
9.649902259166887736e-03 1.167033552343494041e+00 1.143685966684150372e+02 1.167033552343497149e+00 -1.260178578878485041e+03 3.486162262991844909e+05 1.143685966684151936e+02 3.486162262991848984e+05 -8.079122136333982944e+08 2.659846172953677090e-01 3.216747325042200600e+01 3.152393319482485367e+03 3.216747325042201311e+01 3.890248788964971482e+03 3.812420763666017447e+05 3.152393319482485822e+03 3.812420763666016865e+05 3.736149760000002384e+07
9.649902259166887736e-03 1.167033552343494041e+00 1.143685966684150372e+02 1.167033552343497149e+00 -1.260178578878485041e+03 3.486162262991844909e+05 1.143685966684151936e+02 3.486162262991848984e+05 -8.079122136333982944e+08 2.659846172953677090e-01 3.216747325042200600e+01 3.152393319482485367e+03 3.216747325042201311e+01 3.890248788964971482e+03 3.812420763666017447e+05 3.152393319482485822e+03 3.812420763666016865e+05 3.736149760000002384e+07
9.649902259166887736e-03 1.167033552343494041e+00 1.143685966684150372e+02 1.167033552343497149e+00 -1.260178578878485041e+03 3.486162262991844909e+05 1.143685966684151936e+02 3.486162262991848984e+05 -8.079122136333982944e+08 2.659846172953677090e-01 3.216747325042200600e+01 3.152393319482485367e+03 3.216747325042201311e+01 3.890248788964971482e+03 3.812420763666017447e+05 3.152393319482485822e+03 3.812420763666016865e+05 3.736149760000002384e+07
9.649902259166887736e-03 1.167033552343494041e+00 1.143685966684150372e+02 1.167033552343497149e+00 -1.260178578878485041e+03 3.486162262991844909e+05 1.143685966684151936e+02 3.486162262991848984e+05 -8.079122136333982944e+08 2.659846172953677090e-01 3.216747325042200600e+01 3.152393319482485367e+03 3.216747325042201311e+01 3.890248788964971482e+03 3.812420763666017447e+05 3.152393319482485822e+03 3.812420763666016865e+05 3.736149760000002384e+07
9.649902259166887736e-03 1.167033552343494041e+00 1.143685966684150372e+02 1.167033552343497149e+00 -1.260178578878485041e+03 3.486162262991844909e+05 1.143685966684151936e+02 3.486162262991848984e+05 -8.079122136333982944e+08 2.659846172953677090e-01 3.216747325042200600e+01 3.152393319482485367e+03 3.216747325042201311e+01 3.890248788964971482e+03 3.812420763666017447e+05 3.152393319482485822e+03 3.812420763666016865e+05 3.736149760000002384e+07
9.649902259166887736e-03 1.167033552343494041e+00 1.143685966684150372e+02 1.167033552343497149e+00 -1.260178578878485041e+03 3.486162262991844909e+05 1.143685966684151936e+02 3.486162262991848984e+05 -8.079122136333982944e+08 2.659846172953677090e-01 3.216747325042200600e+01 3.152393319482485367e+03 3.216747325042201311e+01 3.890248788964971482e+03 3.812420763666017447e+05 3.152393319482485822e+03 3.812420763666016865e+05 3.736149760000002384e+07
9.649902259166887736e-03 1.167033552343494041e+00 1.143685966684150372e+02 1.167033552343497149e+00 -1.260178578878485041e+03 3.486162262991844909e+05 1.143685966684151936e+02 3.486162262991848984e+05 -8.079122136333982944e+08 2.659846172953677090e-01 3.216747325042200600e+01 3.152393319482485367e+03 3.216747325042201311e+01 3.890248788964971482e+03 3.812420763666017447e+05 3.152393319482485822e+03 3.812420763666016865e+05 3.736149760000002384e+07
9.649902259166887736e-03 1.167033552343494041e+00 1.143685966684150372e+02 1.167033552343497149e+00 -1.260178578878485041e+03 3.486162262991844909e+05 1.143685966684151936e+02 3.486162262991848984e+05 -8.079122136333982944e+08 2.659846172953677090e-01 3.216747325042200600e+01 3.152393319482485367e+03 3.216747325042201311e+01 3.890248788964971482e+03 3.812420763666017447e+05 3.152393319482485822e+03 3.812420763666016865e+05 3.736149760000002384e+07
9.649902259166887736e-03 1.167033552343494041e+00 1.143685966684150372e+02 1.167033552343497149e+00 -1.260178578878485041e+03 3.486162262991844909e+05 1.143685966684151936e+02 3.486162262991848984e+05 -8.079122136333982944e+08 2.659846172953677090e-01 3.216747325042200600e+01 3.152393319482485367e+03 3.216747325042201311e+01 3.890248788964971482e+03 3.812420763666017447e+05 3.152393319482485822e+03 3.812420763666016865e+05 3.736149760000002384e+07
9.649902259166887736e-03 1.167033552343494041e+00 1.143685966684150372e+02 1.167033552343497149e+00 -1.260178578878485041e+03 3.486162262991844909e+05 1.143685966684151936e+02 3.486162262991848984e+05 -8.079122136333982944e+08 2.659846172953677090e-01 3.216747325042200600e+01 3.152393319482485367e+03 3.216747325042201311e+01 3.890248788964971482e+03 3.812420763666017447e+05 3.152393319482485822e+03 3.812420763666016865e+05 3.736149760000002384e+07
9.649902259166887736e-03 1.167033552343494041e+00 1.143685966684150372e+02 1.167033552343497149e+00 -1.260178578878485041e+03 3.486162262991844909e+05 1.143685966684151936e+02 3.486162262991848984e+05 -8.079122136333982944e+08 2.659846172953677090e-01 3.216747325042200600e+01 3.152393319482485367e+03 3.216747325042201311e+01 3.890248788964971482e+03 3.812420763666017447e+05 3.152393319482485822e+03 3.812420763666016865e+05 3.736149760000002384e+07
9.649902259166887736e-03 1.167033552343494041e+00 1.143685966684150372e+02 1.167033552343497149e+00 -1.260178578878485041e+03 3.486162262991844909e+05 1.143685966684151936e+02 3.486162262991848984e+05 -8.079122136333982944e+08 2.659846172953677090e-01 3.216747325042200600e+01 3.152393319482485367e+03 3.216747325042201311e+01 3.890248788964971482e+03 3.812420763666017447e+05 3.152393319482485822e+03 3.812420763666016865e+05 3.736149760000002384e+07
9.649902259166887736e-03 1.167033552343494041e+00 1.143685966684150372e+02 1.167033552343497149e+00 -1.260178578878485041e+03 3.486162262991844909e+05 1.143685966684151936e+02 3.486162262991848984e+05 -8.079122136333982944e+08 2.659846172953677090e-01 3.216747325042200600e+01 3.152393319482485367e+03 3.216747325042201311e+01 3.890248788964971482e+03 3.812420763666017447e+05 3.152393319482485822e+03 3.812420763666016865e+05 3.736149760000002384e+07
9.649902259166887736e-03 1.167033552343494041e+00 1.143685966684150372e+02 1.167033552343497149e+00 -1.260178578878485041e+03 3.486162262991844909e+05 1.143685966684151936e+02 3.486162262991848984e+05 -8.079122136333982944e+08 2.659846172953677090e-01 3.216747325042200600e+01 3.152393319482485367e+03 3.216747325042201311e+01 3.890248788964971482e+03 3.812420763666017447e+05 3.152393319482485822e+03 3.812420763666016865e+05 3.736149760000002384e+07
9.649902259166887736e-03 1.167033552343494041e+00 1.143685966684150372e+02 1.167033552343497149e+00 -1.260178578878485041e+03 3.486162262991844909e+05 1.143685966684151936e+02 3.486162262991848984e+05 -8.079122136333982944e+08 2.659846172953677090e-01 3.216747325042200600e+01 3.152393319482485367e+03 3.216747325042201311e+01 3.890248788964971482e+03 3.812420763666017447e+05 3.152393319482485822e+03 3.812420763666016865e+05 3.736149760000002384e+07
9.649902259166887736e-03 1.167033552343494041e+00 1.143685966684150372e+02 1.167033552343497149e+00 -1.260178578878485041e+03 3.486162262991844909e+05 1.143685966684151936e+02 3.486162262991848984e+05 -8.079122136333982944e+08 2.659846172953677090e-01 3.216747325042200600e+01 3.152393319482485367e+03 3.216747325042201311e+01 3.890248788964971482e+03 3.812420763666017447e+05 3.152393319482485822e+03 3.812420763666016865e+05 3.736149760000002384e+07
9.649902259166887736e-03 1.167033552343494041e+00 1.143685966684150372e+02 1.167033552343497149e+00 -1.260178578878485041e+03 3.486162262991844909e+05 1.143685966684151936e+02 3.486162262991848984e+05 -8.079122136333982944e+08 2.659846172953677090e-01 3.216747325042200600e+01 3.152393319482485367e+03 3.216747325042201311e+01 3.890248788964971482e+03 3.812420763666017447e+05 3.152393319482485822e+03 3.812420763666016865e+05 3.736149760000002384e+07
9.649902259166887736e-03 1.167033552343494041e+00 1.143685966684150372e+02 1.167033552343497149e+00 -1.260178578878485041e+03 3.486162262991844909e+05 1.143685966684151936e+02 3.486162262991848984e+05 -8.079122136333982944e+08 2.659846172953677090e-01 3.216747325042200600e+01 3.152393319482485367e+03 3.216747325042201311e+01 3.890248788964971482e+03 3.812420763666017447e+05 3.152393319482485822e+03 3.812420763666016865e+05 3.736149760000002384e+07
9.649902259166887736e-03 1.167033552343494041e+00 1.143685966684150372e+02 1.167033552343497149e+00 -1.260178578878485041e+03 3.486162262991844909e+05 1.143685966684151936e+02 3.486162262991848984e+05 -8.079122136333982944e+08 2.659846172953677090e-01 3.216747325042200600e+01 3.152393319482485367e+03 3.216747325042201311e+01 3.890248788964971482e+03 3.812420763666017447e+05 3.152393319482485822e+03 3.812420763666016865e+05 3.736149760000002384e+07
9.649902259166887736e-03 1.167033552343494041e+00 1.143685966684150372e+02 1.167033552343497149e+00 -1.260178578878485041e+03 3.486162262991844909e+05 1.143685966684151936e+02 3.486162262991848984e+05 -8.079122136333982944e+08 2.659846172953677090e-01 3.216747325042200600e+01 3.152393319482485367e+03 3.216747325042201311e+01 3.890248788964971482e+03 3.812420763666017447e+05 3.152393319482485822e+03 3.812420763666016865e+05 3.736149760000002384e+07
9.649902259166887736e-03 1.167033552343494041e+00 1.143685966684150372e+02 1.167033552343497149e+00 -1.260178578878485041e+03 3.486162262991844909e+05 1.143685966684151936e+02 3.486162262991848984e+05 -8.079122136333982944e+08 2.659846172953677090e-01 3.216747325042200600e+01 3.152393319482485367e+03 3.216747325042201311e+01 3.890248788964971482e+03 3.812420763666017447e+05 3.152393319482485822e+03 3.812420763666016865e+05 3.736149760000002384e+07
9.649902259166887736e-03 1.167033552343494041e+00 1.143685966684150372e+02 1.167033552343497149e+00 -1.260178578878485041e+03 3.486162262991844909e+05 1.143685966684151936e+02 3.486162262991848984e+05 -8.079122136333982944e+08 2.659846172953677090e-01 3.216747325042200600e+01 3.152393319482485367e+03 3.216747325042201311e+01 3.890248788964971482e+03 3.812420763666017447e+05 3.152393319482485822e+03 3.812420763666016865e+05 3.736149760000002384e+07
9.649902259166887736e-03 1.167033552343494041e+00 1.143685966684150372e+02 1.167033552343497149e+00 -1.260178578878485041e+03 3.486162262991844909e+05 1.143685966684151936e+02 3.486162262991848984e+05 -8.079122136333982944e+08 2.659846172953677090e-01 3.216747325042200600e+01 3.152393319482485367e+03 3.216747325042201311e+01 3.890248788964971482e+03 3.812420763666017447e+05 3.152393319482485822e+03 3.812420763666016865e+05 3.736149760000002384e+07
9.649902259166887736e-03 1.167033552343494041e+00 1.143685966684150372e+02 1.167033552343497149e+00 -1.260178578878485041e+03 3.486162262991844909e+05 1.143685966684151936e+02 3.486162262991848984e+05 -8.079122136333982944e+08 2.659846172953677090e-01 3.216747325042200600e+01 3.152393319482485367e+03 3.216747325042201311e+01 3.890248788964971482e+03 3.812420763666017447e+05 3.152393319482485822e+03 3.812420763666016865e+05 3.736149760000002384e+07
9.649902259166887736e-03 1.167033552343494041e+00 1.143685966684150372e+02 1.167033552343497149e+00 -1.260178578878485041e+03 3.486162262991844909e+05 1.143685966684151936e+02 3.486162262991848984e+05 -8.079122136333982944e+08 2.659846172953677090e-01 3.216747325042200600e+01 3.152393319482485367e+03 3.216747325042201311e+01 3.890248788964971482e+03 3.812420763666017447e+05 3.152393319482485822e+03 3.812420763666016865e+05 3.736149760000002384e+07
9.649902259166887736e-03 1.167033552343494041e+00 1.143685966684150372e+02 1.167033552343497149e+00 -1.260178578878485041e+03 3.486162262991844909e+05 1.143685966684151936e+02 3.486162262991848984e+05 -8.079122136333982944e+08 2.659846172953677090e-01 3.216747325042200600e+01 3.152393319482485367e+03 3.216747325042201311e+01 3.890248788964971482e+03 3.812420763666017447e+05 3.152393319482485822e+03 3.812420763666016865e+05 3.736149760000002384e+07
9.649902259166887736e-03 1.167033552343494041e+00 1.143685966684150372e+02 1.167033552343497149e+00 -1.260178578878485041e+03 3.486162262991844909e+05 1.143685966684151936e+02 3.486162262991848984e+05 -8.079122136333982944e+08 2.659846172953677090e-01 3.216747325042200600e+01 3.152393319482485367e+03 3.216747325042201311e+01 3.890248788964971482e+03 3.812420763666017447e+05 3.152393319482485822e+03 3.812420763666016865e+05 3.736149760000002384e+07
9.649902259166887736e-03 1.167033552343494041e+00 1.143685966684150372e+02 1.167033552343497149e+00 -1.260178578878485041e+03 3.486162262991844909e+05 1.143685966684151936e+02 3.486162262991848984e+05 -8.079122136333982944e+08 2.659846172953677090e-01 3.216747325042200600e+01 3.152393319482485367e+03 3.216747325042201311e+01 3.890248788964971482e+03 3.812420763666017447e+05 3.152393319482485822e+03 3.812420763666016865e+05 3.736149760000002384e+07
9.649902259166887736e-03 1.167033552343494041e+00 1.143685966684150372e+02 1.167033552343497149e+00 -1.260178578878485041e+03 3.486162262991844909e+05 1.143685966684151936e+02 3.486162262991848984e+05 -8.079122136333982944e+08 2.659846172953677090e-01 3.216747325042200600e+01 3.152393319482485367e+03 3.216747325042201311e+01 3.890248788964971482e+03 3.812420763666017447e+05 3.152393319482485822e+03 3.812420763666016865e+05 3.736149760000002384e+07
9.649902259166887736e-03 1.167033552343494041e+00 1.143685966684150372e+02 1.167033552343497149e+00 -1.260178578878485041e+03 3.486162262991844909e+05 1.143685966684151936e+02 3.486162262991848984e+05 -8.079122136333982944e+08 2.659846172953677090e-01 3.216747325042200600e+01 3.152393319482485367e+03 3.216747325042201311e+01 3.890248788964971482e+03 3.812420763666017447e+05 3.152393319482485822e+03 3.812420763666016865e+05 3.736149760000002384e+07
9.649902259166887736e-03 1.167033552343494041e+00 1.143685966684150372e+02 1.167033552343497149e+00 -1.260178578878485041e+03 3.486162262991844909e+05 1.143685966684151936e+02 3.486162262991848984e+05 -8.079122136333982944e+08 2.659846172953677090e-01 3.216747325042200600e+01 3.152393319482485367e+03 3.216747325042201311e+01 3.890248788964971482e+03 3.812420763666017447e+05 3.152393319482485822e+03 3.812420763666016865e+05 3.736149760000002384e+07
9.649902259166887736e-03 1.167033552343494041e+00 1.143685966684150372e+02 1.167033552343497149e+00 -1.260178578878485041e+03 3.486162262991844909e+05 1.143685966684151936e+02 3.486162262991848984e+05 -8.079122136333982944e+08 2.659846172953677090e-01 3.216747325042200600e+01 3.152393319482485367e+03 3.216747325042201311e+01 3.890248788964971482e+03 3.812420763666017447e+05 3.152393319482485822e+03 3.812420763666016865e+05 3.736149760000002384e+07
9.649902259166887736e-03 1.167033552343494041e+00 1.143685966684150372e+02 1.167033552343497149e+00 -1.260178578878485041e+03 3.486162262991844909e+05 1.143685966684151936e+02 3.486162262991848984e+05 -8.079122136333982944e+08 2.659846172953677090e-01 3.216747325042200600e+01 3.152393319482485367e+03 3.216747325042201311e+01 3.890248788964971482e+03 3.812420763666017447e+05 3.152393319482485822e+03 3.812420763666016865e+05 3.736149760000002384e+07
9.649902259166887736e-03 1.167033552343494041e+00 1.143685966684150372e+02 1.167033552343497149e+00 -1.260178578878485041e+03 3.486162262991844909e+05 1.143685966684151936e+02 3.486162262991848984e+05 -8.079122136333982944e+08 2.659846172953677090e-01 3.216747325042200600e+01 3.152393319482485367e+03 3.216747325042201311e+01 3.890248788964971482e+03 3.812420763666017447e+05 3.152393319482485822e+03 3.812420763666016865e+05 3.736149760000002384e+07
9.649902259166887736e-03 1.167033552343494041e+00 1.143685966684150372e+02 1.167033552343497149e+00 -1.260178578878485041e+03 3.486162262991844909e+05 1.143685966684151936e+02 3.486162262991848984e+05 -8.079122136333982944e+08 2.659846172953677090e-01 3.216747325042200600e+01 3.152393319482485367e+03 3.216747325042201311e+01 3.890248788964971482e+03 3.812420763666017447e+05 3.152393319482485822e+03 3.812420763666016865e+05 3.736149760000002384e+07
9.649902259166887736e-03 1.167033552343494041e+00 1.143685966684150372e+02 1.167033552343497149e+00 -1.260178578878485041e+03 3.486162262991844909e+05 1.143685966684151936e+02 3.486162262991848984e+05 -8.079122136333982944e+08 2.659846172953677090e-01 3.216747325042200600e+01 3.152393319482485367e+03 3.216747325042201311e+01 3.890248788964971482e+03 3.812420763666017447e+05 3.152393319482485822e+03 3.812420763666016865e+05 3.736149760000002384e+07
9.649902259166887736e-03 1.167033552343494041e+00 1.143685966684150372e+02 1.167033552343497149e+00 -1.260178578878485041e+03 3.486162262991844909e+05 1.143685966684151936e+02 3.486162262991848984e+05 -8.079122136333982944e+08 2.659846172953677090e-01 3.216747325042200600e+01 3.152393319482485367e+03 3.216747325042201311e+01 3.890248788964971482e+03 3.812420763666017447e+05 3.152393319482485822e+03 3.812420763666016865e+05 3.736149760000002384e+07
9.649902259166887736e-03 1.167033552343494041e+00 1.143685966684150372e+02 1.167033552343497149e+00 -1.260178578878485041e+03 3.486162262991844909e+05 1.143685966684151936e+02 3.486162262991848984e+05 -8.079122136333982944e+08 2.659846172953677090e-01 3.216747325042200600e+01 3.152393319482485367e+03 3.216747325042201311e+01 3.890248788964971482e+03 3.812420763666017447e+05 3.152393319482485822e+03 3.812420763666016865e+05 3.736149760000002384e+07
9.649902259166887736e-03 1.167033552343494041e+00 1.143685966684150372e+02 1.167033552343497149e+00 -1.260178578878485041e+03 3.486162262991844909e+05 1.143685966684151936e+02 3.486162262991848984e+05 -8.079122136333982944e+08 2.659846172953677090e-01 3.216747325042200600e+01 3.152393319482485367e+03 3.216747325042201311e+01 3.890248788964971482e+03 3.812420763666017447e+05 3.152393319482485822e+03 3.812420763666016865e+05 3.736149760000002384e+07
9.649902259166887736e-03 1.167033552343494041e+00 1.143685966684150372e+02 1.167033552343497149e+00 -1.260178578878485041e+03 3.486162262991844909e+05 1.143685966684151936e+02 3.486162262991848984e+05 -8.079122136333982944e+08 2.659846172953677090e-01 3.216747325042200600e+01 3.152393319482485367e+03 3.216747325042201311e+01 3.890248788964971482e+03 3.812420763666017447e+05 3.152393319482485822e+03 3.812420763666016865e+05 3.736149760000002384e+07
9.649902259166887736e-03 1.167033552343494041e+00 1.143685966684150372e+02 1.167033552343497149e+00 -1.260178578878485041e+03 3.486162262991844909e+05 1.143685966684151936e+02 3.486162262991848984e+05 -8.079122136333982944e+08 2.659846172953677090e-01 3.216747325042200600e+01 3.152393319482485367e+03 3.216747325042201311e+01 3.890248788964971482e+03 3.812420763666017447e+05 3.152393319482485822e+03 3.812420763666016865e+05 3.736149760000002384e+07
9.649902259166887736e-03 1.167033552343494041e+00 1.143685966684150372e+02 1.167033552343497149e+00 -1.260178578878485041e+03 3.486162262991844909e+05 1.143685966684151936e+02 3.486162262991848984e+05 -8.079122136333982944e+08 2.659846172953677090e-01 3.216747325042200600e+01 3.152393319482485367e+03 3.216747325042201311e+01 3.890248788964971482e+03 3.812420763666017447e+05 3.152393319482485822e+03 3.812420763666016865e+05 3.736149760000002384e+07
9.649902259166887736e-03 1.167033552343494041e+00 1.143685966684150372e+02 1.167033552343497149e+00 -1.260178578878485041e+03 3.486162262991844909e+05 1.143685966684151936e+02 3.486162262991848984e+05 -8.079122136333982944e+08 2.659846172953677090e-01 3.216747325042200600e+01 3.152393319482485367e+03 3.216747325042201311e+01 3.890248788964971482e+03 3.812420763666017447e+05 3.152393319482485822e+03 3.812420763666016865e+05 3.736149760000002384e+07
9.649902259166887736e-03 1.167033552343494041e+00 1.143685966684150372e+02 1.167033552343497149e+00 -1.260178578878485041e+03 3.486162262991844909e+05 1.143685966684151936e+02 3.486162262991848984e+05 -8.079122136333982944e+08 2.659846172953677090e-01 3.216747325042200600e+01 3.152393319482485367e+03 3.216747325042201311e+01 3.890248788964971482e+03 3.812420763666017447e+05 3.152393319482485822e+03 3.812420763666016865e+05 3.736149760000002384e+07
9.649902259166887736e-03 1.167033552343494041e+00 1.143685966684150372e+02 1.167033552343497149e+00 -1.260178578878485041e+03 3.486162262991844909e+05 1.143685966684151936e+02 3.486162262991848984e+05 -8.079122136333982944e+08 2.659846172953677090e-01 3.216747325042200600e+01 3.152393319482485367e+03 3.216747325042201311e+01 3.890248788964971482e+03 3.812420763666017447e+05 3.152393319482485822e+03 3.812420763666016865e+05 3.736149760000002384e+07
9.649902259166887736e-03 1.167033552343494041e+00 1.143685966684150372e+02 1.167033552343497149e+00 -1.260178578878485041e+03 3.486162262991844909e+05 1.143685966684151936e+02 3.486162262991848984e+05 -8.079122136333982944e+08 2.659846172953677090e-01 3.216747325042200600e+01 3.152393319482485367e+03 3.216747325042201311e+01 3.890248788964971482e+03 3.812420763666017447e+05 3.152393319482485822e+03 3.812420763666016865e+05 3.736149760000002384e+07
9.649902259166887736e-03 1.167033552343494041e+00 1.143685966684150372e+02 1.167033552343497149e+00 -1.260178578878485041e+03 3.486162262991844909e+05 1.143685966684151936e+02 3.486162262991848984e+05 -8.079122136333982944e+08 2.659846172953677090e-01 3.216747325042200600e+01 3.152393319482485367e+03 3.216747325042201311e+01 3.890248788964971482e+03 3.812420763666017447e+05 3.152393319482485822e+03 3.812420763666016865e+05 3.736149760000002384e+07
9.649902259166887736e-03 1.167033552343494041e+00 1.143685966684150372e+02 1.167033552343497149e+00 -1.260178578878485041e+03 3.486162262991844909e+05 1.143685966684151936e+02 3.486162262991848984e+05 -8.079122136333982944e+08 2.659846172953677090e-01 3.216747325042200600e+01 3.152393319482485367e+03 3.216747325042201311e+01 3.890248788964971482e+03 3.812420763666017447e+05 3.152393319482485822e+03 3.812420763666016865e+05 3.736149760000002384e+07
9.649902259166887736e-03 1.167033552343494041e+00 1.143685966684150372e+02 1.167033552343497149e+00 -1.260178578878485041e+03 3.486162262991844909e+05 1.143685966684151936e+02 3.486162262991848984e+05 -8.079122136333982944e+08 2.659846172953677090e-01 3.216747325042200600e+01 3.152393319482485367e+03 3.216747325042201311e+01 3.890248788964971482e+03 3.812420763666017447e+05 3.152393319482485822e+03 3.812420763666016865e+05 3.736149760000002384e+07
9.649902259166887736e-03 1.167033552343494041e+00 1.143685966684150372e+02 1.167033552343497149e+00 -1.260178578878485041e+03 3.486162262991844909e+05 1.143685966684151936e+02 3.486162262991848984e+05 -8.079122136333982944e+08 2.659846172953677090e-01 3.216747325042200600e+01 3.152393319482485367e+03 3.216747325042201311e+01 3.890248788964971482e+03 3.812420763666017447e+05 3.152393319482485822e+03 3.812420763666016865e+05 3.736149760000002384e+07
9.649902259166887736e-03 1.167033552343494041e+00 1.143685966684150372e+02 1.167033552343497149e+00 -1.260178578878485041e+03 3.486162262991844909e+05 1.143685966684151936e+02 3.486162262991848984e+05 -8.079122136333982944e+08 2.659846172953677090e-01 3.216747325042200600e+01 3.152393319482485367e+03 3.216747325042201311e+01 3.890248788964971482e+03 3.812420763666017447e+05 3.152393319482485822e+03 3.812420763666016865e+05 3.736149760000002384e+07
9.649902259166887736e-03 1.167033552343494041e+00 1.143685966684150372e+02 1.167033552343497149e+00 -1.260178578878485041e+03 3.486162262991844909e+05 1.143685966684151936e+02 3.486162262991848984e+05 -8.079122136333982944e+08 2.659846172953677090e-01 3.216747325042200600e+01 3.152393319482485367e+03 3.216747325042201311e+01 3.890248788964971482e+03 3.812420763666017447e+05 3.152393319482485822e+03 3.812420763666016865e+05 3.736149760000002384e+07
9.649902259166887736e-03 1.167033552343494041e+00 1.143685966684150372e+02 1.167033552343497149e+00 -1.260178578878485041e+03 3.486162262991844909e+05 1.143685966684151936e+02 3.486162262991848984e+05 -8.079122136333982944e+08 2.659846172953677090e-01 3.216747325042200600e+01 3.152393319482485367e+03 3.216747325042201311e+01 3.890248788964971482e+03 3.812420763666017447e+05 3.152393319482485822e+03 3.812420763666016865e+05 3.736149760000002384e+07
9.649902259166887736e-03 1.167033552343494041e+00 1.143685966684150372e+02 1.167033552343497149e+00 -1.260178578878485041e+03 3.486162262991844909e+05 1.143685966684151936e+02 3.486162262991848984e+05 -8.079122136333982944e+08 2.659846172953677090e-01 3.216747325042200600e+01 3.152393319482485367e+03 3.216747325042201311e+01 3.890248788964971482e+03 3.812420763666017447e+05 3.152393319482485822e+03 3.812420763666016865e+05 3.736149760000002384e+07
9.649902259166887736e-03 1.167033552343494041e+00 1.143685966684150372e+02 1.167033552343497149e+00 -1.260178578878485041e+03 3.486162262991844909e+05 1.143685966684151936e+02 3.486162262991848984e+05 -8.079122136333982944e+08 2.659846172953677090e-01 3.216747325042200600e+01 3.152393319482485367e+03 3.216747325042201311e+01 3.890248788964971482e+03 3.812420763666017447e+05 3.152393319482485822e+03 3.812420763666016865e+05 3.736149760000002384e+07
9.649902259166887736e-03 1.167033552343494041e+00 1.143685966684150372e+02 1.167033552343497149e+00 -1.260178578878485041e+03 3.486162262991844909e+05 1.143685966684151936e+02 3.486162262991848984e+05 -8.079122136333982944e+08 2.659846172953677090e-01 3.216747325042200600e+01 3.152393319482485367e+03 3.216747325042201311e+01 3.890248788964971482e+03 3.812420763666017447e+05 3.152393319482485822e+03 3.812420763666016865e+05 3.736149760000002384e+07
9.649902259166887736e-03 1.167033552343494041e+00 1.143685966684150372e+02 1.167033552343497149e+00 -1.260178578878485041e+03 3.486162262991844909e+05 1.143685966684151936e+02 3.486162262991848984e+05 -8.079122136333982944e+08 2.659846172953677090e-01 3.216747325042200600e+01 3.152393319482485367e+03 3.216747325042201311e+01 3.890248788964971482e+03 3.812420763666017447e+05 3.152393319482485822e+03 3.812420763666016865e+05 3.736149760000002384e+07
9.649902259166887736e-03 1.167033552343494041e+00 1.143685966684150372e+02 1.167033552343497149e+00 -1.260178578878485041e+03 3.486162262991844909e+05 1.143685966684151936e+02 3.486162262991848984e+05 -8.079122136333982944e+08 2.659846172953677090e-01 3.216747325042200600e+01 3.152393319482485367e+03 3.216747325042201311e+01 3.890248788964971482e+03 3.812420763666017447e+05 3.152393319482485822e+03 3.812420763666016865e+05 3.736149760000002384e+07
9.649902259166887736e-03 1.167033552343494041e+00 1.143685966684150372e+02 1.167033552343497149e+00 -1.260178578878485041e+03 3.486162262991844909e+05 1.143685966684151936e+02 3.486162262991848984e+05 -8.079122136333982944e+08 2.659846172953677090e-01 3.216747325042200600e+01 3.152393319482485367e+03 3.216747325042201311e+01 3.890248788964971482e+03 3.812420763666017447e+05 3.152393319482485822e+03 3.812420763666016865e+05 3.736149760000002384e+07
9.649902259166887736e-03 1.167033552343494041e+00 1.143685966684150372e+02 1.167033552343497149e+00 -1.260178578878485041e+03 3.486162262991844909e+05 1.143685966684151936e+02 3.486162262991848984e+05 -8.079122136333982944e+08 2.659846172953677090e-01 3.216747325042200600e+01 3.152393319482485367e+03 3.216747325042201311e+01 3.890248788964971482e+03 3.812420763666017447e+05 3.152393319482485822e+03 3.812420763666016865e+05 3.736149760000002384e+07
9.649902259166887736e-03 1.167033552343494041e+00 1.143685966684150372e+02 1.167033552343497149e+00 -1.260178578878485041e+03 3.486162262991844909e+05 1.143685966684151936e+02 3.486162262991848984e+05 -8.079122136333982944e+08 2.659846172953677090e-01 3.216747325042200600e+01 3.152393319482485367e+03 3.216747325042201311e+01 3.890248788964971482e+03 3.812420763666017447e+05 3.152393319482485822e+03 3.812420763666016865e+05 3.736149760000002384e+07
9.649902259166887736e-03 1.167033552343494041e+00 1.143685966684150372e+02 1.167033552343497149e+00 -1.260178578878485041e+03 3.486162262991844909e+05 1.143685966684151936e+02 3.486162262991848984e+05 -8.079122136333982944e+08 2.659846172953677090e-01 3.216747325042200600e+01 3.152393319482485367e+03 3.216747325042201311e+01 3.890248788964971482e+03 3.812420763666017447e+05 3.152393319482485822e+03 3.812420763666016865e+05 3.736149760000002384e+07
9.649902259166887736e-03 1.167033552343494041e+00 1.143685966684150372e+02 1.167033552343497149e+00 -1.260178578878485041e+03 3.486162262991844909e+05 1.143685966684151936e+02 3.486162262991848984e+05 -8.079122136333982944e+08 2.659846172953677090e-01 3.216747325042200600e+01 3.152393319482485367e+03 3.216747325042201311e+01 3.890248788964971482e+03 3.812420763666017447e+05 3.152393319482485822e+03 3.812420763666016865e+05 3.736149760000002384e+07
9.649902259166887736e-03 1.167033552343494041e+00 1.143685966684150372e+02 1.167033552343497149e+00 -1.260178578878485041e+03 3.486162262991844909e+05 1.143685966684151936e+02 3.486162262991848984e+05 -8.079122136333982944e+08 2.659846172953677090e-01 3.216747325042200600e+01 3.152393319482485367e+03 3.216747325042201311e+01 3.890248788964971482e+03 3.812420763666017447e+05 3.152393319482485822e+03 3.812420763666016865e+05 3.736149760000002384e+07
9.649902259166887736e-03 1.167033552343494041e+00 1.143685966684150372e+02 1.167033552343497149e+00 -1.260178578878485041e+03 3.486162262991844909e+05 1.143685966684151936e+02 3.486162262991848984e+05 -8.079122136333982944e+08 2.659846172953677090e-01 3.216747325042200600e+01 3.152393319482485367e+03 3.216747325042201311e+01 3.890248788964971482e+03 3.812420763666017447e+05 3.152393319482485822e+03 3.812420763666016865e+05 3.736149760000002384e+07
9.649902259166887736e-03 1.167033552343494041e+00 1.143685966684150372e+02 1.167033552343497149e+00 -1.260178578878485041e+03 3.486162262991844909e+05 1.143685966684151936e+02 3.486162262991848984e+05 -8.079122136333982944e+08 2.659846172953677090e-01 3.216747325042200600e+01 3.152393319482485367e+03 3.216747325042201311e+01 3.890248788964971482e+03 3.812420763666017447e+05 3.152393319482485822e+03 3.812420763666016865e+05 3.736149760000002384e+07
9.649902259166887736e-03 1.167033552343494041e+00 1.143685966684150372e+02 1.167033552343497149e+00 -1.260178578878485041e+03 3.486162262991844909e+05 1.143685966684151936e+02 3.486162262991848984e+05 -8.079122136333982944e+08 2.659846172953677090e-01 3.216747325042200600e+01 3.152393319482485367e+03 3.216747325042201311e+01 3.890248788964971482e+03 3.812420763666017447e+05 3.152393319482485822e+03 3.812420763666016865e+05 3.736149760000002384e+07
9.649902259166887736e-03 1.167033552343494041e+00 1.143685966684150372e+02 1.167033552343497149e+00 -1.260178578878485041e+03 3.486162262991844909e+05 1.143685966684151936e+02 3.486162262991848984e+05 -8.079122136333982944e+08 2.659846172953677090e-01 3.216747325042200600e+01 3.152393319482485367e+03 3.216747325042201311e+01 3.890248788964971482e+03 3.812420763666017447e+05 3.152393319482485822e+03 3.812420763666016865e+05 3.736149760000002384e+07
9.649902259166887736e-03 1.167033552343494041e+00 1.143685966684150372e+02 1.167033552343497149e+00 -1.260178578878485041e+03 3.486162262991844909e+05 1.143685966684151936e+02 3.486162262991848984e+05 -8.079122136333982944e+08 2.659846172953677090e-01 3.216747325042200600e+01 3.152393319482485367e+03 3.216747325042201311e+01 3.890248788964971482e+03 3.812420763666017447e+05 3.152393319482485822e+03 3.812420763666016865e+05 3.736149760000002384e+07
9.649902259166887736e-03 1.167033552343494041e+00 1.143685966684150372e+02 1.167033552343497149e+00 -1.260178578878485041e+03 3.486162262991844909e+05 1.143685966684151936e+02 3.486162262991848984e+05 -8.079122136333982944e+08 2.659846172953677090e-01 3.216747325042200600e+01 3.152393319482485367e+03 3.216747325042201311e+01 3.890248788964971482e+03 3.812420763666017447e+05 3.152393319482485822e+03 3.812420763666016865e+05 3.736149760000002384e+07
9.649902259166887736e-03 1.167033552343494041e+00 1.143685966684150372e+02 1.167033552343497149e+00 -1.260178578878485041e+03 3.486162262991844909e+05 1.143685966684151936e+02 3.486162262991848984e+05 -8.079122136333982944e+08 2.659846172953677090e-01 3.216747325042200600e+01 3.152393319482485367e+03 3.216747325042201311e+01 3.890248788964971482e+03 3.812420763666017447e+05 3.152393319482485822e+03 3.812420763666016865e+05 3.736149760000002384e+07
9.649902259166887736e-03 1.167033552343494041e+00 1.143685966684150372e+02 1.167033552343497149e+00 -1.260178578878485041e+03 3.486162262991844909e+05 1.143685966684151936e+02 3.486162262991848984e+05 -8.079122136333982944e+08 2.659846172953677090e-01 3.216747325042200600e+01 3.152393319482485367e+03 3.216747325042201311e+01 3.890248788964971482e+03 3.812420763666017447e+05 3.152393319482485822e+03 3.812420763666016865e+05 3.736149760000002384e+07
9.649902259166887736e-03 1.167033552343494041e+00 1.143685966684150372e+02 1.167033552343497149e+00 -1.260178578878485041e+03 3.486162262991844909e+05 1.143685966684151936e+02 3.486162262991848984e+05 -8.079122136333982944e+08 2.659846172953677090e-01 3.216747325042200600e+01 3.152393319482485367e+03 3.216747325042201311e+01 3.890248788964971482e+03 3.812420763666017447e+05 3.152393319482485822e+03 3.812420763666016865e+05 3.736149760000002384e+07
9.649902259166887736e-03 1.167033552343494041e+00 1.143685966684150372e+02 1.167033552343497149e+00 -1.260178578878485041e+03 3.486162262991844909e+05 1.143685966684151936e+02 3.486162262991848984e+05 -8.079122136333982944e+08 2.659846172953677090e-01 3.216747325042200600e+01 3.152393319482485367e+03 3.216747325042201311e+01 3.890248788964971482e+03 3.812420763666017447e+05 3.152393319482485822e+03 3.812420763666016865e+05 3.736149760000002384e+07
9.649902259166887736e-03 1.167033552343494041e+00 1.143685966684150372e+02 1.167033552343497149e+00 -1.260178578878485041e+03 3.486162262991844909e+05 1.143685966684151936e+02 3.486162262991848984e+05 -8.079122136333982944e+08 2.659846172953677090e-01 3.216747325042200600e+01 3.152393319482485367e+03 3.216747325042201311e+01 3.890248788964971482e+03 3.812420763666017447e+05 3.152393319482485822e+03 3.812420763666016865e+05 3.736149760000002384e+07
9.649902259166887736e-03 1.167033552343494041e+00 1.143685966684150372e+02 1.167033552343497149e+00 -1.260178578878485041e+03 3.486162262991844909e+05 1.143685966684151936e+02 3.486162262991848984e+05 -8.079122136333982944e+08 2.659846172953677090e-01 3.216747325042200600e+01 3.152393319482485367e+03 3.216747325042201311e+01 3.890248788964971482e+03 3.812420763666017447e+05 3.152393319482485822e+03 3.812420763666016865e+05 3.736149760000002384e+07
9.649902259166887736e-03 1.167033552343494041e+00 1.143685966684150372e+02 1.167033552343497149e+00 -1.260178578878485041e+03 3.486162262991844909e+05 1.143685966684151936e+02 3.486162262991848984e+05 -8.079122136333982944e+08 2.659846172953677090e-01 3.216747325042200600e+01 3.152393319482485367e+03 3.216747325042201311e+01 3.890248788964971482e+03 3.812420763666017447e+05 3.152393319482485822e+03 3.812420763666016865e+05 3.736149760000002384e+07
9.649902259166887736e-03 1.167033552343494041e+00 1.143685966684150372e+02 1.167033552343497149e+00 -1.260178578878485041e+03 3.486162262991844909e+05 1.143685966684151936e+02 3.486162262991848984e+05 -8.079122136333982944e+08 2.659846172953677090e-01 3.216747325042200600e+01 3.152393319482485367e+03 3.216747325042201311e+01 3.890248788964971482e+03 3.812420763666017447e+05 3.152393319482485822e+03 3.812420763666016865e+05 3.736149760000002384e+07
9.649902259166887736e-03 1.167033552343494041e+00 1.143685966684150372e+02 1.167033552343497149e+00 -1.260178578878485041e+03 3.486162262991844909e+05 1.143685966684151936e+02 3.486162262991848984e+05 -8.079122136333982944e+08 2.659846172953677090e-01 3.216747325042200600e+01 3.152393319482485367e+03 3.216747325042201311e+01 3.890248788964971482e+03 3.812420763666017447e+05 3.152393319482485822e+03 3.812420763666016865e+05 3.736149760000002384e+07
9.649902259166887736e-03 1.167033552343494041e+00 1.143685966684150372e+02 1.167033552343497149e+00 -1.260178578878485041e+03 3.486162262991844909e+05 1.143685966684151936e+02 3.486162262991848984e+05 -8.079122136333982944e+08 2.659846172953677090e-01 3.216747325042200600e+01 3.152393319482485367e+03 3.216747325042201311e+01 3.890248788964971482e+03 3.812420763666017447e+05 3.152393319482485822e+03 3.812420763666016865e+05 3.736149760000002384e+07
9.649902259166887736e-03 1.167033552343494041e+00 1.143685966684150372e+02 1.167033552343497149e+00 -1.260178578878485041e+03 3.486162262991844909e+05 1.143685966684151936e+02 3.486162262991848984e+05 -8.079122136333982944e+08 2.659846172953677090e-01 3.216747325042200600e+01 3.152393319482485367e+03 3.216747325042201311e+01 3.890248788964971482e+03 3.812420763666017447e+05 3.152393319482485822e+03 3.812420763666016865e+05 3.736149760000002384e+07
9.649902259166887736e-03 1.167033552343494041e+00 1.143685966684150372e+02 1.167033552343497149e+00 -1.260178578878485041e+03 3.486162262991844909e+05 1.143685966684151936e+02 3.486162262991848984e+05 -8.079122136333982944e+08 2.659846172953677090e-01 3.216747325042200600e+01 3.152393319482485367e+03 3.216747325042201311e+01 3.890248788964971482e+03 3.812420763666017447e+05 3.152393319482485822e+03 3.812420763666016865e+05 3.736149760000002384e+07
9.649902259166887736e-03 1.167033552343494041e+00 1.143685966684150372e+02 1.167033552343497149e+00 -1.260178578878485041e+03 3.486162262991844909e+05 1.143685966684151936e+02 3.486162262991848984e+05 -8.079122136333982944e+08 2.659846172953677090e-01 3.216747325042200600e+01 3.152393319482485367e+03 3.216747325042201311e+01 3.890248788964971482e+03 3.812420763666017447e+05 3.152393319482485822e+03 3.812420763666016865e+05 3.736149760000002384e+07
9.649902259166887736e-03 1.167033552343494041e+00 1.143685966684150372e+02 1.167033552343497149e+00 -1.260178578878485041e+03 3.486162262991844909e+05 1.143685966684151936e+02 3.486162262991848984e+05 -8.079122136333982944e+08 2.659846172953677090e-01 3.216747325042200600e+01 3.152393319482485367e+03 3.216747325042201311e+01 3.890248788964971482e+03 3.812420763666017447e+05 3.152393319482485822e+03 3.812420763666016865e+05 3.736149760000002384e+07
9.649902259166887736e-03 1.167033552343494041e+00 1.143685966684150372e+02 1.167033552343497149e+00 -1.260178578878485041e+03 3.486162262991844909e+05 1.143685966684151936e+02 3.486162262991848984e+05 -8.079122136333982944e+08 2.659846172953677090e-01 3.216747325042200600e+01 3.152393319482485367e+03 3.216747325042201311e+01 3.890248788964971482e+03 3.812420763666017447e+05 3.152393319482485822e+03 3.812420763666016865e+05 3.736149760000002384e+07
9.649902259166887736e-03 1.167033552343494041e+00 1.143685966684150372e+02 1.167033552343497149e+00 -1.260178578878485041e+03 3.486162262991844909e+05 1.143685966684151936e+02 3.486162262991848984e+05 -8.079122136333982944e+08 2.659846172953677090e-01 3.216747325042200600e+01 3.152393319482485367e+03 3.216747325042201311e+01 3.890248788964971482e+03 3.812420763666017447e+05 3.152393319482485822e+03 3.812420763666016865e+05 3.736149760000002384e+07
9.649902259166887736e-03 1.167033552343494041e+00 1.143685966684150372e+02 1.167033552343497149e+00 -1.260178578878485041e+03 3.486162262991844909e+05 1.143685966684151936e+02 3.486162262991848984e+05 -8.079122136333982944e+08 2.659846172953677090e-01 3.216747325042200600e+01 3.152393319482485367e+03 3.216747325042201311e+01 3.890248788964971482e+03 3.812420763666017447e+05 3.152393319482485822e+03 3.812420763666016865e+05 3.736149760000002384e+07
9.649902259166887736e-03 1.167033552343494041e+00 1.143685966684150372e+02 1.167033552343497149e+00 -1.260178578878485041e+03 3.486162262991844909e+05 1.143685966684151936e+02 3.486162262991848984e+05 -8.079122136333982944e+08 2.659846172953677090e-01 3.216747325042200600e+01 3.152393319482485367e+03 3.216747325042201311e+01 3.890248788964971482e+03 3.812420763666017447e+05 3.152393319482485822e+03 3.812420763666016865e+05 3.736149760000002384e+07
9.649902259166887736e-03 1.167033552343494041e+00 1.143685966684150372e+02 1.167033552343497149e+00 -1.260178578878485041e+03 3.486162262991844909e+05 1.143685966684151936e+02 3.486162262991848984e+05 -8.079122136333982944e+08 2.659846172953677090e-01 3.216747325042200600e+01 3.152393319482485367e+03 3.216747325042201311e+01 3.890248788964971482e+03 3.812420763666017447e+05 3.152393319482485822e+03 3.812420763666016865e+05 3.736149760000002384e+07
9.649902259166887736e-03 1.167033552343494041e+00 1.143685966684150372e+02 1.167033552343497149e+00 -1.260178578878485041e+03 3.486162262991844909e+05 1.143685966684151936e+02 3.486162262991848984e+05 -8.079122136333982944e+08 2.659846172953677090e-01 3.216747325042200600e+01 3.152393319482485367e+03 3.216747325042201311e+01 3.890248788964971482e+03 3.812420763666017447e+05 3.152393319482485822e+03 3.812420763666016865e+05 3.736149760000002384e+07
9.649902259166887736e-03 1.167033552343494041e+00 1.143685966684150372e+02 1.167033552343497149e+00 -1.260178578878485041e+03 3.486162262991844909e+05 1.143685966684151936e+02 3.486162262991848984e+05 -8.079122136333982944e+08 2.659846172953677090e-01 3.216747325042200600e+01 3.152393319482485367e+03 3.216747325042201311e+01 3.890248788964971482e+03 3.812420763666017447e+05 3.152393319482485822e+03 3.812420763666016865e+05 3.736149760000002384e+07
9.649902259166887736e-03 1.167033552343494041e+00 1.143685966684150372e+02 1.167033552343497149e+00 -1.260178578878485041e+03 3.486162262991844909e+05 1.143685966684151936e+02 3.486162262991848984e+05 -8.079122136333982944e+08 2.659846172953677090e-01 3.216747325042200600e+01 3.152393319482485367e+03 3.216747325042201311e+01 3.890248788964971482e+03 3.812420763666017447e+05 3.152393319482485822e+03 3.812420763666016865e+05 3.736149760000002384e+07
9.649902259166887736e-03 1.167033552343494041e+00 1.143685966684150372e+02 1.167033552343497149e+00 -1.260178578878485041e+03 3.486162262991844909e+05 1.143685966684151936e+02 3.486162262991848984e+05 -8.079122136333982944e+08 2.659846172953677090e-01 3.216747325042200600e+01 3.152393319482485367e+03 3.216747325042201311e+01 3.890248788964971482e+03 3.812420763666017447e+05 3.152393319482485822e+03 3.812420763666016865e+05 3.736149760000002384e+07
9.649902259166887736e-03 1.167033552343494041e+00 1.143685966684150372e+02 1.167033552343497149e+00 -1.260178578878485041e+03 3.486162262991844909e+05 1.143685966684151936e+02 3.486162262991848984e+05 -8.079122136333982944e+08 2.659846172953677090e-01 3.216747325042200600e+01 3.152393319482485367e+03 3.216747325042201311e+01 3.890248788964971482e+03 3.812420763666017447e+05 3.152393319482485822e+03 3.812420763666016865e+05 3.736149760000002384e+07
9.649902259166887736e-03 1.167033552343494041e+00 1.143685966684150372e+02 1.167033552343497149e+00 -1.260178578878485041e+03 3.486162262991844909e+05 1.143685966684151936e+02 3.486162262991848984e+05 -8.079122136333982944e+08 2.659846172953677090e-01 3.216747325042200600e+01 3.152393319482485367e+03 3.216747325042201311e+01 3.890248788964971482e+03 3.812420763666017447e+05 3.152393319482485822e+03 3.812420763666016865e+05 3.736149760000002384e+07
9.649902259166887736e-03 1.167033552343494041e+00 1.143685966684150372e+02 1.167033552343497149e+00 -1.260178578878485041e+03 3.486162262991844909e+05 1.143685966684151936e+02 3.486162262991848984e+05 -8.079122136333982944e+08 2.659846172953677090e-01 3.216747325042200600e+01 3.152393319482485367e+03 3.216747325042201311e+01 3.890248788964971482e+03 3.812420763666017447e+05 3.152393319482485822e+03 3.812420763666016865e+05 3.736149760000002384e+07
9.649902259166887736e-03 1.167033552343494041e+00 1.143685966684150372e+02 1.167033552343497149e+00 -1.260178578878485041e+03 3.486162262991844909e+05 1.143685966684151936e+02 3.486162262991848984e+05 -8.079122136333982944e+08 2.659846172953677090e-01 3.216747325042200600e+01 3.152393319482485367e+03 3.216747325042201311e+01 3.890248788964971482e+03 3.812420763666017447e+05 3.152393319482485822e+03 3.812420763666016865e+05 3.736149760000002384e+07
9.649902259166887736e-03 1.167033552343494041e+00 1.143685966684150372e+02 1.167033552343497149e+00 -1.260178578878485041e+03 3.486162262991844909e+05 1.143685966684151936e+02 3.486162262991848984e+05 -8.079122136333982944e+08 2.659846172953677090e-01 3.216747325042200600e+01 3.152393319482485367e+03 3.216747325042201311e+01 3.890248788964971482e+03 3.812420763666017447e+05 3.152393319482485822e+03 3.812420763666016865e+05 3.736149760000002384e+07
9.649902259166887736e-03 1.167033552343494041e+00 1.143685966684150372e+02 1.167033552343497149e+00 -1.260178578878485041e+03 3.486162262991844909e+05 1.143685966684151936e+02 3.486162262991848984e+05 -8.079122136333982944e+08 2.659846172953677090e-01 3.216747325042200600e+01 3.152393319482485367e+03 3.216747325042201311e+01 3.890248788964971482e+03 3.812420763666017447e+05 3.152393319482485822e+03 3.812420763666016865e+05 3.736149760000002384e+07
9.649902259166887736e-03 1.167033552343494041e+00 1.143685966684150372e+02 1.167033552343497149e+00 -1.260178578878485041e+03 3.486162262991844909e+05 1.143685966684151936e+02 3.486162262991848984e+05 -8.079122136333982944e+08 2.659846172953677090e-01 3.216747325042200600e+01 3.152393319482485367e+03 3.216747325042201311e+01 3.890248788964971482e+03 3.812420763666017447e+05 3.152393319482485822e+03 3.812420763666016865e+05 3.736149760000002384e+07
9.649902259166887736e-03 1.167033552343494041e+00 1.143685966684150372e+02 1.167033552343497149e+00 -1.260178578878485041e+03 3.486162262991844909e+05 1.143685966684151936e+02 3.486162262991848984e+05 -8.079122136333982944e+08 2.659846172953677090e-01 3.216747325042200600e+01 3.152393319482485367e+03 3.216747325042201311e+01 3.890248788964971482e+03 3.812420763666017447e+05 3.152393319482485822e+03 3.812420763666016865e+05 3.736149760000002384e+07
9.649902259166887736e-03 1.167033552343494041e+00 1.143685966684150372e+02 1.167033552343497149e+00 -1.260178578878485041e+03 3.486162262991844909e+05 1.143685966684151936e+02 3.486162262991848984e+05 -8.079122136333982944e+08 2.659846172953677090e-01 3.216747325042200600e+01 3.152393319482485367e+03 3.216747325042201311e+01 3.890248788964971482e+03 3.812420763666017447e+05 3.152393319482485822e+03 3.812420763666016865e+05 3.736149760000002384e+07
9.649902259166887736e-03 1.167033552343494041e+00 1.143685966684150372e+02 1.167033552343497149e+00 -1.260178578878485041e+03 3.486162262991844909e+05 1.143685966684151936e+02 3.486162262991848984e+05 -8.079122136333982944e+08 2.659846172953677090e-01 3.216747325042200600e+01 3.152393319482485367e+03 3.216747325042201311e+01 3.890248788964971482e+03 3.812420763666017447e+05 3.152393319482485822e+03 3.812420763666016865e+05 3.736149760000002384e+07
9.649902259166887736e-03 1.167033552343494041e+00 1.143685966684150372e+02 1.167033552343497149e+00 -1.260178578878485041e+03 3.486162262991844909e+05 1.143685966684151936e+02 3.486162262991848984e+05 -8.079122136333982944e+08 2.659846172953677090e-01 3.216747325042200600e+01 3.152393319482485367e+03 3.216747325042201311e+01 3.890248788964971482e+03 3.812420763666017447e+05 3.152393319482485822e+03 3.812420763666016865e+05 3.736149760000002384e+07
9.649902259166887736e-03 1.167033552343494041e+00 1.143685966684150372e+02 1.167033552343497149e+00 -1.260178578878485041e+03 3.486162262991844909e+05 1.143685966684151936e+02 3.486162262991848984e+05 -8.079122136333982944e+08 2.659846172953677090e-01 3.216747325042200600e+01 3.152393319482485367e+03 3.216747325042201311e+01 3.890248788964971482e+03 3.812420763666017447e+05 3.152393319482485822e+03 3.812420763666016865e+05 3.736149760000002384e+07
9.649902259166887736e-03 1.167033552343494041e+00 1.143685966684150372e+02 1.167033552343497149e+00 -1.260178578878485041e+03 3.486162262991844909e+05 1.143685966684151936e+02 3.486162262991848984e+05 -8.079122136333982944e+08 2.659846172953677090e-01 3.216747325042200600e+01 3.152393319482485367e+03 3.216747325042201311e+01 3.890248788964971482e+03 3.812420763666017447e+05 3.152393319482485822e+03 3.812420763666016865e+05 3.736149760000002384e+07
9.649902259166887736e-03 1.167033552343494041e+00 1.143685966684150372e+02 1.167033552343497149e+00 -1.260178578878485041e+03 3.486162262991844909e+05 1.143685966684151936e+02 3.486162262991848984e+05 -8.079122136333982944e+08 2.659846172953677090e-01 3.216747325042200600e+01 3.152393319482485367e+03 3.216747325042201311e+01 3.890248788964971482e+03 3.812420763666017447e+05 3.152393319482485822e+03 3.812420763666016865e+05 3.736149760000002384e+07
9.649902259166887736e-03 1.167033552343494041e+00 1.143685966684150372e+02 1.167033552343497149e+00 -1.260178578878485041e+03 3.486162262991844909e+05 1.143685966684151936e+02 3.486162262991848984e+05 -8.079122136333982944e+08 2.659846172953677090e-01 3.216747325042200600e+01 3.152393319482485367e+03 3.216747325042201311e+01 3.890248788964971482e+03 3.812420763666017447e+05 3.152393319482485822e+03 3.812420763666016865e+05 3.736149760000002384e+07
9.649902259166887736e-03 1.167033552343494041e+00 1.143685966684150372e+02 1.167033552343497149e+00 -1.260178578878485041e+03 3.486162262991844909e+05 1.143685966684151936e+02 3.486162262991848984e+05 -8.079122136333982944e+08 2.659846172953677090e-01 3.216747325042200600e+01 3.152393319482485367e+03 3.216747325042201311e+01 3.890248788964971482e+03 3.812420763666017447e+05 3.152393319482485822e+03 3.812420763666016865e+05 3.736149760000002384e+07
9.649902259166887736e-03 1.167033552343494041e+00 1.143685966684150372e+02 1.167033552343497149e+00 -1.260178578878485041e+03 3.486162262991844909e+05 1.143685966684151936e+02 3.486162262991848984e+05 -8.079122136333982944e+08 2.659846172953677090e-01 3.216747325042200600e+01 3.152393319482485367e+03 3.216747325042201311e+01 3.890248788964971482e+03 3.812420763666017447e+05 3.152393319482485822e+03 3.812420763666016865e+05 3.736149760000002384e+07
9.649902259166887736e-03 1.167033552343494041e+00 1.143685966684150372e+02 1.167033552343497149e+00 -1.260178578878485041e+03 3.486162262991844909e+05 1.143685966684151936e+02 3.486162262991848984e+05 -8.079122136333982944e+08 2.659846172953677090e-01 3.216747325042200600e+01 3.152393319482485367e+03 3.216747325042201311e+01 3.890248788964971482e+03 3.812420763666017447e+05 3.152393319482485822e+03 3.812420763666016865e+05 3.736149760000002384e+07
9.649902259166887736e-03 1.167033552343494041e+00 1.143685966684150372e+02 1.167033552343497149e+00 -1.260178578878485041e+03 3.486162262991844909e+05 1.143685966684151936e+02 3.486162262991848984e+05 -8.079122136333982944e+08 2.659846172953677090e-01 3.216747325042200600e+01 3.152393319482485367e+03 3.216747325042201311e+01 3.890248788964971482e+03 3.812420763666017447e+05 3.152393319482485822e+03 3.812420763666016865e+05 3.736149760000002384e+07
9.649902259166887736e-03 1.167033552343494041e+00 1.143685966684150372e+02 1.167033552343497149e+00 -1.260178578878485041e+03 3.486162262991844909e+05 1.143685966684151936e+02 3.486162262991848984e+05 -8.079122136333982944e+08 2.659846172953677090e-01 3.216747325042200600e+01 3.152393319482485367e+03 3.216747325042201311e+01 3.890248788964971482e+03 3.812420763666017447e+05 3.152393319482485822e+03 3.812420763666016865e+05 3.736149760000002384e+07
9.649902259166887736e-03 1.167033552343494041e+00 1.143685966684150372e+02 1.167033552343497149e+00 -1.260178578878485041e+03 3.486162262991844909e+05 1.143685966684151936e+02 3.486162262991848984e+05 -8.079122136333982944e+08 2.659846172953677090e-01 3.216747325042200600e+01 3.152393319482485367e+03 3.216747325042201311e+01 3.890248788964971482e+03 3.812420763666017447e+05 3.152393319482485822e+03 3.812420763666016865e+05 3.736149760000002384e+07
9.649902259166887736e-03 1.167033552343494041e+00 1.143685966684150372e+02 1.167033552343497149e+00 -1.260178578878485041e+03 3.486162262991844909e+05 1.143685966684151936e+02 3.486162262991848984e+05 -8.079122136333982944e+08 2.659846172953677090e-01 3.216747325042200600e+01 3.152393319482485367e+03 3.216747325042201311e+01 3.890248788964971482e+03 3.812420763666017447e+05 3.152393319482485822e+03 3.812420763666016865e+05 3.736149760000002384e+07
9.649902259166887736e-03 1.167033552343494041e+00 1.143685966684150372e+02 1.167033552343497149e+00 -1.260178578878485041e+03 3.486162262991844909e+05 1.143685966684151936e+02 3.486162262991848984e+05 -8.079122136333982944e+08 2.659846172953677090e-01 3.216747325042200600e+01 3.152393319482485367e+03 3.216747325042201311e+01 3.890248788964971482e+03 3.812420763666017447e+05 3.152393319482485822e+03 3.812420763666016865e+05 3.736149760000002384e+07
9.649902259166887736e-03 1.167033552343494041e+00 1.143685966684150372e+02 1.167033552343497149e+00 -1.260178578878485041e+03 3.486162262991844909e+05 1.143685966684151936e+02 3.486162262991848984e+05 -8.079122136333982944e+08 2.659846172953677090e-01 3.216747325042200600e+01 3.152393319482485367e+03 3.216747325042201311e+01 3.890248788964971482e+03 3.812420763666017447e+05 3.152393319482485822e+03 3.812420763666016865e+05 3.736149760000002384e+07
9.649902259166887736e-03 1.167033552343494041e+00 1.143685966684150372e+02 1.167033552343497149e+00 -1.260178578878485041e+03 3.486162262991844909e+05 1.143685966684151936e+02 3.486162262991848984e+05 -8.079122136333982944e+08 2.659846172953677090e-01 3.216747325042200600e+01 3.152393319482485367e+03 3.216747325042201311e+01 3.890248788964971482e+03 3.812420763666017447e+05 3.152393319482485822e+03 3.812420763666016865e+05 3.736149760000002384e+07
9.649902259166887736e-03 1.167033552343494041e+00 1.143685966684150372e+02 1.167033552343497149e+00 -1.260178578878485041e+03 3.486162262991844909e+05 1.143685966684151936e+02 3.486162262991848984e+05 -8.079122136333982944e+08 2.659846172953677090e-01 3.216747325042200600e+01 3.152393319482485367e+03 3.216747325042201311e+01 3.890248788964971482e+03 3.812420763666017447e+05 3.152393319482485822e+03 3.812420763666016865e+05 3.736149760000002384e+07
9.649902259166887736e-03 1.167033552343494041e+00 1.143685966684150372e+02 1.167033552343497149e+00 -1.260178578878485041e+03 3.486162262991844909e+05 1.143685966684151936e+02 3.486162262991848984e+05 -8.079122136333982944e+08 2.659846172953677090e-01 3.216747325042200600e+01 3.152393319482485367e+03 3.216747325042201311e+01 3.890248788964971482e+03 3.812420763666017447e+05 3.152393319482485822e+03 3.812420763666016865e+05 3.736149760000002384e+07
9.649902259166887736e-03 1.167033552343494041e+00 1.143685966684150372e+02 1.167033552343497149e+00 -1.260178578878485041e+03 3.486162262991844909e+05 1.143685966684151936e+02 3.486162262991848984e+05 -8.079122136333982944e+08 2.659846172953677090e-01 3.216747325042200600e+01 3.152393319482485367e+03 3.216747325042201311e+01 3.890248788964971482e+03 3.812420763666017447e+05 3.152393319482485822e+03 3.812420763666016865e+05 3.736149760000002384e+07
9.649902259166887736e-03 1.167033552343494041e+00 1.143685966684150372e+02 1.167033552343497149e+00 -1.260178578878485041e+03 3.486162262991844909e+05 1.143685966684151936e+02 3.486162262991848984e+05 -8.079122136333982944e+08 2.659846172953677090e-01 3.216747325042200600e+01 3.152393319482485367e+03 3.216747325042201311e+01 3.890248788964971482e+03 3.812420763666017447e+05 3.152393319482485822e+03 3.812420763666016865e+05 3.736149760000002384e+07
9.649902259166887736e-03 1.167033552343494041e+00 1.143685966684150372e+02 1.167033552343497149e+00 -1.260178578878485041e+03 3.486162262991844909e+05 1.143685966684151936e+02 3.486162262991848984e+05 -8.079122136333982944e+08 2.659846172953677090e-01 3.216747325042200600e+01 3.152393319482485367e+03 3.216747325042201311e+01 3.890248788964971482e+03 3.812420763666017447e+05 3.152393319482485822e+03 3.812420763666016865e+05 3.736149760000002384e+07
9.649902259166887736e-03 1.167033552343494041e+00 1.143685966684150372e+02 1.167033552343497149e+00 -1.260178578878485041e+03 3.486162262991844909e+05 1.143685966684151936e+02 3.486162262991848984e+05 -8.079122136333982944e+08 2.659846172953677090e-01 3.216747325042200600e+01 3.152393319482485367e+03 3.216747325042201311e+01 3.890248788964971482e+03 3.812420763666017447e+05 3.152393319482485822e+03 3.812420763666016865e+05 3.736149760000002384e+07
9.649902259166887736e-03 1.167033552343494041e+00 1.143685966684150372e+02 1.167033552343497149e+00 -1.260178578878485041e+03 3.486162262991844909e+05 1.143685966684151936e+02 3.486162262991848984e+05 -8.079122136333982944e+08 2.659846172953677090e-01 3.216747325042200600e+01 3.152393319482485367e+03 3.216747325042201311e+01 3.890248788964971482e+03 3.812420763666017447e+05 3.152393319482485822e+03 3.812420763666016865e+05 3.736149760000002384e+07
9.649902259166887736e-03 1.167033552343494041e+00 1.143685966684150372e+02 1.167033552343497149e+00 -1.260178578878485041e+03 3.486162262991844909e+05 1.143685966684151936e+02 3.486162262991848984e+05 -8.079122136333982944e+08 2.659846172953677090e-01 3.216747325042200600e+01 3.152393319482485367e+03 3.216747325042201311e+01 3.890248788964971482e+03 3.812420763666017447e+05 3.152393319482485822e+03 3.812420763666016865e+05 3.736149760000002384e+07
9.649902259166887736e-03 1.167033552343494041e+00 1.143685966684150372e+02 1.167033552343497149e+00 -1.260178578878485041e+03 3.486162262991844909e+05 1.143685966684151936e+02 3.486162262991848984e+05 -8.079122136333982944e+08 2.659846172953677090e-01 3.216747325042200600e+01 3.152393319482485367e+03 3.216747325042201311e+01 3.890248788964971482e+03 3.812420763666017447e+05 3.152393319482485822e+03 3.812420763666016865e+05 3.736149760000002384e+07
9.649902259166887736e-03 1.167033552343494041e+00 1.143685966684150372e+02 1.167033552343497149e+00 -1.260178578878485041e+03 3.486162262991844909e+05 1.143685966684151936e+02 3.486162262991848984e+05 -8.079122136333982944e+08 2.659846172953677090e-01 3.216747325042200600e+01 3.152393319482485367e+03 3.216747325042201311e+01 3.890248788964971482e+03 3.812420763666017447e+05 3.152393319482485822e+03 3.812420763666016865e+05 3.736149760000002384e+07
9.649902259166887736e-03 1.167033552343494041e+00 1.143685966684150372e+02 1.167033552343497149e+00 -1.260178578878485041e+03 3.486162262991844909e+05 1.143685966684151936e+02 3.486162262991848984e+05 -8.079122136333982944e+08 2.659846172953677090e-01 3.216747325042200600e+01 3.152393319482485367e+03 3.216747325042201311e+01 3.890248788964971482e+03 3.812420763666017447e+05 3.152393319482485822e+03 3.812420763666016865e+05 3.736149760000002384e+07
9.649902259166887736e-03 1.167033552343494041e+00 1.143685966684150372e+02 1.167033552343497149e+00 -1.260178578878485041e+03 3.486162262991844909e+05 1.143685966684151936e+02 3.486162262991848984e+05 -8.079122136333982944e+08 2.659846172953677090e-01 3.216747325042200600e+01 3.152393319482485367e+03 3.216747325042201311e+01 3.890248788964971482e+03 3.812420763666017447e+05 3.152393319482485822e+03 3.812420763666016865e+05 3.736149760000002384e+07
9.649902259166887736e-03 1.167033552343494041e+00 1.143685966684150372e+02 1.167033552343497149e+00 -1.260178578878485041e+03 3.486162262991844909e+05 1.143685966684151936e+02 3.486162262991848984e+05 -8.079122136333982944e+08 2.659846172953677090e-01 3.216747325042200600e+01 3.152393319482485367e+03 3.216747325042201311e+01 3.890248788964971482e+03 3.812420763666017447e+05 3.152393319482485822e+03 3.812420763666016865e+05 3.736149760000002384e+07
9.649902259166887736e-03 1.167033552343494041e+00 1.143685966684150372e+02 1.167033552343497149e+00 -1.260178578878485041e+03 3.486162262991844909e+05 1.143685966684151936e+02 3.486162262991848984e+05 -8.079122136333982944e+08 2.659846172953677090e-01 3.216747325042200600e+01 3.152393319482485367e+03 3.216747325042201311e+01 3.890248788964971482e+03 3.812420763666017447e+05 3.152393319482485822e+03 3.812420763666016865e+05 3.736149760000002384e+07
9.649902259166887736e-03 1.167033552343494041e+00 1.143685966684150372e+02 1.167033552343497149e+00 -1.260178578878485041e+03 3.486162262991844909e+05 1.143685966684151936e+02 3.486162262991848984e+05 -8.079122136333982944e+08 2.659846172953677090e-01 3.216747325042200600e+01 3.152393319482485367e+03 3.216747325042201311e+01 3.890248788964971482e+03 3.812420763666017447e+05 3.152393319482485822e+03 3.812420763666016865e+05 3.736149760000002384e+07
9.649902259166887736e-03 1.167033552343494041e+00 1.143685966684150372e+02 1.167033552343497149e+00 -1.260178578878485041e+03 3.486162262991844909e+05 1.143685966684151936e+02 3.486162262991848984e+05 -8.079122136333982944e+08 2.659846172953677090e-01 3.216747325042200600e+01 3.152393319482485367e+03 3.216747325042201311e+01 3.890248788964971482e+03 3.812420763666017447e+05 3.152393319482485822e+03 3.812420763666016865e+05 3.736149760000002384e+07
9.649902259166887736e-03 1.167033552343494041e+00 1.143685966684150372e+02 1.167033552343497149e+00 -1.260178578878485041e+03 3.486162262991844909e+05 1.143685966684151936e+02 3.486162262991848984e+05 -8.079122136333982944e+08 2.659846172953677090e-01 3.216747325042200600e+01 3.152393319482485367e+03 3.216747325042201311e+01 3.890248788964971482e+03 3.812420763666017447e+05 3.152393319482485822e+03 3.812420763666016865e+05 3.736149760000002384e+07
9.649902259166887736e-03 1.167033552343494041e+00 1.143685966684150372e+02 1.167033552343497149e+00 -1.260178578878485041e+03 3.486162262991844909e+05 1.143685966684151936e+02 3.486162262991848984e+05 -8.079122136333982944e+08 2.659846172953677090e-01 3.216747325042200600e+01 3.152393319482485367e+03 3.216747325042201311e+01 3.890248788964971482e+03 3.812420763666017447e+05 3.152393319482485822e+03 3.812420763666016865e+05 3.736149760000002384e+07
9.649902259166887736e-03 1.167033552343494041e+00 1.143685966684150372e+02 1.167033552343497149e+00 -1.260178578878485041e+03 3.486162262991844909e+05 1.143685966684151936e+02 3.486162262991848984e+05 -8.079122136333982944e+08 2.659846172953677090e-01 3.216747325042200600e+01 3.152393319482485367e+03 3.216747325042201311e+01 3.890248788964971482e+03 3.812420763666017447e+05 3.152393319482485822e+03 3.812420763666016865e+05 3.736149760000002384e+07
9.649902259166887736e-03 1.167033552343494041e+00 1.143685966684150372e+02 1.167033552343497149e+00 -1.260178578878485041e+03 3.486162262991844909e+05 1.143685966684151936e+02 3.486162262991848984e+05 -8.079122136333982944e+08 2.659846172953677090e-01 3.216747325042200600e+01 3.152393319482485367e+03 3.216747325042201311e+01 3.890248788964971482e+03 3.812420763666017447e+05 3.152393319482485822e+03 3.812420763666016865e+05 3.736149760000002384e+07
9.649902259166887736e-03 1.167033552343494041e+00 1.143685966684150372e+02 1.167033552343497149e+00 -1.260178578878485041e+03 3.486162262991844909e+05 1.143685966684151936e+02 3.486162262991848984e+05 -8.079122136333982944e+08 2.659846172953677090e-01 3.216747325042200600e+01 3.152393319482485367e+03 3.216747325042201311e+01 3.890248788964971482e+03 3.812420763666017447e+05 3.152393319482485822e+03 3.812420763666016865e+05 3.736149760000002384e+07
9.649902259166887736e-03 1.167033552343494041e+00 1.143685966684150372e+02 1.167033552343497149e+00 -1.260178578878485041e+03 3.486162262991844909e+05 1.143685966684151936e+02 3.486162262991848984e+05 -8.079122136333982944e+08 2.659846172953677090e-01 3.216747325042200600e+01 3.152393319482485367e+03 3.216747325042201311e+01 3.890248788964971482e+03 3.812420763666017447e+05 3.152393319482485822e+03 3.812420763666016865e+05 3.736149760000002384e+07
9.649902259166887736e-03 1.167033552343494041e+00 1.143685966684150372e+02 1.167033552343497149e+00 -1.260178578878485041e+03 3.486162262991844909e+05 1.143685966684151936e+02 3.486162262991848984e+05 -8.079122136333982944e+08 2.659846172953677090e-01 3.216747325042200600e+01 3.152393319482485367e+03 3.216747325042201311e+01 3.890248788964971482e+03 3.812420763666017447e+05 3.152393319482485822e+03 3.812420763666016865e+05 3.736149760000002384e+07
9.649902259166887736e-03 1.167033552343494041e+00 1.143685966684150372e+02 1.167033552343497149e+00 -1.260178578878485041e+03 3.486162262991844909e+05 1.143685966684151936e+02 3.486162262991848984e+05 -8.079122136333982944e+08 2.659846172953677090e-01 3.216747325042200600e+01 3.152393319482485367e+03 3.216747325042201311e+01 3.890248788964971482e+03 3.812420763666017447e+05 3.152393319482485822e+03 3.812420763666016865e+05 3.736149760000002384e+07
9.649902259166887736e-03 1.167033552343494041e+00 1.143685966684150372e+02 1.167033552343497149e+00 -1.260178578878485041e+03 3.486162262991844909e+05 1.143685966684151936e+02 3.486162262991848984e+05 -8.079122136333982944e+08 2.659846172953677090e-01 3.216747325042200600e+01 3.152393319482485367e+03 3.216747325042201311e+01 3.890248788964971482e+03 3.812420763666017447e+05 3.152393319482485822e+03 3.812420763666016865e+05 3.736149760000002384e+07
9.649902259166887736e-03 1.167033552343494041e+00 1.143685966684150372e+02 1.167033552343497149e+00 -1.260178578878485041e+03 3.486162262991844909e+05 1.143685966684151936e+02 3.486162262991848984e+05 -8.079122136333982944e+08 2.659846172953677090e-01 3.216747325042200600e+01 3.152393319482485367e+03 3.216747325042201311e+01 3.890248788964971482e+03 3.812420763666017447e+05 3.152393319482485822e+03 3.812420763666016865e+05 3.736149760000002384e+07
9.649902259166887736e-03 1.167033552343494041e+00 1.143685966684150372e+02 1.167033552343497149e+00 -1.260178578878485041e+03 3.486162262991844909e+05 1.143685966684151936e+02 3.486162262991848984e+05 -8.079122136333982944e+08 2.659846172953677090e-01 3.216747325042200600e+01 3.152393319482485367e+03 3.216747325042201311e+01 3.890248788964971482e+03 3.812420763666017447e+05 3.152393319482485822e+03 3.812420763666016865e+05 3.736149760000002384e+07
9.649902259166887736e-03 1.167033552343494041e+00 1.143685966684150372e+02 1.167033552343497149e+00 -1.260178578878485041e+03 3.486162262991844909e+05 1.143685966684151936e+02 3.486162262991848984e+05 -8.079122136333982944e+08 2.659846172953677090e-01 3.216747325042200600e+01 3.152393319482485367e+03 3.216747325042201311e+01 3.890248788964971482e+03 3.812420763666017447e+05 3.152393319482485822e+03 3.812420763666016865e+05 3.736149760000002384e+07
9.649902259166887736e-03 1.167033552343494041e+00 1.143685966684150372e+02 1.167033552343497149e+00 -1.260178578878485041e+03 3.486162262991844909e+05 1.143685966684151936e+02 3.486162262991848984e+05 -8.079122136333982944e+08 2.659846172953677090e-01 3.216747325042200600e+01 3.152393319482485367e+03 3.216747325042201311e+01 3.890248788964971482e+03 3.812420763666017447e+05 3.152393319482485822e+03 3.812420763666016865e+05 3.736149760000002384e+07
9.649902259166887736e-03 1.167033552343494041e+00 1.143685966684150372e+02 1.167033552343497149e+00 -1.260178578878485041e+03 3.486162262991844909e+05 1.143685966684151936e+02 3.486162262991848984e+05 -8.079122136333982944e+08 2.659846172953677090e-01 3.216747325042200600e+01 3.152393319482485367e+03 3.216747325042201311e+01 3.890248788964971482e+03 3.812420763666017447e+05 3.152393319482485822e+03 3.812420763666016865e+05 3.736149760000002384e+07
9.649902259166887736e-03 1.167033552343494041e+00 1.143685966684150372e+02 1.167033552343497149e+00 -1.260178578878485041e+03 3.486162262991844909e+05 1.143685966684151936e+02 3.486162262991848984e+05 -8.079122136333982944e+08 2.659846172953677090e-01 3.216747325042200600e+01 3.152393319482485367e+03 3.216747325042201311e+01 3.890248788964971482e+03 3.812420763666017447e+05 3.152393319482485822e+03 3.812420763666016865e+05 3.736149760000002384e+07
9.649902259166887736e-03 1.167033552343494041e+00 1.143685966684150372e+02 1.167033552343497149e+00 -1.260178578878485041e+03 3.486162262991844909e+05 1.143685966684151936e+02 3.486162262991848984e+05 -8.079122136333982944e+08 2.659846172953677090e-01 3.216747325042200600e+01 3.152393319482485367e+03 3.216747325042201311e+01 3.890248788964971482e+03 3.812420763666017447e+05 3.152393319482485822e+03 3.812420763666016865e+05 3.736149760000002384e+07
9.649902259166887736e-03 1.167033552343494041e+00 1.143685966684150372e+02 1.167033552343497149e+00 -1.260178578878485041e+03 3.486162262991844909e+05 1.143685966684151936e+02 3.486162262991848984e+05 -8.079122136333982944e+08 2.659846172953677090e-01 3.216747325042200600e+01 3.152393319482485367e+03 3.216747325042201311e+01 3.890248788964971482e+03 3.812420763666017447e+05 3.152393319482485822e+03 3.812420763666016865e+05 3.736149760000002384e+07
9.649902259166887736e-03 1.167033552343494041e+00 1.143685966684150372e+02 1.167033552343497149e+00 -1.260178578878485041e+03 3.486162262991844909e+05 1.143685966684151936e+02 3.486162262991848984e+05 -8.079122136333982944e+08 2.659846172953677090e-01 3.216747325042200600e+01 3.152393319482485367e+03 3.216747325042201311e+01 3.890248788964971482e+03 3.812420763666017447e+05 3.152393319482485822e+03 3.812420763666016865e+05 3.736149760000002384e+07
9.649902259166887736e-03 1.167033552343494041e+00 1.143685966684150372e+02 1.167033552343497149e+00 -1.260178578878485041e+03 3.486162262991844909e+05 1.143685966684151936e+02 3.486162262991848984e+05 -8.079122136333982944e+08 2.659846172953677090e-01 3.216747325042200600e+01 3.152393319482485367e+03 3.216747325042201311e+01 3.890248788964971482e+03 3.812420763666017447e+05 3.152393319482485822e+03 3.812420763666016865e+05 3.736149760000002384e+07
9.649902259166887736e-03 1.167033552343494041e+00 1.143685966684150372e+02 1.167033552343497149e+00 -1.260178578878485041e+03 3.486162262991844909e+05 1.143685966684151936e+02 3.486162262991848984e+05 -8.079122136333982944e+08 2.659846172953677090e-01 3.216747325042200600e+01 3.152393319482485367e+03 3.216747325042201311e+01 3.890248788964971482e+03 3.812420763666017447e+05 3.152393319482485822e+03 3.812420763666016865e+05 3.736149760000002384e+07
9.649902259166887736e-03 1.167033552343494041e+00 1.143685966684150372e+02 1.167033552343497149e+00 -1.260178578878485041e+03 3.486162262991844909e+05 1.143685966684151936e+02 3.486162262991848984e+05 -8.079122136333982944e+08 2.659846172953677090e-01 3.216747325042200600e+01 3.152393319482485367e+03 3.216747325042201311e+01 3.890248788964971482e+03 3.812420763666017447e+05 3.152393319482485822e+03 3.812420763666016865e+05 3.736149760000002384e+07
9.649902259166887736e-03 1.167033552343494041e+00 1.143685966684150372e+02 1.167033552343497149e+00 -1.260178578878485041e+03 3.486162262991844909e+05 1.143685966684151936e+02 3.486162262991848984e+05 -8.079122136333982944e+08 2.659846172953677090e-01 3.216747325042200600e+01 3.152393319482485367e+03 3.216747325042201311e+01 3.890248788964971482e+03 3.812420763666017447e+05 3.152393319482485822e+03 3.812420763666016865e+05 3.736149760000002384e+07
9.649902259166887736e-03 1.167033552343494041e+00 1.143685966684150372e+02 1.167033552343497149e+00 -1.260178578878485041e+03 3.486162262991844909e+05 1.143685966684151936e+02 3.486162262991848984e+05 -8.079122136333982944e+08 2.659846172953677090e-01 3.216747325042200600e+01 3.152393319482485367e+03 3.216747325042201311e+01 3.890248788964971482e+03 3.812420763666017447e+05 3.152393319482485822e+03 3.812420763666016865e+05 3.736149760000002384e+07
9.649902259166887736e-03 1.167033552343494041e+00 1.143685966684150372e+02 1.167033552343497149e+00 -1.260178578878485041e+03 3.486162262991844909e+05 1.143685966684151936e+02 3.486162262991848984e+05 -8.079122136333982944e+08 2.659846172953677090e-01 3.216747325042200600e+01 3.152393319482485367e+03 3.216747325042201311e+01 3.890248788964971482e+03 3.812420763666017447e+05 3.152393319482485822e+03 3.812420763666016865e+05 3.736149760000002384e+07
9.649902259166887736e-03 1.167033552343494041e+00 1.143685966684150372e+02 1.167033552343497149e+00 -1.260178578878485041e+03 3.486162262991844909e+05 1.143685966684151936e+02 3.486162262991848984e+05 -8.079122136333982944e+08 2.659846172953677090e-01 3.216747325042200600e+01 3.152393319482485367e+03 3.216747325042201311e+01 3.890248788964971482e+03 3.812420763666017447e+05 3.152393319482485822e+03 3.812420763666016865e+05 3.736149760000002384e+07
9.649902259166887736e-03 1.167033552343494041e+00 1.143685966684150372e+02 1.167033552343497149e+00 -1.260178578878485041e+03 3.486162262991844909e+05 1.143685966684151936e+02 3.486162262991848984e+05 -8.079122136333982944e+08 2.659846172953677090e-01 3.216747325042200600e+01 3.152393319482485367e+03 3.216747325042201311e+01 3.890248788964971482e+03 3.812420763666017447e+05 3.152393319482485822e+03 3.812420763666016865e+05 3.736149760000002384e+07
9.649902259166887736e-03 1.167033552343494041e+00 1.143685966684150372e+02 1.167033552343497149e+00 -1.260178578878485041e+03 3.486162262991844909e+05 1.143685966684151936e+02 3.486162262991848984e+05 -8.079122136333982944e+08 2.659846172953677090e-01 3.216747325042200600e+01 3.152393319482485367e+03 3.216747325042201311e+01 3.890248788964971482e+03 3.812420763666017447e+05 3.152393319482485822e+03 3.812420763666016865e+05 3.736149760000002384e+07
9.649902259166887736e-03 1.167033552343494041e+00 1.143685966684150372e+02 1.167033552343497149e+00 -1.260178578878485041e+03 3.486162262991844909e+05 1.143685966684151936e+02 3.486162262991848984e+05 -8.079122136333982944e+08 2.659846172953677090e-01 3.216747325042200600e+01 3.152393319482485367e+03 3.216747325042201311e+01 3.890248788964971482e+03 3.812420763666017447e+05 3.152393319482485822e+03 3.812420763666016865e+05 3.736149760000002384e+07
9.649902259166887736e-03 1.167033552343494041e+00 1.143685966684150372e+02 1.167033552343497149e+00 -1.260178578878485041e+03 3.486162262991844909e+05 1.143685966684151936e+02 3.486162262991848984e+05 -8.079122136333982944e+08 2.659846172953677090e-01 3.216747325042200600e+01 3.152393319482485367e+03 3.216747325042201311e+01 3.890248788964971482e+03 3.812420763666017447e+05 3.152393319482485822e+03 3.812420763666016865e+05 3.736149760000002384e+07
9.649902259166887736e-03 1.167033552343494041e+00 1.143685966684150372e+02 1.167033552343497149e+00 -1.260178578878485041e+03 3.486162262991844909e+05 1.143685966684151936e+02 3.486162262991848984e+05 -8.079122136333982944e+08 2.659846172953677090e-01 3.216747325042200600e+01 3.152393319482485367e+03 3.216747325042201311e+01 3.890248788964971482e+03 3.812420763666017447e+05 3.152393319482485822e+03 3.812420763666016865e+05 3.736149760000002384e+07
9.649902259166887736e-03 1.167033552343494041e+00 1.143685966684150372e+02 1.167033552343497149e+00 -1.260178578878485041e+03 3.486162262991844909e+05 1.143685966684151936e+02 3.486162262991848984e+05 -8.079122136333982944e+08 2.659846172953677090e-01 3.216747325042200600e+01 3.152393319482485367e+03 3.216747325042201311e+01 3.890248788964971482e+03 3.812420763666017447e+05 3.152393319482485822e+03 3.812420763666016865e+05 3.736149760000002384e+07
9.649902259166887736e-03 1.167033552343494041e+00 1.143685966684150372e+02 1.167033552343497149e+00 -1.260178578878485041e+03 3.486162262991844909e+05 1.143685966684151936e+02 3.486162262991848984e+05 -8.079122136333982944e+08 2.659846172953677090e-01 3.216747325042200600e+01 3.152393319482485367e+03 3.216747325042201311e+01 3.890248788964971482e+03 3.812420763666017447e+05 3.152393319482485822e+03 3.812420763666016865e+05 3.736149760000002384e+07
9.649902259166887736e-03 1.167033552343494041e+00 1.143685966684150372e+02 1.167033552343497149e+00 -1.260178578878485041e+03 3.486162262991844909e+05 1.143685966684151936e+02 3.486162262991848984e+05 -8.079122136333982944e+08 2.659846172953677090e-01 3.216747325042200600e+01 3.152393319482485367e+03 3.216747325042201311e+01 3.890248788964971482e+03 3.812420763666017447e+05 3.152393319482485822e+03 3.812420763666016865e+05 3.736149760000002384e+07
9.649902259166887736e-03 1.167033552343494041e+00 1.143685966684150372e+02 1.167033552343497149e+00 -1.260178578878485041e+03 3.486162262991844909e+05 1.143685966684151936e+02 3.486162262991848984e+05 -8.079122136333982944e+08 2.659846172953677090e-01 3.216747325042200600e+01 3.152393319482485367e+03 3.216747325042201311e+01 3.890248788964971482e+03 3.812420763666017447e+05 3.152393319482485822e+03 3.812420763666016865e+05 3.736149760000002384e+07
9.649902259166887736e-03 1.167033552343494041e+00 1.143685966684150372e+02 1.167033552343497149e+00 -1.260178578878485041e+03 3.486162262991844909e+05 1.143685966684151936e+02 3.486162262991848984e+05 -8.079122136333982944e+08 2.659846172953677090e-01 3.216747325042200600e+01 3.152393319482485367e+03 3.216747325042201311e+01 3.890248788964971482e+03 3.812420763666017447e+05 3.152393319482485822e+03 3.812420763666016865e+05 3.736149760000002384e+07
9.649902259166887736e-03 1.167033552343494041e+00 1.143685966684150372e+02 1.167033552343497149e+00 -1.260178578878485041e+03 3.486162262991844909e+05 1.143685966684151936e+02 3.486162262991848984e+05 -8.079122136333982944e+08 2.659846172953677090e-01 3.216747325042200600e+01 3.152393319482485367e+03 3.216747325042201311e+01 3.890248788964971482e+03 3.812420763666017447e+05 3.152393319482485822e+03 3.812420763666016865e+05 3.736149760000002384e+07
9.649902259166887736e-03 1.167033552343494041e+00 1.143685966684150372e+02 1.167033552343497149e+00 -1.260178578878485041e+03 3.486162262991844909e+05 1.143685966684151936e+02 3.486162262991848984e+05 -8.079122136333982944e+08 2.659846172953677090e-01 3.216747325042200600e+01 3.152393319482485367e+03 3.216747325042201311e+01 3.890248788964971482e+03 3.812420763666017447e+05 3.152393319482485822e+03 3.812420763666016865e+05 3.736149760000002384e+07
9.649902259166887736e-03 1.167033552343494041e+00 1.143685966684150372e+02 1.167033552343497149e+00 -1.260178578878485041e+03 3.486162262991844909e+05 1.143685966684151936e+02 3.486162262991848984e+05 -8.079122136333982944e+08 2.659846172953677090e-01 3.216747325042200600e+01 3.152393319482485367e+03 3.216747325042201311e+01 3.890248788964971482e+03 3.812420763666017447e+05 3.152393319482485822e+03 3.812420763666016865e+05 3.736149760000002384e+07
9.649902259166887736e-03 1.167033552343494041e+00 1.143685966684150372e+02 1.167033552343497149e+00 -1.260178578878485041e+03 3.486162262991844909e+05 1.143685966684151936e+02 3.486162262991848984e+05 -8.079122136333982944e+08 2.659846172953677090e-01 3.216747325042200600e+01 3.152393319482485367e+03 3.216747325042201311e+01 3.890248788964971482e+03 3.812420763666017447e+05 3.152393319482485822e+03 3.812420763666016865e+05 3.736149760000002384e+07
9.649902259166887736e-03 1.167033552343494041e+00 1.143685966684150372e+02 1.167033552343497149e+00 -1.260178578878485041e+03 3.486162262991844909e+05 1.143685966684151936e+02 3.486162262991848984e+05 -8.079122136333982944e+08 2.659846172953677090e-01 3.216747325042200600e+01 3.152393319482485367e+03 3.216747325042201311e+01 3.890248788964971482e+03 3.812420763666017447e+05 3.152393319482485822e+03 3.812420763666016865e+05 3.736149760000002384e+07
9.649902259166887736e-03 1.167033552343494041e+00 1.143685966684150372e+02 1.167033552343497149e+00 -1.260178578878485041e+03 3.486162262991844909e+05 1.143685966684151936e+02 3.486162262991848984e+05 -8.079122136333982944e+08 2.659846172953677090e-01 3.216747325042200600e+01 3.152393319482485367e+03 3.216747325042201311e+01 3.890248788964971482e+03 3.812420763666017447e+05 3.152393319482485822e+03 3.812420763666016865e+05 3.736149760000002384e+07
9.649902259166887736e-03 1.167033552343494041e+00 1.143685966684150372e+02 1.167033552343497149e+00 -1.260178578878485041e+03 3.486162262991844909e+05 1.143685966684151936e+02 3.486162262991848984e+05 -8.079122136333982944e+08 2.659846172953677090e-01 3.216747325042200600e+01 3.152393319482485367e+03 3.216747325042201311e+01 3.890248788964971482e+03 3.812420763666017447e+05 3.152393319482485822e+03 3.812420763666016865e+05 3.736149760000002384e+07
9.649902259166887736e-03 1.167033552343494041e+00 1.143685966684150372e+02 1.167033552343497149e+00 -1.260178578878485041e+03 3.486162262991844909e+05 1.143685966684151936e+02 3.486162262991848984e+05 -8.079122136333982944e+08 2.659846172953677090e-01 3.216747325042200600e+01 3.152393319482485367e+03 3.216747325042201311e+01 3.890248788964971482e+03 3.812420763666017447e+05 3.152393319482485822e+03 3.812420763666016865e+05 3.736149760000002384e+07
9.649902259166887736e-03 1.167033552343494041e+00 1.143685966684150372e+02 1.167033552343497149e+00 -1.260178578878485041e+03 3.486162262991844909e+05 1.143685966684151936e+02 3.486162262991848984e+05 -8.079122136333982944e+08 2.659846172953677090e-01 3.216747325042200600e+01 3.152393319482485367e+03 3.216747325042201311e+01 3.890248788964971482e+03 3.812420763666017447e+05 3.152393319482485822e+03 3.812420763666016865e+05 3.736149760000002384e+07
9.649902259166887736e-03 1.167033552343494041e+00 1.143685966684150372e+02 1.167033552343497149e+00 -1.260178578878485041e+03 3.486162262991844909e+05 1.143685966684151936e+02 3.486162262991848984e+05 -8.079122136333982944e+08 2.659846172953677090e-01 3.216747325042200600e+01 3.152393319482485367e+03 3.216747325042201311e+01 3.890248788964971482e+03 3.812420763666017447e+05 3.152393319482485822e+03 3.812420763666016865e+05 3.736149760000002384e+07
9.649902259166887736e-03 1.167033552343494041e+00 1.143685966684150372e+02 1.167033552343497149e+00 -1.260178578878485041e+03 3.486162262991844909e+05 1.143685966684151936e+02 3.486162262991848984e+05 -8.079122136333982944e+08 2.659846172953677090e-01 3.216747325042200600e+01 3.152393319482485367e+03 3.216747325042201311e+01 3.890248788964971482e+03 3.812420763666017447e+05 3.152393319482485822e+03 3.812420763666016865e+05 3.736149760000002384e+07
9.649902259166887736e-03 1.167033552343494041e+00 1.143685966684150372e+02 1.167033552343497149e+00 -1.260178578878485041e+03 3.486162262991844909e+05 1.143685966684151936e+02 3.486162262991848984e+05 -8.079122136333982944e+08 2.659846172953677090e-01 3.216747325042200600e+01 3.152393319482485367e+03 3.216747325042201311e+01 3.890248788964971482e+03 3.812420763666017447e+05 3.152393319482485822e+03 3.812420763666016865e+05 3.736149760000002384e+07
9.649902259166887736e-03 1.167033552343494041e+00 1.143685966684150372e+02 1.167033552343497149e+00 -1.260178578878485041e+03 3.486162262991844909e+05 1.143685966684151936e+02 3.486162262991848984e+05 -8.079122136333982944e+08 2.659846172953677090e-01 3.216747325042200600e+01 3.152393319482485367e+03 3.216747325042201311e+01 3.890248788964971482e+03 3.812420763666017447e+05 3.152393319482485822e+03 3.812420763666016865e+05 3.736149760000002384e+07
9.649902259166887736e-03 1.167033552343494041e+00 1.143685966684150372e+02 1.167033552343497149e+00 -1.260178578878485041e+03 3.486162262991844909e+05 1.143685966684151936e+02 3.486162262991848984e+05 -8.079122136333982944e+08 2.659846172953677090e-01 3.216747325042200600e+01 3.152393319482485367e+03 3.216747325042201311e+01 3.890248788964971482e+03 3.812420763666017447e+05 3.152393319482485822e+03 3.812420763666016865e+05 3.736149760000002384e+07
9.649902259166887736e-03 1.167033552343494041e+00 1.143685966684150372e+02 1.167033552343497149e+00 -1.260178578878485041e+03 3.486162262991844909e+05 1.143685966684151936e+02 3.486162262991848984e+05 -8.079122136333982944e+08 2.659846172953677090e-01 3.216747325042200600e+01 3.152393319482485367e+03 3.216747325042201311e+01 3.890248788964971482e+03 3.812420763666017447e+05 3.152393319482485822e+03 3.812420763666016865e+05 3.736149760000002384e+07
9.649902259166887736e-03 1.167033552343494041e+00 1.143685966684150372e+02 1.167033552343497149e+00 -1.260178578878485041e+03 3.486162262991844909e+05 1.143685966684151936e+02 3.486162262991848984e+05 -8.079122136333982944e+08 2.659846172953677090e-01 3.216747325042200600e+01 3.152393319482485367e+03 3.216747325042201311e+01 3.890248788964971482e+03 3.812420763666017447e+05 3.152393319482485822e+03 3.812420763666016865e+05 3.736149760000002384e+07
9.649902259166887736e-03 1.167033552343494041e+00 1.143685966684150372e+02 1.167033552343497149e+00 -1.260178578878485041e+03 3.486162262991844909e+05 1.143685966684151936e+02 3.486162262991848984e+05 -8.079122136333982944e+08 2.659846172953677090e-01 3.216747325042200600e+01 3.152393319482485367e+03 3.216747325042201311e+01 3.890248788964971482e+03 3.812420763666017447e+05 3.152393319482485822e+03 3.812420763666016865e+05 3.736149760000002384e+07
9.649902259166887736e-03 1.167033552343494041e+00 1.143685966684150372e+02 1.167033552343497149e+00 -1.260178578878485041e+03 3.486162262991844909e+05 1.143685966684151936e+02 3.486162262991848984e+05 -8.079122136333982944e+08 2.659846172953677090e-01 3.216747325042200600e+01 3.152393319482485367e+03 3.216747325042201311e+01 3.890248788964971482e+03 3.812420763666017447e+05 3.152393319482485822e+03 3.812420763666016865e+05 3.736149760000002384e+07
9.649902259166887736e-03 1.167033552343494041e+00 1.143685966684150372e+02 1.167033552343497149e+00 -1.260178578878485041e+03 3.486162262991844909e+05 1.143685966684151936e+02 3.486162262991848984e+05 -8.079122136333982944e+08 2.659846172953677090e-01 3.216747325042200600e+01 3.152393319482485367e+03 3.216747325042201311e+01 3.890248788964971482e+03 3.812420763666017447e+05 3.152393319482485822e+03 3.812420763666016865e+05 3.736149760000002384e+07
9.649902259166887736e-03 1.167033552343494041e+00 1.143685966684150372e+02 1.167033552343497149e+00 -1.260178578878485041e+03 3.486162262991844909e+05 1.143685966684151936e+02 3.486162262991848984e+05 -8.079122136333982944e+08 2.659846172953677090e-01 3.216747325042200600e+01 3.152393319482485367e+03 3.216747325042201311e+01 3.890248788964971482e+03 3.812420763666017447e+05 3.152393319482485822e+03 3.812420763666016865e+05 3.736149760000002384e+07
9.649902259166887736e-03 1.167033552343494041e+00 1.143685966684150372e+02 1.167033552343497149e+00 -1.260178578878485041e+03 3.486162262991844909e+05 1.143685966684151936e+02 3.486162262991848984e+05 -8.079122136333982944e+08 2.659846172953677090e-01 3.216747325042200600e+01 3.152393319482485367e+03 3.216747325042201311e+01 3.890248788964971482e+03 3.812420763666017447e+05 3.152393319482485822e+03 3.812420763666016865e+05 3.736149760000002384e+07
9.649902259166887736e-03 1.167033552343494041e+00 1.143685966684150372e+02 1.167033552343497149e+00 -1.260178578878485041e+03 3.486162262991844909e+05 1.143685966684151936e+02 3.486162262991848984e+05 -8.079122136333982944e+08 2.659846172953677090e-01 3.216747325042200600e+01 3.152393319482485367e+03 3.216747325042201311e+01 3.890248788964971482e+03 3.812420763666017447e+05 3.152393319482485822e+03 3.812420763666016865e+05 3.736149760000002384e+07
9.649902259166887736e-03 1.167033552343494041e+00 1.143685966684150372e+02 1.167033552343497149e+00 -1.260178578878485041e+03 3.486162262991844909e+05 1.143685966684151936e+02 3.486162262991848984e+05 -8.079122136333982944e+08 2.659846172953677090e-01 3.216747325042200600e+01 3.152393319482485367e+03 3.216747325042201311e+01 3.890248788964971482e+03 3.812420763666017447e+05 3.152393319482485822e+03 3.812420763666016865e+05 3.736149760000002384e+07
9.649902259166887736e-03 1.167033552343494041e+00 1.143685966684150372e+02 1.167033552343497149e+00 -1.260178578878485041e+03 3.486162262991844909e+05 1.143685966684151936e+02 3.486162262991848984e+05 -8.079122136333982944e+08 2.659846172953677090e-01 3.216747325042200600e+01 3.152393319482485367e+03 3.216747325042201311e+01 3.890248788964971482e+03 3.812420763666017447e+05 3.152393319482485822e+03 3.812420763666016865e+05 3.736149760000002384e+07
9.649902259166887736e-03 1.167033552343494041e+00 1.143685966684150372e+02 1.167033552343497149e+00 -1.260178578878485041e+03 3.486162262991844909e+05 1.143685966684151936e+02 3.486162262991848984e+05 -8.079122136333982944e+08 2.659846172953677090e-01 3.216747325042200600e+01 3.152393319482485367e+03 3.216747325042201311e+01 3.890248788964971482e+03 3.812420763666017447e+05 3.152393319482485822e+03 3.812420763666016865e+05 3.736149760000002384e+07
9.649902259166887736e-03 1.167033552343494041e+00 1.143685966684150372e+02 1.167033552343497149e+00 -1.260178578878485041e+03 3.486162262991844909e+05 1.143685966684151936e+02 3.486162262991848984e+05 -8.079122136333982944e+08 2.659846172953677090e-01 3.216747325042200600e+01 3.152393319482485367e+03 3.216747325042201311e+01 3.890248788964971482e+03 3.812420763666017447e+05 3.152393319482485822e+03 3.812420763666016865e+05 3.736149760000002384e+07
9.649902259166887736e-03 1.167033552343494041e+00 1.143685966684150372e+02 1.167033552343497149e+00 -1.260178578878485041e+03 3.486162262991844909e+05 1.143685966684151936e+02 3.486162262991848984e+05 -8.079122136333982944e+08 2.659846172953677090e-01 3.216747325042200600e+01 3.152393319482485367e+03 3.216747325042201311e+01 3.890248788964971482e+03 3.812420763666017447e+05 3.152393319482485822e+03 3.812420763666016865e+05 3.736149760000002384e+07
9.649902259166887736e-03 1.167033552343494041e+00 1.143685966684150372e+02 1.167033552343497149e+00 -1.260178578878485041e+03 3.486162262991844909e+05 1.143685966684151936e+02 3.486162262991848984e+05 -8.079122136333982944e+08 2.659846172953677090e-01 3.216747325042200600e+01 3.152393319482485367e+03 3.216747325042201311e+01 3.890248788964971482e+03 3.812420763666017447e+05 3.152393319482485822e+03 3.812420763666016865e+05 3.736149760000002384e+07
9.649902259166887736e-03 1.167033552343494041e+00 1.143685966684150372e+02 1.167033552343497149e+00 -1.260178578878485041e+03 3.486162262991844909e+05 1.143685966684151936e+02 3.486162262991848984e+05 -8.079122136333982944e+08 2.659846172953677090e-01 3.216747325042200600e+01 3.152393319482485367e+03 3.216747325042201311e+01 3.890248788964971482e+03 3.812420763666017447e+05 3.152393319482485822e+03 3.812420763666016865e+05 3.736149760000002384e+07
9.649902259166887736e-03 1.167033552343494041e+00 1.143685966684150372e+02 1.167033552343497149e+00 -1.260178578878485041e+03 3.486162262991844909e+05 1.143685966684151936e+02 3.486162262991848984e+05 -8.079122136333982944e+08 2.659846172953677090e-01 3.216747325042200600e+01 3.152393319482485367e+03 3.216747325042201311e+01 3.890248788964971482e+03 3.812420763666017447e+05 3.152393319482485822e+03 3.812420763666016865e+05 3.736149760000002384e+07
9.649902259166887736e-03 1.167033552343494041e+00 1.143685966684150372e+02 1.167033552343497149e+00 -1.260178578878485041e+03 3.486162262991844909e+05 1.143685966684151936e+02 3.486162262991848984e+05 -8.079122136333982944e+08 2.659846172953677090e-01 3.216747325042200600e+01 3.152393319482485367e+03 3.216747325042201311e+01 3.890248788964971482e+03 3.812420763666017447e+05 3.152393319482485822e+03 3.812420763666016865e+05 3.736149760000002384e+07
9.649902259166887736e-03 1.167033552343494041e+00 1.143685966684150372e+02 1.167033552343497149e+00 -1.260178578878485041e+03 3.486162262991844909e+05 1.143685966684151936e+02 3.486162262991848984e+05 -8.079122136333982944e+08 2.659846172953677090e-01 3.216747325042200600e+01 3.152393319482485367e+03 3.216747325042201311e+01 3.890248788964971482e+03 3.812420763666017447e+05 3.152393319482485822e+03 3.812420763666016865e+05 3.736149760000002384e+07
9.649902259166887736e-03 1.167033552343494041e+00 1.143685966684150372e+02 1.167033552343497149e+00 -1.260178578878485041e+03 3.486162262991844909e+05 1.143685966684151936e+02 3.486162262991848984e+05 -8.079122136333982944e+08 2.659846172953677090e-01 3.216747325042200600e+01 3.152393319482485367e+03 3.216747325042201311e+01 3.890248788964971482e+03 3.812420763666017447e+05 3.152393319482485822e+03 3.812420763666016865e+05 3.736149760000002384e+07
9.649902259166887736e-03 1.167033552343494041e+00 1.143685966684150372e+02 1.167033552343497149e+00 -1.260178578878485041e+03 3.486162262991844909e+05 1.143685966684151936e+02 3.486162262991848984e+05 -8.079122136333982944e+08 2.659846172953677090e-01 3.216747325042200600e+01 3.152393319482485367e+03 3.216747325042201311e+01 3.890248788964971482e+03 3.812420763666017447e+05 3.152393319482485822e+03 3.812420763666016865e+05 3.736149760000002384e+07
9.649902259166887736e-03 1.167033552343494041e+00 1.143685966684150372e+02 1.167033552343497149e+00 -1.260178578878485041e+03 3.486162262991844909e+05 1.143685966684151936e+02 3.486162262991848984e+05 -8.079122136333982944e+08 2.659846172953677090e-01 3.216747325042200600e+01 3.152393319482485367e+03 3.216747325042201311e+01 3.890248788964971482e+03 3.812420763666017447e+05 3.152393319482485822e+03 3.812420763666016865e+05 3.736149760000002384e+07
9.649902259166887736e-03 1.167033552343494041e+00 1.143685966684150372e+02 1.167033552343497149e+00 -1.260178578878485041e+03 3.486162262991844909e+05 1.143685966684151936e+02 3.486162262991848984e+05 -8.079122136333982944e+08 2.659846172953677090e-01 3.216747325042200600e+01 3.152393319482485367e+03 3.216747325042201311e+01 3.890248788964971482e+03 3.812420763666017447e+05 3.152393319482485822e+03 3.812420763666016865e+05 3.736149760000002384e+07
9.649902259166887736e-03 1.167033552343494041e+00 1.143685966684150372e+02 1.167033552343497149e+00 -1.260178578878485041e+03 3.486162262991844909e+05 1.143685966684151936e+02 3.486162262991848984e+05 -8.079122136333982944e+08 2.659846172953677090e-01 3.216747325042200600e+01 3.152393319482485367e+03 3.216747325042201311e+01 3.890248788964971482e+03 3.812420763666017447e+05 3.152393319482485822e+03 3.812420763666016865e+05 3.736149760000002384e+07
9.649902259166887736e-03 1.167033552343494041e+00 1.143685966684150372e+02 1.167033552343497149e+00 -1.260178578878485041e+03 3.486162262991844909e+05 1.143685966684151936e+02 3.486162262991848984e+05 -8.079122136333982944e+08 2.659846172953677090e-01 3.216747325042200600e+01 3.152393319482485367e+03 3.216747325042201311e+01 3.890248788964971482e+03 3.812420763666017447e+05 3.152393319482485822e+03 3.812420763666016865e+05 3.736149760000002384e+07
9.649902259166887736e-03 1.167033552343494041e+00 1.143685966684150372e+02 1.167033552343497149e+00 -1.260178578878485041e+03 3.486162262991844909e+05 1.143685966684151936e+02 3.486162262991848984e+05 -8.079122136333982944e+08 2.659846172953677090e-01 3.216747325042200600e+01 3.152393319482485367e+03 3.216747325042201311e+01 3.890248788964971482e+03 3.812420763666017447e+05 3.152393319482485822e+03 3.812420763666016865e+05 3.736149760000002384e+07
9.649902259166887736e-03 1.167033552343494041e+00 1.143685966684150372e+02 1.167033552343497149e+00 -1.260178578878485041e+03 3.486162262991844909e+05 1.143685966684151936e+02 3.486162262991848984e+05 -8.079122136333982944e+08 2.659846172953677090e-01 3.216747325042200600e+01 3.152393319482485367e+03 3.216747325042201311e+01 3.890248788964971482e+03 3.812420763666017447e+05 3.152393319482485822e+03 3.812420763666016865e+05 3.736149760000002384e+07
9.649902259166887736e-03 1.167033552343494041e+00 1.143685966684150372e+02 1.167033552343497149e+00 -1.260178578878485041e+03 3.486162262991844909e+05 1.143685966684151936e+02 3.486162262991848984e+05 -8.079122136333982944e+08 2.659846172953677090e-01 3.216747325042200600e+01 3.152393319482485367e+03 3.216747325042201311e+01 3.890248788964971482e+03 3.812420763666017447e+05 3.152393319482485822e+03 3.812420763666016865e+05 3.736149760000002384e+07
9.649902259166887736e-03 1.167033552343494041e+00 1.143685966684150372e+02 1.167033552343497149e+00 -1.260178578878485041e+03 3.486162262991844909e+05 1.143685966684151936e+02 3.486162262991848984e+05 -8.079122136333982944e+08 2.659846172953677090e-01 3.216747325042200600e+01 3.152393319482485367e+03 3.216747325042201311e+01 3.890248788964971482e+03 3.812420763666017447e+05 3.152393319482485822e+03 3.812420763666016865e+05 3.736149760000002384e+07
9.649902259166887736e-03 1.167033552343494041e+00 1.143685966684150372e+02 1.167033552343497149e+00 -1.260178578878485041e+03 3.486162262991844909e+05 1.143685966684151936e+02 3.486162262991848984e+05 -8.079122136333982944e+08 2.659846172953677090e-01 3.216747325042200600e+01 3.152393319482485367e+03 3.216747325042201311e+01 3.890248788964971482e+03 3.812420763666017447e+05 3.152393319482485822e+03 3.812420763666016865e+05 3.736149760000002384e+07
9.649902259166887736e-03 1.167033552343494041e+00 1.143685966684150372e+02 1.167033552343497149e+00 -1.260178578878485041e+03 3.486162262991844909e+05 1.143685966684151936e+02 3.486162262991848984e+05 -8.079122136333982944e+08 2.659846172953677090e-01 3.216747325042200600e+01 3.152393319482485367e+03 3.216747325042201311e+01 3.890248788964971482e+03 3.812420763666017447e+05 3.152393319482485822e+03 3.812420763666016865e+05 3.736149760000002384e+07
9.649902259166887736e-03 1.167033552343494041e+00 1.143685966684150372e+02 1.167033552343497149e+00 -1.260178578878485041e+03 3.486162262991844909e+05 1.143685966684151936e+02 3.486162262991848984e+05 -8.079122136333982944e+08 2.659846172953677090e-01 3.216747325042200600e+01 3.152393319482485367e+03 3.216747325042201311e+01 3.890248788964971482e+03 3.812420763666017447e+05 3.152393319482485822e+03 3.812420763666016865e+05 3.736149760000002384e+07
9.649902259166887736e-03 1.167033552343494041e+00 1.143685966684150372e+02 1.167033552343497149e+00 -1.260178578878485041e+03 3.486162262991844909e+05 1.143685966684151936e+02 3.486162262991848984e+05 -8.079122136333982944e+08 2.659846172953677090e-01 3.216747325042200600e+01 3.152393319482485367e+03 3.216747325042201311e+01 3.890248788964971482e+03 3.812420763666017447e+05 3.152393319482485822e+03 3.812420763666016865e+05 3.736149760000002384e+07
9.649902259166887736e-03 1.167033552343494041e+00 1.143685966684150372e+02 1.167033552343497149e+00 -1.260178578878485041e+03 3.486162262991844909e+05 1.143685966684151936e+02 3.486162262991848984e+05 -8.079122136333982944e+08 2.659846172953677090e-01 3.216747325042200600e+01 3.152393319482485367e+03 3.216747325042201311e+01 3.890248788964971482e+03 3.812420763666017447e+05 3.152393319482485822e+03 3.812420763666016865e+05 3.736149760000002384e+07
9.649902259166887736e-03 1.167033552343494041e+00 1.143685966684150372e+02 1.167033552343497149e+00 -1.260178578878485041e+03 3.486162262991844909e+05 1.143685966684151936e+02 3.486162262991848984e+05 -8.079122136333982944e+08 2.659846172953677090e-01 3.216747325042200600e+01 3.152393319482485367e+03 3.216747325042201311e+01 3.890248788964971482e+03 3.812420763666017447e+05 3.152393319482485822e+03 3.812420763666016865e+05 3.736149760000002384e+07
9.649902259166887736e-03 1.167033552343494041e+00 1.143685966684150372e+02 1.167033552343497149e+00 -1.260178578878485041e+03 3.486162262991844909e+05 1.143685966684151936e+02 3.486162262991848984e+05 -8.079122136333982944e+08 2.659846172953677090e-01 3.216747325042200600e+01 3.152393319482485367e+03 3.216747325042201311e+01 3.890248788964971482e+03 3.812420763666017447e+05 3.152393319482485822e+03 3.812420763666016865e+05 3.736149760000002384e+07
9.649902259166887736e-03 1.167033552343494041e+00 1.143685966684150372e+02 1.167033552343497149e+00 -1.260178578878485041e+03 3.486162262991844909e+05 1.143685966684151936e+02 3.486162262991848984e+05 -8.079122136333982944e+08 2.659846172953677090e-01 3.216747325042200600e+01 3.152393319482485367e+03 3.216747325042201311e+01 3.890248788964971482e+03 3.812420763666017447e+05 3.152393319482485822e+03 3.812420763666016865e+05 3.736149760000002384e+07
9.649902259166887736e-03 1.167033552343494041e+00 1.143685966684150372e+02 1.167033552343497149e+00 -1.260178578878485041e+03 3.486162262991844909e+05 1.143685966684151936e+02 3.486162262991848984e+05 -8.079122136333982944e+08 2.659846172953677090e-01 3.216747325042200600e+01 3.152393319482485367e+03 3.216747325042201311e+01 3.890248788964971482e+03 3.812420763666017447e+05 3.152393319482485822e+03 3.812420763666016865e+05 3.736149760000002384e+07
9.649902259166887736e-03 1.167033552343494041e+00 1.143685966684150372e+02 1.167033552343497149e+00 -1.260178578878485041e+03 3.486162262991844909e+05 1.143685966684151936e+02 3.486162262991848984e+05 -8.079122136333982944e+08 2.659846172953677090e-01 3.216747325042200600e+01 3.152393319482485367e+03 3.216747325042201311e+01 3.890248788964971482e+03 3.812420763666017447e+05 3.152393319482485822e+03 3.812420763666016865e+05 3.736149760000002384e+07
9.649902259166887736e-03 1.167033552343494041e+00 1.143685966684150372e+02 1.167033552343497149e+00 -1.260178578878485041e+03 3.486162262991844909e+05 1.143685966684151936e+02 3.486162262991848984e+05 -8.079122136333982944e+08 2.659846172953677090e-01 3.216747325042200600e+01 3.152393319482485367e+03 3.216747325042201311e+01 3.890248788964971482e+03 3.812420763666017447e+05 3.152393319482485822e+03 3.812420763666016865e+05 3.736149760000002384e+07
9.649902259166887736e-03 1.167033552343494041e+00 1.143685966684150372e+02 1.167033552343497149e+00 -1.260178578878485041e+03 3.486162262991844909e+05 1.143685966684151936e+02 3.486162262991848984e+05 -8.079122136333982944e+08 2.659846172953677090e-01 3.216747325042200600e+01 3.152393319482485367e+03 3.216747325042201311e+01 3.890248788964971482e+03 3.812420763666017447e+05 3.152393319482485822e+03 3.812420763666016865e+05 3.736149760000002384e+07
9.649902259166887736e-03 1.167033552343494041e+00 1.143685966684150372e+02 1.167033552343497149e+00 -1.260178578878485041e+03 3.486162262991844909e+05 1.143685966684151936e+02 3.486162262991848984e+05 -8.079122136333982944e+08 2.659846172953677090e-01 3.216747325042200600e+01 3.152393319482485367e+03 3.216747325042201311e+01 3.890248788964971482e+03 3.812420763666017447e+05 3.152393319482485822e+03 3.812420763666016865e+05 3.736149760000002384e+07
9.649902259166887736e-03 1.167033552343494041e+00 1.143685966684150372e+02 1.167033552343497149e+00 -1.260178578878485041e+03 3.486162262991844909e+05 1.143685966684151936e+02 3.486162262991848984e+05 -8.079122136333982944e+08 2.659846172953677090e-01 3.216747325042200600e+01 3.152393319482485367e+03 3.216747325042201311e+01 3.890248788964971482e+03 3.812420763666017447e+05 3.152393319482485822e+03 3.812420763666016865e+05 3.736149760000002384e+07
9.649902259166887736e-03 1.167033552343494041e+00 1.143685966684150372e+02 1.167033552343497149e+00 -1.260178578878485041e+03 3.486162262991844909e+05 1.143685966684151936e+02 3.486162262991848984e+05 -8.079122136333982944e+08 2.659846172953677090e-01 3.216747325042200600e+01 3.152393319482485367e+03 3.216747325042201311e+01 3.890248788964971482e+03 3.812420763666017447e+05 3.152393319482485822e+03 3.812420763666016865e+05 3.736149760000002384e+07
9.649902259166887736e-03 1.167033552343494041e+00 1.143685966684150372e+02 1.167033552343497149e+00 -1.260178578878485041e+03 3.486162262991844909e+05 1.143685966684151936e+02 3.486162262991848984e+05 -8.079122136333982944e+08 2.659846172953677090e-01 3.216747325042200600e+01 3.152393319482485367e+03 3.216747325042201311e+01 3.890248788964971482e+03 3.812420763666017447e+05 3.152393319482485822e+03 3.812420763666016865e+05 3.736149760000002384e+07
9.649902259166887736e-03 1.167033552343494041e+00 1.143685966684150372e+02 1.167033552343497149e+00 -1.260178578878485041e+03 3.486162262991844909e+05 1.143685966684151936e+02 3.486162262991848984e+05 -8.079122136333982944e+08 2.659846172953677090e-01 3.216747325042200600e+01 3.152393319482485367e+03 3.216747325042201311e+01 3.890248788964971482e+03 3.812420763666017447e+05 3.152393319482485822e+03 3.812420763666016865e+05 3.736149760000002384e+07
9.649902259166887736e-03 1.167033552343494041e+00 1.143685966684150372e+02 1.167033552343497149e+00 -1.260178578878485041e+03 3.486162262991844909e+05 1.143685966684151936e+02 3.486162262991848984e+05 -8.079122136333982944e+08 2.659846172953677090e-01 3.216747325042200600e+01 3.152393319482485367e+03 3.216747325042201311e+01 3.890248788964971482e+03 3.812420763666017447e+05 3.152393319482485822e+03 3.812420763666016865e+05 3.736149760000002384e+07
9.649902259166887736e-03 1.167033552343494041e+00 1.143685966684150372e+02 1.167033552343497149e+00 -1.260178578878485041e+03 3.486162262991844909e+05 1.143685966684151936e+02 3.486162262991848984e+05 -8.079122136333982944e+08 2.659846172953677090e-01 3.216747325042200600e+01 3.152393319482485367e+03 3.216747325042201311e+01 3.890248788964971482e+03 3.812420763666017447e+05 3.152393319482485822e+03 3.812420763666016865e+05 3.736149760000002384e+07
9.649902259166887736e-03 1.167033552343494041e+00 1.143685966684150372e+02 1.167033552343497149e+00 -1.260178578878485041e+03 3.486162262991844909e+05 1.143685966684151936e+02 3.486162262991848984e+05 -8.079122136333982944e+08 2.659846172953677090e-01 3.216747325042200600e+01 3.152393319482485367e+03 3.216747325042201311e+01 3.890248788964971482e+03 3.812420763666017447e+05 3.152393319482485822e+03 3.812420763666016865e+05 3.736149760000002384e+07
9.649902259166887736e-03 1.167033552343494041e+00 1.143685966684150372e+02 1.167033552343497149e+00 -1.260178578878485041e+03 3.486162262991844909e+05 1.143685966684151936e+02 3.486162262991848984e+05 -8.079122136333982944e+08 2.659846172953677090e-01 3.216747325042200600e+01 3.152393319482485367e+03 3.216747325042201311e+01 3.890248788964971482e+03 3.812420763666017447e+05 3.152393319482485822e+03 3.812420763666016865e+05 3.736149760000002384e+07
9.649902259166887736e-03 1.167033552343494041e+00 1.143685966684150372e+02 1.167033552343497149e+00 -1.260178578878485041e+03 3.486162262991844909e+05 1.143685966684151936e+02 3.486162262991848984e+05 -8.079122136333982944e+08 2.659846172953677090e-01 3.216747325042200600e+01 3.152393319482485367e+03 3.216747325042201311e+01 3.890248788964971482e+03 3.812420763666017447e+05 3.152393319482485822e+03 3.812420763666016865e+05 3.736149760000002384e+07
9.649902259166887736e-03 1.167033552343494041e+00 1.143685966684150372e+02 1.167033552343497149e+00 -1.260178578878485041e+03 3.486162262991844909e+05 1.143685966684151936e+02 3.486162262991848984e+05 -8.079122136333982944e+08 2.659846172953677090e-01 3.216747325042200600e+01 3.152393319482485367e+03 3.216747325042201311e+01 3.890248788964971482e+03 3.812420763666017447e+05 3.152393319482485822e+03 3.812420763666016865e+05 3.736149760000002384e+07
9.649902259166887736e-03 1.167033552343494041e+00 1.143685966684150372e+02 1.167033552343497149e+00 -1.260178578878485041e+03 3.486162262991844909e+05 1.143685966684151936e+02 3.486162262991848984e+05 -8.079122136333982944e+08 2.659846172953677090e-01 3.216747325042200600e+01 3.152393319482485367e+03 3.216747325042201311e+01 3.890248788964971482e+03 3.812420763666017447e+05 3.152393319482485822e+03 3.812420763666016865e+05 3.736149760000002384e+07
9.649902259166887736e-03 1.167033552343494041e+00 1.143685966684150372e+02 1.167033552343497149e+00 -1.260178578878485041e+03 3.486162262991844909e+05 1.143685966684151936e+02 3.486162262991848984e+05 -8.079122136333982944e+08 2.659846172953677090e-01 3.216747325042200600e+01 3.152393319482485367e+03 3.216747325042201311e+01 3.890248788964971482e+03 3.812420763666017447e+05 3.152393319482485822e+03 3.812420763666016865e+05 3.736149760000002384e+07
9.649902259166887736e-03 1.167033552343494041e+00 1.143685966684150372e+02 1.167033552343497149e+00 -1.260178578878485041e+03 3.486162262991844909e+05 1.143685966684151936e+02 3.486162262991848984e+05 -8.079122136333982944e+08 2.659846172953677090e-01 3.216747325042200600e+01 3.152393319482485367e+03 3.216747325042201311e+01 3.890248788964971482e+03 3.812420763666017447e+05 3.152393319482485822e+03 3.812420763666016865e+05 3.736149760000002384e+07
9.649902259166887736e-03 1.167033552343494041e+00 1.143685966684150372e+02 1.167033552343497149e+00 -1.260178578878485041e+03 3.486162262991844909e+05 1.143685966684151936e+02 3.486162262991848984e+05 -8.079122136333982944e+08 2.659846172953677090e-01 3.216747325042200600e+01 3.152393319482485367e+03 3.216747325042201311e+01 3.890248788964971482e+03 3.812420763666017447e+05 3.152393319482485822e+03 3.812420763666016865e+05 3.736149760000002384e+07
9.649902259166887736e-03 1.167033552343494041e+00 1.143685966684150372e+02 1.167033552343497149e+00 -1.260178578878485041e+03 3.486162262991844909e+05 1.143685966684151936e+02 3.486162262991848984e+05 -8.079122136333982944e+08 2.659846172953677090e-01 3.216747325042200600e+01 3.152393319482485367e+03 3.216747325042201311e+01 3.890248788964971482e+03 3.812420763666017447e+05 3.152393319482485822e+03 3.812420763666016865e+05 3.736149760000002384e+07
9.649902259166887736e-03 1.167033552343494041e+00 1.143685966684150372e+02 1.167033552343497149e+00 -1.260178578878485041e+03 3.486162262991844909e+05 1.143685966684151936e+02 3.486162262991848984e+05 -8.079122136333982944e+08 2.659846172953677090e-01 3.216747325042200600e+01 3.152393319482485367e+03 3.216747325042201311e+01 3.890248788964971482e+03 3.812420763666017447e+05 3.152393319482485822e+03 3.812420763666016865e+05 3.736149760000002384e+07
9.649902259166887736e-03 1.167033552343494041e+00 1.143685966684150372e+02 1.167033552343497149e+00 -1.260178578878485041e+03 3.486162262991844909e+05 1.143685966684151936e+02 3.486162262991848984e+05 -8.079122136333982944e+08 2.659846172953677090e-01 3.216747325042200600e+01 3.152393319482485367e+03 3.216747325042201311e+01 3.890248788964971482e+03 3.812420763666017447e+05 3.152393319482485822e+03 3.812420763666016865e+05 3.736149760000002384e+07
9.649902259166887736e-03 1.167033552343494041e+00 1.143685966684150372e+02 1.167033552343497149e+00 -1.260178578878485041e+03 3.486162262991844909e+05 1.143685966684151936e+02 3.486162262991848984e+05 -8.079122136333982944e+08 2.659846172953677090e-01 3.216747325042200600e+01 3.152393319482485367e+03 3.216747325042201311e+01 3.890248788964971482e+03 3.812420763666017447e+05 3.152393319482485822e+03 3.812420763666016865e+05 3.736149760000002384e+07
9.649902259166887736e-03 1.167033552343494041e+00 1.143685966684150372e+02 1.167033552343497149e+00 -1.260178578878485041e+03 3.486162262991844909e+05 1.143685966684151936e+02 3.486162262991848984e+05 -8.079122136333982944e+08 2.659846172953677090e-01 3.216747325042200600e+01 3.152393319482485367e+03 3.216747325042201311e+01 3.890248788964971482e+03 3.812420763666017447e+05 3.152393319482485822e+03 3.812420763666016865e+05 3.736149760000002384e+07
9.649902259166887736e-03 1.167033552343494041e+00 1.143685966684150372e+02 1.167033552343497149e+00 -1.260178578878485041e+03 3.486162262991844909e+05 1.143685966684151936e+02 3.486162262991848984e+05 -8.079122136333982944e+08 2.659846172953677090e-01 3.216747325042200600e+01 3.152393319482485367e+03 3.216747325042201311e+01 3.890248788964971482e+03 3.812420763666017447e+05 3.152393319482485822e+03 3.812420763666016865e+05 3.736149760000002384e+07
9.649902259166887736e-03 1.167033552343494041e+00 1.143685966684150372e+02 1.167033552343497149e+00 -1.260178578878485041e+03 3.486162262991844909e+05 1.143685966684151936e+02 3.486162262991848984e+05 -8.079122136333982944e+08 2.659846172953677090e-01 3.216747325042200600e+01 3.152393319482485367e+03 3.216747325042201311e+01 3.890248788964971482e+03 3.812420763666017447e+05 3.152393319482485822e+03 3.812420763666016865e+05 3.736149760000002384e+07
9.649902259166887736e-03 1.167033552343494041e+00 1.143685966684150372e+02 1.167033552343497149e+00 -1.260178578878485041e+03 3.486162262991844909e+05 1.143685966684151936e+02 3.486162262991848984e+05 -8.079122136333982944e+08 2.659846172953677090e-01 3.216747325042200600e+01 3.152393319482485367e+03 3.216747325042201311e+01 3.890248788964971482e+03 3.812420763666017447e+05 3.152393319482485822e+03 3.812420763666016865e+05 3.736149760000002384e+07
9.649902259166887736e-03 1.167033552343494041e+00 1.143685966684150372e+02 1.167033552343497149e+00 -1.260178578878485041e+03 3.486162262991844909e+05 1.143685966684151936e+02 3.486162262991848984e+05 -8.079122136333982944e+08 2.659846172953677090e-01 3.216747325042200600e+01 3.152393319482485367e+03 3.216747325042201311e+01 3.890248788964971482e+03 3.812420763666017447e+05 3.152393319482485822e+03 3.812420763666016865e+05 3.736149760000002384e+07
9.649902259166887736e-03 1.167033552343494041e+00 1.143685966684150372e+02 1.167033552343497149e+00 -1.260178578878485041e+03 3.486162262991844909e+05 1.143685966684151936e+02 3.486162262991848984e+05 -8.079122136333982944e+08 2.659846172953677090e-01 3.216747325042200600e+01 3.152393319482485367e+03 3.216747325042201311e+01 3.890248788964971482e+03 3.812420763666017447e+05 3.152393319482485822e+03 3.812420763666016865e+05 3.736149760000002384e+07
9.649902259166887736e-03 1.167033552343494041e+00 1.143685966684150372e+02 1.167033552343497149e+00 -1.260178578878485041e+03 3.486162262991844909e+05 1.143685966684151936e+02 3.486162262991848984e+05 -8.079122136333982944e+08 2.659846172953677090e-01 3.216747325042200600e+01 3.152393319482485367e+03 3.216747325042201311e+01 3.890248788964971482e+03 3.812420763666017447e+05 3.152393319482485822e+03 3.812420763666016865e+05 3.736149760000002384e+07
9.649902259166887736e-03 1.167033552343494041e+00 1.143685966684150372e+02 1.167033552343497149e+00 -1.260178578878485041e+03 3.486162262991844909e+05 1.143685966684151936e+02 3.486162262991848984e+05 -8.079122136333982944e+08 2.659846172953677090e-01 3.216747325042200600e+01 3.152393319482485367e+03 3.216747325042201311e+01 3.890248788964971482e+03 3.812420763666017447e+05 3.152393319482485822e+03 3.812420763666016865e+05 3.736149760000002384e+07
9.649902259166887736e-03 1.167033552343494041e+00 1.143685966684150372e+02 1.167033552343497149e+00 -1.260178578878485041e+03 3.486162262991844909e+05 1.143685966684151936e+02 3.486162262991848984e+05 -8.079122136333982944e+08 2.659846172953677090e-01 3.216747325042200600e+01 3.152393319482485367e+03 3.216747325042201311e+01 3.890248788964971482e+03 3.812420763666017447e+05 3.152393319482485822e+03 3.812420763666016865e+05 3.736149760000002384e+07
9.649902259166887736e-03 1.167033552343494041e+00 1.143685966684150372e+02 1.167033552343497149e+00 -1.260178578878485041e+03 3.486162262991844909e+05 1.143685966684151936e+02 3.486162262991848984e+05 -8.079122136333982944e+08 2.659846172953677090e-01 3.216747325042200600e+01 3.152393319482485367e+03 3.216747325042201311e+01 3.890248788964971482e+03 3.812420763666017447e+05 3.152393319482485822e+03 3.812420763666016865e+05 3.736149760000002384e+07
9.649902259166887736e-03 1.167033552343494041e+00 1.143685966684150372e+02 1.167033552343497149e+00 -1.260178578878485041e+03 3.486162262991844909e+05 1.143685966684151936e+02 3.486162262991848984e+05 -8.079122136333982944e+08 2.659846172953677090e-01 3.216747325042200600e+01 3.152393319482485367e+03 3.216747325042201311e+01 3.890248788964971482e+03 3.812420763666017447e+05 3.152393319482485822e+03 3.812420763666016865e+05 3.736149760000002384e+07
9.649902259166887736e-03 1.167033552343494041e+00 1.143685966684150372e+02 1.167033552343497149e+00 -1.260178578878485041e+03 3.486162262991844909e+05 1.143685966684151936e+02 3.486162262991848984e+05 -8.079122136333982944e+08 2.659846172953677090e-01 3.216747325042200600e+01 3.152393319482485367e+03 3.216747325042201311e+01 3.890248788964971482e+03 3.812420763666017447e+05 3.152393319482485822e+03 3.812420763666016865e+05 3.736149760000002384e+07
9.649902259166887736e-03 1.167033552343494041e+00 1.143685966684150372e+02 1.167033552343497149e+00 -1.260178578878485041e+03 3.486162262991844909e+05 1.143685966684151936e+02 3.486162262991848984e+05 -8.079122136333982944e+08 2.659846172953677090e-01 3.216747325042200600e+01 3.152393319482485367e+03 3.216747325042201311e+01 3.890248788964971482e+03 3.812420763666017447e+05 3.152393319482485822e+03 3.812420763666016865e+05 3.736149760000002384e+07
9.649902259166887736e-03 1.167033552343494041e+00 1.143685966684150372e+02 1.167033552343497149e+00 -1.260178578878485041e+03 3.486162262991844909e+05 1.143685966684151936e+02 3.486162262991848984e+05 -8.079122136333982944e+08 2.659846172953677090e-01 3.216747325042200600e+01 3.152393319482485367e+03 3.216747325042201311e+01 3.890248788964971482e+03 3.812420763666017447e+05 3.152393319482485822e+03 3.812420763666016865e+05 3.736149760000002384e+07
9.649902259166887736e-03 1.167033552343494041e+00 1.143685966684150372e+02 1.167033552343497149e+00 -1.260178578878485041e+03 3.486162262991844909e+05 1.143685966684151936e+02 3.486162262991848984e+05 -8.079122136333982944e+08 2.659846172953677090e-01 3.216747325042200600e+01 3.152393319482485367e+03 3.216747325042201311e+01 3.890248788964971482e+03 3.812420763666017447e+05 3.152393319482485822e+03 3.812420763666016865e+05 3.736149760000002384e+07
9.649902259166887736e-03 1.167033552343494041e+00 1.143685966684150372e+02 1.167033552343497149e+00 -1.260178578878485041e+03 3.486162262991844909e+05 1.143685966684151936e+02 3.486162262991848984e+05 -8.079122136333982944e+08 2.659846172953677090e-01 3.216747325042200600e+01 3.152393319482485367e+03 3.216747325042201311e+01 3.890248788964971482e+03 3.812420763666017447e+05 3.152393319482485822e+03 3.812420763666016865e+05 3.736149760000002384e+07
9.649902259166887736e-03 1.167033552343494041e+00 1.143685966684150372e+02 1.167033552343497149e+00 -1.260178578878485041e+03 3.486162262991844909e+05 1.143685966684151936e+02 3.486162262991848984e+05 -8.079122136333982944e+08 2.659846172953677090e-01 3.216747325042200600e+01 3.152393319482485367e+03 3.216747325042201311e+01 3.890248788964971482e+03 3.812420763666017447e+05 3.152393319482485822e+03 3.812420763666016865e+05 3.736149760000002384e+07
9.649902259166887736e-03 1.167033552343494041e+00 1.143685966684150372e+02 1.167033552343497149e+00 -1.260178578878485041e+03 3.486162262991844909e+05 1.143685966684151936e+02 3.486162262991848984e+05 -8.079122136333982944e+08 2.659846172953677090e-01 3.216747325042200600e+01 3.152393319482485367e+03 3.216747325042201311e+01 3.890248788964971482e+03 3.812420763666017447e+05 3.152393319482485822e+03 3.812420763666016865e+05 3.736149760000002384e+07
9.649902259166887736e-03 1.167033552343494041e+00 1.143685966684150372e+02 1.167033552343497149e+00 -1.260178578878485041e+03 3.486162262991844909e+05 1.143685966684151936e+02 3.486162262991848984e+05 -8.079122136333982944e+08 2.659846172953677090e-01 3.216747325042200600e+01 3.152393319482485367e+03 3.216747325042201311e+01 3.890248788964971482e+03 3.812420763666017447e+05 3.152393319482485822e+03 3.812420763666016865e+05 3.736149760000002384e+07
9.649902259166887736e-03 1.167033552343494041e+00 1.143685966684150372e+02 1.167033552343497149e+00 -1.260178578878485041e+03 3.486162262991844909e+05 1.143685966684151936e+02 3.486162262991848984e+05 -8.079122136333982944e+08 2.659846172953677090e-01 3.216747325042200600e+01 3.152393319482485367e+03 3.216747325042201311e+01 3.890248788964971482e+03 3.812420763666017447e+05 3.152393319482485822e+03 3.812420763666016865e+05 3.736149760000002384e+07
9.649902259166887736e-03 1.167033552343494041e+00 1.143685966684150372e+02 1.167033552343497149e+00 -1.260178578878485041e+03 3.486162262991844909e+05 1.143685966684151936e+02 3.486162262991848984e+05 -8.079122136333982944e+08 2.659846172953677090e-01 3.216747325042200600e+01 3.152393319482485367e+03 3.216747325042201311e+01 3.890248788964971482e+03 3.812420763666017447e+05 3.152393319482485822e+03 3.812420763666016865e+05 3.736149760000002384e+07
9.649902259166887736e-03 1.167033552343494041e+00 1.143685966684150372e+02 1.167033552343497149e+00 -1.260178578878485041e+03 3.486162262991844909e+05 1.143685966684151936e+02 3.486162262991848984e+05 -8.079122136333982944e+08 2.659846172953677090e-01 3.216747325042200600e+01 3.152393319482485367e+03 3.216747325042201311e+01 3.890248788964971482e+03 3.812420763666017447e+05 3.152393319482485822e+03 3.812420763666016865e+05 3.736149760000002384e+07
9.649902259166887736e-03 1.167033552343494041e+00 1.143685966684150372e+02 1.167033552343497149e+00 -1.260178578878485041e+03 3.486162262991844909e+05 1.143685966684151936e+02 3.486162262991848984e+05 -8.079122136333982944e+08 2.659846172953677090e-01 3.216747325042200600e+01 3.152393319482485367e+03 3.216747325042201311e+01 3.890248788964971482e+03 3.812420763666017447e+05 3.152393319482485822e+03 3.812420763666016865e+05 3.736149760000002384e+07
9.649902259166887736e-03 1.167033552343494041e+00 1.143685966684150372e+02 1.167033552343497149e+00 -1.260178578878485041e+03 3.486162262991844909e+05 1.143685966684151936e+02 3.486162262991848984e+05 -8.079122136333982944e+08 2.659846172953677090e-01 3.216747325042200600e+01 3.152393319482485367e+03 3.216747325042201311e+01 3.890248788964971482e+03 3.812420763666017447e+05 3.152393319482485822e+03 3.812420763666016865e+05 3.736149760000002384e+07
9.649902259166887736e-03 1.167033552343494041e+00 1.143685966684150372e+02 1.167033552343497149e+00 -1.260178578878485041e+03 3.486162262991844909e+05 1.143685966684151936e+02 3.486162262991848984e+05 -8.079122136333982944e+08 2.659846172953677090e-01 3.216747325042200600e+01 3.152393319482485367e+03 3.216747325042201311e+01 3.890248788964971482e+03 3.812420763666017447e+05 3.152393319482485822e+03 3.812420763666016865e+05 3.736149760000002384e+07
9.649902259166887736e-03 1.167033552343494041e+00 1.143685966684150372e+02 1.167033552343497149e+00 -1.260178578878485041e+03 3.486162262991844909e+05 1.143685966684151936e+02 3.486162262991848984e+05 -8.079122136333982944e+08 2.659846172953677090e-01 3.216747325042200600e+01 3.152393319482485367e+03 3.216747325042201311e+01 3.890248788964971482e+03 3.812420763666017447e+05 3.152393319482485822e+03 3.812420763666016865e+05 3.736149760000002384e+07
9.649902259166887736e-03 1.167033552343494041e+00 1.143685966684150372e+02 1.167033552343497149e+00 -1.260178578878485041e+03 3.486162262991844909e+05 1.143685966684151936e+02 3.486162262991848984e+05 -8.079122136333982944e+08 2.659846172953677090e-01 3.216747325042200600e+01 3.152393319482485367e+03 3.216747325042201311e+01 3.890248788964971482e+03 3.812420763666017447e+05 3.152393319482485822e+03 3.812420763666016865e+05 3.736149760000002384e+07
9.649902259166887736e-03 1.167033552343494041e+00 1.143685966684150372e+02 1.167033552343497149e+00 -1.260178578878485041e+03 3.486162262991844909e+05 1.143685966684151936e+02 3.486162262991848984e+05 -8.079122136333982944e+08 2.659846172953677090e-01 3.216747325042200600e+01 3.152393319482485367e+03 3.216747325042201311e+01 3.890248788964971482e+03 3.812420763666017447e+05 3.152393319482485822e+03 3.812420763666016865e+05 3.736149760000002384e+07
9.649902259166887736e-03 1.167033552343494041e+00 1.143685966684150372e+02 1.167033552343497149e+00 -1.260178578878485041e+03 3.486162262991844909e+05 1.143685966684151936e+02 3.486162262991848984e+05 -8.079122136333982944e+08 2.659846172953677090e-01 3.216747325042200600e+01 3.152393319482485367e+03 3.216747325042201311e+01 3.890248788964971482e+03 3.812420763666017447e+05 3.152393319482485822e+03 3.812420763666016865e+05 3.736149760000002384e+07
9.649902259166887736e-03 1.167033552343494041e+00 1.143685966684150372e+02 1.167033552343497149e+00 -1.260178578878485041e+03 3.486162262991844909e+05 1.143685966684151936e+02 3.486162262991848984e+05 -8.079122136333982944e+08 2.659846172953677090e-01 3.216747325042200600e+01 3.152393319482485367e+03 3.216747325042201311e+01 3.890248788964971482e+03 3.812420763666017447e+05 3.152393319482485822e+03 3.812420763666016865e+05 3.736149760000002384e+07
9.649902259166887736e-03 1.167033552343494041e+00 1.143685966684150372e+02 1.167033552343497149e+00 -1.260178578878485041e+03 3.486162262991844909e+05 1.143685966684151936e+02 3.486162262991848984e+05 -8.079122136333982944e+08 2.659846172953677090e-01 3.216747325042200600e+01 3.152393319482485367e+03 3.216747325042201311e+01 3.890248788964971482e+03 3.812420763666017447e+05 3.152393319482485822e+03 3.812420763666016865e+05 3.736149760000002384e+07
9.649902259166887736e-03 1.167033552343494041e+00 1.143685966684150372e+02 1.167033552343497149e+00 -1.260178578878485041e+03 3.486162262991844909e+05 1.143685966684151936e+02 3.486162262991848984e+05 -8.079122136333982944e+08 2.659846172953677090e-01 3.216747325042200600e+01 3.152393319482485367e+03 3.216747325042201311e+01 3.890248788964971482e+03 3.812420763666017447e+05 3.152393319482485822e+03 3.812420763666016865e+05 3.736149760000002384e+07
9.649902259166887736e-03 1.167033552343494041e+00 1.143685966684150372e+02 1.167033552343497149e+00 -1.260178578878485041e+03 3.486162262991844909e+05 1.143685966684151936e+02 3.486162262991848984e+05 -8.079122136333982944e+08 2.659846172953677090e-01 3.216747325042200600e+01 3.152393319482485367e+03 3.216747325042201311e+01 3.890248788964971482e+03 3.812420763666017447e+05 3.152393319482485822e+03 3.812420763666016865e+05 3.736149760000002384e+07
9.649902259166887736e-03 1.167033552343494041e+00 1.143685966684150372e+02 1.167033552343497149e+00 -1.260178578878485041e+03 3.486162262991844909e+05 1.143685966684151936e+02 3.486162262991848984e+05 -8.079122136333982944e+08 2.659846172953677090e-01 3.216747325042200600e+01 3.152393319482485367e+03 3.216747325042201311e+01 3.890248788964971482e+03 3.812420763666017447e+05 3.152393319482485822e+03 3.812420763666016865e+05 3.736149760000002384e+07
9.649902259166887736e-03 1.167033552343494041e+00 1.143685966684150372e+02 1.167033552343497149e+00 -1.260178578878485041e+03 3.486162262991844909e+05 1.143685966684151936e+02 3.486162262991848984e+05 -8.079122136333982944e+08 2.659846172953677090e-01 3.216747325042200600e+01 3.152393319482485367e+03 3.216747325042201311e+01 3.890248788964971482e+03 3.812420763666017447e+05 3.152393319482485822e+03 3.812420763666016865e+05 3.736149760000002384e+07
9.649902259166887736e-03 1.167033552343494041e+00 1.143685966684150372e+02 1.167033552343497149e+00 -1.260178578878485041e+03 3.486162262991844909e+05 1.143685966684151936e+02 3.486162262991848984e+05 -8.079122136333982944e+08 2.659846172953677090e-01 3.216747325042200600e+01 3.152393319482485367e+03 3.216747325042201311e+01 3.890248788964971482e+03 3.812420763666017447e+05 3.152393319482485822e+03 3.812420763666016865e+05 3.736149760000002384e+07
9.649902259166887736e-03 1.167033552343494041e+00 1.143685966684150372e+02 1.167033552343497149e+00 -1.260178578878485041e+03 3.486162262991844909e+05 1.143685966684151936e+02 3.486162262991848984e+05 -8.079122136333982944e+08 2.659846172953677090e-01 3.216747325042200600e+01 3.152393319482485367e+03 3.216747325042201311e+01 3.890248788964971482e+03 3.812420763666017447e+05 3.152393319482485822e+03 3.812420763666016865e+05 3.736149760000002384e+07
9.649902259166887736e-03 1.167033552343494041e+00 1.143685966684150372e+02 1.167033552343497149e+00 -1.260178578878485041e+03 3.486162262991844909e+05 1.143685966684151936e+02 3.486162262991848984e+05 -8.079122136333982944e+08 2.659846172953677090e-01 3.216747325042200600e+01 3.152393319482485367e+03 3.216747325042201311e+01 3.890248788964971482e+03 3.812420763666017447e+05 3.152393319482485822e+03 3.812420763666016865e+05 3.736149760000002384e+07
9.649902259166887736e-03 1.167033552343494041e+00 1.143685966684150372e+02 1.167033552343497149e+00 -1.260178578878485041e+03 3.486162262991844909e+05 1.143685966684151936e+02 3.486162262991848984e+05 -8.079122136333982944e+08 2.659846172953677090e-01 3.216747325042200600e+01 3.152393319482485367e+03 3.216747325042201311e+01 3.890248788964971482e+03 3.812420763666017447e+05 3.152393319482485822e+03 3.812420763666016865e+05 3.736149760000002384e+07
9.649902259166887736e-03 1.167033552343494041e+00 1.143685966684150372e+02 1.167033552343497149e+00 -1.260178578878485041e+03 3.486162262991844909e+05 1.143685966684151936e+02 3.486162262991848984e+05 -8.079122136333982944e+08 2.659846172953677090e-01 3.216747325042200600e+01 3.152393319482485367e+03 3.216747325042201311e+01 3.890248788964971482e+03 3.812420763666017447e+05 3.152393319482485822e+03 3.812420763666016865e+05 3.736149760000002384e+07
9.649902259166887736e-03 1.167033552343494041e+00 1.143685966684150372e+02 1.167033552343497149e+00 -1.260178578878485041e+03 3.486162262991844909e+05 1.143685966684151936e+02 3.486162262991848984e+05 -8.079122136333982944e+08 2.659846172953677090e-01 3.216747325042200600e+01 3.152393319482485367e+03 3.216747325042201311e+01 3.890248788964971482e+03 3.812420763666017447e+05 3.152393319482485822e+03 3.812420763666016865e+05 3.736149760000002384e+07
9.649902259166887736e-03 1.167033552343494041e+00 1.143685966684150372e+02 1.167033552343497149e+00 -1.260178578878485041e+03 3.486162262991844909e+05 1.143685966684151936e+02 3.486162262991848984e+05 -8.079122136333982944e+08 2.659846172953677090e-01 3.216747325042200600e+01 3.152393319482485367e+03 3.216747325042201311e+01 3.890248788964971482e+03 3.812420763666017447e+05 3.152393319482485822e+03 3.812420763666016865e+05 3.736149760000002384e+07
9.649902259166887736e-03 1.167033552343494041e+00 1.143685966684150372e+02 1.167033552343497149e+00 -1.260178578878485041e+03 3.486162262991844909e+05 1.143685966684151936e+02 3.486162262991848984e+05 -8.079122136333982944e+08 2.659846172953677090e-01 3.216747325042200600e+01 3.152393319482485367e+03 3.216747325042201311e+01 3.890248788964971482e+03 3.812420763666017447e+05 3.152393319482485822e+03 3.812420763666016865e+05 3.736149760000002384e+07
9.649902259166887736e-03 1.167033552343494041e+00 1.143685966684150372e+02 1.167033552343497149e+00 -1.260178578878485041e+03 3.486162262991844909e+05 1.143685966684151936e+02 3.486162262991848984e+05 -8.079122136333982944e+08 2.659846172953677090e-01 3.216747325042200600e+01 3.152393319482485367e+03 3.216747325042201311e+01 3.890248788964971482e+03 3.812420763666017447e+05 3.152393319482485822e+03 3.812420763666016865e+05 3.736149760000002384e+07
9.649902259166887736e-03 1.167033552343494041e+00 1.143685966684150372e+02 1.167033552343497149e+00 -1.260178578878485041e+03 3.486162262991844909e+05 1.143685966684151936e+02 3.486162262991848984e+05 -8.079122136333982944e+08 2.659846172953677090e-01 3.216747325042200600e+01 3.152393319482485367e+03 3.216747325042201311e+01 3.890248788964971482e+03 3.812420763666017447e+05 3.152393319482485822e+03 3.812420763666016865e+05 3.736149760000002384e+07
9.649902259166887736e-03 1.167033552343494041e+00 1.143685966684150372e+02 1.167033552343497149e+00 -1.260178578878485041e+03 3.486162262991844909e+05 1.143685966684151936e+02 3.486162262991848984e+05 -8.079122136333982944e+08 2.659846172953677090e-01 3.216747325042200600e+01 3.152393319482485367e+03 3.216747325042201311e+01 3.890248788964971482e+03 3.812420763666017447e+05 3.152393319482485822e+03 3.812420763666016865e+05 3.736149760000002384e+07
9.649902259166887736e-03 1.167033552343494041e+00 1.143685966684150372e+02 1.167033552343497149e+00 -1.260178578878485041e+03 3.486162262991844909e+05 1.143685966684151936e+02 3.486162262991848984e+05 -8.079122136333982944e+08 2.659846172953677090e-01 3.216747325042200600e+01 3.152393319482485367e+03 3.216747325042201311e+01 3.890248788964971482e+03 3.812420763666017447e+05 3.152393319482485822e+03 3.812420763666016865e+05 3.736149760000002384e+07
9.649902259166887736e-03 1.167033552343494041e+00 1.143685966684150372e+02 1.167033552343497149e+00 -1.260178578878485041e+03 3.486162262991844909e+05 1.143685966684151936e+02 3.486162262991848984e+05 -8.079122136333982944e+08 2.659846172953677090e-01 3.216747325042200600e+01 3.152393319482485367e+03 3.216747325042201311e+01 3.890248788964971482e+03 3.812420763666017447e+05 3.152393319482485822e+03 3.812420763666016865e+05 3.736149760000002384e+07
9.649902259166887736e-03 1.167033552343494041e+00 1.143685966684150372e+02 1.167033552343497149e+00 -1.260178578878485041e+03 3.486162262991844909e+05 1.143685966684151936e+02 3.486162262991848984e+05 -8.079122136333982944e+08 2.659846172953677090e-01 3.216747325042200600e+01 3.152393319482485367e+03 3.216747325042201311e+01 3.890248788964971482e+03 3.812420763666017447e+05 3.152393319482485822e+03 3.812420763666016865e+05 3.736149760000002384e+07
9.649902259166887736e-03 1.167033552343494041e+00 1.143685966684150372e+02 1.167033552343497149e+00 -1.260178578878485041e+03 3.486162262991844909e+05 1.143685966684151936e+02 3.486162262991848984e+05 -8.079122136333982944e+08 2.659846172953677090e-01 3.216747325042200600e+01 3.152393319482485367e+03 3.216747325042201311e+01 3.890248788964971482e+03 3.812420763666017447e+05 3.152393319482485822e+03 3.812420763666016865e+05 3.736149760000002384e+07
9.649902259166887736e-03 1.167033552343494041e+00 1.143685966684150372e+02 1.167033552343497149e+00 -1.260178578878485041e+03 3.486162262991844909e+05 1.143685966684151936e+02 3.486162262991848984e+05 -8.079122136333982944e+08 2.659846172953677090e-01 3.216747325042200600e+01 3.152393319482485367e+03 3.216747325042201311e+01 3.890248788964971482e+03 3.812420763666017447e+05 3.152393319482485822e+03 3.812420763666016865e+05 3.736149760000002384e+07
9.649902259166887736e-03 1.167033552343494041e+00 1.143685966684150372e+02 1.167033552343497149e+00 -1.260178578878485041e+03 3.486162262991844909e+05 1.143685966684151936e+02 3.486162262991848984e+05 -8.079122136333982944e+08 2.659846172953677090e-01 3.216747325042200600e+01 3.152393319482485367e+03 3.216747325042201311e+01 3.890248788964971482e+03 3.812420763666017447e+05 3.152393319482485822e+03 3.812420763666016865e+05 3.736149760000002384e+07
9.649902259166887736e-03 1.167033552343494041e+00 1.143685966684150372e+02 1.167033552343497149e+00 -1.260178578878485041e+03 3.486162262991844909e+05 1.143685966684151936e+02 3.486162262991848984e+05 -8.079122136333982944e+08 2.659846172953677090e-01 3.216747325042200600e+01 3.152393319482485367e+03 3.216747325042201311e+01 3.890248788964971482e+03 3.812420763666017447e+05 3.152393319482485822e+03 3.812420763666016865e+05 3.736149760000002384e+07
9.649902259166887736e-03 1.167033552343494041e+00 1.143685966684150372e+02 1.167033552343497149e+00 -1.260178578878485041e+03 3.486162262991844909e+05 1.143685966684151936e+02 3.486162262991848984e+05 -8.079122136333982944e+08 2.659846172953677090e-01 3.216747325042200600e+01 3.152393319482485367e+03 3.216747325042201311e+01 3.890248788964971482e+03 3.812420763666017447e+05 3.152393319482485822e+03 3.812420763666016865e+05 3.736149760000002384e+07
9.649902259166887736e-03 1.167033552343494041e+00 1.143685966684150372e+02 1.167033552343497149e+00 -1.260178578878485041e+03 3.486162262991844909e+05 1.143685966684151936e+02 3.486162262991848984e+05 -8.079122136333982944e+08 2.659846172953677090e-01 3.216747325042200600e+01 3.152393319482485367e+03 3.216747325042201311e+01 3.890248788964971482e+03 3.812420763666017447e+05 3.152393319482485822e+03 3.812420763666016865e+05 3.736149760000002384e+07
9.649902259166887736e-03 1.167033552343494041e+00 1.143685966684150372e+02 1.167033552343497149e+00 -1.260178578878485041e+03 3.486162262991844909e+05 1.143685966684151936e+02 3.486162262991848984e+05 -8.079122136333982944e+08 2.659846172953677090e-01 3.216747325042200600e+01 3.152393319482485367e+03 3.216747325042201311e+01 3.890248788964971482e+03 3.812420763666017447e+05 3.152393319482485822e+03 3.812420763666016865e+05 3.736149760000002384e+07
9.649902259166887736e-03 1.167033552343494041e+00 1.143685966684150372e+02 1.167033552343497149e+00 -1.260178578878485041e+03 3.486162262991844909e+05 1.143685966684151936e+02 3.486162262991848984e+05 -8.079122136333982944e+08 2.659846172953677090e-01 3.216747325042200600e+01 3.152393319482485367e+03 3.216747325042201311e+01 3.890248788964971482e+03 3.812420763666017447e+05 3.152393319482485822e+03 3.812420763666016865e+05 3.736149760000002384e+07
9.649902259166887736e-03 1.167033552343494041e+00 1.143685966684150372e+02 1.167033552343497149e+00 -1.260178578878485041e+03 3.486162262991844909e+05 1.143685966684151936e+02 3.486162262991848984e+05 -8.079122136333982944e+08 2.659846172953677090e-01 3.216747325042200600e+01 3.152393319482485367e+03 3.216747325042201311e+01 3.890248788964971482e+03 3.812420763666017447e+05 3.152393319482485822e+03 3.812420763666016865e+05 3.736149760000002384e+07
9.649902259166887736e-03 1.167033552343494041e+00 1.143685966684150372e+02 1.167033552343497149e+00 -1.260178578878485041e+03 3.486162262991844909e+05 1.143685966684151936e+02 3.486162262991848984e+05 -8.079122136333982944e+08 2.659846172953677090e-01 3.216747325042200600e+01 3.152393319482485367e+03 3.216747325042201311e+01 3.890248788964971482e+03 3.812420763666017447e+05 3.152393319482485822e+03 3.812420763666016865e+05 3.736149760000002384e+07
9.649902259166887736e-03 1.167033552343494041e+00 1.143685966684150372e+02 1.167033552343497149e+00 -1.260178578878485041e+03 3.486162262991844909e+05 1.143685966684151936e+02 3.486162262991848984e+05 -8.079122136333982944e+08 2.659846172953677090e-01 3.216747325042200600e+01 3.152393319482485367e+03 3.216747325042201311e+01 3.890248788964971482e+03 3.812420763666017447e+05 3.152393319482485822e+03 3.812420763666016865e+05 3.736149760000002384e+07
9.649902259166887736e-03 1.167033552343494041e+00 1.143685966684150372e+02 1.167033552343497149e+00 -1.260178578878485041e+03 3.486162262991844909e+05 1.143685966684151936e+02 3.486162262991848984e+05 -8.079122136333982944e+08 2.659846172953677090e-01 3.216747325042200600e+01 3.152393319482485367e+03 3.216747325042201311e+01 3.890248788964971482e+03 3.812420763666017447e+05 3.152393319482485822e+03 3.812420763666016865e+05 3.736149760000002384e+07
9.649902259166887736e-03 1.167033552343494041e+00 1.143685966684150372e+02 1.167033552343497149e+00 -1.260178578878485041e+03 3.486162262991844909e+05 1.143685966684151936e+02 3.486162262991848984e+05 -8.079122136333982944e+08 2.659846172953677090e-01 3.216747325042200600e+01 3.152393319482485367e+03 3.216747325042201311e+01 3.890248788964971482e+03 3.812420763666017447e+05 3.152393319482485822e+03 3.812420763666016865e+05 3.736149760000002384e+07
9.649902259166887736e-03 1.167033552343494041e+00 1.143685966684150372e+02 1.167033552343497149e+00 -1.260178578878485041e+03 3.486162262991844909e+05 1.143685966684151936e+02 3.486162262991848984e+05 -8.079122136333982944e+08 2.659846172953677090e-01 3.216747325042200600e+01 3.152393319482485367e+03 3.216747325042201311e+01 3.890248788964971482e+03 3.812420763666017447e+05 3.152393319482485822e+03 3.812420763666016865e+05 3.736149760000002384e+07
9.649902259166887736e-03 1.167033552343494041e+00 1.143685966684150372e+02 1.167033552343497149e+00 -1.260178578878485041e+03 3.486162262991844909e+05 1.143685966684151936e+02 3.486162262991848984e+05 -8.079122136333982944e+08 2.659846172953677090e-01 3.216747325042200600e+01 3.152393319482485367e+03 3.216747325042201311e+01 3.890248788964971482e+03 3.812420763666017447e+05 3.152393319482485822e+03 3.812420763666016865e+05 3.736149760000002384e+07
9.649902259166887736e-03 1.167033552343494041e+00 1.143685966684150372e+02 1.167033552343497149e+00 -1.260178578878485041e+03 3.486162262991844909e+05 1.143685966684151936e+02 3.486162262991848984e+05 -8.079122136333982944e+08 2.659846172953677090e-01 3.216747325042200600e+01 3.152393319482485367e+03 3.216747325042201311e+01 3.890248788964971482e+03 3.812420763666017447e+05 3.152393319482485822e+03 3.812420763666016865e+05 3.736149760000002384e+07
9.649902259166887736e-03 1.167033552343494041e+00 1.143685966684150372e+02 1.167033552343497149e+00 -1.260178578878485041e+03 3.486162262991844909e+05 1.143685966684151936e+02 3.486162262991848984e+05 -8.079122136333982944e+08 2.659846172953677090e-01 3.216747325042200600e+01 3.152393319482485367e+03 3.216747325042201311e+01 3.890248788964971482e+03 3.812420763666017447e+05 3.152393319482485822e+03 3.812420763666016865e+05 3.736149760000002384e+07
9.649902259166887736e-03 1.167033552343494041e+00 1.143685966684150372e+02 1.167033552343497149e+00 -1.260178578878485041e+03 3.486162262991844909e+05 1.143685966684151936e+02 3.486162262991848984e+05 -8.079122136333982944e+08 2.659846172953677090e-01 3.216747325042200600e+01 3.152393319482485367e+03 3.216747325042201311e+01 3.890248788964971482e+03 3.812420763666017447e+05 3.152393319482485822e+03 3.812420763666016865e+05 3.736149760000002384e+07
9.649902259166887736e-03 1.167033552343494041e+00 1.143685966684150372e+02 1.167033552343497149e+00 -1.260178578878485041e+03 3.486162262991844909e+05 1.143685966684151936e+02 3.486162262991848984e+05 -8.079122136333982944e+08 2.659846172953677090e-01 3.216747325042200600e+01 3.152393319482485367e+03 3.216747325042201311e+01 3.890248788964971482e+03 3.812420763666017447e+05 3.152393319482485822e+03 3.812420763666016865e+05 3.736149760000002384e+07
9.649902259166887736e-03 1.167033552343494041e+00 1.143685966684150372e+02 1.167033552343497149e+00 -1.260178578878485041e+03 3.486162262991844909e+05 1.143685966684151936e+02 3.486162262991848984e+05 -8.079122136333982944e+08 2.659846172953677090e-01 3.216747325042200600e+01 3.152393319482485367e+03 3.216747325042201311e+01 3.890248788964971482e+03 3.812420763666017447e+05 3.152393319482485822e+03 3.812420763666016865e+05 3.736149760000002384e+07
9.649902259166887736e-03 1.167033552343494041e+00 1.143685966684150372e+02 1.167033552343497149e+00 -1.260178578878485041e+03 3.486162262991844909e+05 1.143685966684151936e+02 3.486162262991848984e+05 -8.079122136333982944e+08 2.659846172953677090e-01 3.216747325042200600e+01 3.152393319482485367e+03 3.216747325042201311e+01 3.890248788964971482e+03 3.812420763666017447e+05 3.152393319482485822e+03 3.812420763666016865e+05 3.736149760000002384e+07
9.649902259166887736e-03 1.167033552343494041e+00 1.143685966684150372e+02 1.167033552343497149e+00 -1.260178578878485041e+03 3.486162262991844909e+05 1.143685966684151936e+02 3.486162262991848984e+05 -8.079122136333982944e+08 2.659846172953677090e-01 3.216747325042200600e+01 3.152393319482485367e+03 3.216747325042201311e+01 3.890248788964971482e+03 3.812420763666017447e+05 3.152393319482485822e+03 3.812420763666016865e+05 3.736149760000002384e+07
9.649902259166887736e-03 1.167033552343494041e+00 1.143685966684150372e+02 1.167033552343497149e+00 -1.260178578878485041e+03 3.486162262991844909e+05 1.143685966684151936e+02 3.486162262991848984e+05 -8.079122136333982944e+08 2.659846172953677090e-01 3.216747325042200600e+01 3.152393319482485367e+03 3.216747325042201311e+01 3.890248788964971482e+03 3.812420763666017447e+05 3.152393319482485822e+03 3.812420763666016865e+05 3.736149760000002384e+07
9.649902259166887736e-03 1.167033552343494041e+00 1.143685966684150372e+02 1.167033552343497149e+00 -1.260178578878485041e+03 3.486162262991844909e+05 1.143685966684151936e+02 3.486162262991848984e+05 -8.079122136333982944e+08 2.659846172953677090e-01 3.216747325042200600e+01 3.152393319482485367e+03 3.216747325042201311e+01 3.890248788964971482e+03 3.812420763666017447e+05 3.152393319482485822e+03 3.812420763666016865e+05 3.736149760000002384e+07
9.649902259166887736e-03 1.167033552343494041e+00 1.143685966684150372e+02 1.167033552343497149e+00 -1.260178578878485041e+03 3.486162262991844909e+05 1.143685966684151936e+02 3.486162262991848984e+05 -8.079122136333982944e+08 2.659846172953677090e-01 3.216747325042200600e+01 3.152393319482485367e+03 3.216747325042201311e+01 3.890248788964971482e+03 3.812420763666017447e+05 3.152393319482485822e+03 3.812420763666016865e+05 3.736149760000002384e+07
9.649902259166887736e-03 1.167033552343494041e+00 1.143685966684150372e+02 1.167033552343497149e+00 -1.260178578878485041e+03 3.486162262991844909e+05 1.143685966684151936e+02 3.486162262991848984e+05 -8.079122136333982944e+08 2.659846172953677090e-01 3.216747325042200600e+01 3.152393319482485367e+03 3.216747325042201311e+01 3.890248788964971482e+03 3.812420763666017447e+05 3.152393319482485822e+03 3.812420763666016865e+05 3.736149760000002384e+07
9.649902259166887736e-03 1.167033552343494041e+00 1.143685966684150372e+02 1.167033552343497149e+00 -1.260178578878485041e+03 3.486162262991844909e+05 1.143685966684151936e+02 3.486162262991848984e+05 -8.079122136333982944e+08 2.659846172953677090e-01 3.216747325042200600e+01 3.152393319482485367e+03 3.216747325042201311e+01 3.890248788964971482e+03 3.812420763666017447e+05 3.152393319482485822e+03 3.812420763666016865e+05 3.736149760000002384e+07
9.649902259166887736e-03 1.167033552343494041e+00 1.143685966684150372e+02 1.167033552343497149e+00 -1.260178578878485041e+03 3.486162262991844909e+05 1.143685966684151936e+02 3.486162262991848984e+05 -8.079122136333982944e+08 2.659846172953677090e-01 3.216747325042200600e+01 3.152393319482485367e+03 3.216747325042201311e+01 3.890248788964971482e+03 3.812420763666017447e+05 3.152393319482485822e+03 3.812420763666016865e+05 3.736149760000002384e+07
9.649902259166887736e-03 1.167033552343494041e+00 1.143685966684150372e+02 1.167033552343497149e+00 -1.260178578878485041e+03 3.486162262991844909e+05 1.143685966684151936e+02 3.486162262991848984e+05 -8.079122136333982944e+08 2.659846172953677090e-01 3.216747325042200600e+01 3.152393319482485367e+03 3.216747325042201311e+01 3.890248788964971482e+03 3.812420763666017447e+05 3.152393319482485822e+03 3.812420763666016865e+05 3.736149760000002384e+07
9.649902259166887736e-03 1.167033552343494041e+00 1.143685966684150372e+02 1.167033552343497149e+00 -1.260178578878485041e+03 3.486162262991844909e+05 1.143685966684151936e+02 3.486162262991848984e+05 -8.079122136333982944e+08 2.659846172953677090e-01 3.216747325042200600e+01 3.152393319482485367e+03 3.216747325042201311e+01 3.890248788964971482e+03 3.812420763666017447e+05 3.152393319482485822e+03 3.812420763666016865e+05 3.736149760000002384e+07
9.649902259166887736e-03 1.167033552343494041e+00 1.143685966684150372e+02 1.167033552343497149e+00 -1.260178578878485041e+03 3.486162262991844909e+05 1.143685966684151936e+02 3.486162262991848984e+05 -8.079122136333982944e+08 2.659846172953677090e-01 3.216747325042200600e+01 3.152393319482485367e+03 3.216747325042201311e+01 3.890248788964971482e+03 3.812420763666017447e+05 3.152393319482485822e+03 3.812420763666016865e+05 3.736149760000002384e+07
9.649902259166887736e-03 1.167033552343494041e+00 1.143685966684150372e+02 1.167033552343497149e+00 -1.260178578878485041e+03 3.486162262991844909e+05 1.143685966684151936e+02 3.486162262991848984e+05 -8.079122136333982944e+08 2.659846172953677090e-01 3.216747325042200600e+01 3.152393319482485367e+03 3.216747325042201311e+01 3.890248788964971482e+03 3.812420763666017447e+05 3.152393319482485822e+03 3.812420763666016865e+05 3.736149760000002384e+07
9.649902259166887736e-03 1.167033552343494041e+00 1.143685966684150372e+02 1.167033552343497149e+00 -1.260178578878485041e+03 3.486162262991844909e+05 1.143685966684151936e+02 3.486162262991848984e+05 -8.079122136333982944e+08 2.659846172953677090e-01 3.216747325042200600e+01 3.152393319482485367e+03 3.216747325042201311e+01 3.890248788964971482e+03 3.812420763666017447e+05 3.152393319482485822e+03 3.812420763666016865e+05 3.736149760000002384e+07
9.649902259166887736e-03 1.167033552343494041e+00 1.143685966684150372e+02 1.167033552343497149e+00 -1.260178578878485041e+03 3.486162262991844909e+05 1.143685966684151936e+02 3.486162262991848984e+05 -8.079122136333982944e+08 2.659846172953677090e-01 3.216747325042200600e+01 3.152393319482485367e+03 3.216747325042201311e+01 3.890248788964971482e+03 3.812420763666017447e+05 3.152393319482485822e+03 3.812420763666016865e+05 3.736149760000002384e+07
9.649902259166887736e-03 1.167033552343494041e+00 1.143685966684150372e+02 1.167033552343497149e+00 -1.260178578878485041e+03 3.486162262991844909e+05 1.143685966684151936e+02 3.486162262991848984e+05 -8.079122136333982944e+08 2.659846172953677090e-01 3.216747325042200600e+01 3.152393319482485367e+03 3.216747325042201311e+01 3.890248788964971482e+03 3.812420763666017447e+05 3.152393319482485822e+03 3.812420763666016865e+05 3.736149760000002384e+07
9.649902259166887736e-03 1.167033552343494041e+00 1.143685966684150372e+02 1.167033552343497149e+00 -1.260178578878485041e+03 3.486162262991844909e+05 1.143685966684151936e+02 3.486162262991848984e+05 -8.079122136333982944e+08 2.659846172953677090e-01 3.216747325042200600e+01 3.152393319482485367e+03 3.216747325042201311e+01 3.890248788964971482e+03 3.812420763666017447e+05 3.152393319482485822e+03 3.812420763666016865e+05 3.736149760000002384e+07
9.649902259166887736e-03 1.167033552343494041e+00 1.143685966684150372e+02 1.167033552343497149e+00 -1.260178578878485041e+03 3.486162262991844909e+05 1.143685966684151936e+02 3.486162262991848984e+05 -8.079122136333982944e+08 2.659846172953677090e-01 3.216747325042200600e+01 3.152393319482485367e+03 3.216747325042201311e+01 3.890248788964971482e+03 3.812420763666017447e+05 3.152393319482485822e+03 3.812420763666016865e+05 3.736149760000002384e+07
9.649902259166887736e-03 1.167033552343494041e+00 1.143685966684150372e+02 1.167033552343497149e+00 -1.260178578878485041e+03 3.486162262991844909e+05 1.143685966684151936e+02 3.486162262991848984e+05 -8.079122136333982944e+08 2.659846172953677090e-01 3.216747325042200600e+01 3.152393319482485367e+03 3.216747325042201311e+01 3.890248788964971482e+03 3.812420763666017447e+05 3.152393319482485822e+03 3.812420763666016865e+05 3.736149760000002384e+07
9.649902259166887736e-03 1.167033552343494041e+00 1.143685966684150372e+02 1.167033552343497149e+00 -1.260178578878485041e+03 3.486162262991844909e+05 1.143685966684151936e+02 3.486162262991848984e+05 -8.079122136333982944e+08 2.659846172953677090e-01 3.216747325042200600e+01 3.152393319482485367e+03 3.216747325042201311e+01 3.890248788964971482e+03 3.812420763666017447e+05 3.152393319482485822e+03 3.812420763666016865e+05 3.736149760000002384e+07
9.649902259166887736e-03 1.167033552343494041e+00 1.143685966684150372e+02 1.167033552343497149e+00 -1.260178578878485041e+03 3.486162262991844909e+05 1.143685966684151936e+02 3.486162262991848984e+05 -8.079122136333982944e+08 2.659846172953677090e-01 3.216747325042200600e+01 3.152393319482485367e+03 3.216747325042201311e+01 3.890248788964971482e+03 3.812420763666017447e+05 3.152393319482485822e+03 3.812420763666016865e+05 3.736149760000002384e+07
9.649902259166887736e-03 1.167033552343494041e+00 1.143685966684150372e+02 1.167033552343497149e+00 -1.260178578878485041e+03 3.486162262991844909e+05 1.143685966684151936e+02 3.486162262991848984e+05 -8.079122136333982944e+08 2.659846172953677090e-01 3.216747325042200600e+01 3.152393319482485367e+03 3.216747325042201311e+01 3.890248788964971482e+03 3.812420763666017447e+05 3.152393319482485822e+03 3.812420763666016865e+05 3.736149760000002384e+07
9.649902259166887736e-03 1.167033552343494041e+00 1.143685966684150372e+02 1.167033552343497149e+00 -1.260178578878485041e+03 3.486162262991844909e+05 1.143685966684151936e+02 3.486162262991848984e+05 -8.079122136333982944e+08 2.659846172953677090e-01 3.216747325042200600e+01 3.152393319482485367e+03 3.216747325042201311e+01 3.890248788964971482e+03 3.812420763666017447e+05 3.152393319482485822e+03 3.812420763666016865e+05 3.736149760000002384e+07
9.649902259166887736e-03 1.167033552343494041e+00 1.143685966684150372e+02 1.167033552343497149e+00 -1.260178578878485041e+03 3.486162262991844909e+05 1.143685966684151936e+02 3.486162262991848984e+05 -8.079122136333982944e+08 2.659846172953677090e-01 3.216747325042200600e+01 3.152393319482485367e+03 3.216747325042201311e+01 3.890248788964971482e+03 3.812420763666017447e+05 3.152393319482485822e+03 3.812420763666016865e+05 3.736149760000002384e+07
9.649902259166887736e-03 1.167033552343494041e+00 1.143685966684150372e+02 1.167033552343497149e+00 -1.260178578878485041e+03 3.486162262991844909e+05 1.143685966684151936e+02 3.486162262991848984e+05 -8.079122136333982944e+08 2.659846172953677090e-01 3.216747325042200600e+01 3.152393319482485367e+03 3.216747325042201311e+01 3.890248788964971482e+03 3.812420763666017447e+05 3.152393319482485822e+03 3.812420763666016865e+05 3.736149760000002384e+07
9.649902259166887736e-03 1.167033552343494041e+00 1.143685966684150372e+02 1.167033552343497149e+00 -1.260178578878485041e+03 3.486162262991844909e+05 1.143685966684151936e+02 3.486162262991848984e+05 -8.079122136333982944e+08 2.659846172953677090e-01 3.216747325042200600e+01 3.152393319482485367e+03 3.216747325042201311e+01 3.890248788964971482e+03 3.812420763666017447e+05 3.152393319482485822e+03 3.812420763666016865e+05 3.736149760000002384e+07
9.649902259166887736e-03 1.167033552343494041e+00 1.143685966684150372e+02 1.167033552343497149e+00 -1.260178578878485041e+03 3.486162262991844909e+05 1.143685966684151936e+02 3.486162262991848984e+05 -8.079122136333982944e+08 2.659846172953677090e-01 3.216747325042200600e+01 3.152393319482485367e+03 3.216747325042201311e+01 3.890248788964971482e+03 3.812420763666017447e+05 3.152393319482485822e+03 3.812420763666016865e+05 3.736149760000002384e+07
9.649902259166887736e-03 1.167033552343494041e+00 1.143685966684150372e+02 1.167033552343497149e+00 -1.260178578878485041e+03 3.486162262991844909e+05 1.143685966684151936e+02 3.486162262991848984e+05 -8.079122136333982944e+08 2.659846172953677090e-01 3.216747325042200600e+01 3.152393319482485367e+03 3.216747325042201311e+01 3.890248788964971482e+03 3.812420763666017447e+05 3.152393319482485822e+03 3.812420763666016865e+05 3.736149760000002384e+07
9.649902259166887736e-03 1.167033552343494041e+00 1.143685966684150372e+02 1.167033552343497149e+00 -1.260178578878485041e+03 3.486162262991844909e+05 1.143685966684151936e+02 3.486162262991848984e+05 -8.079122136333982944e+08 2.659846172953677090e-01 3.216747325042200600e+01 3.152393319482485367e+03 3.216747325042201311e+01 3.890248788964971482e+03 3.812420763666017447e+05 3.152393319482485822e+03 3.812420763666016865e+05 3.736149760000002384e+07
9.649902259166887736e-03 1.167033552343494041e+00 1.143685966684150372e+02 1.167033552343497149e+00 -1.260178578878485041e+03 3.486162262991844909e+05 1.143685966684151936e+02 3.486162262991848984e+05 -8.079122136333982944e+08 2.659846172953677090e-01 3.216747325042200600e+01 3.152393319482485367e+03 3.216747325042201311e+01 3.890248788964971482e+03 3.812420763666017447e+05 3.152393319482485822e+03 3.812420763666016865e+05 3.736149760000002384e+07
9.649902259166887736e-03 1.167033552343494041e+00 1.143685966684150372e+02 1.167033552343497149e+00 -1.260178578878485041e+03 3.486162262991844909e+05 1.143685966684151936e+02 3.486162262991848984e+05 -8.079122136333982944e+08 2.659846172953677090e-01 3.216747325042200600e+01 3.152393319482485367e+03 3.216747325042201311e+01 3.890248788964971482e+03 3.812420763666017447e+05 3.152393319482485822e+03 3.812420763666016865e+05 3.736149760000002384e+07
9.649902259166887736e-03 1.167033552343494041e+00 1.143685966684150372e+02 1.167033552343497149e+00 -1.260178578878485041e+03 3.486162262991844909e+05 1.143685966684151936e+02 3.486162262991848984e+05 -8.079122136333982944e+08 2.659846172953677090e-01 3.216747325042200600e+01 3.152393319482485367e+03 3.216747325042201311e+01 3.890248788964971482e+03 3.812420763666017447e+05 3.152393319482485822e+03 3.812420763666016865e+05 3.736149760000002384e+07
9.649902259166887736e-03 1.167033552343494041e+00 1.143685966684150372e+02 1.167033552343497149e+00 -1.260178578878485041e+03 3.486162262991844909e+05 1.143685966684151936e+02 3.486162262991848984e+05 -8.079122136333982944e+08 2.659846172953677090e-01 3.216747325042200600e+01 3.152393319482485367e+03 3.216747325042201311e+01 3.890248788964971482e+03 3.812420763666017447e+05 3.152393319482485822e+03 3.812420763666016865e+05 3.736149760000002384e+07
9.649902259166887736e-03 1.167033552343494041e+00 1.143685966684150372e+02 1.167033552343497149e+00 -1.260178578878485041e+03 3.486162262991844909e+05 1.143685966684151936e+02 3.486162262991848984e+05 -8.079122136333982944e+08 2.659846172953677090e-01 3.216747325042200600e+01 3.152393319482485367e+03 3.216747325042201311e+01 3.890248788964971482e+03 3.812420763666017447e+05 3.152393319482485822e+03 3.812420763666016865e+05 3.736149760000002384e+07
9.649902259166887736e-03 1.167033552343494041e+00 1.143685966684150372e+02 1.167033552343497149e+00 -1.260178578878485041e+03 3.486162262991844909e+05 1.143685966684151936e+02 3.486162262991848984e+05 -8.079122136333982944e+08 2.659846172953677090e-01 3.216747325042200600e+01 3.152393319482485367e+03 3.216747325042201311e+01 3.890248788964971482e+03 3.812420763666017447e+05 3.152393319482485822e+03 3.812420763666016865e+05 3.736149760000002384e+07
9.649902259166887736e-03 1.167033552343494041e+00 1.143685966684150372e+02 1.167033552343497149e+00 -1.260178578878485041e+03 3.486162262991844909e+05 1.143685966684151936e+02 3.486162262991848984e+05 -8.079122136333982944e+08 2.659846172953677090e-01 3.216747325042200600e+01 3.152393319482485367e+03 3.216747325042201311e+01 3.890248788964971482e+03 3.812420763666017447e+05 3.152393319482485822e+03 3.812420763666016865e+05 3.736149760000002384e+07
9.649902259166887736e-03 1.167033552343494041e+00 1.143685966684150372e+02 1.167033552343497149e+00 -1.260178578878485041e+03 3.486162262991844909e+05 1.143685966684151936e+02 3.486162262991848984e+05 -8.079122136333982944e+08 2.659846172953677090e-01 3.216747325042200600e+01 3.152393319482485367e+03 3.216747325042201311e+01 3.890248788964971482e+03 3.812420763666017447e+05 3.152393319482485822e+03 3.812420763666016865e+05 3.736149760000002384e+07
9.649902259166887736e-03 1.167033552343494041e+00 1.143685966684150372e+02 1.167033552343497149e+00 -1.260178578878485041e+03 3.486162262991844909e+05 1.143685966684151936e+02 3.486162262991848984e+05 -8.079122136333982944e+08 2.659846172953677090e-01 3.216747325042200600e+01 3.152393319482485367e+03 3.216747325042201311e+01 3.890248788964971482e+03 3.812420763666017447e+05 3.152393319482485822e+03 3.812420763666016865e+05 3.736149760000002384e+07
9.649902259166887736e-03 1.167033552343494041e+00 1.143685966684150372e+02 1.167033552343497149e+00 -1.260178578878485041e+03 3.486162262991844909e+05 1.143685966684151936e+02 3.486162262991848984e+05 -8.079122136333982944e+08 2.659846172953677090e-01 3.216747325042200600e+01 3.152393319482485367e+03 3.216747325042201311e+01 3.890248788964971482e+03 3.812420763666017447e+05 3.152393319482485822e+03 3.812420763666016865e+05 3.736149760000002384e+07
9.649902259166887736e-03 1.167033552343494041e+00 1.143685966684150372e+02 1.167033552343497149e+00 -1.260178578878485041e+03 3.486162262991844909e+05 1.143685966684151936e+02 3.486162262991848984e+05 -8.079122136333982944e+08 2.659846172953677090e-01 3.216747325042200600e+01 3.152393319482485367e+03 3.216747325042201311e+01 3.890248788964971482e+03 3.812420763666017447e+05 3.152393319482485822e+03 3.812420763666016865e+05 3.736149760000002384e+07
9.649902259166887736e-03 1.167033552343494041e+00 1.143685966684150372e+02 1.167033552343497149e+00 -1.260178578878485041e+03 3.486162262991844909e+05 1.143685966684151936e+02 3.486162262991848984e+05 -8.079122136333982944e+08 2.659846172953677090e-01 3.216747325042200600e+01 3.152393319482485367e+03 3.216747325042201311e+01 3.890248788964971482e+03 3.812420763666017447e+05 3.152393319482485822e+03 3.812420763666016865e+05 3.736149760000002384e+07
9.649902259166887736e-03 1.167033552343494041e+00 1.143685966684150372e+02 1.167033552343497149e+00 -1.260178578878485041e+03 3.486162262991844909e+05 1.143685966684151936e+02 3.486162262991848984e+05 -8.079122136333982944e+08 2.659846172953677090e-01 3.216747325042200600e+01 3.152393319482485367e+03 3.216747325042201311e+01 3.890248788964971482e+03 3.812420763666017447e+05 3.152393319482485822e+03 3.812420763666016865e+05 3.736149760000002384e+07
9.649902259166887736e-03 1.167033552343494041e+00 1.143685966684150372e+02 1.167033552343497149e+00 -1.260178578878485041e+03 3.486162262991844909e+05 1.143685966684151936e+02 3.486162262991848984e+05 -8.079122136333982944e+08 2.659846172953677090e-01 3.216747325042200600e+01 3.152393319482485367e+03 3.216747325042201311e+01 3.890248788964971482e+03 3.812420763666017447e+05 3.152393319482485822e+03 3.812420763666016865e+05 3.736149760000002384e+07
9.649902259166887736e-03 1.167033552343494041e+00 1.143685966684150372e+02 1.167033552343497149e+00 -1.260178578878485041e+03 3.486162262991844909e+05 1.143685966684151936e+02 3.486162262991848984e+05 -8.079122136333982944e+08 2.659846172953677090e-01 3.216747325042200600e+01 3.152393319482485367e+03 3.216747325042201311e+01 3.890248788964971482e+03 3.812420763666017447e+05 3.152393319482485822e+03 3.812420763666016865e+05 3.736149760000002384e+07
9.649902259166887736e-03 1.167033552343494041e+00 1.143685966684150372e+02 1.167033552343497149e+00 -1.260178578878485041e+03 3.486162262991844909e+05 1.143685966684151936e+02 3.486162262991848984e+05 -8.079122136333982944e+08 2.659846172953677090e-01 3.216747325042200600e+01 3.152393319482485367e+03 3.216747325042201311e+01 3.890248788964971482e+03 3.812420763666017447e+05 3.152393319482485822e+03 3.812420763666016865e+05 3.736149760000002384e+07
9.649902259166887736e-03 1.167033552343494041e+00 1.143685966684150372e+02 1.167033552343497149e+00 -1.260178578878485041e+03 3.486162262991844909e+05 1.143685966684151936e+02 3.486162262991848984e+05 -8.079122136333982944e+08 2.659846172953677090e-01 3.216747325042200600e+01 3.152393319482485367e+03 3.216747325042201311e+01 3.890248788964971482e+03 3.812420763666017447e+05 3.152393319482485822e+03 3.812420763666016865e+05 3.736149760000002384e+07
9.649902259166887736e-03 1.167033552343494041e+00 1.143685966684150372e+02 1.167033552343497149e+00 -1.260178578878485041e+03 3.486162262991844909e+05 1.143685966684151936e+02 3.486162262991848984e+05 -8.079122136333982944e+08 2.659846172953677090e-01 3.216747325042200600e+01 3.152393319482485367e+03 3.216747325042201311e+01 3.890248788964971482e+03 3.812420763666017447e+05 3.152393319482485822e+03 3.812420763666016865e+05 3.736149760000002384e+07
9.649902259166887736e-03 1.167033552343494041e+00 1.143685966684150372e+02 1.167033552343497149e+00 -1.260178578878485041e+03 3.486162262991844909e+05 1.143685966684151936e+02 3.486162262991848984e+05 -8.079122136333982944e+08 2.659846172953677090e-01 3.216747325042200600e+01 3.152393319482485367e+03 3.216747325042201311e+01 3.890248788964971482e+03 3.812420763666017447e+05 3.152393319482485822e+03 3.812420763666016865e+05 3.736149760000002384e+07
9.649902259166887736e-03 1.167033552343494041e+00 1.143685966684150372e+02 1.167033552343497149e+00 -1.260178578878485041e+03 3.486162262991844909e+05 1.143685966684151936e+02 3.486162262991848984e+05 -8.079122136333982944e+08 2.659846172953677090e-01 3.216747325042200600e+01 3.152393319482485367e+03 3.216747325042201311e+01 3.890248788964971482e+03 3.812420763666017447e+05 3.152393319482485822e+03 3.812420763666016865e+05 3.736149760000002384e+07
9.649902259166887736e-03 1.167033552343494041e+00 1.143685966684150372e+02 1.167033552343497149e+00 -1.260178578878485041e+03 3.486162262991844909e+05 1.143685966684151936e+02 3.486162262991848984e+05 -8.079122136333982944e+08 2.659846172953677090e-01 3.216747325042200600e+01 3.152393319482485367e+03 3.216747325042201311e+01 3.890248788964971482e+03 3.812420763666017447e+05 3.152393319482485822e+03 3.812420763666016865e+05 3.736149760000002384e+07
9.649902259166887736e-03 1.167033552343494041e+00 1.143685966684150372e+02 1.167033552343497149e+00 -1.260178578878485041e+03 3.486162262991844909e+05 1.143685966684151936e+02 3.486162262991848984e+05 -8.079122136333982944e+08 2.659846172953677090e-01 3.216747325042200600e+01 3.152393319482485367e+03 3.216747325042201311e+01 3.890248788964971482e+03 3.812420763666017447e+05 3.152393319482485822e+03 3.812420763666016865e+05 3.736149760000002384e+07
9.649902259166887736e-03 1.167033552343494041e+00 1.143685966684150372e+02 1.167033552343497149e+00 -1.260178578878485041e+03 3.486162262991844909e+05 1.143685966684151936e+02 3.486162262991848984e+05 -8.079122136333982944e+08 2.659846172953677090e-01 3.216747325042200600e+01 3.152393319482485367e+03 3.216747325042201311e+01 3.890248788964971482e+03 3.812420763666017447e+05 3.152393319482485822e+03 3.812420763666016865e+05 3.736149760000002384e+07
9.649902259166887736e-03 1.167033552343494041e+00 1.143685966684150372e+02 1.167033552343497149e+00 -1.260178578878485041e+03 3.486162262991844909e+05 1.143685966684151936e+02 3.486162262991848984e+05 -8.079122136333982944e+08 2.659846172953677090e-01 3.216747325042200600e+01 3.152393319482485367e+03 3.216747325042201311e+01 3.890248788964971482e+03 3.812420763666017447e+05 3.152393319482485822e+03 3.812420763666016865e+05 3.736149760000002384e+07
9.649902259166887736e-03 1.167033552343494041e+00 1.143685966684150372e+02 1.167033552343497149e+00 -1.260178578878485041e+03 3.486162262991844909e+05 1.143685966684151936e+02 3.486162262991848984e+05 -8.079122136333982944e+08 2.659846172953677090e-01 3.216747325042200600e+01 3.152393319482485367e+03 3.216747325042201311e+01 3.890248788964971482e+03 3.812420763666017447e+05 3.152393319482485822e+03 3.812420763666016865e+05 3.736149760000002384e+07
9.649902259166887736e-03 1.167033552343494041e+00 1.143685966684150372e+02 1.167033552343497149e+00 -1.260178578878485041e+03 3.486162262991844909e+05 1.143685966684151936e+02 3.486162262991848984e+05 -8.079122136333982944e+08 2.659846172953677090e-01 3.216747325042200600e+01 3.152393319482485367e+03 3.216747325042201311e+01 3.890248788964971482e+03 3.812420763666017447e+05 3.152393319482485822e+03 3.812420763666016865e+05 3.736149760000002384e+07
9.649902259166887736e-03 1.167033552343494041e+00 1.143685966684150372e+02 1.167033552343497149e+00 -1.260178578878485041e+03 3.486162262991844909e+05 1.143685966684151936e+02 3.486162262991848984e+05 -8.079122136333982944e+08 2.659846172953677090e-01 3.216747325042200600e+01 3.152393319482485367e+03 3.216747325042201311e+01 3.890248788964971482e+03 3.812420763666017447e+05 3.152393319482485822e+03 3.812420763666016865e+05 3.736149760000002384e+07
9.649902259166887736e-03 1.167033552343494041e+00 1.143685966684150372e+02 1.167033552343497149e+00 -1.260178578878485041e+03 3.486162262991844909e+05 1.143685966684151936e+02 3.486162262991848984e+05 -8.079122136333982944e+08 2.659846172953677090e-01 3.216747325042200600e+01 3.152393319482485367e+03 3.216747325042201311e+01 3.890248788964971482e+03 3.812420763666017447e+05 3.152393319482485822e+03 3.812420763666016865e+05 3.736149760000002384e+07
9.649902259166887736e-03 1.167033552343494041e+00 1.143685966684150372e+02 1.167033552343497149e+00 -1.260178578878485041e+03 3.486162262991844909e+05 1.143685966684151936e+02 3.486162262991848984e+05 -8.079122136333982944e+08 2.659846172953677090e-01 3.216747325042200600e+01 3.152393319482485367e+03 3.216747325042201311e+01 3.890248788964971482e+03 3.812420763666017447e+05 3.152393319482485822e+03 3.812420763666016865e+05 3.736149760000002384e+07
9.649902259166887736e-03 1.167033552343494041e+00 1.143685966684150372e+02 1.167033552343497149e+00 -1.260178578878485041e+03 3.486162262991844909e+05 1.143685966684151936e+02 3.486162262991848984e+05 -8.079122136333982944e+08 2.659846172953677090e-01 3.216747325042200600e+01 3.152393319482485367e+03 3.216747325042201311e+01 3.890248788964971482e+03 3.812420763666017447e+05 3.152393319482485822e+03 3.812420763666016865e+05 3.736149760000002384e+07
9.649902259166887736e-03 1.167033552343494041e+00 1.143685966684150372e+02 1.167033552343497149e+00 -1.260178578878485041e+03 3.486162262991844909e+05 1.143685966684151936e+02 3.486162262991848984e+05 -8.079122136333982944e+08 2.659846172953677090e-01 3.216747325042200600e+01 3.152393319482485367e+03 3.216747325042201311e+01 3.890248788964971482e+03 3.812420763666017447e+05 3.152393319482485822e+03 3.812420763666016865e+05 3.736149760000002384e+07
9.649902259166887736e-03 1.167033552343494041e+00 1.143685966684150372e+02 1.167033552343497149e+00 -1.260178578878485041e+03 3.486162262991844909e+05 1.143685966684151936e+02 3.486162262991848984e+05 -8.079122136333982944e+08 2.659846172953677090e-01 3.216747325042200600e+01 3.152393319482485367e+03 3.216747325042201311e+01 3.890248788964971482e+03 3.812420763666017447e+05 3.152393319482485822e+03 3.812420763666016865e+05 3.736149760000002384e+07
9.649902259166887736e-03 1.167033552343494041e+00 1.143685966684150372e+02 1.167033552343497149e+00 -1.260178578878485041e+03 3.486162262991844909e+05 1.143685966684151936e+02 3.486162262991848984e+05 -8.079122136333982944e+08 2.659846172953677090e-01 3.216747325042200600e+01 3.152393319482485367e+03 3.216747325042201311e+01 3.890248788964971482e+03 3.812420763666017447e+05 3.152393319482485822e+03 3.812420763666016865e+05 3.736149760000002384e+07
9.649902259166887736e-03 1.167033552343494041e+00 1.143685966684150372e+02 1.167033552343497149e+00 -1.260178578878485041e+03 3.486162262991844909e+05 1.143685966684151936e+02 3.486162262991848984e+05 -8.079122136333982944e+08 2.659846172953677090e-01 3.216747325042200600e+01 3.152393319482485367e+03 3.216747325042201311e+01 3.890248788964971482e+03 3.812420763666017447e+05 3.152393319482485822e+03 3.812420763666016865e+05 3.736149760000002384e+07
9.649902259166887736e-03 1.167033552343494041e+00 1.143685966684150372e+02 1.167033552343497149e+00 -1.260178578878485041e+03 3.486162262991844909e+05 1.143685966684151936e+02 3.486162262991848984e+05 -8.079122136333982944e+08 2.659846172953677090e-01 3.216747325042200600e+01 3.152393319482485367e+03 3.216747325042201311e+01 3.890248788964971482e+03 3.812420763666017447e+05 3.152393319482485822e+03 3.812420763666016865e+05 3.736149760000002384e+07
9.649902259166887736e-03 1.167033552343494041e+00 1.143685966684150372e+02 1.167033552343497149e+00 -1.260178578878485041e+03 3.486162262991844909e+05 1.143685966684151936e+02 3.486162262991848984e+05 -8.079122136333982944e+08 2.659846172953677090e-01 3.216747325042200600e+01 3.152393319482485367e+03 3.216747325042201311e+01 3.890248788964971482e+03 3.812420763666017447e+05 3.152393319482485822e+03 3.812420763666016865e+05 3.736149760000002384e+07
9.649902259166887736e-03 1.167033552343494041e+00 1.143685966684150372e+02 1.167033552343497149e+00 -1.260178578878485041e+03 3.486162262991844909e+05 1.143685966684151936e+02 3.486162262991848984e+05 -8.079122136333982944e+08 2.659846172953677090e-01 3.216747325042200600e+01 3.152393319482485367e+03 3.216747325042201311e+01 3.890248788964971482e+03 3.812420763666017447e+05 3.152393319482485822e+03 3.812420763666016865e+05 3.736149760000002384e+07
9.649902259166887736e-03 1.167033552343494041e+00 1.143685966684150372e+02 1.167033552343497149e+00 -1.260178578878485041e+03 3.486162262991844909e+05 1.143685966684151936e+02 3.486162262991848984e+05 -8.079122136333982944e+08 2.659846172953677090e-01 3.216747325042200600e+01 3.152393319482485367e+03 3.216747325042201311e+01 3.890248788964971482e+03 3.812420763666017447e+05 3.152393319482485822e+03 3.812420763666016865e+05 3.736149760000002384e+07
9.649902259166887736e-03 1.167033552343494041e+00 1.143685966684150372e+02 1.167033552343497149e+00 -1.260178578878485041e+03 3.486162262991844909e+05 1.143685966684151936e+02 3.486162262991848984e+05 -8.079122136333982944e+08 2.659846172953677090e-01 3.216747325042200600e+01 3.152393319482485367e+03 3.216747325042201311e+01 3.890248788964971482e+03 3.812420763666017447e+05 3.152393319482485822e+03 3.812420763666016865e+05 3.736149760000002384e+07
9.649902259166887736e-03 1.167033552343494041e+00 1.143685966684150372e+02 1.167033552343497149e+00 -1.260178578878485041e+03 3.486162262991844909e+05 1.143685966684151936e+02 3.486162262991848984e+05 -8.079122136333982944e+08 2.659846172953677090e-01 3.216747325042200600e+01 3.152393319482485367e+03 3.216747325042201311e+01 3.890248788964971482e+03 3.812420763666017447e+05 3.152393319482485822e+03 3.812420763666016865e+05 3.736149760000002384e+07
9.649902259166887736e-03 1.167033552343494041e+00 1.143685966684150372e+02 1.167033552343497149e+00 -1.260178578878485041e+03 3.486162262991844909e+05 1.143685966684151936e+02 3.486162262991848984e+05 -8.079122136333982944e+08 2.659846172953677090e-01 3.216747325042200600e+01 3.152393319482485367e+03 3.216747325042201311e+01 3.890248788964971482e+03 3.812420763666017447e+05 3.152393319482485822e+03 3.812420763666016865e+05 3.736149760000002384e+07
9.649902259166887736e-03 1.167033552343494041e+00 1.143685966684150372e+02 1.167033552343497149e+00 -1.260178578878485041e+03 3.486162262991844909e+05 1.143685966684151936e+02 3.486162262991848984e+05 -8.079122136333982944e+08 2.659846172953677090e-01 3.216747325042200600e+01 3.152393319482485367e+03 3.216747325042201311e+01 3.890248788964971482e+03 3.812420763666017447e+05 3.152393319482485822e+03 3.812420763666016865e+05 3.736149760000002384e+07
9.649902259166887736e-03 1.167033552343494041e+00 1.143685966684150372e+02 1.167033552343497149e+00 -1.260178578878485041e+03 3.486162262991844909e+05 1.143685966684151936e+02 3.486162262991848984e+05 -8.079122136333982944e+08 2.659846172953677090e-01 3.216747325042200600e+01 3.152393319482485367e+03 3.216747325042201311e+01 3.890248788964971482e+03 3.812420763666017447e+05 3.152393319482485822e+03 3.812420763666016865e+05 3.736149760000002384e+07
9.649902259166887736e-03 1.167033552343494041e+00 1.143685966684150372e+02 1.167033552343497149e+00 -1.260178578878485041e+03 3.486162262991844909e+05 1.143685966684151936e+02 3.486162262991848984e+05 -8.079122136333982944e+08 2.659846172953677090e-01 3.216747325042200600e+01 3.152393319482485367e+03 3.216747325042201311e+01 3.890248788964971482e+03 3.812420763666017447e+05 3.152393319482485822e+03 3.812420763666016865e+05 3.736149760000002384e+07
9.649902259166887736e-03 1.167033552343494041e+00 1.143685966684150372e+02 1.167033552343497149e+00 -1.260178578878485041e+03 3.486162262991844909e+05 1.143685966684151936e+02 3.486162262991848984e+05 -8.079122136333982944e+08 2.659846172953677090e-01 3.216747325042200600e+01 3.152393319482485367e+03 3.216747325042201311e+01 3.890248788964971482e+03 3.812420763666017447e+05 3.152393319482485822e+03 3.812420763666016865e+05 3.736149760000002384e+07
9.649902259166887736e-03 1.167033552343494041e+00 1.143685966684150372e+02 1.167033552343497149e+00 -1.260178578878485041e+03 3.486162262991844909e+05 1.143685966684151936e+02 3.486162262991848984e+05 -8.079122136333982944e+08 2.659846172953677090e-01 3.216747325042200600e+01 3.152393319482485367e+03 3.216747325042201311e+01 3.890248788964971482e+03 3.812420763666017447e+05 3.152393319482485822e+03 3.812420763666016865e+05 3.736149760000002384e+07
9.649902259166887736e-03 1.167033552343494041e+00 1.143685966684150372e+02 1.167033552343497149e+00 -1.260178578878485041e+03 3.486162262991844909e+05 1.143685966684151936e+02 3.486162262991848984e+05 -8.079122136333982944e+08 2.659846172953677090e-01 3.216747325042200600e+01 3.152393319482485367e+03 3.216747325042201311e+01 3.890248788964971482e+03 3.812420763666017447e+05 3.152393319482485822e+03 3.812420763666016865e+05 3.736149760000002384e+07
9.649902259166887736e-03 1.167033552343494041e+00 1.143685966684150372e+02 1.167033552343497149e+00 -1.260178578878485041e+03 3.486162262991844909e+05 1.143685966684151936e+02 3.486162262991848984e+05 -8.079122136333982944e+08 2.659846172953677090e-01 3.216747325042200600e+01 3.152393319482485367e+03 3.216747325042201311e+01 3.890248788964971482e+03 3.812420763666017447e+05 3.152393319482485822e+03 3.812420763666016865e+05 3.736149760000002384e+07
9.649902259166887736e-03 1.167033552343494041e+00 1.143685966684150372e+02 1.167033552343497149e+00 -1.260178578878485041e+03 3.486162262991844909e+05 1.143685966684151936e+02 3.486162262991848984e+05 -8.079122136333982944e+08 2.659846172953677090e-01 3.216747325042200600e+01 3.152393319482485367e+03 3.216747325042201311e+01 3.890248788964971482e+03 3.812420763666017447e+05 3.152393319482485822e+03 3.812420763666016865e+05 3.736149760000002384e+07
9.649902259166887736e-03 1.167033552343494041e+00 1.143685966684150372e+02 1.167033552343497149e+00 -1.260178578878485041e+03 3.486162262991844909e+05 1.143685966684151936e+02 3.486162262991848984e+05 -8.079122136333982944e+08 2.659846172953677090e-01 3.216747325042200600e+01 3.152393319482485367e+03 3.216747325042201311e+01 3.890248788964971482e+03 3.812420763666017447e+05 3.152393319482485822e+03 3.812420763666016865e+05 3.736149760000002384e+07
9.649902259166887736e-03 1.167033552343494041e+00 1.143685966684150372e+02 1.167033552343497149e+00 -1.260178578878485041e+03 3.486162262991844909e+05 1.143685966684151936e+02 3.486162262991848984e+05 -8.079122136333982944e+08 2.659846172953677090e-01 3.216747325042200600e+01 3.152393319482485367e+03 3.216747325042201311e+01 3.890248788964971482e+03 3.812420763666017447e+05 3.152393319482485822e+03 3.812420763666016865e+05 3.736149760000002384e+07
9.649902259166887736e-03 1.167033552343494041e+00 1.143685966684150372e+02 1.167033552343497149e+00 -1.260178578878485041e+03 3.486162262991844909e+05 1.143685966684151936e+02 3.486162262991848984e+05 -8.079122136333982944e+08 2.659846172953677090e-01 3.216747325042200600e+01 3.152393319482485367e+03 3.216747325042201311e+01 3.890248788964971482e+03 3.812420763666017447e+05 3.152393319482485822e+03 3.812420763666016865e+05 3.736149760000002384e+07
9.649902259166887736e-03 1.167033552343494041e+00 1.143685966684150372e+02 1.167033552343497149e+00 -1.260178578878485041e+03 3.486162262991844909e+05 1.143685966684151936e+02 3.486162262991848984e+05 -8.079122136333982944e+08 2.659846172953677090e-01 3.216747325042200600e+01 3.152393319482485367e+03 3.216747325042201311e+01 3.890248788964971482e+03 3.812420763666017447e+05 3.152393319482485822e+03 3.812420763666016865e+05 3.736149760000002384e+07
9.649902259166887736e-03 1.167033552343494041e+00 1.143685966684150372e+02 1.167033552343497149e+00 -1.260178578878485041e+03 3.486162262991844909e+05 1.143685966684151936e+02 3.486162262991848984e+05 -8.079122136333982944e+08 2.659846172953677090e-01 3.216747325042200600e+01 3.152393319482485367e+03 3.216747325042201311e+01 3.890248788964971482e+03 3.812420763666017447e+05 3.152393319482485822e+03 3.812420763666016865e+05 3.736149760000002384e+07
9.649902259166887736e-03 1.167033552343494041e+00 1.143685966684150372e+02 1.167033552343497149e+00 -1.260178578878485041e+03 3.486162262991844909e+05 1.143685966684151936e+02 3.486162262991848984e+05 -8.079122136333982944e+08 2.659846172953677090e-01 3.216747325042200600e+01 3.152393319482485367e+03 3.216747325042201311e+01 3.890248788964971482e+03 3.812420763666017447e+05 3.152393319482485822e+03 3.812420763666016865e+05 3.736149760000002384e+07
9.649902259166887736e-03 1.167033552343494041e+00 1.143685966684150372e+02 1.167033552343497149e+00 -1.260178578878485041e+03 3.486162262991844909e+05 1.143685966684151936e+02 3.486162262991848984e+05 -8.079122136333982944e+08 2.659846172953677090e-01 3.216747325042200600e+01 3.152393319482485367e+03 3.216747325042201311e+01 3.890248788964971482e+03 3.812420763666017447e+05 3.152393319482485822e+03 3.812420763666016865e+05 3.736149760000002384e+07
9.649902259166887736e-03 1.167033552343494041e+00 1.143685966684150372e+02 1.167033552343497149e+00 -1.260178578878485041e+03 3.486162262991844909e+05 1.143685966684151936e+02 3.486162262991848984e+05 -8.079122136333982944e+08 2.659846172953677090e-01 3.216747325042200600e+01 3.152393319482485367e+03 3.216747325042201311e+01 3.890248788964971482e+03 3.812420763666017447e+05 3.152393319482485822e+03 3.812420763666016865e+05 3.736149760000002384e+07
9.649902259166887736e-03 1.167033552343494041e+00 1.143685966684150372e+02 1.167033552343497149e+00 -1.260178578878485041e+03 3.486162262991844909e+05 1.143685966684151936e+02 3.486162262991848984e+05 -8.079122136333982944e+08 2.659846172953677090e-01 3.216747325042200600e+01 3.152393319482485367e+03 3.216747325042201311e+01 3.890248788964971482e+03 3.812420763666017447e+05 3.152393319482485822e+03 3.812420763666016865e+05 3.736149760000002384e+07
9.649902259166887736e-03 1.167033552343494041e+00 1.143685966684150372e+02 1.167033552343497149e+00 -1.260178578878485041e+03 3.486162262991844909e+05 1.143685966684151936e+02 3.486162262991848984e+05 -8.079122136333982944e+08 2.659846172953677090e-01 3.216747325042200600e+01 3.152393319482485367e+03 3.216747325042201311e+01 3.890248788964971482e+03 3.812420763666017447e+05 3.152393319482485822e+03 3.812420763666016865e+05 3.736149760000002384e+07
9.649902259166887736e-03 1.167033552343494041e+00 1.143685966684150372e+02 1.167033552343497149e+00 -1.260178578878485041e+03 3.486162262991844909e+05 1.143685966684151936e+02 3.486162262991848984e+05 -8.079122136333982944e+08 2.659846172953677090e-01 3.216747325042200600e+01 3.152393319482485367e+03 3.216747325042201311e+01 3.890248788964971482e+03 3.812420763666017447e+05 3.152393319482485822e+03 3.812420763666016865e+05 3.736149760000002384e+07
9.649902259166887736e-03 1.167033552343494041e+00 1.143685966684150372e+02 1.167033552343497149e+00 -1.260178578878485041e+03 3.486162262991844909e+05 1.143685966684151936e+02 3.486162262991848984e+05 -8.079122136333982944e+08 2.659846172953677090e-01 3.216747325042200600e+01 3.152393319482485367e+03 3.216747325042201311e+01 3.890248788964971482e+03 3.812420763666017447e+05 3.152393319482485822e+03 3.812420763666016865e+05 3.736149760000002384e+07
9.649902259166887736e-03 1.167033552343494041e+00 1.143685966684150372e+02 1.167033552343497149e+00 -1.260178578878485041e+03 3.486162262991844909e+05 1.143685966684151936e+02 3.486162262991848984e+05 -8.079122136333982944e+08 2.659846172953677090e-01 3.216747325042200600e+01 3.152393319482485367e+03 3.216747325042201311e+01 3.890248788964971482e+03 3.812420763666017447e+05 3.152393319482485822e+03 3.812420763666016865e+05 3.736149760000002384e+07
9.649902259166887736e-03 1.167033552343494041e+00 1.143685966684150372e+02 1.167033552343497149e+00 -1.260178578878485041e+03 3.486162262991844909e+05 1.143685966684151936e+02 3.486162262991848984e+05 -8.079122136333982944e+08 2.659846172953677090e-01 3.216747325042200600e+01 3.152393319482485367e+03 3.216747325042201311e+01 3.890248788964971482e+03 3.812420763666017447e+05 3.152393319482485822e+03 3.812420763666016865e+05 3.736149760000002384e+07
9.649902259166887736e-03 1.167033552343494041e+00 1.143685966684150372e+02 1.167033552343497149e+00 -1.260178578878485041e+03 3.486162262991844909e+05 1.143685966684151936e+02 3.486162262991848984e+05 -8.079122136333982944e+08 2.659846172953677090e-01 3.216747325042200600e+01 3.152393319482485367e+03 3.216747325042201311e+01 3.890248788964971482e+03 3.812420763666017447e+05 3.152393319482485822e+03 3.812420763666016865e+05 3.736149760000002384e+07
9.649902259166887736e-03 1.167033552343494041e+00 1.143685966684150372e+02 1.167033552343497149e+00 -1.260178578878485041e+03 3.486162262991844909e+05 1.143685966684151936e+02 3.486162262991848984e+05 -8.079122136333982944e+08 2.659846172953677090e-01 3.216747325042200600e+01 3.152393319482485367e+03 3.216747325042201311e+01 3.890248788964971482e+03 3.812420763666017447e+05 3.152393319482485822e+03 3.812420763666016865e+05 3.736149760000002384e+07
9.649902259166887736e-03 1.167033552343494041e+00 1.143685966684150372e+02 1.167033552343497149e+00 -1.260178578878485041e+03 3.486162262991844909e+05 1.143685966684151936e+02 3.486162262991848984e+05 -8.079122136333982944e+08 2.659846172953677090e-01 3.216747325042200600e+01 3.152393319482485367e+03 3.216747325042201311e+01 3.890248788964971482e+03 3.812420763666017447e+05 3.152393319482485822e+03 3.812420763666016865e+05 3.736149760000002384e+07
9.649902259166887736e-03 1.167033552343494041e+00 1.143685966684150372e+02 1.167033552343497149e+00 -1.260178578878485041e+03 3.486162262991844909e+05 1.143685966684151936e+02 3.486162262991848984e+05 -8.079122136333982944e+08 2.659846172953677090e-01 3.216747325042200600e+01 3.152393319482485367e+03 3.216747325042201311e+01 3.890248788964971482e+03 3.812420763666017447e+05 3.152393319482485822e+03 3.812420763666016865e+05 3.736149760000002384e+07
9.649902259166887736e-03 1.167033552343494041e+00 1.143685966684150372e+02 1.167033552343497149e+00 -1.260178578878485041e+03 3.486162262991844909e+05 1.143685966684151936e+02 3.486162262991848984e+05 -8.079122136333982944e+08 2.659846172953677090e-01 3.216747325042200600e+01 3.152393319482485367e+03 3.216747325042201311e+01 3.890248788964971482e+03 3.812420763666017447e+05 3.152393319482485822e+03 3.812420763666016865e+05 3.736149760000002384e+07
9.649902259166887736e-03 1.167033552343494041e+00 1.143685966684150372e+02 1.167033552343497149e+00 -1.260178578878485041e+03 3.486162262991844909e+05 1.143685966684151936e+02 3.486162262991848984e+05 -8.079122136333982944e+08 2.659846172953677090e-01 3.216747325042200600e+01 3.152393319482485367e+03 3.216747325042201311e+01 3.890248788964971482e+03 3.812420763666017447e+05 3.152393319482485822e+03 3.812420763666016865e+05 3.736149760000002384e+07
9.649902259166887736e-03 1.167033552343494041e+00 1.143685966684150372e+02 1.167033552343497149e+00 -1.260178578878485041e+03 3.486162262991844909e+05 1.143685966684151936e+02 3.486162262991848984e+05 -8.079122136333982944e+08 2.659846172953677090e-01 3.216747325042200600e+01 3.152393319482485367e+03 3.216747325042201311e+01 3.890248788964971482e+03 3.812420763666017447e+05 3.152393319482485822e+03 3.812420763666016865e+05 3.736149760000002384e+07
9.649902259166887736e-03 1.167033552343494041e+00 1.143685966684150372e+02 1.167033552343497149e+00 -1.260178578878485041e+03 3.486162262991844909e+05 1.143685966684151936e+02 3.486162262991848984e+05 -8.079122136333982944e+08 2.659846172953677090e-01 3.216747325042200600e+01 3.152393319482485367e+03 3.216747325042201311e+01 3.890248788964971482e+03 3.812420763666017447e+05 3.152393319482485822e+03 3.812420763666016865e+05 3.736149760000002384e+07
9.649902259166887736e-03 1.167033552343494041e+00 1.143685966684150372e+02 1.167033552343497149e+00 -1.260178578878485041e+03 3.486162262991844909e+05 1.143685966684151936e+02 3.486162262991848984e+05 -8.079122136333982944e+08 2.659846172953677090e-01 3.216747325042200600e+01 3.152393319482485367e+03 3.216747325042201311e+01 3.890248788964971482e+03 3.812420763666017447e+05 3.152393319482485822e+03 3.812420763666016865e+05 3.736149760000002384e+07
9.649902259166887736e-03 1.167033552343494041e+00 1.143685966684150372e+02 1.167033552343497149e+00 -1.260178578878485041e+03 3.486162262991844909e+05 1.143685966684151936e+02 3.486162262991848984e+05 -8.079122136333982944e+08 2.659846172953677090e-01 3.216747325042200600e+01 3.152393319482485367e+03 3.216747325042201311e+01 3.890248788964971482e+03 3.812420763666017447e+05 3.152393319482485822e+03 3.812420763666016865e+05 3.736149760000002384e+07
9.649902259166887736e-03 1.167033552343494041e+00 1.143685966684150372e+02 1.167033552343497149e+00 -1.260178578878485041e+03 3.486162262991844909e+05 1.143685966684151936e+02 3.486162262991848984e+05 -8.079122136333982944e+08 2.659846172953677090e-01 3.216747325042200600e+01 3.152393319482485367e+03 3.216747325042201311e+01 3.890248788964971482e+03 3.812420763666017447e+05 3.152393319482485822e+03 3.812420763666016865e+05 3.736149760000002384e+07
9.649902259166887736e-03 1.167033552343494041e+00 1.143685966684150372e+02 1.167033552343497149e+00 -1.260178578878485041e+03 3.486162262991844909e+05 1.143685966684151936e+02 3.486162262991848984e+05 -8.079122136333982944e+08 2.659846172953677090e-01 3.216747325042200600e+01 3.152393319482485367e+03 3.216747325042201311e+01 3.890248788964971482e+03 3.812420763666017447e+05 3.152393319482485822e+03 3.812420763666016865e+05 3.736149760000002384e+07
9.649902259166887736e-03 1.167033552343494041e+00 1.143685966684150372e+02 1.167033552343497149e+00 -1.260178578878485041e+03 3.486162262991844909e+05 1.143685966684151936e+02 3.486162262991848984e+05 -8.079122136333982944e+08 2.659846172953677090e-01 3.216747325042200600e+01 3.152393319482485367e+03 3.216747325042201311e+01 3.890248788964971482e+03 3.812420763666017447e+05 3.152393319482485822e+03 3.812420763666016865e+05 3.736149760000002384e+07
9.649902259166887736e-03 1.167033552343494041e+00 1.143685966684150372e+02 1.167033552343497149e+00 -1.260178578878485041e+03 3.486162262991844909e+05 1.143685966684151936e+02 3.486162262991848984e+05 -8.079122136333982944e+08 2.659846172953677090e-01 3.216747325042200600e+01 3.152393319482485367e+03 3.216747325042201311e+01 3.890248788964971482e+03 3.812420763666017447e+05 3.152393319482485822e+03 3.812420763666016865e+05 3.736149760000002384e+07
9.649902259166887736e-03 1.167033552343494041e+00 1.143685966684150372e+02 1.167033552343497149e+00 -1.260178578878485041e+03 3.486162262991844909e+05 1.143685966684151936e+02 3.486162262991848984e+05 -8.079122136333982944e+08 2.659846172953677090e-01 3.216747325042200600e+01 3.152393319482485367e+03 3.216747325042201311e+01 3.890248788964971482e+03 3.812420763666017447e+05 3.152393319482485822e+03 3.812420763666016865e+05 3.736149760000002384e+07
9.649902259166887736e-03 1.167033552343494041e+00 1.143685966684150372e+02 1.167033552343497149e+00 -1.260178578878485041e+03 3.486162262991844909e+05 1.143685966684151936e+02 3.486162262991848984e+05 -8.079122136333982944e+08 2.659846172953677090e-01 3.216747325042200600e+01 3.152393319482485367e+03 3.216747325042201311e+01 3.890248788964971482e+03 3.812420763666017447e+05 3.152393319482485822e+03 3.812420763666016865e+05 3.736149760000002384e+07
9.649902259166887736e-03 1.167033552343494041e+00 1.143685966684150372e+02 1.167033552343497149e+00 -1.260178578878485041e+03 3.486162262991844909e+05 1.143685966684151936e+02 3.486162262991848984e+05 -8.079122136333982944e+08 2.659846172953677090e-01 3.216747325042200600e+01 3.152393319482485367e+03 3.216747325042201311e+01 3.890248788964971482e+03 3.812420763666017447e+05 3.152393319482485822e+03 3.812420763666016865e+05 3.736149760000002384e+07
9.649902259166887736e-03 1.167033552343494041e+00 1.143685966684150372e+02 1.167033552343497149e+00 -1.260178578878485041e+03 3.486162262991844909e+05 1.143685966684151936e+02 3.486162262991848984e+05 -8.079122136333982944e+08 2.659846172953677090e-01 3.216747325042200600e+01 3.152393319482485367e+03 3.216747325042201311e+01 3.890248788964971482e+03 3.812420763666017447e+05 3.152393319482485822e+03 3.812420763666016865e+05 3.736149760000002384e+07
9.649902259166887736e-03 1.167033552343494041e+00 1.143685966684150372e+02 1.167033552343497149e+00 -1.260178578878485041e+03 3.486162262991844909e+05 1.143685966684151936e+02 3.486162262991848984e+05 -8.079122136333982944e+08 2.659846172953677090e-01 3.216747325042200600e+01 3.152393319482485367e+03 3.216747325042201311e+01 3.890248788964971482e+03 3.812420763666017447e+05 3.152393319482485822e+03 3.812420763666016865e+05 3.736149760000002384e+07
9.649902259166887736e-03 1.167033552343494041e+00 1.143685966684150372e+02 1.167033552343497149e+00 -1.260178578878485041e+03 3.486162262991844909e+05 1.143685966684151936e+02 3.486162262991848984e+05 -8.079122136333982944e+08 2.659846172953677090e-01 3.216747325042200600e+01 3.152393319482485367e+03 3.216747325042201311e+01 3.890248788964971482e+03 3.812420763666017447e+05 3.152393319482485822e+03 3.812420763666016865e+05 3.736149760000002384e+07
9.649902259166887736e-03 1.167033552343494041e+00 1.143685966684150372e+02 1.167033552343497149e+00 -1.260178578878485041e+03 3.486162262991844909e+05 1.143685966684151936e+02 3.486162262991848984e+05 -8.079122136333982944e+08 2.659846172953677090e-01 3.216747325042200600e+01 3.152393319482485367e+03 3.216747325042201311e+01 3.890248788964971482e+03 3.812420763666017447e+05 3.152393319482485822e+03 3.812420763666016865e+05 3.736149760000002384e+07
9.649902259166887736e-03 1.167033552343494041e+00 1.143685966684150372e+02 1.167033552343497149e+00 -1.260178578878485041e+03 3.486162262991844909e+05 1.143685966684151936e+02 3.486162262991848984e+05 -8.079122136333982944e+08 2.659846172953677090e-01 3.216747325042200600e+01 3.152393319482485367e+03 3.216747325042201311e+01 3.890248788964971482e+03 3.812420763666017447e+05 3.152393319482485822e+03 3.812420763666016865e+05 3.736149760000002384e+07
9.649902259166887736e-03 1.167033552343494041e+00 1.143685966684150372e+02 1.167033552343497149e+00 -1.260178578878485041e+03 3.486162262991844909e+05 1.143685966684151936e+02 3.486162262991848984e+05 -8.079122136333982944e+08 2.659846172953677090e-01 3.216747325042200600e+01 3.152393319482485367e+03 3.216747325042201311e+01 3.890248788964971482e+03 3.812420763666017447e+05 3.152393319482485822e+03 3.812420763666016865e+05 3.736149760000002384e+07
9.649902259166887736e-03 1.167033552343494041e+00 1.143685966684150372e+02 1.167033552343497149e+00 -1.260178578878485041e+03 3.486162262991844909e+05 1.143685966684151936e+02 3.486162262991848984e+05 -8.079122136333982944e+08 2.659846172953677090e-01 3.216747325042200600e+01 3.152393319482485367e+03 3.216747325042201311e+01 3.890248788964971482e+03 3.812420763666017447e+05 3.152393319482485822e+03 3.812420763666016865e+05 3.736149760000002384e+07
9.649902259166887736e-03 1.167033552343494041e+00 1.143685966684150372e+02 1.167033552343497149e+00 -1.260178578878485041e+03 3.486162262991844909e+05 1.143685966684151936e+02 3.486162262991848984e+05 -8.079122136333982944e+08 2.659846172953677090e-01 3.216747325042200600e+01 3.152393319482485367e+03 3.216747325042201311e+01 3.890248788964971482e+03 3.812420763666017447e+05 3.152393319482485822e+03 3.812420763666016865e+05 3.736149760000002384e+07
9.649902259166887736e-03 1.167033552343494041e+00 1.143685966684150372e+02 1.167033552343497149e+00 -1.260178578878485041e+03 3.486162262991844909e+05 1.143685966684151936e+02 3.486162262991848984e+05 -8.079122136333982944e+08 2.659846172953677090e-01 3.216747325042200600e+01 3.152393319482485367e+03 3.216747325042201311e+01 3.890248788964971482e+03 3.812420763666017447e+05 3.152393319482485822e+03 3.812420763666016865e+05 3.736149760000002384e+07
9.649902259166887736e-03 1.167033552343494041e+00 1.143685966684150372e+02 1.167033552343497149e+00 -1.260178578878485041e+03 3.486162262991844909e+05 1.143685966684151936e+02 3.486162262991848984e+05 -8.079122136333982944e+08 2.659846172953677090e-01 3.216747325042200600e+01 3.152393319482485367e+03 3.216747325042201311e+01 3.890248788964971482e+03 3.812420763666017447e+05 3.152393319482485822e+03 3.812420763666016865e+05 3.736149760000002384e+07
9.649902259166887736e-03 1.167033552343494041e+00 1.143685966684150372e+02 1.167033552343497149e+00 -1.260178578878485041e+03 3.486162262991844909e+05 1.143685966684151936e+02 3.486162262991848984e+05 -8.079122136333982944e+08 2.659846172953677090e-01 3.216747325042200600e+01 3.152393319482485367e+03 3.216747325042201311e+01 3.890248788964971482e+03 3.812420763666017447e+05 3.152393319482485822e+03 3.812420763666016865e+05 3.736149760000002384e+07
9.649902259166887736e-03 1.167033552343494041e+00 1.143685966684150372e+02 1.167033552343497149e+00 -1.260178578878485041e+03 3.486162262991844909e+05 1.143685966684151936e+02 3.486162262991848984e+05 -8.079122136333982944e+08 2.659846172953677090e-01 3.216747325042200600e+01 3.152393319482485367e+03 3.216747325042201311e+01 3.890248788964971482e+03 3.812420763666017447e+05 3.152393319482485822e+03 3.812420763666016865e+05 3.736149760000002384e+07
9.649902259166887736e-03 1.167033552343494041e+00 1.143685966684150372e+02 1.167033552343497149e+00 -1.260178578878485041e+03 3.486162262991844909e+05 1.143685966684151936e+02 3.486162262991848984e+05 -8.079122136333982944e+08 2.659846172953677090e-01 3.216747325042200600e+01 3.152393319482485367e+03 3.216747325042201311e+01 3.890248788964971482e+03 3.812420763666017447e+05 3.152393319482485822e+03 3.812420763666016865e+05 3.736149760000002384e+07
9.649902259166887736e-03 1.167033552343494041e+00 1.143685966684150372e+02 1.167033552343497149e+00 -1.260178578878485041e+03 3.486162262991844909e+05 1.143685966684151936e+02 3.486162262991848984e+05 -8.079122136333982944e+08 2.659846172953677090e-01 3.216747325042200600e+01 3.152393319482485367e+03 3.216747325042201311e+01 3.890248788964971482e+03 3.812420763666017447e+05 3.152393319482485822e+03 3.812420763666016865e+05 3.736149760000002384e+07
9.649902259166887736e-03 1.167033552343494041e+00 1.143685966684150372e+02 1.167033552343497149e+00 -1.260178578878485041e+03 3.486162262991844909e+05 1.143685966684151936e+02 3.486162262991848984e+05 -8.079122136333982944e+08 2.659846172953677090e-01 3.216747325042200600e+01 3.152393319482485367e+03 3.216747325042201311e+01 3.890248788964971482e+03 3.812420763666017447e+05 3.152393319482485822e+03 3.812420763666016865e+05 3.736149760000002384e+07
9.649902259166887736e-03 1.167033552343494041e+00 1.143685966684150372e+02 1.167033552343497149e+00 -1.260178578878485041e+03 3.486162262991844909e+05 1.143685966684151936e+02 3.486162262991848984e+05 -8.079122136333982944e+08 2.659846172953677090e-01 3.216747325042200600e+01 3.152393319482485367e+03 3.216747325042201311e+01 3.890248788964971482e+03 3.812420763666017447e+05 3.152393319482485822e+03 3.812420763666016865e+05 3.736149760000002384e+07
9.649902259166887736e-03 1.167033552343494041e+00 1.143685966684150372e+02 1.167033552343497149e+00 -1.260178578878485041e+03 3.486162262991844909e+05 1.143685966684151936e+02 3.486162262991848984e+05 -8.079122136333982944e+08 2.659846172953677090e-01 3.216747325042200600e+01 3.152393319482485367e+03 3.216747325042201311e+01 3.890248788964971482e+03 3.812420763666017447e+05 3.152393319482485822e+03 3.812420763666016865e+05 3.736149760000002384e+07
9.649902259166887736e-03 1.167033552343494041e+00 1.143685966684150372e+02 1.167033552343497149e+00 -1.260178578878485041e+03 3.486162262991844909e+05 1.143685966684151936e+02 3.486162262991848984e+05 -8.079122136333982944e+08 2.659846172953677090e-01 3.216747325042200600e+01 3.152393319482485367e+03 3.216747325042201311e+01 3.890248788964971482e+03 3.812420763666017447e+05 3.152393319482485822e+03 3.812420763666016865e+05 3.736149760000002384e+07
9.649902259166887736e-03 1.167033552343494041e+00 1.143685966684150372e+02 1.167033552343497149e+00 -1.260178578878485041e+03 3.486162262991844909e+05 1.143685966684151936e+02 3.486162262991848984e+05 -8.079122136333982944e+08 2.659846172953677090e-01 3.216747325042200600e+01 3.152393319482485367e+03 3.216747325042201311e+01 3.890248788964971482e+03 3.812420763666017447e+05 3.152393319482485822e+03 3.812420763666016865e+05 3.736149760000002384e+07
9.649902259166887736e-03 1.167033552343494041e+00 1.143685966684150372e+02 1.167033552343497149e+00 -1.260178578878485041e+03 3.486162262991844909e+05 1.143685966684151936e+02 3.486162262991848984e+05 -8.079122136333982944e+08 2.659846172953677090e-01 3.216747325042200600e+01 3.152393319482485367e+03 3.216747325042201311e+01 3.890248788964971482e+03 3.812420763666017447e+05 3.152393319482485822e+03 3.812420763666016865e+05 3.736149760000002384e+07
9.649902259166887736e-03 1.167033552343494041e+00 1.143685966684150372e+02 1.167033552343497149e+00 -1.260178578878485041e+03 3.486162262991844909e+05 1.143685966684151936e+02 3.486162262991848984e+05 -8.079122136333982944e+08 2.659846172953677090e-01 3.216747325042200600e+01 3.152393319482485367e+03 3.216747325042201311e+01 3.890248788964971482e+03 3.812420763666017447e+05 3.152393319482485822e+03 3.812420763666016865e+05 3.736149760000002384e+07
9.649902259166887736e-03 1.167033552343494041e+00 1.143685966684150372e+02 1.167033552343497149e+00 -1.260178578878485041e+03 3.486162262991844909e+05 1.143685966684151936e+02 3.486162262991848984e+05 -8.079122136333982944e+08 2.659846172953677090e-01 3.216747325042200600e+01 3.152393319482485367e+03 3.216747325042201311e+01 3.890248788964971482e+03 3.812420763666017447e+05 3.152393319482485822e+03 3.812420763666016865e+05 3.736149760000002384e+07
9.649902259166887736e-03 1.167033552343494041e+00 1.143685966684150372e+02 1.167033552343497149e+00 -1.260178578878485041e+03 3.486162262991844909e+05 1.143685966684151936e+02 3.486162262991848984e+05 -8.079122136333982944e+08 2.659846172953677090e-01 3.216747325042200600e+01 3.152393319482485367e+03 3.216747325042201311e+01 3.890248788964971482e+03 3.812420763666017447e+05 3.152393319482485822e+03 3.812420763666016865e+05 3.736149760000002384e+07
9.649902259166887736e-03 1.167033552343494041e+00 1.143685966684150372e+02 1.167033552343497149e+00 -1.260178578878485041e+03 3.486162262991844909e+05 1.143685966684151936e+02 3.486162262991848984e+05 -8.079122136333982944e+08 2.659846172953677090e-01 3.216747325042200600e+01 3.152393319482485367e+03 3.216747325042201311e+01 3.890248788964971482e+03 3.812420763666017447e+05 3.152393319482485822e+03 3.812420763666016865e+05 3.736149760000002384e+07
9.649902259166887736e-03 1.167033552343494041e+00 1.143685966684150372e+02 1.167033552343497149e+00 -1.260178578878485041e+03 3.486162262991844909e+05 1.143685966684151936e+02 3.486162262991848984e+05 -8.079122136333982944e+08 2.659846172953677090e-01 3.216747325042200600e+01 3.152393319482485367e+03 3.216747325042201311e+01 3.890248788964971482e+03 3.812420763666017447e+05 3.152393319482485822e+03 3.812420763666016865e+05 3.736149760000002384e+07
9.649902259166887736e-03 1.167033552343494041e+00 1.143685966684150372e+02 1.167033552343497149e+00 -1.260178578878485041e+03 3.486162262991844909e+05 1.143685966684151936e+02 3.486162262991848984e+05 -8.079122136333982944e+08 2.659846172953677090e-01 3.216747325042200600e+01 3.152393319482485367e+03 3.216747325042201311e+01 3.890248788964971482e+03 3.812420763666017447e+05 3.152393319482485822e+03 3.812420763666016865e+05 3.736149760000002384e+07
9.649902259166887736e-03 1.167033552343494041e+00 1.143685966684150372e+02 1.167033552343497149e+00 -1.260178578878485041e+03 3.486162262991844909e+05 1.143685966684151936e+02 3.486162262991848984e+05 -8.079122136333982944e+08 2.659846172953677090e-01 3.216747325042200600e+01 3.152393319482485367e+03 3.216747325042201311e+01 3.890248788964971482e+03 3.812420763666017447e+05 3.152393319482485822e+03 3.812420763666016865e+05 3.736149760000002384e+07
9.649902259166887736e-03 1.167033552343494041e+00 1.143685966684150372e+02 1.167033552343497149e+00 -1.260178578878485041e+03 3.486162262991844909e+05 1.143685966684151936e+02 3.486162262991848984e+05 -8.079122136333982944e+08 2.659846172953677090e-01 3.216747325042200600e+01 3.152393319482485367e+03 3.216747325042201311e+01 3.890248788964971482e+03 3.812420763666017447e+05 3.152393319482485822e+03 3.812420763666016865e+05 3.736149760000002384e+07
9.649902259166887736e-03 1.167033552343494041e+00 1.143685966684150372e+02 1.167033552343497149e+00 -1.260178578878485041e+03 3.486162262991844909e+05 1.143685966684151936e+02 3.486162262991848984e+05 -8.079122136333982944e+08 2.659846172953677090e-01 3.216747325042200600e+01 3.152393319482485367e+03 3.216747325042201311e+01 3.890248788964971482e+03 3.812420763666017447e+05 3.152393319482485822e+03 3.812420763666016865e+05 3.736149760000002384e+07
9.649902259166887736e-03 1.167033552343494041e+00 1.143685966684150372e+02 1.167033552343497149e+00 -1.260178578878485041e+03 3.486162262991844909e+05 1.143685966684151936e+02 3.486162262991848984e+05 -8.079122136333982944e+08 2.659846172953677090e-01 3.216747325042200600e+01 3.152393319482485367e+03 3.216747325042201311e+01 3.890248788964971482e+03 3.812420763666017447e+05 3.152393319482485822e+03 3.812420763666016865e+05 3.736149760000002384e+07
9.649902259166887736e-03 1.167033552343494041e+00 1.143685966684150372e+02 1.167033552343497149e+00 -1.260178578878485041e+03 3.486162262991844909e+05 1.143685966684151936e+02 3.486162262991848984e+05 -8.079122136333982944e+08 2.659846172953677090e-01 3.216747325042200600e+01 3.152393319482485367e+03 3.216747325042201311e+01 3.890248788964971482e+03 3.812420763666017447e+05 3.152393319482485822e+03 3.812420763666016865e+05 3.736149760000002384e+07
9.649902259166887736e-03 1.167033552343494041e+00 1.143685966684150372e+02 1.167033552343497149e+00 -1.260178578878485041e+03 3.486162262991844909e+05 1.143685966684151936e+02 3.486162262991848984e+05 -8.079122136333982944e+08 2.659846172953677090e-01 3.216747325042200600e+01 3.152393319482485367e+03 3.216747325042201311e+01 3.890248788964971482e+03 3.812420763666017447e+05 3.152393319482485822e+03 3.812420763666016865e+05 3.736149760000002384e+07
9.649902259166887736e-03 1.167033552343494041e+00 1.143685966684150372e+02 1.167033552343497149e+00 -1.260178578878485041e+03 3.486162262991844909e+05 1.143685966684151936e+02 3.486162262991848984e+05 -8.079122136333982944e+08 2.659846172953677090e-01 3.216747325042200600e+01 3.152393319482485367e+03 3.216747325042201311e+01 3.890248788964971482e+03 3.812420763666017447e+05 3.152393319482485822e+03 3.812420763666016865e+05 3.736149760000002384e+07
9.649902259166887736e-03 1.167033552343494041e+00 1.143685966684150372e+02 1.167033552343497149e+00 -1.260178578878485041e+03 3.486162262991844909e+05 1.143685966684151936e+02 3.486162262991848984e+05 -8.079122136333982944e+08 2.659846172953677090e-01 3.216747325042200600e+01 3.152393319482485367e+03 3.216747325042201311e+01 3.890248788964971482e+03 3.812420763666017447e+05 3.152393319482485822e+03 3.812420763666016865e+05 3.736149760000002384e+07
9.649902259166887736e-03 1.167033552343494041e+00 1.143685966684150372e+02 1.167033552343497149e+00 -1.260178578878485041e+03 3.486162262991844909e+05 1.143685966684151936e+02 3.486162262991848984e+05 -8.079122136333982944e+08 2.659846172953677090e-01 3.216747325042200600e+01 3.152393319482485367e+03 3.216747325042201311e+01 3.890248788964971482e+03 3.812420763666017447e+05 3.152393319482485822e+03 3.812420763666016865e+05 3.736149760000002384e+07
9.649902259166887736e-03 1.167033552343494041e+00 1.143685966684150372e+02 1.167033552343497149e+00 -1.260178578878485041e+03 3.486162262991844909e+05 1.143685966684151936e+02 3.486162262991848984e+05 -8.079122136333982944e+08 2.659846172953677090e-01 3.216747325042200600e+01 3.152393319482485367e+03 3.216747325042201311e+01 3.890248788964971482e+03 3.812420763666017447e+05 3.152393319482485822e+03 3.812420763666016865e+05 3.736149760000002384e+07
9.649902259166887736e-03 1.167033552343494041e+00 1.143685966684150372e+02 1.167033552343497149e+00 -1.260178578878485041e+03 3.486162262991844909e+05 1.143685966684151936e+02 3.486162262991848984e+05 -8.079122136333982944e+08 2.659846172953677090e-01 3.216747325042200600e+01 3.152393319482485367e+03 3.216747325042201311e+01 3.890248788964971482e+03 3.812420763666017447e+05 3.152393319482485822e+03 3.812420763666016865e+05 3.736149760000002384e+07
9.649902259166887736e-03 1.167033552343494041e+00 1.143685966684150372e+02 1.167033552343497149e+00 -1.260178578878485041e+03 3.486162262991844909e+05 1.143685966684151936e+02 3.486162262991848984e+05 -8.079122136333982944e+08 2.659846172953677090e-01 3.216747325042200600e+01 3.152393319482485367e+03 3.216747325042201311e+01 3.890248788964971482e+03 3.812420763666017447e+05 3.152393319482485822e+03 3.812420763666016865e+05 3.736149760000002384e+07
9.649902259166887736e-03 1.167033552343494041e+00 1.143685966684150372e+02 1.167033552343497149e+00 -1.260178578878485041e+03 3.486162262991844909e+05 1.143685966684151936e+02 3.486162262991848984e+05 -8.079122136333982944e+08 2.659846172953677090e-01 3.216747325042200600e+01 3.152393319482485367e+03 3.216747325042201311e+01 3.890248788964971482e+03 3.812420763666017447e+05 3.152393319482485822e+03 3.812420763666016865e+05 3.736149760000002384e+07
9.649902259166887736e-03 1.167033552343494041e+00 1.143685966684150372e+02 1.167033552343497149e+00 -1.260178578878485041e+03 3.486162262991844909e+05 1.143685966684151936e+02 3.486162262991848984e+05 -8.079122136333982944e+08 2.659846172953677090e-01 3.216747325042200600e+01 3.152393319482485367e+03 3.216747325042201311e+01 3.890248788964971482e+03 3.812420763666017447e+05 3.152393319482485822e+03 3.812420763666016865e+05 3.736149760000002384e+07
9.649902259166887736e-03 1.167033552343494041e+00 1.143685966684150372e+02 1.167033552343497149e+00 -1.260178578878485041e+03 3.486162262991844909e+05 1.143685966684151936e+02 3.486162262991848984e+05 -8.079122136333982944e+08 2.659846172953677090e-01 3.216747325042200600e+01 3.152393319482485367e+03 3.216747325042201311e+01 3.890248788964971482e+03 3.812420763666017447e+05 3.152393319482485822e+03 3.812420763666016865e+05 3.736149760000002384e+07
9.649902259166887736e-03 1.167033552343494041e+00 1.143685966684150372e+02 1.167033552343497149e+00 -1.260178578878485041e+03 3.486162262991844909e+05 1.143685966684151936e+02 3.486162262991848984e+05 -8.079122136333982944e+08 2.659846172953677090e-01 3.216747325042200600e+01 3.152393319482485367e+03 3.216747325042201311e+01 3.890248788964971482e+03 3.812420763666017447e+05 3.152393319482485822e+03 3.812420763666016865e+05 3.736149760000002384e+07
9.649902259166887736e-03 1.167033552343494041e+00 1.143685966684150372e+02 1.167033552343497149e+00 -1.260178578878485041e+03 3.486162262991844909e+05 1.143685966684151936e+02 3.486162262991848984e+05 -8.079122136333982944e+08 2.659846172953677090e-01 3.216747325042200600e+01 3.152393319482485367e+03 3.216747325042201311e+01 3.890248788964971482e+03 3.812420763666017447e+05 3.152393319482485822e+03 3.812420763666016865e+05 3.736149760000002384e+07
9.649902259166887736e-03 1.167033552343494041e+00 1.143685966684150372e+02 1.167033552343497149e+00 -1.260178578878485041e+03 3.486162262991844909e+05 1.143685966684151936e+02 3.486162262991848984e+05 -8.079122136333982944e+08 2.659846172953677090e-01 3.216747325042200600e+01 3.152393319482485367e+03 3.216747325042201311e+01 3.890248788964971482e+03 3.812420763666017447e+05 3.152393319482485822e+03 3.812420763666016865e+05 3.736149760000002384e+07
9.649902259166887736e-03 1.167033552343494041e+00 1.143685966684150372e+02 1.167033552343497149e+00 -1.260178578878485041e+03 3.486162262991844909e+05 1.143685966684151936e+02 3.486162262991848984e+05 -8.079122136333982944e+08 2.659846172953677090e-01 3.216747325042200600e+01 3.152393319482485367e+03 3.216747325042201311e+01 3.890248788964971482e+03 3.812420763666017447e+05 3.152393319482485822e+03 3.812420763666016865e+05 3.736149760000002384e+07
9.649902259166887736e-03 1.167033552343494041e+00 1.143685966684150372e+02 1.167033552343497149e+00 -1.260178578878485041e+03 3.486162262991844909e+05 1.143685966684151936e+02 3.486162262991848984e+05 -8.079122136333982944e+08 2.659846172953677090e-01 3.216747325042200600e+01 3.152393319482485367e+03 3.216747325042201311e+01 3.890248788964971482e+03 3.812420763666017447e+05 3.152393319482485822e+03 3.812420763666016865e+05 3.736149760000002384e+07
9.649902259166887736e-03 1.167033552343494041e+00 1.143685966684150372e+02 1.167033552343497149e+00 -1.260178578878485041e+03 3.486162262991844909e+05 1.143685966684151936e+02 3.486162262991848984e+05 -8.079122136333982944e+08 2.659846172953677090e-01 3.216747325042200600e+01 3.152393319482485367e+03 3.216747325042201311e+01 3.890248788964971482e+03 3.812420763666017447e+05 3.152393319482485822e+03 3.812420763666016865e+05 3.736149760000002384e+07
9.649902259166887736e-03 1.167033552343494041e+00 1.143685966684150372e+02 1.167033552343497149e+00 -1.260178578878485041e+03 3.486162262991844909e+05 1.143685966684151936e+02 3.486162262991848984e+05 -8.079122136333982944e+08 2.659846172953677090e-01 3.216747325042200600e+01 3.152393319482485367e+03 3.216747325042201311e+01 3.890248788964971482e+03 3.812420763666017447e+05 3.152393319482485822e+03 3.812420763666016865e+05 3.736149760000002384e+07
9.649902259166887736e-03 1.167033552343494041e+00 1.143685966684150372e+02 1.167033552343497149e+00 -1.260178578878485041e+03 3.486162262991844909e+05 1.143685966684151936e+02 3.486162262991848984e+05 -8.079122136333982944e+08 2.659846172953677090e-01 3.216747325042200600e+01 3.152393319482485367e+03 3.216747325042201311e+01 3.890248788964971482e+03 3.812420763666017447e+05 3.152393319482485822e+03 3.812420763666016865e+05 3.736149760000002384e+07
9.649902259166887736e-03 1.167033552343494041e+00 1.143685966684150372e+02 1.167033552343497149e+00 -1.260178578878485041e+03 3.486162262991844909e+05 1.143685966684151936e+02 3.486162262991848984e+05 -8.079122136333982944e+08 2.659846172953677090e-01 3.216747325042200600e+01 3.152393319482485367e+03 3.216747325042201311e+01 3.890248788964971482e+03 3.812420763666017447e+05 3.152393319482485822e+03 3.812420763666016865e+05 3.736149760000002384e+07
9.649902259166887736e-03 1.167033552343494041e+00 1.143685966684150372e+02 1.167033552343497149e+00 -1.260178578878485041e+03 3.486162262991844909e+05 1.143685966684151936e+02 3.486162262991848984e+05 -8.079122136333982944e+08 2.659846172953677090e-01 3.216747325042200600e+01 3.152393319482485367e+03 3.216747325042201311e+01 3.890248788964971482e+03 3.812420763666017447e+05 3.152393319482485822e+03 3.812420763666016865e+05 3.736149760000002384e+07
9.649902259166887736e-03 1.167033552343494041e+00 1.143685966684150372e+02 1.167033552343497149e+00 -1.260178578878485041e+03 3.486162262991844909e+05 1.143685966684151936e+02 3.486162262991848984e+05 -8.079122136333982944e+08 2.659846172953677090e-01 3.216747325042200600e+01 3.152393319482485367e+03 3.216747325042201311e+01 3.890248788964971482e+03 3.812420763666017447e+05 3.152393319482485822e+03 3.812420763666016865e+05 3.736149760000002384e+07
9.649902259166887736e-03 1.167033552343494041e+00 1.143685966684150372e+02 1.167033552343497149e+00 -1.260178578878485041e+03 3.486162262991844909e+05 1.143685966684151936e+02 3.486162262991848984e+05 -8.079122136333982944e+08 2.659846172953677090e-01 3.216747325042200600e+01 3.152393319482485367e+03 3.216747325042201311e+01 3.890248788964971482e+03 3.812420763666017447e+05 3.152393319482485822e+03 3.812420763666016865e+05 3.736149760000002384e+07
9.649902259166887736e-03 1.167033552343494041e+00 1.143685966684150372e+02 1.167033552343497149e+00 -1.260178578878485041e+03 3.486162262991844909e+05 1.143685966684151936e+02 3.486162262991848984e+05 -8.079122136333982944e+08 2.659846172953677090e-01 3.216747325042200600e+01 3.152393319482485367e+03 3.216747325042201311e+01 3.890248788964971482e+03 3.812420763666017447e+05 3.152393319482485822e+03 3.812420763666016865e+05 3.736149760000002384e+07
9.649902259166887736e-03 1.167033552343494041e+00 1.143685966684150372e+02 1.167033552343497149e+00 -1.260178578878485041e+03 3.486162262991844909e+05 1.143685966684151936e+02 3.486162262991848984e+05 -8.079122136333982944e+08 2.659846172953677090e-01 3.216747325042200600e+01 3.152393319482485367e+03 3.216747325042201311e+01 3.890248788964971482e+03 3.812420763666017447e+05 3.152393319482485822e+03 3.812420763666016865e+05 3.736149760000002384e+07
9.649902259166887736e-03 1.167033552343494041e+00 1.143685966684150372e+02 1.167033552343497149e+00 -1.260178578878485041e+03 3.486162262991844909e+05 1.143685966684151936e+02 3.486162262991848984e+05 -8.079122136333982944e+08 2.659846172953677090e-01 3.216747325042200600e+01 3.152393319482485367e+03 3.216747325042201311e+01 3.890248788964971482e+03 3.812420763666017447e+05 3.152393319482485822e+03 3.812420763666016865e+05 3.736149760000002384e+07
9.649902259166887736e-03 1.167033552343494041e+00 1.143685966684150372e+02 1.167033552343497149e+00 -1.260178578878485041e+03 3.486162262991844909e+05 1.143685966684151936e+02 3.486162262991848984e+05 -8.079122136333982944e+08 2.659846172953677090e-01 3.216747325042200600e+01 3.152393319482485367e+03 3.216747325042201311e+01 3.890248788964971482e+03 3.812420763666017447e+05 3.152393319482485822e+03 3.812420763666016865e+05 3.736149760000002384e+07
9.649902259166887736e-03 1.167033552343494041e+00 1.143685966684150372e+02 1.167033552343497149e+00 -1.260178578878485041e+03 3.486162262991844909e+05 1.143685966684151936e+02 3.486162262991848984e+05 -8.079122136333982944e+08 2.659846172953677090e-01 3.216747325042200600e+01 3.152393319482485367e+03 3.216747325042201311e+01 3.890248788964971482e+03 3.812420763666017447e+05 3.152393319482485822e+03 3.812420763666016865e+05 3.736149760000002384e+07
9.649902259166887736e-03 1.167033552343494041e+00 1.143685966684150372e+02 1.167033552343497149e+00 -1.260178578878485041e+03 3.486162262991844909e+05 1.143685966684151936e+02 3.486162262991848984e+05 -8.079122136333982944e+08 2.659846172953677090e-01 3.216747325042200600e+01 3.152393319482485367e+03 3.216747325042201311e+01 3.890248788964971482e+03 3.812420763666017447e+05 3.152393319482485822e+03 3.812420763666016865e+05 3.736149760000002384e+07
9.649902259166887736e-03 1.167033552343494041e+00 1.143685966684150372e+02 1.167033552343497149e+00 -1.260178578878485041e+03 3.486162262991844909e+05 1.143685966684151936e+02 3.486162262991848984e+05 -8.079122136333982944e+08 2.659846172953677090e-01 3.216747325042200600e+01 3.152393319482485367e+03 3.216747325042201311e+01 3.890248788964971482e+03 3.812420763666017447e+05 3.152393319482485822e+03 3.812420763666016865e+05 3.736149760000002384e+07
9.649902259166887736e-03 1.167033552343494041e+00 1.143685966684150372e+02 1.167033552343497149e+00 -1.260178578878485041e+03 3.486162262991844909e+05 1.143685966684151936e+02 3.486162262991848984e+05 -8.079122136333982944e+08 2.659846172953677090e-01 3.216747325042200600e+01 3.152393319482485367e+03 3.216747325042201311e+01 3.890248788964971482e+03 3.812420763666017447e+05 3.152393319482485822e+03 3.812420763666016865e+05 3.736149760000002384e+07
9.649902259166887736e-03 1.167033552343494041e+00 1.143685966684150372e+02 1.167033552343497149e+00 -1.260178578878485041e+03 3.486162262991844909e+05 1.143685966684151936e+02 3.486162262991848984e+05 -8.079122136333982944e+08 2.659846172953677090e-01 3.216747325042200600e+01 3.152393319482485367e+03 3.216747325042201311e+01 3.890248788964971482e+03 3.812420763666017447e+05 3.152393319482485822e+03 3.812420763666016865e+05 3.736149760000002384e+07
9.649902259166887736e-03 1.167033552343494041e+00 1.143685966684150372e+02 1.167033552343497149e+00 -1.260178578878485041e+03 3.486162262991844909e+05 1.143685966684151936e+02 3.486162262991848984e+05 -8.079122136333982944e+08 2.659846172953677090e-01 3.216747325042200600e+01 3.152393319482485367e+03 3.216747325042201311e+01 3.890248788964971482e+03 3.812420763666017447e+05 3.152393319482485822e+03 3.812420763666016865e+05 3.736149760000002384e+07
9.649902259166887736e-03 1.167033552343494041e+00 1.143685966684150372e+02 1.167033552343497149e+00 -1.260178578878485041e+03 3.486162262991844909e+05 1.143685966684151936e+02 3.486162262991848984e+05 -8.079122136333982944e+08 2.659846172953677090e-01 3.216747325042200600e+01 3.152393319482485367e+03 3.216747325042201311e+01 3.890248788964971482e+03 3.812420763666017447e+05 3.152393319482485822e+03 3.812420763666016865e+05 3.736149760000002384e+07
9.649902259166887736e-03 1.167033552343494041e+00 1.143685966684150372e+02 1.167033552343497149e+00 -1.260178578878485041e+03 3.486162262991844909e+05 1.143685966684151936e+02 3.486162262991848984e+05 -8.079122136333982944e+08 2.659846172953677090e-01 3.216747325042200600e+01 3.152393319482485367e+03 3.216747325042201311e+01 3.890248788964971482e+03 3.812420763666017447e+05 3.152393319482485822e+03 3.812420763666016865e+05 3.736149760000002384e+07
9.649902259166887736e-03 1.167033552343494041e+00 1.143685966684150372e+02 1.167033552343497149e+00 -1.260178578878485041e+03 3.486162262991844909e+05 1.143685966684151936e+02 3.486162262991848984e+05 -8.079122136333982944e+08 2.659846172953677090e-01 3.216747325042200600e+01 3.152393319482485367e+03 3.216747325042201311e+01 3.890248788964971482e+03 3.812420763666017447e+05 3.152393319482485822e+03 3.812420763666016865e+05 3.736149760000002384e+07
9.649902259166887736e-03 1.167033552343494041e+00 1.143685966684150372e+02 1.167033552343497149e+00 -1.260178578878485041e+03 3.486162262991844909e+05 1.143685966684151936e+02 3.486162262991848984e+05 -8.079122136333982944e+08 2.659846172953677090e-01 3.216747325042200600e+01 3.152393319482485367e+03 3.216747325042201311e+01 3.890248788964971482e+03 3.812420763666017447e+05 3.152393319482485822e+03 3.812420763666016865e+05 3.736149760000002384e+07
9.649902259166887736e-03 1.167033552343494041e+00 1.143685966684150372e+02 1.167033552343497149e+00 -1.260178578878485041e+03 3.486162262991844909e+05 1.143685966684151936e+02 3.486162262991848984e+05 -8.079122136333982944e+08 2.659846172953677090e-01 3.216747325042200600e+01 3.152393319482485367e+03 3.216747325042201311e+01 3.890248788964971482e+03 3.812420763666017447e+05 3.152393319482485822e+03 3.812420763666016865e+05 3.736149760000002384e+07
9.649902259166887736e-03 1.167033552343494041e+00 1.143685966684150372e+02 1.167033552343497149e+00 -1.260178578878485041e+03 3.486162262991844909e+05 1.143685966684151936e+02 3.486162262991848984e+05 -8.079122136333982944e+08 2.659846172953677090e-01 3.216747325042200600e+01 3.152393319482485367e+03 3.216747325042201311e+01 3.890248788964971482e+03 3.812420763666017447e+05 3.152393319482485822e+03 3.812420763666016865e+05 3.736149760000002384e+07
9.649902259166887736e-03 1.167033552343494041e+00 1.143685966684150372e+02 1.167033552343497149e+00 -1.260178578878485041e+03 3.486162262991844909e+05 1.143685966684151936e+02 3.486162262991848984e+05 -8.079122136333982944e+08 2.659846172953677090e-01 3.216747325042200600e+01 3.152393319482485367e+03 3.216747325042201311e+01 3.890248788964971482e+03 3.812420763666017447e+05 3.152393319482485822e+03 3.812420763666016865e+05 3.736149760000002384e+07
9.649902259166887736e-03 1.167033552343494041e+00 1.143685966684150372e+02 1.167033552343497149e+00 -1.260178578878485041e+03 3.486162262991844909e+05 1.143685966684151936e+02 3.486162262991848984e+05 -8.079122136333982944e+08 2.659846172953677090e-01 3.216747325042200600e+01 3.152393319482485367e+03 3.216747325042201311e+01 3.890248788964971482e+03 3.812420763666017447e+05 3.152393319482485822e+03 3.812420763666016865e+05 3.736149760000002384e+07
9.649902259166887736e-03 1.167033552343494041e+00 1.143685966684150372e+02 1.167033552343497149e+00 -1.260178578878485041e+03 3.486162262991844909e+05 1.143685966684151936e+02 3.486162262991848984e+05 -8.079122136333982944e+08 2.659846172953677090e-01 3.216747325042200600e+01 3.152393319482485367e+03 3.216747325042201311e+01 3.890248788964971482e+03 3.812420763666017447e+05 3.152393319482485822e+03 3.812420763666016865e+05 3.736149760000002384e+07
9.649902259166887736e-03 1.167033552343494041e+00 1.143685966684150372e+02 1.167033552343497149e+00 -1.260178578878485041e+03 3.486162262991844909e+05 1.143685966684151936e+02 3.486162262991848984e+05 -8.079122136333982944e+08 2.659846172953677090e-01 3.216747325042200600e+01 3.152393319482485367e+03 3.216747325042201311e+01 3.890248788964971482e+03 3.812420763666017447e+05 3.152393319482485822e+03 3.812420763666016865e+05 3.736149760000002384e+07
9.649902259166887736e-03 1.167033552343494041e+00 1.143685966684150372e+02 1.167033552343497149e+00 -1.260178578878485041e+03 3.486162262991844909e+05 1.143685966684151936e+02 3.486162262991848984e+05 -8.079122136333982944e+08 2.659846172953677090e-01 3.216747325042200600e+01 3.152393319482485367e+03 3.216747325042201311e+01 3.890248788964971482e+03 3.812420763666017447e+05 3.152393319482485822e+03 3.812420763666016865e+05 3.736149760000002384e+07
9.649902259166887736e-03 1.167033552343494041e+00 1.143685966684150372e+02 1.167033552343497149e+00 -1.260178578878485041e+03 3.486162262991844909e+05 1.143685966684151936e+02 3.486162262991848984e+05 -8.079122136333982944e+08 2.659846172953677090e-01 3.216747325042200600e+01 3.152393319482485367e+03 3.216747325042201311e+01 3.890248788964971482e+03 3.812420763666017447e+05 3.152393319482485822e+03 3.812420763666016865e+05 3.736149760000002384e+07
9.649902259166887736e-03 1.167033552343494041e+00 1.143685966684150372e+02 1.167033552343497149e+00 -1.260178578878485041e+03 3.486162262991844909e+05 1.143685966684151936e+02 3.486162262991848984e+05 -8.079122136333982944e+08 2.659846172953677090e-01 3.216747325042200600e+01 3.152393319482485367e+03 3.216747325042201311e+01 3.890248788964971482e+03 3.812420763666017447e+05 3.152393319482485822e+03 3.812420763666016865e+05 3.736149760000002384e+07
9.649902259166887736e-03 1.167033552343494041e+00 1.143685966684150372e+02 1.167033552343497149e+00 -1.260178578878485041e+03 3.486162262991844909e+05 1.143685966684151936e+02 3.486162262991848984e+05 -8.079122136333982944e+08 2.659846172953677090e-01 3.216747325042200600e+01 3.152393319482485367e+03 3.216747325042201311e+01 3.890248788964971482e+03 3.812420763666017447e+05 3.152393319482485822e+03 3.812420763666016865e+05 3.736149760000002384e+07
9.649902259166887736e-03 1.167033552343494041e+00 1.143685966684150372e+02 1.167033552343497149e+00 -1.260178578878485041e+03 3.486162262991844909e+05 1.143685966684151936e+02 3.486162262991848984e+05 -8.079122136333982944e+08 2.659846172953677090e-01 3.216747325042200600e+01 3.152393319482485367e+03 3.216747325042201311e+01 3.890248788964971482e+03 3.812420763666017447e+05 3.152393319482485822e+03 3.812420763666016865e+05 3.736149760000002384e+07
9.649902259166887736e-03 1.167033552343494041e+00 1.143685966684150372e+02 1.167033552343497149e+00 -1.260178578878485041e+03 3.486162262991844909e+05 1.143685966684151936e+02 3.486162262991848984e+05 -8.079122136333982944e+08 2.659846172953677090e-01 3.216747325042200600e+01 3.152393319482485367e+03 3.216747325042201311e+01 3.890248788964971482e+03 3.812420763666017447e+05 3.152393319482485822e+03 3.812420763666016865e+05 3.736149760000002384e+07
9.649902259166887736e-03 1.167033552343494041e+00 1.143685966684150372e+02 1.167033552343497149e+00 -1.260178578878485041e+03 3.486162262991844909e+05 1.143685966684151936e+02 3.486162262991848984e+05 -8.079122136333982944e+08 2.659846172953677090e-01 3.216747325042200600e+01 3.152393319482485367e+03 3.216747325042201311e+01 3.890248788964971482e+03 3.812420763666017447e+05 3.152393319482485822e+03 3.812420763666016865e+05 3.736149760000002384e+07
9.649902259166887736e-03 1.167033552343494041e+00 1.143685966684150372e+02 1.167033552343497149e+00 -1.260178578878485041e+03 3.486162262991844909e+05 1.143685966684151936e+02 3.486162262991848984e+05 -8.079122136333982944e+08 2.659846172953677090e-01 3.216747325042200600e+01 3.152393319482485367e+03 3.216747325042201311e+01 3.890248788964971482e+03 3.812420763666017447e+05 3.152393319482485822e+03 3.812420763666016865e+05 3.736149760000002384e+07
9.649902259166887736e-03 1.167033552343494041e+00 1.143685966684150372e+02 1.167033552343497149e+00 -1.260178578878485041e+03 3.486162262991844909e+05 1.143685966684151936e+02 3.486162262991848984e+05 -8.079122136333982944e+08 2.659846172953677090e-01 3.216747325042200600e+01 3.152393319482485367e+03 3.216747325042201311e+01 3.890248788964971482e+03 3.812420763666017447e+05 3.152393319482485822e+03 3.812420763666016865e+05 3.736149760000002384e+07
9.649902259166887736e-03 1.167033552343494041e+00 1.143685966684150372e+02 1.167033552343497149e+00 -1.260178578878485041e+03 3.486162262991844909e+05 1.143685966684151936e+02 3.486162262991848984e+05 -8.079122136333982944e+08 2.659846172953677090e-01 3.216747325042200600e+01 3.152393319482485367e+03 3.216747325042201311e+01 3.890248788964971482e+03 3.812420763666017447e+05 3.152393319482485822e+03 3.812420763666016865e+05 3.736149760000002384e+07
9.649902259166887736e-03 1.167033552343494041e+00 1.143685966684150372e+02 1.167033552343497149e+00 -1.260178578878485041e+03 3.486162262991844909e+05 1.143685966684151936e+02 3.486162262991848984e+05 -8.079122136333982944e+08 2.659846172953677090e-01 3.216747325042200600e+01 3.152393319482485367e+03 3.216747325042201311e+01 3.890248788964971482e+03 3.812420763666017447e+05 3.152393319482485822e+03 3.812420763666016865e+05 3.736149760000002384e+07
9.649902259166887736e-03 1.167033552343494041e+00 1.143685966684150372e+02 1.167033552343497149e+00 -1.260178578878485041e+03 3.486162262991844909e+05 1.143685966684151936e+02 3.486162262991848984e+05 -8.079122136333982944e+08 2.659846172953677090e-01 3.216747325042200600e+01 3.152393319482485367e+03 3.216747325042201311e+01 3.890248788964971482e+03 3.812420763666017447e+05 3.152393319482485822e+03 3.812420763666016865e+05 3.736149760000002384e+07
9.649902259166887736e-03 1.167033552343494041e+00 1.143685966684150372e+02 1.167033552343497149e+00 -1.260178578878485041e+03 3.486162262991844909e+05 1.143685966684151936e+02 3.486162262991848984e+05 -8.079122136333982944e+08 2.659846172953677090e-01 3.216747325042200600e+01 3.152393319482485367e+03 3.216747325042201311e+01 3.890248788964971482e+03 3.812420763666017447e+05 3.152393319482485822e+03 3.812420763666016865e+05 3.736149760000002384e+07
9.649902259166887736e-03 1.167033552343494041e+00 1.143685966684150372e+02 1.167033552343497149e+00 -1.260178578878485041e+03 3.486162262991844909e+05 1.143685966684151936e+02 3.486162262991848984e+05 -8.079122136333982944e+08 2.659846172953677090e-01 3.216747325042200600e+01 3.152393319482485367e+03 3.216747325042201311e+01 3.890248788964971482e+03 3.812420763666017447e+05 3.152393319482485822e+03 3.812420763666016865e+05 3.736149760000002384e+07
9.649902259166887736e-03 1.167033552343494041e+00 1.143685966684150372e+02 1.167033552343497149e+00 -1.260178578878485041e+03 3.486162262991844909e+05 1.143685966684151936e+02 3.486162262991848984e+05 -8.079122136333982944e+08 2.659846172953677090e-01 3.216747325042200600e+01 3.152393319482485367e+03 3.216747325042201311e+01 3.890248788964971482e+03 3.812420763666017447e+05 3.152393319482485822e+03 3.812420763666016865e+05 3.736149760000002384e+07
9.649902259166887736e-03 1.167033552343494041e+00 1.143685966684150372e+02 1.167033552343497149e+00 -1.260178578878485041e+03 3.486162262991844909e+05 1.143685966684151936e+02 3.486162262991848984e+05 -8.079122136333982944e+08 2.659846172953677090e-01 3.216747325042200600e+01 3.152393319482485367e+03 3.216747325042201311e+01 3.890248788964971482e+03 3.812420763666017447e+05 3.152393319482485822e+03 3.812420763666016865e+05 3.736149760000002384e+07
9.649902259166887736e-03 1.167033552343494041e+00 1.143685966684150372e+02 1.167033552343497149e+00 -1.260178578878485041e+03 3.486162262991844909e+05 1.143685966684151936e+02 3.486162262991848984e+05 -8.079122136333982944e+08 2.659846172953677090e-01 3.216747325042200600e+01 3.152393319482485367e+03 3.216747325042201311e+01 3.890248788964971482e+03 3.812420763666017447e+05 3.152393319482485822e+03 3.812420763666016865e+05 3.736149760000002384e+07
9.649902259166887736e-03 1.167033552343494041e+00 1.143685966684150372e+02 1.167033552343497149e+00 -1.260178578878485041e+03 3.486162262991844909e+05 1.143685966684151936e+02 3.486162262991848984e+05 -8.079122136333982944e+08 2.659846172953677090e-01 3.216747325042200600e+01 3.152393319482485367e+03 3.216747325042201311e+01 3.890248788964971482e+03 3.812420763666017447e+05 3.152393319482485822e+03 3.812420763666016865e+05 3.736149760000002384e+07
9.649902259166887736e-03 1.167033552343494041e+00 1.143685966684150372e+02 1.167033552343497149e+00 -1.260178578878485041e+03 3.486162262991844909e+05 1.143685966684151936e+02 3.486162262991848984e+05 -8.079122136333982944e+08 2.659846172953677090e-01 3.216747325042200600e+01 3.152393319482485367e+03 3.216747325042201311e+01 3.890248788964971482e+03 3.812420763666017447e+05 3.152393319482485822e+03 3.812420763666016865e+05 3.736149760000002384e+07
9.649902259166887736e-03 1.167033552343494041e+00 1.143685966684150372e+02 1.167033552343497149e+00 -1.260178578878485041e+03 3.486162262991844909e+05 1.143685966684151936e+02 3.486162262991848984e+05 -8.079122136333982944e+08 2.659846172953677090e-01 3.216747325042200600e+01 3.152393319482485367e+03 3.216747325042201311e+01 3.890248788964971482e+03 3.812420763666017447e+05 3.152393319482485822e+03 3.812420763666016865e+05 3.736149760000002384e+07
9.649902259166887736e-03 1.167033552343494041e+00 1.143685966684150372e+02 1.167033552343497149e+00 -1.260178578878485041e+03 3.486162262991844909e+05 1.143685966684151936e+02 3.486162262991848984e+05 -8.079122136333982944e+08 2.659846172953677090e-01 3.216747325042200600e+01 3.152393319482485367e+03 3.216747325042201311e+01 3.890248788964971482e+03 3.812420763666017447e+05 3.152393319482485822e+03 3.812420763666016865e+05 3.736149760000002384e+07
9.649902259166887736e-03 1.167033552343494041e+00 1.143685966684150372e+02 1.167033552343497149e+00 -1.260178578878485041e+03 3.486162262991844909e+05 1.143685966684151936e+02 3.486162262991848984e+05 -8.079122136333982944e+08 2.659846172953677090e-01 3.216747325042200600e+01 3.152393319482485367e+03 3.216747325042201311e+01 3.890248788964971482e+03 3.812420763666017447e+05 3.152393319482485822e+03 3.812420763666016865e+05 3.736149760000002384e+07
9.649902259166887736e-03 1.167033552343494041e+00 1.143685966684150372e+02 1.167033552343497149e+00 -1.260178578878485041e+03 3.486162262991844909e+05 1.143685966684151936e+02 3.486162262991848984e+05 -8.079122136333982944e+08 2.659846172953677090e-01 3.216747325042200600e+01 3.152393319482485367e+03 3.216747325042201311e+01 3.890248788964971482e+03 3.812420763666017447e+05 3.152393319482485822e+03 3.812420763666016865e+05 3.736149760000002384e+07
9.649902259166887736e-03 1.167033552343494041e+00 1.143685966684150372e+02 1.167033552343497149e+00 -1.260178578878485041e+03 3.486162262991844909e+05 1.143685966684151936e+02 3.486162262991848984e+05 -8.079122136333982944e+08 2.659846172953677090e-01 3.216747325042200600e+01 3.152393319482485367e+03 3.216747325042201311e+01 3.890248788964971482e+03 3.812420763666017447e+05 3.152393319482485822e+03 3.812420763666016865e+05 3.736149760000002384e+07
9.649902259166887736e-03 1.167033552343494041e+00 1.143685966684150372e+02 1.167033552343497149e+00 -1.260178578878485041e+03 3.486162262991844909e+05 1.143685966684151936e+02 3.486162262991848984e+05 -8.079122136333982944e+08 2.659846172953677090e-01 3.216747325042200600e+01 3.152393319482485367e+03 3.216747325042201311e+01 3.890248788964971482e+03 3.812420763666017447e+05 3.152393319482485822e+03 3.812420763666016865e+05 3.736149760000002384e+07
9.649902259166887736e-03 1.167033552343494041e+00 1.143685966684150372e+02 1.167033552343497149e+00 -1.260178578878485041e+03 3.486162262991844909e+05 1.143685966684151936e+02 3.486162262991848984e+05 -8.079122136333982944e+08 2.659846172953677090e-01 3.216747325042200600e+01 3.152393319482485367e+03 3.216747325042201311e+01 3.890248788964971482e+03 3.812420763666017447e+05 3.152393319482485822e+03 3.812420763666016865e+05 3.736149760000002384e+07
9.649902259166887736e-03 1.167033552343494041e+00 1.143685966684150372e+02 1.167033552343497149e+00 -1.260178578878485041e+03 3.486162262991844909e+05 1.143685966684151936e+02 3.486162262991848984e+05 -8.079122136333982944e+08 2.659846172953677090e-01 3.216747325042200600e+01 3.152393319482485367e+03 3.216747325042201311e+01 3.890248788964971482e+03 3.812420763666017447e+05 3.152393319482485822e+03 3.812420763666016865e+05 3.736149760000002384e+07
9.649902259166887736e-03 1.167033552343494041e+00 1.143685966684150372e+02 1.167033552343497149e+00 -1.260178578878485041e+03 3.486162262991844909e+05 1.143685966684151936e+02 3.486162262991848984e+05 -8.079122136333982944e+08 2.659846172953677090e-01 3.216747325042200600e+01 3.152393319482485367e+03 3.216747325042201311e+01 3.890248788964971482e+03 3.812420763666017447e+05 3.152393319482485822e+03 3.812420763666016865e+05 3.736149760000002384e+07
9.649902259166887736e-03 1.167033552343494041e+00 1.143685966684150372e+02 1.167033552343497149e+00 -1.260178578878485041e+03 3.486162262991844909e+05 1.143685966684151936e+02 3.486162262991848984e+05 -8.079122136333982944e+08 2.659846172953677090e-01 3.216747325042200600e+01 3.152393319482485367e+03 3.216747325042201311e+01 3.890248788964971482e+03 3.812420763666017447e+05 3.152393319482485822e+03 3.812420763666016865e+05 3.736149760000002384e+07
9.649902259166887736e-03 1.167033552343494041e+00 1.143685966684150372e+02 1.167033552343497149e+00 -1.260178578878485041e+03 3.486162262991844909e+05 1.143685966684151936e+02 3.486162262991848984e+05 -8.079122136333982944e+08 2.659846172953677090e-01 3.216747325042200600e+01 3.152393319482485367e+03 3.216747325042201311e+01 3.890248788964971482e+03 3.812420763666017447e+05 3.152393319482485822e+03 3.812420763666016865e+05 3.736149760000002384e+07
9.649902259166887736e-03 1.167033552343494041e+00 1.143685966684150372e+02 1.167033552343497149e+00 -1.260178578878485041e+03 3.486162262991844909e+05 1.143685966684151936e+02 3.486162262991848984e+05 -8.079122136333982944e+08 2.659846172953677090e-01 3.216747325042200600e+01 3.152393319482485367e+03 3.216747325042201311e+01 3.890248788964971482e+03 3.812420763666017447e+05 3.152393319482485822e+03 3.812420763666016865e+05 3.736149760000002384e+07
9.649902259166887736e-03 1.167033552343494041e+00 1.143685966684150372e+02 1.167033552343497149e+00 -1.260178578878485041e+03 3.486162262991844909e+05 1.143685966684151936e+02 3.486162262991848984e+05 -8.079122136333982944e+08 2.659846172953677090e-01 3.216747325042200600e+01 3.152393319482485367e+03 3.216747325042201311e+01 3.890248788964971482e+03 3.812420763666017447e+05 3.152393319482485822e+03 3.812420763666016865e+05 3.736149760000002384e+07
9.649902259166887736e-03 1.167033552343494041e+00 1.143685966684150372e+02 1.167033552343497149e+00 -1.260178578878485041e+03 3.486162262991844909e+05 1.143685966684151936e+02 3.486162262991848984e+05 -8.079122136333982944e+08 2.659846172953677090e-01 3.216747325042200600e+01 3.152393319482485367e+03 3.216747325042201311e+01 3.890248788964971482e+03 3.812420763666017447e+05 3.152393319482485822e+03 3.812420763666016865e+05 3.736149760000002384e+07
9.649902259166887736e-03 1.167033552343494041e+00 1.143685966684150372e+02 1.167033552343497149e+00 -1.260178578878485041e+03 3.486162262991844909e+05 1.143685966684151936e+02 3.486162262991848984e+05 -8.079122136333982944e+08 2.659846172953677090e-01 3.216747325042200600e+01 3.152393319482485367e+03 3.216747325042201311e+01 3.890248788964971482e+03 3.812420763666017447e+05 3.152393319482485822e+03 3.812420763666016865e+05 3.736149760000002384e+07
9.649902259166887736e-03 1.167033552343494041e+00 1.143685966684150372e+02 1.167033552343497149e+00 -1.260178578878485041e+03 3.486162262991844909e+05 1.143685966684151936e+02 3.486162262991848984e+05 -8.079122136333982944e+08 2.659846172953677090e-01 3.216747325042200600e+01 3.152393319482485367e+03 3.216747325042201311e+01 3.890248788964971482e+03 3.812420763666017447e+05 3.152393319482485822e+03 3.812420763666016865e+05 3.736149760000002384e+07
9.649902259166887736e-03 1.167033552343494041e+00 1.143685966684150372e+02 1.167033552343497149e+00 -1.260178578878485041e+03 3.486162262991844909e+05 1.143685966684151936e+02 3.486162262991848984e+05 -8.079122136333982944e+08 2.659846172953677090e-01 3.216747325042200600e+01 3.152393319482485367e+03 3.216747325042201311e+01 3.890248788964971482e+03 3.812420763666017447e+05 3.152393319482485822e+03 3.812420763666016865e+05 3.736149760000002384e+07
9.649902259166887736e-03 1.167033552343494041e+00 1.143685966684150372e+02 1.167033552343497149e+00 -1.260178578878485041e+03 3.486162262991844909e+05 1.143685966684151936e+02 3.486162262991848984e+05 -8.079122136333982944e+08 2.659846172953677090e-01 3.216747325042200600e+01 3.152393319482485367e+03 3.216747325042201311e+01 3.890248788964971482e+03 3.812420763666017447e+05 3.152393319482485822e+03 3.812420763666016865e+05 3.736149760000002384e+07
9.649902259166887736e-03 1.167033552343494041e+00 1.143685966684150372e+02 1.167033552343497149e+00 -1.260178578878485041e+03 3.486162262991844909e+05 1.143685966684151936e+02 3.486162262991848984e+05 -8.079122136333982944e+08 2.659846172953677090e-01 3.216747325042200600e+01 3.152393319482485367e+03 3.216747325042201311e+01 3.890248788964971482e+03 3.812420763666017447e+05 3.152393319482485822e+03 3.812420763666016865e+05 3.736149760000002384e+07
9.649902259166887736e-03 1.167033552343494041e+00 1.143685966684150372e+02 1.167033552343497149e+00 -1.260178578878485041e+03 3.486162262991844909e+05 1.143685966684151936e+02 3.486162262991848984e+05 -8.079122136333982944e+08 2.659846172953677090e-01 3.216747325042200600e+01 3.152393319482485367e+03 3.216747325042201311e+01 3.890248788964971482e+03 3.812420763666017447e+05 3.152393319482485822e+03 3.812420763666016865e+05 3.736149760000002384e+07
9.649902259166887736e-03 1.167033552343494041e+00 1.143685966684150372e+02 1.167033552343497149e+00 -1.260178578878485041e+03 3.486162262991844909e+05 1.143685966684151936e+02 3.486162262991848984e+05 -8.079122136333982944e+08 2.659846172953677090e-01 3.216747325042200600e+01 3.152393319482485367e+03 3.216747325042201311e+01 3.890248788964971482e+03 3.812420763666017447e+05 3.152393319482485822e+03 3.812420763666016865e+05 3.736149760000002384e+07
9.649902259166887736e-03 1.167033552343494041e+00 1.143685966684150372e+02 1.167033552343497149e+00 -1.260178578878485041e+03 3.486162262991844909e+05 1.143685966684151936e+02 3.486162262991848984e+05 -8.079122136333982944e+08 2.659846172953677090e-01 3.216747325042200600e+01 3.152393319482485367e+03 3.216747325042201311e+01 3.890248788964971482e+03 3.812420763666017447e+05 3.152393319482485822e+03 3.812420763666016865e+05 3.736149760000002384e+07
9.649902259166887736e-03 1.167033552343494041e+00 1.143685966684150372e+02 1.167033552343497149e+00 -1.260178578878485041e+03 3.486162262991844909e+05 1.143685966684151936e+02 3.486162262991848984e+05 -8.079122136333982944e+08 2.659846172953677090e-01 3.216747325042200600e+01 3.152393319482485367e+03 3.216747325042201311e+01 3.890248788964971482e+03 3.812420763666017447e+05 3.152393319482485822e+03 3.812420763666016865e+05 3.736149760000002384e+07
9.649902259166887736e-03 1.167033552343494041e+00 1.143685966684150372e+02 1.167033552343497149e+00 -1.260178578878485041e+03 3.486162262991844909e+05 1.143685966684151936e+02 3.486162262991848984e+05 -8.079122136333982944e+08 2.659846172953677090e-01 3.216747325042200600e+01 3.152393319482485367e+03 3.216747325042201311e+01 3.890248788964971482e+03 3.812420763666017447e+05 3.152393319482485822e+03 3.812420763666016865e+05 3.736149760000002384e+07
9.649902259166887736e-03 1.167033552343494041e+00 1.143685966684150372e+02 1.167033552343497149e+00 -1.260178578878485041e+03 3.486162262991844909e+05 1.143685966684151936e+02 3.486162262991848984e+05 -8.079122136333982944e+08 2.659846172953677090e-01 3.216747325042200600e+01 3.152393319482485367e+03 3.216747325042201311e+01 3.890248788964971482e+03 3.812420763666017447e+05 3.152393319482485822e+03 3.812420763666016865e+05 3.736149760000002384e+07
9.649902259166887736e-03 1.167033552343494041e+00 1.143685966684150372e+02 1.167033552343497149e+00 -1.260178578878485041e+03 3.486162262991844909e+05 1.143685966684151936e+02 3.486162262991848984e+05 -8.079122136333982944e+08 2.659846172953677090e-01 3.216747325042200600e+01 3.152393319482485367e+03 3.216747325042201311e+01 3.890248788964971482e+03 3.812420763666017447e+05 3.152393319482485822e+03 3.812420763666016865e+05 3.736149760000002384e+07
9.649902259166887736e-03 1.167033552343494041e+00 1.143685966684150372e+02 1.167033552343497149e+00 -1.260178578878485041e+03 3.486162262991844909e+05 1.143685966684151936e+02 3.486162262991848984e+05 -8.079122136333982944e+08 2.659846172953677090e-01 3.216747325042200600e+01 3.152393319482485367e+03 3.216747325042201311e+01 3.890248788964971482e+03 3.812420763666017447e+05 3.152393319482485822e+03 3.812420763666016865e+05 3.736149760000002384e+07
9.649902259166887736e-03 1.167033552343494041e+00 1.143685966684150372e+02 1.167033552343497149e+00 -1.260178578878485041e+03 3.486162262991844909e+05 1.143685966684151936e+02 3.486162262991848984e+05 -8.079122136333982944e+08 2.659846172953677090e-01 3.216747325042200600e+01 3.152393319482485367e+03 3.216747325042201311e+01 3.890248788964971482e+03 3.812420763666017447e+05 3.152393319482485822e+03 3.812420763666016865e+05 3.736149760000002384e+07
9.649902259166887736e-03 1.167033552343494041e+00 1.143685966684150372e+02 1.167033552343497149e+00 -1.260178578878485041e+03 3.486162262991844909e+05 1.143685966684151936e+02 3.486162262991848984e+05 -8.079122136333982944e+08 2.659846172953677090e-01 3.216747325042200600e+01 3.152393319482485367e+03 3.216747325042201311e+01 3.890248788964971482e+03 3.812420763666017447e+05 3.152393319482485822e+03 3.812420763666016865e+05 3.736149760000002384e+07
9.649902259166887736e-03 1.167033552343494041e+00 1.143685966684150372e+02 1.167033552343497149e+00 -1.260178578878485041e+03 3.486162262991844909e+05 1.143685966684151936e+02 3.486162262991848984e+05 -8.079122136333982944e+08 2.659846172953677090e-01 3.216747325042200600e+01 3.152393319482485367e+03 3.216747325042201311e+01 3.890248788964971482e+03 3.812420763666017447e+05 3.152393319482485822e+03 3.812420763666016865e+05 3.736149760000002384e+07
9.649902259166887736e-03 1.167033552343494041e+00 1.143685966684150372e+02 1.167033552343497149e+00 -1.260178578878485041e+03 3.486162262991844909e+05 1.143685966684151936e+02 3.486162262991848984e+05 -8.079122136333982944e+08 2.659846172953677090e-01 3.216747325042200600e+01 3.152393319482485367e+03 3.216747325042201311e+01 3.890248788964971482e+03 3.812420763666017447e+05 3.152393319482485822e+03 3.812420763666016865e+05 3.736149760000002384e+07
9.649902259166887736e-03 1.167033552343494041e+00 1.143685966684150372e+02 1.167033552343497149e+00 -1.260178578878485041e+03 3.486162262991844909e+05 1.143685966684151936e+02 3.486162262991848984e+05 -8.079122136333982944e+08 2.659846172953677090e-01 3.216747325042200600e+01 3.152393319482485367e+03 3.216747325042201311e+01 3.890248788964971482e+03 3.812420763666017447e+05 3.152393319482485822e+03 3.812420763666016865e+05 3.736149760000002384e+07
9.649902259166887736e-03 1.167033552343494041e+00 1.143685966684150372e+02 1.167033552343497149e+00 -1.260178578878485041e+03 3.486162262991844909e+05 1.143685966684151936e+02 3.486162262991848984e+05 -8.079122136333982944e+08 2.659846172953677090e-01 3.216747325042200600e+01 3.152393319482485367e+03 3.216747325042201311e+01 3.890248788964971482e+03 3.812420763666017447e+05 3.152393319482485822e+03 3.812420763666016865e+05 3.736149760000002384e+07
9.649902259166887736e-03 1.167033552343494041e+00 1.143685966684150372e+02 1.167033552343497149e+00 -1.260178578878485041e+03 3.486162262991844909e+05 1.143685966684151936e+02 3.486162262991848984e+05 -8.079122136333982944e+08 2.659846172953677090e-01 3.216747325042200600e+01 3.152393319482485367e+03 3.216747325042201311e+01 3.890248788964971482e+03 3.812420763666017447e+05 3.152393319482485822e+03 3.812420763666016865e+05 3.736149760000002384e+07
9.649902259166887736e-03 1.167033552343494041e+00 1.143685966684150372e+02 1.167033552343497149e+00 -1.260178578878485041e+03 3.486162262991844909e+05 1.143685966684151936e+02 3.486162262991848984e+05 -8.079122136333982944e+08 2.659846172953677090e-01 3.216747325042200600e+01 3.152393319482485367e+03 3.216747325042201311e+01 3.890248788964971482e+03 3.812420763666017447e+05 3.152393319482485822e+03 3.812420763666016865e+05 3.736149760000002384e+07
9.649902259166887736e-03 1.167033552343494041e+00 1.143685966684150372e+02 1.167033552343497149e+00 -1.260178578878485041e+03 3.486162262991844909e+05 1.143685966684151936e+02 3.486162262991848984e+05 -8.079122136333982944e+08 2.659846172953677090e-01 3.216747325042200600e+01 3.152393319482485367e+03 3.216747325042201311e+01 3.890248788964971482e+03 3.812420763666017447e+05 3.152393319482485822e+03 3.812420763666016865e+05 3.736149760000002384e+07
9.649902259166887736e-03 1.167033552343494041e+00 1.143685966684150372e+02 1.167033552343497149e+00 -1.260178578878485041e+03 3.486162262991844909e+05 1.143685966684151936e+02 3.486162262991848984e+05 -8.079122136333982944e+08 2.659846172953677090e-01 3.216747325042200600e+01 3.152393319482485367e+03 3.216747325042201311e+01 3.890248788964971482e+03 3.812420763666017447e+05 3.152393319482485822e+03 3.812420763666016865e+05 3.736149760000002384e+07
9.649902259166887736e-03 1.167033552343494041e+00 1.143685966684150372e+02 1.167033552343497149e+00 -1.260178578878485041e+03 3.486162262991844909e+05 1.143685966684151936e+02 3.486162262991848984e+05 -8.079122136333982944e+08 2.659846172953677090e-01 3.216747325042200600e+01 3.152393319482485367e+03 3.216747325042201311e+01 3.890248788964971482e+03 3.812420763666017447e+05 3.152393319482485822e+03 3.812420763666016865e+05 3.736149760000002384e+07
9.649902259166887736e-03 1.167033552343494041e+00 1.143685966684150372e+02 1.167033552343497149e+00 -1.260178578878485041e+03 3.486162262991844909e+05 1.143685966684151936e+02 3.486162262991848984e+05 -8.079122136333982944e+08 2.659846172953677090e-01 3.216747325042200600e+01 3.152393319482485367e+03 3.216747325042201311e+01 3.890248788964971482e+03 3.812420763666017447e+05 3.152393319482485822e+03 3.812420763666016865e+05 3.736149760000002384e+07
9.649902259166887736e-03 1.167033552343494041e+00 1.143685966684150372e+02 1.167033552343497149e+00 -1.260178578878485041e+03 3.486162262991844909e+05 1.143685966684151936e+02 3.486162262991848984e+05 -8.079122136333982944e+08 2.659846172953677090e-01 3.216747325042200600e+01 3.152393319482485367e+03 3.216747325042201311e+01 3.890248788964971482e+03 3.812420763666017447e+05 3.152393319482485822e+03 3.812420763666016865e+05 3.736149760000002384e+07
9.649902259166887736e-03 1.167033552343494041e+00 1.143685966684150372e+02 1.167033552343497149e+00 -1.260178578878485041e+03 3.486162262991844909e+05 1.143685966684151936e+02 3.486162262991848984e+05 -8.079122136333982944e+08 2.659846172953677090e-01 3.216747325042200600e+01 3.152393319482485367e+03 3.216747325042201311e+01 3.890248788964971482e+03 3.812420763666017447e+05 3.152393319482485822e+03 3.812420763666016865e+05 3.736149760000002384e+07
9.649902259166887736e-03 1.167033552343494041e+00 1.143685966684150372e+02 1.167033552343497149e+00 -1.260178578878485041e+03 3.486162262991844909e+05 1.143685966684151936e+02 3.486162262991848984e+05 -8.079122136333982944e+08 2.659846172953677090e-01 3.216747325042200600e+01 3.152393319482485367e+03 3.216747325042201311e+01 3.890248788964971482e+03 3.812420763666017447e+05 3.152393319482485822e+03 3.812420763666016865e+05 3.736149760000002384e+07
9.649902259166887736e-03 1.167033552343494041e+00 1.143685966684150372e+02 1.167033552343497149e+00 -1.260178578878485041e+03 3.486162262991844909e+05 1.143685966684151936e+02 3.486162262991848984e+05 -8.079122136333982944e+08 2.659846172953677090e-01 3.216747325042200600e+01 3.152393319482485367e+03 3.216747325042201311e+01 3.890248788964971482e+03 3.812420763666017447e+05 3.152393319482485822e+03 3.812420763666016865e+05 3.736149760000002384e+07
9.649902259166887736e-03 1.167033552343494041e+00 1.143685966684150372e+02 1.167033552343497149e+00 -1.260178578878485041e+03 3.486162262991844909e+05 1.143685966684151936e+02 3.486162262991848984e+05 -8.079122136333982944e+08 2.659846172953677090e-01 3.216747325042200600e+01 3.152393319482485367e+03 3.216747325042201311e+01 3.890248788964971482e+03 3.812420763666017447e+05 3.152393319482485822e+03 3.812420763666016865e+05 3.736149760000002384e+07
9.649902259166887736e-03 1.167033552343494041e+00 1.143685966684150372e+02 1.167033552343497149e+00 -1.260178578878485041e+03 3.486162262991844909e+05 1.143685966684151936e+02 3.486162262991848984e+05 -8.079122136333982944e+08 2.659846172953677090e-01 3.216747325042200600e+01 3.152393319482485367e+03 3.216747325042201311e+01 3.890248788964971482e+03 3.812420763666017447e+05 3.152393319482485822e+03 3.812420763666016865e+05 3.736149760000002384e+07
9.649902259166887736e-03 1.167033552343494041e+00 1.143685966684150372e+02 1.167033552343497149e+00 -1.260178578878485041e+03 3.486162262991844909e+05 1.143685966684151936e+02 3.486162262991848984e+05 -8.079122136333982944e+08 2.659846172953677090e-01 3.216747325042200600e+01 3.152393319482485367e+03 3.216747325042201311e+01 3.890248788964971482e+03 3.812420763666017447e+05 3.152393319482485822e+03 3.812420763666016865e+05 3.736149760000002384e+07
9.649902259166887736e-03 1.167033552343494041e+00 1.143685966684150372e+02 1.167033552343497149e+00 -1.260178578878485041e+03 3.486162262991844909e+05 1.143685966684151936e+02 3.486162262991848984e+05 -8.079122136333982944e+08 2.659846172953677090e-01 3.216747325042200600e+01 3.152393319482485367e+03 3.216747325042201311e+01 3.890248788964971482e+03 3.812420763666017447e+05 3.152393319482485822e+03 3.812420763666016865e+05 3.736149760000002384e+07
9.649902259166887736e-03 1.167033552343494041e+00 1.143685966684150372e+02 1.167033552343497149e+00 -1.260178578878485041e+03 3.486162262991844909e+05 1.143685966684151936e+02 3.486162262991848984e+05 -8.079122136333982944e+08 2.659846172953677090e-01 3.216747325042200600e+01 3.152393319482485367e+03 3.216747325042201311e+01 3.890248788964971482e+03 3.812420763666017447e+05 3.152393319482485822e+03 3.812420763666016865e+05 3.736149760000002384e+07
9.649902259166887736e-03 1.167033552343494041e+00 1.143685966684150372e+02 1.167033552343497149e+00 -1.260178578878485041e+03 3.486162262991844909e+05 1.143685966684151936e+02 3.486162262991848984e+05 -8.079122136333982944e+08 2.659846172953677090e-01 3.216747325042200600e+01 3.152393319482485367e+03 3.216747325042201311e+01 3.890248788964971482e+03 3.812420763666017447e+05 3.152393319482485822e+03 3.812420763666016865e+05 3.736149760000002384e+07
9.649902259166887736e-03 1.167033552343494041e+00 1.143685966684150372e+02 1.167033552343497149e+00 -1.260178578878485041e+03 3.486162262991844909e+05 1.143685966684151936e+02 3.486162262991848984e+05 -8.079122136333982944e+08 2.659846172953677090e-01 3.216747325042200600e+01 3.152393319482485367e+03 3.216747325042201311e+01 3.890248788964971482e+03 3.812420763666017447e+05 3.152393319482485822e+03 3.812420763666016865e+05 3.736149760000002384e+07
9.649902259166887736e-03 1.167033552343494041e+00 1.143685966684150372e+02 1.167033552343497149e+00 -1.260178578878485041e+03 3.486162262991844909e+05 1.143685966684151936e+02 3.486162262991848984e+05 -8.079122136333982944e+08 2.659846172953677090e-01 3.216747325042200600e+01 3.152393319482485367e+03 3.216747325042201311e+01 3.890248788964971482e+03 3.812420763666017447e+05 3.152393319482485822e+03 3.812420763666016865e+05 3.736149760000002384e+07
9.649902259166887736e-03 1.167033552343494041e+00 1.143685966684150372e+02 1.167033552343497149e+00 -1.260178578878485041e+03 3.486162262991844909e+05 1.143685966684151936e+02 3.486162262991848984e+05 -8.079122136333982944e+08 2.659846172953677090e-01 3.216747325042200600e+01 3.152393319482485367e+03 3.216747325042201311e+01 3.890248788964971482e+03 3.812420763666017447e+05 3.152393319482485822e+03 3.812420763666016865e+05 3.736149760000002384e+07
9.649902259166887736e-03 1.167033552343494041e+00 1.143685966684150372e+02 1.167033552343497149e+00 -1.260178578878485041e+03 3.486162262991844909e+05 1.143685966684151936e+02 3.486162262991848984e+05 -8.079122136333982944e+08 2.659846172953677090e-01 3.216747325042200600e+01 3.152393319482485367e+03 3.216747325042201311e+01 3.890248788964971482e+03 3.812420763666017447e+05 3.152393319482485822e+03 3.812420763666016865e+05 3.736149760000002384e+07
9.649902259166887736e-03 1.167033552343494041e+00 1.143685966684150372e+02 1.167033552343497149e+00 -1.260178578878485041e+03 3.486162262991844909e+05 1.143685966684151936e+02 3.486162262991848984e+05 -8.079122136333982944e+08 2.659846172953677090e-01 3.216747325042200600e+01 3.152393319482485367e+03 3.216747325042201311e+01 3.890248788964971482e+03 3.812420763666017447e+05 3.152393319482485822e+03 3.812420763666016865e+05 3.736149760000002384e+07
9.649902259166887736e-03 1.167033552343494041e+00 1.143685966684150372e+02 1.167033552343497149e+00 -1.260178578878485041e+03 3.486162262991844909e+05 1.143685966684151936e+02 3.486162262991848984e+05 -8.079122136333982944e+08 2.659846172953677090e-01 3.216747325042200600e+01 3.152393319482485367e+03 3.216747325042201311e+01 3.890248788964971482e+03 3.812420763666017447e+05 3.152393319482485822e+03 3.812420763666016865e+05 3.736149760000002384e+07
9.649902259166887736e-03 1.167033552343494041e+00 1.143685966684150372e+02 1.167033552343497149e+00 -1.260178578878485041e+03 3.486162262991844909e+05 1.143685966684151936e+02 3.486162262991848984e+05 -8.079122136333982944e+08 2.659846172953677090e-01 3.216747325042200600e+01 3.152393319482485367e+03 3.216747325042201311e+01 3.890248788964971482e+03 3.812420763666017447e+05 3.152393319482485822e+03 3.812420763666016865e+05 3.736149760000002384e+07
9.649902259166887736e-03 1.167033552343494041e+00 1.143685966684150372e+02 1.167033552343497149e+00 -1.260178578878485041e+03 3.486162262991844909e+05 1.143685966684151936e+02 3.486162262991848984e+05 -8.079122136333982944e+08 2.659846172953677090e-01 3.216747325042200600e+01 3.152393319482485367e+03 3.216747325042201311e+01 3.890248788964971482e+03 3.812420763666017447e+05 3.152393319482485822e+03 3.812420763666016865e+05 3.736149760000002384e+07
9.649902259166887736e-03 1.167033552343494041e+00 1.143685966684150372e+02 1.167033552343497149e+00 -1.260178578878485041e+03 3.486162262991844909e+05 1.143685966684151936e+02 3.486162262991848984e+05 -8.079122136333982944e+08 2.659846172953677090e-01 3.216747325042200600e+01 3.152393319482485367e+03 3.216747325042201311e+01 3.890248788964971482e+03 3.812420763666017447e+05 3.152393319482485822e+03 3.812420763666016865e+05 3.736149760000002384e+07
9.649902259166887736e-03 1.167033552343494041e+00 1.143685966684150372e+02 1.167033552343497149e+00 -1.260178578878485041e+03 3.486162262991844909e+05 1.143685966684151936e+02 3.486162262991848984e+05 -8.079122136333982944e+08 2.659846172953677090e-01 3.216747325042200600e+01 3.152393319482485367e+03 3.216747325042201311e+01 3.890248788964971482e+03 3.812420763666017447e+05 3.152393319482485822e+03 3.812420763666016865e+05 3.736149760000002384e+07
9.649902259166887736e-03 1.167033552343494041e+00 1.143685966684150372e+02 1.167033552343497149e+00 -1.260178578878485041e+03 3.486162262991844909e+05 1.143685966684151936e+02 3.486162262991848984e+05 -8.079122136333982944e+08 2.659846172953677090e-01 3.216747325042200600e+01 3.152393319482485367e+03 3.216747325042201311e+01 3.890248788964971482e+03 3.812420763666017447e+05 3.152393319482485822e+03 3.812420763666016865e+05 3.736149760000002384e+07
9.649902259166887736e-03 1.167033552343494041e+00 1.143685966684150372e+02 1.167033552343497149e+00 -1.260178578878485041e+03 3.486162262991844909e+05 1.143685966684151936e+02 3.486162262991848984e+05 -8.079122136333982944e+08 2.659846172953677090e-01 3.216747325042200600e+01 3.152393319482485367e+03 3.216747325042201311e+01 3.890248788964971482e+03 3.812420763666017447e+05 3.152393319482485822e+03 3.812420763666016865e+05 3.736149760000002384e+07
9.649902259166887736e-03 1.167033552343494041e+00 1.143685966684150372e+02 1.167033552343497149e+00 -1.260178578878485041e+03 3.486162262991844909e+05 1.143685966684151936e+02 3.486162262991848984e+05 -8.079122136333982944e+08 2.659846172953677090e-01 3.216747325042200600e+01 3.152393319482485367e+03 3.216747325042201311e+01 3.890248788964971482e+03 3.812420763666017447e+05 3.152393319482485822e+03 3.812420763666016865e+05 3.736149760000002384e+07
9.649902259166887736e-03 1.167033552343494041e+00 1.143685966684150372e+02 1.167033552343497149e+00 -1.260178578878485041e+03 3.486162262991844909e+05 1.143685966684151936e+02 3.486162262991848984e+05 -8.079122136333982944e+08 2.659846172953677090e-01 3.216747325042200600e+01 3.152393319482485367e+03 3.216747325042201311e+01 3.890248788964971482e+03 3.812420763666017447e+05 3.152393319482485822e+03 3.812420763666016865e+05 3.736149760000002384e+07
9.649902259166887736e-03 1.167033552343494041e+00 1.143685966684150372e+02 1.167033552343497149e+00 -1.260178578878485041e+03 3.486162262991844909e+05 1.143685966684151936e+02 3.486162262991848984e+05 -8.079122136333982944e+08 2.659846172953677090e-01 3.216747325042200600e+01 3.152393319482485367e+03 3.216747325042201311e+01 3.890248788964971482e+03 3.812420763666017447e+05 3.152393319482485822e+03 3.812420763666016865e+05 3.736149760000002384e+07
9.649902259166887736e-03 1.167033552343494041e+00 1.143685966684150372e+02 1.167033552343497149e+00 -1.260178578878485041e+03 3.486162262991844909e+05 1.143685966684151936e+02 3.486162262991848984e+05 -8.079122136333982944e+08 2.659846172953677090e-01 3.216747325042200600e+01 3.152393319482485367e+03 3.216747325042201311e+01 3.890248788964971482e+03 3.812420763666017447e+05 3.152393319482485822e+03 3.812420763666016865e+05 3.736149760000002384e+07
9.649902259166887736e-03 1.167033552343494041e+00 1.143685966684150372e+02 1.167033552343497149e+00 -1.260178578878485041e+03 3.486162262991844909e+05 1.143685966684151936e+02 3.486162262991848984e+05 -8.079122136333982944e+08 2.659846172953677090e-01 3.216747325042200600e+01 3.152393319482485367e+03 3.216747325042201311e+01 3.890248788964971482e+03 3.812420763666017447e+05 3.152393319482485822e+03 3.812420763666016865e+05 3.736149760000002384e+07
9.649902259166887736e-03 1.167033552343494041e+00 1.143685966684150372e+02 1.167033552343497149e+00 -1.260178578878485041e+03 3.486162262991844909e+05 1.143685966684151936e+02 3.486162262991848984e+05 -8.079122136333982944e+08 2.659846172953677090e-01 3.216747325042200600e+01 3.152393319482485367e+03 3.216747325042201311e+01 3.890248788964971482e+03 3.812420763666017447e+05 3.152393319482485822e+03 3.812420763666016865e+05 3.736149760000002384e+07
9.649902259166887736e-03 1.167033552343494041e+00 1.143685966684150372e+02 1.167033552343497149e+00 -1.260178578878485041e+03 3.486162262991844909e+05 1.143685966684151936e+02 3.486162262991848984e+05 -8.079122136333982944e+08 2.659846172953677090e-01 3.216747325042200600e+01 3.152393319482485367e+03 3.216747325042201311e+01 3.890248788964971482e+03 3.812420763666017447e+05 3.152393319482485822e+03 3.812420763666016865e+05 3.736149760000002384e+07
9.649902259166887736e-03 1.167033552343494041e+00 1.143685966684150372e+02 1.167033552343497149e+00 -1.260178578878485041e+03 3.486162262991844909e+05 1.143685966684151936e+02 3.486162262991848984e+05 -8.079122136333982944e+08 2.659846172953677090e-01 3.216747325042200600e+01 3.152393319482485367e+03 3.216747325042201311e+01 3.890248788964971482e+03 3.812420763666017447e+05 3.152393319482485822e+03 3.812420763666016865e+05 3.736149760000002384e+07
9.649902259166887736e-03 1.167033552343494041e+00 1.143685966684150372e+02 1.167033552343497149e+00 -1.260178578878485041e+03 3.486162262991844909e+05 1.143685966684151936e+02 3.486162262991848984e+05 -8.079122136333982944e+08 2.659846172953677090e-01 3.216747325042200600e+01 3.152393319482485367e+03 3.216747325042201311e+01 3.890248788964971482e+03 3.812420763666017447e+05 3.152393319482485822e+03 3.812420763666016865e+05 3.736149760000002384e+07
9.649902259166887736e-03 1.167033552343494041e+00 1.143685966684150372e+02 1.167033552343497149e+00 -1.260178578878485041e+03 3.486162262991844909e+05 1.143685966684151936e+02 3.486162262991848984e+05 -8.079122136333982944e+08 2.659846172953677090e-01 3.216747325042200600e+01 3.152393319482485367e+03 3.216747325042201311e+01 3.890248788964971482e+03 3.812420763666017447e+05 3.152393319482485822e+03 3.812420763666016865e+05 3.736149760000002384e+07
9.649902259166887736e-03 1.167033552343494041e+00 1.143685966684150372e+02 1.167033552343497149e+00 -1.260178578878485041e+03 3.486162262991844909e+05 1.143685966684151936e+02 3.486162262991848984e+05 -8.079122136333982944e+08 2.659846172953677090e-01 3.216747325042200600e+01 3.152393319482485367e+03 3.216747325042201311e+01 3.890248788964971482e+03 3.812420763666017447e+05 3.152393319482485822e+03 3.812420763666016865e+05 3.736149760000002384e+07
9.649902259166887736e-03 1.167033552343494041e+00 1.143685966684150372e+02 1.167033552343497149e+00 -1.260178578878485041e+03 3.486162262991844909e+05 1.143685966684151936e+02 3.486162262991848984e+05 -8.079122136333982944e+08 2.659846172953677090e-01 3.216747325042200600e+01 3.152393319482485367e+03 3.216747325042201311e+01 3.890248788964971482e+03 3.812420763666017447e+05 3.152393319482485822e+03 3.812420763666016865e+05 3.736149760000002384e+07
9.649902259166887736e-03 1.167033552343494041e+00 1.143685966684150372e+02 1.167033552343497149e+00 -1.260178578878485041e+03 3.486162262991844909e+05 1.143685966684151936e+02 3.486162262991848984e+05 -8.079122136333982944e+08 2.659846172953677090e-01 3.216747325042200600e+01 3.152393319482485367e+03 3.216747325042201311e+01 3.890248788964971482e+03 3.812420763666017447e+05 3.152393319482485822e+03 3.812420763666016865e+05 3.736149760000002384e+07
9.649902259166887736e-03 1.167033552343494041e+00 1.143685966684150372e+02 1.167033552343497149e+00 -1.260178578878485041e+03 3.486162262991844909e+05 1.143685966684151936e+02 3.486162262991848984e+05 -8.079122136333982944e+08 2.659846172953677090e-01 3.216747325042200600e+01 3.152393319482485367e+03 3.216747325042201311e+01 3.890248788964971482e+03 3.812420763666017447e+05 3.152393319482485822e+03 3.812420763666016865e+05 3.736149760000002384e+07
9.649902259166887736e-03 1.167033552343494041e+00 1.143685966684150372e+02 1.167033552343497149e+00 -1.260178578878485041e+03 3.486162262991844909e+05 1.143685966684151936e+02 3.486162262991848984e+05 -8.079122136333982944e+08 2.659846172953677090e-01 3.216747325042200600e+01 3.152393319482485367e+03 3.216747325042201311e+01 3.890248788964971482e+03 3.812420763666017447e+05 3.152393319482485822e+03 3.812420763666016865e+05 3.736149760000002384e+07
9.649902259166887736e-03 1.167033552343494041e+00 1.143685966684150372e+02 1.167033552343497149e+00 -1.260178578878485041e+03 3.486162262991844909e+05 1.143685966684151936e+02 3.486162262991848984e+05 -8.079122136333982944e+08 2.659846172953677090e-01 3.216747325042200600e+01 3.152393319482485367e+03 3.216747325042201311e+01 3.890248788964971482e+03 3.812420763666017447e+05 3.152393319482485822e+03 3.812420763666016865e+05 3.736149760000002384e+07
9.649902259166887736e-03 1.167033552343494041e+00 1.143685966684150372e+02 1.167033552343497149e+00 -1.260178578878485041e+03 3.486162262991844909e+05 1.143685966684151936e+02 3.486162262991848984e+05 -8.079122136333982944e+08 2.659846172953677090e-01 3.216747325042200600e+01 3.152393319482485367e+03 3.216747325042201311e+01 3.890248788964971482e+03 3.812420763666017447e+05 3.152393319482485822e+03 3.812420763666016865e+05 3.736149760000002384e+07
9.649902259166887736e-03 1.167033552343494041e+00 1.143685966684150372e+02 1.167033552343497149e+00 -1.260178578878485041e+03 3.486162262991844909e+05 1.143685966684151936e+02 3.486162262991848984e+05 -8.079122136333982944e+08 2.659846172953677090e-01 3.216747325042200600e+01 3.152393319482485367e+03 3.216747325042201311e+01 3.890248788964971482e+03 3.812420763666017447e+05 3.152393319482485822e+03 3.812420763666016865e+05 3.736149760000002384e+07
9.649902259166887736e-03 1.167033552343494041e+00 1.143685966684150372e+02 1.167033552343497149e+00 -1.260178578878485041e+03 3.486162262991844909e+05 1.143685966684151936e+02 3.486162262991848984e+05 -8.079122136333982944e+08 2.659846172953677090e-01 3.216747325042200600e+01 3.152393319482485367e+03 3.216747325042201311e+01 3.890248788964971482e+03 3.812420763666017447e+05 3.152393319482485822e+03 3.812420763666016865e+05 3.736149760000002384e+07
9.649902259166887736e-03 1.167033552343494041e+00 1.143685966684150372e+02 1.167033552343497149e+00 -1.260178578878485041e+03 3.486162262991844909e+05 1.143685966684151936e+02 3.486162262991848984e+05 -8.079122136333982944e+08 2.659846172953677090e-01 3.216747325042200600e+01 3.152393319482485367e+03 3.216747325042201311e+01 3.890248788964971482e+03 3.812420763666017447e+05 3.152393319482485822e+03 3.812420763666016865e+05 3.736149760000002384e+07
9.649902259166887736e-03 1.167033552343494041e+00 1.143685966684150372e+02 1.167033552343497149e+00 -1.260178578878485041e+03 3.486162262991844909e+05 1.143685966684151936e+02 3.486162262991848984e+05 -8.079122136333982944e+08 2.659846172953677090e-01 3.216747325042200600e+01 3.152393319482485367e+03 3.216747325042201311e+01 3.890248788964971482e+03 3.812420763666017447e+05 3.152393319482485822e+03 3.812420763666016865e+05 3.736149760000002384e+07
9.649902259166887736e-03 1.167033552343494041e+00 1.143685966684150372e+02 1.167033552343497149e+00 -1.260178578878485041e+03 3.486162262991844909e+05 1.143685966684151936e+02 3.486162262991848984e+05 -8.079122136333982944e+08 2.659846172953677090e-01 3.216747325042200600e+01 3.152393319482485367e+03 3.216747325042201311e+01 3.890248788964971482e+03 3.812420763666017447e+05 3.152393319482485822e+03 3.812420763666016865e+05 3.736149760000002384e+07
9.649902259166887736e-03 1.167033552343494041e+00 1.143685966684150372e+02 1.167033552343497149e+00 -1.260178578878485041e+03 3.486162262991844909e+05 1.143685966684151936e+02 3.486162262991848984e+05 -8.079122136333982944e+08 2.659846172953677090e-01 3.216747325042200600e+01 3.152393319482485367e+03 3.216747325042201311e+01 3.890248788964971482e+03 3.812420763666017447e+05 3.152393319482485822e+03 3.812420763666016865e+05 3.736149760000002384e+07
9.649902259166887736e-03 1.167033552343494041e+00 1.143685966684150372e+02 1.167033552343497149e+00 -1.260178578878485041e+03 3.486162262991844909e+05 1.143685966684151936e+02 3.486162262991848984e+05 -8.079122136333982944e+08 2.659846172953677090e-01 3.216747325042200600e+01 3.152393319482485367e+03 3.216747325042201311e+01 3.890248788964971482e+03 3.812420763666017447e+05 3.152393319482485822e+03 3.812420763666016865e+05 3.736149760000002384e+07
9.649902259166887736e-03 1.167033552343494041e+00 1.143685966684150372e+02 1.167033552343497149e+00 -1.260178578878485041e+03 3.486162262991844909e+05 1.143685966684151936e+02 3.486162262991848984e+05 -8.079122136333982944e+08 2.659846172953677090e-01 3.216747325042200600e+01 3.152393319482485367e+03 3.216747325042201311e+01 3.890248788964971482e+03 3.812420763666017447e+05 3.152393319482485822e+03 3.812420763666016865e+05 3.736149760000002384e+07
9.649902259166887736e-03 1.167033552343494041e+00 1.143685966684150372e+02 1.167033552343497149e+00 -1.260178578878485041e+03 3.486162262991844909e+05 1.143685966684151936e+02 3.486162262991848984e+05 -8.079122136333982944e+08 2.659846172953677090e-01 3.216747325042200600e+01 3.152393319482485367e+03 3.216747325042201311e+01 3.890248788964971482e+03 3.812420763666017447e+05 3.152393319482485822e+03 3.812420763666016865e+05 3.736149760000002384e+07
9.649902259166887736e-03 1.167033552343494041e+00 1.143685966684150372e+02 1.167033552343497149e+00 -1.260178578878485041e+03 3.486162262991844909e+05 1.143685966684151936e+02 3.486162262991848984e+05 -8.079122136333982944e+08 2.659846172953677090e-01 3.216747325042200600e+01 3.152393319482485367e+03 3.216747325042201311e+01 3.890248788964971482e+03 3.812420763666017447e+05 3.152393319482485822e+03 3.812420763666016865e+05 3.736149760000002384e+07
9.649902259166887736e-03 1.167033552343494041e+00 1.143685966684150372e+02 1.167033552343497149e+00 -1.260178578878485041e+03 3.486162262991844909e+05 1.143685966684151936e+02 3.486162262991848984e+05 -8.079122136333982944e+08 2.659846172953677090e-01 3.216747325042200600e+01 3.152393319482485367e+03 3.216747325042201311e+01 3.890248788964971482e+03 3.812420763666017447e+05 3.152393319482485822e+03 3.812420763666016865e+05 3.736149760000002384e+07
9.649902259166887736e-03 1.167033552343494041e+00 1.143685966684150372e+02 1.167033552343497149e+00 -1.260178578878485041e+03 3.486162262991844909e+05 1.143685966684151936e+02 3.486162262991848984e+05 -8.079122136333982944e+08 2.659846172953677090e-01 3.216747325042200600e+01 3.152393319482485367e+03 3.216747325042201311e+01 3.890248788964971482e+03 3.812420763666017447e+05 3.152393319482485822e+03 3.812420763666016865e+05 3.736149760000002384e+07
9.649902259166887736e-03 1.167033552343494041e+00 1.143685966684150372e+02 1.167033552343497149e+00 -1.260178578878485041e+03 3.486162262991844909e+05 1.143685966684151936e+02 3.486162262991848984e+05 -8.079122136333982944e+08 2.659846172953677090e-01 3.216747325042200600e+01 3.152393319482485367e+03 3.216747325042201311e+01 3.890248788964971482e+03 3.812420763666017447e+05 3.152393319482485822e+03 3.812420763666016865e+05 3.736149760000002384e+07
9.649902259166887736e-03 1.167033552343494041e+00 1.143685966684150372e+02 1.167033552343497149e+00 -1.260178578878485041e+03 3.486162262991844909e+05 1.143685966684151936e+02 3.486162262991848984e+05 -8.079122136333982944e+08 2.659846172953677090e-01 3.216747325042200600e+01 3.152393319482485367e+03 3.216747325042201311e+01 3.890248788964971482e+03 3.812420763666017447e+05 3.152393319482485822e+03 3.812420763666016865e+05 3.736149760000002384e+07
9.649902259166887736e-03 1.167033552343494041e+00 1.143685966684150372e+02 1.167033552343497149e+00 -1.260178578878485041e+03 3.486162262991844909e+05 1.143685966684151936e+02 3.486162262991848984e+05 -8.079122136333982944e+08 2.659846172953677090e-01 3.216747325042200600e+01 3.152393319482485367e+03 3.216747325042201311e+01 3.890248788964971482e+03 3.812420763666017447e+05 3.152393319482485822e+03 3.812420763666016865e+05 3.736149760000002384e+07
9.649902259166887736e-03 1.167033552343494041e+00 1.143685966684150372e+02 1.167033552343497149e+00 -1.260178578878485041e+03 3.486162262991844909e+05 1.143685966684151936e+02 3.486162262991848984e+05 -8.079122136333982944e+08 2.659846172953677090e-01 3.216747325042200600e+01 3.152393319482485367e+03 3.216747325042201311e+01 3.890248788964971482e+03 3.812420763666017447e+05 3.152393319482485822e+03 3.812420763666016865e+05 3.736149760000002384e+07
9.649902259166887736e-03 1.167033552343494041e+00 1.143685966684150372e+02 1.167033552343497149e+00 -1.260178578878485041e+03 3.486162262991844909e+05 1.143685966684151936e+02 3.486162262991848984e+05 -8.079122136333982944e+08 2.659846172953677090e-01 3.216747325042200600e+01 3.152393319482485367e+03 3.216747325042201311e+01 3.890248788964971482e+03 3.812420763666017447e+05 3.152393319482485822e+03 3.812420763666016865e+05 3.736149760000002384e+07
9.649902259166887736e-03 1.167033552343494041e+00 1.143685966684150372e+02 1.167033552343497149e+00 -1.260178578878485041e+03 3.486162262991844909e+05 1.143685966684151936e+02 3.486162262991848984e+05 -8.079122136333982944e+08 2.659846172953677090e-01 3.216747325042200600e+01 3.152393319482485367e+03 3.216747325042201311e+01 3.890248788964971482e+03 3.812420763666017447e+05 3.152393319482485822e+03 3.812420763666016865e+05 3.736149760000002384e+07
9.649902259166887736e-03 1.167033552343494041e+00 1.143685966684150372e+02 1.167033552343497149e+00 -1.260178578878485041e+03 3.486162262991844909e+05 1.143685966684151936e+02 3.486162262991848984e+05 -8.079122136333982944e+08 2.659846172953677090e-01 3.216747325042200600e+01 3.152393319482485367e+03 3.216747325042201311e+01 3.890248788964971482e+03 3.812420763666017447e+05 3.152393319482485822e+03 3.812420763666016865e+05 3.736149760000002384e+07
9.649902259166887736e-03 1.167033552343494041e+00 1.143685966684150372e+02 1.167033552343497149e+00 -1.260178578878485041e+03 3.486162262991844909e+05 1.143685966684151936e+02 3.486162262991848984e+05 -8.079122136333982944e+08 2.659846172953677090e-01 3.216747325042200600e+01 3.152393319482485367e+03 3.216747325042201311e+01 3.890248788964971482e+03 3.812420763666017447e+05 3.152393319482485822e+03 3.812420763666016865e+05 3.736149760000002384e+07
9.649902259166887736e-03 1.167033552343494041e+00 1.143685966684150372e+02 1.167033552343497149e+00 -1.260178578878485041e+03 3.486162262991844909e+05 1.143685966684151936e+02 3.486162262991848984e+05 -8.079122136333982944e+08 2.659846172953677090e-01 3.216747325042200600e+01 3.152393319482485367e+03 3.216747325042201311e+01 3.890248788964971482e+03 3.812420763666017447e+05 3.152393319482485822e+03 3.812420763666016865e+05 3.736149760000002384e+07
9.649902259166887736e-03 1.167033552343494041e+00 1.143685966684150372e+02 1.167033552343497149e+00 -1.260178578878485041e+03 3.486162262991844909e+05 1.143685966684151936e+02 3.486162262991848984e+05 -8.079122136333982944e+08 2.659846172953677090e-01 3.216747325042200600e+01 3.152393319482485367e+03 3.216747325042201311e+01 3.890248788964971482e+03 3.812420763666017447e+05 3.152393319482485822e+03 3.812420763666016865e+05 3.736149760000002384e+07
9.649902259166887736e-03 1.167033552343494041e+00 1.143685966684150372e+02 1.167033552343497149e+00 -1.260178578878485041e+03 3.486162262991844909e+05 1.143685966684151936e+02 3.486162262991848984e+05 -8.079122136333982944e+08 2.659846172953677090e-01 3.216747325042200600e+01 3.152393319482485367e+03 3.216747325042201311e+01 3.890248788964971482e+03 3.812420763666017447e+05 3.152393319482485822e+03 3.812420763666016865e+05 3.736149760000002384e+07
9.649902259166887736e-03 1.167033552343494041e+00 1.143685966684150372e+02 1.167033552343497149e+00 -1.260178578878485041e+03 3.486162262991844909e+05 1.143685966684151936e+02 3.486162262991848984e+05 -8.079122136333982944e+08 2.659846172953677090e-01 3.216747325042200600e+01 3.152393319482485367e+03 3.216747325042201311e+01 3.890248788964971482e+03 3.812420763666017447e+05 3.152393319482485822e+03 3.812420763666016865e+05 3.736149760000002384e+07
9.649902259166887736e-03 1.167033552343494041e+00 1.143685966684150372e+02 1.167033552343497149e+00 -1.260178578878485041e+03 3.486162262991844909e+05 1.143685966684151936e+02 3.486162262991848984e+05 -8.079122136333982944e+08 2.659846172953677090e-01 3.216747325042200600e+01 3.152393319482485367e+03 3.216747325042201311e+01 3.890248788964971482e+03 3.812420763666017447e+05 3.152393319482485822e+03 3.812420763666016865e+05 3.736149760000002384e+07
9.649902259166887736e-03 1.167033552343494041e+00 1.143685966684150372e+02 1.167033552343497149e+00 -1.260178578878485041e+03 3.486162262991844909e+05 1.143685966684151936e+02 3.486162262991848984e+05 -8.079122136333982944e+08 2.659846172953677090e-01 3.216747325042200600e+01 3.152393319482485367e+03 3.216747325042201311e+01 3.890248788964971482e+03 3.812420763666017447e+05 3.152393319482485822e+03 3.812420763666016865e+05 3.736149760000002384e+07
9.649902259166887736e-03 1.167033552343494041e+00 1.143685966684150372e+02 1.167033552343497149e+00 -1.260178578878485041e+03 3.486162262991844909e+05 1.143685966684151936e+02 3.486162262991848984e+05 -8.079122136333982944e+08 2.659846172953677090e-01 3.216747325042200600e+01 3.152393319482485367e+03 3.216747325042201311e+01 3.890248788964971482e+03 3.812420763666017447e+05 3.152393319482485822e+03 3.812420763666016865e+05 3.736149760000002384e+07
9.649902259166887736e-03 1.167033552343494041e+00 1.143685966684150372e+02 1.167033552343497149e+00 -1.260178578878485041e+03 3.486162262991844909e+05 1.143685966684151936e+02 3.486162262991848984e+05 -8.079122136333982944e+08 2.659846172953677090e-01 3.216747325042200600e+01 3.152393319482485367e+03 3.216747325042201311e+01 3.890248788964971482e+03 3.812420763666017447e+05 3.152393319482485822e+03 3.812420763666016865e+05 3.736149760000002384e+07
9.649902259166887736e-03 1.167033552343494041e+00 1.143685966684150372e+02 1.167033552343497149e+00 -1.260178578878485041e+03 3.486162262991844909e+05 1.143685966684151936e+02 3.486162262991848984e+05 -8.079122136333982944e+08 2.659846172953677090e-01 3.216747325042200600e+01 3.152393319482485367e+03 3.216747325042201311e+01 3.890248788964971482e+03 3.812420763666017447e+05 3.152393319482485822e+03 3.812420763666016865e+05 3.736149760000002384e+07
9.649902259166887736e-03 1.167033552343494041e+00 1.143685966684150372e+02 1.167033552343497149e+00 -1.260178578878485041e+03 3.486162262991844909e+05 1.143685966684151936e+02 3.486162262991848984e+05 -8.079122136333982944e+08 2.659846172953677090e-01 3.216747325042200600e+01 3.152393319482485367e+03 3.216747325042201311e+01 3.890248788964971482e+03 3.812420763666017447e+05 3.152393319482485822e+03 3.812420763666016865e+05 3.736149760000002384e+07
9.649902259166887736e-03 1.167033552343494041e+00 1.143685966684150372e+02 1.167033552343497149e+00 -1.260178578878485041e+03 3.486162262991844909e+05 1.143685966684151936e+02 3.486162262991848984e+05 -8.079122136333982944e+08 2.659846172953677090e-01 3.216747325042200600e+01 3.152393319482485367e+03 3.216747325042201311e+01 3.890248788964971482e+03 3.812420763666017447e+05 3.152393319482485822e+03 3.812420763666016865e+05 3.736149760000002384e+07
9.649902259166887736e-03 1.167033552343494041e+00 1.143685966684150372e+02 1.167033552343497149e+00 -1.260178578878485041e+03 3.486162262991844909e+05 1.143685966684151936e+02 3.486162262991848984e+05 -8.079122136333982944e+08 2.659846172953677090e-01 3.216747325042200600e+01 3.152393319482485367e+03 3.216747325042201311e+01 3.890248788964971482e+03 3.812420763666017447e+05 3.152393319482485822e+03 3.812420763666016865e+05 3.736149760000002384e+07
9.649902259166887736e-03 1.167033552343494041e+00 1.143685966684150372e+02 1.167033552343497149e+00 -1.260178578878485041e+03 3.486162262991844909e+05 1.143685966684151936e+02 3.486162262991848984e+05 -8.079122136333982944e+08 2.659846172953677090e-01 3.216747325042200600e+01 3.152393319482485367e+03 3.216747325042201311e+01 3.890248788964971482e+03 3.812420763666017447e+05 3.152393319482485822e+03 3.812420763666016865e+05 3.736149760000002384e+07
9.649902259166887736e-03 1.167033552343494041e+00 1.143685966684150372e+02 1.167033552343497149e+00 -1.260178578878485041e+03 3.486162262991844909e+05 1.143685966684151936e+02 3.486162262991848984e+05 -8.079122136333982944e+08 2.659846172953677090e-01 3.216747325042200600e+01 3.152393319482485367e+03 3.216747325042201311e+01 3.890248788964971482e+03 3.812420763666017447e+05 3.152393319482485822e+03 3.812420763666016865e+05 3.736149760000002384e+07
9.649902259166887736e-03 1.167033552343494041e+00 1.143685966684150372e+02 1.167033552343497149e+00 -1.260178578878485041e+03 3.486162262991844909e+05 1.143685966684151936e+02 3.486162262991848984e+05 -8.079122136333982944e+08 2.659846172953677090e-01 3.216747325042200600e+01 3.152393319482485367e+03 3.216747325042201311e+01 3.890248788964971482e+03 3.812420763666017447e+05 3.152393319482485822e+03 3.812420763666016865e+05 3.736149760000002384e+07
9.649902259166887736e-03 1.167033552343494041e+00 1.143685966684150372e+02 1.167033552343497149e+00 -1.260178578878485041e+03 3.486162262991844909e+05 1.143685966684151936e+02 3.486162262991848984e+05 -8.079122136333982944e+08 2.659846172953677090e-01 3.216747325042200600e+01 3.152393319482485367e+03 3.216747325042201311e+01 3.890248788964971482e+03 3.812420763666017447e+05 3.152393319482485822e+03 3.812420763666016865e+05 3.736149760000002384e+07
9.649902259166887736e-03 1.167033552343494041e+00 1.143685966684150372e+02 1.167033552343497149e+00 -1.260178578878485041e+03 3.486162262991844909e+05 1.143685966684151936e+02 3.486162262991848984e+05 -8.079122136333982944e+08 2.659846172953677090e-01 3.216747325042200600e+01 3.152393319482485367e+03 3.216747325042201311e+01 3.890248788964971482e+03 3.812420763666017447e+05 3.152393319482485822e+03 3.812420763666016865e+05 3.736149760000002384e+07
9.649902259166887736e-03 1.167033552343494041e+00 1.143685966684150372e+02 1.167033552343497149e+00 -1.260178578878485041e+03 3.486162262991844909e+05 1.143685966684151936e+02 3.486162262991848984e+05 -8.079122136333982944e+08 2.659846172953677090e-01 3.216747325042200600e+01 3.152393319482485367e+03 3.216747325042201311e+01 3.890248788964971482e+03 3.812420763666017447e+05 3.152393319482485822e+03 3.812420763666016865e+05 3.736149760000002384e+07
9.649902259166887736e-03 1.167033552343494041e+00 1.143685966684150372e+02 1.167033552343497149e+00 -1.260178578878485041e+03 3.486162262991844909e+05 1.143685966684151936e+02 3.486162262991848984e+05 -8.079122136333982944e+08 2.659846172953677090e-01 3.216747325042200600e+01 3.152393319482485367e+03 3.216747325042201311e+01 3.890248788964971482e+03 3.812420763666017447e+05 3.152393319482485822e+03 3.812420763666016865e+05 3.736149760000002384e+07
9.649902259166887736e-03 1.167033552343494041e+00 1.143685966684150372e+02 1.167033552343497149e+00 -1.260178578878485041e+03 3.486162262991844909e+05 1.143685966684151936e+02 3.486162262991848984e+05 -8.079122136333982944e+08 2.659846172953677090e-01 3.216747325042200600e+01 3.152393319482485367e+03 3.216747325042201311e+01 3.890248788964971482e+03 3.812420763666017447e+05 3.152393319482485822e+03 3.812420763666016865e+05 3.736149760000002384e+07
9.649902259166887736e-03 1.167033552343494041e+00 1.143685966684150372e+02 1.167033552343497149e+00 -1.260178578878485041e+03 3.486162262991844909e+05 1.143685966684151936e+02 3.486162262991848984e+05 -8.079122136333982944e+08 2.659846172953677090e-01 3.216747325042200600e+01 3.152393319482485367e+03 3.216747325042201311e+01 3.890248788964971482e+03 3.812420763666017447e+05 3.152393319482485822e+03 3.812420763666016865e+05 3.736149760000002384e+07
9.649902259166887736e-03 1.167033552343494041e+00 1.143685966684150372e+02 1.167033552343497149e+00 -1.260178578878485041e+03 3.486162262991844909e+05 1.143685966684151936e+02 3.486162262991848984e+05 -8.079122136333982944e+08 2.659846172953677090e-01 3.216747325042200600e+01 3.152393319482485367e+03 3.216747325042201311e+01 3.890248788964971482e+03 3.812420763666017447e+05 3.152393319482485822e+03 3.812420763666016865e+05 3.736149760000002384e+07
9.649902259166887736e-03 1.167033552343494041e+00 1.143685966684150372e+02 1.167033552343497149e+00 -1.260178578878485041e+03 3.486162262991844909e+05 1.143685966684151936e+02 3.486162262991848984e+05 -8.079122136333982944e+08 2.659846172953677090e-01 3.216747325042200600e+01 3.152393319482485367e+03 3.216747325042201311e+01 3.890248788964971482e+03 3.812420763666017447e+05 3.152393319482485822e+03 3.812420763666016865e+05 3.736149760000002384e+07
9.649902259166887736e-03 1.167033552343494041e+00 1.143685966684150372e+02 1.167033552343497149e+00 -1.260178578878485041e+03 3.486162262991844909e+05 1.143685966684151936e+02 3.486162262991848984e+05 -8.079122136333982944e+08 2.659846172953677090e-01 3.216747325042200600e+01 3.152393319482485367e+03 3.216747325042201311e+01 3.890248788964971482e+03 3.812420763666017447e+05 3.152393319482485822e+03 3.812420763666016865e+05 3.736149760000002384e+07
9.649902259166887736e-03 1.167033552343494041e+00 1.143685966684150372e+02 1.167033552343497149e+00 -1.260178578878485041e+03 3.486162262991844909e+05 1.143685966684151936e+02 3.486162262991848984e+05 -8.079122136333982944e+08 2.659846172953677090e-01 3.216747325042200600e+01 3.152393319482485367e+03 3.216747325042201311e+01 3.890248788964971482e+03 3.812420763666017447e+05 3.152393319482485822e+03 3.812420763666016865e+05 3.736149760000002384e+07
9.649902259166887736e-03 1.167033552343494041e+00 1.143685966684150372e+02 1.167033552343497149e+00 -1.260178578878485041e+03 3.486162262991844909e+05 1.143685966684151936e+02 3.486162262991848984e+05 -8.079122136333982944e+08 2.659846172953677090e-01 3.216747325042200600e+01 3.152393319482485367e+03 3.216747325042201311e+01 3.890248788964971482e+03 3.812420763666017447e+05 3.152393319482485822e+03 3.812420763666016865e+05 3.736149760000002384e+07
9.649902259166887736e-03 1.167033552343494041e+00 1.143685966684150372e+02 1.167033552343497149e+00 -1.260178578878485041e+03 3.486162262991844909e+05 1.143685966684151936e+02 3.486162262991848984e+05 -8.079122136333982944e+08 2.659846172953677090e-01 3.216747325042200600e+01 3.152393319482485367e+03 3.216747325042201311e+01 3.890248788964971482e+03 3.812420763666017447e+05 3.152393319482485822e+03 3.812420763666016865e+05 3.736149760000002384e+07
9.649902259166887736e-03 1.167033552343494041e+00 1.143685966684150372e+02 1.167033552343497149e+00 -1.260178578878485041e+03 3.486162262991844909e+05 1.143685966684151936e+02 3.486162262991848984e+05 -8.079122136333982944e+08 2.659846172953677090e-01 3.216747325042200600e+01 3.152393319482485367e+03 3.216747325042201311e+01 3.890248788964971482e+03 3.812420763666017447e+05 3.152393319482485822e+03 3.812420763666016865e+05 3.736149760000002384e+07
9.649902259166887736e-03 1.167033552343494041e+00 1.143685966684150372e+02 1.167033552343497149e+00 -1.260178578878485041e+03 3.486162262991844909e+05 1.143685966684151936e+02 3.486162262991848984e+05 -8.079122136333982944e+08 2.659846172953677090e-01 3.216747325042200600e+01 3.152393319482485367e+03 3.216747325042201311e+01 3.890248788964971482e+03 3.812420763666017447e+05 3.152393319482485822e+03 3.812420763666016865e+05 3.736149760000002384e+07
9.649902259166887736e-03 1.167033552343494041e+00 1.143685966684150372e+02 1.167033552343497149e+00 -1.260178578878485041e+03 3.486162262991844909e+05 1.143685966684151936e+02 3.486162262991848984e+05 -8.079122136333982944e+08 2.659846172953677090e-01 3.216747325042200600e+01 3.152393319482485367e+03 3.216747325042201311e+01 3.890248788964971482e+03 3.812420763666017447e+05 3.152393319482485822e+03 3.812420763666016865e+05 3.736149760000002384e+07
9.649902259166887736e-03 1.167033552343494041e+00 1.143685966684150372e+02 1.167033552343497149e+00 -1.260178578878485041e+03 3.486162262991844909e+05 1.143685966684151936e+02 3.486162262991848984e+05 -8.079122136333982944e+08 2.659846172953677090e-01 3.216747325042200600e+01 3.152393319482485367e+03 3.216747325042201311e+01 3.890248788964971482e+03 3.812420763666017447e+05 3.152393319482485822e+03 3.812420763666016865e+05 3.736149760000002384e+07
9.649902259166887736e-03 1.167033552343494041e+00 1.143685966684150372e+02 1.167033552343497149e+00 -1.260178578878485041e+03 3.486162262991844909e+05 1.143685966684151936e+02 3.486162262991848984e+05 -8.079122136333982944e+08 2.659846172953677090e-01 3.216747325042200600e+01 3.152393319482485367e+03 3.216747325042201311e+01 3.890248788964971482e+03 3.812420763666017447e+05 3.152393319482485822e+03 3.812420763666016865e+05 3.736149760000002384e+07
9.649902259166887736e-03 1.167033552343494041e+00 1.143685966684150372e+02 1.167033552343497149e+00 -1.260178578878485041e+03 3.486162262991844909e+05 1.143685966684151936e+02 3.486162262991848984e+05 -8.079122136333982944e+08 2.659846172953677090e-01 3.216747325042200600e+01 3.152393319482485367e+03 3.216747325042201311e+01 3.890248788964971482e+03 3.812420763666017447e+05 3.152393319482485822e+03 3.812420763666016865e+05 3.736149760000002384e+07
9.649902259166887736e-03 1.167033552343494041e+00 1.143685966684150372e+02 1.167033552343497149e+00 -1.260178578878485041e+03 3.486162262991844909e+05 1.143685966684151936e+02 3.486162262991848984e+05 -8.079122136333982944e+08 2.659846172953677090e-01 3.216747325042200600e+01 3.152393319482485367e+03 3.216747325042201311e+01 3.890248788964971482e+03 3.812420763666017447e+05 3.152393319482485822e+03 3.812420763666016865e+05 3.736149760000002384e+07
9.649902259166887736e-03 1.167033552343494041e+00 1.143685966684150372e+02 1.167033552343497149e+00 -1.260178578878485041e+03 3.486162262991844909e+05 1.143685966684151936e+02 3.486162262991848984e+05 -8.079122136333982944e+08 2.659846172953677090e-01 3.216747325042200600e+01 3.152393319482485367e+03 3.216747325042201311e+01 3.890248788964971482e+03 3.812420763666017447e+05 3.152393319482485822e+03 3.812420763666016865e+05 3.736149760000002384e+07
9.649902259166887736e-03 1.167033552343494041e+00 1.143685966684150372e+02 1.167033552343497149e+00 -1.260178578878485041e+03 3.486162262991844909e+05 1.143685966684151936e+02 3.486162262991848984e+05 -8.079122136333982944e+08 2.659846172953677090e-01 3.216747325042200600e+01 3.152393319482485367e+03 3.216747325042201311e+01 3.890248788964971482e+03 3.812420763666017447e+05 3.152393319482485822e+03 3.812420763666016865e+05 3.736149760000002384e+07
9.649902259166887736e-03 1.167033552343494041e+00 1.143685966684150372e+02 1.167033552343497149e+00 -1.260178578878485041e+03 3.486162262991844909e+05 1.143685966684151936e+02 3.486162262991848984e+05 -8.079122136333982944e+08 2.659846172953677090e-01 3.216747325042200600e+01 3.152393319482485367e+03 3.216747325042201311e+01 3.890248788964971482e+03 3.812420763666017447e+05 3.152393319482485822e+03 3.812420763666016865e+05 3.736149760000002384e+07
9.649902259166887736e-03 1.167033552343494041e+00 1.143685966684150372e+02 1.167033552343497149e+00 -1.260178578878485041e+03 3.486162262991844909e+05 1.143685966684151936e+02 3.486162262991848984e+05 -8.079122136333982944e+08 2.659846172953677090e-01 3.216747325042200600e+01 3.152393319482485367e+03 3.216747325042201311e+01 3.890248788964971482e+03 3.812420763666017447e+05 3.152393319482485822e+03 3.812420763666016865e+05 3.736149760000002384e+07
9.649902259166887736e-03 1.167033552343494041e+00 1.143685966684150372e+02 1.167033552343497149e+00 -1.260178578878485041e+03 3.486162262991844909e+05 1.143685966684151936e+02 3.486162262991848984e+05 -8.079122136333982944e+08 2.659846172953677090e-01 3.216747325042200600e+01 3.152393319482485367e+03 3.216747325042201311e+01 3.890248788964971482e+03 3.812420763666017447e+05 3.152393319482485822e+03 3.812420763666016865e+05 3.736149760000002384e+07
9.649902259166887736e-03 1.167033552343494041e+00 1.143685966684150372e+02 1.167033552343497149e+00 -1.260178578878485041e+03 3.486162262991844909e+05 1.143685966684151936e+02 3.486162262991848984e+05 -8.079122136333982944e+08 2.659846172953677090e-01 3.216747325042200600e+01 3.152393319482485367e+03 3.216747325042201311e+01 3.890248788964971482e+03 3.812420763666017447e+05 3.152393319482485822e+03 3.812420763666016865e+05 3.736149760000002384e+07
9.649902259166887736e-03 1.167033552343494041e+00 1.143685966684150372e+02 1.167033552343497149e+00 -1.260178578878485041e+03 3.486162262991844909e+05 1.143685966684151936e+02 3.486162262991848984e+05 -8.079122136333982944e+08 2.659846172953677090e-01 3.216747325042200600e+01 3.152393319482485367e+03 3.216747325042201311e+01 3.890248788964971482e+03 3.812420763666017447e+05 3.152393319482485822e+03 3.812420763666016865e+05 3.736149760000002384e+07
9.649902259166887736e-03 1.167033552343494041e+00 1.143685966684150372e+02 1.167033552343497149e+00 -1.260178578878485041e+03 3.486162262991844909e+05 1.143685966684151936e+02 3.486162262991848984e+05 -8.079122136333982944e+08 2.659846172953677090e-01 3.216747325042200600e+01 3.152393319482485367e+03 3.216747325042201311e+01 3.890248788964971482e+03 3.812420763666017447e+05 3.152393319482485822e+03 3.812420763666016865e+05 3.736149760000002384e+07
9.649902259166887736e-03 1.167033552343494041e+00 1.143685966684150372e+02 1.167033552343497149e+00 -1.260178578878485041e+03 3.486162262991844909e+05 1.143685966684151936e+02 3.486162262991848984e+05 -8.079122136333982944e+08 2.659846172953677090e-01 3.216747325042200600e+01 3.152393319482485367e+03 3.216747325042201311e+01 3.890248788964971482e+03 3.812420763666017447e+05 3.152393319482485822e+03 3.812420763666016865e+05 3.736149760000002384e+07
9.649902259166887736e-03 1.167033552343494041e+00 1.143685966684150372e+02 1.167033552343497149e+00 -1.260178578878485041e+03 3.486162262991844909e+05 1.143685966684151936e+02 3.486162262991848984e+05 -8.079122136333982944e+08 2.659846172953677090e-01 3.216747325042200600e+01 3.152393319482485367e+03 3.216747325042201311e+01 3.890248788964971482e+03 3.812420763666017447e+05 3.152393319482485822e+03 3.812420763666016865e+05 3.736149760000002384e+07
9.649902259166887736e-03 1.167033552343494041e+00 1.143685966684150372e+02 1.167033552343497149e+00 -1.260178578878485041e+03 3.486162262991844909e+05 1.143685966684151936e+02 3.486162262991848984e+05 -8.079122136333982944e+08 2.659846172953677090e-01 3.216747325042200600e+01 3.152393319482485367e+03 3.216747325042201311e+01 3.890248788964971482e+03 3.812420763666017447e+05 3.152393319482485822e+03 3.812420763666016865e+05 3.736149760000002384e+07
9.649902259166887736e-03 1.167033552343494041e+00 1.143685966684150372e+02 1.167033552343497149e+00 -1.260178578878485041e+03 3.486162262991844909e+05 1.143685966684151936e+02 3.486162262991848984e+05 -8.079122136333982944e+08 2.659846172953677090e-01 3.216747325042200600e+01 3.152393319482485367e+03 3.216747325042201311e+01 3.890248788964971482e+03 3.812420763666017447e+05 3.152393319482485822e+03 3.812420763666016865e+05 3.736149760000002384e+07
9.649902259166887736e-03 1.167033552343494041e+00 1.143685966684150372e+02 1.167033552343497149e+00 -1.260178578878485041e+03 3.486162262991844909e+05 1.143685966684151936e+02 3.486162262991848984e+05 -8.079122136333982944e+08 2.659846172953677090e-01 3.216747325042200600e+01 3.152393319482485367e+03 3.216747325042201311e+01 3.890248788964971482e+03 3.812420763666017447e+05 3.152393319482485822e+03 3.812420763666016865e+05 3.736149760000002384e+07
9.649902259166887736e-03 1.167033552343494041e+00 1.143685966684150372e+02 1.167033552343497149e+00 -1.260178578878485041e+03 3.486162262991844909e+05 1.143685966684151936e+02 3.486162262991848984e+05 -8.079122136333982944e+08 2.659846172953677090e-01 3.216747325042200600e+01 3.152393319482485367e+03 3.216747325042201311e+01 3.890248788964971482e+03 3.812420763666017447e+05 3.152393319482485822e+03 3.812420763666016865e+05 3.736149760000002384e+07
9.649902259166887736e-03 1.167033552343494041e+00 1.143685966684150372e+02 1.167033552343497149e+00 -1.260178578878485041e+03 3.486162262991844909e+05 1.143685966684151936e+02 3.486162262991848984e+05 -8.079122136333982944e+08 2.659846172953677090e-01 3.216747325042200600e+01 3.152393319482485367e+03 3.216747325042201311e+01 3.890248788964971482e+03 3.812420763666017447e+05 3.152393319482485822e+03 3.812420763666016865e+05 3.736149760000002384e+07
9.649902259166887736e-03 1.167033552343494041e+00 1.143685966684150372e+02 1.167033552343497149e+00 -1.260178578878485041e+03 3.486162262991844909e+05 1.143685966684151936e+02 3.486162262991848984e+05 -8.079122136333982944e+08 2.659846172953677090e-01 3.216747325042200600e+01 3.152393319482485367e+03 3.216747325042201311e+01 3.890248788964971482e+03 3.812420763666017447e+05 3.152393319482485822e+03 3.812420763666016865e+05 3.736149760000002384e+07
9.649902259166887736e-03 1.167033552343494041e+00 1.143685966684150372e+02 1.167033552343497149e+00 -1.260178578878485041e+03 3.486162262991844909e+05 1.143685966684151936e+02 3.486162262991848984e+05 -8.079122136333982944e+08 2.659846172953677090e-01 3.216747325042200600e+01 3.152393319482485367e+03 3.216747325042201311e+01 3.890248788964971482e+03 3.812420763666017447e+05 3.152393319482485822e+03 3.812420763666016865e+05 3.736149760000002384e+07
9.649902259166887736e-03 1.167033552343494041e+00 1.143685966684150372e+02 1.167033552343497149e+00 -1.260178578878485041e+03 3.486162262991844909e+05 1.143685966684151936e+02 3.486162262991848984e+05 -8.079122136333982944e+08 2.659846172953677090e-01 3.216747325042200600e+01 3.152393319482485367e+03 3.216747325042201311e+01 3.890248788964971482e+03 3.812420763666017447e+05 3.152393319482485822e+03 3.812420763666016865e+05 3.736149760000002384e+07
9.649902259166887736e-03 1.167033552343494041e+00 1.143685966684150372e+02 1.167033552343497149e+00 -1.260178578878485041e+03 3.486162262991844909e+05 1.143685966684151936e+02 3.486162262991848984e+05 -8.079122136333982944e+08 2.659846172953677090e-01 3.216747325042200600e+01 3.152393319482485367e+03 3.216747325042201311e+01 3.890248788964971482e+03 3.812420763666017447e+05 3.152393319482485822e+03 3.812420763666016865e+05 3.736149760000002384e+07
9.649902259166887736e-03 1.167033552343494041e+00 1.143685966684150372e+02 1.167033552343497149e+00 -1.260178578878485041e+03 3.486162262991844909e+05 1.143685966684151936e+02 3.486162262991848984e+05 -8.079122136333982944e+08 2.659846172953677090e-01 3.216747325042200600e+01 3.152393319482485367e+03 3.216747325042201311e+01 3.890248788964971482e+03 3.812420763666017447e+05 3.152393319482485822e+03 3.812420763666016865e+05 3.736149760000002384e+07
9.649902259166887736e-03 1.167033552343494041e+00 1.143685966684150372e+02 1.167033552343497149e+00 -1.260178578878485041e+03 3.486162262991844909e+05 1.143685966684151936e+02 3.486162262991848984e+05 -8.079122136333982944e+08 2.659846172953677090e-01 3.216747325042200600e+01 3.152393319482485367e+03 3.216747325042201311e+01 3.890248788964971482e+03 3.812420763666017447e+05 3.152393319482485822e+03 3.812420763666016865e+05 3.736149760000002384e+07
9.649902259166887736e-03 1.167033552343494041e+00 1.143685966684150372e+02 1.167033552343497149e+00 -1.260178578878485041e+03 3.486162262991844909e+05 1.143685966684151936e+02 3.486162262991848984e+05 -8.079122136333982944e+08 2.659846172953677090e-01 3.216747325042200600e+01 3.152393319482485367e+03 3.216747325042201311e+01 3.890248788964971482e+03 3.812420763666017447e+05 3.152393319482485822e+03 3.812420763666016865e+05 3.736149760000002384e+07
9.649902259166887736e-03 1.167033552343494041e+00 1.143685966684150372e+02 1.167033552343497149e+00 -1.260178578878485041e+03 3.486162262991844909e+05 1.143685966684151936e+02 3.486162262991848984e+05 -8.079122136333982944e+08 2.659846172953677090e-01 3.216747325042200600e+01 3.152393319482485367e+03 3.216747325042201311e+01 3.890248788964971482e+03 3.812420763666017447e+05 3.152393319482485822e+03 3.812420763666016865e+05 3.736149760000002384e+07
9.649902259166887736e-03 1.167033552343494041e+00 1.143685966684150372e+02 1.167033552343497149e+00 -1.260178578878485041e+03 3.486162262991844909e+05 1.143685966684151936e+02 3.486162262991848984e+05 -8.079122136333982944e+08 2.659846172953677090e-01 3.216747325042200600e+01 3.152393319482485367e+03 3.216747325042201311e+01 3.890248788964971482e+03 3.812420763666017447e+05 3.152393319482485822e+03 3.812420763666016865e+05 3.736149760000002384e+07
9.649902259166887736e-03 1.167033552343494041e+00 1.143685966684150372e+02 1.167033552343497149e+00 -1.260178578878485041e+03 3.486162262991844909e+05 1.143685966684151936e+02 3.486162262991848984e+05 -8.079122136333982944e+08 2.659846172953677090e-01 3.216747325042200600e+01 3.152393319482485367e+03 3.216747325042201311e+01 3.890248788964971482e+03 3.812420763666017447e+05 3.152393319482485822e+03 3.812420763666016865e+05 3.736149760000002384e+07
9.649902259166887736e-03 1.167033552343494041e+00 1.143685966684150372e+02 1.167033552343497149e+00 -1.260178578878485041e+03 3.486162262991844909e+05 1.143685966684151936e+02 3.486162262991848984e+05 -8.079122136333982944e+08 2.659846172953677090e-01 3.216747325042200600e+01 3.152393319482485367e+03 3.216747325042201311e+01 3.890248788964971482e+03 3.812420763666017447e+05 3.152393319482485822e+03 3.812420763666016865e+05 3.736149760000002384e+07
9.649902259166887736e-03 1.167033552343494041e+00 1.143685966684150372e+02 1.167033552343497149e+00 -1.260178578878485041e+03 3.486162262991844909e+05 1.143685966684151936e+02 3.486162262991848984e+05 -8.079122136333982944e+08 2.659846172953677090e-01 3.216747325042200600e+01 3.152393319482485367e+03 3.216747325042201311e+01 3.890248788964971482e+03 3.812420763666017447e+05 3.152393319482485822e+03 3.812420763666016865e+05 3.736149760000002384e+07
9.649902259166887736e-03 1.167033552343494041e+00 1.143685966684150372e+02 1.167033552343497149e+00 -1.260178578878485041e+03 3.486162262991844909e+05 1.143685966684151936e+02 3.486162262991848984e+05 -8.079122136333982944e+08 2.659846172953677090e-01 3.216747325042200600e+01 3.152393319482485367e+03 3.216747325042201311e+01 3.890248788964971482e+03 3.812420763666017447e+05 3.152393319482485822e+03 3.812420763666016865e+05 3.736149760000002384e+07
9.649902259166887736e-03 1.167033552343494041e+00 1.143685966684150372e+02 1.167033552343497149e+00 -1.260178578878485041e+03 3.486162262991844909e+05 1.143685966684151936e+02 3.486162262991848984e+05 -8.079122136333982944e+08 2.659846172953677090e-01 3.216747325042200600e+01 3.152393319482485367e+03 3.216747325042201311e+01 3.890248788964971482e+03 3.812420763666017447e+05 3.152393319482485822e+03 3.812420763666016865e+05 3.736149760000002384e+07
9.649902259166887736e-03 1.167033552343494041e+00 1.143685966684150372e+02 1.167033552343497149e+00 -1.260178578878485041e+03 3.486162262991844909e+05 1.143685966684151936e+02 3.486162262991848984e+05 -8.079122136333982944e+08 2.659846172953677090e-01 3.216747325042200600e+01 3.152393319482485367e+03 3.216747325042201311e+01 3.890248788964971482e+03 3.812420763666017447e+05 3.152393319482485822e+03 3.812420763666016865e+05 3.736149760000002384e+07
9.649902259166887736e-03 1.167033552343494041e+00 1.143685966684150372e+02 1.167033552343497149e+00 -1.260178578878485041e+03 3.486162262991844909e+05 1.143685966684151936e+02 3.486162262991848984e+05 -8.079122136333982944e+08 2.659846172953677090e-01 3.216747325042200600e+01 3.152393319482485367e+03 3.216747325042201311e+01 3.890248788964971482e+03 3.812420763666017447e+05 3.152393319482485822e+03 3.812420763666016865e+05 3.736149760000002384e+07
9.649902259166887736e-03 1.167033552343494041e+00 1.143685966684150372e+02 1.167033552343497149e+00 -1.260178578878485041e+03 3.486162262991844909e+05 1.143685966684151936e+02 3.486162262991848984e+05 -8.079122136333982944e+08 2.659846172953677090e-01 3.216747325042200600e+01 3.152393319482485367e+03 3.216747325042201311e+01 3.890248788964971482e+03 3.812420763666017447e+05 3.152393319482485822e+03 3.812420763666016865e+05 3.736149760000002384e+07
9.649902259166887736e-03 1.167033552343494041e+00 1.143685966684150372e+02 1.167033552343497149e+00 -1.260178578878485041e+03 3.486162262991844909e+05 1.143685966684151936e+02 3.486162262991848984e+05 -8.079122136333982944e+08 2.659846172953677090e-01 3.216747325042200600e+01 3.152393319482485367e+03 3.216747325042201311e+01 3.890248788964971482e+03 3.812420763666017447e+05 3.152393319482485822e+03 3.812420763666016865e+05 3.736149760000002384e+07
9.649902259166887736e-03 1.167033552343494041e+00 1.143685966684150372e+02 1.167033552343497149e+00 -1.260178578878485041e+03 3.486162262991844909e+05 1.143685966684151936e+02 3.486162262991848984e+05 -8.079122136333982944e+08 2.659846172953677090e-01 3.216747325042200600e+01 3.152393319482485367e+03 3.216747325042201311e+01 3.890248788964971482e+03 3.812420763666017447e+05 3.152393319482485822e+03 3.812420763666016865e+05 3.736149760000002384e+07
9.649902259166887736e-03 1.167033552343494041e+00 1.143685966684150372e+02 1.167033552343497149e+00 -1.260178578878485041e+03 3.486162262991844909e+05 1.143685966684151936e+02 3.486162262991848984e+05 -8.079122136333982944e+08 2.659846172953677090e-01 3.216747325042200600e+01 3.152393319482485367e+03 3.216747325042201311e+01 3.890248788964971482e+03 3.812420763666017447e+05 3.152393319482485822e+03 3.812420763666016865e+05 3.736149760000002384e+07
9.649902259166887736e-03 1.167033552343494041e+00 1.143685966684150372e+02 1.167033552343497149e+00 -1.260178578878485041e+03 3.486162262991844909e+05 1.143685966684151936e+02 3.486162262991848984e+05 -8.079122136333982944e+08 2.659846172953677090e-01 3.216747325042200600e+01 3.152393319482485367e+03 3.216747325042201311e+01 3.890248788964971482e+03 3.812420763666017447e+05 3.152393319482485822e+03 3.812420763666016865e+05 3.736149760000002384e+07
9.649902259166887736e-03 1.167033552343494041e+00 1.143685966684150372e+02 1.167033552343497149e+00 -1.260178578878485041e+03 3.486162262991844909e+05 1.143685966684151936e+02 3.486162262991848984e+05 -8.079122136333982944e+08 2.659846172953677090e-01 3.216747325042200600e+01 3.152393319482485367e+03 3.216747325042201311e+01 3.890248788964971482e+03 3.812420763666017447e+05 3.152393319482485822e+03 3.812420763666016865e+05 3.736149760000002384e+07
9.649902259166887736e-03 1.167033552343494041e+00 1.143685966684150372e+02 1.167033552343497149e+00 -1.260178578878485041e+03 3.486162262991844909e+05 1.143685966684151936e+02 3.486162262991848984e+05 -8.079122136333982944e+08 2.659846172953677090e-01 3.216747325042200600e+01 3.152393319482485367e+03 3.216747325042201311e+01 3.890248788964971482e+03 3.812420763666017447e+05 3.152393319482485822e+03 3.812420763666016865e+05 3.736149760000002384e+07
9.649902259166887736e-03 1.167033552343494041e+00 1.143685966684150372e+02 1.167033552343497149e+00 -1.260178578878485041e+03 3.486162262991844909e+05 1.143685966684151936e+02 3.486162262991848984e+05 -8.079122136333982944e+08 2.659846172953677090e-01 3.216747325042200600e+01 3.152393319482485367e+03 3.216747325042201311e+01 3.890248788964971482e+03 3.812420763666017447e+05 3.152393319482485822e+03 3.812420763666016865e+05 3.736149760000002384e+07
9.649902259166887736e-03 1.167033552343494041e+00 1.143685966684150372e+02 1.167033552343497149e+00 -1.260178578878485041e+03 3.486162262991844909e+05 1.143685966684151936e+02 3.486162262991848984e+05 -8.079122136333982944e+08 2.659846172953677090e-01 3.216747325042200600e+01 3.152393319482485367e+03 3.216747325042201311e+01 3.890248788964971482e+03 3.812420763666017447e+05 3.152393319482485822e+03 3.812420763666016865e+05 3.736149760000002384e+07
9.649902259166887736e-03 1.167033552343494041e+00 1.143685966684150372e+02 1.167033552343497149e+00 -1.260178578878485041e+03 3.486162262991844909e+05 1.143685966684151936e+02 3.486162262991848984e+05 -8.079122136333982944e+08 2.659846172953677090e-01 3.216747325042200600e+01 3.152393319482485367e+03 3.216747325042201311e+01 3.890248788964971482e+03 3.812420763666017447e+05 3.152393319482485822e+03 3.812420763666016865e+05 3.736149760000002384e+07
9.649902259166887736e-03 1.167033552343494041e+00 1.143685966684150372e+02 1.167033552343497149e+00 -1.260178578878485041e+03 3.486162262991844909e+05 1.143685966684151936e+02 3.486162262991848984e+05 -8.079122136333982944e+08 2.659846172953677090e-01 3.216747325042200600e+01 3.152393319482485367e+03 3.216747325042201311e+01 3.890248788964971482e+03 3.812420763666017447e+05 3.152393319482485822e+03 3.812420763666016865e+05 3.736149760000002384e+07
9.649902259166887736e-03 1.167033552343494041e+00 1.143685966684150372e+02 1.167033552343497149e+00 -1.260178578878485041e+03 3.486162262991844909e+05 1.143685966684151936e+02 3.486162262991848984e+05 -8.079122136333982944e+08 2.659846172953677090e-01 3.216747325042200600e+01 3.152393319482485367e+03 3.216747325042201311e+01 3.890248788964971482e+03 3.812420763666017447e+05 3.152393319482485822e+03 3.812420763666016865e+05 3.736149760000002384e+07
9.649902259166887736e-03 1.167033552343494041e+00 1.143685966684150372e+02 1.167033552343497149e+00 -1.260178578878485041e+03 3.486162262991844909e+05 1.143685966684151936e+02 3.486162262991848984e+05 -8.079122136333982944e+08 2.659846172953677090e-01 3.216747325042200600e+01 3.152393319482485367e+03 3.216747325042201311e+01 3.890248788964971482e+03 3.812420763666017447e+05 3.152393319482485822e+03 3.812420763666016865e+05 3.736149760000002384e+07
9.649902259166887736e-03 1.167033552343494041e+00 1.143685966684150372e+02 1.167033552343497149e+00 -1.260178578878485041e+03 3.486162262991844909e+05 1.143685966684151936e+02 3.486162262991848984e+05 -8.079122136333982944e+08 2.659846172953677090e-01 3.216747325042200600e+01 3.152393319482485367e+03 3.216747325042201311e+01 3.890248788964971482e+03 3.812420763666017447e+05 3.152393319482485822e+03 3.812420763666016865e+05 3.736149760000002384e+07
9.649902259166887736e-03 1.167033552343494041e+00 1.143685966684150372e+02 1.167033552343497149e+00 -1.260178578878485041e+03 3.486162262991844909e+05 1.143685966684151936e+02 3.486162262991848984e+05 -8.079122136333982944e+08 2.659846172953677090e-01 3.216747325042200600e+01 3.152393319482485367e+03 3.216747325042201311e+01 3.890248788964971482e+03 3.812420763666017447e+05 3.152393319482485822e+03 3.812420763666016865e+05 3.736149760000002384e+07
9.649902259166887736e-03 1.167033552343494041e+00 1.143685966684150372e+02 1.167033552343497149e+00 -1.260178578878485041e+03 3.486162262991844909e+05 1.143685966684151936e+02 3.486162262991848984e+05 -8.079122136333982944e+08 2.659846172953677090e-01 3.216747325042200600e+01 3.152393319482485367e+03 3.216747325042201311e+01 3.890248788964971482e+03 3.812420763666017447e+05 3.152393319482485822e+03 3.812420763666016865e+05 3.736149760000002384e+07
9.649902259166887736e-03 1.167033552343494041e+00 1.143685966684150372e+02 1.167033552343497149e+00 -1.260178578878485041e+03 3.486162262991844909e+05 1.143685966684151936e+02 3.486162262991848984e+05 -8.079122136333982944e+08 2.659846172953677090e-01 3.216747325042200600e+01 3.152393319482485367e+03 3.216747325042201311e+01 3.890248788964971482e+03 3.812420763666017447e+05 3.152393319482485822e+03 3.812420763666016865e+05 3.736149760000002384e+07
9.649902259166887736e-03 1.167033552343494041e+00 1.143685966684150372e+02 1.167033552343497149e+00 -1.260178578878485041e+03 3.486162262991844909e+05 1.143685966684151936e+02 3.486162262991848984e+05 -8.079122136333982944e+08 2.659846172953677090e-01 3.216747325042200600e+01 3.152393319482485367e+03 3.216747325042201311e+01 3.890248788964971482e+03 3.812420763666017447e+05 3.152393319482485822e+03 3.812420763666016865e+05 3.736149760000002384e+07
9.649902259166887736e-03 1.167033552343494041e+00 1.143685966684150372e+02 1.167033552343497149e+00 -1.260178578878485041e+03 3.486162262991844909e+05 1.143685966684151936e+02 3.486162262991848984e+05 -8.079122136333982944e+08 2.659846172953677090e-01 3.216747325042200600e+01 3.152393319482485367e+03 3.216747325042201311e+01 3.890248788964971482e+03 3.812420763666017447e+05 3.152393319482485822e+03 3.812420763666016865e+05 3.736149760000002384e+07
9.649902259166887736e-03 1.167033552343494041e+00 1.143685966684150372e+02 1.167033552343497149e+00 -1.260178578878485041e+03 3.486162262991844909e+05 1.143685966684151936e+02 3.486162262991848984e+05 -8.079122136333982944e+08 2.659846172953677090e-01 3.216747325042200600e+01 3.152393319482485367e+03 3.216747325042201311e+01 3.890248788964971482e+03 3.812420763666017447e+05 3.152393319482485822e+03 3.812420763666016865e+05 3.736149760000002384e+07
9.649902259166887736e-03 1.167033552343494041e+00 1.143685966684150372e+02 1.167033552343497149e+00 -1.260178578878485041e+03 3.486162262991844909e+05 1.143685966684151936e+02 3.486162262991848984e+05 -8.079122136333982944e+08 2.659846172953677090e-01 3.216747325042200600e+01 3.152393319482485367e+03 3.216747325042201311e+01 3.890248788964971482e+03 3.812420763666017447e+05 3.152393319482485822e+03 3.812420763666016865e+05 3.736149760000002384e+07
9.649902259166887736e-03 1.167033552343494041e+00 1.143685966684150372e+02 1.167033552343497149e+00 -1.260178578878485041e+03 3.486162262991844909e+05 1.143685966684151936e+02 3.486162262991848984e+05 -8.079122136333982944e+08 2.659846172953677090e-01 3.216747325042200600e+01 3.152393319482485367e+03 3.216747325042201311e+01 3.890248788964971482e+03 3.812420763666017447e+05 3.152393319482485822e+03 3.812420763666016865e+05 3.736149760000002384e+07
9.649902259166887736e-03 1.167033552343494041e+00 1.143685966684150372e+02 1.167033552343497149e+00 -1.260178578878485041e+03 3.486162262991844909e+05 1.143685966684151936e+02 3.486162262991848984e+05 -8.079122136333982944e+08 2.659846172953677090e-01 3.216747325042200600e+01 3.152393319482485367e+03 3.216747325042201311e+01 3.890248788964971482e+03 3.812420763666017447e+05 3.152393319482485822e+03 3.812420763666016865e+05 3.736149760000002384e+07
9.649902259166887736e-03 1.167033552343494041e+00 1.143685966684150372e+02 1.167033552343497149e+00 -1.260178578878485041e+03 3.486162262991844909e+05 1.143685966684151936e+02 3.486162262991848984e+05 -8.079122136333982944e+08 2.659846172953677090e-01 3.216747325042200600e+01 3.152393319482485367e+03 3.216747325042201311e+01 3.890248788964971482e+03 3.812420763666017447e+05 3.152393319482485822e+03 3.812420763666016865e+05 3.736149760000002384e+07
9.649902259166887736e-03 1.167033552343494041e+00 1.143685966684150372e+02 1.167033552343497149e+00 -1.260178578878485041e+03 3.486162262991844909e+05 1.143685966684151936e+02 3.486162262991848984e+05 -8.079122136333982944e+08 2.659846172953677090e-01 3.216747325042200600e+01 3.152393319482485367e+03 3.216747325042201311e+01 3.890248788964971482e+03 3.812420763666017447e+05 3.152393319482485822e+03 3.812420763666016865e+05 3.736149760000002384e+07
9.649902259166887736e-03 1.167033552343494041e+00 1.143685966684150372e+02 1.167033552343497149e+00 -1.260178578878485041e+03 3.486162262991844909e+05 1.143685966684151936e+02 3.486162262991848984e+05 -8.079122136333982944e+08 2.659846172953677090e-01 3.216747325042200600e+01 3.152393319482485367e+03 3.216747325042201311e+01 3.890248788964971482e+03 3.812420763666017447e+05 3.152393319482485822e+03 3.812420763666016865e+05 3.736149760000002384e+07
9.649902259166887736e-03 1.167033552343494041e+00 1.143685966684150372e+02 1.167033552343497149e+00 -1.260178578878485041e+03 3.486162262991844909e+05 1.143685966684151936e+02 3.486162262991848984e+05 -8.079122136333982944e+08 2.659846172953677090e-01 3.216747325042200600e+01 3.152393319482485367e+03 3.216747325042201311e+01 3.890248788964971482e+03 3.812420763666017447e+05 3.152393319482485822e+03 3.812420763666016865e+05 3.736149760000002384e+07
9.649902259166887736e-03 1.167033552343494041e+00 1.143685966684150372e+02 1.167033552343497149e+00 -1.260178578878485041e+03 3.486162262991844909e+05 1.143685966684151936e+02 3.486162262991848984e+05 -8.079122136333982944e+08 2.659846172953677090e-01 3.216747325042200600e+01 3.152393319482485367e+03 3.216747325042201311e+01 3.890248788964971482e+03 3.812420763666017447e+05 3.152393319482485822e+03 3.812420763666016865e+05 3.736149760000002384e+07
9.649902259166887736e-03 1.167033552343494041e+00 1.143685966684150372e+02 1.167033552343497149e+00 -1.260178578878485041e+03 3.486162262991844909e+05 1.143685966684151936e+02 3.486162262991848984e+05 -8.079122136333982944e+08 2.659846172953677090e-01 3.216747325042200600e+01 3.152393319482485367e+03 3.216747325042201311e+01 3.890248788964971482e+03 3.812420763666017447e+05 3.152393319482485822e+03 3.812420763666016865e+05 3.736149760000002384e+07
9.649902259166887736e-03 1.167033552343494041e+00 1.143685966684150372e+02 1.167033552343497149e+00 -1.260178578878485041e+03 3.486162262991844909e+05 1.143685966684151936e+02 3.486162262991848984e+05 -8.079122136333982944e+08 2.659846172953677090e-01 3.216747325042200600e+01 3.152393319482485367e+03 3.216747325042201311e+01 3.890248788964971482e+03 3.812420763666017447e+05 3.152393319482485822e+03 3.812420763666016865e+05 3.736149760000002384e+07
9.649902259166887736e-03 1.167033552343494041e+00 1.143685966684150372e+02 1.167033552343497149e+00 -1.260178578878485041e+03 3.486162262991844909e+05 1.143685966684151936e+02 3.486162262991848984e+05 -8.079122136333982944e+08 2.659846172953677090e-01 3.216747325042200600e+01 3.152393319482485367e+03 3.216747325042201311e+01 3.890248788964971482e+03 3.812420763666017447e+05 3.152393319482485822e+03 3.812420763666016865e+05 3.736149760000002384e+07
9.649902259166887736e-03 1.167033552343494041e+00 1.143685966684150372e+02 1.167033552343497149e+00 -1.260178578878485041e+03 3.486162262991844909e+05 1.143685966684151936e+02 3.486162262991848984e+05 -8.079122136333982944e+08 2.659846172953677090e-01 3.216747325042200600e+01 3.152393319482485367e+03 3.216747325042201311e+01 3.890248788964971482e+03 3.812420763666017447e+05 3.152393319482485822e+03 3.812420763666016865e+05 3.736149760000002384e+07
9.649902259166887736e-03 1.167033552343494041e+00 1.143685966684150372e+02 1.167033552343497149e+00 -1.260178578878485041e+03 3.486162262991844909e+05 1.143685966684151936e+02 3.486162262991848984e+05 -8.079122136333982944e+08 2.659846172953677090e-01 3.216747325042200600e+01 3.152393319482485367e+03 3.216747325042201311e+01 3.890248788964971482e+03 3.812420763666017447e+05 3.152393319482485822e+03 3.812420763666016865e+05 3.736149760000002384e+07
9.649902259166887736e-03 1.167033552343494041e+00 1.143685966684150372e+02 1.167033552343497149e+00 -1.260178578878485041e+03 3.486162262991844909e+05 1.143685966684151936e+02 3.486162262991848984e+05 -8.079122136333982944e+08 2.659846172953677090e-01 3.216747325042200600e+01 3.152393319482485367e+03 3.216747325042201311e+01 3.890248788964971482e+03 3.812420763666017447e+05 3.152393319482485822e+03 3.812420763666016865e+05 3.736149760000002384e+07
9.649902259166887736e-03 1.167033552343494041e+00 1.143685966684150372e+02 1.167033552343497149e+00 -1.260178578878485041e+03 3.486162262991844909e+05 1.143685966684151936e+02 3.486162262991848984e+05 -8.079122136333982944e+08 2.659846172953677090e-01 3.216747325042200600e+01 3.152393319482485367e+03 3.216747325042201311e+01 3.890248788964971482e+03 3.812420763666017447e+05 3.152393319482485822e+03 3.812420763666016865e+05 3.736149760000002384e+07
9.649902259166887736e-03 1.167033552343494041e+00 1.143685966684150372e+02 1.167033552343497149e+00 -1.260178578878485041e+03 3.486162262991844909e+05 1.143685966684151936e+02 3.486162262991848984e+05 -8.079122136333982944e+08 2.659846172953677090e-01 3.216747325042200600e+01 3.152393319482485367e+03 3.216747325042201311e+01 3.890248788964971482e+03 3.812420763666017447e+05 3.152393319482485822e+03 3.812420763666016865e+05 3.736149760000002384e+07
9.649902259166887736e-03 1.167033552343494041e+00 1.143685966684150372e+02 1.167033552343497149e+00 -1.260178578878485041e+03 3.486162262991844909e+05 1.143685966684151936e+02 3.486162262991848984e+05 -8.079122136333982944e+08 2.659846172953677090e-01 3.216747325042200600e+01 3.152393319482485367e+03 3.216747325042201311e+01 3.890248788964971482e+03 3.812420763666017447e+05 3.152393319482485822e+03 3.812420763666016865e+05 3.736149760000002384e+07
9.649902259166887736e-03 1.167033552343494041e+00 1.143685966684150372e+02 1.167033552343497149e+00 -1.260178578878485041e+03 3.486162262991844909e+05 1.143685966684151936e+02 3.486162262991848984e+05 -8.079122136333982944e+08 2.659846172953677090e-01 3.216747325042200600e+01 3.152393319482485367e+03 3.216747325042201311e+01 3.890248788964971482e+03 3.812420763666017447e+05 3.152393319482485822e+03 3.812420763666016865e+05 3.736149760000002384e+07
9.649902259166887736e-03 1.167033552343494041e+00 1.143685966684150372e+02 1.167033552343497149e+00 -1.260178578878485041e+03 3.486162262991844909e+05 1.143685966684151936e+02 3.486162262991848984e+05 -8.079122136333982944e+08 2.659846172953677090e-01 3.216747325042200600e+01 3.152393319482485367e+03 3.216747325042201311e+01 3.890248788964971482e+03 3.812420763666017447e+05 3.152393319482485822e+03 3.812420763666016865e+05 3.736149760000002384e+07
9.649902259166887736e-03 1.167033552343494041e+00 1.143685966684150372e+02 1.167033552343497149e+00 -1.260178578878485041e+03 3.486162262991844909e+05 1.143685966684151936e+02 3.486162262991848984e+05 -8.079122136333982944e+08 2.659846172953677090e-01 3.216747325042200600e+01 3.152393319482485367e+03 3.216747325042201311e+01 3.890248788964971482e+03 3.812420763666017447e+05 3.152393319482485822e+03 3.812420763666016865e+05 3.736149760000002384e+07
9.649902259166887736e-03 1.167033552343494041e+00 1.143685966684150372e+02 1.167033552343497149e+00 -1.260178578878485041e+03 3.486162262991844909e+05 1.143685966684151936e+02 3.486162262991848984e+05 -8.079122136333982944e+08 2.659846172953677090e-01 3.216747325042200600e+01 3.152393319482485367e+03 3.216747325042201311e+01 3.890248788964971482e+03 3.812420763666017447e+05 3.152393319482485822e+03 3.812420763666016865e+05 3.736149760000002384e+07
9.649902259166887736e-03 1.167033552343494041e+00 1.143685966684150372e+02 1.167033552343497149e+00 -1.260178578878485041e+03 3.486162262991844909e+05 1.143685966684151936e+02 3.486162262991848984e+05 -8.079122136333982944e+08 2.659846172953677090e-01 3.216747325042200600e+01 3.152393319482485367e+03 3.216747325042201311e+01 3.890248788964971482e+03 3.812420763666017447e+05 3.152393319482485822e+03 3.812420763666016865e+05 3.736149760000002384e+07
9.649902259166887736e-03 1.167033552343494041e+00 1.143685966684150372e+02 1.167033552343497149e+00 -1.260178578878485041e+03 3.486162262991844909e+05 1.143685966684151936e+02 3.486162262991848984e+05 -8.079122136333982944e+08 2.659846172953677090e-01 3.216747325042200600e+01 3.152393319482485367e+03 3.216747325042201311e+01 3.890248788964971482e+03 3.812420763666017447e+05 3.152393319482485822e+03 3.812420763666016865e+05 3.736149760000002384e+07
9.649902259166887736e-03 1.167033552343494041e+00 1.143685966684150372e+02 1.167033552343497149e+00 -1.260178578878485041e+03 3.486162262991844909e+05 1.143685966684151936e+02 3.486162262991848984e+05 -8.079122136333982944e+08 2.659846172953677090e-01 3.216747325042200600e+01 3.152393319482485367e+03 3.216747325042201311e+01 3.890248788964971482e+03 3.812420763666017447e+05 3.152393319482485822e+03 3.812420763666016865e+05 3.736149760000002384e+07
9.649902259166887736e-03 1.167033552343494041e+00 1.143685966684150372e+02 1.167033552343497149e+00 -1.260178578878485041e+03 3.486162262991844909e+05 1.143685966684151936e+02 3.486162262991848984e+05 -8.079122136333982944e+08 2.659846172953677090e-01 3.216747325042200600e+01 3.152393319482485367e+03 3.216747325042201311e+01 3.890248788964971482e+03 3.812420763666017447e+05 3.152393319482485822e+03 3.812420763666016865e+05 3.736149760000002384e+07
9.649902259166887736e-03 1.167033552343494041e+00 1.143685966684150372e+02 1.167033552343497149e+00 -1.260178578878485041e+03 3.486162262991844909e+05 1.143685966684151936e+02 3.486162262991848984e+05 -8.079122136333982944e+08 2.659846172953677090e-01 3.216747325042200600e+01 3.152393319482485367e+03 3.216747325042201311e+01 3.890248788964971482e+03 3.812420763666017447e+05 3.152393319482485822e+03 3.812420763666016865e+05 3.736149760000002384e+07
9.649902259166887736e-03 1.167033552343494041e+00 1.143685966684150372e+02 1.167033552343497149e+00 -1.260178578878485041e+03 3.486162262991844909e+05 1.143685966684151936e+02 3.486162262991848984e+05 -8.079122136333982944e+08 2.659846172953677090e-01 3.216747325042200600e+01 3.152393319482485367e+03 3.216747325042201311e+01 3.890248788964971482e+03 3.812420763666017447e+05 3.152393319482485822e+03 3.812420763666016865e+05 3.736149760000002384e+07
9.649902259166887736e-03 1.167033552343494041e+00 1.143685966684150372e+02 1.167033552343497149e+00 -1.260178578878485041e+03 3.486162262991844909e+05 1.143685966684151936e+02 3.486162262991848984e+05 -8.079122136333982944e+08 2.659846172953677090e-01 3.216747325042200600e+01 3.152393319482485367e+03 3.216747325042201311e+01 3.890248788964971482e+03 3.812420763666017447e+05 3.152393319482485822e+03 3.812420763666016865e+05 3.736149760000002384e+07
9.649902259166887736e-03 1.167033552343494041e+00 1.143685966684150372e+02 1.167033552343497149e+00 -1.260178578878485041e+03 3.486162262991844909e+05 1.143685966684151936e+02 3.486162262991848984e+05 -8.079122136333982944e+08 2.659846172953677090e-01 3.216747325042200600e+01 3.152393319482485367e+03 3.216747325042201311e+01 3.890248788964971482e+03 3.812420763666017447e+05 3.152393319482485822e+03 3.812420763666016865e+05 3.736149760000002384e+07
9.649902259166887736e-03 1.167033552343494041e+00 1.143685966684150372e+02 1.167033552343497149e+00 -1.260178578878485041e+03 3.486162262991844909e+05 1.143685966684151936e+02 3.486162262991848984e+05 -8.079122136333982944e+08 2.659846172953677090e-01 3.216747325042200600e+01 3.152393319482485367e+03 3.216747325042201311e+01 3.890248788964971482e+03 3.812420763666017447e+05 3.152393319482485822e+03 3.812420763666016865e+05 3.736149760000002384e+07
9.649902259166887736e-03 1.167033552343494041e+00 1.143685966684150372e+02 1.167033552343497149e+00 -1.260178578878485041e+03 3.486162262991844909e+05 1.143685966684151936e+02 3.486162262991848984e+05 -8.079122136333982944e+08 2.659846172953677090e-01 3.216747325042200600e+01 3.152393319482485367e+03 3.216747325042201311e+01 3.890248788964971482e+03 3.812420763666017447e+05 3.152393319482485822e+03 3.812420763666016865e+05 3.736149760000002384e+07
9.649902259166887736e-03 1.167033552343494041e+00 1.143685966684150372e+02 1.167033552343497149e+00 -1.260178578878485041e+03 3.486162262991844909e+05 1.143685966684151936e+02 3.486162262991848984e+05 -8.079122136333982944e+08 2.659846172953677090e-01 3.216747325042200600e+01 3.152393319482485367e+03 3.216747325042201311e+01 3.890248788964971482e+03 3.812420763666017447e+05 3.152393319482485822e+03 3.812420763666016865e+05 3.736149760000002384e+07
9.649902259166887736e-03 1.167033552343494041e+00 1.143685966684150372e+02 1.167033552343497149e+00 -1.260178578878485041e+03 3.486162262991844909e+05 1.143685966684151936e+02 3.486162262991848984e+05 -8.079122136333982944e+08 2.659846172953677090e-01 3.216747325042200600e+01 3.152393319482485367e+03 3.216747325042201311e+01 3.890248788964971482e+03 3.812420763666017447e+05 3.152393319482485822e+03 3.812420763666016865e+05 3.736149760000002384e+07
9.649902259166887736e-03 1.167033552343494041e+00 1.143685966684150372e+02 1.167033552343497149e+00 -1.260178578878485041e+03 3.486162262991844909e+05 1.143685966684151936e+02 3.486162262991848984e+05 -8.079122136333982944e+08 2.659846172953677090e-01 3.216747325042200600e+01 3.152393319482485367e+03 3.216747325042201311e+01 3.890248788964971482e+03 3.812420763666017447e+05 3.152393319482485822e+03 3.812420763666016865e+05 3.736149760000002384e+07
9.649902259166887736e-03 1.167033552343494041e+00 1.143685966684150372e+02 1.167033552343497149e+00 -1.260178578878485041e+03 3.486162262991844909e+05 1.143685966684151936e+02 3.486162262991848984e+05 -8.079122136333982944e+08 2.659846172953677090e-01 3.216747325042200600e+01 3.152393319482485367e+03 3.216747325042201311e+01 3.890248788964971482e+03 3.812420763666017447e+05 3.152393319482485822e+03 3.812420763666016865e+05 3.736149760000002384e+07
9.649902259166887736e-03 1.167033552343494041e+00 1.143685966684150372e+02 1.167033552343497149e+00 -1.260178578878485041e+03 3.486162262991844909e+05 1.143685966684151936e+02 3.486162262991848984e+05 -8.079122136333982944e+08 2.659846172953677090e-01 3.216747325042200600e+01 3.152393319482485367e+03 3.216747325042201311e+01 3.890248788964971482e+03 3.812420763666017447e+05 3.152393319482485822e+03 3.812420763666016865e+05 3.736149760000002384e+07
9.649902259166887736e-03 1.167033552343494041e+00 1.143685966684150372e+02 1.167033552343497149e+00 -1.260178578878485041e+03 3.486162262991844909e+05 1.143685966684151936e+02 3.486162262991848984e+05 -8.079122136333982944e+08 2.659846172953677090e-01 3.216747325042200600e+01 3.152393319482485367e+03 3.216747325042201311e+01 3.890248788964971482e+03 3.812420763666017447e+05 3.152393319482485822e+03 3.812420763666016865e+05 3.736149760000002384e+07
9.649902259166887736e-03 1.167033552343494041e+00 1.143685966684150372e+02 1.167033552343497149e+00 -1.260178578878485041e+03 3.486162262991844909e+05 1.143685966684151936e+02 3.486162262991848984e+05 -8.079122136333982944e+08 2.659846172953677090e-01 3.216747325042200600e+01 3.152393319482485367e+03 3.216747325042201311e+01 3.890248788964971482e+03 3.812420763666017447e+05 3.152393319482485822e+03 3.812420763666016865e+05 3.736149760000002384e+07
9.649902259166887736e-03 1.167033552343494041e+00 1.143685966684150372e+02 1.167033552343497149e+00 -1.260178578878485041e+03 3.486162262991844909e+05 1.143685966684151936e+02 3.486162262991848984e+05 -8.079122136333982944e+08 2.659846172953677090e-01 3.216747325042200600e+01 3.152393319482485367e+03 3.216747325042201311e+01 3.890248788964971482e+03 3.812420763666017447e+05 3.152393319482485822e+03 3.812420763666016865e+05 3.736149760000002384e+07
9.649902259166887736e-03 1.167033552343494041e+00 1.143685966684150372e+02 1.167033552343497149e+00 -1.260178578878485041e+03 3.486162262991844909e+05 1.143685966684151936e+02 3.486162262991848984e+05 -8.079122136333982944e+08 2.659846172953677090e-01 3.216747325042200600e+01 3.152393319482485367e+03 3.216747325042201311e+01 3.890248788964971482e+03 3.812420763666017447e+05 3.152393319482485822e+03 3.812420763666016865e+05 3.736149760000002384e+07
9.649902259166887736e-03 1.167033552343494041e+00 1.143685966684150372e+02 1.167033552343497149e+00 -1.260178578878485041e+03 3.486162262991844909e+05 1.143685966684151936e+02 3.486162262991848984e+05 -8.079122136333982944e+08 2.659846172953677090e-01 3.216747325042200600e+01 3.152393319482485367e+03 3.216747325042201311e+01 3.890248788964971482e+03 3.812420763666017447e+05 3.152393319482485822e+03 3.812420763666016865e+05 3.736149760000002384e+07
9.649902259166887736e-03 1.167033552343494041e+00 1.143685966684150372e+02 1.167033552343497149e+00 -1.260178578878485041e+03 3.486162262991844909e+05 1.143685966684151936e+02 3.486162262991848984e+05 -8.079122136333982944e+08 2.659846172953677090e-01 3.216747325042200600e+01 3.152393319482485367e+03 3.216747325042201311e+01 3.890248788964971482e+03 3.812420763666017447e+05 3.152393319482485822e+03 3.812420763666016865e+05 3.736149760000002384e+07
9.649902259166887736e-03 1.167033552343494041e+00 1.143685966684150372e+02 1.167033552343497149e+00 -1.260178578878485041e+03 3.486162262991844909e+05 1.143685966684151936e+02 3.486162262991848984e+05 -8.079122136333982944e+08 2.659846172953677090e-01 3.216747325042200600e+01 3.152393319482485367e+03 3.216747325042201311e+01 3.890248788964971482e+03 3.812420763666017447e+05 3.152393319482485822e+03 3.812420763666016865e+05 3.736149760000002384e+07
9.649902259166887736e-03 1.167033552343494041e+00 1.143685966684150372e+02 1.167033552343497149e+00 -1.260178578878485041e+03 3.486162262991844909e+05 1.143685966684151936e+02 3.486162262991848984e+05 -8.079122136333982944e+08 2.659846172953677090e-01 3.216747325042200600e+01 3.152393319482485367e+03 3.216747325042201311e+01 3.890248788964971482e+03 3.812420763666017447e+05 3.152393319482485822e+03 3.812420763666016865e+05 3.736149760000002384e+07
9.649902259166887736e-03 1.167033552343494041e+00 1.143685966684150372e+02 1.167033552343497149e+00 -1.260178578878485041e+03 3.486162262991844909e+05 1.143685966684151936e+02 3.486162262991848984e+05 -8.079122136333982944e+08 2.659846172953677090e-01 3.216747325042200600e+01 3.152393319482485367e+03 3.216747325042201311e+01 3.890248788964971482e+03 3.812420763666017447e+05 3.152393319482485822e+03 3.812420763666016865e+05 3.736149760000002384e+07
9.649902259166887736e-03 1.167033552343494041e+00 1.143685966684150372e+02 1.167033552343497149e+00 -1.260178578878485041e+03 3.486162262991844909e+05 1.143685966684151936e+02 3.486162262991848984e+05 -8.079122136333982944e+08 2.659846172953677090e-01 3.216747325042200600e+01 3.152393319482485367e+03 3.216747325042201311e+01 3.890248788964971482e+03 3.812420763666017447e+05 3.152393319482485822e+03 3.812420763666016865e+05 3.736149760000002384e+07
9.649902259166887736e-03 1.167033552343494041e+00 1.143685966684150372e+02 1.167033552343497149e+00 -1.260178578878485041e+03 3.486162262991844909e+05 1.143685966684151936e+02 3.486162262991848984e+05 -8.079122136333982944e+08 2.659846172953677090e-01 3.216747325042200600e+01 3.152393319482485367e+03 3.216747325042201311e+01 3.890248788964971482e+03 3.812420763666017447e+05 3.152393319482485822e+03 3.812420763666016865e+05 3.736149760000002384e+07
9.649902259166887736e-03 1.167033552343494041e+00 1.143685966684150372e+02 1.167033552343497149e+00 -1.260178578878485041e+03 3.486162262991844909e+05 1.143685966684151936e+02 3.486162262991848984e+05 -8.079122136333982944e+08 2.659846172953677090e-01 3.216747325042200600e+01 3.152393319482485367e+03 3.216747325042201311e+01 3.890248788964971482e+03 3.812420763666017447e+05 3.152393319482485822e+03 3.812420763666016865e+05 3.736149760000002384e+07
9.649902259166887736e-03 1.167033552343494041e+00 1.143685966684150372e+02 1.167033552343497149e+00 -1.260178578878485041e+03 3.486162262991844909e+05 1.143685966684151936e+02 3.486162262991848984e+05 -8.079122136333982944e+08 2.659846172953677090e-01 3.216747325042200600e+01 3.152393319482485367e+03 3.216747325042201311e+01 3.890248788964971482e+03 3.812420763666017447e+05 3.152393319482485822e+03 3.812420763666016865e+05 3.736149760000002384e+07
9.649902259166887736e-03 1.167033552343494041e+00 1.143685966684150372e+02 1.167033552343497149e+00 -1.260178578878485041e+03 3.486162262991844909e+05 1.143685966684151936e+02 3.486162262991848984e+05 -8.079122136333982944e+08 2.659846172953677090e-01 3.216747325042200600e+01 3.152393319482485367e+03 3.216747325042201311e+01 3.890248788964971482e+03 3.812420763666017447e+05 3.152393319482485822e+03 3.812420763666016865e+05 3.736149760000002384e+07
9.649902259166887736e-03 1.167033552343494041e+00 1.143685966684150372e+02 1.167033552343497149e+00 -1.260178578878485041e+03 3.486162262991844909e+05 1.143685966684151936e+02 3.486162262991848984e+05 -8.079122136333982944e+08 2.659846172953677090e-01 3.216747325042200600e+01 3.152393319482485367e+03 3.216747325042201311e+01 3.890248788964971482e+03 3.812420763666017447e+05 3.152393319482485822e+03 3.812420763666016865e+05 3.736149760000002384e+07
9.649902259166887736e-03 1.167033552343494041e+00 1.143685966684150372e+02 1.167033552343497149e+00 -1.260178578878485041e+03 3.486162262991844909e+05 1.143685966684151936e+02 3.486162262991848984e+05 -8.079122136333982944e+08 2.659846172953677090e-01 3.216747325042200600e+01 3.152393319482485367e+03 3.216747325042201311e+01 3.890248788964971482e+03 3.812420763666017447e+05 3.152393319482485822e+03 3.812420763666016865e+05 3.736149760000002384e+07
9.649902259166887736e-03 1.167033552343494041e+00 1.143685966684150372e+02 1.167033552343497149e+00 -1.260178578878485041e+03 3.486162262991844909e+05 1.143685966684151936e+02 3.486162262991848984e+05 -8.079122136333982944e+08 2.659846172953677090e-01 3.216747325042200600e+01 3.152393319482485367e+03 3.216747325042201311e+01 3.890248788964971482e+03 3.812420763666017447e+05 3.152393319482485822e+03 3.812420763666016865e+05 3.736149760000002384e+07
9.649902259166887736e-03 1.167033552343494041e+00 1.143685966684150372e+02 1.167033552343497149e+00 -1.260178578878485041e+03 3.486162262991844909e+05 1.143685966684151936e+02 3.486162262991848984e+05 -8.079122136333982944e+08 2.659846172953677090e-01 3.216747325042200600e+01 3.152393319482485367e+03 3.216747325042201311e+01 3.890248788964971482e+03 3.812420763666017447e+05 3.152393319482485822e+03 3.812420763666016865e+05 3.736149760000002384e+07
9.649902259166887736e-03 1.167033552343494041e+00 1.143685966684150372e+02 1.167033552343497149e+00 -1.260178578878485041e+03 3.486162262991844909e+05 1.143685966684151936e+02 3.486162262991848984e+05 -8.079122136333982944e+08 2.659846172953677090e-01 3.216747325042200600e+01 3.152393319482485367e+03 3.216747325042201311e+01 3.890248788964971482e+03 3.812420763666017447e+05 3.152393319482485822e+03 3.812420763666016865e+05 3.736149760000002384e+07
9.649902259166887736e-03 1.167033552343494041e+00 1.143685966684150372e+02 1.167033552343497149e+00 -1.260178578878485041e+03 3.486162262991844909e+05 1.143685966684151936e+02 3.486162262991848984e+05 -8.079122136333982944e+08 2.659846172953677090e-01 3.216747325042200600e+01 3.152393319482485367e+03 3.216747325042201311e+01 3.890248788964971482e+03 3.812420763666017447e+05 3.152393319482485822e+03 3.812420763666016865e+05 3.736149760000002384e+07
9.649902259166887736e-03 1.167033552343494041e+00 1.143685966684150372e+02 1.167033552343497149e+00 -1.260178578878485041e+03 3.486162262991844909e+05 1.143685966684151936e+02 3.486162262991848984e+05 -8.079122136333982944e+08 2.659846172953677090e-01 3.216747325042200600e+01 3.152393319482485367e+03 3.216747325042201311e+01 3.890248788964971482e+03 3.812420763666017447e+05 3.152393319482485822e+03 3.812420763666016865e+05 3.736149760000002384e+07
9.649902259166887736e-03 1.167033552343494041e+00 1.143685966684150372e+02 1.167033552343497149e+00 -1.260178578878485041e+03 3.486162262991844909e+05 1.143685966684151936e+02 3.486162262991848984e+05 -8.079122136333982944e+08 2.659846172953677090e-01 3.216747325042200600e+01 3.152393319482485367e+03 3.216747325042201311e+01 3.890248788964971482e+03 3.812420763666017447e+05 3.152393319482485822e+03 3.812420763666016865e+05 3.736149760000002384e+07
9.649902259166887736e-03 1.167033552343494041e+00 1.143685966684150372e+02 1.167033552343497149e+00 -1.260178578878485041e+03 3.486162262991844909e+05 1.143685966684151936e+02 3.486162262991848984e+05 -8.079122136333982944e+08 2.659846172953677090e-01 3.216747325042200600e+01 3.152393319482485367e+03 3.216747325042201311e+01 3.890248788964971482e+03 3.812420763666017447e+05 3.152393319482485822e+03 3.812420763666016865e+05 3.736149760000002384e+07
9.649902259166887736e-03 1.167033552343494041e+00 1.143685966684150372e+02 1.167033552343497149e+00 -1.260178578878485041e+03 3.486162262991844909e+05 1.143685966684151936e+02 3.486162262991848984e+05 -8.079122136333982944e+08 2.659846172953677090e-01 3.216747325042200600e+01 3.152393319482485367e+03 3.216747325042201311e+01 3.890248788964971482e+03 3.812420763666017447e+05 3.152393319482485822e+03 3.812420763666016865e+05 3.736149760000002384e+07
9.649902259166887736e-03 1.167033552343494041e+00 1.143685966684150372e+02 1.167033552343497149e+00 -1.260178578878485041e+03 3.486162262991844909e+05 1.143685966684151936e+02 3.486162262991848984e+05 -8.079122136333982944e+08 2.659846172953677090e-01 3.216747325042200600e+01 3.152393319482485367e+03 3.216747325042201311e+01 3.890248788964971482e+03 3.812420763666017447e+05 3.152393319482485822e+03 3.812420763666016865e+05 3.736149760000002384e+07
9.649902259166887736e-03 1.167033552343494041e+00 1.143685966684150372e+02 1.167033552343497149e+00 -1.260178578878485041e+03 3.486162262991844909e+05 1.143685966684151936e+02 3.486162262991848984e+05 -8.079122136333982944e+08 2.659846172953677090e-01 3.216747325042200600e+01 3.152393319482485367e+03 3.216747325042201311e+01 3.890248788964971482e+03 3.812420763666017447e+05 3.152393319482485822e+03 3.812420763666016865e+05 3.736149760000002384e+07
9.649902259166887736e-03 1.167033552343494041e+00 1.143685966684150372e+02 1.167033552343497149e+00 -1.260178578878485041e+03 3.486162262991844909e+05 1.143685966684151936e+02 3.486162262991848984e+05 -8.079122136333982944e+08 2.659846172953677090e-01 3.216747325042200600e+01 3.152393319482485367e+03 3.216747325042201311e+01 3.890248788964971482e+03 3.812420763666017447e+05 3.152393319482485822e+03 3.812420763666016865e+05 3.736149760000002384e+07
9.649902259166887736e-03 1.167033552343494041e+00 1.143685966684150372e+02 1.167033552343497149e+00 -1.260178578878485041e+03 3.486162262991844909e+05 1.143685966684151936e+02 3.486162262991848984e+05 -8.079122136333982944e+08 2.659846172953677090e-01 3.216747325042200600e+01 3.152393319482485367e+03 3.216747325042201311e+01 3.890248788964971482e+03 3.812420763666017447e+05 3.152393319482485822e+03 3.812420763666016865e+05 3.736149760000002384e+07
9.649902259166887736e-03 1.167033552343494041e+00 1.143685966684150372e+02 1.167033552343497149e+00 -1.260178578878485041e+03 3.486162262991844909e+05 1.143685966684151936e+02 3.486162262991848984e+05 -8.079122136333982944e+08 2.659846172953677090e-01 3.216747325042200600e+01 3.152393319482485367e+03 3.216747325042201311e+01 3.890248788964971482e+03 3.812420763666017447e+05 3.152393319482485822e+03 3.812420763666016865e+05 3.736149760000002384e+07
9.649902259166887736e-03 1.167033552343494041e+00 1.143685966684150372e+02 1.167033552343497149e+00 -1.260178578878485041e+03 3.486162262991844909e+05 1.143685966684151936e+02 3.486162262991848984e+05 -8.079122136333982944e+08 2.659846172953677090e-01 3.216747325042200600e+01 3.152393319482485367e+03 3.216747325042201311e+01 3.890248788964971482e+03 3.812420763666017447e+05 3.152393319482485822e+03 3.812420763666016865e+05 3.736149760000002384e+07
9.649902259166887736e-03 1.167033552343494041e+00 1.143685966684150372e+02 1.167033552343497149e+00 -1.260178578878485041e+03 3.486162262991844909e+05 1.143685966684151936e+02 3.486162262991848984e+05 -8.079122136333982944e+08 2.659846172953677090e-01 3.216747325042200600e+01 3.152393319482485367e+03 3.216747325042201311e+01 3.890248788964971482e+03 3.812420763666017447e+05 3.152393319482485822e+03 3.812420763666016865e+05 3.736149760000002384e+07
9.649902259166887736e-03 1.167033552343494041e+00 1.143685966684150372e+02 1.167033552343497149e+00 -1.260178578878485041e+03 3.486162262991844909e+05 1.143685966684151936e+02 3.486162262991848984e+05 -8.079122136333982944e+08 2.659846172953677090e-01 3.216747325042200600e+01 3.152393319482485367e+03 3.216747325042201311e+01 3.890248788964971482e+03 3.812420763666017447e+05 3.152393319482485822e+03 3.812420763666016865e+05 3.736149760000002384e+07
9.649902259166887736e-03 1.167033552343494041e+00 1.143685966684150372e+02 1.167033552343497149e+00 -1.260178578878485041e+03 3.486162262991844909e+05 1.143685966684151936e+02 3.486162262991848984e+05 -8.079122136333982944e+08 2.659846172953677090e-01 3.216747325042200600e+01 3.152393319482485367e+03 3.216747325042201311e+01 3.890248788964971482e+03 3.812420763666017447e+05 3.152393319482485822e+03 3.812420763666016865e+05 3.736149760000002384e+07
9.649902259166887736e-03 1.167033552343494041e+00 1.143685966684150372e+02 1.167033552343497149e+00 -1.260178578878485041e+03 3.486162262991844909e+05 1.143685966684151936e+02 3.486162262991848984e+05 -8.079122136333982944e+08 2.659846172953677090e-01 3.216747325042200600e+01 3.152393319482485367e+03 3.216747325042201311e+01 3.890248788964971482e+03 3.812420763666017447e+05 3.152393319482485822e+03 3.812420763666016865e+05 3.736149760000002384e+07
9.649902259166887736e-03 1.167033552343494041e+00 1.143685966684150372e+02 1.167033552343497149e+00 -1.260178578878485041e+03 3.486162262991844909e+05 1.143685966684151936e+02 3.486162262991848984e+05 -8.079122136333982944e+08 2.659846172953677090e-01 3.216747325042200600e+01 3.152393319482485367e+03 3.216747325042201311e+01 3.890248788964971482e+03 3.812420763666017447e+05 3.152393319482485822e+03 3.812420763666016865e+05 3.736149760000002384e+07
9.649902259166887736e-03 1.167033552343494041e+00 1.143685966684150372e+02 1.167033552343497149e+00 -1.260178578878485041e+03 3.486162262991844909e+05 1.143685966684151936e+02 3.486162262991848984e+05 -8.079122136333982944e+08 2.659846172953677090e-01 3.216747325042200600e+01 3.152393319482485367e+03 3.216747325042201311e+01 3.890248788964971482e+03 3.812420763666017447e+05 3.152393319482485822e+03 3.812420763666016865e+05 3.736149760000002384e+07
9.649902259166887736e-03 1.167033552343494041e+00 1.143685966684150372e+02 1.167033552343497149e+00 -1.260178578878485041e+03 3.486162262991844909e+05 1.143685966684151936e+02 3.486162262991848984e+05 -8.079122136333982944e+08 2.659846172953677090e-01 3.216747325042200600e+01 3.152393319482485367e+03 3.216747325042201311e+01 3.890248788964971482e+03 3.812420763666017447e+05 3.152393319482485822e+03 3.812420763666016865e+05 3.736149760000002384e+07
9.649902259166887736e-03 1.167033552343494041e+00 1.143685966684150372e+02 1.167033552343497149e+00 -1.260178578878485041e+03 3.486162262991844909e+05 1.143685966684151936e+02 3.486162262991848984e+05 -8.079122136333982944e+08 2.659846172953677090e-01 3.216747325042200600e+01 3.152393319482485367e+03 3.216747325042201311e+01 3.890248788964971482e+03 3.812420763666017447e+05 3.152393319482485822e+03 3.812420763666016865e+05 3.736149760000002384e+07
9.649902259166887736e-03 1.167033552343494041e+00 1.143685966684150372e+02 1.167033552343497149e+00 -1.260178578878485041e+03 3.486162262991844909e+05 1.143685966684151936e+02 3.486162262991848984e+05 -8.079122136333982944e+08 2.659846172953677090e-01 3.216747325042200600e+01 3.152393319482485367e+03 3.216747325042201311e+01 3.890248788964971482e+03 3.812420763666017447e+05 3.152393319482485822e+03 3.812420763666016865e+05 3.736149760000002384e+07
9.649902259166887736e-03 1.167033552343494041e+00 1.143685966684150372e+02 1.167033552343497149e+00 -1.260178578878485041e+03 3.486162262991844909e+05 1.143685966684151936e+02 3.486162262991848984e+05 -8.079122136333982944e+08 2.659846172953677090e-01 3.216747325042200600e+01 3.152393319482485367e+03 3.216747325042201311e+01 3.890248788964971482e+03 3.812420763666017447e+05 3.152393319482485822e+03 3.812420763666016865e+05 3.736149760000002384e+07
9.649902259166887736e-03 1.167033552343494041e+00 1.143685966684150372e+02 1.167033552343497149e+00 -1.260178578878485041e+03 3.486162262991844909e+05 1.143685966684151936e+02 3.486162262991848984e+05 -8.079122136333982944e+08 2.659846172953677090e-01 3.216747325042200600e+01 3.152393319482485367e+03 3.216747325042201311e+01 3.890248788964971482e+03 3.812420763666017447e+05 3.152393319482485822e+03 3.812420763666016865e+05 3.736149760000002384e+07
9.649902259166887736e-03 1.167033552343494041e+00 1.143685966684150372e+02 1.167033552343497149e+00 -1.260178578878485041e+03 3.486162262991844909e+05 1.143685966684151936e+02 3.486162262991848984e+05 -8.079122136333982944e+08 2.659846172953677090e-01 3.216747325042200600e+01 3.152393319482485367e+03 3.216747325042201311e+01 3.890248788964971482e+03 3.812420763666017447e+05 3.152393319482485822e+03 3.812420763666016865e+05 3.736149760000002384e+07
9.649902259166887736e-03 1.167033552343494041e+00 1.143685966684150372e+02 1.167033552343497149e+00 -1.260178578878485041e+03 3.486162262991844909e+05 1.143685966684151936e+02 3.486162262991848984e+05 -8.079122136333982944e+08 2.659846172953677090e-01 3.216747325042200600e+01 3.152393319482485367e+03 3.216747325042201311e+01 3.890248788964971482e+03 3.812420763666017447e+05 3.152393319482485822e+03 3.812420763666016865e+05 3.736149760000002384e+07
9.649902259166887736e-03 1.167033552343494041e+00 1.143685966684150372e+02 1.167033552343497149e+00 -1.260178578878485041e+03 3.486162262991844909e+05 1.143685966684151936e+02 3.486162262991848984e+05 -8.079122136333982944e+08 2.659846172953677090e-01 3.216747325042200600e+01 3.152393319482485367e+03 3.216747325042201311e+01 3.890248788964971482e+03 3.812420763666017447e+05 3.152393319482485822e+03 3.812420763666016865e+05 3.736149760000002384e+07
9.649902259166887736e-03 1.167033552343494041e+00 1.143685966684150372e+02 1.167033552343497149e+00 -1.260178578878485041e+03 3.486162262991844909e+05 1.143685966684151936e+02 3.486162262991848984e+05 -8.079122136333982944e+08 2.659846172953677090e-01 3.216747325042200600e+01 3.152393319482485367e+03 3.216747325042201311e+01 3.890248788964971482e+03 3.812420763666017447e+05 3.152393319482485822e+03 3.812420763666016865e+05 3.736149760000002384e+07
9.649902259166887736e-03 1.167033552343494041e+00 1.143685966684150372e+02 1.167033552343497149e+00 -1.260178578878485041e+03 3.486162262991844909e+05 1.143685966684151936e+02 3.486162262991848984e+05 -8.079122136333982944e+08 2.659846172953677090e-01 3.216747325042200600e+01 3.152393319482485367e+03 3.216747325042201311e+01 3.890248788964971482e+03 3.812420763666017447e+05 3.152393319482485822e+03 3.812420763666016865e+05 3.736149760000002384e+07
9.649902259166887736e-03 1.167033552343494041e+00 1.143685966684150372e+02 1.167033552343497149e+00 -1.260178578878485041e+03 3.486162262991844909e+05 1.143685966684151936e+02 3.486162262991848984e+05 -8.079122136333982944e+08 2.659846172953677090e-01 3.216747325042200600e+01 3.152393319482485367e+03 3.216747325042201311e+01 3.890248788964971482e+03 3.812420763666017447e+05 3.152393319482485822e+03 3.812420763666016865e+05 3.736149760000002384e+07
9.649902259166887736e-03 1.167033552343494041e+00 1.143685966684150372e+02 1.167033552343497149e+00 -1.260178578878485041e+03 3.486162262991844909e+05 1.143685966684151936e+02 3.486162262991848984e+05 -8.079122136333982944e+08 2.659846172953677090e-01 3.216747325042200600e+01 3.152393319482485367e+03 3.216747325042201311e+01 3.890248788964971482e+03 3.812420763666017447e+05 3.152393319482485822e+03 3.812420763666016865e+05 3.736149760000002384e+07
9.649902259166887736e-03 1.167033552343494041e+00 1.143685966684150372e+02 1.167033552343497149e+00 -1.260178578878485041e+03 3.486162262991844909e+05 1.143685966684151936e+02 3.486162262991848984e+05 -8.079122136333982944e+08 2.659846172953677090e-01 3.216747325042200600e+01 3.152393319482485367e+03 3.216747325042201311e+01 3.890248788964971482e+03 3.812420763666017447e+05 3.152393319482485822e+03 3.812420763666016865e+05 3.736149760000002384e+07
9.649902259166887736e-03 1.167033552343494041e+00 1.143685966684150372e+02 1.167033552343497149e+00 -1.260178578878485041e+03 3.486162262991844909e+05 1.143685966684151936e+02 3.486162262991848984e+05 -8.079122136333982944e+08 2.659846172953677090e-01 3.216747325042200600e+01 3.152393319482485367e+03 3.216747325042201311e+01 3.890248788964971482e+03 3.812420763666017447e+05 3.152393319482485822e+03 3.812420763666016865e+05 3.736149760000002384e+07
9.649902259166887736e-03 1.167033552343494041e+00 1.143685966684150372e+02 1.167033552343497149e+00 -1.260178578878485041e+03 3.486162262991844909e+05 1.143685966684151936e+02 3.486162262991848984e+05 -8.079122136333982944e+08 2.659846172953677090e-01 3.216747325042200600e+01 3.152393319482485367e+03 3.216747325042201311e+01 3.890248788964971482e+03 3.812420763666017447e+05 3.152393319482485822e+03 3.812420763666016865e+05 3.736149760000002384e+07
9.649902259166887736e-03 1.167033552343494041e+00 1.143685966684150372e+02 1.167033552343497149e+00 -1.260178578878485041e+03 3.486162262991844909e+05 1.143685966684151936e+02 3.486162262991848984e+05 -8.079122136333982944e+08 2.659846172953677090e-01 3.216747325042200600e+01 3.152393319482485367e+03 3.216747325042201311e+01 3.890248788964971482e+03 3.812420763666017447e+05 3.152393319482485822e+03 3.812420763666016865e+05 3.736149760000002384e+07
9.649902259166887736e-03 1.167033552343494041e+00 1.143685966684150372e+02 1.167033552343497149e+00 -1.260178578878485041e+03 3.486162262991844909e+05 1.143685966684151936e+02 3.486162262991848984e+05 -8.079122136333982944e+08 2.659846172953677090e-01 3.216747325042200600e+01 3.152393319482485367e+03 3.216747325042201311e+01 3.890248788964971482e+03 3.812420763666017447e+05 3.152393319482485822e+03 3.812420763666016865e+05 3.736149760000002384e+07
9.649902259166887736e-03 1.167033552343494041e+00 1.143685966684150372e+02 1.167033552343497149e+00 -1.260178578878485041e+03 3.486162262991844909e+05 1.143685966684151936e+02 3.486162262991848984e+05 -8.079122136333982944e+08 2.659846172953677090e-01 3.216747325042200600e+01 3.152393319482485367e+03 3.216747325042201311e+01 3.890248788964971482e+03 3.812420763666017447e+05 3.152393319482485822e+03 3.812420763666016865e+05 3.736149760000002384e+07
9.649902259166887736e-03 1.167033552343494041e+00 1.143685966684150372e+02 1.167033552343497149e+00 -1.260178578878485041e+03 3.486162262991844909e+05 1.143685966684151936e+02 3.486162262991848984e+05 -8.079122136333982944e+08 2.659846172953677090e-01 3.216747325042200600e+01 3.152393319482485367e+03 3.216747325042201311e+01 3.890248788964971482e+03 3.812420763666017447e+05 3.152393319482485822e+03 3.812420763666016865e+05 3.736149760000002384e+07
9.649902259166887736e-03 1.167033552343494041e+00 1.143685966684150372e+02 1.167033552343497149e+00 -1.260178578878485041e+03 3.486162262991844909e+05 1.143685966684151936e+02 3.486162262991848984e+05 -8.079122136333982944e+08 2.659846172953677090e-01 3.216747325042200600e+01 3.152393319482485367e+03 3.216747325042201311e+01 3.890248788964971482e+03 3.812420763666017447e+05 3.152393319482485822e+03 3.812420763666016865e+05 3.736149760000002384e+07
9.649902259166887736e-03 1.167033552343494041e+00 1.143685966684150372e+02 1.167033552343497149e+00 -1.260178578878485041e+03 3.486162262991844909e+05 1.143685966684151936e+02 3.486162262991848984e+05 -8.079122136333982944e+08 2.659846172953677090e-01 3.216747325042200600e+01 3.152393319482485367e+03 3.216747325042201311e+01 3.890248788964971482e+03 3.812420763666017447e+05 3.152393319482485822e+03 3.812420763666016865e+05 3.736149760000002384e+07
9.649902259166887736e-03 1.167033552343494041e+00 1.143685966684150372e+02 1.167033552343497149e+00 -1.260178578878485041e+03 3.486162262991844909e+05 1.143685966684151936e+02 3.486162262991848984e+05 -8.079122136333982944e+08 2.659846172953677090e-01 3.216747325042200600e+01 3.152393319482485367e+03 3.216747325042201311e+01 3.890248788964971482e+03 3.812420763666017447e+05 3.152393319482485822e+03 3.812420763666016865e+05 3.736149760000002384e+07
9.649902259166887736e-03 1.167033552343494041e+00 1.143685966684150372e+02 1.167033552343497149e+00 -1.260178578878485041e+03 3.486162262991844909e+05 1.143685966684151936e+02 3.486162262991848984e+05 -8.079122136333982944e+08 2.659846172953677090e-01 3.216747325042200600e+01 3.152393319482485367e+03 3.216747325042201311e+01 3.890248788964971482e+03 3.812420763666017447e+05 3.152393319482485822e+03 3.812420763666016865e+05 3.736149760000002384e+07
9.649902259166887736e-03 1.167033552343494041e+00 1.143685966684150372e+02 1.167033552343497149e+00 -1.260178578878485041e+03 3.486162262991844909e+05 1.143685966684151936e+02 3.486162262991848984e+05 -8.079122136333982944e+08 2.659846172953677090e-01 3.216747325042200600e+01 3.152393319482485367e+03 3.216747325042201311e+01 3.890248788964971482e+03 3.812420763666017447e+05 3.152393319482485822e+03 3.812420763666016865e+05 3.736149760000002384e+07
9.649902259166887736e-03 1.167033552343494041e+00 1.143685966684150372e+02 1.167033552343497149e+00 -1.260178578878485041e+03 3.486162262991844909e+05 1.143685966684151936e+02 3.486162262991848984e+05 -8.079122136333982944e+08 2.659846172953677090e-01 3.216747325042200600e+01 3.152393319482485367e+03 3.216747325042201311e+01 3.890248788964971482e+03 3.812420763666017447e+05 3.152393319482485822e+03 3.812420763666016865e+05 3.736149760000002384e+07
9.649902259166887736e-03 1.167033552343494041e+00 1.143685966684150372e+02 1.167033552343497149e+00 -1.260178578878485041e+03 3.486162262991844909e+05 1.143685966684151936e+02 3.486162262991848984e+05 -8.079122136333982944e+08 2.659846172953677090e-01 3.216747325042200600e+01 3.152393319482485367e+03 3.216747325042201311e+01 3.890248788964971482e+03 3.812420763666017447e+05 3.152393319482485822e+03 3.812420763666016865e+05 3.736149760000002384e+07
9.649902259166887736e-03 1.167033552343494041e+00 1.143685966684150372e+02 1.167033552343497149e+00 -1.260178578878485041e+03 3.486162262991844909e+05 1.143685966684151936e+02 3.486162262991848984e+05 -8.079122136333982944e+08 2.659846172953677090e-01 3.216747325042200600e+01 3.152393319482485367e+03 3.216747325042201311e+01 3.890248788964971482e+03 3.812420763666017447e+05 3.152393319482485822e+03 3.812420763666016865e+05 3.736149760000002384e+07
9.649902259166887736e-03 1.167033552343494041e+00 1.143685966684150372e+02 1.167033552343497149e+00 -1.260178578878485041e+03 3.486162262991844909e+05 1.143685966684151936e+02 3.486162262991848984e+05 -8.079122136333982944e+08 2.659846172953677090e-01 3.216747325042200600e+01 3.152393319482485367e+03 3.216747325042201311e+01 3.890248788964971482e+03 3.812420763666017447e+05 3.152393319482485822e+03 3.812420763666016865e+05 3.736149760000002384e+07
9.649902259166887736e-03 1.167033552343494041e+00 1.143685966684150372e+02 1.167033552343497149e+00 -1.260178578878485041e+03 3.486162262991844909e+05 1.143685966684151936e+02 3.486162262991848984e+05 -8.079122136333982944e+08 2.659846172953677090e-01 3.216747325042200600e+01 3.152393319482485367e+03 3.216747325042201311e+01 3.890248788964971482e+03 3.812420763666017447e+05 3.152393319482485822e+03 3.812420763666016865e+05 3.736149760000002384e+07
9.649902259166887736e-03 1.167033552343494041e+00 1.143685966684150372e+02 1.167033552343497149e+00 -1.260178578878485041e+03 3.486162262991844909e+05 1.143685966684151936e+02 3.486162262991848984e+05 -8.079122136333982944e+08 2.659846172953677090e-01 3.216747325042200600e+01 3.152393319482485367e+03 3.216747325042201311e+01 3.890248788964971482e+03 3.812420763666017447e+05 3.152393319482485822e+03 3.812420763666016865e+05 3.736149760000002384e+07
9.649902259166887736e-03 1.167033552343494041e+00 1.143685966684150372e+02 1.167033552343497149e+00 -1.260178578878485041e+03 3.486162262991844909e+05 1.143685966684151936e+02 3.486162262991848984e+05 -8.079122136333982944e+08 2.659846172953677090e-01 3.216747325042200600e+01 3.152393319482485367e+03 3.216747325042201311e+01 3.890248788964971482e+03 3.812420763666017447e+05 3.152393319482485822e+03 3.812420763666016865e+05 3.736149760000002384e+07
9.649902259166887736e-03 1.167033552343494041e+00 1.143685966684150372e+02 1.167033552343497149e+00 -1.260178578878485041e+03 3.486162262991844909e+05 1.143685966684151936e+02 3.486162262991848984e+05 -8.079122136333982944e+08 2.659846172953677090e-01 3.216747325042200600e+01 3.152393319482485367e+03 3.216747325042201311e+01 3.890248788964971482e+03 3.812420763666017447e+05 3.152393319482485822e+03 3.812420763666016865e+05 3.736149760000002384e+07
9.649902259166887736e-03 1.167033552343494041e+00 1.143685966684150372e+02 1.167033552343497149e+00 -1.260178578878485041e+03 3.486162262991844909e+05 1.143685966684151936e+02 3.486162262991848984e+05 -8.079122136333982944e+08 2.659846172953677090e-01 3.216747325042200600e+01 3.152393319482485367e+03 3.216747325042201311e+01 3.890248788964971482e+03 3.812420763666017447e+05 3.152393319482485822e+03 3.812420763666016865e+05 3.736149760000002384e+07
9.649902259166887736e-03 1.167033552343494041e+00 1.143685966684150372e+02 1.167033552343497149e+00 -1.260178578878485041e+03 3.486162262991844909e+05 1.143685966684151936e+02 3.486162262991848984e+05 -8.079122136333982944e+08 2.659846172953677090e-01 3.216747325042200600e+01 3.152393319482485367e+03 3.216747325042201311e+01 3.890248788964971482e+03 3.812420763666017447e+05 3.152393319482485822e+03 3.812420763666016865e+05 3.736149760000002384e+07
9.649902259166887736e-03 1.167033552343494041e+00 1.143685966684150372e+02 1.167033552343497149e+00 -1.260178578878485041e+03 3.486162262991844909e+05 1.143685966684151936e+02 3.486162262991848984e+05 -8.079122136333982944e+08 2.659846172953677090e-01 3.216747325042200600e+01 3.152393319482485367e+03 3.216747325042201311e+01 3.890248788964971482e+03 3.812420763666017447e+05 3.152393319482485822e+03 3.812420763666016865e+05 3.736149760000002384e+07
9.649902259166887736e-03 1.167033552343494041e+00 1.143685966684150372e+02 1.167033552343497149e+00 -1.260178578878485041e+03 3.486162262991844909e+05 1.143685966684151936e+02 3.486162262991848984e+05 -8.079122136333982944e+08 2.659846172953677090e-01 3.216747325042200600e+01 3.152393319482485367e+03 3.216747325042201311e+01 3.890248788964971482e+03 3.812420763666017447e+05 3.152393319482485822e+03 3.812420763666016865e+05 3.736149760000002384e+07
9.649902259166887736e-03 1.167033552343494041e+00 1.143685966684150372e+02 1.167033552343497149e+00 -1.260178578878485041e+03 3.486162262991844909e+05 1.143685966684151936e+02 3.486162262991848984e+05 -8.079122136333982944e+08 2.659846172953677090e-01 3.216747325042200600e+01 3.152393319482485367e+03 3.216747325042201311e+01 3.890248788964971482e+03 3.812420763666017447e+05 3.152393319482485822e+03 3.812420763666016865e+05 3.736149760000002384e+07
9.649902259166887736e-03 1.167033552343494041e+00 1.143685966684150372e+02 1.167033552343497149e+00 -1.260178578878485041e+03 3.486162262991844909e+05 1.143685966684151936e+02 3.486162262991848984e+05 -8.079122136333982944e+08 2.659846172953677090e-01 3.216747325042200600e+01 3.152393319482485367e+03 3.216747325042201311e+01 3.890248788964971482e+03 3.812420763666017447e+05 3.152393319482485822e+03 3.812420763666016865e+05 3.736149760000002384e+07
9.649902259166887736e-03 1.167033552343494041e+00 1.143685966684150372e+02 1.167033552343497149e+00 -1.260178578878485041e+03 3.486162262991844909e+05 1.143685966684151936e+02 3.486162262991848984e+05 -8.079122136333982944e+08 2.659846172953677090e-01 3.216747325042200600e+01 3.152393319482485367e+03 3.216747325042201311e+01 3.890248788964971482e+03 3.812420763666017447e+05 3.152393319482485822e+03 3.812420763666016865e+05 3.736149760000002384e+07
9.649902259166887736e-03 1.167033552343494041e+00 1.143685966684150372e+02 1.167033552343497149e+00 -1.260178578878485041e+03 3.486162262991844909e+05 1.143685966684151936e+02 3.486162262991848984e+05 -8.079122136333982944e+08 2.659846172953677090e-01 3.216747325042200600e+01 3.152393319482485367e+03 3.216747325042201311e+01 3.890248788964971482e+03 3.812420763666017447e+05 3.152393319482485822e+03 3.812420763666016865e+05 3.736149760000002384e+07
9.649902259166887736e-03 1.167033552343494041e+00 1.143685966684150372e+02 1.167033552343497149e+00 -1.260178578878485041e+03 3.486162262991844909e+05 1.143685966684151936e+02 3.486162262991848984e+05 -8.079122136333982944e+08 2.659846172953677090e-01 3.216747325042200600e+01 3.152393319482485367e+03 3.216747325042201311e+01 3.890248788964971482e+03 3.812420763666017447e+05 3.152393319482485822e+03 3.812420763666016865e+05 3.736149760000002384e+07
9.649902259166887736e-03 1.167033552343494041e+00 1.143685966684150372e+02 1.167033552343497149e+00 -1.260178578878485041e+03 3.486162262991844909e+05 1.143685966684151936e+02 3.486162262991848984e+05 -8.079122136333982944e+08 2.659846172953677090e-01 3.216747325042200600e+01 3.152393319482485367e+03 3.216747325042201311e+01 3.890248788964971482e+03 3.812420763666017447e+05 3.152393319482485822e+03 3.812420763666016865e+05 3.736149760000002384e+07
9.649902259166887736e-03 1.167033552343494041e+00 1.143685966684150372e+02 1.167033552343497149e+00 -1.260178578878485041e+03 3.486162262991844909e+05 1.143685966684151936e+02 3.486162262991848984e+05 -8.079122136333982944e+08 2.659846172953677090e-01 3.216747325042200600e+01 3.152393319482485367e+03 3.216747325042201311e+01 3.890248788964971482e+03 3.812420763666017447e+05 3.152393319482485822e+03 3.812420763666016865e+05 3.736149760000002384e+07
9.649902259166887736e-03 1.167033552343494041e+00 1.143685966684150372e+02 1.167033552343497149e+00 -1.260178578878485041e+03 3.486162262991844909e+05 1.143685966684151936e+02 3.486162262991848984e+05 -8.079122136333982944e+08 2.659846172953677090e-01 3.216747325042200600e+01 3.152393319482485367e+03 3.216747325042201311e+01 3.890248788964971482e+03 3.812420763666017447e+05 3.152393319482485822e+03 3.812420763666016865e+05 3.736149760000002384e+07
9.649902259166887736e-03 1.167033552343494041e+00 1.143685966684150372e+02 1.167033552343497149e+00 -1.260178578878485041e+03 3.486162262991844909e+05 1.143685966684151936e+02 3.486162262991848984e+05 -8.079122136333982944e+08 2.659846172953677090e-01 3.216747325042200600e+01 3.152393319482485367e+03 3.216747325042201311e+01 3.890248788964971482e+03 3.812420763666017447e+05 3.152393319482485822e+03 3.812420763666016865e+05 3.736149760000002384e+07
9.649902259166887736e-03 1.167033552343494041e+00 1.143685966684150372e+02 1.167033552343497149e+00 -1.260178578878485041e+03 3.486162262991844909e+05 1.143685966684151936e+02 3.486162262991848984e+05 -8.079122136333982944e+08 2.659846172953677090e-01 3.216747325042200600e+01 3.152393319482485367e+03 3.216747325042201311e+01 3.890248788964971482e+03 3.812420763666017447e+05 3.152393319482485822e+03 3.812420763666016865e+05 3.736149760000002384e+07
9.649902259166887736e-03 1.167033552343494041e+00 1.143685966684150372e+02 1.167033552343497149e+00 -1.260178578878485041e+03 3.486162262991844909e+05 1.143685966684151936e+02 3.486162262991848984e+05 -8.079122136333982944e+08 2.659846172953677090e-01 3.216747325042200600e+01 3.152393319482485367e+03 3.216747325042201311e+01 3.890248788964971482e+03 3.812420763666017447e+05 3.152393319482485822e+03 3.812420763666016865e+05 3.736149760000002384e+07
9.649902259166887736e-03 1.167033552343494041e+00 1.143685966684150372e+02 1.167033552343497149e+00 -1.260178578878485041e+03 3.486162262991844909e+05 1.143685966684151936e+02 3.486162262991848984e+05 -8.079122136333982944e+08 2.659846172953677090e-01 3.216747325042200600e+01 3.152393319482485367e+03 3.216747325042201311e+01 3.890248788964971482e+03 3.812420763666017447e+05 3.152393319482485822e+03 3.812420763666016865e+05 3.736149760000002384e+07
9.649902259166887736e-03 1.167033552343494041e+00 1.143685966684150372e+02 1.167033552343497149e+00 -1.260178578878485041e+03 3.486162262991844909e+05 1.143685966684151936e+02 3.486162262991848984e+05 -8.079122136333982944e+08 2.659846172953677090e-01 3.216747325042200600e+01 3.152393319482485367e+03 3.216747325042201311e+01 3.890248788964971482e+03 3.812420763666017447e+05 3.152393319482485822e+03 3.812420763666016865e+05 3.736149760000002384e+07
9.649902259166887736e-03 1.167033552343494041e+00 1.143685966684150372e+02 1.167033552343497149e+00 -1.260178578878485041e+03 3.486162262991844909e+05 1.143685966684151936e+02 3.486162262991848984e+05 -8.079122136333982944e+08 2.659846172953677090e-01 3.216747325042200600e+01 3.152393319482485367e+03 3.216747325042201311e+01 3.890248788964971482e+03 3.812420763666017447e+05 3.152393319482485822e+03 3.812420763666016865e+05 3.736149760000002384e+07
9.649902259166887736e-03 1.167033552343494041e+00 1.143685966684150372e+02 1.167033552343497149e+00 -1.260178578878485041e+03 3.486162262991844909e+05 1.143685966684151936e+02 3.486162262991848984e+05 -8.079122136333982944e+08 2.659846172953677090e-01 3.216747325042200600e+01 3.152393319482485367e+03 3.216747325042201311e+01 3.890248788964971482e+03 3.812420763666017447e+05 3.152393319482485822e+03 3.812420763666016865e+05 3.736149760000002384e+07
9.649902259166887736e-03 1.167033552343494041e+00 1.143685966684150372e+02 1.167033552343497149e+00 -1.260178578878485041e+03 3.486162262991844909e+05 1.143685966684151936e+02 3.486162262991848984e+05 -8.079122136333982944e+08 2.659846172953677090e-01 3.216747325042200600e+01 3.152393319482485367e+03 3.216747325042201311e+01 3.890248788964971482e+03 3.812420763666017447e+05 3.152393319482485822e+03 3.812420763666016865e+05 3.736149760000002384e+07
9.649902259166887736e-03 1.167033552343494041e+00 1.143685966684150372e+02 1.167033552343497149e+00 -1.260178578878485041e+03 3.486162262991844909e+05 1.143685966684151936e+02 3.486162262991848984e+05 -8.079122136333982944e+08 2.659846172953677090e-01 3.216747325042200600e+01 3.152393319482485367e+03 3.216747325042201311e+01 3.890248788964971482e+03 3.812420763666017447e+05 3.152393319482485822e+03 3.812420763666016865e+05 3.736149760000002384e+07
9.649902259166887736e-03 1.167033552343494041e+00 1.143685966684150372e+02 1.167033552343497149e+00 -1.260178578878485041e+03 3.486162262991844909e+05 1.143685966684151936e+02 3.486162262991848984e+05 -8.079122136333982944e+08 2.659846172953677090e-01 3.216747325042200600e+01 3.152393319482485367e+03 3.216747325042201311e+01 3.890248788964971482e+03 3.812420763666017447e+05 3.152393319482485822e+03 3.812420763666016865e+05 3.736149760000002384e+07
9.649902259166887736e-03 1.167033552343494041e+00 1.143685966684150372e+02 1.167033552343497149e+00 -1.260178578878485041e+03 3.486162262991844909e+05 1.143685966684151936e+02 3.486162262991848984e+05 -8.079122136333982944e+08 2.659846172953677090e-01 3.216747325042200600e+01 3.152393319482485367e+03 3.216747325042201311e+01 3.890248788964971482e+03 3.812420763666017447e+05 3.152393319482485822e+03 3.812420763666016865e+05 3.736149760000002384e+07
9.649902259166887736e-03 1.167033552343494041e+00 1.143685966684150372e+02 1.167033552343497149e+00 -1.260178578878485041e+03 3.486162262991844909e+05 1.143685966684151936e+02 3.486162262991848984e+05 -8.079122136333982944e+08 2.659846172953677090e-01 3.216747325042200600e+01 3.152393319482485367e+03 3.216747325042201311e+01 3.890248788964971482e+03 3.812420763666017447e+05 3.152393319482485822e+03 3.812420763666016865e+05 3.736149760000002384e+07
9.649902259166887736e-03 1.167033552343494041e+00 1.143685966684150372e+02 1.167033552343497149e+00 -1.260178578878485041e+03 3.486162262991844909e+05 1.143685966684151936e+02 3.486162262991848984e+05 -8.079122136333982944e+08 2.659846172953677090e-01 3.216747325042200600e+01 3.152393319482485367e+03 3.216747325042201311e+01 3.890248788964971482e+03 3.812420763666017447e+05 3.152393319482485822e+03 3.812420763666016865e+05 3.736149760000002384e+07
9.649902259166887736e-03 1.167033552343494041e+00 1.143685966684150372e+02 1.167033552343497149e+00 -1.260178578878485041e+03 3.486162262991844909e+05 1.143685966684151936e+02 3.486162262991848984e+05 -8.079122136333982944e+08 2.659846172953677090e-01 3.216747325042200600e+01 3.152393319482485367e+03 3.216747325042201311e+01 3.890248788964971482e+03 3.812420763666017447e+05 3.152393319482485822e+03 3.812420763666016865e+05 3.736149760000002384e+07
9.649902259166887736e-03 1.167033552343494041e+00 1.143685966684150372e+02 1.167033552343497149e+00 -1.260178578878485041e+03 3.486162262991844909e+05 1.143685966684151936e+02 3.486162262991848984e+05 -8.079122136333982944e+08 2.659846172953677090e-01 3.216747325042200600e+01 3.152393319482485367e+03 3.216747325042201311e+01 3.890248788964971482e+03 3.812420763666017447e+05 3.152393319482485822e+03 3.812420763666016865e+05 3.736149760000002384e+07
9.649902259166887736e-03 1.167033552343494041e+00 1.143685966684150372e+02 1.167033552343497149e+00 -1.260178578878485041e+03 3.486162262991844909e+05 1.143685966684151936e+02 3.486162262991848984e+05 -8.079122136333982944e+08 2.659846172953677090e-01 3.216747325042200600e+01 3.152393319482485367e+03 3.216747325042201311e+01 3.890248788964971482e+03 3.812420763666017447e+05 3.152393319482485822e+03 3.812420763666016865e+05 3.736149760000002384e+07
9.649902259166887736e-03 1.167033552343494041e+00 1.143685966684150372e+02 1.167033552343497149e+00 -1.260178578878485041e+03 3.486162262991844909e+05 1.143685966684151936e+02 3.486162262991848984e+05 -8.079122136333982944e+08 2.659846172953677090e-01 3.216747325042200600e+01 3.152393319482485367e+03 3.216747325042201311e+01 3.890248788964971482e+03 3.812420763666017447e+05 3.152393319482485822e+03 3.812420763666016865e+05 3.736149760000002384e+07
9.649902259166887736e-03 1.167033552343494041e+00 1.143685966684150372e+02 1.167033552343497149e+00 -1.260178578878485041e+03 3.486162262991844909e+05 1.143685966684151936e+02 3.486162262991848984e+05 -8.079122136333982944e+08 2.659846172953677090e-01 3.216747325042200600e+01 3.152393319482485367e+03 3.216747325042201311e+01 3.890248788964971482e+03 3.812420763666017447e+05 3.152393319482485822e+03 3.812420763666016865e+05 3.736149760000002384e+07
9.649902259166887736e-03 1.167033552343494041e+00 1.143685966684150372e+02 1.167033552343497149e+00 -1.260178578878485041e+03 3.486162262991844909e+05 1.143685966684151936e+02 3.486162262991848984e+05 -8.079122136333982944e+08 2.659846172953677090e-01 3.216747325042200600e+01 3.152393319482485367e+03 3.216747325042201311e+01 3.890248788964971482e+03 3.812420763666017447e+05 3.152393319482485822e+03 3.812420763666016865e+05 3.736149760000002384e+07
9.649902259166887736e-03 1.167033552343494041e+00 1.143685966684150372e+02 1.167033552343497149e+00 -1.260178578878485041e+03 3.486162262991844909e+05 1.143685966684151936e+02 3.486162262991848984e+05 -8.079122136333982944e+08 2.659846172953677090e-01 3.216747325042200600e+01 3.152393319482485367e+03 3.216747325042201311e+01 3.890248788964971482e+03 3.812420763666017447e+05 3.152393319482485822e+03 3.812420763666016865e+05 3.736149760000002384e+07
9.649902259166887736e-03 1.167033552343494041e+00 1.143685966684150372e+02 1.167033552343497149e+00 -1.260178578878485041e+03 3.486162262991844909e+05 1.143685966684151936e+02 3.486162262991848984e+05 -8.079122136333982944e+08 2.659846172953677090e-01 3.216747325042200600e+01 3.152393319482485367e+03 3.216747325042201311e+01 3.890248788964971482e+03 3.812420763666017447e+05 3.152393319482485822e+03 3.812420763666016865e+05 3.736149760000002384e+07
9.649902259166887736e-03 1.167033552343494041e+00 1.143685966684150372e+02 1.167033552343497149e+00 -1.260178578878485041e+03 3.486162262991844909e+05 1.143685966684151936e+02 3.486162262991848984e+05 -8.079122136333982944e+08 2.659846172953677090e-01 3.216747325042200600e+01 3.152393319482485367e+03 3.216747325042201311e+01 3.890248788964971482e+03 3.812420763666017447e+05 3.152393319482485822e+03 3.812420763666016865e+05 3.736149760000002384e+07
9.649902259166887736e-03 1.167033552343494041e+00 1.143685966684150372e+02 1.167033552343497149e+00 -1.260178578878485041e+03 3.486162262991844909e+05 1.143685966684151936e+02 3.486162262991848984e+05 -8.079122136333982944e+08 2.659846172953677090e-01 3.216747325042200600e+01 3.152393319482485367e+03 3.216747325042201311e+01 3.890248788964971482e+03 3.812420763666017447e+05 3.152393319482485822e+03 3.812420763666016865e+05 3.736149760000002384e+07
9.649902259166887736e-03 1.167033552343494041e+00 1.143685966684150372e+02 1.167033552343497149e+00 -1.260178578878485041e+03 3.486162262991844909e+05 1.143685966684151936e+02 3.486162262991848984e+05 -8.079122136333982944e+08 2.659846172953677090e-01 3.216747325042200600e+01 3.152393319482485367e+03 3.216747325042201311e+01 3.890248788964971482e+03 3.812420763666017447e+05 3.152393319482485822e+03 3.812420763666016865e+05 3.736149760000002384e+07
9.649902259166887736e-03 1.167033552343494041e+00 1.143685966684150372e+02 1.167033552343497149e+00 -1.260178578878485041e+03 3.486162262991844909e+05 1.143685966684151936e+02 3.486162262991848984e+05 -8.079122136333982944e+08 2.659846172953677090e-01 3.216747325042200600e+01 3.152393319482485367e+03 3.216747325042201311e+01 3.890248788964971482e+03 3.812420763666017447e+05 3.152393319482485822e+03 3.812420763666016865e+05 3.736149760000002384e+07
9.649902259166887736e-03 1.167033552343494041e+00 1.143685966684150372e+02 1.167033552343497149e+00 -1.260178578878485041e+03 3.486162262991844909e+05 1.143685966684151936e+02 3.486162262991848984e+05 -8.079122136333982944e+08 2.659846172953677090e-01 3.216747325042200600e+01 3.152393319482485367e+03 3.216747325042201311e+01 3.890248788964971482e+03 3.812420763666017447e+05 3.152393319482485822e+03 3.812420763666016865e+05 3.736149760000002384e+07
9.649902259166887736e-03 1.167033552343494041e+00 1.143685966684150372e+02 1.167033552343497149e+00 -1.260178578878485041e+03 3.486162262991844909e+05 1.143685966684151936e+02 3.486162262991848984e+05 -8.079122136333982944e+08 2.659846172953677090e-01 3.216747325042200600e+01 3.152393319482485367e+03 3.216747325042201311e+01 3.890248788964971482e+03 3.812420763666017447e+05 3.152393319482485822e+03 3.812420763666016865e+05 3.736149760000002384e+07
9.649902259166887736e-03 1.167033552343494041e+00 1.143685966684150372e+02 1.167033552343497149e+00 -1.260178578878485041e+03 3.486162262991844909e+05 1.143685966684151936e+02 3.486162262991848984e+05 -8.079122136333982944e+08 2.659846172953677090e-01 3.216747325042200600e+01 3.152393319482485367e+03 3.216747325042201311e+01 3.890248788964971482e+03 3.812420763666017447e+05 3.152393319482485822e+03 3.812420763666016865e+05 3.736149760000002384e+07
9.649902259166887736e-03 1.167033552343494041e+00 1.143685966684150372e+02 1.167033552343497149e+00 -1.260178578878485041e+03 3.486162262991844909e+05 1.143685966684151936e+02 3.486162262991848984e+05 -8.079122136333982944e+08 2.659846172953677090e-01 3.216747325042200600e+01 3.152393319482485367e+03 3.216747325042201311e+01 3.890248788964971482e+03 3.812420763666017447e+05 3.152393319482485822e+03 3.812420763666016865e+05 3.736149760000002384e+07
9.649902259166887736e-03 1.167033552343494041e+00 1.143685966684150372e+02 1.167033552343497149e+00 -1.260178578878485041e+03 3.486162262991844909e+05 1.143685966684151936e+02 3.486162262991848984e+05 -8.079122136333982944e+08 2.659846172953677090e-01 3.216747325042200600e+01 3.152393319482485367e+03 3.216747325042201311e+01 3.890248788964971482e+03 3.812420763666017447e+05 3.152393319482485822e+03 3.812420763666016865e+05 3.736149760000002384e+07
9.649902259166887736e-03 1.167033552343494041e+00 1.143685966684150372e+02 1.167033552343497149e+00 -1.260178578878485041e+03 3.486162262991844909e+05 1.143685966684151936e+02 3.486162262991848984e+05 -8.079122136333982944e+08 2.659846172953677090e-01 3.216747325042200600e+01 3.152393319482485367e+03 3.216747325042201311e+01 3.890248788964971482e+03 3.812420763666017447e+05 3.152393319482485822e+03 3.812420763666016865e+05 3.736149760000002384e+07
9.649902259166887736e-03 1.167033552343494041e+00 1.143685966684150372e+02 1.167033552343497149e+00 -1.260178578878485041e+03 3.486162262991844909e+05 1.143685966684151936e+02 3.486162262991848984e+05 -8.079122136333982944e+08 2.659846172953677090e-01 3.216747325042200600e+01 3.152393319482485367e+03 3.216747325042201311e+01 3.890248788964971482e+03 3.812420763666017447e+05 3.152393319482485822e+03 3.812420763666016865e+05 3.736149760000002384e+07
9.649902259166887736e-03 1.167033552343494041e+00 1.143685966684150372e+02 1.167033552343497149e+00 -1.260178578878485041e+03 3.486162262991844909e+05 1.143685966684151936e+02 3.486162262991848984e+05 -8.079122136333982944e+08 2.659846172953677090e-01 3.216747325042200600e+01 3.152393319482485367e+03 3.216747325042201311e+01 3.890248788964971482e+03 3.812420763666017447e+05 3.152393319482485822e+03 3.812420763666016865e+05 3.736149760000002384e+07
9.649902259166887736e-03 1.167033552343494041e+00 1.143685966684150372e+02 1.167033552343497149e+00 -1.260178578878485041e+03 3.486162262991844909e+05 1.143685966684151936e+02 3.486162262991848984e+05 -8.079122136333982944e+08 2.659846172953677090e-01 3.216747325042200600e+01 3.152393319482485367e+03 3.216747325042201311e+01 3.890248788964971482e+03 3.812420763666017447e+05 3.152393319482485822e+03 3.812420763666016865e+05 3.736149760000002384e+07
9.649902259166887736e-03 1.167033552343494041e+00 1.143685966684150372e+02 1.167033552343497149e+00 -1.260178578878485041e+03 3.486162262991844909e+05 1.143685966684151936e+02 3.486162262991848984e+05 -8.079122136333982944e+08 2.659846172953677090e-01 3.216747325042200600e+01 3.152393319482485367e+03 3.216747325042201311e+01 3.890248788964971482e+03 3.812420763666017447e+05 3.152393319482485822e+03 3.812420763666016865e+05 3.736149760000002384e+07
9.649902259166887736e-03 1.167033552343494041e+00 1.143685966684150372e+02 1.167033552343497149e+00 -1.260178578878485041e+03 3.486162262991844909e+05 1.143685966684151936e+02 3.486162262991848984e+05 -8.079122136333982944e+08 2.659846172953677090e-01 3.216747325042200600e+01 3.152393319482485367e+03 3.216747325042201311e+01 3.890248788964971482e+03 3.812420763666017447e+05 3.152393319482485822e+03 3.812420763666016865e+05 3.736149760000002384e+07
9.649902259166887736e-03 1.167033552343494041e+00 1.143685966684150372e+02 1.167033552343497149e+00 -1.260178578878485041e+03 3.486162262991844909e+05 1.143685966684151936e+02 3.486162262991848984e+05 -8.079122136333982944e+08 2.659846172953677090e-01 3.216747325042200600e+01 3.152393319482485367e+03 3.216747325042201311e+01 3.890248788964971482e+03 3.812420763666017447e+05 3.152393319482485822e+03 3.812420763666016865e+05 3.736149760000002384e+07
9.649902259166887736e-03 1.167033552343494041e+00 1.143685966684150372e+02 1.167033552343497149e+00 -1.260178578878485041e+03 3.486162262991844909e+05 1.143685966684151936e+02 3.486162262991848984e+05 -8.079122136333982944e+08 2.659846172953677090e-01 3.216747325042200600e+01 3.152393319482485367e+03 3.216747325042201311e+01 3.890248788964971482e+03 3.812420763666017447e+05 3.152393319482485822e+03 3.812420763666016865e+05 3.736149760000002384e+07
9.649902259166887736e-03 1.167033552343494041e+00 1.143685966684150372e+02 1.167033552343497149e+00 -1.260178578878485041e+03 3.486162262991844909e+05 1.143685966684151936e+02 3.486162262991848984e+05 -8.079122136333982944e+08 2.659846172953677090e-01 3.216747325042200600e+01 3.152393319482485367e+03 3.216747325042201311e+01 3.890248788964971482e+03 3.812420763666017447e+05 3.152393319482485822e+03 3.812420763666016865e+05 3.736149760000002384e+07
9.649902259166887736e-03 1.167033552343494041e+00 1.143685966684150372e+02 1.167033552343497149e+00 -1.260178578878485041e+03 3.486162262991844909e+05 1.143685966684151936e+02 3.486162262991848984e+05 -8.079122136333982944e+08 2.659846172953677090e-01 3.216747325042200600e+01 3.152393319482485367e+03 3.216747325042201311e+01 3.890248788964971482e+03 3.812420763666017447e+05 3.152393319482485822e+03 3.812420763666016865e+05 3.736149760000002384e+07
9.649902259166887736e-03 1.167033552343494041e+00 1.143685966684150372e+02 1.167033552343497149e+00 -1.260178578878485041e+03 3.486162262991844909e+05 1.143685966684151936e+02 3.486162262991848984e+05 -8.079122136333982944e+08 2.659846172953677090e-01 3.216747325042200600e+01 3.152393319482485367e+03 3.216747325042201311e+01 3.890248788964971482e+03 3.812420763666017447e+05 3.152393319482485822e+03 3.812420763666016865e+05 3.736149760000002384e+07
9.649902259166887736e-03 1.167033552343494041e+00 1.143685966684150372e+02 1.167033552343497149e+00 -1.260178578878485041e+03 3.486162262991844909e+05 1.143685966684151936e+02 3.486162262991848984e+05 -8.079122136333982944e+08 2.659846172953677090e-01 3.216747325042200600e+01 3.152393319482485367e+03 3.216747325042201311e+01 3.890248788964971482e+03 3.812420763666017447e+05 3.152393319482485822e+03 3.812420763666016865e+05 3.736149760000002384e+07
9.649902259166887736e-03 1.167033552343494041e+00 1.143685966684150372e+02 1.167033552343497149e+00 -1.260178578878485041e+03 3.486162262991844909e+05 1.143685966684151936e+02 3.486162262991848984e+05 -8.079122136333982944e+08 2.659846172953677090e-01 3.216747325042200600e+01 3.152393319482485367e+03 3.216747325042201311e+01 3.890248788964971482e+03 3.812420763666017447e+05 3.152393319482485822e+03 3.812420763666016865e+05 3.736149760000002384e+07
9.649902259166887736e-03 1.167033552343494041e+00 1.143685966684150372e+02 1.167033552343497149e+00 -1.260178578878485041e+03 3.486162262991844909e+05 1.143685966684151936e+02 3.486162262991848984e+05 -8.079122136333982944e+08 2.659846172953677090e-01 3.216747325042200600e+01 3.152393319482485367e+03 3.216747325042201311e+01 3.890248788964971482e+03 3.812420763666017447e+05 3.152393319482485822e+03 3.812420763666016865e+05 3.736149760000002384e+07
9.649902259166887736e-03 1.167033552343494041e+00 1.143685966684150372e+02 1.167033552343497149e+00 -1.260178578878485041e+03 3.486162262991844909e+05 1.143685966684151936e+02 3.486162262991848984e+05 -8.079122136333982944e+08 2.659846172953677090e-01 3.216747325042200600e+01 3.152393319482485367e+03 3.216747325042201311e+01 3.890248788964971482e+03 3.812420763666017447e+05 3.152393319482485822e+03 3.812420763666016865e+05 3.736149760000002384e+07
9.649902259166887736e-03 1.167033552343494041e+00 1.143685966684150372e+02 1.167033552343497149e+00 -1.260178578878485041e+03 3.486162262991844909e+05 1.143685966684151936e+02 3.486162262991848984e+05 -8.079122136333982944e+08 2.659846172953677090e-01 3.216747325042200600e+01 3.152393319482485367e+03 3.216747325042201311e+01 3.890248788964971482e+03 3.812420763666017447e+05 3.152393319482485822e+03 3.812420763666016865e+05 3.736149760000002384e+07
9.649902259166887736e-03 1.167033552343494041e+00 1.143685966684150372e+02 1.167033552343497149e+00 -1.260178578878485041e+03 3.486162262991844909e+05 1.143685966684151936e+02 3.486162262991848984e+05 -8.079122136333982944e+08 2.659846172953677090e-01 3.216747325042200600e+01 3.152393319482485367e+03 3.216747325042201311e+01 3.890248788964971482e+03 3.812420763666017447e+05 3.152393319482485822e+03 3.812420763666016865e+05 3.736149760000002384e+07
9.649902259166887736e-03 1.167033552343494041e+00 1.143685966684150372e+02 1.167033552343497149e+00 -1.260178578878485041e+03 3.486162262991844909e+05 1.143685966684151936e+02 3.486162262991848984e+05 -8.079122136333982944e+08 2.659846172953677090e-01 3.216747325042200600e+01 3.152393319482485367e+03 3.216747325042201311e+01 3.890248788964971482e+03 3.812420763666017447e+05 3.152393319482485822e+03 3.812420763666016865e+05 3.736149760000002384e+07
9.649902259166887736e-03 1.167033552343494041e+00 1.143685966684150372e+02 1.167033552343497149e+00 -1.260178578878485041e+03 3.486162262991844909e+05 1.143685966684151936e+02 3.486162262991848984e+05 -8.079122136333982944e+08 2.659846172953677090e-01 3.216747325042200600e+01 3.152393319482485367e+03 3.216747325042201311e+01 3.890248788964971482e+03 3.812420763666017447e+05 3.152393319482485822e+03 3.812420763666016865e+05 3.736149760000002384e+07
9.649902259166887736e-03 1.167033552343494041e+00 1.143685966684150372e+02 1.167033552343497149e+00 -1.260178578878485041e+03 3.486162262991844909e+05 1.143685966684151936e+02 3.486162262991848984e+05 -8.079122136333982944e+08 2.659846172953677090e-01 3.216747325042200600e+01 3.152393319482485367e+03 3.216747325042201311e+01 3.890248788964971482e+03 3.812420763666017447e+05 3.152393319482485822e+03 3.812420763666016865e+05 3.736149760000002384e+07
9.649902259166887736e-03 1.167033552343494041e+00 1.143685966684150372e+02 1.167033552343497149e+00 -1.260178578878485041e+03 3.486162262991844909e+05 1.143685966684151936e+02 3.486162262991848984e+05 -8.079122136333982944e+08 2.659846172953677090e-01 3.216747325042200600e+01 3.152393319482485367e+03 3.216747325042201311e+01 3.890248788964971482e+03 3.812420763666017447e+05 3.152393319482485822e+03 3.812420763666016865e+05 3.736149760000002384e+07
9.649902259166887736e-03 1.167033552343494041e+00 1.143685966684150372e+02 1.167033552343497149e+00 -1.260178578878485041e+03 3.486162262991844909e+05 1.143685966684151936e+02 3.486162262991848984e+05 -8.079122136333982944e+08 2.659846172953677090e-01 3.216747325042200600e+01 3.152393319482485367e+03 3.216747325042201311e+01 3.890248788964971482e+03 3.812420763666017447e+05 3.152393319482485822e+03 3.812420763666016865e+05 3.736149760000002384e+07
9.649902259166887736e-03 1.167033552343494041e+00 1.143685966684150372e+02 1.167033552343497149e+00 -1.260178578878485041e+03 3.486162262991844909e+05 1.143685966684151936e+02 3.486162262991848984e+05 -8.079122136333982944e+08 2.659846172953677090e-01 3.216747325042200600e+01 3.152393319482485367e+03 3.216747325042201311e+01 3.890248788964971482e+03 3.812420763666017447e+05 3.152393319482485822e+03 3.812420763666016865e+05 3.736149760000002384e+07
9.649902259166887736e-03 1.167033552343494041e+00 1.143685966684150372e+02 1.167033552343497149e+00 -1.260178578878485041e+03 3.486162262991844909e+05 1.143685966684151936e+02 3.486162262991848984e+05 -8.079122136333982944e+08 2.659846172953677090e-01 3.216747325042200600e+01 3.152393319482485367e+03 3.216747325042201311e+01 3.890248788964971482e+03 3.812420763666017447e+05 3.152393319482485822e+03 3.812420763666016865e+05 3.736149760000002384e+07
9.649902259166887736e-03 1.167033552343494041e+00 1.143685966684150372e+02 1.167033552343497149e+00 -1.260178578878485041e+03 3.486162262991844909e+05 1.143685966684151936e+02 3.486162262991848984e+05 -8.079122136333982944e+08 2.659846172953677090e-01 3.216747325042200600e+01 3.152393319482485367e+03 3.216747325042201311e+01 3.890248788964971482e+03 3.812420763666017447e+05 3.152393319482485822e+03 3.812420763666016865e+05 3.736149760000002384e+07
9.649902259166887736e-03 1.167033552343494041e+00 1.143685966684150372e+02 1.167033552343497149e+00 -1.260178578878485041e+03 3.486162262991844909e+05 1.143685966684151936e+02 3.486162262991848984e+05 -8.079122136333982944e+08 2.659846172953677090e-01 3.216747325042200600e+01 3.152393319482485367e+03 3.216747325042201311e+01 3.890248788964971482e+03 3.812420763666017447e+05 3.152393319482485822e+03 3.812420763666016865e+05 3.736149760000002384e+07
9.649902259166887736e-03 1.167033552343494041e+00 1.143685966684150372e+02 1.167033552343497149e+00 -1.260178578878485041e+03 3.486162262991844909e+05 1.143685966684151936e+02 3.486162262991848984e+05 -8.079122136333982944e+08 2.659846172953677090e-01 3.216747325042200600e+01 3.152393319482485367e+03 3.216747325042201311e+01 3.890248788964971482e+03 3.812420763666017447e+05 3.152393319482485822e+03 3.812420763666016865e+05 3.736149760000002384e+07
9.649902259166887736e-03 1.167033552343494041e+00 1.143685966684150372e+02 1.167033552343497149e+00 -1.260178578878485041e+03 3.486162262991844909e+05 1.143685966684151936e+02 3.486162262991848984e+05 -8.079122136333982944e+08 2.659846172953677090e-01 3.216747325042200600e+01 3.152393319482485367e+03 3.216747325042201311e+01 3.890248788964971482e+03 3.812420763666017447e+05 3.152393319482485822e+03 3.812420763666016865e+05 3.736149760000002384e+07
9.649902259166887736e-03 1.167033552343494041e+00 1.143685966684150372e+02 1.167033552343497149e+00 -1.260178578878485041e+03 3.486162262991844909e+05 1.143685966684151936e+02 3.486162262991848984e+05 -8.079122136333982944e+08 2.659846172953677090e-01 3.216747325042200600e+01 3.152393319482485367e+03 3.216747325042201311e+01 3.890248788964971482e+03 3.812420763666017447e+05 3.152393319482485822e+03 3.812420763666016865e+05 3.736149760000002384e+07
9.649902259166887736e-03 1.167033552343494041e+00 1.143685966684150372e+02 1.167033552343497149e+00 -1.260178578878485041e+03 3.486162262991844909e+05 1.143685966684151936e+02 3.486162262991848984e+05 -8.079122136333982944e+08 2.659846172953677090e-01 3.216747325042200600e+01 3.152393319482485367e+03 3.216747325042201311e+01 3.890248788964971482e+03 3.812420763666017447e+05 3.152393319482485822e+03 3.812420763666016865e+05 3.736149760000002384e+07
9.649902259166887736e-03 1.167033552343494041e+00 1.143685966684150372e+02 1.167033552343497149e+00 -1.260178578878485041e+03 3.486162262991844909e+05 1.143685966684151936e+02 3.486162262991848984e+05 -8.079122136333982944e+08 2.659846172953677090e-01 3.216747325042200600e+01 3.152393319482485367e+03 3.216747325042201311e+01 3.890248788964971482e+03 3.812420763666017447e+05 3.152393319482485822e+03 3.812420763666016865e+05 3.736149760000002384e+07
9.649902259166887736e-03 1.167033552343494041e+00 1.143685966684150372e+02 1.167033552343497149e+00 -1.260178578878485041e+03 3.486162262991844909e+05 1.143685966684151936e+02 3.486162262991848984e+05 -8.079122136333982944e+08 2.659846172953677090e-01 3.216747325042200600e+01 3.152393319482485367e+03 3.216747325042201311e+01 3.890248788964971482e+03 3.812420763666017447e+05 3.152393319482485822e+03 3.812420763666016865e+05 3.736149760000002384e+07
9.649902259166887736e-03 1.167033552343494041e+00 1.143685966684150372e+02 1.167033552343497149e+00 -1.260178578878485041e+03 3.486162262991844909e+05 1.143685966684151936e+02 3.486162262991848984e+05 -8.079122136333982944e+08 2.659846172953677090e-01 3.216747325042200600e+01 3.152393319482485367e+03 3.216747325042201311e+01 3.890248788964971482e+03 3.812420763666017447e+05 3.152393319482485822e+03 3.812420763666016865e+05 3.736149760000002384e+07
9.649902259166887736e-03 1.167033552343494041e+00 1.143685966684150372e+02 1.167033552343497149e+00 -1.260178578878485041e+03 3.486162262991844909e+05 1.143685966684151936e+02 3.486162262991848984e+05 -8.079122136333982944e+08 2.659846172953677090e-01 3.216747325042200600e+01 3.152393319482485367e+03 3.216747325042201311e+01 3.890248788964971482e+03 3.812420763666017447e+05 3.152393319482485822e+03 3.812420763666016865e+05 3.736149760000002384e+07
9.649902259166887736e-03 1.167033552343494041e+00 1.143685966684150372e+02 1.167033552343497149e+00 -1.260178578878485041e+03 3.486162262991844909e+05 1.143685966684151936e+02 3.486162262991848984e+05 -8.079122136333982944e+08 2.659846172953677090e-01 3.216747325042200600e+01 3.152393319482485367e+03 3.216747325042201311e+01 3.890248788964971482e+03 3.812420763666017447e+05 3.152393319482485822e+03 3.812420763666016865e+05 3.736149760000002384e+07
9.649902259166887736e-03 1.167033552343494041e+00 1.143685966684150372e+02 1.167033552343497149e+00 -1.260178578878485041e+03 3.486162262991844909e+05 1.143685966684151936e+02 3.486162262991848984e+05 -8.079122136333982944e+08 2.659846172953677090e-01 3.216747325042200600e+01 3.152393319482485367e+03 3.216747325042201311e+01 3.890248788964971482e+03 3.812420763666017447e+05 3.152393319482485822e+03 3.812420763666016865e+05 3.736149760000002384e+07
9.649902259166887736e-03 1.167033552343494041e+00 1.143685966684150372e+02 1.167033552343497149e+00 -1.260178578878485041e+03 3.486162262991844909e+05 1.143685966684151936e+02 3.486162262991848984e+05 -8.079122136333982944e+08 2.659846172953677090e-01 3.216747325042200600e+01 3.152393319482485367e+03 3.216747325042201311e+01 3.890248788964971482e+03 3.812420763666017447e+05 3.152393319482485822e+03 3.812420763666016865e+05 3.736149760000002384e+07
9.649902259166887736e-03 1.167033552343494041e+00 1.143685966684150372e+02 1.167033552343497149e+00 -1.260178578878485041e+03 3.486162262991844909e+05 1.143685966684151936e+02 3.486162262991848984e+05 -8.079122136333982944e+08 2.659846172953677090e-01 3.216747325042200600e+01 3.152393319482485367e+03 3.216747325042201311e+01 3.890248788964971482e+03 3.812420763666017447e+05 3.152393319482485822e+03 3.812420763666016865e+05 3.736149760000002384e+07
9.649902259166887736e-03 1.167033552343494041e+00 1.143685966684150372e+02 1.167033552343497149e+00 -1.260178578878485041e+03 3.486162262991844909e+05 1.143685966684151936e+02 3.486162262991848984e+05 -8.079122136333982944e+08 2.659846172953677090e-01 3.216747325042200600e+01 3.152393319482485367e+03 3.216747325042201311e+01 3.890248788964971482e+03 3.812420763666017447e+05 3.152393319482485822e+03 3.812420763666016865e+05 3.736149760000002384e+07
9.649902259166887736e-03 1.167033552343494041e+00 1.143685966684150372e+02 1.167033552343497149e+00 -1.260178578878485041e+03 3.486162262991844909e+05 1.143685966684151936e+02 3.486162262991848984e+05 -8.079122136333982944e+08 2.659846172953677090e-01 3.216747325042200600e+01 3.152393319482485367e+03 3.216747325042201311e+01 3.890248788964971482e+03 3.812420763666017447e+05 3.152393319482485822e+03 3.812420763666016865e+05 3.736149760000002384e+07
9.649902259166887736e-03 1.167033552343494041e+00 1.143685966684150372e+02 1.167033552343497149e+00 -1.260178578878485041e+03 3.486162262991844909e+05 1.143685966684151936e+02 3.486162262991848984e+05 -8.079122136333982944e+08 2.659846172953677090e-01 3.216747325042200600e+01 3.152393319482485367e+03 3.216747325042201311e+01 3.890248788964971482e+03 3.812420763666017447e+05 3.152393319482485822e+03 3.812420763666016865e+05 3.736149760000002384e+07
9.649902259166887736e-03 1.167033552343494041e+00 1.143685966684150372e+02 1.167033552343497149e+00 -1.260178578878485041e+03 3.486162262991844909e+05 1.143685966684151936e+02 3.486162262991848984e+05 -8.079122136333982944e+08 2.659846172953677090e-01 3.216747325042200600e+01 3.152393319482485367e+03 3.216747325042201311e+01 3.890248788964971482e+03 3.812420763666017447e+05 3.152393319482485822e+03 3.812420763666016865e+05 3.736149760000002384e+07
9.649902259166887736e-03 1.167033552343494041e+00 1.143685966684150372e+02 1.167033552343497149e+00 -1.260178578878485041e+03 3.486162262991844909e+05 1.143685966684151936e+02 3.486162262991848984e+05 -8.079122136333982944e+08 2.659846172953677090e-01 3.216747325042200600e+01 3.152393319482485367e+03 3.216747325042201311e+01 3.890248788964971482e+03 3.812420763666017447e+05 3.152393319482485822e+03 3.812420763666016865e+05 3.736149760000002384e+07
9.649902259166887736e-03 1.167033552343494041e+00 1.143685966684150372e+02 1.167033552343497149e+00 -1.260178578878485041e+03 3.486162262991844909e+05 1.143685966684151936e+02 3.486162262991848984e+05 -8.079122136333982944e+08 2.659846172953677090e-01 3.216747325042200600e+01 3.152393319482485367e+03 3.216747325042201311e+01 3.890248788964971482e+03 3.812420763666017447e+05 3.152393319482485822e+03 3.812420763666016865e+05 3.736149760000002384e+07
9.649902259166887736e-03 1.167033552343494041e+00 1.143685966684150372e+02 1.167033552343497149e+00 -1.260178578878485041e+03 3.486162262991844909e+05 1.143685966684151936e+02 3.486162262991848984e+05 -8.079122136333982944e+08 2.659846172953677090e-01 3.216747325042200600e+01 3.152393319482485367e+03 3.216747325042201311e+01 3.890248788964971482e+03 3.812420763666017447e+05 3.152393319482485822e+03 3.812420763666016865e+05 3.736149760000002384e+07
9.649902259166887736e-03 1.167033552343494041e+00 1.143685966684150372e+02 1.167033552343497149e+00 -1.260178578878485041e+03 3.486162262991844909e+05 1.143685966684151936e+02 3.486162262991848984e+05 -8.079122136333982944e+08 2.659846172953677090e-01 3.216747325042200600e+01 3.152393319482485367e+03 3.216747325042201311e+01 3.890248788964971482e+03 3.812420763666017447e+05 3.152393319482485822e+03 3.812420763666016865e+05 3.736149760000002384e+07
9.649902259166887736e-03 1.167033552343494041e+00 1.143685966684150372e+02 1.167033552343497149e+00 -1.260178578878485041e+03 3.486162262991844909e+05 1.143685966684151936e+02 3.486162262991848984e+05 -8.079122136333982944e+08 2.659846172953677090e-01 3.216747325042200600e+01 3.152393319482485367e+03 3.216747325042201311e+01 3.890248788964971482e+03 3.812420763666017447e+05 3.152393319482485822e+03 3.812420763666016865e+05 3.736149760000002384e+07
9.649902259166887736e-03 1.167033552343494041e+00 1.143685966684150372e+02 1.167033552343497149e+00 -1.260178578878485041e+03 3.486162262991844909e+05 1.143685966684151936e+02 3.486162262991848984e+05 -8.079122136333982944e+08 2.659846172953677090e-01 3.216747325042200600e+01 3.152393319482485367e+03 3.216747325042201311e+01 3.890248788964971482e+03 3.812420763666017447e+05 3.152393319482485822e+03 3.812420763666016865e+05 3.736149760000002384e+07
9.649902259166887736e-03 1.167033552343494041e+00 1.143685966684150372e+02 1.167033552343497149e+00 -1.260178578878485041e+03 3.486162262991844909e+05 1.143685966684151936e+02 3.486162262991848984e+05 -8.079122136333982944e+08 2.659846172953677090e-01 3.216747325042200600e+01 3.152393319482485367e+03 3.216747325042201311e+01 3.890248788964971482e+03 3.812420763666017447e+05 3.152393319482485822e+03 3.812420763666016865e+05 3.736149760000002384e+07
9.649902259166887736e-03 1.167033552343494041e+00 1.143685966684150372e+02 1.167033552343497149e+00 -1.260178578878485041e+03 3.486162262991844909e+05 1.143685966684151936e+02 3.486162262991848984e+05 -8.079122136333982944e+08 2.659846172953677090e-01 3.216747325042200600e+01 3.152393319482485367e+03 3.216747325042201311e+01 3.890248788964971482e+03 3.812420763666017447e+05 3.152393319482485822e+03 3.812420763666016865e+05 3.736149760000002384e+07
9.649902259166887736e-03 1.167033552343494041e+00 1.143685966684150372e+02 1.167033552343497149e+00 -1.260178578878485041e+03 3.486162262991844909e+05 1.143685966684151936e+02 3.486162262991848984e+05 -8.079122136333982944e+08 2.659846172953677090e-01 3.216747325042200600e+01 3.152393319482485367e+03 3.216747325042201311e+01 3.890248788964971482e+03 3.812420763666017447e+05 3.152393319482485822e+03 3.812420763666016865e+05 3.736149760000002384e+07
9.649902259166887736e-03 1.167033552343494041e+00 1.143685966684150372e+02 1.167033552343497149e+00 -1.260178578878485041e+03 3.486162262991844909e+05 1.143685966684151936e+02 3.486162262991848984e+05 -8.079122136333982944e+08 2.659846172953677090e-01 3.216747325042200600e+01 3.152393319482485367e+03 3.216747325042201311e+01 3.890248788964971482e+03 3.812420763666017447e+05 3.152393319482485822e+03 3.812420763666016865e+05 3.736149760000002384e+07
9.649902259166887736e-03 1.167033552343494041e+00 1.143685966684150372e+02 1.167033552343497149e+00 -1.260178578878485041e+03 3.486162262991844909e+05 1.143685966684151936e+02 3.486162262991848984e+05 -8.079122136333982944e+08 2.659846172953677090e-01 3.216747325042200600e+01 3.152393319482485367e+03 3.216747325042201311e+01 3.890248788964971482e+03 3.812420763666017447e+05 3.152393319482485822e+03 3.812420763666016865e+05 3.736149760000002384e+07
9.649902259166887736e-03 1.167033552343494041e+00 1.143685966684150372e+02 1.167033552343497149e+00 -1.260178578878485041e+03 3.486162262991844909e+05 1.143685966684151936e+02 3.486162262991848984e+05 -8.079122136333982944e+08 2.659846172953677090e-01 3.216747325042200600e+01 3.152393319482485367e+03 3.216747325042201311e+01 3.890248788964971482e+03 3.812420763666017447e+05 3.152393319482485822e+03 3.812420763666016865e+05 3.736149760000002384e+07
9.649902259166887736e-03 1.167033552343494041e+00 1.143685966684150372e+02 1.167033552343497149e+00 -1.260178578878485041e+03 3.486162262991844909e+05 1.143685966684151936e+02 3.486162262991848984e+05 -8.079122136333982944e+08 2.659846172953677090e-01 3.216747325042200600e+01 3.152393319482485367e+03 3.216747325042201311e+01 3.890248788964971482e+03 3.812420763666017447e+05 3.152393319482485822e+03 3.812420763666016865e+05 3.736149760000002384e+07
9.649902259166887736e-03 1.167033552343494041e+00 1.143685966684150372e+02 1.167033552343497149e+00 -1.260178578878485041e+03 3.486162262991844909e+05 1.143685966684151936e+02 3.486162262991848984e+05 -8.079122136333982944e+08 2.659846172953677090e-01 3.216747325042200600e+01 3.152393319482485367e+03 3.216747325042201311e+01 3.890248788964971482e+03 3.812420763666017447e+05 3.152393319482485822e+03 3.812420763666016865e+05 3.736149760000002384e+07
9.649902259166887736e-03 1.167033552343494041e+00 1.143685966684150372e+02 1.167033552343497149e+00 -1.260178578878485041e+03 3.486162262991844909e+05 1.143685966684151936e+02 3.486162262991848984e+05 -8.079122136333982944e+08 2.659846172953677090e-01 3.216747325042200600e+01 3.152393319482485367e+03 3.216747325042201311e+01 3.890248788964971482e+03 3.812420763666017447e+05 3.152393319482485822e+03 3.812420763666016865e+05 3.736149760000002384e+07
9.649902259166887736e-03 1.167033552343494041e+00 1.143685966684150372e+02 1.167033552343497149e+00 -1.260178578878485041e+03 3.486162262991844909e+05 1.143685966684151936e+02 3.486162262991848984e+05 -8.079122136333982944e+08 2.659846172953677090e-01 3.216747325042200600e+01 3.152393319482485367e+03 3.216747325042201311e+01 3.890248788964971482e+03 3.812420763666017447e+05 3.152393319482485822e+03 3.812420763666016865e+05 3.736149760000002384e+07
9.649902259166887736e-03 1.167033552343494041e+00 1.143685966684150372e+02 1.167033552343497149e+00 -1.260178578878485041e+03 3.486162262991844909e+05 1.143685966684151936e+02 3.486162262991848984e+05 -8.079122136333982944e+08 2.659846172953677090e-01 3.216747325042200600e+01 3.152393319482485367e+03 3.216747325042201311e+01 3.890248788964971482e+03 3.812420763666017447e+05 3.152393319482485822e+03 3.812420763666016865e+05 3.736149760000002384e+07
9.649902259166887736e-03 1.167033552343494041e+00 1.143685966684150372e+02 1.167033552343497149e+00 -1.260178578878485041e+03 3.486162262991844909e+05 1.143685966684151936e+02 3.486162262991848984e+05 -8.079122136333982944e+08 2.659846172953677090e-01 3.216747325042200600e+01 3.152393319482485367e+03 3.216747325042201311e+01 3.890248788964971482e+03 3.812420763666017447e+05 3.152393319482485822e+03 3.812420763666016865e+05 3.736149760000002384e+07
9.649902259166887736e-03 1.167033552343494041e+00 1.143685966684150372e+02 1.167033552343497149e+00 -1.260178578878485041e+03 3.486162262991844909e+05 1.143685966684151936e+02 3.486162262991848984e+05 -8.079122136333982944e+08 2.659846172953677090e-01 3.216747325042200600e+01 3.152393319482485367e+03 3.216747325042201311e+01 3.890248788964971482e+03 3.812420763666017447e+05 3.152393319482485822e+03 3.812420763666016865e+05 3.736149760000002384e+07
9.649902259166887736e-03 1.167033552343494041e+00 1.143685966684150372e+02 1.167033552343497149e+00 -1.260178578878485041e+03 3.486162262991844909e+05 1.143685966684151936e+02 3.486162262991848984e+05 -8.079122136333982944e+08 2.659846172953677090e-01 3.216747325042200600e+01 3.152393319482485367e+03 3.216747325042201311e+01 3.890248788964971482e+03 3.812420763666017447e+05 3.152393319482485822e+03 3.812420763666016865e+05 3.736149760000002384e+07
9.649902259166887736e-03 1.167033552343494041e+00 1.143685966684150372e+02 1.167033552343497149e+00 -1.260178578878485041e+03 3.486162262991844909e+05 1.143685966684151936e+02 3.486162262991848984e+05 -8.079122136333982944e+08 2.659846172953677090e-01 3.216747325042200600e+01 3.152393319482485367e+03 3.216747325042201311e+01 3.890248788964971482e+03 3.812420763666017447e+05 3.152393319482485822e+03 3.812420763666016865e+05 3.736149760000002384e+07
9.649902259166887736e-03 1.167033552343494041e+00 1.143685966684150372e+02 1.167033552343497149e+00 -1.260178578878485041e+03 3.486162262991844909e+05 1.143685966684151936e+02 3.486162262991848984e+05 -8.079122136333982944e+08 2.659846172953677090e-01 3.216747325042200600e+01 3.152393319482485367e+03 3.216747325042201311e+01 3.890248788964971482e+03 3.812420763666017447e+05 3.152393319482485822e+03 3.812420763666016865e+05 3.736149760000002384e+07
9.649902259166887736e-03 1.167033552343494041e+00 1.143685966684150372e+02 1.167033552343497149e+00 -1.260178578878485041e+03 3.486162262991844909e+05 1.143685966684151936e+02 3.486162262991848984e+05 -8.079122136333982944e+08 2.659846172953677090e-01 3.216747325042200600e+01 3.152393319482485367e+03 3.216747325042201311e+01 3.890248788964971482e+03 3.812420763666017447e+05 3.152393319482485822e+03 3.812420763666016865e+05 3.736149760000002384e+07
9.649902259166887736e-03 1.167033552343494041e+00 1.143685966684150372e+02 1.167033552343497149e+00 -1.260178578878485041e+03 3.486162262991844909e+05 1.143685966684151936e+02 3.486162262991848984e+05 -8.079122136333982944e+08 2.659846172953677090e-01 3.216747325042200600e+01 3.152393319482485367e+03 3.216747325042201311e+01 3.890248788964971482e+03 3.812420763666017447e+05 3.152393319482485822e+03 3.812420763666016865e+05 3.736149760000002384e+07
9.649902259166887736e-03 1.167033552343494041e+00 1.143685966684150372e+02 1.167033552343497149e+00 -1.260178578878485041e+03 3.486162262991844909e+05 1.143685966684151936e+02 3.486162262991848984e+05 -8.079122136333982944e+08 2.659846172953677090e-01 3.216747325042200600e+01 3.152393319482485367e+03 3.216747325042201311e+01 3.890248788964971482e+03 3.812420763666017447e+05 3.152393319482485822e+03 3.812420763666016865e+05 3.736149760000002384e+07
9.649902259166887736e-03 1.167033552343494041e+00 1.143685966684150372e+02 1.167033552343497149e+00 -1.260178578878485041e+03 3.486162262991844909e+05 1.143685966684151936e+02 3.486162262991848984e+05 -8.079122136333982944e+08 2.659846172953677090e-01 3.216747325042200600e+01 3.152393319482485367e+03 3.216747325042201311e+01 3.890248788964971482e+03 3.812420763666017447e+05 3.152393319482485822e+03 3.812420763666016865e+05 3.736149760000002384e+07
9.649902259166887736e-03 1.167033552343494041e+00 1.143685966684150372e+02 1.167033552343497149e+00 -1.260178578878485041e+03 3.486162262991844909e+05 1.143685966684151936e+02 3.486162262991848984e+05 -8.079122136333982944e+08 2.659846172953677090e-01 3.216747325042200600e+01 3.152393319482485367e+03 3.216747325042201311e+01 3.890248788964971482e+03 3.812420763666017447e+05 3.152393319482485822e+03 3.812420763666016865e+05 3.736149760000002384e+07
9.649902259166887736e-03 1.167033552343494041e+00 1.143685966684150372e+02 1.167033552343497149e+00 -1.260178578878485041e+03 3.486162262991844909e+05 1.143685966684151936e+02 3.486162262991848984e+05 -8.079122136333982944e+08 2.659846172953677090e-01 3.216747325042200600e+01 3.152393319482485367e+03 3.216747325042201311e+01 3.890248788964971482e+03 3.812420763666017447e+05 3.152393319482485822e+03 3.812420763666016865e+05 3.736149760000002384e+07
9.649902259166887736e-03 1.167033552343494041e+00 1.143685966684150372e+02 1.167033552343497149e+00 -1.260178578878485041e+03 3.486162262991844909e+05 1.143685966684151936e+02 3.486162262991848984e+05 -8.079122136333982944e+08 2.659846172953677090e-01 3.216747325042200600e+01 3.152393319482485367e+03 3.216747325042201311e+01 3.890248788964971482e+03 3.812420763666017447e+05 3.152393319482485822e+03 3.812420763666016865e+05 3.736149760000002384e+07
9.649902259166887736e-03 1.167033552343494041e+00 1.143685966684150372e+02 1.167033552343497149e+00 -1.260178578878485041e+03 3.486162262991844909e+05 1.143685966684151936e+02 3.486162262991848984e+05 -8.079122136333982944e+08 2.659846172953677090e-01 3.216747325042200600e+01 3.152393319482485367e+03 3.216747325042201311e+01 3.890248788964971482e+03 3.812420763666017447e+05 3.152393319482485822e+03 3.812420763666016865e+05 3.736149760000002384e+07
9.649902259166887736e-03 1.167033552343494041e+00 1.143685966684150372e+02 1.167033552343497149e+00 -1.260178578878485041e+03 3.486162262991844909e+05 1.143685966684151936e+02 3.486162262991848984e+05 -8.079122136333982944e+08 2.659846172953677090e-01 3.216747325042200600e+01 3.152393319482485367e+03 3.216747325042201311e+01 3.890248788964971482e+03 3.812420763666017447e+05 3.152393319482485822e+03 3.812420763666016865e+05 3.736149760000002384e+07
9.649902259166887736e-03 1.167033552343494041e+00 1.143685966684150372e+02 1.167033552343497149e+00 -1.260178578878485041e+03 3.486162262991844909e+05 1.143685966684151936e+02 3.486162262991848984e+05 -8.079122136333982944e+08 2.659846172953677090e-01 3.216747325042200600e+01 3.152393319482485367e+03 3.216747325042201311e+01 3.890248788964971482e+03 3.812420763666017447e+05 3.152393319482485822e+03 3.812420763666016865e+05 3.736149760000002384e+07
9.649902259166887736e-03 1.167033552343494041e+00 1.143685966684150372e+02 1.167033552343497149e+00 -1.260178578878485041e+03 3.486162262991844909e+05 1.143685966684151936e+02 3.486162262991848984e+05 -8.079122136333982944e+08 2.659846172953677090e-01 3.216747325042200600e+01 3.152393319482485367e+03 3.216747325042201311e+01 3.890248788964971482e+03 3.812420763666017447e+05 3.152393319482485822e+03 3.812420763666016865e+05 3.736149760000002384e+07
9.649902259166887736e-03 1.167033552343494041e+00 1.143685966684150372e+02 1.167033552343497149e+00 -1.260178578878485041e+03 3.486162262991844909e+05 1.143685966684151936e+02 3.486162262991848984e+05 -8.079122136333982944e+08 2.659846172953677090e-01 3.216747325042200600e+01 3.152393319482485367e+03 3.216747325042201311e+01 3.890248788964971482e+03 3.812420763666017447e+05 3.152393319482485822e+03 3.812420763666016865e+05 3.736149760000002384e+07
9.649902259166887736e-03 1.167033552343494041e+00 1.143685966684150372e+02 1.167033552343497149e+00 -1.260178578878485041e+03 3.486162262991844909e+05 1.143685966684151936e+02 3.486162262991848984e+05 -8.079122136333982944e+08 2.659846172953677090e-01 3.216747325042200600e+01 3.152393319482485367e+03 3.216747325042201311e+01 3.890248788964971482e+03 3.812420763666017447e+05 3.152393319482485822e+03 3.812420763666016865e+05 3.736149760000002384e+07
9.649902259166887736e-03 1.167033552343494041e+00 1.143685966684150372e+02 1.167033552343497149e+00 -1.260178578878485041e+03 3.486162262991844909e+05 1.143685966684151936e+02 3.486162262991848984e+05 -8.079122136333982944e+08 2.659846172953677090e-01 3.216747325042200600e+01 3.152393319482485367e+03 3.216747325042201311e+01 3.890248788964971482e+03 3.812420763666017447e+05 3.152393319482485822e+03 3.812420763666016865e+05 3.736149760000002384e+07
9.649902259166887736e-03 1.167033552343494041e+00 1.143685966684150372e+02 1.167033552343497149e+00 -1.260178578878485041e+03 3.486162262991844909e+05 1.143685966684151936e+02 3.486162262991848984e+05 -8.079122136333982944e+08 2.659846172953677090e-01 3.216747325042200600e+01 3.152393319482485367e+03 3.216747325042201311e+01 3.890248788964971482e+03 3.812420763666017447e+05 3.152393319482485822e+03 3.812420763666016865e+05 3.736149760000002384e+07
9.649902259166887736e-03 1.167033552343494041e+00 1.143685966684150372e+02 1.167033552343497149e+00 -1.260178578878485041e+03 3.486162262991844909e+05 1.143685966684151936e+02 3.486162262991848984e+05 -8.079122136333982944e+08 2.659846172953677090e-01 3.216747325042200600e+01 3.152393319482485367e+03 3.216747325042201311e+01 3.890248788964971482e+03 3.812420763666017447e+05 3.152393319482485822e+03 3.812420763666016865e+05 3.736149760000002384e+07
9.649902259166887736e-03 1.167033552343494041e+00 1.143685966684150372e+02 1.167033552343497149e+00 -1.260178578878485041e+03 3.486162262991844909e+05 1.143685966684151936e+02 3.486162262991848984e+05 -8.079122136333982944e+08 2.659846172953677090e-01 3.216747325042200600e+01 3.152393319482485367e+03 3.216747325042201311e+01 3.890248788964971482e+03 3.812420763666017447e+05 3.152393319482485822e+03 3.812420763666016865e+05 3.736149760000002384e+07
9.649902259166887736e-03 1.167033552343494041e+00 1.143685966684150372e+02 1.167033552343497149e+00 -1.260178578878485041e+03 3.486162262991844909e+05 1.143685966684151936e+02 3.486162262991848984e+05 -8.079122136333982944e+08 2.659846172953677090e-01 3.216747325042200600e+01 3.152393319482485367e+03 3.216747325042201311e+01 3.890248788964971482e+03 3.812420763666017447e+05 3.152393319482485822e+03 3.812420763666016865e+05 3.736149760000002384e+07
9.649902259166887736e-03 1.167033552343494041e+00 1.143685966684150372e+02 1.167033552343497149e+00 -1.260178578878485041e+03 3.486162262991844909e+05 1.143685966684151936e+02 3.486162262991848984e+05 -8.079122136333982944e+08 2.659846172953677090e-01 3.216747325042200600e+01 3.152393319482485367e+03 3.216747325042201311e+01 3.890248788964971482e+03 3.812420763666017447e+05 3.152393319482485822e+03 3.812420763666016865e+05 3.736149760000002384e+07
9.649902259166887736e-03 1.167033552343494041e+00 1.143685966684150372e+02 1.167033552343497149e+00 -1.260178578878485041e+03 3.486162262991844909e+05 1.143685966684151936e+02 3.486162262991848984e+05 -8.079122136333982944e+08 2.659846172953677090e-01 3.216747325042200600e+01 3.152393319482485367e+03 3.216747325042201311e+01 3.890248788964971482e+03 3.812420763666017447e+05 3.152393319482485822e+03 3.812420763666016865e+05 3.736149760000002384e+07
9.649902259166887736e-03 1.167033552343494041e+00 1.143685966684150372e+02 1.167033552343497149e+00 -1.260178578878485041e+03 3.486162262991844909e+05 1.143685966684151936e+02 3.486162262991848984e+05 -8.079122136333982944e+08 2.659846172953677090e-01 3.216747325042200600e+01 3.152393319482485367e+03 3.216747325042201311e+01 3.890248788964971482e+03 3.812420763666017447e+05 3.152393319482485822e+03 3.812420763666016865e+05 3.736149760000002384e+07
9.649902259166887736e-03 1.167033552343494041e+00 1.143685966684150372e+02 1.167033552343497149e+00 -1.260178578878485041e+03 3.486162262991844909e+05 1.143685966684151936e+02 3.486162262991848984e+05 -8.079122136333982944e+08 2.659846172953677090e-01 3.216747325042200600e+01 3.152393319482485367e+03 3.216747325042201311e+01 3.890248788964971482e+03 3.812420763666017447e+05 3.152393319482485822e+03 3.812420763666016865e+05 3.736149760000002384e+07
9.649902259166887736e-03 1.167033552343494041e+00 1.143685966684150372e+02 1.167033552343497149e+00 -1.260178578878485041e+03 3.486162262991844909e+05 1.143685966684151936e+02 3.486162262991848984e+05 -8.079122136333982944e+08 2.659846172953677090e-01 3.216747325042200600e+01 3.152393319482485367e+03 3.216747325042201311e+01 3.890248788964971482e+03 3.812420763666017447e+05 3.152393319482485822e+03 3.812420763666016865e+05 3.736149760000002384e+07
9.649902259166887736e-03 1.167033552343494041e+00 1.143685966684150372e+02 1.167033552343497149e+00 -1.260178578878485041e+03 3.486162262991844909e+05 1.143685966684151936e+02 3.486162262991848984e+05 -8.079122136333982944e+08 2.659846172953677090e-01 3.216747325042200600e+01 3.152393319482485367e+03 3.216747325042201311e+01 3.890248788964971482e+03 3.812420763666017447e+05 3.152393319482485822e+03 3.812420763666016865e+05 3.736149760000002384e+07
9.649902259166887736e-03 1.167033552343494041e+00 1.143685966684150372e+02 1.167033552343497149e+00 -1.260178578878485041e+03 3.486162262991844909e+05 1.143685966684151936e+02 3.486162262991848984e+05 -8.079122136333982944e+08 2.659846172953677090e-01 3.216747325042200600e+01 3.152393319482485367e+03 3.216747325042201311e+01 3.890248788964971482e+03 3.812420763666017447e+05 3.152393319482485822e+03 3.812420763666016865e+05 3.736149760000002384e+07
9.649902259166887736e-03 1.167033552343494041e+00 1.143685966684150372e+02 1.167033552343497149e+00 -1.260178578878485041e+03 3.486162262991844909e+05 1.143685966684151936e+02 3.486162262991848984e+05 -8.079122136333982944e+08 2.659846172953677090e-01 3.216747325042200600e+01 3.152393319482485367e+03 3.216747325042201311e+01 3.890248788964971482e+03 3.812420763666017447e+05 3.152393319482485822e+03 3.812420763666016865e+05 3.736149760000002384e+07
9.649902259166887736e-03 1.167033552343494041e+00 1.143685966684150372e+02 1.167033552343497149e+00 -1.260178578878485041e+03 3.486162262991844909e+05 1.143685966684151936e+02 3.486162262991848984e+05 -8.079122136333982944e+08 2.659846172953677090e-01 3.216747325042200600e+01 3.152393319482485367e+03 3.216747325042201311e+01 3.890248788964971482e+03 3.812420763666017447e+05 3.152393319482485822e+03 3.812420763666016865e+05 3.736149760000002384e+07
9.649902259166887736e-03 1.167033552343494041e+00 1.143685966684150372e+02 1.167033552343497149e+00 -1.260178578878485041e+03 3.486162262991844909e+05 1.143685966684151936e+02 3.486162262991848984e+05 -8.079122136333982944e+08 2.659846172953677090e-01 3.216747325042200600e+01 3.152393319482485367e+03 3.216747325042201311e+01 3.890248788964971482e+03 3.812420763666017447e+05 3.152393319482485822e+03 3.812420763666016865e+05 3.736149760000002384e+07
9.649902259166887736e-03 1.167033552343494041e+00 1.143685966684150372e+02 1.167033552343497149e+00 -1.260178578878485041e+03 3.486162262991844909e+05 1.143685966684151936e+02 3.486162262991848984e+05 -8.079122136333982944e+08 2.659846172953677090e-01 3.216747325042200600e+01 3.152393319482485367e+03 3.216747325042201311e+01 3.890248788964971482e+03 3.812420763666017447e+05 3.152393319482485822e+03 3.812420763666016865e+05 3.736149760000002384e+07
9.649902259166887736e-03 1.167033552343494041e+00 1.143685966684150372e+02 1.167033552343497149e+00 -1.260178578878485041e+03 3.486162262991844909e+05 1.143685966684151936e+02 3.486162262991848984e+05 -8.079122136333982944e+08 2.659846172953677090e-01 3.216747325042200600e+01 3.152393319482485367e+03 3.216747325042201311e+01 3.890248788964971482e+03 3.812420763666017447e+05 3.152393319482485822e+03 3.812420763666016865e+05 3.736149760000002384e+07
9.649902259166887736e-03 1.167033552343494041e+00 1.143685966684150372e+02 1.167033552343497149e+00 -1.260178578878485041e+03 3.486162262991844909e+05 1.143685966684151936e+02 3.486162262991848984e+05 -8.079122136333982944e+08 2.659846172953677090e-01 3.216747325042200600e+01 3.152393319482485367e+03 3.216747325042201311e+01 3.890248788964971482e+03 3.812420763666017447e+05 3.152393319482485822e+03 3.812420763666016865e+05 3.736149760000002384e+07
9.649902259166887736e-03 1.167033552343494041e+00 1.143685966684150372e+02 1.167033552343497149e+00 -1.260178578878485041e+03 3.486162262991844909e+05 1.143685966684151936e+02 3.486162262991848984e+05 -8.079122136333982944e+08 2.659846172953677090e-01 3.216747325042200600e+01 3.152393319482485367e+03 3.216747325042201311e+01 3.890248788964971482e+03 3.812420763666017447e+05 3.152393319482485822e+03 3.812420763666016865e+05 3.736149760000002384e+07
9.649902259166887736e-03 1.167033552343494041e+00 1.143685966684150372e+02 1.167033552343497149e+00 -1.260178578878485041e+03 3.486162262991844909e+05 1.143685966684151936e+02 3.486162262991848984e+05 -8.079122136333982944e+08 2.659846172953677090e-01 3.216747325042200600e+01 3.152393319482485367e+03 3.216747325042201311e+01 3.890248788964971482e+03 3.812420763666017447e+05 3.152393319482485822e+03 3.812420763666016865e+05 3.736149760000002384e+07
9.649902259166887736e-03 1.167033552343494041e+00 1.143685966684150372e+02 1.167033552343497149e+00 -1.260178578878485041e+03 3.486162262991844909e+05 1.143685966684151936e+02 3.486162262991848984e+05 -8.079122136333982944e+08 2.659846172953677090e-01 3.216747325042200600e+01 3.152393319482485367e+03 3.216747325042201311e+01 3.890248788964971482e+03 3.812420763666017447e+05 3.152393319482485822e+03 3.812420763666016865e+05 3.736149760000002384e+07
9.649902259166887736e-03 1.167033552343494041e+00 1.143685966684150372e+02 1.167033552343497149e+00 -1.260178578878485041e+03 3.486162262991844909e+05 1.143685966684151936e+02 3.486162262991848984e+05 -8.079122136333982944e+08 2.659846172953677090e-01 3.216747325042200600e+01 3.152393319482485367e+03 3.216747325042201311e+01 3.890248788964971482e+03 3.812420763666017447e+05 3.152393319482485822e+03 3.812420763666016865e+05 3.736149760000002384e+07
9.649902259166887736e-03 1.167033552343494041e+00 1.143685966684150372e+02 1.167033552343497149e+00 -1.260178578878485041e+03 3.486162262991844909e+05 1.143685966684151936e+02 3.486162262991848984e+05 -8.079122136333982944e+08 2.659846172953677090e-01 3.216747325042200600e+01 3.152393319482485367e+03 3.216747325042201311e+01 3.890248788964971482e+03 3.812420763666017447e+05 3.152393319482485822e+03 3.812420763666016865e+05 3.736149760000002384e+07
9.649902259166887736e-03 1.167033552343494041e+00 1.143685966684150372e+02 1.167033552343497149e+00 -1.260178578878485041e+03 3.486162262991844909e+05 1.143685966684151936e+02 3.486162262991848984e+05 -8.079122136333982944e+08 2.659846172953677090e-01 3.216747325042200600e+01 3.152393319482485367e+03 3.216747325042201311e+01 3.890248788964971482e+03 3.812420763666017447e+05 3.152393319482485822e+03 3.812420763666016865e+05 3.736149760000002384e+07
9.649902259166887736e-03 1.167033552343494041e+00 1.143685966684150372e+02 1.167033552343497149e+00 -1.260178578878485041e+03 3.486162262991844909e+05 1.143685966684151936e+02 3.486162262991848984e+05 -8.079122136333982944e+08 2.659846172953677090e-01 3.216747325042200600e+01 3.152393319482485367e+03 3.216747325042201311e+01 3.890248788964971482e+03 3.812420763666017447e+05 3.152393319482485822e+03 3.812420763666016865e+05 3.736149760000002384e+07
9.649902259166887736e-03 1.167033552343494041e+00 1.143685966684150372e+02 1.167033552343497149e+00 -1.260178578878485041e+03 3.486162262991844909e+05 1.143685966684151936e+02 3.486162262991848984e+05 -8.079122136333982944e+08 2.659846172953677090e-01 3.216747325042200600e+01 3.152393319482485367e+03 3.216747325042201311e+01 3.890248788964971482e+03 3.812420763666017447e+05 3.152393319482485822e+03 3.812420763666016865e+05 3.736149760000002384e+07
9.649902259166887736e-03 1.167033552343494041e+00 1.143685966684150372e+02 1.167033552343497149e+00 -1.260178578878485041e+03 3.486162262991844909e+05 1.143685966684151936e+02 3.486162262991848984e+05 -8.079122136333982944e+08 2.659846172953677090e-01 3.216747325042200600e+01 3.152393319482485367e+03 3.216747325042201311e+01 3.890248788964971482e+03 3.812420763666017447e+05 3.152393319482485822e+03 3.812420763666016865e+05 3.736149760000002384e+07
9.649902259166887736e-03 1.167033552343494041e+00 1.143685966684150372e+02 1.167033552343497149e+00 -1.260178578878485041e+03 3.486162262991844909e+05 1.143685966684151936e+02 3.486162262991848984e+05 -8.079122136333982944e+08 2.659846172953677090e-01 3.216747325042200600e+01 3.152393319482485367e+03 3.216747325042201311e+01 3.890248788964971482e+03 3.812420763666017447e+05 3.152393319482485822e+03 3.812420763666016865e+05 3.736149760000002384e+07
9.649902259166887736e-03 1.167033552343494041e+00 1.143685966684150372e+02 1.167033552343497149e+00 -1.260178578878485041e+03 3.486162262991844909e+05 1.143685966684151936e+02 3.486162262991848984e+05 -8.079122136333982944e+08 2.659846172953677090e-01 3.216747325042200600e+01 3.152393319482485367e+03 3.216747325042201311e+01 3.890248788964971482e+03 3.812420763666017447e+05 3.152393319482485822e+03 3.812420763666016865e+05 3.736149760000002384e+07
9.649902259166887736e-03 1.167033552343494041e+00 1.143685966684150372e+02 1.167033552343497149e+00 -1.260178578878485041e+03 3.486162262991844909e+05 1.143685966684151936e+02 3.486162262991848984e+05 -8.079122136333982944e+08 2.659846172953677090e-01 3.216747325042200600e+01 3.152393319482485367e+03 3.216747325042201311e+01 3.890248788964971482e+03 3.812420763666017447e+05 3.152393319482485822e+03 3.812420763666016865e+05 3.736149760000002384e+07
9.649902259166887736e-03 1.167033552343494041e+00 1.143685966684150372e+02 1.167033552343497149e+00 -1.260178578878485041e+03 3.486162262991844909e+05 1.143685966684151936e+02 3.486162262991848984e+05 -8.079122136333982944e+08 2.659846172953677090e-01 3.216747325042200600e+01 3.152393319482485367e+03 3.216747325042201311e+01 3.890248788964971482e+03 3.812420763666017447e+05 3.152393319482485822e+03 3.812420763666016865e+05 3.736149760000002384e+07
9.649902259166887736e-03 1.167033552343494041e+00 1.143685966684150372e+02 1.167033552343497149e+00 -1.260178578878485041e+03 3.486162262991844909e+05 1.143685966684151936e+02 3.486162262991848984e+05 -8.079122136333982944e+08 2.659846172953677090e-01 3.216747325042200600e+01 3.152393319482485367e+03 3.216747325042201311e+01 3.890248788964971482e+03 3.812420763666017447e+05 3.152393319482485822e+03 3.812420763666016865e+05 3.736149760000002384e+07
9.649902259166887736e-03 1.167033552343494041e+00 1.143685966684150372e+02 1.167033552343497149e+00 -1.260178578878485041e+03 3.486162262991844909e+05 1.143685966684151936e+02 3.486162262991848984e+05 -8.079122136333982944e+08 2.659846172953677090e-01 3.216747325042200600e+01 3.152393319482485367e+03 3.216747325042201311e+01 3.890248788964971482e+03 3.812420763666017447e+05 3.152393319482485822e+03 3.812420763666016865e+05 3.736149760000002384e+07
9.649902259166887736e-03 1.167033552343494041e+00 1.143685966684150372e+02 1.167033552343497149e+00 -1.260178578878485041e+03 3.486162262991844909e+05 1.143685966684151936e+02 3.486162262991848984e+05 -8.079122136333982944e+08 2.659846172953677090e-01 3.216747325042200600e+01 3.152393319482485367e+03 3.216747325042201311e+01 3.890248788964971482e+03 3.812420763666017447e+05 3.152393319482485822e+03 3.812420763666016865e+05 3.736149760000002384e+07
9.649902259166887736e-03 1.167033552343494041e+00 1.143685966684150372e+02 1.167033552343497149e+00 -1.260178578878485041e+03 3.486162262991844909e+05 1.143685966684151936e+02 3.486162262991848984e+05 -8.079122136333982944e+08 2.659846172953677090e-01 3.216747325042200600e+01 3.152393319482485367e+03 3.216747325042201311e+01 3.890248788964971482e+03 3.812420763666017447e+05 3.152393319482485822e+03 3.812420763666016865e+05 3.736149760000002384e+07
9.649902259166887736e-03 1.167033552343494041e+00 1.143685966684150372e+02 1.167033552343497149e+00 -1.260178578878485041e+03 3.486162262991844909e+05 1.143685966684151936e+02 3.486162262991848984e+05 -8.079122136333982944e+08 2.659846172953677090e-01 3.216747325042200600e+01 3.152393319482485367e+03 3.216747325042201311e+01 3.890248788964971482e+03 3.812420763666017447e+05 3.152393319482485822e+03 3.812420763666016865e+05 3.736149760000002384e+07
9.649902259166887736e-03 1.167033552343494041e+00 1.143685966684150372e+02 1.167033552343497149e+00 -1.260178578878485041e+03 3.486162262991844909e+05 1.143685966684151936e+02 3.486162262991848984e+05 -8.079122136333982944e+08 2.659846172953677090e-01 3.216747325042200600e+01 3.152393319482485367e+03 3.216747325042201311e+01 3.890248788964971482e+03 3.812420763666017447e+05 3.152393319482485822e+03 3.812420763666016865e+05 3.736149760000002384e+07
9.649902259166887736e-03 1.167033552343494041e+00 1.143685966684150372e+02 1.167033552343497149e+00 -1.260178578878485041e+03 3.486162262991844909e+05 1.143685966684151936e+02 3.486162262991848984e+05 -8.079122136333982944e+08 2.659846172953677090e-01 3.216747325042200600e+01 3.152393319482485367e+03 3.216747325042201311e+01 3.890248788964971482e+03 3.812420763666017447e+05 3.152393319482485822e+03 3.812420763666016865e+05 3.736149760000002384e+07
9.649902259166887736e-03 1.167033552343494041e+00 1.143685966684150372e+02 1.167033552343497149e+00 -1.260178578878485041e+03 3.486162262991844909e+05 1.143685966684151936e+02 3.486162262991848984e+05 -8.079122136333982944e+08 2.659846172953677090e-01 3.216747325042200600e+01 3.152393319482485367e+03 3.216747325042201311e+01 3.890248788964971482e+03 3.812420763666017447e+05 3.152393319482485822e+03 3.812420763666016865e+05 3.736149760000002384e+07
9.649902259166887736e-03 1.167033552343494041e+00 1.143685966684150372e+02 1.167033552343497149e+00 -1.260178578878485041e+03 3.486162262991844909e+05 1.143685966684151936e+02 3.486162262991848984e+05 -8.079122136333982944e+08 2.659846172953677090e-01 3.216747325042200600e+01 3.152393319482485367e+03 3.216747325042201311e+01 3.890248788964971482e+03 3.812420763666017447e+05 3.152393319482485822e+03 3.812420763666016865e+05 3.736149760000002384e+07
9.649902259166887736e-03 1.167033552343494041e+00 1.143685966684150372e+02 1.167033552343497149e+00 -1.260178578878485041e+03 3.486162262991844909e+05 1.143685966684151936e+02 3.486162262991848984e+05 -8.079122136333982944e+08 2.659846172953677090e-01 3.216747325042200600e+01 3.152393319482485367e+03 3.216747325042201311e+01 3.890248788964971482e+03 3.812420763666017447e+05 3.152393319482485822e+03 3.812420763666016865e+05 3.736149760000002384e+07
9.649902259166887736e-03 1.167033552343494041e+00 1.143685966684150372e+02 1.167033552343497149e+00 -1.260178578878485041e+03 3.486162262991844909e+05 1.143685966684151936e+02 3.486162262991848984e+05 -8.079122136333982944e+08 2.659846172953677090e-01 3.216747325042200600e+01 3.152393319482485367e+03 3.216747325042201311e+01 3.890248788964971482e+03 3.812420763666017447e+05 3.152393319482485822e+03 3.812420763666016865e+05 3.736149760000002384e+07
9.649902259166887736e-03 1.167033552343494041e+00 1.143685966684150372e+02 1.167033552343497149e+00 -1.260178578878485041e+03 3.486162262991844909e+05 1.143685966684151936e+02 3.486162262991848984e+05 -8.079122136333982944e+08 2.659846172953677090e-01 3.216747325042200600e+01 3.152393319482485367e+03 3.216747325042201311e+01 3.890248788964971482e+03 3.812420763666017447e+05 3.152393319482485822e+03 3.812420763666016865e+05 3.736149760000002384e+07
9.649902259166887736e-03 1.167033552343494041e+00 1.143685966684150372e+02 1.167033552343497149e+00 -1.260178578878485041e+03 3.486162262991844909e+05 1.143685966684151936e+02 3.486162262991848984e+05 -8.079122136333982944e+08 2.659846172953677090e-01 3.216747325042200600e+01 3.152393319482485367e+03 3.216747325042201311e+01 3.890248788964971482e+03 3.812420763666017447e+05 3.152393319482485822e+03 3.812420763666016865e+05 3.736149760000002384e+07
9.649902259166887736e-03 1.167033552343494041e+00 1.143685966684150372e+02 1.167033552343497149e+00 -1.260178578878485041e+03 3.486162262991844909e+05 1.143685966684151936e+02 3.486162262991848984e+05 -8.079122136333982944e+08 2.659846172953677090e-01 3.216747325042200600e+01 3.152393319482485367e+03 3.216747325042201311e+01 3.890248788964971482e+03 3.812420763666017447e+05 3.152393319482485822e+03 3.812420763666016865e+05 3.736149760000002384e+07
9.649902259166887736e-03 1.167033552343494041e+00 1.143685966684150372e+02 1.167033552343497149e+00 -1.260178578878485041e+03 3.486162262991844909e+05 1.143685966684151936e+02 3.486162262991848984e+05 -8.079122136333982944e+08 2.659846172953677090e-01 3.216747325042200600e+01 3.152393319482485367e+03 3.216747325042201311e+01 3.890248788964971482e+03 3.812420763666017447e+05 3.152393319482485822e+03 3.812420763666016865e+05 3.736149760000002384e+07
9.649902259166887736e-03 1.167033552343494041e+00 1.143685966684150372e+02 1.167033552343497149e+00 -1.260178578878485041e+03 3.486162262991844909e+05 1.143685966684151936e+02 3.486162262991848984e+05 -8.079122136333982944e+08 2.659846172953677090e-01 3.216747325042200600e+01 3.152393319482485367e+03 3.216747325042201311e+01 3.890248788964971482e+03 3.812420763666017447e+05 3.152393319482485822e+03 3.812420763666016865e+05 3.736149760000002384e+07
9.649902259166887736e-03 1.167033552343494041e+00 1.143685966684150372e+02 1.167033552343497149e+00 -1.260178578878485041e+03 3.486162262991844909e+05 1.143685966684151936e+02 3.486162262991848984e+05 -8.079122136333982944e+08 2.659846172953677090e-01 3.216747325042200600e+01 3.152393319482485367e+03 3.216747325042201311e+01 3.890248788964971482e+03 3.812420763666017447e+05 3.152393319482485822e+03 3.812420763666016865e+05 3.736149760000002384e+07
9.649902259166887736e-03 1.167033552343494041e+00 1.143685966684150372e+02 1.167033552343497149e+00 -1.260178578878485041e+03 3.486162262991844909e+05 1.143685966684151936e+02 3.486162262991848984e+05 -8.079122136333982944e+08 2.659846172953677090e-01 3.216747325042200600e+01 3.152393319482485367e+03 3.216747325042201311e+01 3.890248788964971482e+03 3.812420763666017447e+05 3.152393319482485822e+03 3.812420763666016865e+05 3.736149760000002384e+07
9.649902259166887736e-03 1.167033552343494041e+00 1.143685966684150372e+02 1.167033552343497149e+00 -1.260178578878485041e+03 3.486162262991844909e+05 1.143685966684151936e+02 3.486162262991848984e+05 -8.079122136333982944e+08 2.659846172953677090e-01 3.216747325042200600e+01 3.152393319482485367e+03 3.216747325042201311e+01 3.890248788964971482e+03 3.812420763666017447e+05 3.152393319482485822e+03 3.812420763666016865e+05 3.736149760000002384e+07
9.649902259166887736e-03 1.167033552343494041e+00 1.143685966684150372e+02 1.167033552343497149e+00 -1.260178578878485041e+03 3.486162262991844909e+05 1.143685966684151936e+02 3.486162262991848984e+05 -8.079122136333982944e+08 2.659846172953677090e-01 3.216747325042200600e+01 3.152393319482485367e+03 3.216747325042201311e+01 3.890248788964971482e+03 3.812420763666017447e+05 3.152393319482485822e+03 3.812420763666016865e+05 3.736149760000002384e+07
9.649902259166887736e-03 1.167033552343494041e+00 1.143685966684150372e+02 1.167033552343497149e+00 -1.260178578878485041e+03 3.486162262991844909e+05 1.143685966684151936e+02 3.486162262991848984e+05 -8.079122136333982944e+08 2.659846172953677090e-01 3.216747325042200600e+01 3.152393319482485367e+03 3.216747325042201311e+01 3.890248788964971482e+03 3.812420763666017447e+05 3.152393319482485822e+03 3.812420763666016865e+05 3.736149760000002384e+07
9.649902259166887736e-03 1.167033552343494041e+00 1.143685966684150372e+02 1.167033552343497149e+00 -1.260178578878485041e+03 3.486162262991844909e+05 1.143685966684151936e+02 3.486162262991848984e+05 -8.079122136333982944e+08 2.659846172953677090e-01 3.216747325042200600e+01 3.152393319482485367e+03 3.216747325042201311e+01 3.890248788964971482e+03 3.812420763666017447e+05 3.152393319482485822e+03 3.812420763666016865e+05 3.736149760000002384e+07
9.649902259166887736e-03 1.167033552343494041e+00 1.143685966684150372e+02 1.167033552343497149e+00 -1.260178578878485041e+03 3.486162262991844909e+05 1.143685966684151936e+02 3.486162262991848984e+05 -8.079122136333982944e+08 2.659846172953677090e-01 3.216747325042200600e+01 3.152393319482485367e+03 3.216747325042201311e+01 3.890248788964971482e+03 3.812420763666017447e+05 3.152393319482485822e+03 3.812420763666016865e+05 3.736149760000002384e+07
9.649902259166887736e-03 1.167033552343494041e+00 1.143685966684150372e+02 1.167033552343497149e+00 -1.260178578878485041e+03 3.486162262991844909e+05 1.143685966684151936e+02 3.486162262991848984e+05 -8.079122136333982944e+08 2.659846172953677090e-01 3.216747325042200600e+01 3.152393319482485367e+03 3.216747325042201311e+01 3.890248788964971482e+03 3.812420763666017447e+05 3.152393319482485822e+03 3.812420763666016865e+05 3.736149760000002384e+07
9.649902259166887736e-03 1.167033552343494041e+00 1.143685966684150372e+02 1.167033552343497149e+00 -1.260178578878485041e+03 3.486162262991844909e+05 1.143685966684151936e+02 3.486162262991848984e+05 -8.079122136333982944e+08 2.659846172953677090e-01 3.216747325042200600e+01 3.152393319482485367e+03 3.216747325042201311e+01 3.890248788964971482e+03 3.812420763666017447e+05 3.152393319482485822e+03 3.812420763666016865e+05 3.736149760000002384e+07
9.649902259166887736e-03 1.167033552343494041e+00 1.143685966684150372e+02 1.167033552343497149e+00 -1.260178578878485041e+03 3.486162262991844909e+05 1.143685966684151936e+02 3.486162262991848984e+05 -8.079122136333982944e+08 2.659846172953677090e-01 3.216747325042200600e+01 3.152393319482485367e+03 3.216747325042201311e+01 3.890248788964971482e+03 3.812420763666017447e+05 3.152393319482485822e+03 3.812420763666016865e+05 3.736149760000002384e+07
9.649902259166887736e-03 1.167033552343494041e+00 1.143685966684150372e+02 1.167033552343497149e+00 -1.260178578878485041e+03 3.486162262991844909e+05 1.143685966684151936e+02 3.486162262991848984e+05 -8.079122136333982944e+08 2.659846172953677090e-01 3.216747325042200600e+01 3.152393319482485367e+03 3.216747325042201311e+01 3.890248788964971482e+03 3.812420763666017447e+05 3.152393319482485822e+03 3.812420763666016865e+05 3.736149760000002384e+07
9.649902259166887736e-03 1.167033552343494041e+00 1.143685966684150372e+02 1.167033552343497149e+00 -1.260178578878485041e+03 3.486162262991844909e+05 1.143685966684151936e+02 3.486162262991848984e+05 -8.079122136333982944e+08 2.659846172953677090e-01 3.216747325042200600e+01 3.152393319482485367e+03 3.216747325042201311e+01 3.890248788964971482e+03 3.812420763666017447e+05 3.152393319482485822e+03 3.812420763666016865e+05 3.736149760000002384e+07
9.649902259166887736e-03 1.167033552343494041e+00 1.143685966684150372e+02 1.167033552343497149e+00 -1.260178578878485041e+03 3.486162262991844909e+05 1.143685966684151936e+02 3.486162262991848984e+05 -8.079122136333982944e+08 2.659846172953677090e-01 3.216747325042200600e+01 3.152393319482485367e+03 3.216747325042201311e+01 3.890248788964971482e+03 3.812420763666017447e+05 3.152393319482485822e+03 3.812420763666016865e+05 3.736149760000002384e+07
9.649902259166887736e-03 1.167033552343494041e+00 1.143685966684150372e+02 1.167033552343497149e+00 -1.260178578878485041e+03 3.486162262991844909e+05 1.143685966684151936e+02 3.486162262991848984e+05 -8.079122136333982944e+08 2.659846172953677090e-01 3.216747325042200600e+01 3.152393319482485367e+03 3.216747325042201311e+01 3.890248788964971482e+03 3.812420763666017447e+05 3.152393319482485822e+03 3.812420763666016865e+05 3.736149760000002384e+07
9.649902259166887736e-03 1.167033552343494041e+00 1.143685966684150372e+02 1.167033552343497149e+00 -1.260178578878485041e+03 3.486162262991844909e+05 1.143685966684151936e+02 3.486162262991848984e+05 -8.079122136333982944e+08 2.659846172953677090e-01 3.216747325042200600e+01 3.152393319482485367e+03 3.216747325042201311e+01 3.890248788964971482e+03 3.812420763666017447e+05 3.152393319482485822e+03 3.812420763666016865e+05 3.736149760000002384e+07
9.649902259166887736e-03 1.167033552343494041e+00 1.143685966684150372e+02 1.167033552343497149e+00 -1.260178578878485041e+03 3.486162262991844909e+05 1.143685966684151936e+02 3.486162262991848984e+05 -8.079122136333982944e+08 2.659846172953677090e-01 3.216747325042200600e+01 3.152393319482485367e+03 3.216747325042201311e+01 3.890248788964971482e+03 3.812420763666017447e+05 3.152393319482485822e+03 3.812420763666016865e+05 3.736149760000002384e+07
9.649902259166887736e-03 1.167033552343494041e+00 1.143685966684150372e+02 1.167033552343497149e+00 -1.260178578878485041e+03 3.486162262991844909e+05 1.143685966684151936e+02 3.486162262991848984e+05 -8.079122136333982944e+08 2.659846172953677090e-01 3.216747325042200600e+01 3.152393319482485367e+03 3.216747325042201311e+01 3.890248788964971482e+03 3.812420763666017447e+05 3.152393319482485822e+03 3.812420763666016865e+05 3.736149760000002384e+07
9.649902259166887736e-03 1.167033552343494041e+00 1.143685966684150372e+02 1.167033552343497149e+00 -1.260178578878485041e+03 3.486162262991844909e+05 1.143685966684151936e+02 3.486162262991848984e+05 -8.079122136333982944e+08 2.659846172953677090e-01 3.216747325042200600e+01 3.152393319482485367e+03 3.216747325042201311e+01 3.890248788964971482e+03 3.812420763666017447e+05 3.152393319482485822e+03 3.812420763666016865e+05 3.736149760000002384e+07
9.649902259166887736e-03 1.167033552343494041e+00 1.143685966684150372e+02 1.167033552343497149e+00 -1.260178578878485041e+03 3.486162262991844909e+05 1.143685966684151936e+02 3.486162262991848984e+05 -8.079122136333982944e+08 2.659846172953677090e-01 3.216747325042200600e+01 3.152393319482485367e+03 3.216747325042201311e+01 3.890248788964971482e+03 3.812420763666017447e+05 3.152393319482485822e+03 3.812420763666016865e+05 3.736149760000002384e+07
9.649902259166887736e-03 1.167033552343494041e+00 1.143685966684150372e+02 1.167033552343497149e+00 -1.260178578878485041e+03 3.486162262991844909e+05 1.143685966684151936e+02 3.486162262991848984e+05 -8.079122136333982944e+08 2.659846172953677090e-01 3.216747325042200600e+01 3.152393319482485367e+03 3.216747325042201311e+01 3.890248788964971482e+03 3.812420763666017447e+05 3.152393319482485822e+03 3.812420763666016865e+05 3.736149760000002384e+07
9.649902259166887736e-03 1.167033552343494041e+00 1.143685966684150372e+02 1.167033552343497149e+00 -1.260178578878485041e+03 3.486162262991844909e+05 1.143685966684151936e+02 3.486162262991848984e+05 -8.079122136333982944e+08 2.659846172953677090e-01 3.216747325042200600e+01 3.152393319482485367e+03 3.216747325042201311e+01 3.890248788964971482e+03 3.812420763666017447e+05 3.152393319482485822e+03 3.812420763666016865e+05 3.736149760000002384e+07
9.649902259166887736e-03 1.167033552343494041e+00 1.143685966684150372e+02 1.167033552343497149e+00 -1.260178578878485041e+03 3.486162262991844909e+05 1.143685966684151936e+02 3.486162262991848984e+05 -8.079122136333982944e+08 2.659846172953677090e-01 3.216747325042200600e+01 3.152393319482485367e+03 3.216747325042201311e+01 3.890248788964971482e+03 3.812420763666017447e+05 3.152393319482485822e+03 3.812420763666016865e+05 3.736149760000002384e+07
9.649902259166887736e-03 1.167033552343494041e+00 1.143685966684150372e+02 1.167033552343497149e+00 -1.260178578878485041e+03 3.486162262991844909e+05 1.143685966684151936e+02 3.486162262991848984e+05 -8.079122136333982944e+08 2.659846172953677090e-01 3.216747325042200600e+01 3.152393319482485367e+03 3.216747325042201311e+01 3.890248788964971482e+03 3.812420763666017447e+05 3.152393319482485822e+03 3.812420763666016865e+05 3.736149760000002384e+07
9.649902259166887736e-03 1.167033552343494041e+00 1.143685966684150372e+02 1.167033552343497149e+00 -1.260178578878485041e+03 3.486162262991844909e+05 1.143685966684151936e+02 3.486162262991848984e+05 -8.079122136333982944e+08 2.659846172953677090e-01 3.216747325042200600e+01 3.152393319482485367e+03 3.216747325042201311e+01 3.890248788964971482e+03 3.812420763666017447e+05 3.152393319482485822e+03 3.812420763666016865e+05 3.736149760000002384e+07
9.649902259166887736e-03 1.167033552343494041e+00 1.143685966684150372e+02 1.167033552343497149e+00 -1.260178578878485041e+03 3.486162262991844909e+05 1.143685966684151936e+02 3.486162262991848984e+05 -8.079122136333982944e+08 2.659846172953677090e-01 3.216747325042200600e+01 3.152393319482485367e+03 3.216747325042201311e+01 3.890248788964971482e+03 3.812420763666017447e+05 3.152393319482485822e+03 3.812420763666016865e+05 3.736149760000002384e+07
9.649902259166887736e-03 1.167033552343494041e+00 1.143685966684150372e+02 1.167033552343497149e+00 -1.260178578878485041e+03 3.486162262991844909e+05 1.143685966684151936e+02 3.486162262991848984e+05 -8.079122136333982944e+08 2.659846172953677090e-01 3.216747325042200600e+01 3.152393319482485367e+03 3.216747325042201311e+01 3.890248788964971482e+03 3.812420763666017447e+05 3.152393319482485822e+03 3.812420763666016865e+05 3.736149760000002384e+07
9.649902259166887736e-03 1.167033552343494041e+00 1.143685966684150372e+02 1.167033552343497149e+00 -1.260178578878485041e+03 3.486162262991844909e+05 1.143685966684151936e+02 3.486162262991848984e+05 -8.079122136333982944e+08 2.659846172953677090e-01 3.216747325042200600e+01 3.152393319482485367e+03 3.216747325042201311e+01 3.890248788964971482e+03 3.812420763666017447e+05 3.152393319482485822e+03 3.812420763666016865e+05 3.736149760000002384e+07
9.649902259166887736e-03 1.167033552343494041e+00 1.143685966684150372e+02 1.167033552343497149e+00 -1.260178578878485041e+03 3.486162262991844909e+05 1.143685966684151936e+02 3.486162262991848984e+05 -8.079122136333982944e+08 2.659846172953677090e-01 3.216747325042200600e+01 3.152393319482485367e+03 3.216747325042201311e+01 3.890248788964971482e+03 3.812420763666017447e+05 3.152393319482485822e+03 3.812420763666016865e+05 3.736149760000002384e+07
9.649902259166887736e-03 1.167033552343494041e+00 1.143685966684150372e+02 1.167033552343497149e+00 -1.260178578878485041e+03 3.486162262991844909e+05 1.143685966684151936e+02 3.486162262991848984e+05 -8.079122136333982944e+08 2.659846172953677090e-01 3.216747325042200600e+01 3.152393319482485367e+03 3.216747325042201311e+01 3.890248788964971482e+03 3.812420763666017447e+05 3.152393319482485822e+03 3.812420763666016865e+05 3.736149760000002384e+07
9.649902259166887736e-03 1.167033552343494041e+00 1.143685966684150372e+02 1.167033552343497149e+00 -1.260178578878485041e+03 3.486162262991844909e+05 1.143685966684151936e+02 3.486162262991848984e+05 -8.079122136333982944e+08 2.659846172953677090e-01 3.216747325042200600e+01 3.152393319482485367e+03 3.216747325042201311e+01 3.890248788964971482e+03 3.812420763666017447e+05 3.152393319482485822e+03 3.812420763666016865e+05 3.736149760000002384e+07
9.649902259166887736e-03 1.167033552343494041e+00 1.143685966684150372e+02 1.167033552343497149e+00 -1.260178578878485041e+03 3.486162262991844909e+05 1.143685966684151936e+02 3.486162262991848984e+05 -8.079122136333982944e+08 2.659846172953677090e-01 3.216747325042200600e+01 3.152393319482485367e+03 3.216747325042201311e+01 3.890248788964971482e+03 3.812420763666017447e+05 3.152393319482485822e+03 3.812420763666016865e+05 3.736149760000002384e+07
9.649902259166887736e-03 1.167033552343494041e+00 1.143685966684150372e+02 1.167033552343497149e+00 -1.260178578878485041e+03 3.486162262991844909e+05 1.143685966684151936e+02 3.486162262991848984e+05 -8.079122136333982944e+08 2.659846172953677090e-01 3.216747325042200600e+01 3.152393319482485367e+03 3.216747325042201311e+01 3.890248788964971482e+03 3.812420763666017447e+05 3.152393319482485822e+03 3.812420763666016865e+05 3.736149760000002384e+07
9.649902259166887736e-03 1.167033552343494041e+00 1.143685966684150372e+02 1.167033552343497149e+00 -1.260178578878485041e+03 3.486162262991844909e+05 1.143685966684151936e+02 3.486162262991848984e+05 -8.079122136333982944e+08 2.659846172953677090e-01 3.216747325042200600e+01 3.152393319482485367e+03 3.216747325042201311e+01 3.890248788964971482e+03 3.812420763666017447e+05 3.152393319482485822e+03 3.812420763666016865e+05 3.736149760000002384e+07
9.649902259166887736e-03 1.167033552343494041e+00 1.143685966684150372e+02 1.167033552343497149e+00 -1.260178578878485041e+03 3.486162262991844909e+05 1.143685966684151936e+02 3.486162262991848984e+05 -8.079122136333982944e+08 2.659846172953677090e-01 3.216747325042200600e+01 3.152393319482485367e+03 3.216747325042201311e+01 3.890248788964971482e+03 3.812420763666017447e+05 3.152393319482485822e+03 3.812420763666016865e+05 3.736149760000002384e+07
9.649902259166887736e-03 1.167033552343494041e+00 1.143685966684150372e+02 1.167033552343497149e+00 -1.260178578878485041e+03 3.486162262991844909e+05 1.143685966684151936e+02 3.486162262991848984e+05 -8.079122136333982944e+08 2.659846172953677090e-01 3.216747325042200600e+01 3.152393319482485367e+03 3.216747325042201311e+01 3.890248788964971482e+03 3.812420763666017447e+05 3.152393319482485822e+03 3.812420763666016865e+05 3.736149760000002384e+07
9.649902259166887736e-03 1.167033552343494041e+00 1.143685966684150372e+02 1.167033552343497149e+00 -1.260178578878485041e+03 3.486162262991844909e+05 1.143685966684151936e+02 3.486162262991848984e+05 -8.079122136333982944e+08 2.659846172953677090e-01 3.216747325042200600e+01 3.152393319482485367e+03 3.216747325042201311e+01 3.890248788964971482e+03 3.812420763666017447e+05 3.152393319482485822e+03 3.812420763666016865e+05 3.736149760000002384e+07
9.649902259166887736e-03 1.167033552343494041e+00 1.143685966684150372e+02 1.167033552343497149e+00 -1.260178578878485041e+03 3.486162262991844909e+05 1.143685966684151936e+02 3.486162262991848984e+05 -8.079122136333982944e+08 2.659846172953677090e-01 3.216747325042200600e+01 3.152393319482485367e+03 3.216747325042201311e+01 3.890248788964971482e+03 3.812420763666017447e+05 3.152393319482485822e+03 3.812420763666016865e+05 3.736149760000002384e+07
9.649902259166887736e-03 1.167033552343494041e+00 1.143685966684150372e+02 1.167033552343497149e+00 -1.260178578878485041e+03 3.486162262991844909e+05 1.143685966684151936e+02 3.486162262991848984e+05 -8.079122136333982944e+08 2.659846172953677090e-01 3.216747325042200600e+01 3.152393319482485367e+03 3.216747325042201311e+01 3.890248788964971482e+03 3.812420763666017447e+05 3.152393319482485822e+03 3.812420763666016865e+05 3.736149760000002384e+07
9.649902259166887736e-03 1.167033552343494041e+00 1.143685966684150372e+02 1.167033552343497149e+00 -1.260178578878485041e+03 3.486162262991844909e+05 1.143685966684151936e+02 3.486162262991848984e+05 -8.079122136333982944e+08 2.659846172953677090e-01 3.216747325042200600e+01 3.152393319482485367e+03 3.216747325042201311e+01 3.890248788964971482e+03 3.812420763666017447e+05 3.152393319482485822e+03 3.812420763666016865e+05 3.736149760000002384e+07
9.649902259166887736e-03 1.167033552343494041e+00 1.143685966684150372e+02 1.167033552343497149e+00 -1.260178578878485041e+03 3.486162262991844909e+05 1.143685966684151936e+02 3.486162262991848984e+05 -8.079122136333982944e+08 2.659846172953677090e-01 3.216747325042200600e+01 3.152393319482485367e+03 3.216747325042201311e+01 3.890248788964971482e+03 3.812420763666017447e+05 3.152393319482485822e+03 3.812420763666016865e+05 3.736149760000002384e+07
9.649902259166887736e-03 1.167033552343494041e+00 1.143685966684150372e+02 1.167033552343497149e+00 -1.260178578878485041e+03 3.486162262991844909e+05 1.143685966684151936e+02 3.486162262991848984e+05 -8.079122136333982944e+08 2.659846172953677090e-01 3.216747325042200600e+01 3.152393319482485367e+03 3.216747325042201311e+01 3.890248788964971482e+03 3.812420763666017447e+05 3.152393319482485822e+03 3.812420763666016865e+05 3.736149760000002384e+07
9.649902259166887736e-03 1.167033552343494041e+00 1.143685966684150372e+02 1.167033552343497149e+00 -1.260178578878485041e+03 3.486162262991844909e+05 1.143685966684151936e+02 3.486162262991848984e+05 -8.079122136333982944e+08 2.659846172953677090e-01 3.216747325042200600e+01 3.152393319482485367e+03 3.216747325042201311e+01 3.890248788964971482e+03 3.812420763666017447e+05 3.152393319482485822e+03 3.812420763666016865e+05 3.736149760000002384e+07
9.649902259166887736e-03 1.167033552343494041e+00 1.143685966684150372e+02 1.167033552343497149e+00 -1.260178578878485041e+03 3.486162262991844909e+05 1.143685966684151936e+02 3.486162262991848984e+05 -8.079122136333982944e+08 2.659846172953677090e-01 3.216747325042200600e+01 3.152393319482485367e+03 3.216747325042201311e+01 3.890248788964971482e+03 3.812420763666017447e+05 3.152393319482485822e+03 3.812420763666016865e+05 3.736149760000002384e+07
9.649902259166887736e-03 1.167033552343494041e+00 1.143685966684150372e+02 1.167033552343497149e+00 -1.260178578878485041e+03 3.486162262991844909e+05 1.143685966684151936e+02 3.486162262991848984e+05 -8.079122136333982944e+08 2.659846172953677090e-01 3.216747325042200600e+01 3.152393319482485367e+03 3.216747325042201311e+01 3.890248788964971482e+03 3.812420763666017447e+05 3.152393319482485822e+03 3.812420763666016865e+05 3.736149760000002384e+07
9.649902259166887736e-03 1.167033552343494041e+00 1.143685966684150372e+02 1.167033552343497149e+00 -1.260178578878485041e+03 3.486162262991844909e+05 1.143685966684151936e+02 3.486162262991848984e+05 -8.079122136333982944e+08 2.659846172953677090e-01 3.216747325042200600e+01 3.152393319482485367e+03 3.216747325042201311e+01 3.890248788964971482e+03 3.812420763666017447e+05 3.152393319482485822e+03 3.812420763666016865e+05 3.736149760000002384e+07
9.649902259166887736e-03 1.167033552343494041e+00 1.143685966684150372e+02 1.167033552343497149e+00 -1.260178578878485041e+03 3.486162262991844909e+05 1.143685966684151936e+02 3.486162262991848984e+05 -8.079122136333982944e+08 2.659846172953677090e-01 3.216747325042200600e+01 3.152393319482485367e+03 3.216747325042201311e+01 3.890248788964971482e+03 3.812420763666017447e+05 3.152393319482485822e+03 3.812420763666016865e+05 3.736149760000002384e+07
9.649902259166887736e-03 1.167033552343494041e+00 1.143685966684150372e+02 1.167033552343497149e+00 -1.260178578878485041e+03 3.486162262991844909e+05 1.143685966684151936e+02 3.486162262991848984e+05 -8.079122136333982944e+08 2.659846172953677090e-01 3.216747325042200600e+01 3.152393319482485367e+03 3.216747325042201311e+01 3.890248788964971482e+03 3.812420763666017447e+05 3.152393319482485822e+03 3.812420763666016865e+05 3.736149760000002384e+07
9.649902259166887736e-03 1.167033552343494041e+00 1.143685966684150372e+02 1.167033552343497149e+00 -1.260178578878485041e+03 3.486162262991844909e+05 1.143685966684151936e+02 3.486162262991848984e+05 -8.079122136333982944e+08 2.659846172953677090e-01 3.216747325042200600e+01 3.152393319482485367e+03 3.216747325042201311e+01 3.890248788964971482e+03 3.812420763666017447e+05 3.152393319482485822e+03 3.812420763666016865e+05 3.736149760000002384e+07
9.649902259166887736e-03 1.167033552343494041e+00 1.143685966684150372e+02 1.167033552343497149e+00 -1.260178578878485041e+03 3.486162262991844909e+05 1.143685966684151936e+02 3.486162262991848984e+05 -8.079122136333982944e+08 2.659846172953677090e-01 3.216747325042200600e+01 3.152393319482485367e+03 3.216747325042201311e+01 3.890248788964971482e+03 3.812420763666017447e+05 3.152393319482485822e+03 3.812420763666016865e+05 3.736149760000002384e+07
9.649902259166887736e-03 1.167033552343494041e+00 1.143685966684150372e+02 1.167033552343497149e+00 -1.260178578878485041e+03 3.486162262991844909e+05 1.143685966684151936e+02 3.486162262991848984e+05 -8.079122136333982944e+08 2.659846172953677090e-01 3.216747325042200600e+01 3.152393319482485367e+03 3.216747325042201311e+01 3.890248788964971482e+03 3.812420763666017447e+05 3.152393319482485822e+03 3.812420763666016865e+05 3.736149760000002384e+07
9.649902259166887736e-03 1.167033552343494041e+00 1.143685966684150372e+02 1.167033552343497149e+00 -1.260178578878485041e+03 3.486162262991844909e+05 1.143685966684151936e+02 3.486162262991848984e+05 -8.079122136333982944e+08 2.659846172953677090e-01 3.216747325042200600e+01 3.152393319482485367e+03 3.216747325042201311e+01 3.890248788964971482e+03 3.812420763666017447e+05 3.152393319482485822e+03 3.812420763666016865e+05 3.736149760000002384e+07
9.649902259166887736e-03 1.167033552343494041e+00 1.143685966684150372e+02 1.167033552343497149e+00 -1.260178578878485041e+03 3.486162262991844909e+05 1.143685966684151936e+02 3.486162262991848984e+05 -8.079122136333982944e+08 2.659846172953677090e-01 3.216747325042200600e+01 3.152393319482485367e+03 3.216747325042201311e+01 3.890248788964971482e+03 3.812420763666017447e+05 3.152393319482485822e+03 3.812420763666016865e+05 3.736149760000002384e+07
9.649902259166887736e-03 1.167033552343494041e+00 1.143685966684150372e+02 1.167033552343497149e+00 -1.260178578878485041e+03 3.486162262991844909e+05 1.143685966684151936e+02 3.486162262991848984e+05 -8.079122136333982944e+08 2.659846172953677090e-01 3.216747325042200600e+01 3.152393319482485367e+03 3.216747325042201311e+01 3.890248788964971482e+03 3.812420763666017447e+05 3.152393319482485822e+03 3.812420763666016865e+05 3.736149760000002384e+07
9.649902259166887736e-03 1.167033552343494041e+00 1.143685966684150372e+02 1.167033552343497149e+00 -1.260178578878485041e+03 3.486162262991844909e+05 1.143685966684151936e+02 3.486162262991848984e+05 -8.079122136333982944e+08 2.659846172953677090e-01 3.216747325042200600e+01 3.152393319482485367e+03 3.216747325042201311e+01 3.890248788964971482e+03 3.812420763666017447e+05 3.152393319482485822e+03 3.812420763666016865e+05 3.736149760000002384e+07
9.649902259166887736e-03 1.167033552343494041e+00 1.143685966684150372e+02 1.167033552343497149e+00 -1.260178578878485041e+03 3.486162262991844909e+05 1.143685966684151936e+02 3.486162262991848984e+05 -8.079122136333982944e+08 2.659846172953677090e-01 3.216747325042200600e+01 3.152393319482485367e+03 3.216747325042201311e+01 3.890248788964971482e+03 3.812420763666017447e+05 3.152393319482485822e+03 3.812420763666016865e+05 3.736149760000002384e+07
9.649902259166887736e-03 1.167033552343494041e+00 1.143685966684150372e+02 1.167033552343497149e+00 -1.260178578878485041e+03 3.486162262991844909e+05 1.143685966684151936e+02 3.486162262991848984e+05 -8.079122136333982944e+08 2.659846172953677090e-01 3.216747325042200600e+01 3.152393319482485367e+03 3.216747325042201311e+01 3.890248788964971482e+03 3.812420763666017447e+05 3.152393319482485822e+03 3.812420763666016865e+05 3.736149760000002384e+07
9.649902259166887736e-03 1.167033552343494041e+00 1.143685966684150372e+02 1.167033552343497149e+00 -1.260178578878485041e+03 3.486162262991844909e+05 1.143685966684151936e+02 3.486162262991848984e+05 -8.079122136333982944e+08 2.659846172953677090e-01 3.216747325042200600e+01 3.152393319482485367e+03 3.216747325042201311e+01 3.890248788964971482e+03 3.812420763666017447e+05 3.152393319482485822e+03 3.812420763666016865e+05 3.736149760000002384e+07
9.649902259166887736e-03 1.167033552343494041e+00 1.143685966684150372e+02 1.167033552343497149e+00 -1.260178578878485041e+03 3.486162262991844909e+05 1.143685966684151936e+02 3.486162262991848984e+05 -8.079122136333982944e+08 2.659846172953677090e-01 3.216747325042200600e+01 3.152393319482485367e+03 3.216747325042201311e+01 3.890248788964971482e+03 3.812420763666017447e+05 3.152393319482485822e+03 3.812420763666016865e+05 3.736149760000002384e+07
9.649902259166887736e-03 1.167033552343494041e+00 1.143685966684150372e+02 1.167033552343497149e+00 -1.260178578878485041e+03 3.486162262991844909e+05 1.143685966684151936e+02 3.486162262991848984e+05 -8.079122136333982944e+08 2.659846172953677090e-01 3.216747325042200600e+01 3.152393319482485367e+03 3.216747325042201311e+01 3.890248788964971482e+03 3.812420763666017447e+05 3.152393319482485822e+03 3.812420763666016865e+05 3.736149760000002384e+07
9.649902259166887736e-03 1.167033552343494041e+00 1.143685966684150372e+02 1.167033552343497149e+00 -1.260178578878485041e+03 3.486162262991844909e+05 1.143685966684151936e+02 3.486162262991848984e+05 -8.079122136333982944e+08 2.659846172953677090e-01 3.216747325042200600e+01 3.152393319482485367e+03 3.216747325042201311e+01 3.890248788964971482e+03 3.812420763666017447e+05 3.152393319482485822e+03 3.812420763666016865e+05 3.736149760000002384e+07
9.649902259166887736e-03 1.167033552343494041e+00 1.143685966684150372e+02 1.167033552343497149e+00 -1.260178578878485041e+03 3.486162262991844909e+05 1.143685966684151936e+02 3.486162262991848984e+05 -8.079122136333982944e+08 2.659846172953677090e-01 3.216747325042200600e+01 3.152393319482485367e+03 3.216747325042201311e+01 3.890248788964971482e+03 3.812420763666017447e+05 3.152393319482485822e+03 3.812420763666016865e+05 3.736149760000002384e+07
9.649902259166887736e-03 1.167033552343494041e+00 1.143685966684150372e+02 1.167033552343497149e+00 -1.260178578878485041e+03 3.486162262991844909e+05 1.143685966684151936e+02 3.486162262991848984e+05 -8.079122136333982944e+08 2.659846172953677090e-01 3.216747325042200600e+01 3.152393319482485367e+03 3.216747325042201311e+01 3.890248788964971482e+03 3.812420763666017447e+05 3.152393319482485822e+03 3.812420763666016865e+05 3.736149760000002384e+07
9.649902259166887736e-03 1.167033552343494041e+00 1.143685966684150372e+02 1.167033552343497149e+00 -1.260178578878485041e+03 3.486162262991844909e+05 1.143685966684151936e+02 3.486162262991848984e+05 -8.079122136333982944e+08 2.659846172953677090e-01 3.216747325042200600e+01 3.152393319482485367e+03 3.216747325042201311e+01 3.890248788964971482e+03 3.812420763666017447e+05 3.152393319482485822e+03 3.812420763666016865e+05 3.736149760000002384e+07
9.649902259166887736e-03 1.167033552343494041e+00 1.143685966684150372e+02 1.167033552343497149e+00 -1.260178578878485041e+03 3.486162262991844909e+05 1.143685966684151936e+02 3.486162262991848984e+05 -8.079122136333982944e+08 2.659846172953677090e-01 3.216747325042200600e+01 3.152393319482485367e+03 3.216747325042201311e+01 3.890248788964971482e+03 3.812420763666017447e+05 3.152393319482485822e+03 3.812420763666016865e+05 3.736149760000002384e+07
9.649902259166887736e-03 1.167033552343494041e+00 1.143685966684150372e+02 1.167033552343497149e+00 -1.260178578878485041e+03 3.486162262991844909e+05 1.143685966684151936e+02 3.486162262991848984e+05 -8.079122136333982944e+08 2.659846172953677090e-01 3.216747325042200600e+01 3.152393319482485367e+03 3.216747325042201311e+01 3.890248788964971482e+03 3.812420763666017447e+05 3.152393319482485822e+03 3.812420763666016865e+05 3.736149760000002384e+07
9.649902259166887736e-03 1.167033552343494041e+00 1.143685966684150372e+02 1.167033552343497149e+00 -1.260178578878485041e+03 3.486162262991844909e+05 1.143685966684151936e+02 3.486162262991848984e+05 -8.079122136333982944e+08 2.659846172953677090e-01 3.216747325042200600e+01 3.152393319482485367e+03 3.216747325042201311e+01 3.890248788964971482e+03 3.812420763666017447e+05 3.152393319482485822e+03 3.812420763666016865e+05 3.736149760000002384e+07
9.649902259166887736e-03 1.167033552343494041e+00 1.143685966684150372e+02 1.167033552343497149e+00 -1.260178578878485041e+03 3.486162262991844909e+05 1.143685966684151936e+02 3.486162262991848984e+05 -8.079122136333982944e+08 2.659846172953677090e-01 3.216747325042200600e+01 3.152393319482485367e+03 3.216747325042201311e+01 3.890248788964971482e+03 3.812420763666017447e+05 3.152393319482485822e+03 3.812420763666016865e+05 3.736149760000002384e+07
9.649902259166887736e-03 1.167033552343494041e+00 1.143685966684150372e+02 1.167033552343497149e+00 -1.260178578878485041e+03 3.486162262991844909e+05 1.143685966684151936e+02 3.486162262991848984e+05 -8.079122136333982944e+08 2.659846172953677090e-01 3.216747325042200600e+01 3.152393319482485367e+03 3.216747325042201311e+01 3.890248788964971482e+03 3.812420763666017447e+05 3.152393319482485822e+03 3.812420763666016865e+05 3.736149760000002384e+07
9.649902259166887736e-03 1.167033552343494041e+00 1.143685966684150372e+02 1.167033552343497149e+00 -1.260178578878485041e+03 3.486162262991844909e+05 1.143685966684151936e+02 3.486162262991848984e+05 -8.079122136333982944e+08 2.659846172953677090e-01 3.216747325042200600e+01 3.152393319482485367e+03 3.216747325042201311e+01 3.890248788964971482e+03 3.812420763666017447e+05 3.152393319482485822e+03 3.812420763666016865e+05 3.736149760000002384e+07
9.649902259166887736e-03 1.167033552343494041e+00 1.143685966684150372e+02 1.167033552343497149e+00 -1.260178578878485041e+03 3.486162262991844909e+05 1.143685966684151936e+02 3.486162262991848984e+05 -8.079122136333982944e+08 2.659846172953677090e-01 3.216747325042200600e+01 3.152393319482485367e+03 3.216747325042201311e+01 3.890248788964971482e+03 3.812420763666017447e+05 3.152393319482485822e+03 3.812420763666016865e+05 3.736149760000002384e+07
9.649902259166887736e-03 1.167033552343494041e+00 1.143685966684150372e+02 1.167033552343497149e+00 -1.260178578878485041e+03 3.486162262991844909e+05 1.143685966684151936e+02 3.486162262991848984e+05 -8.079122136333982944e+08 2.659846172953677090e-01 3.216747325042200600e+01 3.152393319482485367e+03 3.216747325042201311e+01 3.890248788964971482e+03 3.812420763666017447e+05 3.152393319482485822e+03 3.812420763666016865e+05 3.736149760000002384e+07
9.649902259166887736e-03 1.167033552343494041e+00 1.143685966684150372e+02 1.167033552343497149e+00 -1.260178578878485041e+03 3.486162262991844909e+05 1.143685966684151936e+02 3.486162262991848984e+05 -8.079122136333982944e+08 2.659846172953677090e-01 3.216747325042200600e+01 3.152393319482485367e+03 3.216747325042201311e+01 3.890248788964971482e+03 3.812420763666017447e+05 3.152393319482485822e+03 3.812420763666016865e+05 3.736149760000002384e+07
9.649902259166887736e-03 1.167033552343494041e+00 1.143685966684150372e+02 1.167033552343497149e+00 -1.260178578878485041e+03 3.486162262991844909e+05 1.143685966684151936e+02 3.486162262991848984e+05 -8.079122136333982944e+08 2.659846172953677090e-01 3.216747325042200600e+01 3.152393319482485367e+03 3.216747325042201311e+01 3.890248788964971482e+03 3.812420763666017447e+05 3.152393319482485822e+03 3.812420763666016865e+05 3.736149760000002384e+07
9.649902259166887736e-03 1.167033552343494041e+00 1.143685966684150372e+02 1.167033552343497149e+00 -1.260178578878485041e+03 3.486162262991844909e+05 1.143685966684151936e+02 3.486162262991848984e+05 -8.079122136333982944e+08 2.659846172953677090e-01 3.216747325042200600e+01 3.152393319482485367e+03 3.216747325042201311e+01 3.890248788964971482e+03 3.812420763666017447e+05 3.152393319482485822e+03 3.812420763666016865e+05 3.736149760000002384e+07
9.649902259166887736e-03 1.167033552343494041e+00 1.143685966684150372e+02 1.167033552343497149e+00 -1.260178578878485041e+03 3.486162262991844909e+05 1.143685966684151936e+02 3.486162262991848984e+05 -8.079122136333982944e+08 2.659846172953677090e-01 3.216747325042200600e+01 3.152393319482485367e+03 3.216747325042201311e+01 3.890248788964971482e+03 3.812420763666017447e+05 3.152393319482485822e+03 3.812420763666016865e+05 3.736149760000002384e+07
9.649902259166887736e-03 1.167033552343494041e+00 1.143685966684150372e+02 1.167033552343497149e+00 -1.260178578878485041e+03 3.486162262991844909e+05 1.143685966684151936e+02 3.486162262991848984e+05 -8.079122136333982944e+08 2.659846172953677090e-01 3.216747325042200600e+01 3.152393319482485367e+03 3.216747325042201311e+01 3.890248788964971482e+03 3.812420763666017447e+05 3.152393319482485822e+03 3.812420763666016865e+05 3.736149760000002384e+07
9.649902259166887736e-03 1.167033552343494041e+00 1.143685966684150372e+02 1.167033552343497149e+00 -1.260178578878485041e+03 3.486162262991844909e+05 1.143685966684151936e+02 3.486162262991848984e+05 -8.079122136333982944e+08 2.659846172953677090e-01 3.216747325042200600e+01 3.152393319482485367e+03 3.216747325042201311e+01 3.890248788964971482e+03 3.812420763666017447e+05 3.152393319482485822e+03 3.812420763666016865e+05 3.736149760000002384e+07
9.649902259166887736e-03 1.167033552343494041e+00 1.143685966684150372e+02 1.167033552343497149e+00 -1.260178578878485041e+03 3.486162262991844909e+05 1.143685966684151936e+02 3.486162262991848984e+05 -8.079122136333982944e+08 2.659846172953677090e-01 3.216747325042200600e+01 3.152393319482485367e+03 3.216747325042201311e+01 3.890248788964971482e+03 3.812420763666017447e+05 3.152393319482485822e+03 3.812420763666016865e+05 3.736149760000002384e+07
9.649902259166887736e-03 1.167033552343494041e+00 1.143685966684150372e+02 1.167033552343497149e+00 -1.260178578878485041e+03 3.486162262991844909e+05 1.143685966684151936e+02 3.486162262991848984e+05 -8.079122136333982944e+08 2.659846172953677090e-01 3.216747325042200600e+01 3.152393319482485367e+03 3.216747325042201311e+01 3.890248788964971482e+03 3.812420763666017447e+05 3.152393319482485822e+03 3.812420763666016865e+05 3.736149760000002384e+07
9.649902259166887736e-03 1.167033552343494041e+00 1.143685966684150372e+02 1.167033552343497149e+00 -1.260178578878485041e+03 3.486162262991844909e+05 1.143685966684151936e+02 3.486162262991848984e+05 -8.079122136333982944e+08 2.659846172953677090e-01 3.216747325042200600e+01 3.152393319482485367e+03 3.216747325042201311e+01 3.890248788964971482e+03 3.812420763666017447e+05 3.152393319482485822e+03 3.812420763666016865e+05 3.736149760000002384e+07
9.649902259166887736e-03 1.167033552343494041e+00 1.143685966684150372e+02 1.167033552343497149e+00 -1.260178578878485041e+03 3.486162262991844909e+05 1.143685966684151936e+02 3.486162262991848984e+05 -8.079122136333982944e+08 2.659846172953677090e-01 3.216747325042200600e+01 3.152393319482485367e+03 3.216747325042201311e+01 3.890248788964971482e+03 3.812420763666017447e+05 3.152393319482485822e+03 3.812420763666016865e+05 3.736149760000002384e+07
9.649902259166887736e-03 1.167033552343494041e+00 1.143685966684150372e+02 1.167033552343497149e+00 -1.260178578878485041e+03 3.486162262991844909e+05 1.143685966684151936e+02 3.486162262991848984e+05 -8.079122136333982944e+08 2.659846172953677090e-01 3.216747325042200600e+01 3.152393319482485367e+03 3.216747325042201311e+01 3.890248788964971482e+03 3.812420763666017447e+05 3.152393319482485822e+03 3.812420763666016865e+05 3.736149760000002384e+07
9.649902259166887736e-03 1.167033552343494041e+00 1.143685966684150372e+02 1.167033552343497149e+00 -1.260178578878485041e+03 3.486162262991844909e+05 1.143685966684151936e+02 3.486162262991848984e+05 -8.079122136333982944e+08 2.659846172953677090e-01 3.216747325042200600e+01 3.152393319482485367e+03 3.216747325042201311e+01 3.890248788964971482e+03 3.812420763666017447e+05 3.152393319482485822e+03 3.812420763666016865e+05 3.736149760000002384e+07
9.649902259166887736e-03 1.167033552343494041e+00 1.143685966684150372e+02 1.167033552343497149e+00 -1.260178578878485041e+03 3.486162262991844909e+05 1.143685966684151936e+02 3.486162262991848984e+05 -8.079122136333982944e+08 2.659846172953677090e-01 3.216747325042200600e+01 3.152393319482485367e+03 3.216747325042201311e+01 3.890248788964971482e+03 3.812420763666017447e+05 3.152393319482485822e+03 3.812420763666016865e+05 3.736149760000002384e+07
9.649902259166887736e-03 1.167033552343494041e+00 1.143685966684150372e+02 1.167033552343497149e+00 -1.260178578878485041e+03 3.486162262991844909e+05 1.143685966684151936e+02 3.486162262991848984e+05 -8.079122136333982944e+08 2.659846172953677090e-01 3.216747325042200600e+01 3.152393319482485367e+03 3.216747325042201311e+01 3.890248788964971482e+03 3.812420763666017447e+05 3.152393319482485822e+03 3.812420763666016865e+05 3.736149760000002384e+07
9.649902259166887736e-03 1.167033552343494041e+00 1.143685966684150372e+02 1.167033552343497149e+00 -1.260178578878485041e+03 3.486162262991844909e+05 1.143685966684151936e+02 3.486162262991848984e+05 -8.079122136333982944e+08 2.659846172953677090e-01 3.216747325042200600e+01 3.152393319482485367e+03 3.216747325042201311e+01 3.890248788964971482e+03 3.812420763666017447e+05 3.152393319482485822e+03 3.812420763666016865e+05 3.736149760000002384e+07
9.649902259166887736e-03 1.167033552343494041e+00 1.143685966684150372e+02 1.167033552343497149e+00 -1.260178578878485041e+03 3.486162262991844909e+05 1.143685966684151936e+02 3.486162262991848984e+05 -8.079122136333982944e+08 2.659846172953677090e-01 3.216747325042200600e+01 3.152393319482485367e+03 3.216747325042201311e+01 3.890248788964971482e+03 3.812420763666017447e+05 3.152393319482485822e+03 3.812420763666016865e+05 3.736149760000002384e+07
9.649902259166887736e-03 1.167033552343494041e+00 1.143685966684150372e+02 1.167033552343497149e+00 -1.260178578878485041e+03 3.486162262991844909e+05 1.143685966684151936e+02 3.486162262991848984e+05 -8.079122136333982944e+08 2.659846172953677090e-01 3.216747325042200600e+01 3.152393319482485367e+03 3.216747325042201311e+01 3.890248788964971482e+03 3.812420763666017447e+05 3.152393319482485822e+03 3.812420763666016865e+05 3.736149760000002384e+07
9.649902259166887736e-03 1.167033552343494041e+00 1.143685966684150372e+02 1.167033552343497149e+00 -1.260178578878485041e+03 3.486162262991844909e+05 1.143685966684151936e+02 3.486162262991848984e+05 -8.079122136333982944e+08 2.659846172953677090e-01 3.216747325042200600e+01 3.152393319482485367e+03 3.216747325042201311e+01 3.890248788964971482e+03 3.812420763666017447e+05 3.152393319482485822e+03 3.812420763666016865e+05 3.736149760000002384e+07
9.649902259166887736e-03 1.167033552343494041e+00 1.143685966684150372e+02 1.167033552343497149e+00 -1.260178578878485041e+03 3.486162262991844909e+05 1.143685966684151936e+02 3.486162262991848984e+05 -8.079122136333982944e+08 2.659846172953677090e-01 3.216747325042200600e+01 3.152393319482485367e+03 3.216747325042201311e+01 3.890248788964971482e+03 3.812420763666017447e+05 3.152393319482485822e+03 3.812420763666016865e+05 3.736149760000002384e+07
9.649902259166887736e-03 1.167033552343494041e+00 1.143685966684150372e+02 1.167033552343497149e+00 -1.260178578878485041e+03 3.486162262991844909e+05 1.143685966684151936e+02 3.486162262991848984e+05 -8.079122136333982944e+08 2.659846172953677090e-01 3.216747325042200600e+01 3.152393319482485367e+03 3.216747325042201311e+01 3.890248788964971482e+03 3.812420763666017447e+05 3.152393319482485822e+03 3.812420763666016865e+05 3.736149760000002384e+07
9.649902259166887736e-03 1.167033552343494041e+00 1.143685966684150372e+02 1.167033552343497149e+00 -1.260178578878485041e+03 3.486162262991844909e+05 1.143685966684151936e+02 3.486162262991848984e+05 -8.079122136333982944e+08 2.659846172953677090e-01 3.216747325042200600e+01 3.152393319482485367e+03 3.216747325042201311e+01 3.890248788964971482e+03 3.812420763666017447e+05 3.152393319482485822e+03 3.812420763666016865e+05 3.736149760000002384e+07
9.649902259166887736e-03 1.167033552343494041e+00 1.143685966684150372e+02 1.167033552343497149e+00 -1.260178578878485041e+03 3.486162262991844909e+05 1.143685966684151936e+02 3.486162262991848984e+05 -8.079122136333982944e+08 2.659846172953677090e-01 3.216747325042200600e+01 3.152393319482485367e+03 3.216747325042201311e+01 3.890248788964971482e+03 3.812420763666017447e+05 3.152393319482485822e+03 3.812420763666016865e+05 3.736149760000002384e+07
9.649902259166887736e-03 1.167033552343494041e+00 1.143685966684150372e+02 1.167033552343497149e+00 -1.260178578878485041e+03 3.486162262991844909e+05 1.143685966684151936e+02 3.486162262991848984e+05 -8.079122136333982944e+08 2.659846172953677090e-01 3.216747325042200600e+01 3.152393319482485367e+03 3.216747325042201311e+01 3.890248788964971482e+03 3.812420763666017447e+05 3.152393319482485822e+03 3.812420763666016865e+05 3.736149760000002384e+07
9.649902259166887736e-03 1.167033552343494041e+00 1.143685966684150372e+02 1.167033552343497149e+00 -1.260178578878485041e+03 3.486162262991844909e+05 1.143685966684151936e+02 3.486162262991848984e+05 -8.079122136333982944e+08 2.659846172953677090e-01 3.216747325042200600e+01 3.152393319482485367e+03 3.216747325042201311e+01 3.890248788964971482e+03 3.812420763666017447e+05 3.152393319482485822e+03 3.812420763666016865e+05 3.736149760000002384e+07
9.649902259166887736e-03 1.167033552343494041e+00 1.143685966684150372e+02 1.167033552343497149e+00 -1.260178578878485041e+03 3.486162262991844909e+05 1.143685966684151936e+02 3.486162262991848984e+05 -8.079122136333982944e+08 2.659846172953677090e-01 3.216747325042200600e+01 3.152393319482485367e+03 3.216747325042201311e+01 3.890248788964971482e+03 3.812420763666017447e+05 3.152393319482485822e+03 3.812420763666016865e+05 3.736149760000002384e+07
9.649902259166887736e-03 1.167033552343494041e+00 1.143685966684150372e+02 1.167033552343497149e+00 -1.260178578878485041e+03 3.486162262991844909e+05 1.143685966684151936e+02 3.486162262991848984e+05 -8.079122136333982944e+08 2.659846172953677090e-01 3.216747325042200600e+01 3.152393319482485367e+03 3.216747325042201311e+01 3.890248788964971482e+03 3.812420763666017447e+05 3.152393319482485822e+03 3.812420763666016865e+05 3.736149760000002384e+07
9.649902259166887736e-03 1.167033552343494041e+00 1.143685966684150372e+02 1.167033552343497149e+00 -1.260178578878485041e+03 3.486162262991844909e+05 1.143685966684151936e+02 3.486162262991848984e+05 -8.079122136333982944e+08 2.659846172953677090e-01 3.216747325042200600e+01 3.152393319482485367e+03 3.216747325042201311e+01 3.890248788964971482e+03 3.812420763666017447e+05 3.152393319482485822e+03 3.812420763666016865e+05 3.736149760000002384e+07
9.649902259166887736e-03 1.167033552343494041e+00 1.143685966684150372e+02 1.167033552343497149e+00 -1.260178578878485041e+03 3.486162262991844909e+05 1.143685966684151936e+02 3.486162262991848984e+05 -8.079122136333982944e+08 2.659846172953677090e-01 3.216747325042200600e+01 3.152393319482485367e+03 3.216747325042201311e+01 3.890248788964971482e+03 3.812420763666017447e+05 3.152393319482485822e+03 3.812420763666016865e+05 3.736149760000002384e+07
9.649902259166887736e-03 1.167033552343494041e+00 1.143685966684150372e+02 1.167033552343497149e+00 -1.260178578878485041e+03 3.486162262991844909e+05 1.143685966684151936e+02 3.486162262991848984e+05 -8.079122136333982944e+08 2.659846172953677090e-01 3.216747325042200600e+01 3.152393319482485367e+03 3.216747325042201311e+01 3.890248788964971482e+03 3.812420763666017447e+05 3.152393319482485822e+03 3.812420763666016865e+05 3.736149760000002384e+07
9.649902259166887736e-03 1.167033552343494041e+00 1.143685966684150372e+02 1.167033552343497149e+00 -1.260178578878485041e+03 3.486162262991844909e+05 1.143685966684151936e+02 3.486162262991848984e+05 -8.079122136333982944e+08 2.659846172953677090e-01 3.216747325042200600e+01 3.152393319482485367e+03 3.216747325042201311e+01 3.890248788964971482e+03 3.812420763666017447e+05 3.152393319482485822e+03 3.812420763666016865e+05 3.736149760000002384e+07
9.649902259166887736e-03 1.167033552343494041e+00 1.143685966684150372e+02 1.167033552343497149e+00 -1.260178578878485041e+03 3.486162262991844909e+05 1.143685966684151936e+02 3.486162262991848984e+05 -8.079122136333982944e+08 2.659846172953677090e-01 3.216747325042200600e+01 3.152393319482485367e+03 3.216747325042201311e+01 3.890248788964971482e+03 3.812420763666017447e+05 3.152393319482485822e+03 3.812420763666016865e+05 3.736149760000002384e+07
9.649902259166887736e-03 1.167033552343494041e+00 1.143685966684150372e+02 1.167033552343497149e+00 -1.260178578878485041e+03 3.486162262991844909e+05 1.143685966684151936e+02 3.486162262991848984e+05 -8.079122136333982944e+08 2.659846172953677090e-01 3.216747325042200600e+01 3.152393319482485367e+03 3.216747325042201311e+01 3.890248788964971482e+03 3.812420763666017447e+05 3.152393319482485822e+03 3.812420763666016865e+05 3.736149760000002384e+07
9.649902259166887736e-03 1.167033552343494041e+00 1.143685966684150372e+02 1.167033552343497149e+00 -1.260178578878485041e+03 3.486162262991844909e+05 1.143685966684151936e+02 3.486162262991848984e+05 -8.079122136333982944e+08 2.659846172953677090e-01 3.216747325042200600e+01 3.152393319482485367e+03 3.216747325042201311e+01 3.890248788964971482e+03 3.812420763666017447e+05 3.152393319482485822e+03 3.812420763666016865e+05 3.736149760000002384e+07
9.649902259166887736e-03 1.167033552343494041e+00 1.143685966684150372e+02 1.167033552343497149e+00 -1.260178578878485041e+03 3.486162262991844909e+05 1.143685966684151936e+02 3.486162262991848984e+05 -8.079122136333982944e+08 2.659846172953677090e-01 3.216747325042200600e+01 3.152393319482485367e+03 3.216747325042201311e+01 3.890248788964971482e+03 3.812420763666017447e+05 3.152393319482485822e+03 3.812420763666016865e+05 3.736149760000002384e+07
9.649902259166887736e-03 1.167033552343494041e+00 1.143685966684150372e+02 1.167033552343497149e+00 -1.260178578878485041e+03 3.486162262991844909e+05 1.143685966684151936e+02 3.486162262991848984e+05 -8.079122136333982944e+08 2.659846172953677090e-01 3.216747325042200600e+01 3.152393319482485367e+03 3.216747325042201311e+01 3.890248788964971482e+03 3.812420763666017447e+05 3.152393319482485822e+03 3.812420763666016865e+05 3.736149760000002384e+07
9.649902259166887736e-03 1.167033552343494041e+00 1.143685966684150372e+02 1.167033552343497149e+00 -1.260178578878485041e+03 3.486162262991844909e+05 1.143685966684151936e+02 3.486162262991848984e+05 -8.079122136333982944e+08 2.659846172953677090e-01 3.216747325042200600e+01 3.152393319482485367e+03 3.216747325042201311e+01 3.890248788964971482e+03 3.812420763666017447e+05 3.152393319482485822e+03 3.812420763666016865e+05 3.736149760000002384e+07
9.649902259166887736e-03 1.167033552343494041e+00 1.143685966684150372e+02 1.167033552343497149e+00 -1.260178578878485041e+03 3.486162262991844909e+05 1.143685966684151936e+02 3.486162262991848984e+05 -8.079122136333982944e+08 2.659846172953677090e-01 3.216747325042200600e+01 3.152393319482485367e+03 3.216747325042201311e+01 3.890248788964971482e+03 3.812420763666017447e+05 3.152393319482485822e+03 3.812420763666016865e+05 3.736149760000002384e+07
9.649902259166887736e-03 1.167033552343494041e+00 1.143685966684150372e+02 1.167033552343497149e+00 -1.260178578878485041e+03 3.486162262991844909e+05 1.143685966684151936e+02 3.486162262991848984e+05 -8.079122136333982944e+08 2.659846172953677090e-01 3.216747325042200600e+01 3.152393319482485367e+03 3.216747325042201311e+01 3.890248788964971482e+03 3.812420763666017447e+05 3.152393319482485822e+03 3.812420763666016865e+05 3.736149760000002384e+07
9.649902259166887736e-03 1.167033552343494041e+00 1.143685966684150372e+02 1.167033552343497149e+00 -1.260178578878485041e+03 3.486162262991844909e+05 1.143685966684151936e+02 3.486162262991848984e+05 -8.079122136333982944e+08 2.659846172953677090e-01 3.216747325042200600e+01 3.152393319482485367e+03 3.216747325042201311e+01 3.890248788964971482e+03 3.812420763666017447e+05 3.152393319482485822e+03 3.812420763666016865e+05 3.736149760000002384e+07
9.649902259166887736e-03 1.167033552343494041e+00 1.143685966684150372e+02 1.167033552343497149e+00 -1.260178578878485041e+03 3.486162262991844909e+05 1.143685966684151936e+02 3.486162262991848984e+05 -8.079122136333982944e+08 2.659846172953677090e-01 3.216747325042200600e+01 3.152393319482485367e+03 3.216747325042201311e+01 3.890248788964971482e+03 3.812420763666017447e+05 3.152393319482485822e+03 3.812420763666016865e+05 3.736149760000002384e+07
9.649902259166887736e-03 1.167033552343494041e+00 1.143685966684150372e+02 1.167033552343497149e+00 -1.260178578878485041e+03 3.486162262991844909e+05 1.143685966684151936e+02 3.486162262991848984e+05 -8.079122136333982944e+08 2.659846172953677090e-01 3.216747325042200600e+01 3.152393319482485367e+03 3.216747325042201311e+01 3.890248788964971482e+03 3.812420763666017447e+05 3.152393319482485822e+03 3.812420763666016865e+05 3.736149760000002384e+07
9.649902259166887736e-03 1.167033552343494041e+00 1.143685966684150372e+02 1.167033552343497149e+00 -1.260178578878485041e+03 3.486162262991844909e+05 1.143685966684151936e+02 3.486162262991848984e+05 -8.079122136333982944e+08 2.659846172953677090e-01 3.216747325042200600e+01 3.152393319482485367e+03 3.216747325042201311e+01 3.890248788964971482e+03 3.812420763666017447e+05 3.152393319482485822e+03 3.812420763666016865e+05 3.736149760000002384e+07
9.649902259166887736e-03 1.167033552343494041e+00 1.143685966684150372e+02 1.167033552343497149e+00 -1.260178578878485041e+03 3.486162262991844909e+05 1.143685966684151936e+02 3.486162262991848984e+05 -8.079122136333982944e+08 2.659846172953677090e-01 3.216747325042200600e+01 3.152393319482485367e+03 3.216747325042201311e+01 3.890248788964971482e+03 3.812420763666017447e+05 3.152393319482485822e+03 3.812420763666016865e+05 3.736149760000002384e+07
9.649902259166887736e-03 1.167033552343494041e+00 1.143685966684150372e+02 1.167033552343497149e+00 -1.260178578878485041e+03 3.486162262991844909e+05 1.143685966684151936e+02 3.486162262991848984e+05 -8.079122136333982944e+08 2.659846172953677090e-01 3.216747325042200600e+01 3.152393319482485367e+03 3.216747325042201311e+01 3.890248788964971482e+03 3.812420763666017447e+05 3.152393319482485822e+03 3.812420763666016865e+05 3.736149760000002384e+07
9.649902259166887736e-03 1.167033552343494041e+00 1.143685966684150372e+02 1.167033552343497149e+00 -1.260178578878485041e+03 3.486162262991844909e+05 1.143685966684151936e+02 3.486162262991848984e+05 -8.079122136333982944e+08 2.659846172953677090e-01 3.216747325042200600e+01 3.152393319482485367e+03 3.216747325042201311e+01 3.890248788964971482e+03 3.812420763666017447e+05 3.152393319482485822e+03 3.812420763666016865e+05 3.736149760000002384e+07
9.649902259166887736e-03 1.167033552343494041e+00 1.143685966684150372e+02 1.167033552343497149e+00 -1.260178578878485041e+03 3.486162262991844909e+05 1.143685966684151936e+02 3.486162262991848984e+05 -8.079122136333982944e+08 2.659846172953677090e-01 3.216747325042200600e+01 3.152393319482485367e+03 3.216747325042201311e+01 3.890248788964971482e+03 3.812420763666017447e+05 3.152393319482485822e+03 3.812420763666016865e+05 3.736149760000002384e+07
9.649902259166887736e-03 1.167033552343494041e+00 1.143685966684150372e+02 1.167033552343497149e+00 -1.260178578878485041e+03 3.486162262991844909e+05 1.143685966684151936e+02 3.486162262991848984e+05 -8.079122136333982944e+08 2.659846172953677090e-01 3.216747325042200600e+01 3.152393319482485367e+03 3.216747325042201311e+01 3.890248788964971482e+03 3.812420763666017447e+05 3.152393319482485822e+03 3.812420763666016865e+05 3.736149760000002384e+07
9.649902259166887736e-03 1.167033552343494041e+00 1.143685966684150372e+02 1.167033552343497149e+00 -1.260178578878485041e+03 3.486162262991844909e+05 1.143685966684151936e+02 3.486162262991848984e+05 -8.079122136333982944e+08 2.659846172953677090e-01 3.216747325042200600e+01 3.152393319482485367e+03 3.216747325042201311e+01 3.890248788964971482e+03 3.812420763666017447e+05 3.152393319482485822e+03 3.812420763666016865e+05 3.736149760000002384e+07
9.649902259166887736e-03 1.167033552343494041e+00 1.143685966684150372e+02 1.167033552343497149e+00 -1.260178578878485041e+03 3.486162262991844909e+05 1.143685966684151936e+02 3.486162262991848984e+05 -8.079122136333982944e+08 2.659846172953677090e-01 3.216747325042200600e+01 3.152393319482485367e+03 3.216747325042201311e+01 3.890248788964971482e+03 3.812420763666017447e+05 3.152393319482485822e+03 3.812420763666016865e+05 3.736149760000002384e+07
9.649902259166887736e-03 1.167033552343494041e+00 1.143685966684150372e+02 1.167033552343497149e+00 -1.260178578878485041e+03 3.486162262991844909e+05 1.143685966684151936e+02 3.486162262991848984e+05 -8.079122136333982944e+08 2.659846172953677090e-01 3.216747325042200600e+01 3.152393319482485367e+03 3.216747325042201311e+01 3.890248788964971482e+03 3.812420763666017447e+05 3.152393319482485822e+03 3.812420763666016865e+05 3.736149760000002384e+07
9.649902259166887736e-03 1.167033552343494041e+00 1.143685966684150372e+02 1.167033552343497149e+00 -1.260178578878485041e+03 3.486162262991844909e+05 1.143685966684151936e+02 3.486162262991848984e+05 -8.079122136333982944e+08 2.659846172953677090e-01 3.216747325042200600e+01 3.152393319482485367e+03 3.216747325042201311e+01 3.890248788964971482e+03 3.812420763666017447e+05 3.152393319482485822e+03 3.812420763666016865e+05 3.736149760000002384e+07
9.649902259166887736e-03 1.167033552343494041e+00 1.143685966684150372e+02 1.167033552343497149e+00 -1.260178578878485041e+03 3.486162262991844909e+05 1.143685966684151936e+02 3.486162262991848984e+05 -8.079122136333982944e+08 2.659846172953677090e-01 3.216747325042200600e+01 3.152393319482485367e+03 3.216747325042201311e+01 3.890248788964971482e+03 3.812420763666017447e+05 3.152393319482485822e+03 3.812420763666016865e+05 3.736149760000002384e+07
9.649902259166887736e-03 1.167033552343494041e+00 1.143685966684150372e+02 1.167033552343497149e+00 -1.260178578878485041e+03 3.486162262991844909e+05 1.143685966684151936e+02 3.486162262991848984e+05 -8.079122136333982944e+08 2.659846172953677090e-01 3.216747325042200600e+01 3.152393319482485367e+03 3.216747325042201311e+01 3.890248788964971482e+03 3.812420763666017447e+05 3.152393319482485822e+03 3.812420763666016865e+05 3.736149760000002384e+07
9.649902259166887736e-03 1.167033552343494041e+00 1.143685966684150372e+02 1.167033552343497149e+00 -1.260178578878485041e+03 3.486162262991844909e+05 1.143685966684151936e+02 3.486162262991848984e+05 -8.079122136333982944e+08 2.659846172953677090e-01 3.216747325042200600e+01 3.152393319482485367e+03 3.216747325042201311e+01 3.890248788964971482e+03 3.812420763666017447e+05 3.152393319482485822e+03 3.812420763666016865e+05 3.736149760000002384e+07
9.649902259166887736e-03 1.167033552343494041e+00 1.143685966684150372e+02 1.167033552343497149e+00 -1.260178578878485041e+03 3.486162262991844909e+05 1.143685966684151936e+02 3.486162262991848984e+05 -8.079122136333982944e+08 2.659846172953677090e-01 3.216747325042200600e+01 3.152393319482485367e+03 3.216747325042201311e+01 3.890248788964971482e+03 3.812420763666017447e+05 3.152393319482485822e+03 3.812420763666016865e+05 3.736149760000002384e+07
9.649902259166887736e-03 1.167033552343494041e+00 1.143685966684150372e+02 1.167033552343497149e+00 -1.260178578878485041e+03 3.486162262991844909e+05 1.143685966684151936e+02 3.486162262991848984e+05 -8.079122136333982944e+08 2.659846172953677090e-01 3.216747325042200600e+01 3.152393319482485367e+03 3.216747325042201311e+01 3.890248788964971482e+03 3.812420763666017447e+05 3.152393319482485822e+03 3.812420763666016865e+05 3.736149760000002384e+07
9.649902259166887736e-03 1.167033552343494041e+00 1.143685966684150372e+02 1.167033552343497149e+00 -1.260178578878485041e+03 3.486162262991844909e+05 1.143685966684151936e+02 3.486162262991848984e+05 -8.079122136333982944e+08 2.659846172953677090e-01 3.216747325042200600e+01 3.152393319482485367e+03 3.216747325042201311e+01 3.890248788964971482e+03 3.812420763666017447e+05 3.152393319482485822e+03 3.812420763666016865e+05 3.736149760000002384e+07
9.649902259166887736e-03 1.167033552343494041e+00 1.143685966684150372e+02 1.167033552343497149e+00 -1.260178578878485041e+03 3.486162262991844909e+05 1.143685966684151936e+02 3.486162262991848984e+05 -8.079122136333982944e+08 2.659846172953677090e-01 3.216747325042200600e+01 3.152393319482485367e+03 3.216747325042201311e+01 3.890248788964971482e+03 3.812420763666017447e+05 3.152393319482485822e+03 3.812420763666016865e+05 3.736149760000002384e+07
9.649902259166887736e-03 1.167033552343494041e+00 1.143685966684150372e+02 1.167033552343497149e+00 -1.260178578878485041e+03 3.486162262991844909e+05 1.143685966684151936e+02 3.486162262991848984e+05 -8.079122136333982944e+08 2.659846172953677090e-01 3.216747325042200600e+01 3.152393319482485367e+03 3.216747325042201311e+01 3.890248788964971482e+03 3.812420763666017447e+05 3.152393319482485822e+03 3.812420763666016865e+05 3.736149760000002384e+07
9.649902259166887736e-03 1.167033552343494041e+00 1.143685966684150372e+02 1.167033552343497149e+00 -1.260178578878485041e+03 3.486162262991844909e+05 1.143685966684151936e+02 3.486162262991848984e+05 -8.079122136333982944e+08 2.659846172953677090e-01 3.216747325042200600e+01 3.152393319482485367e+03 3.216747325042201311e+01 3.890248788964971482e+03 3.812420763666017447e+05 3.152393319482485822e+03 3.812420763666016865e+05 3.736149760000002384e+07
9.649902259166887736e-03 1.167033552343494041e+00 1.143685966684150372e+02 1.167033552343497149e+00 -1.260178578878485041e+03 3.486162262991844909e+05 1.143685966684151936e+02 3.486162262991848984e+05 -8.079122136333982944e+08 2.659846172953677090e-01 3.216747325042200600e+01 3.152393319482485367e+03 3.216747325042201311e+01 3.890248788964971482e+03 3.812420763666017447e+05 3.152393319482485822e+03 3.812420763666016865e+05 3.736149760000002384e+07
9.649902259166887736e-03 1.167033552343494041e+00 1.143685966684150372e+02 1.167033552343497149e+00 -1.260178578878485041e+03 3.486162262991844909e+05 1.143685966684151936e+02 3.486162262991848984e+05 -8.079122136333982944e+08 2.659846172953677090e-01 3.216747325042200600e+01 3.152393319482485367e+03 3.216747325042201311e+01 3.890248788964971482e+03 3.812420763666017447e+05 3.152393319482485822e+03 3.812420763666016865e+05 3.736149760000002384e+07
9.649902259166887736e-03 1.167033552343494041e+00 1.143685966684150372e+02 1.167033552343497149e+00 -1.260178578878485041e+03 3.486162262991844909e+05 1.143685966684151936e+02 3.486162262991848984e+05 -8.079122136333982944e+08 2.659846172953677090e-01 3.216747325042200600e+01 3.152393319482485367e+03 3.216747325042201311e+01 3.890248788964971482e+03 3.812420763666017447e+05 3.152393319482485822e+03 3.812420763666016865e+05 3.736149760000002384e+07
9.649902259166887736e-03 1.167033552343494041e+00 1.143685966684150372e+02 1.167033552343497149e+00 -1.260178578878485041e+03 3.486162262991844909e+05 1.143685966684151936e+02 3.486162262991848984e+05 -8.079122136333982944e+08 2.659846172953677090e-01 3.216747325042200600e+01 3.152393319482485367e+03 3.216747325042201311e+01 3.890248788964971482e+03 3.812420763666017447e+05 3.152393319482485822e+03 3.812420763666016865e+05 3.736149760000002384e+07
9.649902259166887736e-03 1.167033552343494041e+00 1.143685966684150372e+02 1.167033552343497149e+00 -1.260178578878485041e+03 3.486162262991844909e+05 1.143685966684151936e+02 3.486162262991848984e+05 -8.079122136333982944e+08 2.659846172953677090e-01 3.216747325042200600e+01 3.152393319482485367e+03 3.216747325042201311e+01 3.890248788964971482e+03 3.812420763666017447e+05 3.152393319482485822e+03 3.812420763666016865e+05 3.736149760000002384e+07
9.649902259166887736e-03 1.167033552343494041e+00 1.143685966684150372e+02 1.167033552343497149e+00 -1.260178578878485041e+03 3.486162262991844909e+05 1.143685966684151936e+02 3.486162262991848984e+05 -8.079122136333982944e+08 2.659846172953677090e-01 3.216747325042200600e+01 3.152393319482485367e+03 3.216747325042201311e+01 3.890248788964971482e+03 3.812420763666017447e+05 3.152393319482485822e+03 3.812420763666016865e+05 3.736149760000002384e+07
9.649902259166887736e-03 1.167033552343494041e+00 1.143685966684150372e+02 1.167033552343497149e+00 -1.260178578878485041e+03 3.486162262991844909e+05 1.143685966684151936e+02 3.486162262991848984e+05 -8.079122136333982944e+08 2.659846172953677090e-01 3.216747325042200600e+01 3.152393319482485367e+03 3.216747325042201311e+01 3.890248788964971482e+03 3.812420763666017447e+05 3.152393319482485822e+03 3.812420763666016865e+05 3.736149760000002384e+07
9.649902259166887736e-03 1.167033552343494041e+00 1.143685966684150372e+02 1.167033552343497149e+00 -1.260178578878485041e+03 3.486162262991844909e+05 1.143685966684151936e+02 3.486162262991848984e+05 -8.079122136333982944e+08 2.659846172953677090e-01 3.216747325042200600e+01 3.152393319482485367e+03 3.216747325042201311e+01 3.890248788964971482e+03 3.812420763666017447e+05 3.152393319482485822e+03 3.812420763666016865e+05 3.736149760000002384e+07
9.649902259166887736e-03 1.167033552343494041e+00 1.143685966684150372e+02 1.167033552343497149e+00 -1.260178578878485041e+03 3.486162262991844909e+05 1.143685966684151936e+02 3.486162262991848984e+05 -8.079122136333982944e+08 2.659846172953677090e-01 3.216747325042200600e+01 3.152393319482485367e+03 3.216747325042201311e+01 3.890248788964971482e+03 3.812420763666017447e+05 3.152393319482485822e+03 3.812420763666016865e+05 3.736149760000002384e+07
9.649902259166887736e-03 1.167033552343494041e+00 1.143685966684150372e+02 1.167033552343497149e+00 -1.260178578878485041e+03 3.486162262991844909e+05 1.143685966684151936e+02 3.486162262991848984e+05 -8.079122136333982944e+08 2.659846172953677090e-01 3.216747325042200600e+01 3.152393319482485367e+03 3.216747325042201311e+01 3.890248788964971482e+03 3.812420763666017447e+05 3.152393319482485822e+03 3.812420763666016865e+05 3.736149760000002384e+07
9.649902259166887736e-03 1.167033552343494041e+00 1.143685966684150372e+02 1.167033552343497149e+00 -1.260178578878485041e+03 3.486162262991844909e+05 1.143685966684151936e+02 3.486162262991848984e+05 -8.079122136333982944e+08 2.659846172953677090e-01 3.216747325042200600e+01 3.152393319482485367e+03 3.216747325042201311e+01 3.890248788964971482e+03 3.812420763666017447e+05 3.152393319482485822e+03 3.812420763666016865e+05 3.736149760000002384e+07
9.649902259166887736e-03 1.167033552343494041e+00 1.143685966684150372e+02 1.167033552343497149e+00 -1.260178578878485041e+03 3.486162262991844909e+05 1.143685966684151936e+02 3.486162262991848984e+05 -8.079122136333982944e+08 2.659846172953677090e-01 3.216747325042200600e+01 3.152393319482485367e+03 3.216747325042201311e+01 3.890248788964971482e+03 3.812420763666017447e+05 3.152393319482485822e+03 3.812420763666016865e+05 3.736149760000002384e+07
9.649902259166887736e-03 1.167033552343494041e+00 1.143685966684150372e+02 1.167033552343497149e+00 -1.260178578878485041e+03 3.486162262991844909e+05 1.143685966684151936e+02 3.486162262991848984e+05 -8.079122136333982944e+08 2.659846172953677090e-01 3.216747325042200600e+01 3.152393319482485367e+03 3.216747325042201311e+01 3.890248788964971482e+03 3.812420763666017447e+05 3.152393319482485822e+03 3.812420763666016865e+05 3.736149760000002384e+07
9.649902259166887736e-03 1.167033552343494041e+00 1.143685966684150372e+02 1.167033552343497149e+00 -1.260178578878485041e+03 3.486162262991844909e+05 1.143685966684151936e+02 3.486162262991848984e+05 -8.079122136333982944e+08 2.659846172953677090e-01 3.216747325042200600e+01 3.152393319482485367e+03 3.216747325042201311e+01 3.890248788964971482e+03 3.812420763666017447e+05 3.152393319482485822e+03 3.812420763666016865e+05 3.736149760000002384e+07
9.649902259166887736e-03 1.167033552343494041e+00 1.143685966684150372e+02 1.167033552343497149e+00 -1.260178578878485041e+03 3.486162262991844909e+05 1.143685966684151936e+02 3.486162262991848984e+05 -8.079122136333982944e+08 2.659846172953677090e-01 3.216747325042200600e+01 3.152393319482485367e+03 3.216747325042201311e+01 3.890248788964971482e+03 3.812420763666017447e+05 3.152393319482485822e+03 3.812420763666016865e+05 3.736149760000002384e+07
9.649902259166887736e-03 1.167033552343494041e+00 1.143685966684150372e+02 1.167033552343497149e+00 -1.260178578878485041e+03 3.486162262991844909e+05 1.143685966684151936e+02 3.486162262991848984e+05 -8.079122136333982944e+08 2.659846172953677090e-01 3.216747325042200600e+01 3.152393319482485367e+03 3.216747325042201311e+01 3.890248788964971482e+03 3.812420763666017447e+05 3.152393319482485822e+03 3.812420763666016865e+05 3.736149760000002384e+07
9.649902259166887736e-03 1.167033552343494041e+00 1.143685966684150372e+02 1.167033552343497149e+00 -1.260178578878485041e+03 3.486162262991844909e+05 1.143685966684151936e+02 3.486162262991848984e+05 -8.079122136333982944e+08 2.659846172953677090e-01 3.216747325042200600e+01 3.152393319482485367e+03 3.216747325042201311e+01 3.890248788964971482e+03 3.812420763666017447e+05 3.152393319482485822e+03 3.812420763666016865e+05 3.736149760000002384e+07
9.649902259166887736e-03 1.167033552343494041e+00 1.143685966684150372e+02 1.167033552343497149e+00 -1.260178578878485041e+03 3.486162262991844909e+05 1.143685966684151936e+02 3.486162262991848984e+05 -8.079122136333982944e+08 2.659846172953677090e-01 3.216747325042200600e+01 3.152393319482485367e+03 3.216747325042201311e+01 3.890248788964971482e+03 3.812420763666017447e+05 3.152393319482485822e+03 3.812420763666016865e+05 3.736149760000002384e+07
9.649902259166887736e-03 1.167033552343494041e+00 1.143685966684150372e+02 1.167033552343497149e+00 -1.260178578878485041e+03 3.486162262991844909e+05 1.143685966684151936e+02 3.486162262991848984e+05 -8.079122136333982944e+08 2.659846172953677090e-01 3.216747325042200600e+01 3.152393319482485367e+03 3.216747325042201311e+01 3.890248788964971482e+03 3.812420763666017447e+05 3.152393319482485822e+03 3.812420763666016865e+05 3.736149760000002384e+07
9.649902259166887736e-03 1.167033552343494041e+00 1.143685966684150372e+02 1.167033552343497149e+00 -1.260178578878485041e+03 3.486162262991844909e+05 1.143685966684151936e+02 3.486162262991848984e+05 -8.079122136333982944e+08 2.659846172953677090e-01 3.216747325042200600e+01 3.152393319482485367e+03 3.216747325042201311e+01 3.890248788964971482e+03 3.812420763666017447e+05 3.152393319482485822e+03 3.812420763666016865e+05 3.736149760000002384e+07
9.649902259166887736e-03 1.167033552343494041e+00 1.143685966684150372e+02 1.167033552343497149e+00 -1.260178578878485041e+03 3.486162262991844909e+05 1.143685966684151936e+02 3.486162262991848984e+05 -8.079122136333982944e+08 2.659846172953677090e-01 3.216747325042200600e+01 3.152393319482485367e+03 3.216747325042201311e+01 3.890248788964971482e+03 3.812420763666017447e+05 3.152393319482485822e+03 3.812420763666016865e+05 3.736149760000002384e+07
9.649902259166887736e-03 1.167033552343494041e+00 1.143685966684150372e+02 1.167033552343497149e+00 -1.260178578878485041e+03 3.486162262991844909e+05 1.143685966684151936e+02 3.486162262991848984e+05 -8.079122136333982944e+08 2.659846172953677090e-01 3.216747325042200600e+01 3.152393319482485367e+03 3.216747325042201311e+01 3.890248788964971482e+03 3.812420763666017447e+05 3.152393319482485822e+03 3.812420763666016865e+05 3.736149760000002384e+07
9.649902259166887736e-03 1.167033552343494041e+00 1.143685966684150372e+02 1.167033552343497149e+00 -1.260178578878485041e+03 3.486162262991844909e+05 1.143685966684151936e+02 3.486162262991848984e+05 -8.079122136333982944e+08 2.659846172953677090e-01 3.216747325042200600e+01 3.152393319482485367e+03 3.216747325042201311e+01 3.890248788964971482e+03 3.812420763666017447e+05 3.152393319482485822e+03 3.812420763666016865e+05 3.736149760000002384e+07
9.649902259166887736e-03 1.167033552343494041e+00 1.143685966684150372e+02 1.167033552343497149e+00 -1.260178578878485041e+03 3.486162262991844909e+05 1.143685966684151936e+02 3.486162262991848984e+05 -8.079122136333982944e+08 2.659846172953677090e-01 3.216747325042200600e+01 3.152393319482485367e+03 3.216747325042201311e+01 3.890248788964971482e+03 3.812420763666017447e+05 3.152393319482485822e+03 3.812420763666016865e+05 3.736149760000002384e+07
9.649902259166887736e-03 1.167033552343494041e+00 1.143685966684150372e+02 1.167033552343497149e+00 -1.260178578878485041e+03 3.486162262991844909e+05 1.143685966684151936e+02 3.486162262991848984e+05 -8.079122136333982944e+08 2.659846172953677090e-01 3.216747325042200600e+01 3.152393319482485367e+03 3.216747325042201311e+01 3.890248788964971482e+03 3.812420763666017447e+05 3.152393319482485822e+03 3.812420763666016865e+05 3.736149760000002384e+07
9.649902259166887736e-03 1.167033552343494041e+00 1.143685966684150372e+02 1.167033552343497149e+00 -1.260178578878485041e+03 3.486162262991844909e+05 1.143685966684151936e+02 3.486162262991848984e+05 -8.079122136333982944e+08 2.659846172953677090e-01 3.216747325042200600e+01 3.152393319482485367e+03 3.216747325042201311e+01 3.890248788964971482e+03 3.812420763666017447e+05 3.152393319482485822e+03 3.812420763666016865e+05 3.736149760000002384e+07
9.649902259166887736e-03 1.167033552343494041e+00 1.143685966684150372e+02 1.167033552343497149e+00 -1.260178578878485041e+03 3.486162262991844909e+05 1.143685966684151936e+02 3.486162262991848984e+05 -8.079122136333982944e+08 2.659846172953677090e-01 3.216747325042200600e+01 3.152393319482485367e+03 3.216747325042201311e+01 3.890248788964971482e+03 3.812420763666017447e+05 3.152393319482485822e+03 3.812420763666016865e+05 3.736149760000002384e+07
9.649902259166887736e-03 1.167033552343494041e+00 1.143685966684150372e+02 1.167033552343497149e+00 -1.260178578878485041e+03 3.486162262991844909e+05 1.143685966684151936e+02 3.486162262991848984e+05 -8.079122136333982944e+08 2.659846172953677090e-01 3.216747325042200600e+01 3.152393319482485367e+03 3.216747325042201311e+01 3.890248788964971482e+03 3.812420763666017447e+05 3.152393319482485822e+03 3.812420763666016865e+05 3.736149760000002384e+07
9.649902259166887736e-03 1.167033552343494041e+00 1.143685966684150372e+02 1.167033552343497149e+00 -1.260178578878485041e+03 3.486162262991844909e+05 1.143685966684151936e+02 3.486162262991848984e+05 -8.079122136333982944e+08 2.659846172953677090e-01 3.216747325042200600e+01 3.152393319482485367e+03 3.216747325042201311e+01 3.890248788964971482e+03 3.812420763666017447e+05 3.152393319482485822e+03 3.812420763666016865e+05 3.736149760000002384e+07
9.649902259166887736e-03 1.167033552343494041e+00 1.143685966684150372e+02 1.167033552343497149e+00 -1.260178578878485041e+03 3.486162262991844909e+05 1.143685966684151936e+02 3.486162262991848984e+05 -8.079122136333982944e+08 2.659846172953677090e-01 3.216747325042200600e+01 3.152393319482485367e+03 3.216747325042201311e+01 3.890248788964971482e+03 3.812420763666017447e+05 3.152393319482485822e+03 3.812420763666016865e+05 3.736149760000002384e+07
9.649902259166887736e-03 1.167033552343494041e+00 1.143685966684150372e+02 1.167033552343497149e+00 -1.260178578878485041e+03 3.486162262991844909e+05 1.143685966684151936e+02 3.486162262991848984e+05 -8.079122136333982944e+08 2.659846172953677090e-01 3.216747325042200600e+01 3.152393319482485367e+03 3.216747325042201311e+01 3.890248788964971482e+03 3.812420763666017447e+05 3.152393319482485822e+03 3.812420763666016865e+05 3.736149760000002384e+07
9.649902259166887736e-03 1.167033552343494041e+00 1.143685966684150372e+02 1.167033552343497149e+00 -1.260178578878485041e+03 3.486162262991844909e+05 1.143685966684151936e+02 3.486162262991848984e+05 -8.079122136333982944e+08 2.659846172953677090e-01 3.216747325042200600e+01 3.152393319482485367e+03 3.216747325042201311e+01 3.890248788964971482e+03 3.812420763666017447e+05 3.152393319482485822e+03 3.812420763666016865e+05 3.736149760000002384e+07
9.649902259166887736e-03 1.167033552343494041e+00 1.143685966684150372e+02 1.167033552343497149e+00 -1.260178578878485041e+03 3.486162262991844909e+05 1.143685966684151936e+02 3.486162262991848984e+05 -8.079122136333982944e+08 2.659846172953677090e-01 3.216747325042200600e+01 3.152393319482485367e+03 3.216747325042201311e+01 3.890248788964971482e+03 3.812420763666017447e+05 3.152393319482485822e+03 3.812420763666016865e+05 3.736149760000002384e+07
9.649902259166887736e-03 1.167033552343494041e+00 1.143685966684150372e+02 1.167033552343497149e+00 -1.260178578878485041e+03 3.486162262991844909e+05 1.143685966684151936e+02 3.486162262991848984e+05 -8.079122136333982944e+08 2.659846172953677090e-01 3.216747325042200600e+01 3.152393319482485367e+03 3.216747325042201311e+01 3.890248788964971482e+03 3.812420763666017447e+05 3.152393319482485822e+03 3.812420763666016865e+05 3.736149760000002384e+07
9.649902259166887736e-03 1.167033552343494041e+00 1.143685966684150372e+02 1.167033552343497149e+00 -1.260178578878485041e+03 3.486162262991844909e+05 1.143685966684151936e+02 3.486162262991848984e+05 -8.079122136333982944e+08 2.659846172953677090e-01 3.216747325042200600e+01 3.152393319482485367e+03 3.216747325042201311e+01 3.890248788964971482e+03 3.812420763666017447e+05 3.152393319482485822e+03 3.812420763666016865e+05 3.736149760000002384e+07
9.649902259166887736e-03 1.167033552343494041e+00 1.143685966684150372e+02 1.167033552343497149e+00 -1.260178578878485041e+03 3.486162262991844909e+05 1.143685966684151936e+02 3.486162262991848984e+05 -8.079122136333982944e+08 2.659846172953677090e-01 3.216747325042200600e+01 3.152393319482485367e+03 3.216747325042201311e+01 3.890248788964971482e+03 3.812420763666017447e+05 3.152393319482485822e+03 3.812420763666016865e+05 3.736149760000002384e+07
9.649902259166887736e-03 1.167033552343494041e+00 1.143685966684150372e+02 1.167033552343497149e+00 -1.260178578878485041e+03 3.486162262991844909e+05 1.143685966684151936e+02 3.486162262991848984e+05 -8.079122136333982944e+08 2.659846172953677090e-01 3.216747325042200600e+01 3.152393319482485367e+03 3.216747325042201311e+01 3.890248788964971482e+03 3.812420763666017447e+05 3.152393319482485822e+03 3.812420763666016865e+05 3.736149760000002384e+07
9.649902259166887736e-03 1.167033552343494041e+00 1.143685966684150372e+02 1.167033552343497149e+00 -1.260178578878485041e+03 3.486162262991844909e+05 1.143685966684151936e+02 3.486162262991848984e+05 -8.079122136333982944e+08 2.659846172953677090e-01 3.216747325042200600e+01 3.152393319482485367e+03 3.216747325042201311e+01 3.890248788964971482e+03 3.812420763666017447e+05 3.152393319482485822e+03 3.812420763666016865e+05 3.736149760000002384e+07
9.649902259166887736e-03 1.167033552343494041e+00 1.143685966684150372e+02 1.167033552343497149e+00 -1.260178578878485041e+03 3.486162262991844909e+05 1.143685966684151936e+02 3.486162262991848984e+05 -8.079122136333982944e+08 2.659846172953677090e-01 3.216747325042200600e+01 3.152393319482485367e+03 3.216747325042201311e+01 3.890248788964971482e+03 3.812420763666017447e+05 3.152393319482485822e+03 3.812420763666016865e+05 3.736149760000002384e+07
9.649902259166887736e-03 1.167033552343494041e+00 1.143685966684150372e+02 1.167033552343497149e+00 -1.260178578878485041e+03 3.486162262991844909e+05 1.143685966684151936e+02 3.486162262991848984e+05 -8.079122136333982944e+08 2.659846172953677090e-01 3.216747325042200600e+01 3.152393319482485367e+03 3.216747325042201311e+01 3.890248788964971482e+03 3.812420763666017447e+05 3.152393319482485822e+03 3.812420763666016865e+05 3.736149760000002384e+07
9.649902259166887736e-03 1.167033552343494041e+00 1.143685966684150372e+02 1.167033552343497149e+00 -1.260178578878485041e+03 3.486162262991844909e+05 1.143685966684151936e+02 3.486162262991848984e+05 -8.079122136333982944e+08 2.659846172953677090e-01 3.216747325042200600e+01 3.152393319482485367e+03 3.216747325042201311e+01 3.890248788964971482e+03 3.812420763666017447e+05 3.152393319482485822e+03 3.812420763666016865e+05 3.736149760000002384e+07
9.649902259166887736e-03 1.167033552343494041e+00 1.143685966684150372e+02 1.167033552343497149e+00 -1.260178578878485041e+03 3.486162262991844909e+05 1.143685966684151936e+02 3.486162262991848984e+05 -8.079122136333982944e+08 2.659846172953677090e-01 3.216747325042200600e+01 3.152393319482485367e+03 3.216747325042201311e+01 3.890248788964971482e+03 3.812420763666017447e+05 3.152393319482485822e+03 3.812420763666016865e+05 3.736149760000002384e+07
9.649902259166887736e-03 1.167033552343494041e+00 1.143685966684150372e+02 1.167033552343497149e+00 -1.260178578878485041e+03 3.486162262991844909e+05 1.143685966684151936e+02 3.486162262991848984e+05 -8.079122136333982944e+08 2.659846172953677090e-01 3.216747325042200600e+01 3.152393319482485367e+03 3.216747325042201311e+01 3.890248788964971482e+03 3.812420763666017447e+05 3.152393319482485822e+03 3.812420763666016865e+05 3.736149760000002384e+07
9.649902259166887736e-03 1.167033552343494041e+00 1.143685966684150372e+02 1.167033552343497149e+00 -1.260178578878485041e+03 3.486162262991844909e+05 1.143685966684151936e+02 3.486162262991848984e+05 -8.079122136333982944e+08 2.659846172953677090e-01 3.216747325042200600e+01 3.152393319482485367e+03 3.216747325042201311e+01 3.890248788964971482e+03 3.812420763666017447e+05 3.152393319482485822e+03 3.812420763666016865e+05 3.736149760000002384e+07
9.649902259166887736e-03 1.167033552343494041e+00 1.143685966684150372e+02 1.167033552343497149e+00 -1.260178578878485041e+03 3.486162262991844909e+05 1.143685966684151936e+02 3.486162262991848984e+05 -8.079122136333982944e+08 2.659846172953677090e-01 3.216747325042200600e+01 3.152393319482485367e+03 3.216747325042201311e+01 3.890248788964971482e+03 3.812420763666017447e+05 3.152393319482485822e+03 3.812420763666016865e+05 3.736149760000002384e+07
9.649902259166887736e-03 1.167033552343494041e+00 1.143685966684150372e+02 1.167033552343497149e+00 -1.260178578878485041e+03 3.486162262991844909e+05 1.143685966684151936e+02 3.486162262991848984e+05 -8.079122136333982944e+08 2.659846172953677090e-01 3.216747325042200600e+01 3.152393319482485367e+03 3.216747325042201311e+01 3.890248788964971482e+03 3.812420763666017447e+05 3.152393319482485822e+03 3.812420763666016865e+05 3.736149760000002384e+07
9.649902259166887736e-03 1.167033552343494041e+00 1.143685966684150372e+02 1.167033552343497149e+00 -1.260178578878485041e+03 3.486162262991844909e+05 1.143685966684151936e+02 3.486162262991848984e+05 -8.079122136333982944e+08 2.659846172953677090e-01 3.216747325042200600e+01 3.152393319482485367e+03 3.216747325042201311e+01 3.890248788964971482e+03 3.812420763666017447e+05 3.152393319482485822e+03 3.812420763666016865e+05 3.736149760000002384e+07
9.649902259166887736e-03 1.167033552343494041e+00 1.143685966684150372e+02 1.167033552343497149e+00 -1.260178578878485041e+03 3.486162262991844909e+05 1.143685966684151936e+02 3.486162262991848984e+05 -8.079122136333982944e+08 2.659846172953677090e-01 3.216747325042200600e+01 3.152393319482485367e+03 3.216747325042201311e+01 3.890248788964971482e+03 3.812420763666017447e+05 3.152393319482485822e+03 3.812420763666016865e+05 3.736149760000002384e+07
9.649902259166887736e-03 1.167033552343494041e+00 1.143685966684150372e+02 1.167033552343497149e+00 -1.260178578878485041e+03 3.486162262991844909e+05 1.143685966684151936e+02 3.486162262991848984e+05 -8.079122136333982944e+08 2.659846172953677090e-01 3.216747325042200600e+01 3.152393319482485367e+03 3.216747325042201311e+01 3.890248788964971482e+03 3.812420763666017447e+05 3.152393319482485822e+03 3.812420763666016865e+05 3.736149760000002384e+07
9.649902259166887736e-03 1.167033552343494041e+00 1.143685966684150372e+02 1.167033552343497149e+00 -1.260178578878485041e+03 3.486162262991844909e+05 1.143685966684151936e+02 3.486162262991848984e+05 -8.079122136333982944e+08 2.659846172953677090e-01 3.216747325042200600e+01 3.152393319482485367e+03 3.216747325042201311e+01 3.890248788964971482e+03 3.812420763666017447e+05 3.152393319482485822e+03 3.812420763666016865e+05 3.736149760000002384e+07
9.649902259166887736e-03 1.167033552343494041e+00 1.143685966684150372e+02 1.167033552343497149e+00 -1.260178578878485041e+03 3.486162262991844909e+05 1.143685966684151936e+02 3.486162262991848984e+05 -8.079122136333982944e+08 2.659846172953677090e-01 3.216747325042200600e+01 3.152393319482485367e+03 3.216747325042201311e+01 3.890248788964971482e+03 3.812420763666017447e+05 3.152393319482485822e+03 3.812420763666016865e+05 3.736149760000002384e+07
9.649902259166887736e-03 1.167033552343494041e+00 1.143685966684150372e+02 1.167033552343497149e+00 -1.260178578878485041e+03 3.486162262991844909e+05 1.143685966684151936e+02 3.486162262991848984e+05 -8.079122136333982944e+08 2.659846172953677090e-01 3.216747325042200600e+01 3.152393319482485367e+03 3.216747325042201311e+01 3.890248788964971482e+03 3.812420763666017447e+05 3.152393319482485822e+03 3.812420763666016865e+05 3.736149760000002384e+07
9.649902259166887736e-03 1.167033552343494041e+00 1.143685966684150372e+02 1.167033552343497149e+00 -1.260178578878485041e+03 3.486162262991844909e+05 1.143685966684151936e+02 3.486162262991848984e+05 -8.079122136333982944e+08 2.659846172953677090e-01 3.216747325042200600e+01 3.152393319482485367e+03 3.216747325042201311e+01 3.890248788964971482e+03 3.812420763666017447e+05 3.152393319482485822e+03 3.812420763666016865e+05 3.736149760000002384e+07
9.649902259166887736e-03 1.167033552343494041e+00 1.143685966684150372e+02 1.167033552343497149e+00 -1.260178578878485041e+03 3.486162262991844909e+05 1.143685966684151936e+02 3.486162262991848984e+05 -8.079122136333982944e+08 2.659846172953677090e-01 3.216747325042200600e+01 3.152393319482485367e+03 3.216747325042201311e+01 3.890248788964971482e+03 3.812420763666017447e+05 3.152393319482485822e+03 3.812420763666016865e+05 3.736149760000002384e+07
9.649902259166887736e-03 1.167033552343494041e+00 1.143685966684150372e+02 1.167033552343497149e+00 -1.260178578878485041e+03 3.486162262991844909e+05 1.143685966684151936e+02 3.486162262991848984e+05 -8.079122136333982944e+08 2.659846172953677090e-01 3.216747325042200600e+01 3.152393319482485367e+03 3.216747325042201311e+01 3.890248788964971482e+03 3.812420763666017447e+05 3.152393319482485822e+03 3.812420763666016865e+05 3.736149760000002384e+07
9.649902259166887736e-03 1.167033552343494041e+00 1.143685966684150372e+02 1.167033552343497149e+00 -1.260178578878485041e+03 3.486162262991844909e+05 1.143685966684151936e+02 3.486162262991848984e+05 -8.079122136333982944e+08 2.659846172953677090e-01 3.216747325042200600e+01 3.152393319482485367e+03 3.216747325042201311e+01 3.890248788964971482e+03 3.812420763666017447e+05 3.152393319482485822e+03 3.812420763666016865e+05 3.736149760000002384e+07
9.649902259166887736e-03 1.167033552343494041e+00 1.143685966684150372e+02 1.167033552343497149e+00 -1.260178578878485041e+03 3.486162262991844909e+05 1.143685966684151936e+02 3.486162262991848984e+05 -8.079122136333982944e+08 2.659846172953677090e-01 3.216747325042200600e+01 3.152393319482485367e+03 3.216747325042201311e+01 3.890248788964971482e+03 3.812420763666017447e+05 3.152393319482485822e+03 3.812420763666016865e+05 3.736149760000002384e+07
9.649902259166887736e-03 1.167033552343494041e+00 1.143685966684150372e+02 1.167033552343497149e+00 -1.260178578878485041e+03 3.486162262991844909e+05 1.143685966684151936e+02 3.486162262991848984e+05 -8.079122136333982944e+08 2.659846172953677090e-01 3.216747325042200600e+01 3.152393319482485367e+03 3.216747325042201311e+01 3.890248788964971482e+03 3.812420763666017447e+05 3.152393319482485822e+03 3.812420763666016865e+05 3.736149760000002384e+07
9.649902259166887736e-03 1.167033552343494041e+00 1.143685966684150372e+02 1.167033552343497149e+00 -1.260178578878485041e+03 3.486162262991844909e+05 1.143685966684151936e+02 3.486162262991848984e+05 -8.079122136333982944e+08 2.659846172953677090e-01 3.216747325042200600e+01 3.152393319482485367e+03 3.216747325042201311e+01 3.890248788964971482e+03 3.812420763666017447e+05 3.152393319482485822e+03 3.812420763666016865e+05 3.736149760000002384e+07
9.649902259166887736e-03 1.167033552343494041e+00 1.143685966684150372e+02 1.167033552343497149e+00 -1.260178578878485041e+03 3.486162262991844909e+05 1.143685966684151936e+02 3.486162262991848984e+05 -8.079122136333982944e+08 2.659846172953677090e-01 3.216747325042200600e+01 3.152393319482485367e+03 3.216747325042201311e+01 3.890248788964971482e+03 3.812420763666017447e+05 3.152393319482485822e+03 3.812420763666016865e+05 3.736149760000002384e+07
9.649902259166887736e-03 1.167033552343494041e+00 1.143685966684150372e+02 1.167033552343497149e+00 -1.260178578878485041e+03 3.486162262991844909e+05 1.143685966684151936e+02 3.486162262991848984e+05 -8.079122136333982944e+08 2.659846172953677090e-01 3.216747325042200600e+01 3.152393319482485367e+03 3.216747325042201311e+01 3.890248788964971482e+03 3.812420763666017447e+05 3.152393319482485822e+03 3.812420763666016865e+05 3.736149760000002384e+07
9.649902259166887736e-03 1.167033552343494041e+00 1.143685966684150372e+02 1.167033552343497149e+00 -1.260178578878485041e+03 3.486162262991844909e+05 1.143685966684151936e+02 3.486162262991848984e+05 -8.079122136333982944e+08 2.659846172953677090e-01 3.216747325042200600e+01 3.152393319482485367e+03 3.216747325042201311e+01 3.890248788964971482e+03 3.812420763666017447e+05 3.152393319482485822e+03 3.812420763666016865e+05 3.736149760000002384e+07
9.649902259166887736e-03 1.167033552343494041e+00 1.143685966684150372e+02 1.167033552343497149e+00 -1.260178578878485041e+03 3.486162262991844909e+05 1.143685966684151936e+02 3.486162262991848984e+05 -8.079122136333982944e+08 2.659846172953677090e-01 3.216747325042200600e+01 3.152393319482485367e+03 3.216747325042201311e+01 3.890248788964971482e+03 3.812420763666017447e+05 3.152393319482485822e+03 3.812420763666016865e+05 3.736149760000002384e+07
9.649902259166887736e-03 1.167033552343494041e+00 1.143685966684150372e+02 1.167033552343497149e+00 -1.260178578878485041e+03 3.486162262991844909e+05 1.143685966684151936e+02 3.486162262991848984e+05 -8.079122136333982944e+08 2.659846172953677090e-01 3.216747325042200600e+01 3.152393319482485367e+03 3.216747325042201311e+01 3.890248788964971482e+03 3.812420763666017447e+05 3.152393319482485822e+03 3.812420763666016865e+05 3.736149760000002384e+07
9.649902259166887736e-03 1.167033552343494041e+00 1.143685966684150372e+02 1.167033552343497149e+00 -1.260178578878485041e+03 3.486162262991844909e+05 1.143685966684151936e+02 3.486162262991848984e+05 -8.079122136333982944e+08 2.659846172953677090e-01 3.216747325042200600e+01 3.152393319482485367e+03 3.216747325042201311e+01 3.890248788964971482e+03 3.812420763666017447e+05 3.152393319482485822e+03 3.812420763666016865e+05 3.736149760000002384e+07
9.649902259166887736e-03 1.167033552343494041e+00 1.143685966684150372e+02 1.167033552343497149e+00 -1.260178578878485041e+03 3.486162262991844909e+05 1.143685966684151936e+02 3.486162262991848984e+05 -8.079122136333982944e+08 2.659846172953677090e-01 3.216747325042200600e+01 3.152393319482485367e+03 3.216747325042201311e+01 3.890248788964971482e+03 3.812420763666017447e+05 3.152393319482485822e+03 3.812420763666016865e+05 3.736149760000002384e+07
9.649902259166887736e-03 1.167033552343494041e+00 1.143685966684150372e+02 1.167033552343497149e+00 -1.260178578878485041e+03 3.486162262991844909e+05 1.143685966684151936e+02 3.486162262991848984e+05 -8.079122136333982944e+08 2.659846172953677090e-01 3.216747325042200600e+01 3.152393319482485367e+03 3.216747325042201311e+01 3.890248788964971482e+03 3.812420763666017447e+05 3.152393319482485822e+03 3.812420763666016865e+05 3.736149760000002384e+07
9.649902259166887736e-03 1.167033552343494041e+00 1.143685966684150372e+02 1.167033552343497149e+00 -1.260178578878485041e+03 3.486162262991844909e+05 1.143685966684151936e+02 3.486162262991848984e+05 -8.079122136333982944e+08 2.659846172953677090e-01 3.216747325042200600e+01 3.152393319482485367e+03 3.216747325042201311e+01 3.890248788964971482e+03 3.812420763666017447e+05 3.152393319482485822e+03 3.812420763666016865e+05 3.736149760000002384e+07
9.649902259166887736e-03 1.167033552343494041e+00 1.143685966684150372e+02 1.167033552343497149e+00 -1.260178578878485041e+03 3.486162262991844909e+05 1.143685966684151936e+02 3.486162262991848984e+05 -8.079122136333982944e+08 2.659846172953677090e-01 3.216747325042200600e+01 3.152393319482485367e+03 3.216747325042201311e+01 3.890248788964971482e+03 3.812420763666017447e+05 3.152393319482485822e+03 3.812420763666016865e+05 3.736149760000002384e+07
9.649902259166887736e-03 1.167033552343494041e+00 1.143685966684150372e+02 1.167033552343497149e+00 -1.260178578878485041e+03 3.486162262991844909e+05 1.143685966684151936e+02 3.486162262991848984e+05 -8.079122136333982944e+08 2.659846172953677090e-01 3.216747325042200600e+01 3.152393319482485367e+03 3.216747325042201311e+01 3.890248788964971482e+03 3.812420763666017447e+05 3.152393319482485822e+03 3.812420763666016865e+05 3.736149760000002384e+07
9.649902259166887736e-03 1.167033552343494041e+00 1.143685966684150372e+02 1.167033552343497149e+00 -1.260178578878485041e+03 3.486162262991844909e+05 1.143685966684151936e+02 3.486162262991848984e+05 -8.079122136333982944e+08 2.659846172953677090e-01 3.216747325042200600e+01 3.152393319482485367e+03 3.216747325042201311e+01 3.890248788964971482e+03 3.812420763666017447e+05 3.152393319482485822e+03 3.812420763666016865e+05 3.736149760000002384e+07
9.649902259166887736e-03 1.167033552343494041e+00 1.143685966684150372e+02 1.167033552343497149e+00 -1.260178578878485041e+03 3.486162262991844909e+05 1.143685966684151936e+02 3.486162262991848984e+05 -8.079122136333982944e+08 2.659846172953677090e-01 3.216747325042200600e+01 3.152393319482485367e+03 3.216747325042201311e+01 3.890248788964971482e+03 3.812420763666017447e+05 3.152393319482485822e+03 3.812420763666016865e+05 3.736149760000002384e+07
9.649902259166887736e-03 1.167033552343494041e+00 1.143685966684150372e+02 1.167033552343497149e+00 -1.260178578878485041e+03 3.486162262991844909e+05 1.143685966684151936e+02 3.486162262991848984e+05 -8.079122136333982944e+08 2.659846172953677090e-01 3.216747325042200600e+01 3.152393319482485367e+03 3.216747325042201311e+01 3.890248788964971482e+03 3.812420763666017447e+05 3.152393319482485822e+03 3.812420763666016865e+05 3.736149760000002384e+07
9.649902259166887736e-03 1.167033552343494041e+00 1.143685966684150372e+02 1.167033552343497149e+00 -1.260178578878485041e+03 3.486162262991844909e+05 1.143685966684151936e+02 3.486162262991848984e+05 -8.079122136333982944e+08 2.659846172953677090e-01 3.216747325042200600e+01 3.152393319482485367e+03 3.216747325042201311e+01 3.890248788964971482e+03 3.812420763666017447e+05 3.152393319482485822e+03 3.812420763666016865e+05 3.736149760000002384e+07
9.649902259166887736e-03 1.167033552343494041e+00 1.143685966684150372e+02 1.167033552343497149e+00 -1.260178578878485041e+03 3.486162262991844909e+05 1.143685966684151936e+02 3.486162262991848984e+05 -8.079122136333982944e+08 2.659846172953677090e-01 3.216747325042200600e+01 3.152393319482485367e+03 3.216747325042201311e+01 3.890248788964971482e+03 3.812420763666017447e+05 3.152393319482485822e+03 3.812420763666016865e+05 3.736149760000002384e+07
9.649902259166887736e-03 1.167033552343494041e+00 1.143685966684150372e+02 1.167033552343497149e+00 -1.260178578878485041e+03 3.486162262991844909e+05 1.143685966684151936e+02 3.486162262991848984e+05 -8.079122136333982944e+08 2.659846172953677090e-01 3.216747325042200600e+01 3.152393319482485367e+03 3.216747325042201311e+01 3.890248788964971482e+03 3.812420763666017447e+05 3.152393319482485822e+03 3.812420763666016865e+05 3.736149760000002384e+07
9.649902259166887736e-03 1.167033552343494041e+00 1.143685966684150372e+02 1.167033552343497149e+00 -1.260178578878485041e+03 3.486162262991844909e+05 1.143685966684151936e+02 3.486162262991848984e+05 -8.079122136333982944e+08 2.659846172953677090e-01 3.216747325042200600e+01 3.152393319482485367e+03 3.216747325042201311e+01 3.890248788964971482e+03 3.812420763666017447e+05 3.152393319482485822e+03 3.812420763666016865e+05 3.736149760000002384e+07
9.649902259166887736e-03 1.167033552343494041e+00 1.143685966684150372e+02 1.167033552343497149e+00 -1.260178578878485041e+03 3.486162262991844909e+05 1.143685966684151936e+02 3.486162262991848984e+05 -8.079122136333982944e+08 2.659846172953677090e-01 3.216747325042200600e+01 3.152393319482485367e+03 3.216747325042201311e+01 3.890248788964971482e+03 3.812420763666017447e+05 3.152393319482485822e+03 3.812420763666016865e+05 3.736149760000002384e+07
9.649902259166887736e-03 1.167033552343494041e+00 1.143685966684150372e+02 1.167033552343497149e+00 -1.260178578878485041e+03 3.486162262991844909e+05 1.143685966684151936e+02 3.486162262991848984e+05 -8.079122136333982944e+08 2.659846172953677090e-01 3.216747325042200600e+01 3.152393319482485367e+03 3.216747325042201311e+01 3.890248788964971482e+03 3.812420763666017447e+05 3.152393319482485822e+03 3.812420763666016865e+05 3.736149760000002384e+07
9.649902259166887736e-03 1.167033552343494041e+00 1.143685966684150372e+02 1.167033552343497149e+00 -1.260178578878485041e+03 3.486162262991844909e+05 1.143685966684151936e+02 3.486162262991848984e+05 -8.079122136333982944e+08 2.659846172953677090e-01 3.216747325042200600e+01 3.152393319482485367e+03 3.216747325042201311e+01 3.890248788964971482e+03 3.812420763666017447e+05 3.152393319482485822e+03 3.812420763666016865e+05 3.736149760000002384e+07
9.649902259166887736e-03 1.167033552343494041e+00 1.143685966684150372e+02 1.167033552343497149e+00 -1.260178578878485041e+03 3.486162262991844909e+05 1.143685966684151936e+02 3.486162262991848984e+05 -8.079122136333982944e+08 2.659846172953677090e-01 3.216747325042200600e+01 3.152393319482485367e+03 3.216747325042201311e+01 3.890248788964971482e+03 3.812420763666017447e+05 3.152393319482485822e+03 3.812420763666016865e+05 3.736149760000002384e+07
9.649902259166887736e-03 1.167033552343494041e+00 1.143685966684150372e+02 1.167033552343497149e+00 -1.260178578878485041e+03 3.486162262991844909e+05 1.143685966684151936e+02 3.486162262991848984e+05 -8.079122136333982944e+08 2.659846172953677090e-01 3.216747325042200600e+01 3.152393319482485367e+03 3.216747325042201311e+01 3.890248788964971482e+03 3.812420763666017447e+05 3.152393319482485822e+03 3.812420763666016865e+05 3.736149760000002384e+07
9.649902259166887736e-03 1.167033552343494041e+00 1.143685966684150372e+02 1.167033552343497149e+00 -1.260178578878485041e+03 3.486162262991844909e+05 1.143685966684151936e+02 3.486162262991848984e+05 -8.079122136333982944e+08 2.659846172953677090e-01 3.216747325042200600e+01 3.152393319482485367e+03 3.216747325042201311e+01 3.890248788964971482e+03 3.812420763666017447e+05 3.152393319482485822e+03 3.812420763666016865e+05 3.736149760000002384e+07
9.649902259166887736e-03 1.167033552343494041e+00 1.143685966684150372e+02 1.167033552343497149e+00 -1.260178578878485041e+03 3.486162262991844909e+05 1.143685966684151936e+02 3.486162262991848984e+05 -8.079122136333982944e+08 2.659846172953677090e-01 3.216747325042200600e+01 3.152393319482485367e+03 3.216747325042201311e+01 3.890248788964971482e+03 3.812420763666017447e+05 3.152393319482485822e+03 3.812420763666016865e+05 3.736149760000002384e+07
9.649902259166887736e-03 1.167033552343494041e+00 1.143685966684150372e+02 1.167033552343497149e+00 -1.260178578878485041e+03 3.486162262991844909e+05 1.143685966684151936e+02 3.486162262991848984e+05 -8.079122136333982944e+08 2.659846172953677090e-01 3.216747325042200600e+01 3.152393319482485367e+03 3.216747325042201311e+01 3.890248788964971482e+03 3.812420763666017447e+05 3.152393319482485822e+03 3.812420763666016865e+05 3.736149760000002384e+07
9.649902259166887736e-03 1.167033552343494041e+00 1.143685966684150372e+02 1.167033552343497149e+00 -1.260178578878485041e+03 3.486162262991844909e+05 1.143685966684151936e+02 3.486162262991848984e+05 -8.079122136333982944e+08 2.659846172953677090e-01 3.216747325042200600e+01 3.152393319482485367e+03 3.216747325042201311e+01 3.890248788964971482e+03 3.812420763666017447e+05 3.152393319482485822e+03 3.812420763666016865e+05 3.736149760000002384e+07
9.649902259166887736e-03 1.167033552343494041e+00 1.143685966684150372e+02 1.167033552343497149e+00 -1.260178578878485041e+03 3.486162262991844909e+05 1.143685966684151936e+02 3.486162262991848984e+05 -8.079122136333982944e+08 2.659846172953677090e-01 3.216747325042200600e+01 3.152393319482485367e+03 3.216747325042201311e+01 3.890248788964971482e+03 3.812420763666017447e+05 3.152393319482485822e+03 3.812420763666016865e+05 3.736149760000002384e+07
9.649902259166887736e-03 1.167033552343494041e+00 1.143685966684150372e+02 1.167033552343497149e+00 -1.260178578878485041e+03 3.486162262991844909e+05 1.143685966684151936e+02 3.486162262991848984e+05 -8.079122136333982944e+08 2.659846172953677090e-01 3.216747325042200600e+01 3.152393319482485367e+03 3.216747325042201311e+01 3.890248788964971482e+03 3.812420763666017447e+05 3.152393319482485822e+03 3.812420763666016865e+05 3.736149760000002384e+07
9.649902259166887736e-03 1.167033552343494041e+00 1.143685966684150372e+02 1.167033552343497149e+00 -1.260178578878485041e+03 3.486162262991844909e+05 1.143685966684151936e+02 3.486162262991848984e+05 -8.079122136333982944e+08 2.659846172953677090e-01 3.216747325042200600e+01 3.152393319482485367e+03 3.216747325042201311e+01 3.890248788964971482e+03 3.812420763666017447e+05 3.152393319482485822e+03 3.812420763666016865e+05 3.736149760000002384e+07
9.649902259166887736e-03 1.167033552343494041e+00 1.143685966684150372e+02 1.167033552343497149e+00 -1.260178578878485041e+03 3.486162262991844909e+05 1.143685966684151936e+02 3.486162262991848984e+05 -8.079122136333982944e+08 2.659846172953677090e-01 3.216747325042200600e+01 3.152393319482485367e+03 3.216747325042201311e+01 3.890248788964971482e+03 3.812420763666017447e+05 3.152393319482485822e+03 3.812420763666016865e+05 3.736149760000002384e+07
9.649902259166887736e-03 1.167033552343494041e+00 1.143685966684150372e+02 1.167033552343497149e+00 -1.260178578878485041e+03 3.486162262991844909e+05 1.143685966684151936e+02 3.486162262991848984e+05 -8.079122136333982944e+08 2.659846172953677090e-01 3.216747325042200600e+01 3.152393319482485367e+03 3.216747325042201311e+01 3.890248788964971482e+03 3.812420763666017447e+05 3.152393319482485822e+03 3.812420763666016865e+05 3.736149760000002384e+07
9.649902259166887736e-03 1.167033552343494041e+00 1.143685966684150372e+02 1.167033552343497149e+00 -1.260178578878485041e+03 3.486162262991844909e+05 1.143685966684151936e+02 3.486162262991848984e+05 -8.079122136333982944e+08 2.659846172953677090e-01 3.216747325042200600e+01 3.152393319482485367e+03 3.216747325042201311e+01 3.890248788964971482e+03 3.812420763666017447e+05 3.152393319482485822e+03 3.812420763666016865e+05 3.736149760000002384e+07
9.649902259166887736e-03 1.167033552343494041e+00 1.143685966684150372e+02 1.167033552343497149e+00 -1.260178578878485041e+03 3.486162262991844909e+05 1.143685966684151936e+02 3.486162262991848984e+05 -8.079122136333982944e+08 2.659846172953677090e-01 3.216747325042200600e+01 3.152393319482485367e+03 3.216747325042201311e+01 3.890248788964971482e+03 3.812420763666017447e+05 3.152393319482485822e+03 3.812420763666016865e+05 3.736149760000002384e+07
9.649902259166887736e-03 1.167033552343494041e+00 1.143685966684150372e+02 1.167033552343497149e+00 -1.260178578878485041e+03 3.486162262991844909e+05 1.143685966684151936e+02 3.486162262991848984e+05 -8.079122136333982944e+08 2.659846172953677090e-01 3.216747325042200600e+01 3.152393319482485367e+03 3.216747325042201311e+01 3.890248788964971482e+03 3.812420763666017447e+05 3.152393319482485822e+03 3.812420763666016865e+05 3.736149760000002384e+07
9.649902259166887736e-03 1.167033552343494041e+00 1.143685966684150372e+02 1.167033552343497149e+00 -1.260178578878485041e+03 3.486162262991844909e+05 1.143685966684151936e+02 3.486162262991848984e+05 -8.079122136333982944e+08 2.659846172953677090e-01 3.216747325042200600e+01 3.152393319482485367e+03 3.216747325042201311e+01 3.890248788964971482e+03 3.812420763666017447e+05 3.152393319482485822e+03 3.812420763666016865e+05 3.736149760000002384e+07
9.649902259166887736e-03 1.167033552343494041e+00 1.143685966684150372e+02 1.167033552343497149e+00 -1.260178578878485041e+03 3.486162262991844909e+05 1.143685966684151936e+02 3.486162262991848984e+05 -8.079122136333982944e+08 2.659846172953677090e-01 3.216747325042200600e+01 3.152393319482485367e+03 3.216747325042201311e+01 3.890248788964971482e+03 3.812420763666017447e+05 3.152393319482485822e+03 3.812420763666016865e+05 3.736149760000002384e+07
9.649902259166887736e-03 1.167033552343494041e+00 1.143685966684150372e+02 1.167033552343497149e+00 -1.260178578878485041e+03 3.486162262991844909e+05 1.143685966684151936e+02 3.486162262991848984e+05 -8.079122136333982944e+08 2.659846172953677090e-01 3.216747325042200600e+01 3.152393319482485367e+03 3.216747325042201311e+01 3.890248788964971482e+03 3.812420763666017447e+05 3.152393319482485822e+03 3.812420763666016865e+05 3.736149760000002384e+07
9.649902259166887736e-03 1.167033552343494041e+00 1.143685966684150372e+02 1.167033552343497149e+00 -1.260178578878485041e+03 3.486162262991844909e+05 1.143685966684151936e+02 3.486162262991848984e+05 -8.079122136333982944e+08 2.659846172953677090e-01 3.216747325042200600e+01 3.152393319482485367e+03 3.216747325042201311e+01 3.890248788964971482e+03 3.812420763666017447e+05 3.152393319482485822e+03 3.812420763666016865e+05 3.736149760000002384e+07
9.649902259166887736e-03 1.167033552343494041e+00 1.143685966684150372e+02 1.167033552343497149e+00 -1.260178578878485041e+03 3.486162262991844909e+05 1.143685966684151936e+02 3.486162262991848984e+05 -8.079122136333982944e+08 2.659846172953677090e-01 3.216747325042200600e+01 3.152393319482485367e+03 3.216747325042201311e+01 3.890248788964971482e+03 3.812420763666017447e+05 3.152393319482485822e+03 3.812420763666016865e+05 3.736149760000002384e+07
9.649902259166887736e-03 1.167033552343494041e+00 1.143685966684150372e+02 1.167033552343497149e+00 -1.260178578878485041e+03 3.486162262991844909e+05 1.143685966684151936e+02 3.486162262991848984e+05 -8.079122136333982944e+08 2.659846172953677090e-01 3.216747325042200600e+01 3.152393319482485367e+03 3.216747325042201311e+01 3.890248788964971482e+03 3.812420763666017447e+05 3.152393319482485822e+03 3.812420763666016865e+05 3.736149760000002384e+07
9.649902259166887736e-03 1.167033552343494041e+00 1.143685966684150372e+02 1.167033552343497149e+00 -1.260178578878485041e+03 3.486162262991844909e+05 1.143685966684151936e+02 3.486162262991848984e+05 -8.079122136333982944e+08 2.659846172953677090e-01 3.216747325042200600e+01 3.152393319482485367e+03 3.216747325042201311e+01 3.890248788964971482e+03 3.812420763666017447e+05 3.152393319482485822e+03 3.812420763666016865e+05 3.736149760000002384e+07
9.649902259166887736e-03 1.167033552343494041e+00 1.143685966684150372e+02 1.167033552343497149e+00 -1.260178578878485041e+03 3.486162262991844909e+05 1.143685966684151936e+02 3.486162262991848984e+05 -8.079122136333982944e+08 2.659846172953677090e-01 3.216747325042200600e+01 3.152393319482485367e+03 3.216747325042201311e+01 3.890248788964971482e+03 3.812420763666017447e+05 3.152393319482485822e+03 3.812420763666016865e+05 3.736149760000002384e+07
9.649902259166887736e-03 1.167033552343494041e+00 1.143685966684150372e+02 1.167033552343497149e+00 -1.260178578878485041e+03 3.486162262991844909e+05 1.143685966684151936e+02 3.486162262991848984e+05 -8.079122136333982944e+08 2.659846172953677090e-01 3.216747325042200600e+01 3.152393319482485367e+03 3.216747325042201311e+01 3.890248788964971482e+03 3.812420763666017447e+05 3.152393319482485822e+03 3.812420763666016865e+05 3.736149760000002384e+07
9.649902259166887736e-03 1.167033552343494041e+00 1.143685966684150372e+02 1.167033552343497149e+00 -1.260178578878485041e+03 3.486162262991844909e+05 1.143685966684151936e+02 3.486162262991848984e+05 -8.079122136333982944e+08 2.659846172953677090e-01 3.216747325042200600e+01 3.152393319482485367e+03 3.216747325042201311e+01 3.890248788964971482e+03 3.812420763666017447e+05 3.152393319482485822e+03 3.812420763666016865e+05 3.736149760000002384e+07
9.649902259166887736e-03 1.167033552343494041e+00 1.143685966684150372e+02 1.167033552343497149e+00 -1.260178578878485041e+03 3.486162262991844909e+05 1.143685966684151936e+02 3.486162262991848984e+05 -8.079122136333982944e+08 2.659846172953677090e-01 3.216747325042200600e+01 3.152393319482485367e+03 3.216747325042201311e+01 3.890248788964971482e+03 3.812420763666017447e+05 3.152393319482485822e+03 3.812420763666016865e+05 3.736149760000002384e+07
9.649902259166887736e-03 1.167033552343494041e+00 1.143685966684150372e+02 1.167033552343497149e+00 -1.260178578878485041e+03 3.486162262991844909e+05 1.143685966684151936e+02 3.486162262991848984e+05 -8.079122136333982944e+08 2.659846172953677090e-01 3.216747325042200600e+01 3.152393319482485367e+03 3.216747325042201311e+01 3.890248788964971482e+03 3.812420763666017447e+05 3.152393319482485822e+03 3.812420763666016865e+05 3.736149760000002384e+07
9.649902259166887736e-03 1.167033552343494041e+00 1.143685966684150372e+02 1.167033552343497149e+00 -1.260178578878485041e+03 3.486162262991844909e+05 1.143685966684151936e+02 3.486162262991848984e+05 -8.079122136333982944e+08 2.659846172953677090e-01 3.216747325042200600e+01 3.152393319482485367e+03 3.216747325042201311e+01 3.890248788964971482e+03 3.812420763666017447e+05 3.152393319482485822e+03 3.812420763666016865e+05 3.736149760000002384e+07
9.649902259166887736e-03 1.167033552343494041e+00 1.143685966684150372e+02 1.167033552343497149e+00 -1.260178578878485041e+03 3.486162262991844909e+05 1.143685966684151936e+02 3.486162262991848984e+05 -8.079122136333982944e+08 2.659846172953677090e-01 3.216747325042200600e+01 3.152393319482485367e+03 3.216747325042201311e+01 3.890248788964971482e+03 3.812420763666017447e+05 3.152393319482485822e+03 3.812420763666016865e+05 3.736149760000002384e+07
9.649902259166887736e-03 1.167033552343494041e+00 1.143685966684150372e+02 1.167033552343497149e+00 -1.260178578878485041e+03 3.486162262991844909e+05 1.143685966684151936e+02 3.486162262991848984e+05 -8.079122136333982944e+08 2.659846172953677090e-01 3.216747325042200600e+01 3.152393319482485367e+03 3.216747325042201311e+01 3.890248788964971482e+03 3.812420763666017447e+05 3.152393319482485822e+03 3.812420763666016865e+05 3.736149760000002384e+07
9.649902259166887736e-03 1.167033552343494041e+00 1.143685966684150372e+02 1.167033552343497149e+00 -1.260178578878485041e+03 3.486162262991844909e+05 1.143685966684151936e+02 3.486162262991848984e+05 -8.079122136333982944e+08 2.659846172953677090e-01 3.216747325042200600e+01 3.152393319482485367e+03 3.216747325042201311e+01 3.890248788964971482e+03 3.812420763666017447e+05 3.152393319482485822e+03 3.812420763666016865e+05 3.736149760000002384e+07
9.649902259166887736e-03 1.167033552343494041e+00 1.143685966684150372e+02 1.167033552343497149e+00 -1.260178578878485041e+03 3.486162262991844909e+05 1.143685966684151936e+02 3.486162262991848984e+05 -8.079122136333982944e+08 2.659846172953677090e-01 3.216747325042200600e+01 3.152393319482485367e+03 3.216747325042201311e+01 3.890248788964971482e+03 3.812420763666017447e+05 3.152393319482485822e+03 3.812420763666016865e+05 3.736149760000002384e+07
9.649902259166887736e-03 1.167033552343494041e+00 1.143685966684150372e+02 1.167033552343497149e+00 -1.260178578878485041e+03 3.486162262991844909e+05 1.143685966684151936e+02 3.486162262991848984e+05 -8.079122136333982944e+08 2.659846172953677090e-01 3.216747325042200600e+01 3.152393319482485367e+03 3.216747325042201311e+01 3.890248788964971482e+03 3.812420763666017447e+05 3.152393319482485822e+03 3.812420763666016865e+05 3.736149760000002384e+07
9.649902259166887736e-03 1.167033552343494041e+00 1.143685966684150372e+02 1.167033552343497149e+00 -1.260178578878485041e+03 3.486162262991844909e+05 1.143685966684151936e+02 3.486162262991848984e+05 -8.079122136333982944e+08 2.659846172953677090e-01 3.216747325042200600e+01 3.152393319482485367e+03 3.216747325042201311e+01 3.890248788964971482e+03 3.812420763666017447e+05 3.152393319482485822e+03 3.812420763666016865e+05 3.736149760000002384e+07
9.649902259166887736e-03 1.167033552343494041e+00 1.143685966684150372e+02 1.167033552343497149e+00 -1.260178578878485041e+03 3.486162262991844909e+05 1.143685966684151936e+02 3.486162262991848984e+05 -8.079122136333982944e+08 2.659846172953677090e-01 3.216747325042200600e+01 3.152393319482485367e+03 3.216747325042201311e+01 3.890248788964971482e+03 3.812420763666017447e+05 3.152393319482485822e+03 3.812420763666016865e+05 3.736149760000002384e+07
9.649902259166887736e-03 1.167033552343494041e+00 1.143685966684150372e+02 1.167033552343497149e+00 -1.260178578878485041e+03 3.486162262991844909e+05 1.143685966684151936e+02 3.486162262991848984e+05 -8.079122136333982944e+08 2.659846172953677090e-01 3.216747325042200600e+01 3.152393319482485367e+03 3.216747325042201311e+01 3.890248788964971482e+03 3.812420763666017447e+05 3.152393319482485822e+03 3.812420763666016865e+05 3.736149760000002384e+07
9.649902259166887736e-03 1.167033552343494041e+00 1.143685966684150372e+02 1.167033552343497149e+00 -1.260178578878485041e+03 3.486162262991844909e+05 1.143685966684151936e+02 3.486162262991848984e+05 -8.079122136333982944e+08 2.659846172953677090e-01 3.216747325042200600e+01 3.152393319482485367e+03 3.216747325042201311e+01 3.890248788964971482e+03 3.812420763666017447e+05 3.152393319482485822e+03 3.812420763666016865e+05 3.736149760000002384e+07
9.649902259166887736e-03 1.167033552343494041e+00 1.143685966684150372e+02 1.167033552343497149e+00 -1.260178578878485041e+03 3.486162262991844909e+05 1.143685966684151936e+02 3.486162262991848984e+05 -8.079122136333982944e+08 2.659846172953677090e-01 3.216747325042200600e+01 3.152393319482485367e+03 3.216747325042201311e+01 3.890248788964971482e+03 3.812420763666017447e+05 3.152393319482485822e+03 3.812420763666016865e+05 3.736149760000002384e+07
9.649902259166887736e-03 1.167033552343494041e+00 1.143685966684150372e+02 1.167033552343497149e+00 -1.260178578878485041e+03 3.486162262991844909e+05 1.143685966684151936e+02 3.486162262991848984e+05 -8.079122136333982944e+08 2.659846172953677090e-01 3.216747325042200600e+01 3.152393319482485367e+03 3.216747325042201311e+01 3.890248788964971482e+03 3.812420763666017447e+05 3.152393319482485822e+03 3.812420763666016865e+05 3.736149760000002384e+07
9.649902259166887736e-03 1.167033552343494041e+00 1.143685966684150372e+02 1.167033552343497149e+00 -1.260178578878485041e+03 3.486162262991844909e+05 1.143685966684151936e+02 3.486162262991848984e+05 -8.079122136333982944e+08 2.659846172953677090e-01 3.216747325042200600e+01 3.152393319482485367e+03 3.216747325042201311e+01 3.890248788964971482e+03 3.812420763666017447e+05 3.152393319482485822e+03 3.812420763666016865e+05 3.736149760000002384e+07
9.649902259166887736e-03 1.167033552343494041e+00 1.143685966684150372e+02 1.167033552343497149e+00 -1.260178578878485041e+03 3.486162262991844909e+05 1.143685966684151936e+02 3.486162262991848984e+05 -8.079122136333982944e+08 2.659846172953677090e-01 3.216747325042200600e+01 3.152393319482485367e+03 3.216747325042201311e+01 3.890248788964971482e+03 3.812420763666017447e+05 3.152393319482485822e+03 3.812420763666016865e+05 3.736149760000002384e+07
9.649902259166887736e-03 1.167033552343494041e+00 1.143685966684150372e+02 1.167033552343497149e+00 -1.260178578878485041e+03 3.486162262991844909e+05 1.143685966684151936e+02 3.486162262991848984e+05 -8.079122136333982944e+08 2.659846172953677090e-01 3.216747325042200600e+01 3.152393319482485367e+03 3.216747325042201311e+01 3.890248788964971482e+03 3.812420763666017447e+05 3.152393319482485822e+03 3.812420763666016865e+05 3.736149760000002384e+07
9.649902259166887736e-03 1.167033552343494041e+00 1.143685966684150372e+02 1.167033552343497149e+00 -1.260178578878485041e+03 3.486162262991844909e+05 1.143685966684151936e+02 3.486162262991848984e+05 -8.079122136333982944e+08 2.659846172953677090e-01 3.216747325042200600e+01 3.152393319482485367e+03 3.216747325042201311e+01 3.890248788964971482e+03 3.812420763666017447e+05 3.152393319482485822e+03 3.812420763666016865e+05 3.736149760000002384e+07
9.649902259166887736e-03 1.167033552343494041e+00 1.143685966684150372e+02 1.167033552343497149e+00 -1.260178578878485041e+03 3.486162262991844909e+05 1.143685966684151936e+02 3.486162262991848984e+05 -8.079122136333982944e+08 2.659846172953677090e-01 3.216747325042200600e+01 3.152393319482485367e+03 3.216747325042201311e+01 3.890248788964971482e+03 3.812420763666017447e+05 3.152393319482485822e+03 3.812420763666016865e+05 3.736149760000002384e+07
9.649902259166887736e-03 1.167033552343494041e+00 1.143685966684150372e+02 1.167033552343497149e+00 -1.260178578878485041e+03 3.486162262991844909e+05 1.143685966684151936e+02 3.486162262991848984e+05 -8.079122136333982944e+08 2.659846172953677090e-01 3.216747325042200600e+01 3.152393319482485367e+03 3.216747325042201311e+01 3.890248788964971482e+03 3.812420763666017447e+05 3.152393319482485822e+03 3.812420763666016865e+05 3.736149760000002384e+07
9.649902259166887736e-03 1.167033552343494041e+00 1.143685966684150372e+02 1.167033552343497149e+00 -1.260178578878485041e+03 3.486162262991844909e+05 1.143685966684151936e+02 3.486162262991848984e+05 -8.079122136333982944e+08 2.659846172953677090e-01 3.216747325042200600e+01 3.152393319482485367e+03 3.216747325042201311e+01 3.890248788964971482e+03 3.812420763666017447e+05 3.152393319482485822e+03 3.812420763666016865e+05 3.736149760000002384e+07
9.649902259166887736e-03 1.167033552343494041e+00 1.143685966684150372e+02 1.167033552343497149e+00 -1.260178578878485041e+03 3.486162262991844909e+05 1.143685966684151936e+02 3.486162262991848984e+05 -8.079122136333982944e+08 2.659846172953677090e-01 3.216747325042200600e+01 3.152393319482485367e+03 3.216747325042201311e+01 3.890248788964971482e+03 3.812420763666017447e+05 3.152393319482485822e+03 3.812420763666016865e+05 3.736149760000002384e+07
9.649902259166887736e-03 1.167033552343494041e+00 1.143685966684150372e+02 1.167033552343497149e+00 -1.260178578878485041e+03 3.486162262991844909e+05 1.143685966684151936e+02 3.486162262991848984e+05 -8.079122136333982944e+08 2.659846172953677090e-01 3.216747325042200600e+01 3.152393319482485367e+03 3.216747325042201311e+01 3.890248788964971482e+03 3.812420763666017447e+05 3.152393319482485822e+03 3.812420763666016865e+05 3.736149760000002384e+07
9.649902259166887736e-03 1.167033552343494041e+00 1.143685966684150372e+02 1.167033552343497149e+00 -1.260178578878485041e+03 3.486162262991844909e+05 1.143685966684151936e+02 3.486162262991848984e+05 -8.079122136333982944e+08 2.659846172953677090e-01 3.216747325042200600e+01 3.152393319482485367e+03 3.216747325042201311e+01 3.890248788964971482e+03 3.812420763666017447e+05 3.152393319482485822e+03 3.812420763666016865e+05 3.736149760000002384e+07
9.649902259166887736e-03 1.167033552343494041e+00 1.143685966684150372e+02 1.167033552343497149e+00 -1.260178578878485041e+03 3.486162262991844909e+05 1.143685966684151936e+02 3.486162262991848984e+05 -8.079122136333982944e+08 2.659846172953677090e-01 3.216747325042200600e+01 3.152393319482485367e+03 3.216747325042201311e+01 3.890248788964971482e+03 3.812420763666017447e+05 3.152393319482485822e+03 3.812420763666016865e+05 3.736149760000002384e+07
9.649902259166887736e-03 1.167033552343494041e+00 1.143685966684150372e+02 1.167033552343497149e+00 -1.260178578878485041e+03 3.486162262991844909e+05 1.143685966684151936e+02 3.486162262991848984e+05 -8.079122136333982944e+08 2.659846172953677090e-01 3.216747325042200600e+01 3.152393319482485367e+03 3.216747325042201311e+01 3.890248788964971482e+03 3.812420763666017447e+05 3.152393319482485822e+03 3.812420763666016865e+05 3.736149760000002384e+07
9.649902259166887736e-03 1.167033552343494041e+00 1.143685966684150372e+02 1.167033552343497149e+00 -1.260178578878485041e+03 3.486162262991844909e+05 1.143685966684151936e+02 3.486162262991848984e+05 -8.079122136333982944e+08 2.659846172953677090e-01 3.216747325042200600e+01 3.152393319482485367e+03 3.216747325042201311e+01 3.890248788964971482e+03 3.812420763666017447e+05 3.152393319482485822e+03 3.812420763666016865e+05 3.736149760000002384e+07
9.649902259166887736e-03 1.167033552343494041e+00 1.143685966684150372e+02 1.167033552343497149e+00 -1.260178578878485041e+03 3.486162262991844909e+05 1.143685966684151936e+02 3.486162262991848984e+05 -8.079122136333982944e+08 2.659846172953677090e-01 3.216747325042200600e+01 3.152393319482485367e+03 3.216747325042201311e+01 3.890248788964971482e+03 3.812420763666017447e+05 3.152393319482485822e+03 3.812420763666016865e+05 3.736149760000002384e+07
9.649902259166887736e-03 1.167033552343494041e+00 1.143685966684150372e+02 1.167033552343497149e+00 -1.260178578878485041e+03 3.486162262991844909e+05 1.143685966684151936e+02 3.486162262991848984e+05 -8.079122136333982944e+08 2.659846172953677090e-01 3.216747325042200600e+01 3.152393319482485367e+03 3.216747325042201311e+01 3.890248788964971482e+03 3.812420763666017447e+05 3.152393319482485822e+03 3.812420763666016865e+05 3.736149760000002384e+07
9.649902259166887736e-03 1.167033552343494041e+00 1.143685966684150372e+02 1.167033552343497149e+00 -1.260178578878485041e+03 3.486162262991844909e+05 1.143685966684151936e+02 3.486162262991848984e+05 -8.079122136333982944e+08 2.659846172953677090e-01 3.216747325042200600e+01 3.152393319482485367e+03 3.216747325042201311e+01 3.890248788964971482e+03 3.812420763666017447e+05 3.152393319482485822e+03 3.812420763666016865e+05 3.736149760000002384e+07
9.649902259166887736e-03 1.167033552343494041e+00 1.143685966684150372e+02 1.167033552343497149e+00 -1.260178578878485041e+03 3.486162262991844909e+05 1.143685966684151936e+02 3.486162262991848984e+05 -8.079122136333982944e+08 2.659846172953677090e-01 3.216747325042200600e+01 3.152393319482485367e+03 3.216747325042201311e+01 3.890248788964971482e+03 3.812420763666017447e+05 3.152393319482485822e+03 3.812420763666016865e+05 3.736149760000002384e+07
9.649902259166887736e-03 1.167033552343494041e+00 1.143685966684150372e+02 1.167033552343497149e+00 -1.260178578878485041e+03 3.486162262991844909e+05 1.143685966684151936e+02 3.486162262991848984e+05 -8.079122136333982944e+08 2.659846172953677090e-01 3.216747325042200600e+01 3.152393319482485367e+03 3.216747325042201311e+01 3.890248788964971482e+03 3.812420763666017447e+05 3.152393319482485822e+03 3.812420763666016865e+05 3.736149760000002384e+07
9.649902259166887736e-03 1.167033552343494041e+00 1.143685966684150372e+02 1.167033552343497149e+00 -1.260178578878485041e+03 3.486162262991844909e+05 1.143685966684151936e+02 3.486162262991848984e+05 -8.079122136333982944e+08 2.659846172953677090e-01 3.216747325042200600e+01 3.152393319482485367e+03 3.216747325042201311e+01 3.890248788964971482e+03 3.812420763666017447e+05 3.152393319482485822e+03 3.812420763666016865e+05 3.736149760000002384e+07
9.649902259166887736e-03 1.167033552343494041e+00 1.143685966684150372e+02 1.167033552343497149e+00 -1.260178578878485041e+03 3.486162262991844909e+05 1.143685966684151936e+02 3.486162262991848984e+05 -8.079122136333982944e+08 2.659846172953677090e-01 3.216747325042200600e+01 3.152393319482485367e+03 3.216747325042201311e+01 3.890248788964971482e+03 3.812420763666017447e+05 3.152393319482485822e+03 3.812420763666016865e+05 3.736149760000002384e+07
9.649902259166887736e-03 1.167033552343494041e+00 1.143685966684150372e+02 1.167033552343497149e+00 -1.260178578878485041e+03 3.486162262991844909e+05 1.143685966684151936e+02 3.486162262991848984e+05 -8.079122136333982944e+08 2.659846172953677090e-01 3.216747325042200600e+01 3.152393319482485367e+03 3.216747325042201311e+01 3.890248788964971482e+03 3.812420763666017447e+05 3.152393319482485822e+03 3.812420763666016865e+05 3.736149760000002384e+07
9.649902259166887736e-03 1.167033552343494041e+00 1.143685966684150372e+02 1.167033552343497149e+00 -1.260178578878485041e+03 3.486162262991844909e+05 1.143685966684151936e+02 3.486162262991848984e+05 -8.079122136333982944e+08 2.659846172953677090e-01 3.216747325042200600e+01 3.152393319482485367e+03 3.216747325042201311e+01 3.890248788964971482e+03 3.812420763666017447e+05 3.152393319482485822e+03 3.812420763666016865e+05 3.736149760000002384e+07
9.649902259166887736e-03 1.167033552343494041e+00 1.143685966684150372e+02 1.167033552343497149e+00 -1.260178578878485041e+03 3.486162262991844909e+05 1.143685966684151936e+02 3.486162262991848984e+05 -8.079122136333982944e+08 2.659846172953677090e-01 3.216747325042200600e+01 3.152393319482485367e+03 3.216747325042201311e+01 3.890248788964971482e+03 3.812420763666017447e+05 3.152393319482485822e+03 3.812420763666016865e+05 3.736149760000002384e+07
9.649902259166887736e-03 1.167033552343494041e+00 1.143685966684150372e+02 1.167033552343497149e+00 -1.260178578878485041e+03 3.486162262991844909e+05 1.143685966684151936e+02 3.486162262991848984e+05 -8.079122136333982944e+08 2.659846172953677090e-01 3.216747325042200600e+01 3.152393319482485367e+03 3.216747325042201311e+01 3.890248788964971482e+03 3.812420763666017447e+05 3.152393319482485822e+03 3.812420763666016865e+05 3.736149760000002384e+07
9.649902259166887736e-03 1.167033552343494041e+00 1.143685966684150372e+02 1.167033552343497149e+00 -1.260178578878485041e+03 3.486162262991844909e+05 1.143685966684151936e+02 3.486162262991848984e+05 -8.079122136333982944e+08 2.659846172953677090e-01 3.216747325042200600e+01 3.152393319482485367e+03 3.216747325042201311e+01 3.890248788964971482e+03 3.812420763666017447e+05 3.152393319482485822e+03 3.812420763666016865e+05 3.736149760000002384e+07
9.649902259166887736e-03 1.167033552343494041e+00 1.143685966684150372e+02 1.167033552343497149e+00 -1.260178578878485041e+03 3.486162262991844909e+05 1.143685966684151936e+02 3.486162262991848984e+05 -8.079122136333982944e+08 2.659846172953677090e-01 3.216747325042200600e+01 3.152393319482485367e+03 3.216747325042201311e+01 3.890248788964971482e+03 3.812420763666017447e+05 3.152393319482485822e+03 3.812420763666016865e+05 3.736149760000002384e+07
9.649902259166887736e-03 1.167033552343494041e+00 1.143685966684150372e+02 1.167033552343497149e+00 -1.260178578878485041e+03 3.486162262991844909e+05 1.143685966684151936e+02 3.486162262991848984e+05 -8.079122136333982944e+08 2.659846172953677090e-01 3.216747325042200600e+01 3.152393319482485367e+03 3.216747325042201311e+01 3.890248788964971482e+03 3.812420763666017447e+05 3.152393319482485822e+03 3.812420763666016865e+05 3.736149760000002384e+07
9.649902259166887736e-03 1.167033552343494041e+00 1.143685966684150372e+02 1.167033552343497149e+00 -1.260178578878485041e+03 3.486162262991844909e+05 1.143685966684151936e+02 3.486162262991848984e+05 -8.079122136333982944e+08 2.659846172953677090e-01 3.216747325042200600e+01 3.152393319482485367e+03 3.216747325042201311e+01 3.890248788964971482e+03 3.812420763666017447e+05 3.152393319482485822e+03 3.812420763666016865e+05 3.736149760000002384e+07
9.649902259166887736e-03 1.167033552343494041e+00 1.143685966684150372e+02 1.167033552343497149e+00 -1.260178578878485041e+03 3.486162262991844909e+05 1.143685966684151936e+02 3.486162262991848984e+05 -8.079122136333982944e+08 2.659846172953677090e-01 3.216747325042200600e+01 3.152393319482485367e+03 3.216747325042201311e+01 3.890248788964971482e+03 3.812420763666017447e+05 3.152393319482485822e+03 3.812420763666016865e+05 3.736149760000002384e+07
9.649902259166887736e-03 1.167033552343494041e+00 1.143685966684150372e+02 1.167033552343497149e+00 -1.260178578878485041e+03 3.486162262991844909e+05 1.143685966684151936e+02 3.486162262991848984e+05 -8.079122136333982944e+08 2.659846172953677090e-01 3.216747325042200600e+01 3.152393319482485367e+03 3.216747325042201311e+01 3.890248788964971482e+03 3.812420763666017447e+05 3.152393319482485822e+03 3.812420763666016865e+05 3.736149760000002384e+07
9.649902259166887736e-03 1.167033552343494041e+00 1.143685966684150372e+02 1.167033552343497149e+00 -1.260178578878485041e+03 3.486162262991844909e+05 1.143685966684151936e+02 3.486162262991848984e+05 -8.079122136333982944e+08 2.659846172953677090e-01 3.216747325042200600e+01 3.152393319482485367e+03 3.216747325042201311e+01 3.890248788964971482e+03 3.812420763666017447e+05 3.152393319482485822e+03 3.812420763666016865e+05 3.736149760000002384e+07
9.649902259166887736e-03 1.167033552343494041e+00 1.143685966684150372e+02 1.167033552343497149e+00 -1.260178578878485041e+03 3.486162262991844909e+05 1.143685966684151936e+02 3.486162262991848984e+05 -8.079122136333982944e+08 2.659846172953677090e-01 3.216747325042200600e+01 3.152393319482485367e+03 3.216747325042201311e+01 3.890248788964971482e+03 3.812420763666017447e+05 3.152393319482485822e+03 3.812420763666016865e+05 3.736149760000002384e+07
9.649902259166887736e-03 1.167033552343494041e+00 1.143685966684150372e+02 1.167033552343497149e+00 -1.260178578878485041e+03 3.486162262991844909e+05 1.143685966684151936e+02 3.486162262991848984e+05 -8.079122136333982944e+08 2.659846172953677090e-01 3.216747325042200600e+01 3.152393319482485367e+03 3.216747325042201311e+01 3.890248788964971482e+03 3.812420763666017447e+05 3.152393319482485822e+03 3.812420763666016865e+05 3.736149760000002384e+07
9.649902259166887736e-03 1.167033552343494041e+00 1.143685966684150372e+02 1.167033552343497149e+00 -1.260178578878485041e+03 3.486162262991844909e+05 1.143685966684151936e+02 3.486162262991848984e+05 -8.079122136333982944e+08 2.659846172953677090e-01 3.216747325042200600e+01 3.152393319482485367e+03 3.216747325042201311e+01 3.890248788964971482e+03 3.812420763666017447e+05 3.152393319482485822e+03 3.812420763666016865e+05 3.736149760000002384e+07
9.649902259166887736e-03 1.167033552343494041e+00 1.143685966684150372e+02 1.167033552343497149e+00 -1.260178578878485041e+03 3.486162262991844909e+05 1.143685966684151936e+02 3.486162262991848984e+05 -8.079122136333982944e+08 2.659846172953677090e-01 3.216747325042200600e+01 3.152393319482485367e+03 3.216747325042201311e+01 3.890248788964971482e+03 3.812420763666017447e+05 3.152393319482485822e+03 3.812420763666016865e+05 3.736149760000002384e+07
9.649902259166887736e-03 1.167033552343494041e+00 1.143685966684150372e+02 1.167033552343497149e+00 -1.260178578878485041e+03 3.486162262991844909e+05 1.143685966684151936e+02 3.486162262991848984e+05 -8.079122136333982944e+08 2.659846172953677090e-01 3.216747325042200600e+01 3.152393319482485367e+03 3.216747325042201311e+01 3.890248788964971482e+03 3.812420763666017447e+05 3.152393319482485822e+03 3.812420763666016865e+05 3.736149760000002384e+07
9.649902259166887736e-03 1.167033552343494041e+00 1.143685966684150372e+02 1.167033552343497149e+00 -1.260178578878485041e+03 3.486162262991844909e+05 1.143685966684151936e+02 3.486162262991848984e+05 -8.079122136333982944e+08 2.659846172953677090e-01 3.216747325042200600e+01 3.152393319482485367e+03 3.216747325042201311e+01 3.890248788964971482e+03 3.812420763666017447e+05 3.152393319482485822e+03 3.812420763666016865e+05 3.736149760000002384e+07
9.649902259166887736e-03 1.167033552343494041e+00 1.143685966684150372e+02 1.167033552343497149e+00 -1.260178578878485041e+03 3.486162262991844909e+05 1.143685966684151936e+02 3.486162262991848984e+05 -8.079122136333982944e+08 2.659846172953677090e-01 3.216747325042200600e+01 3.152393319482485367e+03 3.216747325042201311e+01 3.890248788964971482e+03 3.812420763666017447e+05 3.152393319482485822e+03 3.812420763666016865e+05 3.736149760000002384e+07
9.649902259166887736e-03 1.167033552343494041e+00 1.143685966684150372e+02 1.167033552343497149e+00 -1.260178578878485041e+03 3.486162262991844909e+05 1.143685966684151936e+02 3.486162262991848984e+05 -8.079122136333982944e+08 2.659846172953677090e-01 3.216747325042200600e+01 3.152393319482485367e+03 3.216747325042201311e+01 3.890248788964971482e+03 3.812420763666017447e+05 3.152393319482485822e+03 3.812420763666016865e+05 3.736149760000002384e+07
9.649902259166887736e-03 1.167033552343494041e+00 1.143685966684150372e+02 1.167033552343497149e+00 -1.260178578878485041e+03 3.486162262991844909e+05 1.143685966684151936e+02 3.486162262991848984e+05 -8.079122136333982944e+08 2.659846172953677090e-01 3.216747325042200600e+01 3.152393319482485367e+03 3.216747325042201311e+01 3.890248788964971482e+03 3.812420763666017447e+05 3.152393319482485822e+03 3.812420763666016865e+05 3.736149760000002384e+07
9.649902259166887736e-03 1.167033552343494041e+00 1.143685966684150372e+02 1.167033552343497149e+00 -1.260178578878485041e+03 3.486162262991844909e+05 1.143685966684151936e+02 3.486162262991848984e+05 -8.079122136333982944e+08 2.659846172953677090e-01 3.216747325042200600e+01 3.152393319482485367e+03 3.216747325042201311e+01 3.890248788964971482e+03 3.812420763666017447e+05 3.152393319482485822e+03 3.812420763666016865e+05 3.736149760000002384e+07
9.649902259166887736e-03 1.167033552343494041e+00 1.143685966684150372e+02 1.167033552343497149e+00 -1.260178578878485041e+03 3.486162262991844909e+05 1.143685966684151936e+02 3.486162262991848984e+05 -8.079122136333982944e+08 2.659846172953677090e-01 3.216747325042200600e+01 3.152393319482485367e+03 3.216747325042201311e+01 3.890248788964971482e+03 3.812420763666017447e+05 3.152393319482485822e+03 3.812420763666016865e+05 3.736149760000002384e+07
9.649902259166887736e-03 1.167033552343494041e+00 1.143685966684150372e+02 1.167033552343497149e+00 -1.260178578878485041e+03 3.486162262991844909e+05 1.143685966684151936e+02 3.486162262991848984e+05 -8.079122136333982944e+08 2.659846172953677090e-01 3.216747325042200600e+01 3.152393319482485367e+03 3.216747325042201311e+01 3.890248788964971482e+03 3.812420763666017447e+05 3.152393319482485822e+03 3.812420763666016865e+05 3.736149760000002384e+07
