1.904762902494581620e-02 4.761907256234697783e-09 1.190475056689868912e-15
4.645915467861176694e-04 2.309837297799281443e-06 2.256420324050597775e-12
2.222208467486795624e-02 3.196812058686791802e-03 8.939384884035752460e-03
3.088784480333269054e-03 1.579094000246710777e+09 9.168987190486135603e+19
7.572171774308639712e-03 2.813445340125457287e+09 1.339047771611432223e+20
7.153600192099878081e-03 4.311457036669158936e+09 8.658470943196577792e+19
5.112601672120611375e-03 2.015173188079896450e+09 1.943475086399326208e+19
3.372811390323857302e-03 6.284817404452798367e+08 3.713382161013303808e+18
2.340237061156386598e-03 2.385832841393778026e+08 9.774328761742155520e+17
1.766898424830964064e-03 1.120565994503169358e+08 3.274919068515357440e+17
2.730473688466777266e-03 2.824003517013780400e+07 5.885940133381476000e+16
1.445502416399818474e-03 3.780214194697121531e+07 5.070130270596706400e+16
7.702568362175799166e+01 6.185349497116186812e-02 5.070042199696115404e+07
2.241586233814754723e-03 5.935323696559878439e+07 1.159827868167911600e+16
4.257655372785468018e+01 4.818844608558979559e+00 1.311326347631628662e+08
5.239165516445425108e-03 1.993046184538704753e+08 3.943445080780201000e+15
2.304925677868762435e+01 1.362178488198907544e+01 3.019548319945182800e+08
6.910080545778029409e-03 9.444632023452381790e+07 1.953250388297586250e+15
2.183478102105538809e+01 1.382051828424238593e+01 2.904998483823874593e+08
8.504514055526006880e-03 6.720567277573645115e+07 1.265412340663911000e+15
1.596761726195224007e+01 2.781110232985164643e+01 5.001251330602391362e+08
1.018802588308094850e-02 5.543637483937580138e+07 8.728880597520347500e+14
6.264353837375707279e+00 2.060132472674185635e+02 3.006844667238598824e+09
1.185159505255915444e-02 4.961565502211654931e+07 6.269963787832365000e+14
4.957837493910719040e+00 3.821052505247175191e+02 4.402945485376169205e+09
8.808628663308870274e-03 9.598755077243952453e+07 9.524142564606482500e+14
3.555143995617481956e+00 7.461970120241179529e+02 6.870793573935824394e+09
1.079303396568445650e-02 6.379575629552801698e+07 5.078199580456593750e+14
1.431569719946309271e-01 4.517747066611487535e+05 3.284325626041873047e+12
1.245192852982445267e-02 4.980687804565010220e+07 3.151744085885505625e+14
1.451943593560973411e-01 4.446724039730621153e+05 2.555624921224982910e+12
8.747381054762028499e-03 9.249987967264118791e+07 4.641758108995420000e+14
1.069292954418677305e-01 7.161528112535075052e+05 3.340102890369808594e+12
1.138244408912894579e-02 4.788189848464238644e+07 1.968494614481463750e+14
7.148567950637510493e-02 1.426109723059542244e+06 5.378616901359276367e+12
1.276403333526947119e-02 3.634488330688727647e+07 1.215966400991374531e+14
6.880646817699127837e-02 1.451551117881824961e+06 4.447859142626157227e+12
9.154893124303904728e-03 6.090599328769812733e+07 1.662695189524840312e+14
5.418704438033389303e-02 1.975774020274669863e+06 5.032462163568082031e+12
1.046906404771544286e-02 3.844778785007510334e+07 8.804282495302781250e+13
1.940681523266696643e-02 1.148556310781687126e+07 2.444885456536729297e+13
1.099696402684290780e-02 2.726138942168087885e+07 5.329883513530495312e+13
1.966706482557284766e-02 8.320004813500280492e+06 1.519190984617546484e+13
7.300049769588238917e-03 4.094543101031309366e+07 6.889048161154959375e+13
1.644317648287189904e-02 8.208927451071012765e+06 1.316677201870732227e+13
7.905194811398336477e-03 2.350539791150353849e+07 3.514977832147235938e+13
4.106088182346595214e-03 5.438147763405009359e+07 7.736053137353325000e+13
6.277324535236426285e-03 1.876151038482945785e+07 2.670190973098736719e+13
5.977163702322881023e-03 1.249072797768292390e+07 1.755364399009748828e+13
6.004716747603872258e-03 9.288910285504939035e+06 1.277715972936647656e+13
5.808209933535216085e-03 7.745053689386728220e+06 1.039289192664658789e+13
5.814953710315222749e-03 6.337809745480121113e+06 8.290322795021299805e+12
2.590948102956741259e-03 1.641947258571543731e+07 2.091076931631878516e+13
4.503615774841060980e-03 6.378819870533025824e+06 8.225068600621971680e+12
3.987455284965315226e-03 5.028644365076538175e+06 6.501807652663749023e+12
4.273428069262540270e-03 3.663200763959411532e+06 4.708939394463166992e+12
3.939552079447382511e-03 3.384228872780384030e+06 4.299583056221925293e+12
4.118722579115525508e-03 2.742508922900754958e+06 3.438310131553977051e+12
1.850708294584121590e-03 6.547998722858426161e+06 8.077099100718076172e+12
3.140637435890781745e-03 3.177961300169183873e+06 3.969062851268609863e+12
3.238747311150908144e-03 2.117443123324519489e+06 2.672711437083182617e+12
3.078014354534374091e-03 1.835757574256889755e+06 2.310431250919524414e+12
3.140319311404616860e-03 1.559336126237194519e+06 1.945637315011736328e+12
3.031679017783491491e-03 1.438257369905521860e+06 1.772231516906880371e+12
1.680488546316896616e-03 2.631506240595893469e+06 3.194145750767796875e+12
2.490560716776690255e-03 1.623795186405235203e+06 1.972121302172919189e+12
2.901608441021049072e-03 1.023981822830367251e+06 1.245691131859062256e+12
2.514546785290706910e-03 1.015473494902075152e+06 1.222364287931421143e+12
2.768652304180906944e-03 8.323407669155413751e+05 9.863380744945729980e+11
2.523233260407983965e-03 8.400238141673646169e+05 9.762109318251088867e+11
1.465203173888975042e-03 1.468243343658170663e+06 1.669726413756175293e+12
2.091774772476314055e-03 1.007926989858545014e+06 1.134937729302517822e+12
2.533257503023294589e-03 6.402998886859194608e+05 7.158679480988977051e+11
2.139869287448351986e-03 6.552769922559194965e+05 7.202706804533599854e+11
2.401871961896874085e-03 5.401580864209507126e+05 5.810272077820671387e+11
2.163602153925534791e-03 5.555842469264585525e+05 5.830126043108631592e+11
1.278859731487316277e-03 9.404399831433471991e+05 9.609541279322341309e+11
1.784480785232668999e-03 6.918081645823367871e+05 6.949441753440778809e+11
3.206973673519287332e-03 2.777769094292545342e+05 2.753743606076108398e+11
1.958422544227108285e-03 3.960403740782971145e+05 3.820907630833175049e+11
2.867551874261706733e-03 2.633528972054429469e+05 2.457938278553651123e+11
2.080056584337471471e-03 3.505936696243947372e+05 3.155808781022848511e+11
1.833459599396002407e-03 4.236832889071290847e+05 3.673140246672055054e+11
1.998520872309777520e-03 3.851727151798807317e+05 3.228180405953735962e+11
2.709976561708546654e-03 2.475462398489986081e+05 2.008044687364053040e+11
2.090449440658838278e-03 2.993523244473027880e+05 2.338871929377681885e+11
2.545909565285059926e-03 2.417895770093064057e+05 1.815915938684792480e+11
2.152378392425048550e-03 2.775260927985564340e+05 2.001129061371180115e+11
1.142010118400945892e-03 5.512932445039618760e+05 3.814851157363154907e+11
1.711813470979600552e-03 4.104180236637406633e+05 2.751008253047425537e+11
1.870001751887985508e-03 3.131509461802631849e+05 2.042833019598370972e+11
1.725165063689322988e-03 3.001159528560186736e+05 1.899124503460078735e+11
1.809052835705959959e-03 2.682941269968447741e+05 1.644255450661313477e+11
1.730970491343954533e-03 2.613633415794663015e+05 1.550140703102405701e+11
9.321288209531051420e-04 4.571707684329546173e+05 2.623119604245963440e+11
1.318949635471760098e-03 3.626178146717864438e+05 2.029362199064616394e+11
2.119665420804090969e-03 1.816422698704674258e+05 9.973163455008598328e+10
1.456373460803105048e-03 2.124303258311012178e+05 1.135870791998528290e+11
1.894619657394006366e-03 1.614455146903342393e+05 8.375392123037115479e+10
1.545152930386589326e-03 1.809599842434918392e+05 9.096584952969459534e+10
1.201754803132121111e-03 2.339868414797777659e+05 1.138876426143500061e+11
1.410785989304899840e-03 2.054198038558937551e+05 9.719666770374447632e+10
1.625717043639141393e-03 1.606006844371566258e+05 7.405543356844033813e+10
1.445613290792410006e-03 1.617812593673037481e+05 7.256963805893630981e+10
1.556511684210330759e-03 1.448979214838650660e+05 6.316277322307444000e+10
1.471256670756757208e-03 1.437582884838962054e+05 6.088096044368286133e+10
6.941490568197734119e-04 2.731416456361351302e+05 1.123559968653946686e+11
9.772631197683613775e-04 2.390735567693637277e+05 9.630004502772810364e+10
1.124682691040760100e-03 1.815940344772369717e+05 7.223170236532189941e+10
1.009642541229644483e-03 1.676962373760904884e+05 6.583036533122708893e+10
1.063121871971202479e-03 1.455258649450519588e+05 5.633401279068591309e+10
1.029609657986396394e-03 1.337654466851057077e+05 5.105370079934700012e+10
6.124831520047865083e-04 1.873196946104728559e+05 7.045979553340463257e+10
7.498782018260353142e-04 1.699754623531551915e+05 6.336124434757649231e+10
1.212083491145086274e-03 9.752395741165574873e+04 3.627771208518302155e+10
8.749054462748265953e-04 9.854154180829328834e+04 3.643224830744683075e+10
1.043502791541386443e-03 8.110219107743292989e+04 2.967313820795806885e+10
9.397311765996462212e-04 7.922863168684257835e+04 2.865746021418048859e+10
6.982668194417599025e-04 9.664414022114586260e+04 3.450751756479065704e+10
8.036724134916558042e-04 8.913859810139283945e+04 3.149540566567144394e+10
9.650555091693109166e-04 6.979498777758663346e+04 2.448205305326766205e+10
8.461120396605423125e-04 6.775059491158883611e+04 2.356634569760371017e+10
9.029926650727227279e-04 6.109445023678623693e+04 2.103832475196159744e+10
9.174887082234126903e-04 5.584726853864399163e+04 1.903017569494386673e+10
5.194858578448821292e-04 8.099998834833608998e+04 2.728235216163068008e+10
6.333269057844432464e-04 7.858184469610820815e+04 2.624244548844106293e+10
7.228368810569356633e-04 6.584195659652564791e+04 2.193717540221656036e+10
6.556997127041174411e-04 6.207432247800985351e+04 2.065443726618216324e+10
6.794068838622669250e-04 5.606108088286378188e+04 1.862391137638719940e+10
7.007384892156092240e-04 4.991933380261636194e+04 1.656068814160249138e+10
4.648596131222622460e-04 6.080674548170080379e+04 2.013124066595249176e+10
5.245801741422706672e-04 5.850630235023425485e+04 1.936724006007256317e+10
7.081300306930927730e-04 4.347466909775483509e+04 1.445718029610871506e+10
5.445208946939040845e-04 4.367225763609846763e+04 1.458158976271964073e+10
5.990384251349981483e-04 3.931451685258220823e+04 1.315324752829745865e+10
6.050884967739864669e-04 3.565250323224521708e+04 1.195670111927436829e+10
4.642170245918957440e-04 3.939605065393718542e+04 1.323174628621517563e+10
5.040691982260895156e-04 3.764216647248279332e+04 1.266851685181338882e+10
5.820805050874315253e-04 3.186991236984458737e+04 1.077428249259017181e+10
5.020310808036561974e-04 3.131584957658504209e+04 1.063376845838516045e+10
5.267935271222103652e-04 2.904102318635096526e+04 9.894884497201322556e+09
7.105192537187982006e-04 2.173940530119842515e+04 7.433731930196693420e+09
4.644223370469562420e-04 2.500309277800358541e+04 8.563861451823949814e+09
5.340582998040864114e-04 2.384425737098100217e+04 8.157196255875570297e+09
5.578960595232313954e-04 2.199789560444277231e+04 7.526386589715077400e+09
5.093887526441161348e-04 2.199652755929666455e+04 7.523240013907652855e+09
5.251061742167121389e-04 2.106760401112370891e+04 7.198616886595412254e+09
5.425134358193596604e-04 1.971219287448576870e+04 6.729676687091717720e+09
4.502185680249214290e-04 2.115302152049599317e+04 7.212012412370221138e+09
4.779282207455760293e-04 2.060312480233178212e+04 7.014392315739101410e+09
4.826287158534252851e-04 1.968486979741364848e+04 6.700561238783705711e+09
2.968179420431924778e-04 2.499511995828123690e+04 8.509046226181798935e+09
3.062359830871710475e-04 2.692312695068738685e+04 9.184556036320367813e+09
3.244214543130452761e-04 2.589161422872829644e+04 8.906260659996465683e+09
2.460386730948367216e-04 2.774657572223535317e+04 9.667002048156837463e+09
2.437973041474417667e-04 2.743217932858838685e+04 9.723410271127223969e+09
2.609103570084683548e-04 2.473334074988224165e+04 8.976363339495241165e+09
2.160672056248613118e-04 2.385303044844817123e+04 8.904506717052467346e+09
2.112834373965188960e-04 2.213851672846066867e+04 8.532825477179284096e+09
2.596060549486142429e-04 1.796674932207630263e+04 7.184863769956168175e+09
2.251714235429606620e-04 1.589833104234133862e+04 6.610847679639801025e+09
2.216771608374952442e-04 1.409573060911404900e+04 6.090847035410902977e+09
2.402353886251287611e-04 1.198371129907857539e+04 5.383023946260214806e+09
2.151983455772392916e-04 1.089846250986501400e+04 5.086042204402574539e+09
2.128929449470176138e-04 9.925801748559695625e+03 4.804087707704079628e+09
2.254424282602425229e-04 8.783580199588843243e+03 4.405356300718234062e+09
2.054291299266296233e-04 8.200387543442711831e+03 4.256471130962464333e+09
2.036984119869940672e-04 7.649303867869520218e+03 4.100709383204368114e+09
2.109104782747534587e-04 7.000913094929040199e+03 3.871482477676224232e+09
1.649980591383273137e-04 7.148288380679173315e+03 4.071866751627248287e+09
1.575434378964204378e-04 7.187260488005946172e+03 4.210611860773045540e+09
1.641531015503910603e-04 6.882120720305432769e+03 4.150941592281054020e+09
1.406658963167216857e-04 6.872857653104700148e+03 4.273291693623470306e+09
1.354521975627188599e-04 6.740486998323907756e+03 4.324127270006878853e+09
1.399851127204586407e-04 6.344391796962293483e+03 4.208435599199331284e+09
1.225839553801821673e-04 6.158162050722294225e+03 4.232235753332981110e+09
1.174346655096126699e-04 5.908310275731451839e+03 4.212949779693176746e+09
1.298674573363346372e-04 5.339588292647391427e+03 3.959570385216732979e+09
1.201492415816563224e-04 4.927189666202501030e+03 3.806727712458479404e+09
1.167912882549874932e-04 4.547309884926310588e+03 3.661067188092590809e+09
1.237112764710869182e-04 4.078443461874000150e+03 3.422894160879441738e+09
1.155504255774179954e-04 3.749709895515979497e+03 3.279930383144272327e+09
1.126070848255649761e-04 3.468442892783345087e+03 3.157882893254578590e+09
1.160351249947027760e-04 3.166452577275259955e+03 2.997262820572835922e+09
1.098420043385941368e-04 2.951422379318866206e+03 2.900442604049823284e+09
1.075490210126521317e-04 2.767431372516921783e+03 2.817652394007937908e+09
1.107811221568614173e-04 2.566004256991693637e+03 2.701637719251461029e+09
9.731480395821957439e-05 2.487453073310150103e+03 2.702925154095588207e+09
9.254145743789349309e-05 2.429337948871468143e+03 2.717823369243605137e+09
9.521680918647959979e-05 2.326066983767034344e+03 2.675655524003795624e+09
8.656610986987125513e-05 2.277624775538623453e+03 2.691376482476589203e+09
8.319222052554587558e-05 2.229630359714870792e+03 2.703338359813702583e+09
8.522294400710531950e-05 2.139724625342638319e+03 2.660911251709254742e+09
8.010262339465222406e-05 2.073087389298965718e+03 2.643888890296936035e+09
7.789343360329010829e-05 2.003551656520641927e+03 2.619371707208818436e+09
8.360441818394514894e-05 1.878809843135760502e+03 2.517847759983295918e+09
8.009033311869334269e-05 1.779504320742911432e+03 2.444379566026134968e+09
7.839234831737852520e-05 1.690611928717127512e+03 2.378149807149536133e+09
8.113804285656932150e-05 1.585729267455314812e+03 2.282332710511374950e+09
7.707518914274835535e-05 1.510314249277182853e+03 2.222075387674981594e+09
7.517099374338633998e-05 1.446500662448816229e+03 2.172261939433788300e+09
7.637267459132449879e-05 1.376222795417909765e+03 2.106854850216013193e+09
7.307252208421884164e-05 1.325080822261894809e+03 2.065448617166422367e+09
7.150381484274251158e-05 1.280670990795017588e+03 2.029554080913196325e+09
7.244835091234548162e-05 1.229997055427755186e+03 1.979374899864281654e+09
6.597200209162084683e-05 1.209461827297861419e+03 1.974216482729534864e+09
6.290370407712353885e-05 1.196196137001251827e+03 1.978055303374638796e+09
6.296141985255973756e-05 1.172530024349716314e+03 1.963170347892597675e+09
5.888636053531215420e-05 1.159703246331328955e+03 1.965765185797602177e+09
5.682551684197676746e-05 1.145349313273983398e+03 1.965436353928891659e+09
5.731633536736241880e-05 1.116653853361856363e+03 1.940865892419157982e+09
5.497025942214411664e-05 1.089860953453661523e+03 1.920202296022048950e+09
5.367531942541938687e-05 1.059737153325880399e+03 1.894028479261869907e+09
5.571745859809598293e-05 1.012268197109562266e+03 1.837001122373582840e+09
5.450927117510141967e-05 9.666881750571315024e+02 1.782967166739125490e+09
5.370085731816385242e-05 9.221534993933852320e+02 1.729493507662334442e+09
5.527635820143147197e-05 8.703067405898377729e+02 1.660428103558246374e+09
5.418500106845986570e-05 8.243260766857526960e+02 1.600185408354100943e+09
5.339538254416064127e-05 7.829801233757357295e+02 1.546040134540114164e+09
5.382041193074162946e-05 7.420672422997615740e+02 1.489776939512812138e+09
5.225412736465302911e-05 7.087392949682174503e+02 1.445805282942700863e+09
5.125364851873355938e-05 6.801250083016344661e+02 1.408534332549530029e+09
5.168535777303279530e-05 6.513810918713404590e+02 1.368295501942746878e+09
4.899804841239209052e-05 6.319241984529696765e+02 1.345163959178030014e+09
4.742838396254495966e-05 6.167873927123888507e+02 1.329010782332740307e+09
4.748385941613687426e-05 6.004086793594241271e+02 1.308454590403636694e+09
4.518517557470391353e-05 5.895806089220111517e+02 1.298652995851722240e+09
4.382502847265705410e-05 5.805960820925405415e+02 1.291739827628883362e+09
4.386288846175672161e-05 5.689933510529183422e+02 1.278251854979933739e+09
4.269521359557676275e-05 5.584837292115207674e+02 1.266738992518107653e+09
4.197006937726514934e-05 5.476587663034674733e+02 1.254070625674675465e+09
4.322491055499637765e-05 5.313649245713401115e+02 1.228523895911414623e+09
4.261997260739358280e-05 5.157395204830243074e+02 1.204144332777352810e+09
4.217816685316112471e-05 5.005800626462964829e+02 1.180178744666751862e+09
4.357755942762834645e-05 4.816750931769303179e+02 1.146609914359861374e+09
4.317803258541658238e-05 4.644333273446184194e+02 1.116113847525689840e+09
4.282251444637853358e-05 4.488600474588872657e+02 1.088441709218032837e+09
4.305638312174717966e-05 4.336433111935339184e+02 1.060421762661014318e+09
4.222377137165003182e-05 4.212099833884024065e+02 1.038013058862358689e+09
4.164751612104848345e-05 4.106838940850994959e+02 1.019083894537689805e+09
4.183868674588411292e-05 4.002816185215199880e+02 9.993478968468363285e+08
4.020442926828941577e-05 3.936755535517803537e+02 9.880973727753419876e+08
3.918880673987561175e-05 3.889956310582693391e+02 9.807209704708303213e+08
3.891294499487498430e-05 3.843352252354488314e+02 9.726965332501840591e+08
3.697888880705459114e-05 3.828672708273180092e+02 9.722776513915421963e+08
3.577404394696637310e-05 3.824975390007160172e+02 9.743028034127739668e+08
3.528559681188876641e-05 3.813127676612079426e+02 9.742737274403688908e+08
3.439036797019939654e-05 3.800389943508430974e+02 9.743290823516083956e+08
3.382766851897487824e-05 3.778123785846711371e+02 9.724283431564137936e+08
3.377190233704193794e-05 3.735458516743740347e+02 9.659584559203228951e+08
3.323391696412763315e-05 3.684438903153304636e+02 9.581123084724442959e+08
3.284962087561655458e-05 3.622766467405627395e+02 9.482643701730682850e+08
3.256176861646953172e-05 3.549780254339806902e+02 9.362308443780345917e+08
3.232943400531066840e-05 3.466373605955512289e+02 9.221649899873759747e+08
3.212516025372852885e-05 3.374379486997163440e+02 9.064166275703533888e+08
3.193050259057069753e-05 3.276111296616142567e+02 8.894328679137269258e+08
3.173396181225983723e-05 3.174014473671554697e+02 8.716855533731595278e+08
3.152912852493069094e-05 3.070424711415116121e+02 8.536227882546145916e+08
3.131323414690165925e-05 2.967417339980174802e+02 8.356398000210409164e+08
3.108602049793420820e-05 2.866729204033721885e+02 8.180644277767190933e+08
3.084886795570616148e-05 2.769733966682011328e+02 8.011529675101023912e+08
3.060413568710732940e-05 2.677453518544955955e+02 7.850927907993278503e+08
3.035467498308194078e-05 2.590591182437146927e+02 7.700089416856782436e+08
3.010348184211075956e-05 2.509575836062974474e+02 7.559726775041198730e+08
2.985345902150101578e-05 2.434609329486213483e+02 7.430105769457610846e+08
2.960726243214503866e-05 2.365712309372422908e+02 7.311133566513223648e+08
2.936721059481897997e-05 2.302765673790309222e+02 7.202439195828924179e+08
2.913524046859111973e-05 2.245546377437161993e+02 7.103444181280243397e+08
2.891289575024841001e-05 2.193757306986159676e+02 7.013422831904791594e+08
2.870133730381626137e-05 2.147051539140927900e+02 6.931552667245664597e+08
2.850136789075791721e-05 2.105051606475285837e+02 6.856955937050981522e+08
2.831346555660033210e-05 2.067364517064798406e+02 6.788733365898549557e+08
2.813782126276825933e-05 2.033593281991159074e+02 6.725991255731865168e+08
2.797437816446919799e-05 2.003345637483961639e+02 6.667862961012321711e+08
2.782287071596321686e-05 1.976240553721759454e+02 6.613525602386288643e+08
2.768286209596525666e-05 1.951913022381705218e+02 6.562212745337499380e+08
2.755377950910002150e-05 1.930017510910502949e+02 6.513223623574253321e+08
2.743494657763558513e-05 1.910230387661915472e+02 6.465929391012059450e+08
2.732561261284137239e-05 1.892251546357267671e+02 6.419776802222660780e+08
2.722497871268738680e-05 1.875805397962463985e+02 6.374289661622455120e+08
2.713222081495918978e-05 1.860641351056004851e+02 6.329068339639084339e+08
2.704650941417830530e-05 1.846533872504262206e+02 6.283787645715448856e+08
2.696702638927448803e-05 1.833282192966549076e+02 6.238193320943801403e+08
2.689297916304669075e-05 1.820709706212411731e+02 6.192097401783522367e+08
2.682361197039633872e-05 1.808663106629024071e+02 6.145372714449385405e+08
2.675821537272977919e-05 1.797011294036212234e+02 6.097946713983663321e+08
2.669613270438866290e-05 1.785644090733879636e+02 6.049794930275354385e+08
2.663676511735609272e-05 1.774470798418904565e+02 6.000934208171211481e+08
2.657957421821960164e-05 1.763418637081504414e+02 5.951415956368613243e+08
2.652408327559539923e-05 1.752431099041573077e+02 5.901319564459501505e+08
2.646987665247413097e-05 1.741466256907596915e+02 5.850746141473206282e+08
2.641659798430310899e-05 1.730495058890454914e+02 5.799812687848719358e+08
2.636394812229718996e-05 1.719499634960031074e+02 5.748646757349011898e+08
2.631168221893317671e-05 1.708471644887288505e+02 5.697381672581840754e+08
2.625960572055402361e-05 1.697410699402223315e+02 5.646152346403831244e+08
2.620757071377777909e-05 1.686322868570115361e+02 5.595091693507952690e+08
2.615547164940033794e-05 1.675219299305762490e+02 5.544327638994075060e+08
2.610324072960635791e-05 1.664114956447844236e+02 5.493980706831624508e+08
2.605084267726024262e-05 1.653027499596487928e+02 5.444162172140027285e+08
2.599827012767835091e-05 1.641976292683407053e+02 5.394972709711841345e+08
2.594553902751815656e-05 1.630981546807921916e+02 5.346501493053441644e+08
2.589268432915140257e-05 1.620063592171195523e+02 5.298825688458586335e+08
2.583975572624161364e-05 1.609242274881091816e+02 5.252010295081608891e+08
2.578681396401128799e-05 1.598536468486931881e+02 5.206108271080054045e+08
2.573392593845498806e-05 1.587963702784400937e+02 5.161160935442304015e+08
2.568116291013838252e-05 1.577539875874454651e+02 5.117198518805659413e+08
2.562859742923001140e-05 1.567279054992843044e+02 5.074240867421578169e+08
2.557630158123850155e-05 1.557193348032234326e+02 5.032298236192353368e+08
2.552434550796642621e-05 1.547292837383391486e+02 4.991372140744853616e+08
2.547279595251143681e-05 1.537585569771325709e+02 4.951456250514411330e+08
2.542171528092492991e-05 1.528077591416470682e+02 4.912537293976942897e+08
2.537115993154021124e-05 1.518773027349035658e+02 4.874595980797408819e+08
2.532118016262171600e-05 1.509674186191537899e+02 4.837607890692681074e+08
2.527182001316069198e-05 1.500781684248080126e+02 4.801544318043329120e+08
2.522311627119046913e-05 1.492094593923521870e+02 4.766373098780856133e+08
2.517509969465601570e-05 1.483610590000308775e+02 4.732059346639713049e+08
2.512779434045246595e-05 1.475326110663488066e+02 4.698566159854723811e+08
2.508121762811113209e-05 1.467236521152271109e+02 4.665855272322170138e+08
2.503538055957524669e-05 1.459336276013778502e+02 4.633887644828254580e+08
2.499028780028707730e-05 1.451619079139291841e+02 4.602624001746487021e+08
2.494593848839312425e-05 1.444078032805191754e+02 4.572025292785683870e+08
2.490232655892271829e-05 1.436705779719794975e+02 4.542053098637040854e+08
2.485944142075528177e-05 1.429494633699667361e+02 4.512669972693573236e+08
2.481726858207643978e-05 1.422436699028021110e+02 4.483839724319423437e+08
2.477578989265186575e-05 1.415523981621891778e+02 4.455527658629886508e+08
2.473498414703983989e-05 1.408748488048287300e+02 4.427700764164465666e+08
2.469482722213399060e-05 1.402102316242937832e+02 4.400327865210140347e+08
2.465529328559766832e-05 1.395577727814809634e+02 4.373379709798521996e+08
2.461635541308734038e-05 1.389167208032124563e+02 4.346829016980130672e+08
2.457798526009413446e-05 1.382863522562845162e+02 4.320650514578960538e+08
2.454015417844544416e-05 1.376659757541623037e+02 4.294820925971887112e+08
2.450283349550241792e-05 1.370549351179105315e+02 4.269318935281496048e+08
2.446599444251724490e-05 1.364526120597644194e+02 4.244125143655070066e+08
2.442960907876355950e-05 1.358584275196240014e+02 4.219221989005157948e+08
2.439365014408763265e-05 1.352718426554582720e+02 4.194593664193370938e+08
2.435809143611205869e-05 1.346923590881369535e+02 4.170226019227561951e+08
2.432290780032322694e-05 1.341195187268878328e+02 4.146106460779329538e+08
2.428807528294548478e-05 1.335529031078893922e+02 4.122223845248147845e+08
2.425357120130338878e-05 1.329921323241492246e+02 4.098568369326772094e+08
2.426268069840926587e-05 1.324001426539735746e+02 4.074001541087406278e+08
2.421643076270348831e-05 1.318302705581200769e+02 4.050168511884295940e+08
2.417333509267184207e-05 1.312793790091284336e+02 4.026934185666418672e+08
2.440164863936657237e-05 1.305184505569916951e+02 3.997288353291239738e+08
2.438336326326039785e-05 1.297920132184526096e+02 3.968742595020104051e+08
2.435801098729377699e-05 1.291162757477258651e+02 3.941561941606076360e+08
2.458095846261499514e-05 1.282877975458138167e+02 3.909488312871013284e+08
2.453849845161096082e-05 1.275587507044071316e+02 3.880183248548536301e+08
2.449481376042581408e-05 1.269332860091628135e+02 3.853529568225008845e+08
2.469529042955857293e-05 1.262081257714280440e+02 3.823320296449406743e+08
2.453330163409615265e-05 1.257004137794911429e+02 3.799158121592383981e+08
2.440943938982742252e-05 1.253616651119934886e+02 3.779356253421796560e+08
2.453889493442985425e-05 1.249646624247716602e+02 3.757139843166648149e+08
2.428745977014340135e-05 1.248235007598623412e+02 3.742051859920087457e+08
2.410713981524808841e-05 1.248483820838707601e+02 3.731278958458955288e+08
2.419992938213368406e-05 1.247843221180703779e+02 3.717404120612718463e+08
2.401758840791839823e-05 1.248549361190631117e+02 3.707312835509340763e+08
2.388608267917951365e-05 1.249953160248751374e+02 3.699073159115121961e+08
2.403235173948223283e-05 1.249555376320330140e+02 3.685514728096497655e+08
2.389458594307184558e-05 1.249783027869284098e+02 3.674028159622212648e+08
2.379530601205950496e-05 1.250185783728965703e+02 3.663264549464278221e+08
2.396018209897847194e-05 1.248457521777980475e+02 3.646652318049643636e+08
2.385017424825072992e-05 1.247023347274630538e+02 3.631454785627226233e+08
2.377084958246228092e-05 1.245569847086923829e+02 3.616687509941738248e+08
2.386293209002877963e-05 1.242611062604661782e+02 3.598148783344998956e+08
2.375935871039784570e-05 1.239865810193982014e+02 3.580914189367733002e+08
2.367962501703280034e-05 1.237086825446268534e+02 3.564206439934553504e+08
2.369733626689650660e-05 1.233413032959145852e+02 3.545609666896200180e+08
2.362548568941714622e-05 1.229629021256671706e+02 3.527432122859178782e+08
2.356771885778452340e-05 1.225607245003306787e+02 3.509273550132461190e+08
2.352003650633299934e-05 1.221248239445268666e+02 3.490865634529836774e+08
2.347930569576494597e-05 1.216502479416701306e+02 3.472069908042284250e+08
2.344310672913833002e-05 1.211358496985402269e+02 3.452842752114543915e+08
2.340960482922984739e-05 1.205832938115621289e+02 3.433207284295747876e+08
2.337744277577187470e-05 1.199962299936004655e+02 3.413230986173936129e+08
2.334565020535626253e-05 1.193796147729020589e+02 3.393008158105137348e+08
2.331356686786846378e-05 1.187391637739295760e+02 3.372646426791735888e+08
2.328077767899590117e-05 1.180809186564745943e+02 3.352256634864590168e+08
2.324705801039339057e-05 1.174109136216497262e+02 3.331945523536193371e+08
2.321232790704620246e-05 1.167349271513815978e+02 3.311810689191908836e+08
2.317661418888382674e-05 1.160583054582924944e+02 3.291937359868444204e+08
2.314001906788732310e-05 1.153858454170213008e+02 3.272396606746851206e+08
2.310269486879358127e-05 1.147217255570350574e+02 3.253244654502217174e+08
2.306482396454127175e-05 1.140694750903190169e+02 3.234523010188734531e+08
2.302660297484532945e-05 1.134319724276040944e+02 3.216259183775567412e+08
2.298823054941986422e-05 1.128114659007580940e+02 3.198467816629408598e+08
2.294989811019975534e-05 1.122096105921415585e+02 3.181152071678349376e+08
2.291178331671729439e-05 1.116275160861115410e+02 3.164305165937275290e+08
2.287404550311908296e-05 1.110658011463897736e+02 3.147911958164066672e+08
2.283682275924114828e-05 1.105246520999595532e+02 3.131950525411879420e+08
2.280023047967669374e-05 1.100038822877246929e+02 3.116393676237291694e+08
2.276436097166937550e-05 1.095029906673395033e+02 3.101210366240863204e+08
2.272928404538143571e-05 1.090212180465623675e+02 3.086366989713153839e+08
2.269504794364116194e-05 1.085576001486481061e+02 3.071828538955967426e+08
2.266168102700030166e-05 1.081110165767458113e+02 3.057559617832274437e+08
2.262919381009665355e-05 1.076802352697750536e+02 3.043525307860450745e+08
2.259758074392456906e-05 1.072639525417619666e+02 3.029691898045022488e+08
2.256682273200601431e-05 1.068608281740366550e+02 3.016027471642168760e+08
2.253688919847680178e-05 1.064695159881048738e+02 3.002502367275190353e+08
2.250774035701271254e-05 1.060886898334710651e+02 2.989089519143133163e+08
2.247932953254107538e-05 1.057170651885147095e+02 2.975764685467033386e+08
2.245160505385792994e-05 1.053534168088544192e+02 2.962506581663965583e+08
2.242451210065380402e-05 1.049965926235881142e+02 2.949296928479889631e+08
2.239799428294292122e-05 1.046455242556588274e+02 2.936120428340414166e+08
2.237199476101941337e-05 1.042992346383776976e+02 2.922964686176430583e+08
2.234645675938297726e-05 1.039568432408932921e+02 2.909820091965352893e+08
2.232132429595103991e-05 1.036175688215438413e+02 2.896679665482540131e+08
2.229654337422002348e-05 1.032807295963196452e+02 2.883538860787062645e+08
2.227206182198018575e-05 1.029457419818070747e+02 2.870395361985172629e+08
2.224782999327080713e-05 1.026121174612750195e+02 2.857248857565109134e+08
2.222380163710062037e-05 1.022794577446867947e+02 2.844100795635558367e+08
2.219993429947863953e-05 1.019474488311304867e+02 2.830954134354351759e+08
2.217619105095699212e-05 1.016158533891504447e+02 2.817813068143967390e+08
2.215253836545195076e-05 1.012845043038245052e+02 2.804682805735267997e+08
2.212894895846711320e-05 1.009532960247930760e+02 2.791569307016247511e+08
2.210540074275594099e-05 1.006221768330582194e+02 2.778479058009961247e+08
2.208187636031301349e-05 1.002911415036537051e+02 2.765418871370771527e+08
2.205836291636665785e-05 9.996022425197115524e+01 2.752395707593948841e+08
2.203485127175410294e-05 9.962949226729907082e+01 2.739416524455047250e+08
2.201133555133932517e-05 9.929903965149985368e+01 2.726488148638635874e+08
2.198781253481712732e-05 9.896898181561721231e+01 2.713617170580799580e+08
2.196428123683828314e-05 9.863945022635309101e+01 2.700809858065682054e+08
2.194074258205312627e-05 9.831058749934871344e+01 2.688072086311729550e+08
2.191719895361218110e-05 9.798254299034702797e+01 2.675409285634185970e+08
2.189365412505947235e-05 9.765546865688021683e+01 2.662826399708754122e+08
2.187011313233576707e-05 9.732951538614025822e+01 2.650327855223238170e+08
2.184658234670038983e-05 9.700482976734221552e+01 2.637917541006083190e+08
2.182306926103735298e-05 9.668155157019343449e+01 2.625598797690059543e+08
2.179958248886294916e-05 9.635981163197558885e+01 2.613374415111017823e+08
2.177613125651379542e-05 9.603973058776898597e+01 2.601246645115955770e+08
2.175272519668073289e-05 9.572141804117985942e+01 2.589217220690251887e+08
2.172937383374320546e-05 9.540497223605511579e+01 2.577287385902693868e+08
2.170608561464724341e-05 9.509048039902640426e+01 2.565457942203771174e+08
2.168286764936612514e-05 9.477801911815761571e+01 2.553729295915203691e+08
2.165972566641793373e-05 9.446765461702180744e+01 2.542101503598152697e+08
2.163666458937979270e-05 9.415944262546835830e+01 2.530574305719598234e+08
2.161368670924118947e-05 9.385342942907756481e+01 2.519147189269094765e+08
2.159079470292705265e-05 9.354965095949854970e+01 2.507819396550640166e+08
2.156799107646942929e-05 9.324813263614669268e+01 2.496589946362190843e+08
2.154527887665363015e-05 9.294888908739503108e+01 2.485457645825870633e+08
2.152266197162821385e-05 9.265192411542481921e+01 2.474421101073018014e+08
2.150014527574240172e-05 9.235723092886800600e+01 2.463478727955826819e+08
2.147773462212079941e-05 9.206479282491839911e+01 2.452628768151014447e+08
2.145543638298099678e-05 9.177458435530080294e+01 2.441869313222633004e+08
2.143325708588338032e-05 9.148657281139175268e+01 2.431198334634581208e+08
2.141120200749907208e-05 9.120072048849965540e+01 2.420613733698143661e+08
2.138927413771870832e-05 9.091698714884478250e+01 2.410113400379500985e+08
2.136747525893508521e-05 9.063533121529903269e+01 2.399695245584953427e+08
2.134580284157580566e-05 9.035571239978750668e+01 2.389357275093517005e+08
2.132425257091019176e-05 9.007809190007473887e+01 2.379097611108078063e+08
2.130281598231772899e-05 8.980243368903506962e+01 2.368914544205219150e+08
2.128148586152352453e-05 8.952870221779960502e+01 2.358806496624364555e+08
2.126025455569031488e-05 8.925686186704028557e+01 2.348772017800012529e+08
2.123911546993392219e-05 8.898687595038001064e+01 2.338809760645182431e+08
2.121806432402572264e-05 8.871870578418077002e+01 2.328918445013321340e+08
2.119709903454385485e-05 8.845231055151009514e+01 2.319096828808373809e+08
2.117621932941302166e-05 8.818764775261634270e+01 2.309343688087295890e+08
2.115542622032791500e-05 8.792467395197905944e+01 2.299657805569890440e+08
2.113472117619928230e-05 8.766334571140092180e+01 2.290037970354289412e+08
2.111410537432479331e-05 8.740362046899431903e+01 2.280482987005329132e+08
2.109357911460082015e-05 8.714545725385913499e+01 2.270991690944826007e+08
2.107314139549437609e-05 8.688881719995204378e+01 2.261562967500334978e+08
2.105279008616069494e-05 8.663366369897300956e+01 2.252195767024504542e+08
2.103252250987244396e-05 8.637996220938872227e+01 2.242889111262783408e+08
2.101233588603804313e-05 8.612767994118124193e+01 2.233642092961506248e+08
2.099222795436320849e-05 8.587678546391335033e+01 2.224453868042940199e+08
2.097219731719855557e-05 8.562724847096083636e+01 2.215323645014858544e+08
2.095224347310553983e-05 8.537903978005242323e+01 2.206250674898497462e+08
2.093236638675988548e-05 8.513213179554402643e+01 2.197234249329664409e+08
2.091256611263947197e-05 8.488649915194604034e+01 2.188273702275302708e+08
2.089284180792267450e-05 8.464211972722108612e+01 2.179368423746712506e+08
2.087319156413524978e-05 8.439897532050767381e+01 2.170517870261683762e+08
2.085361256161364811e-05 8.415705177925271130e+01 2.161721568226698935e+08
2.083410103252748179e-05 8.391633876306386242e+01 2.152979114663676023e+08
2.081465321137080112e-05 8.367682874033442886e+01 2.144290163012917936e+08
2.079526612141119977e-05 8.343851562060318372e+01 2.135654400344737470e+08
2.077593860087244632e-05 8.320139323558652222e+01 2.127071516396993399e+08
2.075667119609431876e-05 8.296545443699537259e+01 2.118541181068223715e+08
2.073746643606478519e-05 8.273069052819380431e+01 2.110063023769611716e+08
2.071832845552129955e-05 8.249709133488013890e+01 2.101636622950842381e+08
2.069926190644083645e-05 8.226464601346020800e+01 2.093261512040673196e+08
2.068027147613072121e-05 8.203334390069713322e+01 2.084937189563727677e+08
2.066136020045054923e-05 8.180317587749846098e+01 2.076663148880983889e+08
2.064252997012240326e-05 8.157413491152775009e+01 2.068438895094079673e+08
2.062377798589072194e-05 8.134621797873982985e+01 2.060264005166458488e+08
2.060510075119413080e-05 8.111942526611211690e+01 2.052138124732297063e+08
2.058649261356718549e-05 8.089376008338126667e+01 2.044060983515035212e+08
2.056794859546048039e-05 8.066922727624313438e+01 2.036032370633140206e+08
2.054946144335593038e-05 8.044583345163704280e+01 2.028052152250033021e+08
2.053102624933789865e-05 8.022358482041478567e+01 2.020120224798810482e+08
2.051263997815995358e-05 8.000248586071950285e+01 2.012236481281301677e+08
2.049429970419682442e-05 7.978253930453627163e+01 2.004400806733210981e+08
2.047600322922065789e-05 7.956374590034639027e+01 1.996613066395137310e+08
2.045775065154539928e-05 7.934610351592613142e+01 1.988873074724604189e+08
2.043954335225990894e-05 7.912960707310313069e+01 1.981180583153902590e+08
2.042138371887864873e-05 7.891424867334448834e+01 1.973535273774840832e+08
2.040327424433180750e-05 7.870001818079937550e+01 1.965936767320498228e+08
2.038521801593550713e-05 7.848690344930909646e+01 1.958384623673609495e+08
2.036721789137578638e-05 7.827489084224083626e+01 1.950878353131077886e+08
2.034927668358759898e-05 7.806396547582639300e+01 1.943417425503321290e+08
2.033139646477179836e-05 7.785411184787975003e+01 1.936001287679437399e+08
2.031357807864707482e-05 7.764531444964879370e+01 1.928629384295114875e+08
2.029582238810308310e-05 7.743755756292601689e+01 1.921301161293012500e+08
2.027812886302449372e-05 7.723082599926580372e+01 1.914016087204860747e+08
2.026049571742693833e-05 7.702510548955589798e+01 1.906773668713304102e+08
2.024292121897205361e-05 7.682038238238894223e+01 1.899573448246206939e+08
2.022540342353740489e-05 7.661664370254371192e+01 1.892415005321299434e+08
2.020794033365779708e-05 7.641387716753921211e+01 1.885297955163334608e+08
2.019053018485176561e-05 7.621207113201627692e+01 1.878221943692533672e+08
2.017317229079029900e-05 7.601121427400445896e+01 1.871186633316314816e+08
2.015586626606373312e-05 7.581129578984506168e+01 1.864191698760117292e+08
2.013861203353397011e-05 7.561230551628275975e+01 1.857236822883608639e+08
2.012140956914160490e-05 7.541423408627835556e+01 1.850321695091074407e+08
2.010425875501182833e-05 7.521707302088552183e+01 1.843446011080743968e+08
2.008715932831709312e-05 7.502081471704008209e+01 1.836609472772233486e+08
2.007011097575618191e-05 7.482545230399762204e+01 1.829811787280268967e+08
2.005311346984940460e-05 7.463097941365899146e+01 1.823052664558224380e+08
2.003616683849133491e-05 7.443738991641478719e+01 1.816331814160884917e+08
2.001927158258800472e-05 7.424467764007543735e+01 1.809648940366687179e+08
2.000242850732606394e-05 7.405283631560091351e+01 1.803003741265918314e+08
1.998563862692062895e-05 7.386185966750656462e+01 1.796395909509088099e+08
1.996890276995454485e-05 7.367174173864570719e+01 1.789825137835705876e+08
1.995222102796396192e-05 7.348247742949280337e+01 1.783291129969495237e+08
1.993559267674146330e-05 7.329406289936933661e+01 1.776793609628576934e+08
1.991901636819474672e-05 7.310649567048740494e+01 1.770332324601919651e+08
1.990248968956258128e-05 7.291977477931341411e+01 1.763907054376550615e+08
1.988601016184087393e-05 7.273390028383963113e+01 1.757517603966580331e+08
1.986957513200324614e-05 7.254887282637089641e+01 1.751163799632114768e+08
1.985318349288116220e-05 7.236469251561646843e+01 1.744845466000281870e+08
1.983683459776589185e-05 7.218135861675256137e+01 1.738562419809526205e+08
1.982052878118937064e-05 7.199886918442763317e+01 1.732314459596360624e+08
1.980426704556000403e-05 7.181722102126796869e+01 1.726101360904631913e+08
1.983338768611844245e-05 7.161339579317832715e+01 1.719370329780097902e+08
1.980648461775871326e-05 7.141949049208334088e+01 1.712892699024656117e+08
1.978289589694336715e-05 7.123387005979918740e+01 1.706610823586932421e+08
2.001972215096774364e-05 7.092489529237749935e+01 1.697374415453257859e+08
2.011293252208127893e-05 7.058523485666782449e+01 1.687409266168034077e+08
2.017171413511290235e-05 7.024570863124991149e+01 1.677357152006722391e+08
2.049025479293705609e-05 6.978696812141296846e+01 1.664313749850467741e+08
2.055677147769627890e-05 6.935928766673555401e+01 1.651823963348948658e+08
2.059139253792300698e-05 6.898859331983760512e+01 1.640364868535192609e+08
2.093124760419017575e-05 6.853211312013458212e+01 1.626484019200190306e+08
2.095885317961536761e-05 6.816238364553331053e+01 1.614246623271909058e+08
2.096445451522204720e-05 6.789378159781702493e+01 1.603849712840559483e+08
2.129476757297796256e-05 6.757131739139717297e+01 1.591593822511916757e+08
2.126588599185421375e-05 6.738011845880244266e+01 1.581836116888920069e+08
2.123427387841484416e-05 6.731778768212629416e+01 1.574391534479520023e+08
2.159557835460786685e-05 6.719341190869290870e+01 1.564791582042036653e+08
2.156278429618758332e-05 6.720410321533600495e+01 1.557666983328642547e+08
2.153219060117068007e-05 6.734314999490501918e+01 1.552745352509021461e+08
2.187089815818812812e-05 6.742908807418987749e+01 1.545859656234091222e+08
2.178427453135663221e-05 6.766843104337100101e+01 1.541805173202216029e+08
2.172150665056684173e-05 6.803904991839702632e+01 1.539975703837090731e+08
2.203681022017925831e-05 6.834953344956313970e+01 1.536087266353325546e+08
2.192650262862669749e-05 6.880464647550367374e+01 1.534837342020648122e+08
2.185278317977578253e-05 6.937355397659916889e+01 1.535461674698210657e+08
2.210109810262133692e-05 6.988595901082801731e+01 1.534266131806198359e+08
2.189813489082233406e-05 7.055779312767643319e+01 1.536100893726532757e+08
2.176579024158422881e-05 7.133469422983080221e+01 1.539728431678812206e+08
2.189275833735968387e-05 7.206640144992778119e+01 1.542018964689003825e+08
2.163651434612606520e-05 7.293474360246065658e+01 1.547001813938991725e+08
2.147182063023113206e-05 7.386878388845474319e+01 1.553181725199599862e+08
2.149174011759364064e-05 7.474800540154026862e+01 1.558187311573660970e+08
2.116906296917814048e-05 7.573620618496653378e+01 1.565601740139569640e+08
2.095952144632263814e-05 7.674403768809976611e+01 1.573649704192394614e+08
2.089158479346385071e-05 7.766625646937906424e+01 1.580389577902298272e+08
2.058478943655856492e-05 7.861560456486701298e+01 1.588326827001669109e+08
2.037913046003998017e-05 7.950762947026106531e+01 1.595898338354038596e+08
2.024919678435345945e-05 8.027406633084582666e+01 1.601971560810508132e+08
2.017202827034550940e-05 8.086852487772257803e+01 1.605843773734471500e+08
2.013258084585773947e-05 8.126162745024980438e+01 1.607119379865691364e+08
2.011797182652076389e-05 8.143924950475438607e+01 1.605658813765411973e+08
2.011814250069602321e-05 8.140000419956400890e+01 1.601519034624821246e+08
2.012536093840042891e-05 8.115269786537399455e+01 1.594900689759859443e+08
2.013382534955078041e-05 8.071384972425656201e+01 1.586102102573164701e+08
2.013933501221143465e-05 8.010536695484466918e+01 1.575480286316887438e+08
2.013900869409745897e-05 7.935245992148914240e+01 1.563419063805561066e+08
2.013103993108000242e-05 7.848185844498149777e+01 1.550304080811162591e+08
2.011448273277135639e-05 7.752036034434877365e+01 1.536504206282822490e+08
2.008906499761448560e-05 7.649371456002012337e+01 1.522358574841634929e+08
2.010415370225781281e-05 7.539973903219399176e+01 1.507646929251357913e+08
2.009291152129558751e-05 7.427464391274821764e+01 1.492914276579841375e+08
2.006648015840938488e-05 7.314544909522369665e+01 1.478519234298411906e+08
2.040505331367935011e-05 7.184348084275198687e+01 1.460862239972558022e+08
2.057888475928269545e-05 7.050173286068543632e+01 1.442435334405438900e+08
2.067494514156464083e-05 6.919536088952560249e+01 1.424497792271343172e+08
2.117379757933137140e-05 6.775863969763368289e+01 1.403408650757412314e+08
2.135182633640893575e-05 6.639585994362589361e+01 1.383190971339527965e+08
2.144001917607715689e-05 6.517380670502458884e+01 1.364989087436911464e+08
2.195120601255006764e-05 6.391764511708076668e+01 1.344991737259857357e+08
2.201986741750977888e-05 6.285634948069184702e+01 1.327910035011364222e+08
2.203151199056217616e-05 6.201759284962367502e+01 1.314169619074428678e+08
2.245096749082249639e-05 6.122459552950407158e+01 1.299975309760427624e+08
2.235119053964079743e-05 6.070664346650494281e+01 1.290183035359208882e+08
2.225811796265828363e-05 6.044558334392090160e+01 1.284304782000443637e+08
2.252061265672722454e-05 6.027641677343859783e+01 1.278847080104646534e+08
2.224990741892604059e-05 6.041421187690287553e+01 1.278408869748219699e+08
2.205674899438838551e-05 6.080103251928697716e+01 1.281684859247992337e+08
2.218591235971881936e-05 6.127571107463432298e+01 1.285331346696943492e+08
2.180919182941659307e-05 6.203834283991673715e+01 1.293621131267042607e+08
2.155823242814768444e-05 6.300476349249279906e+01 1.304753069043094963e+08
2.153053042649324082e-05 6.404552843935719864e+01 1.316158004099343121e+08
2.109062026843102158e-05 6.532329342072782197e+01 1.331309478947304636e+08
2.080506578392738942e-05 6.673193505603441622e+01 1.348088749516421258e+08
2.067990782385624961e-05 6.815886463236439852e+01 1.364434971880023777e+08
2.026934163655572720e-05 6.971393081631119060e+01 1.382780847936159670e+08
2.000719961401989695e-05 7.128447012339678679e+01 1.401075978716509342e+08
1.985941608443433337e-05 7.277322574749972262e+01 1.417736751908413470e+08
1.969073566903726426e-05 7.416070118452500992e+01 1.432729026382458806e+08
1.959810505727833127e-05 7.537821635712934665e+01 1.445052606305556893e+08
1.955981939713572799e-05 7.637486158699641692e+01 1.454069839494629502e+08
1.955863745981242896e-05 7.711804140453250511e+01 1.459460709737440646e+08
1.958088934861807392e-05 7.759161964710973791e+01 1.461164132773847580e+08
1.961583741673560288e-05 7.779373522748043968e+01 1.459321928845354915e+08
1.965519192897936641e-05 7.773433845105950013e+01 1.454226092328760922e+08
1.969272267891050604e-05 7.743258295931288160e+01 1.446270731506762505e+08
1.972393086219382537e-05 7.691423664458666565e+01 1.435910032260837853e+08
1.974576206799690065e-05 7.620926270918279499e+01 1.423623158277573586e+08
1.975635082355151954e-05 7.534968660885455449e+01 1.409886416046488583e+08
1.982317960344588494e-05 7.433176448328902097e+01 1.394476055126933455e+08
1.985005745931205950e-05 7.320817156827480687e+01 1.378202030785409212e+08
1.985327617883210729e-05 7.201947515884850759e+01 1.361621807223331332e+08
2.016587123580674241e-05 7.063547131066729889e+01 1.342059001209963709e+08
2.031395602093905286e-05 6.919111777091033844e+01 1.321842448135652542e+08
2.039171867861083625e-05 6.775958971653155061e+01 1.302079252610430121e+08
2.082073379622823871e-05 6.620467148700517157e+01 1.279905765990826786e+08
2.095196554226904905e-05 6.471593900003297506e+01 1.258757929814096093e+08
2.100740060026145650e-05 6.335273624769560996e+01 1.239538572337906808e+08
2.141632921289917960e-05 6.197449150218677261e+01 1.219333571819568872e+08
2.143663691621155702e-05 6.077931407318164503e+01 1.201912179089615047e+08
2.141443808457124239e-05 5.978765638177183206e+01 1.187528163755751103e+08
2.172278863552881892e-05 5.885894148746456978e+01 1.173331329017235339e+08
2.159208249507980410e-05 5.818138658273801411e+01 1.163043145703036785e+08
2.147528727132748763e-05 5.773478727221046825e+01 1.156182060812891126e+08
2.166576974676346753e-05 5.737958859012582025e+01 1.149963945565031022e+08
2.139391224786978035e-05 5.729592142707868163e+01 1.148024370724050850e+08
2.119394504331051262e-05 5.743182909120431390e+01 1.149276186270010769e+08
2.123685489260377458e-05 5.766618403827243355e+01 1.151347292625257671e+08
2.086889076072579770e-05 5.815206429839747670e+01 1.157354771661302745e+08
2.061538531510843483e-05 5.881511666199101995e+01 1.165809846819512248e+08
2.055371947406494493e-05 5.954781397428968148e+01 1.174682316858750880e+08
2.016610514394635143e-05 6.046987015915390629e+01 1.186445805651108772e+08
1.990736521027716864e-05 6.149600384944861275e+01 1.199486071709631830e+08
1.980106785069041749e-05 6.252895347953029415e+01 1.212078685178042799e+08
1.944792073725787909e-05 6.365891730208875288e+01 1.226155626133506596e+08
1.921671801841913572e-05 6.479921427301999870e+01 1.240191884908465743e+08
1.909747145812918282e-05 6.586731505711547641e+01 1.252849898160890192e+08
1.899269039236494092e-05 6.683453876663709536e+01 1.263834250978290439e+08
1.893959946775939106e-05 6.765811352314698013e+01 1.272565966884339005e+08
1.892305138283660953e-05 6.830811982707031405e+01 1.278702776893522143e+08
1.893093085036372545e-05 6.876699269268578973e+01 1.282104112220973521e+08
1.895360907884818512e-05 6.902797974009637016e+01 1.282791436673419476e+08
1.898353227542758212e-05 6.909346103125683669e+01 1.280910950487064272e+08
1.901489486441037036e-05 6.897318106130229864e+01 1.276699216118989736e+08
1.904336745550897010e-05 6.868247534248547481e+01 1.270452458024086207e+08
1.906586192537854465e-05 6.824057882534577857e+01 1.262500160362199098e+08
1.908032384779895016e-05 6.766909068885318845e+01 1.253183302374741435e+08
1.908554742681120212e-05 6.699064811664204910e+01 1.242837250642221421e+08
1.908100954222139919e-05 6.622783783472070240e+01 1.231779057152449638e+08
1.906672311808070374e-05 6.540235101415626673e+01 1.220298693729467839e+08
1.904310941195819945e-05 6.453436922450512725e+01 1.208653632641623318e+08
1.901088669908737366e-05 6.364215770614173806e+01 1.197066156601650715e+08
1.897097683513318414e-05 6.274183398098011111e+01 1.185722774693993479e+08
1.892442748241127598e-05 6.184727788431834483e+01 1.174775187829655558e+08
1.887234980166924015e-05 6.097014946643079725e+01 1.164342316578012556e+08
1.881586682959694094e-05 6.011998571753375842e+01 1.154513019176447988e+08
1.875607694360192595e-05 5.930434869560662037e+01 1.145349161422677040e+08
1.869402405862083608e-05 5.852900550540384472e+01 1.136888837120319456e+08
1.863067756032412065e-05 5.779812309999725528e+01 1.129149563422674239e+08
1.856691843515472933e-05 5.711446607637316930e+01 1.122131347652369142e+08
1.850353120724450810e-05 5.647958883466062474e+01 1.115819556352488697e+08
1.844120023017995546e-05 5.589401661815791300e+01 1.110187551134085655e+08
1.838050956945764758e-05 5.535741210505749876e+01 1.105199076118957251e+08
1.832194451655691907e-05 5.486872640776458354e+01 1.100810405503135473e+08
1.826589705037480699e-05 5.442633333382954675e+01 1.096972244821335077e+08
1.821267085058464845e-05 5.402814824512057612e+01 1.093631416442717761e+08
1.816248475394711013e-05 5.367173331334850417e+01 1.090732364083849192e+08
1.811548399743889340e-05 5.335438757512032737e+01 1.088218435356167704e+08
1.807174472384160245e-05 5.307322615673687238e+01 1.086033017006416917e+08
1.803851915034559915e-05 5.282240816363245983e+01 1.084062216943143755e+08
1.799948890422432374e-05 5.260285961492025564e+01 1.082333816506907642e+08
1.796398289429441454e-05 5.241136517178726706e+01 1.080791845179522634e+08
1.807252898921545066e-05 5.219001337516451144e+01 1.078254505006103814e+08
1.808197180357420209e-05 5.198375050211956960e+01 1.075664028410872817e+08
1.808296752531344471e-05 5.179824856808705391e+01 1.073122181973323375e+08
1.828294677702118818e-05 5.155767133289089088e+01 1.069061798067214787e+08
1.832739148980919429e-05 5.133289962408758100e+01 1.064961125306663811e+08
1.835223572557612652e-05 5.113610993254948767e+01 1.061037509069250673e+08
1.860565775917441021e-05 5.088279136634416489e+01 1.055533411583540291e+08
1.865983366087772537e-05 5.066085331701564343e+01 1.050278418761065453e+08
1.868994012517742731e-05 5.048366217377670040e+01 1.045503045777892023e+08
1.905267972258742969e-05 5.022949713577693842e+01 1.038682132159637064e+08
1.913130922973935603e-05 5.001980488877934761e+01 1.032340609166757613e+08
1.917674278166394910e-05 4.987177961089034994e+01 1.026766907827782631e+08
1.963789588897419034e-05 4.963637107216118949e+01 1.018886185827502310e+08
1.975293697510905231e-05 4.945744102963303135e+01 1.011674451066047549e+08
1.982154586888716603e-05 4.935710137187250979e+01 1.005502785014789701e+08
2.043442524273503513e-05 4.914514867905344886e+01 9.964898845513671637e+07
2.061010826229057544e-05 4.899879592006575990e+01 9.882692945529438555e+07
2.071656039953967944e-05 4.894916571240037939e+01 9.813669368337827921e+07
2.150527908048018307e-05 4.876528759620563136e+01 9.711432421696123481e+07
2.168799834477958842e-05 4.868145893080173892e+01 9.623227885366524756e+07
2.179451064438844629e-05 4.872845068218252607e+01 9.553796134972032905e+07
2.274737620566250266e-05 4.862496611542866276e+01 9.447905753059767187e+07
2.294176150338543058e-05 4.865201484456353143e+01 9.361028574683727324e+07
2.305218891692631793e-05 4.883995462966424839e+01 9.297371039188058674e+07
2.410327822208875221e-05 4.888059944771948295e+01 9.198140850491051376e+07
2.422467304089004946e-05 4.910267936372962794e+01 9.126207739952848852e+07
2.428872959954004657e-05 4.952132542216780564e+01 9.082368574256847799e+07
2.531674793730878326e-05 4.981742535326224441e+01 9.007884625530411303e+07
2.528326249835726404e-05 5.035322733500417769e+01 8.969244437953084707e+07
2.525811681084049495e-05 5.111443796861155420e+01 8.961521939990432560e+07
2.618297012820393666e-05 5.177410063592527223e+01 8.927168236134421825e+07
2.593968129046119050e-05 5.272844957416669587e+01 8.935453722771307826e+07
2.579838766584949424e-05 5.392373798788791817e+01 8.974630788657601178e+07
2.656863943226873468e-05 5.502355478299948999e+01 8.988675097766265273e+07
2.614328203230272460e-05 5.644649095574926179e+01 9.047071998965521157e+07
2.590358174524394952e-05 5.810035937070033185e+01 9.132552751472863555e+07
2.650954485914878243e-05 5.964132706229941761e+01 9.191549507111789286e+07
2.597343428079423150e-05 6.149547089996555371e+01 9.291278243350614607e+07
2.567426198356452356e-05 6.353881298639890218e+01 9.411170254885448515e+07
2.617558085378348393e-05 6.540793881657597808e+01 9.498718633229817450e+07
2.561705332082332448e-05 6.753401520815144465e+01 9.618861164757506549e+07
2.530628819846421644e-05 6.977415003997954557e+01 9.750390990404564142e+07
2.574972054410437321e-05 7.174705794359206834e+01 9.842219315850786865e+07
2.523809227300844582e-05 7.388115933689662995e+01 9.956130771943992376e+07
2.495340928765624994e-05 7.603157206771591348e+01 1.007266779433918446e+08
2.537568639300126470e-05 7.780957005195901388e+01 1.014302140043395013e+08
2.495809491944483952e-05 7.963251669425443424e+01 1.022481153048623800e+08
2.472543007858679954e-05 8.137441575299286001e+01 1.030237528330315500e+08
2.517610559113072247e-05 8.264452706595535858e+01 1.032876493094853163e+08
2.484595021986295182e-05 8.387314517707868333e+01 1.036044986254057288e+08
2.465786271687053866e-05 8.496553032618299994e+01 1.038590933890154213e+08
2.520244343037178106e-05 8.550563148540491909e+01 1.035598925541548729e+08
2.497620990165305146e-05 8.595827960787406141e+01 1.032864386710006297e+08
2.484137182000863860e-05 8.627381233997571996e+01 1.029721687786851525e+08
2.550314196646836243e-05 8.601695336441819961e+01 1.021025204164544195e+08
2.537338768742415846e-05 8.569068441318998453e+01 1.012781517591118515e+08
2.528578060494695971e-05 8.528847236129799114e+01 1.004747939933937490e+08
2.607999491924413020e-05 8.435274360943081717e+01 9.914754402237601578e+07
2.601562248805407780e-05 8.342784098988811081e+01 9.792966977453206480e+07
2.595561920021098015e-05 8.253272225272841922e+01 9.682076133853465319e+07
2.685274657717473556e-05 8.119461357092630749e+01 9.525485013962098956e+07
2.676497183425354372e-05 8.000014951019733189e+01 9.390963702033887804e+07
2.668062168607323201e-05 7.895691835287088622e+01 9.277102866593369842e+07
2.766552281477422753e-05 7.755400337121334076e+01 9.122837463920465112e+07
2.752892699516313406e-05 7.640530485266138783e+01 8.999550943383793533e+07
2.741154788998602726e-05 7.549555849869277324e+01 8.903451824107572436e+07
2.833925010769033380e-05 7.433812166239451358e+01 8.776495512216630578e+07
2.805681854386734783e-05 7.353562651064711986e+01 8.689451661077544093e+07
2.785639583865034952e-05 7.302550595747972295e+01 8.633382543316906691e+07
2.873631172689948549e-05 7.230908672902742751e+01 8.549145508147874475e+07
2.833333112171705910e-05 7.198668819541573782e+01 8.507819967970255017e+07
2.807129625160095814e-05 7.196169469565143118e+01 8.496691693460993469e+07
2.888626343608085588e-05 7.173675203918941179e+01 8.457178535031732917e+07
2.834207392364197859e-05 7.192877363552291570e+01 8.462469430231069028e+07
2.800710870795259722e-05 7.240538770797222412e+01 8.495802210726153851e+07
2.872674302623099581e-05 7.266842672210417220e+01 8.499162675276510417e+07
2.815783607135055399e-05 7.330537700734267048e+01 8.542058278257606924e+07
2.781834456517478344e-05 7.417458967445865881e+01 8.606982474178937078e+07
2.848748133901651011e-05 7.478513532012252085e+01 8.637668452452313900e+07
2.789218360261722018e-05 7.573033085962281064e+01 8.703714605363903940e+07
2.754250999241907206e-05 7.685788961064847058e+01 8.786777308240967989e+07
2.815744812196273292e-05 7.767779727687255331e+01 8.831795467753079534e+07
2.756773800182704426e-05 7.877973805617740766e+01 8.907123592815962434e+07
2.722311560342153297e-05 8.000796525299197981e+01 8.994513293182179332e+07
2.776658568346022105e-05 8.088971664505905323e+01 9.041967385521917045e+07
2.719793234885182050e-05 8.199618390705060733e+01 9.114749985434046388e+07
2.686420911742389017e-05 8.317329640352359377e+01 9.195292344213375449e+07
2.732173169277911769e-05 8.398070361812770557e+01 9.236134703053680062e+07
2.675828246097561975e-05 8.496823723940019590e+01 9.299102577212288976e+07
2.642245871344560743e-05 8.598218888044587516e+01 9.367056861689357460e+07
2.675548482275924063e-05 8.663366241678942004e+01 9.398809138666224480e+07
2.616758342389651374e-05 8.743883714200714508e+01 9.451520991455665231e+07
2.580832174753312433e-05 8.823875389189349505e+01 9.507794744657491148e+07
2.597349615561840789e-05 8.871297722857161716e+01 9.534194795099072158e+07
2.535207601098808926e-05 8.931598647613951414e+01 9.580509670330569148e+07
2.496108693692895269e-05 8.988260858229958217e+01 9.628969749569825828e+07
2.495083544486332422e-05 9.016649810741714077e+01 9.654206184284108877e+07
2.429926200669749525e-05 9.054698138948295139e+01 9.697608320358525217e+07
2.387575821143005333e-05 9.085585452696948039e+01 9.741310021414758265e+07
2.371015744307368626e-05 9.091506050827794638e+01 9.767184636946351826e+07
2.306353596186083601e-05 9.101486112999647560e+01 9.807060240688648820e+07
2.262843334185572327e-05 9.099682714894919400e+01 9.844170881622271240e+07
2.235719977765370566e-05 9.074206758847829235e+01 9.866464999559074640e+07
2.177535427586216706e-05 9.044312971204244889e+01 9.895300729248702526e+07
2.136939278649123062e-05 8.997183627601395983e+01 9.916873846224808693e+07
2.108771148522104995e-05 8.924475206006417238e+01 9.922337711932009459e+07
2.079855685234116452e-05 8.827941640302414328e+01 9.913388874185410142e+07
2.058514276692544192e-05 8.704809190035477684e+01 9.886162034776781499e+07
2.042267609759050917e-05 8.554984330282718474e+01 9.839390393821099401e+07
2.029256847394512761e-05 8.380516639877350826e+01 9.773772187064038217e+07
2.018105485185085011e-05 8.184900125110799252e+01 9.691346858007124066e+07
2.007816936093481194e-05 7.972476430346863197e+01 9.594981522701035440e+07
1.997695086902626468e-05 7.747946543933150565e+01 9.487960644034858048e+07
1.987280518715353657e-05 7.515993238059930093e+01 9.373671865272253752e+07
1.994290647570606123e-05 7.271740718262091718e+01 9.243596351427362859e+07
1.995499988195236684e-05 7.023932314703365876e+01 9.106220816110697389e+07
1.992332602296098011e-05 6.779465017073098920e+01 8.968049042095553875e+07
2.022456315078032300e-05 6.526474496669530367e+01 8.811089944973921776e+07
2.034095685557067026e-05 6.279831960214141873e+01 8.652973155169761181e+07
2.037248402956601511e-05 6.047216579876022990e+01 8.502369583498702943e+07
2.081132315104123942e-05 5.814146866319589435e+01 8.337527762850949168e+07
2.090912005002538383e-05 5.599348077630444465e+01 8.183986801788635552e+07
2.092108880901609856e-05 5.407614196126462502e+01 8.048154504183848202e+07
2.143362892533961264e-05 5.220749284484094233e+01 7.902885654780514538e+07
2.147744929679117247e-05 5.058598266302460900e+01 7.778151283874829113e+07
2.145465237539814646e-05 4.922999145169902135e+01 7.677088462127698958e+07
2.202592281132602145e-05 4.793005517158243833e+01 7.567723020362141728e+07
2.200946016122111768e-05 4.689600059213917405e+01 7.483795225940765440e+07
2.195562425434671727e-05 4.612567287185459008e+01 7.425428909168854356e+07
2.260394942428807277e-05 4.538410485139066708e+01 7.355610146317321062e+07
2.254723172620483372e-05 4.490077078069675309e+01 7.312339778909929097e+07
2.248004209912224830e-05 4.466298378018267812e+01 7.293656243968603015e+07
2.320213331429405817e-05 4.441726483495035183e+01 7.258804722623841465e+07
2.311336271759479398e-05 4.441629383484181659e+01 7.249949383942283690e+07
2.303953175066912257e-05 4.464035441237437141e+01 7.263495208913949132e+07
2.379686676311821932e-05 4.482543921575338430e+01 7.256963968294316530e+07
2.366471398077291680e-05 4.524538028274820789e+01 7.275658315119023621e+07
2.357688450832183321e-05 4.587163147787138939e+01 7.314236925783281028e+07
2.432682738816535650e-05 4.643231467020946468e+01 7.329802853491352499e+07
2.411751826095289393e-05 4.722673630155382085e+01 7.370738128505246341e+07
2.399338857778546643e-05 4.821146085553020555e+01 7.429283763068105280e+07
2.466911373312057472e-05 4.911229916154442776e+01 7.463759004633323848e+07
2.435815197411093469e-05 5.024809100608641899e+01 7.523934296411183476e+07
2.418055091321172977e-05 5.155457886383192800e+01 7.599178620109547675e+07
2.475598501488320620e-05 5.275204192095743849e+01 7.649107069501163065e+07
2.436360250460797966e-05 5.417131227765032975e+01 7.723280385218097270e+07
2.414176554444409534e-05 5.572769740410688399e+01 7.808847346149721742e+07
2.463170015168582671e-05 5.713121179076477318e+01 7.866443720904015005e+07
2.419614115922828491e-05 5.872224983323675929e+01 7.944898262305672467e+07
2.394942936282292827e-05 6.040052976757935710e+01 8.030284161680658162e+07
2.439020092768203637e-05 6.185999519778539479e+01 8.083633657818259299e+07
2.397916544418543617e-05 6.344136250809344801e+01 8.151799149486327171e+07
2.374642052820740291e-05 6.504249438296928076e+01 8.221768447900848091e+07
2.419819445223913564e-05 6.633853688750758693e+01 8.254480353676216304e+07
2.386211941628384403e-05 6.767516014893440968e+01 8.295406045636060834e+07
2.367222209346560692e-05 6.896503323289987009e+01 8.334145464118769765e+07
2.422221882105586555e-05 6.984922290237476261e+01 8.329208953348600864e+07
2.400392629396637929e-05 7.069920202933488440e+01 8.327082555050383508e+07
2.388126549245083257e-05 7.146161059395477366e+01 8.321482301318927109e+07
2.458681948996943904e-05 7.174207300125618758e+01 8.267741092477092147e+07
2.449189192116942512e-05 7.195902086816151666e+01 8.215511937220354378e+07
2.443620132835746281e-05 7.210132874077611120e+01 8.162792821348676085e+07
2.531131854045981283e-05 7.174500634918648245e+01 8.061919204094512761e+07
2.530451491057225950e-05 7.136424137835727777e+01 7.966666062559118867e+07
2.529027897710233111e-05 7.097932247937743000e+01 7.877811024563997984e+07
2.633065546346109940e-05 7.013329646354105762e+01 7.744227784848067164e+07
2.633595898375055833e-05 6.936395869200305242e+01 7.625138307120439410e+07
2.631615792623067309e-05 6.869515017726338613e+01 7.521252969835302234e+07
2.745062463741384815e-05 6.764658420250776771e+01 7.379288296514162421e+07
2.738440510659535788e-05 6.679570619835747891e+01 7.261904035324606299e+07
2.731447150623227141e-05 6.614181835209724625e+01 7.167120146885116398e+07
2.856701034857905553e-05 6.515170357865102346e+01 7.036585790262027085e+07
2.842728029702360566e-05 6.444408514113710851e+01 6.937019029558594525e+07
2.831419879597993567e-05 6.399351832872918067e+01 6.863908711487977207e+07
2.967540943220252727e-05 6.322449592576860766e+01 6.755181012878431380e+07
2.944329147383211638e-05 6.279871569451248803e+01 6.681743407170809805e+07
2.928288546641844109e-05 6.266434869801127405e+01 6.636389139593517780e+07
3.079544600332541658e-05 6.218576588305986519e+01 6.551678551833210886e+07
3.052958188688483903e-05 6.207083329481389455e+01 6.502759300335378945e+07
3.035956263413502003e-05 6.225674746568543583e+01 6.481346868428932130e+07
3.204502863836635249e-05 6.205386448220280471e+01 6.415674935994517803e+07
3.171576498299870340e-05 6.224269083295702387e+01 6.387327000000466406e+07
3.152100092980686212e-05 6.274370915903927681e+01 6.386300287991480529e+07
3.336493981227740634e-05 6.280524728591073824e+01 6.336246433992544562e+07
3.298163985283338430e-05 6.328044962259887285e+01 6.324440421016916633e+07
3.276881022572545547e-05 6.407463542813167123e+01 6.339412217765200883e+07
3.469748105352352992e-05 6.439403902791185885e+01 6.302884489607901126e+07
3.419110110473862722e-05 6.517057187101963223e+01 6.307491083505998552e+07
3.392480844860344761e-05 6.627817083139463250e+01 6.338814399031195045e+07
3.575790706626848095e-05 6.691767748397862192e+01 6.320738097879539430e+07
3.504684571655967263e-05 6.807376050873430984e+01 6.347736096182037890e+07
3.468625252402371818e-05 6.956825029165770502e+01 6.400823773756775260e+07
3.628833707959497188e-05 7.061425928560035459e+01 6.408021720638329536e+07
3.531278193106163763e-05 7.224182166490057000e+01 6.464252577913934737e+07
3.482454842700245774e-05 7.420232027102584027e+01 6.544858027395478636e+07
3.610617501068488181e-05 7.572717589690532236e+01 6.582692171791179478e+07
3.487933257293748753e-05 7.787930441503318946e+01 6.671639572052676231e+07
3.426064791765611882e-05 8.033420088490122168e+01 6.781685203549453616e+07
3.510572018473476842e-05 8.238131725931199867e+01 6.853834514541026950e+07
3.369950831486653430e-05 8.505662796617146171e+01 6.975843492419014871e+07
3.297217688729216933e-05 8.796579865613824722e+01 7.113735020994609594e+07
3.336645922894342499e-05 9.048183197929732557e+01 7.218307699877893925e+07
3.186502794369433587e-05 9.357053610237319674e+01 7.368392072430878878e+07
3.105533745408130703e-05 9.678056553981852517e+01 7.527729351286855340e+07
3.105056886085840498e-05 9.958004580864444222e+01 7.657096990468139946e+07
2.953872427129964663e-05 1.028278163899005762e+02 7.824676805023339391e+07
2.867690706203109821e-05 1.060382416425920411e+02 7.993927911695066094e+07
2.838721284204995173e-05 1.087605939959387058e+02 8.133666062718160450e+07
2.703877109182832586e-05 1.116677337019985146e+02 8.296786639274296165e+07
2.622505717401107044e-05 1.143028076700068283e+02 8.450865902972000837e+07
2.577980633057156846e-05 1.163270650546098466e+02 8.573882843137095869e+07
2.470440929988652767e-05 1.181828189050575588e+02 8.700928175341413915e+07
2.401838326713324998e-05 1.195097032222121953e+02 8.807273480828928947e+07
2.360329170779795619e-05 1.200596624577764970e+02 8.876828829640597105e+07
2.292143678536108037e-05 1.200584402627584808e+02 8.927481119933870435e+07
2.245736084185290379e-05 1.193369493850866974e+02 8.946979727349323034e+07
2.228891885258242107e-05 1.176996368445386594e+02 8.920241500867536664e+07
2.202490366973079239e-05 1.153257378093240533e+02 8.858920225635936856e+07
2.182731942280249823e-05 1.122745082192948445e+02 8.764487919968463480e+07
2.215480844190246073e-05 1.082872283070790473e+02 8.612443814566738904e+07
2.232447395286552182e-05 1.037087885010632959e+02 8.424147486246117949e+07
2.239755964216804922e-05 9.880998524413637085e+01 8.215114192329786718e+07
2.343521973189226302e-05 9.316098842049363782e+01 7.942678401405666769e+07
2.403484699629660347e-05 8.735365669282531087e+01 7.648975668062564731e+07
2.433815095652743952e-05 8.176319547818771127e+01 7.360373430481591821e+07
2.608613824950829446e-05 7.580605948376084768e+01 7.019164608680722117e+07
2.686777735713379435e-05 7.022878348381583180e+01 6.688915993443769217e+07
2.721163052067218017e-05 6.530660480173986571e+01 6.394071067642104626e+07
2.927087503771618114e-05 6.040401204500639665e+01 6.072571997452443093e+07
2.981549916900881261e-05 5.620602773906833249e+01 5.793327208264874667e+07
2.998220250296446202e-05 5.278757896112504255e+01 5.566871388954555243e+07
3.219887854723219581e-05 4.947485264540647165e+01 5.325386309573835135e+07
3.235610821732968952e-05 4.690138081214696086e+01 5.139623601119974256e+07
3.232048633728382196e-05 4.502395753214601370e+01 5.008034263627079129e+07
3.457402501621103125e-05 4.319979442545636772e+01 4.861958343531297892e+07
3.423203820839554058e-05 4.207089429784221579e+01 4.776043746399267763e+07
3.397837004415468006e-05 4.152822743002610650e+01 4.739172332041978091e+07
3.619995009840929297e-05 4.095203660375487686e+01 4.681932440015471727e+07
3.552321725953771754e-05 4.100571708207858990e+01 4.681703256831688434e+07
3.515178193271036288e-05 4.155854747786779058e+01 4.722614104726098478e+07
3.735225179226889003e-05 4.198963702516277152e+01 4.734281585041472316e+07
3.638883385477531280e-05 4.303323682095622615e+01 4.800613335076389462e+07
3.591973846271672300e-05 4.453112172427857729e+01 4.901407799464164674e+07
3.806186106804715981e-05 4.582062811636998845e+01 4.963563007977564633e+07
3.692540422674796355e-05 4.772368171304242424e+01 5.077455736717893183e+07
3.640345414043468013e-05 5.004965415415416174e+01 5.219444160651563108e+07
3.849334860568152483e-05 5.205806605346199234e+01 5.312501928993899375e+07
3.727648376005664448e-05 5.468224219768130467e+01 5.453946713519451022e+07
3.673389334645958074e-05 5.769281023584574797e+01 5.617423507101308554e+07
3.867518301991607440e-05 6.027590899283206483e+01 5.724589587940117717e+07
3.738744776203367458e-05 6.347923650660844430e+01 5.877767122412989289e+07
3.681571678770071283e-05 6.702137593194139242e+01 6.047708981471408159e+07
3.855145988678357290e-05 7.001760316108519078e+01 6.156248754630090296e+07
3.720872339809582694e-05 7.362598119450781553e+01 6.308617015563824773e+07
3.660392487175280013e-05 7.750642402168536194e+01 6.473006515766236931e+07
3.815123962400893668e-05 8.069709951316330887e+01 6.571448318945346773e+07
3.676294657851335128e-05 8.447753909099832015e+01 6.711948160178619623e+07
3.611920409912502912e-05 8.844823935442168761e+01 6.860647274923171103e+07
3.738768486805998866e-05 9.162252834860416328e+01 6.943742674903765321e+07
3.599780271890926808e-05 9.532970009182895410e+01 7.065751427830688655e+07
3.532963033160392232e-05 9.912472636718536023e+01 7.192205500713862479e+07
3.643799991112766241e-05 1.019733454709434284e+02 7.251006840691384673e+07
3.513907154382976298e-05 1.052428312899899367e+02 7.343047584519775212e+07
3.449200929404758832e-05 1.084832765723723753e+02 7.435989633801604807e+07
3.549699035145167800e-05 1.106440324868020610e+02 7.460597419867135584e+07
3.429337242686069802e-05 1.131245586338055489e+02 7.514360165527786314e+07
3.366882614605996572e-05 1.154935655649145616e+02 7.567827446089489758e+07
3.459711130710220125e-05 1.167078371402779879e+02 7.554839548388957977e+07
3.358550863206749890e-05 1.181102367424430639e+02 7.564588953937307000e+07
3.304136105492748297e-05 1.193426239971056475e+02 7.573286617106179893e+07
3.394464355524257662e-05 1.194200782954696507e+02 7.519745770687684417e+07
3.304331892586252095e-05 1.196651217258125257e+02 7.488355626545004547e+07
3.253657202176218687e-05 1.197772213264842236e+02 7.459087291557678580e+07
3.336476676514785628e-05 1.188563664654805052e+02 7.376302033915017545e+07
3.251199231300944625e-05 1.181567391446233870e+02 7.317929990551015735e+07
3.201194328353220570e-05 1.174114143906948868e+02 7.266006728907260299e+07
3.277512525993429859e-05 1.157856145124105609e+02 7.168705510929067433e+07
3.194920538134729342e-05 1.144507559301222841e+02 7.098044644051773846e+07
3.144849156550985571e-05 1.131616827192362393e+02 7.037420894498288631e+07
3.214561042889554622e-05 1.111474765703401033e+02 6.938486616744907200e+07
3.132542650091974814e-05 1.094889848775868302e+02 6.867965279069353640e+07
3.081644794474571987e-05 1.079516954479180271e+02 6.809971648925082386e+07
3.146742954904383817e-05 1.058105226559553245e+02 6.718365660730424523e+07
3.069106131398024806e-05 1.040411428140547940e+02 6.654332449807389081e+07
3.020071128089690858e-05 1.024322172437233007e+02 6.603439584656061977e+07
3.086011169118851703e-05 1.002928142308331729e+02 6.520806851865539700e+07
3.013740534419801553e-05 9.852654032404414863e+01 6.464463520472010225e+07
2.967454752724168598e-05 9.694667591852271471e+01 6.421447231386670470e+07
3.033689284025501567e-05 9.490522445546476149e+01 6.348589585240762681e+07
2.966961801208613752e-05 9.322991044444073339e+01 6.300635709696872532e+07
2.923789569715533907e-05 9.175619436752516833e+01 6.265931276706054062e+07
2.989560042894393434e-05 8.988308227267876305e+01 6.203293907680378109e+07
2.926340712278933587e-05 8.837227818428708304e+01 6.164805596530063450e+07
2.885256869116671952e-05 8.707266633768480801e+01 6.139549261976470798e+07
2.941382780969223842e-05 8.546542945824276671e+01 6.090956431156720221e+07
2.873187867124198414e-05 8.424037019883614619e+01 6.067939237429974973e+07
2.829205841021609276e-05 8.323363079490245298e+01 6.058553283186167479e+07
2.874205201623030240e-05 8.197713074539485945e+01 6.028948551008085907e+07
2.801316059151623484e-05 8.109369457898597489e+01 6.024912482461498678e+07
2.754614491759569179e-05 8.041035242021527552e+01 6.033613575538017601e+07
2.793243168716336118e-05 7.948272441347137374e+01 6.022064516595327109e+07
2.719195144361417598e-05 7.889122222763387526e+01 6.034356384731432796e+07
2.671775165757872393e-05 7.846494477211579976e+01 6.057487541225758195e+07
2.697108146785141613e-05 7.782336252002525612e+01 6.062531705444430560e+07
2.626146618797395776e-05 7.745541791945221632e+01 6.087799571540127695e+07
2.580494729321599888e-05 7.720181229342381357e+01 6.120893003809348494e+07
2.596258905566914760e-05 7.673950099105557854e+01 6.136673757061257213e+07
2.529229724567710896e-05 7.648890129311571684e+01 6.169019286158648133e+07
2.485675535769711354e-05 7.630425053328828255e+01 6.206316533936134726e+07
2.493759334587632653e-05 7.591189655905601796e+01 6.226774792509263754e+07
2.427032873997341759e-05 7.569370333638798343e+01 6.261981755383227766e+07
2.382951793522898162e-05 7.550928407730718561e+01 6.300499415976745635e+07
2.376523351052134425e-05 7.515245654871787906e+01 6.325630535389869660e+07
2.313646366456034598e-05 7.491134849978975296e+01 6.361925260244291276e+07
2.271263875483524458e-05 7.465904450017282556e+01 6.398842637008101493e+07
2.257522203115142943e-05 7.423657691707721540e+01 6.423218791118726134e+07
2.200428648341821718e-05 7.386870910104244103e+01 6.454736988261284679e+07
2.160972166703887108e-05 7.344852922130357342e+01 6.484249358822237700e+07
2.140963885967123761e-05 7.286845725561859410e+01 6.502593119206637889e+07
2.088099959859010592e-05 7.230163952837745001e+01 6.525336759684711695e+07
2.050444761964270550e-05 7.165883385181422227e+01 6.544540053097502142e+07
2.027136382911843339e-05 7.086364114137792569e+01 6.553393453327456862e+07
1.985741398263573881e-05 7.001688747397584223e+01 6.561126473316883296e+07
1.955245168950518736e-05 6.906374388405596676e+01 6.562440913155301660e+07
1.933671908749729323e-05 6.796702396951917535e+01 6.553580924272599816e+07
1.910455806001424108e-05 6.675206612571639653e+01 6.536470880947291106e+07
1.892014722461343959e-05 6.541407258490394838e+01 6.509946041082205623e+07
1.876815390138056227e-05 6.396014877133329435e+01 6.473888354124371707e+07
1.863704932363290716e-05 6.240651009601680244e+01 6.428958601758319885e+07
1.851830146984895353e-05 6.077492466168937568e+01 6.376331229225038737e+07
1.840575301672199972e-05 5.908985945259096439e+01 6.317480570541584492e+07
1.829512644744220825e-05 5.737628331023763906e+01 6.254013540496610850e+07
1.818362145772496372e-05 5.565806757714553044e+01 6.187543858404047042e+07
1.806958399169981589e-05 5.395690870918618742e+01 6.119602327734071761e+07
1.795223183865360823e-05 5.229168635865188008e+01 6.051577376004097611e+07
1.783143025721838207e-05 5.067816567200375033e+01 5.984679889995059371e+07
1.770750683892013602e-05 4.912895789726031381e+01 5.919926886535334587e+07
1.758110349106995493e-05 4.765366117714435745e+01 5.858138987442729622e+07
1.745305828190519149e-05 4.625911671402332104e+01 5.799947533124011010e+07
1.732431318248767673e-05 4.494972864285276160e+01 5.745807945897249877e+07
1.719584607701723451e-05 4.372780821337781276e+01 5.696016626571116596e+07
1.706861786072080760e-05 4.259391595049415713e+01 5.650729589327321202e+07
1.694353476091795793e-05 4.154718365537701885e+01 5.609981455415367335e+07
1.682142298958803808e-05 4.058560559706180015e+01 5.573703889243242145e+07
1.670301259446619989e-05 3.970629401678609582e+01 5.541742942416780442e+07
1.658892891740694118e-05 3.890569780728859683e+01 5.513875002940194309e+07
1.647968891302768090e-05 3.817978604504000373e+01 5.489821269979997724e+07
1.637570208083923739e-05 3.752419931116592267e+01 5.469260735884054005e+07
1.627727426461556576e-05 3.693437266472843561e+01 5.451841752513064444e+07
1.618461353273864447e-05 3.640563437950063985e+01 5.437192288995198160e+07
1.609783741892268003e-05 3.593328444908542707e+01 5.424928998060254008e+07
1.601698106229021407e-05 3.551265649994366669e+01 5.414665199031284451e+07
1.594200554097402879e-05 3.513916647107328117e+01 5.406017890953135490e+07
1.587280670123815469e-05 3.480835065071842394e+01 5.398613857498600334e+07
1.580922361816939907e-05 3.451589548399659435e+01 5.392094947142611444e+07
1.575104710648311460e-05 3.425766087750508859e+01 5.386122565040134639e+07
1.569802782807345811e-05 3.402969846790259822e+01 5.380381420940019190e+07
1.564988384425743123e-05 3.382826598121316408e+01 5.374582571298643947e+07
1.560630785518584855e-05 3.364983841263165942e+01 5.368465774732045084e+07
1.556697416257710247e-05 3.349111651176720983e+01 5.361801177088568360e+07
1.553154469854413355e-05 3.334903305804171225e+01 5.354390374127013981e+07
1.549967479897384847e-05 3.322075705303890913e+01 5.346066869874453545e+07
1.547101837611788956e-05 3.310369596474428988e+01 5.336695971451048553e+07
1.544523258740594784e-05 3.299549607104280824e+01 5.326174162846256047e+07
1.542198186528229964e-05 3.289404095802647987e+01 5.314428012864536047e+07
1.540094170354222770e-05 3.279744811673204197e+01 5.301412660545545816e+07
1.538180143518391041e-05 3.270406381068242041e+01 5.287109961844751984e+07
1.536426697867911107e-05 3.261245614045683539e+01 5.271526339467757940e+07
1.534806283915901608e-05 3.252140647139549401e+01 5.254690413909034431e+07
1.533293377288306349e-05 3.242989931942020831e+01 5.236650475370689481e+07
1.531864598268528640e-05 3.233711086789712397e+01 5.217471861491431296e+07
1.530498790225013513e-05 3.224239631152926222e+01 5.197234301057897508e+07
1.542732701823170422e-05 3.211020269129387827e+01 5.170381737882226706e+07
1.549388081118770839e-05 3.195986754753563375e+01 5.140199048951242119e+07
1.553951491611797172e-05 3.180090498889627781e+01 5.108202215178322047e+07
1.578522383223491456e-05 3.158573019219302580e+01 5.066764631542281806e+07
1.590975060067042750e-05 3.135519202048053700e+01 5.022474103047875315e+07
1.599364269115538187e-05 3.112660650829907638e+01 4.977877008676800132e+07
1.633805943576737186e-05 3.084116647968206948e+01 4.923442958567293733e+07
1.648292210895863327e-05 3.056060751602708336e+01 4.868964784115108103e+07
1.657584788745054735e-05 3.030465170033141575e+01 4.817207368215337396e+07
1.702403852137599819e-05 2.999437926592722903e+01 4.755444586686400324e+07
1.718256352797997220e-05 2.971175092471820633e+01 4.696613043254075944e+07
1.728001751090459554e-05 2.947685548979664105e+01 4.643421382804789394e+07
1.784106336780707242e-05 2.918886522171964160e+01 4.579808957012713701e+07
1.801296156282913627e-05 2.894923690868048993e+01 4.521710936639418453e+07
1.811549598464611702e-05 2.877758859105988165e+01 4.471665672041670233e+07
1.876504813693222925e-05 2.855800704979539617e+01 4.411505511530268192e+07
1.891994928736585689e-05 2.840953213641699548e+01 4.359724443803118169e+07
1.900855908988883798e-05 2.834780920879381583e+01 4.318141614179302752e+07
1.969072575513585195e-05 2.824882337166359392e+01 4.267726122170569003e+07
1.976921744751034904e-05 2.824761478311665286e+01 4.229044925736966729e+07
1.980835015214960928e-05 2.835014940087198809e+01 4.202324617318885028e+07
2.046245895133376997e-05 2.842676156814157196e+01 4.168209361015950143e+07
2.041919514477716740e-05 2.862618915234612871e+01 4.148701045386224240e+07
2.038449441999572493e-05 2.894093765660696604e+01 4.141944655106801540e+07
2.098351195971476007e-05 2.923305455207497161e+01 4.128083216989407688e+07
2.082573980064389654e-05 2.966258416155372046e+01 4.129961530387875438e+07
2.072545700622746659e-05 3.020934132420800111e+01 4.143952519092377275e+07
2.126579010191486011e-05 3.072640690959017462e+01 4.149875244163371623e+07
2.103013174916178193e-05 3.138245269837440432e+01 4.170875823442343622e+07
2.088831467155128794e-05 3.214706854253866197e+01 4.202163914810654521e+07
2.138993673531474127e-05 3.286210803259604063e+01 4.223219587541979551e+07
2.112528441214875485e-05 3.370343052831636754e+01 4.257219594329334795e+07
2.097167467484824561e-05 3.463388177675261659e+01 4.298909985423725098e+07
2.146953696793072231e-05 3.548060157263927294e+01 4.327235634268909693e+07
2.121323105052441780e-05 3.642962089578283980e+01 4.365718848181040585e+07
2.106896273641887445e-05 3.744074657708215881e+01 4.409210144539181888e+07
2.149780569165298259e-05 3.834832922593892590e+01 4.438783987519712746e+07
2.122104617998042507e-05 3.933944761455661876e+01 4.477007620920311660e+07
2.106404074379010676e-05 4.036816818158555265e+01 4.518497099239000678e+07
2.142238874674669651e-05 4.127266413837594428e+01 4.545835513715460151e+07
2.111937469879897154e-05 4.224170048247933806e+01 4.580747130388334394e+07
2.094311582814040640e-05 4.322381838574068524e+01 4.617619595234232396e+07
2.123713186534447665e-05 4.406013895477425280e+01 4.640225886671689898e+07
2.089222866679383935e-05 4.494690973621371910e+01 4.670119339112048596e+07
2.068358047114850906e-05 4.582644162567598300e+01 4.701321281334123760e+07
2.091311775143487206e-05 4.654114656649380777e+01 4.718392921945748478e+07
2.059643213079208438e-05 4.727070028810351943e+01 4.740362338332082331e+07
2.040138756654848859e-05 4.796194836830217412e+01 4.761984936911167949e+07
2.059187254804730011e-05 4.847138706814735798e+01 4.769641041054340452e+07
2.030421208314520541e-05 4.896760060212874066e+01 4.780542045696808398e+07
2.012193114163810442e-05 4.940507350117819385e+01 4.790269658641619980e+07
2.024919757124527512e-05 4.966698671147225497e+01 4.787914859579122066e+07
1.996156559874328365e-05 4.990755372911927878e+01 4.788684788813916594e+07
1.977135782687008096e-05 5.008586318533230752e+01 4.788559404341678321e+07
1.980347578158455726e-05 5.011741352363191027e+01 4.779655521707500517e+07
1.948328414761877755e-05 5.013655762301473118e+01 4.774877373771161586e+07
1.926234266463918289e-05 5.010158688855082687e+01 4.770082388961203396e+07
1.923798894367926250e-05 4.993761144698675736e+01 4.758195843226794899e+07
1.891497048850383198e-05 4.976103161111387152e+01 4.750254821120342612e+07
1.868463229939914836e-05 4.953402366642981036e+01 4.742426316306553781e+07
1.860146179581639335e-05 4.920143601192462768e+01 4.729370706537998468e+07
1.829585993746628769e-05 4.885156550362245298e+01 4.719406743916594982e+07
1.807127717945660624e-05 4.845320099298764660e+01 4.709261023406524211e+07
1.793902949455457719e-05 4.797374879341411003e+01 4.695603873387040943e+07
1.767630514293147607e-05 4.746714996163303368e+01 4.683451102123609185e+07
1.747711963586987753e-05 4.691215497661240619e+01 4.670395306350843608e+07
1.732722016643849496e-05 4.629526093395242725e+01 4.654810855350791663e+07
1.714170547483027428e-05 4.563675885198506421e+01 4.638361898395330459e+07
1.699257824073500055e-05 4.493053706490912447e+01 4.620003759969092906e+07
1.686949675721441792e-05 4.417598008749922656e+01 4.599224757011572272e+07
1.676448100031995131e-05 4.337720151245516576e+01 4.575934307489671558e+07
1.667144321816034421e-05 4.254151450616316765e+01 4.550338813754693419e+07
1.658582036121080463e-05 4.167817796475612369e+01 4.522841511384053528e+07
1.650427886833380351e-05 4.079739352928775276e+01 4.493962754258265346e+07
1.642447308478577322e-05 3.990953036137612742e+01 4.464277932597722858e+07
1.634484373611000250e-05 3.902455316489491821e+01 4.434370586662909389e+07
1.626444983213685342e-05 3.815162566574181113e+01 4.404798362011662126e+07
1.618282808442877158e-05 3.729886051381350853e+01 4.376069595198350400e+07
1.628354310717084551e-05 3.642068531186743030e+01 4.342368829852225631e+07
1.632739235730048987e-05 3.554900137147360795e+01 4.306931720120359957e+07
1.633692013314947368e-05 3.470591931932886354e+01 4.271875545125927031e+07
1.657914986212496959e-05 3.383863676772651985e+01 4.230190818951983005e+07
1.667957328093894618e-05 3.300293897413295952e+01 4.188310966443262249e+07
1.672611318339544485e-05 3.222361985610276491e+01 4.148924642715872824e+07
1.701387986886849685e-05 3.144767225110604869e+01 4.104902719495976716e+07
1.707880760829169902e-05 3.074281044281548603e+01 4.064822676260235906e+07
1.709757992101100201e-05 3.012381368637498369e+01 4.030466721863988042e+07
1.732991420653206708e-05 2.954168050970800508e+01 3.995287561178202182e+07
1.729048238513509057e-05 2.906320006724512339e+01 3.968378131723798811e+07
1.723826787775327405e-05 2.868733370484004652e+01 3.949665071534872800e+07
1.736195469532442849e-05 2.836973925521282425e+01 3.933262028553760797e+07
1.718404598419426624e-05 2.817445571278118166e+01 3.928283248400506377e+07
1.704121176972247360e-05 2.808470158034674213e+01 3.932539650154648721e+07
1.704319624381970318e-05 2.805957522471931753e+01 3.940604559039522707e+07
1.676377181000403901e-05 2.815465884597953661e+01 3.960570609179133177e+07
1.655716964487609978e-05 2.834272974819882762e+01 3.988762989058074355e+07
1.646886265771319957e-05 2.858636383302726713e+01 4.020260421782541275e+07
1.616228898442975497e-05 2.892703578587614999e+01 4.061236786635334045e+07
1.594318394566326299e-05 2.933292092196947820e+01 4.107455366698896140e+07
1.580592549560675891e-05 2.977307757977233038e+01 4.155043360701671988e+07
1.552919397850941607e-05 3.027158643485426381e+01 4.207840683084943891e+07
1.533639284750668179e-05 3.079577976019477603e+01 4.261739528203658015e+07
1.520847878090195610e-05 3.131743681006194180e+01 4.313485176716504991e+07
1.510361377623372657e-05 3.182057530380702914e+01 4.361567752241384983e+07
1.504150972683035045e-05 3.228507015926237500e+01 4.403927995809458196e+07
1.501181491660296411e-05 3.269501530695822566e+01 4.439113345761797577e+07
1.500598143693681588e-05 3.303868444837718243e+01 4.466213994013998657e+07
1.501694897048913753e-05 3.330822642120043042e+01 4.484787947903914005e+07
1.503891029604199271e-05 3.349931843181534674e+01 4.494787161549319327e+07
1.506713224149271449e-05 3.361076678970447063e+01 4.496484723319162428e+07
1.509781007099578972e-05 3.364406267531228423e+01 4.490404490877910703e+07
1.515932704464279649e-05 3.359435795715878470e+01 4.476115498312360048e+07
1.520988202942834094e-05 3.347057575758928749e+01 4.454917113604226708e+07
1.524969916373121592e-05 3.328240652258195809e+01 4.428076705828376114e+07
1.544945550407767081e-05 3.299432435036397493e+01 4.390760287542627752e+07
1.557353908145485145e-05 3.264083023249877158e+01 4.347366542651512474e+07
1.565940255413724146e-05 3.224484665654722448e+01 4.300535345740431547e+07
1.594589290428877361e-05 3.176628797347122557e+01 4.244503855363430083e+07
1.608311602982721389e-05 3.126127685842833515e+01 4.186331211298566312e+07
1.616885294554487701e-05 3.075543221915631165e+01 4.128845005256211013e+07
1.647332147866578366e-05 3.020565841712167199e+01 4.065772009508287907e+07
1.656318804993848226e-05 2.967845631410596852e+01 4.005623946183792502e+07
1.660804246894825037e-05 2.919172353436753298e+01 3.950274752413614839e+07
1.688134430878023408e-05 2.869790173499525920e+01 3.892935638582894206e+07
1.689623971382792523e-05 2.826424792426313104e+01 3.842450935106621683e+07
1.688627866852431225e-05 2.789737290878699483e+01 3.799339713063603640e+07
1.712452833482331325e-05 2.754282614893975989e+01 3.756009501424551755e+07
1.705712082735211412e-05 2.727041926989741327e+01 3.721868946161688864e+07
1.699199538719902691e-05 2.707628827296942120e+01 3.696130600070793182e+07
1.714171872493041516e-05 2.691077204961604252e+01 3.671970684433588386e+07
1.698889618895669431e-05 2.683693698027554930e+01 3.657997443546977639e+07
1.686941847029309975e-05 2.684137047841022650e+01 3.652217631369972974e+07
1.693197695829587232e-05 2.687903260273880690e+01 3.648554785635242611e+07
1.671788384236645112e-05 2.700494307130209393e+01 3.654564079270619154e+07
1.656164084735603972e-05 2.719887559042283698e+01 3.667428487954524904e+07
1.652883838136432013e-05 2.742610665478193965e+01 3.682611199232786894e+07
1.624586155080428852e-05 2.773540886675057493e+01 3.706827185586494952e+07
1.604496740298774865e-05 2.809895489639588462e+01 3.736396184747178853e+07
1.591435700788464719e-05 2.849101689140634264e+01 3.768183234001213312e+07
1.561502920799633454e-05 2.894231702963113761e+01 3.806553403370489925e+07
1.540504273845055093e-05 2.942086810038304279e+01 3.847551497400508821e+07
1.527171488484512462e-05 2.989732851077515363e+01 3.887821882329662144e+07
1.509804569611343960e-05 3.037276744772277937e+01 3.928018485763769597e+07
1.498218635757004116e-05 3.082359858866098179e+01 3.965583924400169402e+07
1.495047840187091435e-05 3.122036158692977281e+01 3.997308257289934903e+07
1.490343983333444278e-05 3.156208154966945045e+01 4.023631151800308377e+07
1.488264269013373982e-05 3.183819796745086350e+01 4.043668236338061094e+07
1.519750141610396379e-05 3.195915860428501531e+01 4.046501494719126821e+07
1.543626962724275960e-05 3.195613622052185576e+01 4.036474021397113055e+07
1.562062744414883896e-05 3.185689431404556871e+01 4.017046402597025782e+07
1.653537296296985788e-05 3.149280042759121301e+01 3.966826920278903097e+07
1.716884657513861686e-05 3.098015457773631809e+01 3.900255650675021112e+07
1.760002078549589751e-05 3.040624997879238833e+01 3.827391882619833946e+07
1.915656005237105044e-05 2.955289064575793390e+01 3.719966879953714460e+07
2.003603596321274017e-05 2.864272687520227478e+01 3.605379456003178656e+07
2.056490310240691532e-05 2.778951547954009982e+01 3.496670449946559221e+07
2.255258586286059864e-05 2.674519738449962603e+01 3.361893751807776839e+07
2.337906230907237884e-05 2.578927051915115243e+01 3.235961072914707661e+07
2.381272177378297860e-05 2.500533800214574498e+01 3.128403756514799222e+07
2.599820055778100225e-05 2.411944925880819568e+01 3.004650377560330555e+07
2.653462670162469464e-05 2.342759814572305643e+01 2.901886614349132776e+07
2.677253360964143195e-05 2.296456851869825755e+01 2.823534658205172420e+07
2.908564805353158048e-05 2.243088437710806460e+01 2.732554184151776135e+07
2.924907493641905660e-05 2.214408889237328992e+01 2.668101614329195768e+07
2.928840790075210691e-05 2.210158945636050731e+01 2.628568696871145815e+07
3.159129600693368225e-05 2.199512188169113358e+01 2.576857441533540934e+07
3.135977669690638472e-05 2.216628656185243784e+01 2.553378278339754418e+07
3.121850714104884643e-05 2.258459598301381277e+01 2.552777617829858139e+07
3.337835527486920044e-05 2.293726445202283415e+01 2.539060031477483362e+07
3.277175162110456362e-05 2.359706968779320135e+01 2.553782433089740574e+07
3.247225723786241648e-05 2.450797094889741601e+01 2.588592772667924687e+07
3.438584854316795809e-05 2.534814383094869328e+01 2.608817454387522489e+07
3.339568151726834093e-05 2.653959746502009409e+01 2.658152767600166798e+07
3.292985757042331366e-05 2.799276244358164334e+01 2.725033082257796451e+07
3.446704066531609925e-05 2.937349393046898527e+01 2.776369766418794915e+07
3.317138771105328996e-05 3.115381590568338765e+01 2.857098122619776428e+07
3.256269393350739462e-05 3.320319207976377385e+01 2.952622413817223534e+07
3.378732305868558386e-05 3.515131891971646638e+01 3.029836868049718812e+07
3.235223392854857439e-05 3.752822281566509588e+01 3.135109963294075057e+07
3.166636816826702322e-05 4.016055320475286550e+01 3.251695494845388830e+07
3.238602813075109016e-05 4.268911858484482025e+01 3.350810781932868063e+07
3.083211603241449016e-05 4.566715648069772016e+01 3.476779078821476549e+07
3.005625308606514105e-05 4.886551309486470274e+01 3.610504303342976421e+07
3.037943281037583810e-05 5.191939181496067590e+01 3.725995045660090446e+07
2.887533352372529405e-05 5.537424058918973202e+01 3.863823842915299535e+07
2.808669358971752192e-05 5.895481214567419670e+01 4.004171085409235209e+07
2.810452823055234440e-05 6.230923124399456725e+01 4.124896392056164891e+07
2.664046738580348348e-05 6.597691753083839217e+01 4.263683042534267902e+07
2.581951554916261026e-05 6.963908284344273625e+01 4.400317427845788747e+07
2.556841074673536063e-05 7.297023803145064846e+01 4.516637411610823125e+07
2.438674190188822762e-05 7.636460918684197452e+01 4.639559654925239086e+07
2.369001392480157383e-05 7.951557175846451742e+01 4.752019665006644279e+07
2.335756121285240155e-05 8.216259695396044549e+01 4.841220305349213630e+07
2.245361662972411885e-05 8.458365739955371509e+01 4.926085427085401118e+07
2.189202215610394715e-05 8.652979296661304431e+01 4.993956392913923413e+07
2.155922083667426614e-05 8.782647045267040653e+01 5.036972738491517305e+07
2.092993480495256454e-05 8.864943000097764525e+01 5.066858083985564858e+07
2.051696428211417417e-05 8.885568091268099522e+01 5.076412021299948543e+07
2.026421692290063326e-05 8.836113264899445596e+01 5.061488492192962766e+07
2.001410437029042379e-05 8.721504876247456650e+01 5.024755787914828211e+07
1.983821936537391074e-05 8.544091162978347143e+01 4.966621686742559075e+07
1.970577642319674034e-05 8.310174017558877324e+01 4.889134037450850755e+07
1.959421596017888386e-05 8.028859076430379105e+01 4.795425217539014667e+07
1.948742479250686633e-05 7.710759212082609793e+01 4.689191939516166598e+07
1.937439215483680976e-05 7.366887633262271606e+01 4.574283145725293458e+07
1.924813476081175517e-05 7.007799437739039661e+01 4.454398126738461107e+07
1.910480389033245360e-05 6.642998370504582795e+01 4.332887006825072318e+07
1.907305095262038676e-05 6.274679715965437765e+01 4.208673781709007919e+07
1.897402635059170336e-05 5.913318767473083426e+01 4.086450135954933614e+07
1.883692618137955632e-05 5.565927437691981794e+01 3.969199241508938372e+07
1.878506608560568747e-05 5.232870101811314356e+01 3.855790135189999640e+07
1.862093476645561394e-05 4.921692459767895400e+01 3.750765649572303891e+07
1.843160601087724941e-05 4.634559988115092466e+01 3.655343280336349458e+07
1.829398538811465060e-05 4.369983354247620611e+01 3.568333145756589621e+07
1.802466734056572747e-05 4.132133814254751059e+01 3.493432474790176749e+07
1.776352007129988430e-05 3.919382047100440047e+01 3.429969573654665053e+07
1.752273001922957188e-05 3.729556571260492603e+01 3.376930197150013596e+07
1.715240381059788958e-05 3.564681323599673135e+01 3.337171597911568359e+07
1.682695768175762111e-05 3.421254062718942635e+01 3.308627534955319762e+07
1.654074854443408977e-05 3.296268620745716049e+01 3.289546979613085091e+07
1.624160869345664027e-05 3.188444741447760578e+01 3.279683397635368258e+07
1.597851179955604549e-05 3.095363348434194961e+01 3.277501793507856876e+07
1.574659977861064551e-05 3.014997691820934733e+01 3.281696471208372340e+07
1.554186717688528808e-05 2.945665357599060741e+01 3.291151741029037163e+07
1.536098080109543954e-05 2.885952056059071680e+01 3.304900599664123729e+07
1.541175788162395282e-05 2.829842029386447066e+01 3.316454321079079434e+07
1.541891498448058449e-05 2.778556067573240895e+01 3.327408112890183553e+07
1.540613882696162274e-05 2.732693822853079624e+01 3.338592382031153142e+07
1.600376305049566207e-05 2.679171065813374142e+01 3.333918000562474504e+07
1.641269974804688829e-05 2.624363056370150105e+01 3.320910970460552350e+07
1.668275173592979877e-05 2.572879480460479940e+01 3.304989251429525018e+07
1.791089122609028190e-05 2.507386510925722334e+01 3.263501324560888857e+07
1.863307849149321496e-05 2.441844274252371250e+01 3.214209718343836442e+07
1.907820786943939008e-05 2.383589169359481374e+01 3.166387884540799260e+07
2.082400931884746762e-05 2.312127034734328035e+01 3.092736123761808500e+07
2.159681676868494758e-05 2.247977383535062756e+01 3.020931436391470209e+07
2.202515551584904226e-05 2.197675012742478273e+01 2.959658683567019925e+07
2.400652099817080057e-05 2.138914966461531719e+01 2.879177633592404053e+07
2.457803910947807755e-05 2.094901509489052316e+01 2.811483866064997762e+07
2.485896972305839519e-05 2.069214213645777534e+01 2.761140807734008133e+07
2.686696344013930299e-05 2.038593245386928032e+01 2.697293299565084651e+07
2.707953072140319492e-05 2.027907042819920846e+01 2.653598416940727830e+07
2.716063372423899668e-05 2.037596862657935404e+01 2.629746038313615695e+07
2.905532795232089086e-05 2.043965077141650255e+01 2.594922415978061035e+07
2.883981997246669527e-05 2.074226323551406637e+01 2.584146153279399127e+07
2.871136267950025588e-05 2.125976662367359538e+01 2.592769027811005339e+07
3.044562302753851319e-05 2.174275747977590711e+01 2.589825073432086781e+07
2.987108274586648310e-05 2.249662414925297682e+01 2.611980988511331752e+07
2.957908549254828501e-05 2.347335303671673046e+01 2.651474487202996761e+07
3.086361676151314412e-05 2.443992053947388499e+01 2.681275252002298087e+07
2.990531124972092185e-05 2.572302571064899013e+01 2.737241253927658498e+07
2.942837850417914759e-05 2.724108171629666941e+01 2.808225852367204428e+07
3.027210526203193066e-05 2.876255606630374828e+01 2.869769776069128141e+07
2.904120729222942106e-05 3.064239713503920015e+01 2.957313541844175383e+07
2.841743538362988435e-05 3.276029916781806861e+01 3.056911215852890164e+07
2.878346282103200971e-05 3.489557328179422058e+01 3.147767701240311563e+07
2.730160724052649329e-05 3.743588843720033310e+01 3.265031555019963160e+07
2.650920848956742060e-05 4.020819727697534063e+01 3.391697830420515686e+07
2.641189543671361962e-05 4.300150794133659815e+01 3.510391539374990016e+07
2.497111638467002743e-05 4.616439959125538195e+01 3.650337798495378345e+07
2.415826794642765083e-05 4.948114589802872132e+01 3.793845371227546781e+07
2.378295778625839582e-05 5.275697562081661118e+01 3.927514540471532196e+07
2.247937564671941498e-05 5.628190531170809408e+01 4.074705405658432096e+07
2.169658112979538128e-05 5.980580784581665910e+01 4.218265308111899346e+07
2.128588403855993674e-05 6.310213712600677383e+01 4.345019017119499296e+07
2.034968788308307651e-05 6.634660122764083212e+01 4.470129696101962775e+07
1.976836555731357393e-05 6.930369231368365490e+01 4.580282653287814558e+07
1.976065492430630906e-05 7.161172327034923057e+01 4.655235014755304158e+07
1.949127110986959385e-05 7.337080282453568714e+01 4.705154707689440250e+07
1.935580803739879208e-05 7.448910329716866840e+01 4.726653950909577310e+07
2.028962166747151405e-05 7.440143933501028073e+01 4.686146506268981099e+07
2.091344414750734109e-05 7.340266985971717872e+01 4.603530974042645097e+07
2.134964015678261957e-05 7.173703042264807550e+01 4.493223704206757247e+07
2.351453729697761293e-05 6.874887081494634344e+01 4.312395774538919330e+07
2.478613582007695938e-05 6.520912937340477811e+01 4.106543587483917177e+07
2.550344885015294748e-05 6.158752661416247776e+01 3.901271150058428943e+07
2.851566115166954206e-05 5.721422906902797934e+01 3.650849750156193227e+07
2.975481197201988742e-05 5.304474740117558440e+01 3.413132383958479017e+07
3.030776624522707176e-05 4.938113174711436670e+01 3.205109049168628827e+07
3.367159486792155380e-05 4.548674689311616959e+01 2.977869478220319003e+07
3.440679161112165338e-05 4.220409205047999990e+01 2.785877373527747393e+07
3.462837436419182173e-05 3.959049082799193542e+01 2.632638359273931384e+07
3.829478740885305509e-05 3.687668265797564970e+01 2.467378589059939608e+07
3.839696736487837648e-05 3.483656902064511485e+01 2.342411035570835322e+07
3.832015910474933297e-05 3.339720782695115986e+01 2.252887176076519862e+07
4.197103166114746729e-05 3.186181739742842467e+01 2.152231241033123061e+07
4.136012273033409168e-05 3.095721845856082410e+01 2.090204161781590804e+07
4.101284528280643666e-05 3.054650139632344974e+01 2.057068597412998229e+07
4.454223448295316335e-05 2.998999293985805181e+01 2.009817309565573186e+07
4.331484541067234773e-05 3.002114045238256779e+01 1.998132770142773911e+07
4.276227282299930785e-05 3.046878847343294439e+01 2.009462025075025856e+07
4.575485890093805260e-05 3.076253667940329350e+01 2.005992420944460854e+07
4.380087953161245878e-05 3.166664187471129566e+01 2.037904709640709683e+07
4.298253881902972071e-05 3.295341278418106157e+01 2.088800303640790656e+07
4.544189100009993443e-05 3.405591068980756120e+01 2.122497446502322704e+07
4.306671143843404751e-05 3.580228317567205210e+01 2.190946053154713288e+07
4.207869772081542864e-05 3.791241228578454070e+01 2.274932235377182811e+07
4.386535634537565965e-05 3.982481253721802261e+01 2.340654180350011587e+07
4.114899809239853121e-05 4.245303571531793807e+01 2.442180104200132936e+07
3.997614164250864674e-05 4.544017238222848931e+01 2.556791766906204075e+07
4.101048182101842869e-05 4.822726878211650359e+01 2.653208334397426248e+07
3.831848923542945925e-05 5.175117382236077646e+01 2.783541986646537483e+07
3.709128753010167145e-05 5.558881357024997527e+01 2.923248070190230757e+07
3.748753882166458196e-05 5.920205749300698983e+01 3.044714094044754654e+07
3.485508062209808603e-05 6.355503013086146780e+01 3.198436302217957005e+07
3.355784602293428946e-05 6.814499781104986198e+01 3.358002185858806223e+07
3.340694865494605952e-05 7.245872308935189210e+01 3.499469401089889556e+07
3.104076770550145221e-05 7.738765314897395342e+01 3.667374838844389468e+07
2.977266436377238901e-05 8.237853140542105734e+01 3.835536187428875268e+07
2.926510034256979244e-05 8.696382486824889213e+01 3.984355975015982985e+07
2.734048281952941237e-05 9.184257960532875131e+01 4.148080273415795714e+07
2.622351894735040309e-05 9.647084314138609784e+01 4.303524635780408978e+07
2.561227337309968503e-05 1.004375146852364367e+02 4.435182798530633003e+07
2.422604699017181238e-05 1.041870130607830873e+02 4.565341903629118949e+07
2.336640817805764084e-05 1.072765710769627532e+02 4.676709158486056328e+07
2.290044407225115029e-05 1.093563152220174999e+02 4.756586398291628808e+07
2.211511975204604884e-05 1.106526754572667954e+02 4.816724961857592314e+07
2.160764696814119164e-05 1.109506138522324079e+02 4.848864249566043168e+07
2.148680606962645258e-05 1.099961036468757669e+02 4.842370341779673100e+07
2.127681453959689528e-05 1.079803808994781491e+02 4.804884439662926644e+07
2.113276591293356365e-05 1.050031037171663257e+02 4.738955157402653247e+07
2.139223385535785323e-05 1.009568579607622070e+02 4.636896988458632678e+07
2.154669362949533933e-05 9.617217079319391360e+01 4.509939040850224346e+07
2.161103808150301203e-05 9.094765448990989398e+01 4.367756455392130464e+07
2.203968979662851191e-05 8.527461549727657086e+01 4.205635833405117691e+07
2.221055131144771588e-05 7.953739617859481825e+01 4.038206117555069178e+07
2.224076174455805991e-05 7.396859549937870781e+01 3.873906510769461095e+07
2.256083450639421472e-05 6.853163456713141954e+01 3.708395236544983089e+07
2.247678498027166446e-05 6.351038512822110249e+01 3.555239400031202286e+07
2.231538625147027358e-05 5.895712728862165619e+01 3.416908068102363497e+07
2.237939190588935002e-05 5.477805236446973680e+01 3.288231147043230012e+07
2.196567223521194437e-05 5.114402516855948733e+01 3.180144248672454804e+07
2.158934984540415456e-05 4.798866318532345332e+01 3.090071565299064294e+07
2.137062250166270861e-05 4.521109931187333331e+01 3.013184957126655430e+07
2.070515545320127161e-05 4.291021217561235801e+01 2.957773054463215172e+07
2.017328633755747678e-05 4.098333128947769666e+01 2.918809452496294305e+07
1.975800032940532242e-05 3.934822227289441798e+01 2.892248013195589185e+07
1.900333537378063754e-05 3.806348002308095602e+01 2.884036713968508318e+07
1.842094424801097468e-05 3.703482461921573332e+01 2.888740312037132680e+07
1.798701015158164480e-05 3.618734555149887200e+01 2.901903676871680096e+07
1.734043291752052705e-05 3.555570008002225535e+01 2.927440059029114991e+07
1.684354363207028643e-05 3.507175975986928051e+01 2.960835630346409976e+07
1.665213584361517789e-05 3.463227638373428618e+01 2.994158314620066434e+07
1.635747646911086620e-05 3.425865199814565898e+01 3.029682939062728360e+07
1.612988333838197782e-05 3.392520863531577646e+01 3.065459096375773475e+07
1.646570468708107325e-05 3.347778975455435813e+01 3.087584855704963952e+07
1.668463723305790080e-05 3.296708497284093653e+01 3.100328711228465661e+07
1.683221540145236200e-05 3.242994858287440252e+01 3.106656174169571698e+07
1.783007292426327754e-05 3.167522035357527344e+01 3.087608110205256194e+07
1.847181218436931913e-05 3.084252481762625564e+01 3.055874497645482421e+07
1.888004640960587650e-05 3.002266379041419597e+01 3.019643764146290347e+07
2.027443928764158777e-05 2.903156496353053129e+01 2.959826678987503797e+07
2.094104410315170478e-05 2.807828373348375806e+01 2.897260151580392942e+07
2.131933983998903246e-05 2.724165469759628166e+01 2.839786500046035647e+07
2.272400886112938798e-05 2.634232477061161859e+01 2.768779095098018274e+07
2.308589249911688156e-05 2.559899632218198207e+01 2.707492523932535574e+07
2.325546470178238836e-05 2.504003504863527141e+01 2.659020492628865689e+07
2.443827980947666715e-05 2.449009307911857292e+01 2.605087428446687013e+07
2.435128532962662284e-05 2.416265598925481584e+01 2.568879672277396917e+07
2.426177365196568255e-05 2.403936978054531437e+01 2.548319804437436163e+07
2.505341651962964450e-05 2.396575582889935774e+01 2.527179885727234930e+07
2.452723245292275257e-05 2.414463464621688971e+01 2.527085532390520722e+07
2.419883447707550780e-05 2.452487900553404288e+01 2.542088752321221679e+07
2.454220516243831089e-05 2.498105455066179559e+01 2.559043694091467932e+07
2.366059057006588348e-05 2.570820129536997101e+01 2.597849940573082119e+07
2.313128079654427980e-05 2.662989268613047145e+01 2.649845442960160226e+07
2.303868543427611544e-05 2.765096946620806406e+01 2.705312561149873957e+07
2.191443734141606642e-05 2.895750630250746838e+01 2.782232757226034254e+07
2.122426508773516139e-05 3.044879117047683081e+01 2.869996443800020590e+07
2.084586934297650673e-05 3.203811661939532485e+01 2.960443913702006266e+07
1.972453150552953285e-05 3.388261993200462285e+01 3.068214605743261054e+07
1.900900592250958404e-05 3.586358587316480850e+01 3.182261113940872997e+07
1.861892732768826453e-05 3.786377997676909501e+01 3.293000383022852242e+07
1.779468915625124364e-05 3.998022458477683472e+01 3.410024740089431405e+07
1.726198282671129785e-05 4.209080020645967579e+01 3.523909962650436163e+07
1.736627870528688265e-05 4.394164767021196383e+01 3.615471468631992489e+07
1.725874215067909706e-05 4.557148007606583917e+01 3.690520561308408529e+07
1.723778981774215096e-05 4.692400279629480764e+01 3.746533052998767048e+07
1.849194405712604525e-05 4.752573847242267391e+01 3.748113563051079214e+07
1.935671644407924294e-05 4.757390548558206689e+01 3.713299666399561614e+07
1.996279101584024125e-05 4.722985531195303821e+01 3.655236553758537769e+07
2.251413021626086461e-05 4.594542396499062420e+01 3.531729688415600359e+07
2.397745129115822236e-05 4.427860524292628241e+01 3.385694025052814931e+07
2.481250506208438139e-05 4.254730432698448084e+01 3.239597358577148989e+07
2.822364538368536089e-05 4.018472093262206357e+01 3.048942928002342209e+07
2.957102110501802072e-05 3.792097599207935588e+01 2.868315532602666318e+07
3.019166705901771248e-05 3.597160629942290200e+01 2.712176626227296516e+07
3.398929626165680446e-05 3.372195980399291670e+01 2.533379703586455807e+07
3.477113428519037873e-05 3.187147746733424114e+01 2.384420167558384314e+07
3.503615335314345832e-05 3.047203082501771476e+01 2.267973556177317351e+07
3.914968601983881668e-05 2.887962321323118786e+01 2.135807331818865612e+07
3.928396061618773358e-05 2.776888315788793449e+01 2.038238377178389579e+07
3.925000279309804040e-05 2.709593057535686356e+01 1.970808332436402515e+07
4.331709874208559242e-05 2.626188557941081925e+01 1.889639418057531863e+07
4.266401185064901922e-05 2.592736231903550603e+01 1.842707655405325815e+07
4.233465244202909200e-05 2.598455625140736203e+01 1.820752184007721767e+07
4.633086659362080226e-05 2.584829096462702225e+01 1.782374875981241092e+07
4.499811393708109535e-05 2.621967946674018890e+01 1.776382682620462403e+07
4.444351962200664499e-05 2.694790815304953213e+01 1.790582389066794142e+07
4.817089220951102586e-05 2.744774194799645173e+01 1.785715267843875661e+07
4.615623955875741013e-05 2.850077723409511421e+01 1.813123217007940263e+07
4.536797666062120001e-05 2.990026463584041139e+01 1.857333465487933159e+07
4.881252099447072281e-05 3.101111182283476353e+01 1.878684358665249497e+07
4.647019509329043414e-05 3.271523983399967506e+01 1.931303029137042910e+07
4.557240428459099688e-05 3.475723777544363458e+01 1.997683948384482041e+07
4.845833855584986803e-05 3.647403253208515395e+01 2.039728877210853994e+07
4.579213779398507567e-05 3.885862130986436114e+01 2.113761001457806304e+07
4.475308531902308330e-05 4.158027134399557667e+01 2.199336711037879810e+07
4.712014729626627174e-05 4.391161961500770872e+01 2.258299766633532196e+07
4.436421667599563809e-05 4.696481164329586733e+01 2.348864658132040873e+07
4.325421608292153087e-05 5.033308871933294171e+01 2.448458762504457310e+07
4.516295749858972554e-05 5.321475128338340710e+01 2.518791249115633219e+07
4.237152031745760179e-05 5.686607463903647641e+01 2.620606918719355389e+07
4.118830196141531701e-05 6.079238648971882242e+01 2.729211836575682089e+07
4.252780534628631002e-05 6.415297404131381143e+01 2.807916287078760192e+07
3.995880900879929568e-05 6.823447999535427755e+01 2.914552494350100681e+07
3.881121488251290463e-05 7.248694916023367796e+01 3.024393713918172568e+07
3.957029207044360453e-05 7.611591948482974601e+01 3.105675019836787507e+07
3.716799723291034935e-05 8.039025350169339390e+01 3.211757610659113154e+07
3.601958760627988593e-05 8.470651181950648834e+01 3.317937476493548229e+07
3.629788045383265237e-05 8.833024393600894086e+01 3.397077569050718844e+07
3.404741684002207495e-05 9.248138410408463983e+01 3.497716955049295723e+07
3.288313842096344272e-05 9.652219746709343440e+01 3.595738698253633082e+07
3.275312213043451889e-05 9.980536338287778619e+01 3.668796180260253698e+07
3.077621925001674028e-05 1.033809943268310576e+02 3.757102026092667878e+07
2.966960192171497220e-05 1.066412135341760035e+02 3.839141463342902809e+07
2.927814973297139653e-05 1.090617603282101697e+02 3.897770327910520136e+07
2.770883207761107322e-05 1.114163619948823225e+02 3.962061220309036970e+07
2.676487015431487106e-05 1.132145047087884251e+02 4.015391063712578267e+07
2.623877807060209018e-05 1.141276500817724155e+02 4.047367600110030174e+07
2.502562910508895769e-05 1.146769833209242933e+02 4.077243633977299929e+07
2.423992862696731763e-05 1.145283516732003335e+02 4.093541318722455204e+07
2.373620161328393019e-05 1.134926234781561760e+02 4.089785918586820364e+07
2.289299611936710326e-05 1.118967900963945397e+02 4.077425529983627051e+07
2.230498800012709347e-05 1.096004954581512436e+02 4.050668789576286823e+07
2.195681584013005965e-05 1.065149205554812966e+02 4.005106405376117676e+07
2.150876018811176749e-05 1.028467999831821942e+02 3.946701106493590027e+07
2.115840571172670578e-05 9.865631347850795407e+01 3.875615150041152537e+07
2.108903605835161455e-05 9.389958747879167333e+01 3.787558109176973253e+07
2.096138900958853036e-05 8.879906851959052005e+01 3.688412886976719648e+07
2.081264875069009090e-05 8.353168991737008753e+01 3.582485937081043422e+07
2.113079977965712597e-05 7.798330735497927435e+01 3.461806893835335970e+07
2.127172017163627801e-05 7.244478982862845839e+01 3.335923098456834629e+07
2.128188358312755105e-05 6.711751133136381497e+01 3.211545599262012541e+07
2.183591104349483575e-05 6.185373094539011873e+01 3.079652143719650432e+07
2.203359840990154703e-05 5.692988699552623899e+01 2.952168819113458320e+07
2.205778856292593467e-05 5.246054461779044686e+01 2.834530559795393795e+07
2.281532715552044187e-05 4.820995530238845816e+01 2.714080794455152377e+07
2.293352493729841821e-05 4.443936702786477611e+01 2.605579971341523901e+07
2.289657670605466864e-05 4.117175707938615403e+01 2.511746870374551788e+07
2.368834470311091464e-05 3.815242087007770522e+01 2.418617800949281082e+07
2.361490724912727621e-05 3.560448757472449444e+01 2.341629736411913857e+07
2.346734386277155368e-05 3.349246687471067929e+01 2.280592844073686376e+07
2.412887224771441484e-05 3.159352887430544499e+01 2.222284983554068580e+07
2.384938829222474344e-05 3.008783861038160978e+01 2.180918558634528890e+07
2.359965007689276016e-05 2.891895329740074416e+01 2.154268596667124331e+07
2.413545311256907712e-05 2.789929476986149126e+01 2.129873294942129403e+07
2.360000667138121517e-05 2.721058610827027024e+01 2.122786866632413864e+07
2.322097796835943654e-05 2.678467314648031916e+01 2.128909720003096387e+07
2.356424498164811325e-05 2.646356863441788221e+01 2.136630633158814907e+07
2.284938922242017091e-05 2.642288524508821723e+01 2.160857983736706525e+07
2.238183224227862346e-05 2.659089583136529100e+01 2.196283252011862397e+07
2.250528864479424607e-05 2.683893111785276275e+01 2.232776095819957554e+07
2.173001419472722176e-05 2.732308323564296160e+01 2.283722537845373899e+07
2.123710295993858595e-05 2.797089631121253817e+01 2.343199834696013108e+07
2.114993381026768123e-05 2.868499725698012526e+01 2.403341955568576232e+07
2.032580635248309214e-05 2.960529383420966809e+01 2.476153709990282357e+07
1.980060326726179151e-05 3.065160580882267638e+01 2.554958360856941342e+07
1.958796361925753927e-05 3.173519870100468410e+01 2.632727518479111418e+07
1.881756027029953131e-05 3.297312030479201894e+01 2.719596029696104303e+07
1.831921592344292553e-05 3.427946672669154538e+01 2.808719574106883630e+07
1.804363350901567925e-05 3.557338434208290323e+01 2.894147974314380810e+07
1.742068146340107192e-05 3.693059753334691919e+01 2.982804586614150926e+07
1.701308811759795676e-05 3.826591279407357860e+01 3.068484565291769058e+07
1.676414085093861657e-05 3.950567533551386390e+01 3.146329324821152166e+07
1.638154058537635022e-05 4.067003176788387719e+01 3.219038282932841778e+07
1.613759904125656257e-05 4.169161753465606068e+01 3.282303589594407007e+07
1.599537681705124069e-05 4.251698130877191062e+01 3.333052816872554272e+07
1.589943799678765758e-05 4.311819100998059184e+01 3.370118662752211839e+07
1.585681537087741942e-05 4.347199063278355879e+01 3.392507581714423746e+07
1.584914839137990645e-05 4.356953990244478803e+01 3.400120494436623901e+07
1.586192950337997866e-05 4.341502603828324425e+01 3.393594799881527573e+07
1.588381987305155027e-05 4.302343882938505715e+01 3.374128258502814174e+07
1.590613874104929889e-05 4.241802322426178762e+01 3.343306021664800495e+07
1.592245400537133367e-05 4.162765110873153418e+01 3.302941416126920283e+07
1.592823269443871016e-05 4.068433300790429996e+01 3.254938581885505840e+07
1.592052984786779694e-05 3.962103747168340817e+01 3.201181638785262033e+07
1.589770621177109987e-05 3.846992011356690710e+01 3.143451685911520571e+07
1.585917176459511623e-05 3.726100071876530251e+01 3.083370200377709419e+07
1.580515520324701865e-05 3.602127507282241226e+01 3.022365547002447769e+07
1.573650039661775402e-05 3.477421236516209291e+01 2.961658336606061459e+07
1.565449053594008023e-05 3.353956917938916860e+01 2.902261126051722839e+07
1.556070003807036840e-05 3.233344458658498155e+01 2.844988222760169208e+07
1.545687251040346106e-05 3.116850422981216440e+01 2.790471951939946786e+07
1.534482351700076794e-05 3.005431027097617758e+01 2.739182442154384404e+07
1.543292312865986843e-05 2.894946141085214819e+01 2.686970840312561020e+07
1.546601681860604831e-05 2.788103793187516999e+01 2.635915885495100170e+07
1.545689772690828930e-05 2.686901880617445570e+01 2.587520843831231445e+07
1.590056336421311894e-05 2.582597752684535308e+01 2.532972178686703369e+07
1.616990102662455137e-05 2.481308815777509125e+01 2.477736648628777638e+07
1.632531242812636967e-05 2.386854481353153545e+01 2.425192417330123484e+07
1.719013863025950348e-05 2.287395446109444563e+01 2.362959614439019188e+07
1.766148616568368848e-05 2.193127458256530460e+01 2.301146611688754708e+07
1.793647974393199122e-05 2.108740333777300791e+01 2.244419099572079256e+07
1.916094540915578681e-05 2.020355543287696420e+01 2.177942704562303796e+07
1.967691391013942615e-05 1.941416100512232390e+01 2.116186510514991358e+07
1.995590356499802464e-05 1.875659882544087509e+01 2.063270122387664765e+07
2.135314446353328240e-05 1.808340882083162171e+01 2.003213048673816770e+07
2.173096590414357797e-05 1.754191729659622823e+01 1.952674628084619343e+07
2.191118000798715460e-05 1.714973904662181425e+01 1.913715650955040753e+07
2.331506141815755341e-05 1.675800411667287193e+01 1.869976113582600653e+07
2.342655535807247250e-05 1.652132587704449307e+01 1.839101521023986116e+07
2.345408946203267063e-05 1.643778639345764248e+01 1.820695570531044155e+07
2.476071895310470893e-05 1.635949651625165657e+01 1.798408712121273205e+07
2.456502054375683998e-05 1.645157149169949307e+01 1.790636159377194196e+07
2.443336499127565870e-05 1.669632407435544863e+01 1.794851677192120254e+07
2.549473940680018529e-05 1.695490425760544539e+01 1.795908574904594198e+07
2.498848242211226288e-05 1.740063909819788179e+01 1.812207116620188206e+07
2.470038184628105260e-05 1.800056689528132381e+01 1.839357857105725259e+07
2.546107949679282136e-05 1.862288110151499509e+01 1.863528602572018653e+07
2.469850701793121307e-05 1.945124338815057641e+01 1.903011620679232851e+07
2.427696303981585800e-05 2.043635730862825639e+01 1.951844360032611713e+07
2.465407390308118290e-05 2.146073147301150996e+01 1.998446882309252396e+07
2.365702697008224524e-05 2.271632309466237487e+01 2.060549871302953735e+07
2.309540379449881938e-05 2.413149983273913790e+01 2.130528994673616812e+07
2.317850795687616044e-05 2.558711988981793795e+01 2.197723580892935395e+07
2.213141995937823882e-05 2.727260709213240730e+01 2.278493927604284137e+07
2.152370107285757420e-05 2.909563994681039034e+01 2.364403233623708412e+07
2.136011599534299197e-05 3.094446264194788299e+01 2.446696965606701374e+07
2.035307411905022210e-05 3.298825117624843273e+01 2.539280497531596944e+07
1.974387480282192503e-05 3.511340152431632333e+01 2.633387879801521078e+07
1.943804929195185353e-05 3.721023849298044439e+01 2.721779647266286984e+07
1.864421769243395060e-05 3.938523568673894459e+01 2.813448418731740490e+07
1.815233612830152807e-05 4.151643928270294026e+01 2.900643296775403619e+07
1.787229496480654807e-05 4.349640507963494684e+01 2.977546118844877556e+07
1.731212237132314028e-05 4.538420629892085856e+01 3.049976395086513087e+07
1.696090075280424071e-05 4.706950216031966505e+01 3.112085545402764156e+07
1.681457969352375588e-05 4.844117025704144197e+01 3.158412269181814790e+07
1.661009346766702545e-05 4.949871540720361196e+01 3.190689947996626794e+07
1.649930311182535875e-05 5.019164771812563686e+01 3.207046049560814723e+07
1.657842556682608513e-05 5.044367708178426568e+01 3.203727083235796914e+07
1.662654445850043309e-05 5.028750964368018828e+01 3.183478541863322631e+07
1.668057748303378366e-05 4.975337256276895914e+01 3.148288765872781724e+07
1.698497994720381922e-05 4.878868617325897361e+01 3.094455420545805618e+07
1.720638969746813681e-05 4.749264105831066729e+01 3.027416807123283669e+07
1.735623863757105291e-05 4.595937179719032883e+01 2.951876396619737521e+07
1.774778041422588255e-05 4.417003113224173205e+01 2.865149318445096165e+07
1.794304617325534113e-05 4.226630798588186622e+01 2.774807241331469268e+07
1.804349782497616467e-05 4.033480133949240809e+01 2.684960951852881163e+07
1.842005334479117641e-05 3.833771224388156185e+01 2.591719907043850049e+07
1.848382555928152922e-05 3.641403401708263488e+01 2.503221970755516365e+07
1.847371139432973328e-05 3.460629591163087326e+01 2.421462404472345859e+07
1.868378611039809740e-05 3.287090008129145957e+01 2.342783727674366161e+07
1.853566681043581786e-05 3.130931436734341844e+01 2.273981111773902178e+07
1.837596031429928188e-05 2.991755489699266235e+01 2.214644463510362059e+07
1.844518436919724048e-05 2.863638146086787017e+01 2.160442634908775240e+07
1.815398179766380542e-05 2.753979785211643616e+01 2.117056052910917997e+07
1.790288469339027848e-05 2.660334054635412926e+01 2.082871402948857099e+07
1.788576567823779194e-05 2.576628609080134780e+01 2.053445609988401085e+07
1.749056435109957110e-05 2.509519618632063498e+01 2.034362693669120967e+07
1.717689911899544265e-05 2.455775968226824801e+01 2.023358760422965139e+07
1.708704624110563811e-05 2.409808511003886622e+01 2.016182523765669763e+07
1.671931279103632467e-05 2.376108363604903673e+01 2.016868655516192317e+07
1.643594606477104294e-05 2.351908170777689122e+01 2.023341119755730405e+07
1.636007208254949274e-05 2.332378441966420013e+01 2.031708277679236233e+07
1.604808564959848348e-05 2.321421488881623674e+01 2.045573429979431257e+07
1.581293058455804460e-05 2.316773430322367489e+01 2.063123063324670866e+07
1.573753481746668220e-05 2.314722547510204009e+01 2.081251990267480910e+07
1.546651959178890667e-05 2.318555988880494922e+01 2.103083754116432741e+07
1.526629552167678357e-05 2.326266324055039192e+01 2.126941843613002822e+07
1.517769329740051625e-05 2.335109441386617490e+01 2.150500188520132378e+07
1.494500421627688078e-05 2.347487493634896438e+01 2.176136080110480636e+07
1.477583902742739955e-05 2.361584252128792372e+01 2.202310575403514504e+07
1.468887594364312222e-05 2.375249697411309313e+01 2.227204501626687124e+07
1.447996050671584189e-05 2.390569018582010941e+01 2.252946637642112747e+07
1.432906401236518137e-05 2.405854816741374691e+01 2.278102506919258088e+07
1.425359730153161360e-05 2.419106105921801486e+01 2.300972961989250407e+07
1.409851193259911685e-05 2.431691496195958280e+01 2.323036168644601852e+07
1.398765261723551951e-05 2.442335019607788738e+01 2.343222050660066307e+07
1.391787613627374921e-05 2.449891562051930194e+01 2.360601833599977568e+07
1.385662703179356393e-05 2.454052056569847906e+01 2.375016462479081750e+07
1.381527345365381864e-05 2.454360860525797960e+01 2.386129006523498520e+07
1.378820840160231820e-05 2.450583185827634125e+01 2.393788439902269095e+07
1.377087963842180524e-05 2.442679801775859261e+01 2.397999453687510639e+07
1.375962490907864953e-05 2.430771098338985325e+01 2.398890249354206398e+07
1.375153794638745720e-05 2.415102921186482376e+01 2.396682980894751847e+07
1.374435628637602513e-05 2.396014724629644732e+01 2.391667143440298364e+07
1.373636488507383321e-05 2.373910638636875703e+01 2.384176186849833652e+07
1.372631185463986329e-05 2.349233941989320940e+01 2.374567522816859558e+07
1.371333391947999194e-05 2.322445254490487088e+01 2.363205953510066122e+07
1.369689021966590965e-05 2.294004555083702357e+01 2.350450408154136688e+07
1.368157963073873599e-05 2.264262702280666772e+01 2.336546508873132616e+07
1.366146964464046361e-05 2.233673725621509121e+01 2.321847343656204268e+07
1.363707664004275337e-05 2.202649978888431548e+01 2.306666919704551250e+07
1.375752648694941354e-05 2.168804586289525105e+01 2.288375250943948701e+07
1.383434467698520573e-05 2.133669296906091972e+01 2.268429227414995804e+07
1.388102613287833514e-05 2.098428384378114941e+01 2.247884514564174414e+07
1.410714399789415025e-05 2.060436141401155297e+01 2.223716508397235349e+07
1.422840470294411342e-05 2.022457098843964118e+01 2.198714582750663906e+07
1.430346074845362326e-05 1.985929854634161629e+01 2.174221801489435881e+07
1.457302320392483086e-05 1.948100992989360591e+01 2.147056724709446356e+07
1.467508556661437571e-05 1.912505228243087529e+01 2.120971699071494490e+07
1.473193455239274494e-05 1.880240538074101408e+01 2.097023070457268134e+07
1.496422461631965346e-05 1.848768896347090873e+01 2.072297801404651999e+07
1.497461568411679853e-05 1.821900741691119308e+01 2.051018739941219985e+07
1.496446991564928111e-05 1.799896952816409978e+01 2.033402881532040238e+07
1.509470001630532799e-05 1.780505662075067619e+01 2.016912288910144940e+07
1.498235330162591226e-05 1.767290004948294779e+01 2.005609790358902141e+07
1.488714775885054133e-05 1.759612143984553967e+01 1.998748171270490810e+07
1.488118437786087972e-05 1.755740693739803149e+01 1.994418560437707976e+07
1.464760687100972414e-05 1.758696548180694563e+01 1.996112499288561940e+07
1.446951374935354469e-05 1.767076950225949616e+01 2.002244715374276042e+07
1.435310436947132039e-05 1.779385096866211668e+01 2.011216235796515644e+07
1.405954226597610057e-05 1.797829852770484038e+01 2.025617639520059526e+07
1.384181970135319281e-05 1.820589711766225705e+01 2.043454660803264007e+07
1.368636361999704863e-05 1.846039066332915723e+01 2.063064670659599081e+07
1.343591087617449094e-05 1.875157401271167501e+01 2.085715980875933915e+07
1.325244470380345947e-05 1.906198543541014701e+01 2.109629443885801360e+07
1.318729950637978463e-05 1.936530457728292376e+01 2.132150456835113466e+07
1.308596356839242838e-05 1.966300894676807687e+01 2.153732031351931393e+07
1.302076789575507230e-05 1.994426494401929162e+01 2.173441567610670626e+07
1.317753139063201722e-05 2.016586618630126537e+01 2.186873462780146301e+07
1.329276780465627066e-05 2.033556470723342002e+01 2.195192298980516568e+07
1.339228048735184703e-05 2.045790821760538236e+01 2.199071983503156900e+07
1.391203780941445173e-05 2.046141566574522486e+01 2.191005846456699818e+07
1.430072467913719434e-05 2.038231458190644219e+01 2.175052774283108488e+07
1.458821827695980538e-05 2.025123773580540743e+01 2.154375206205997244e+07
1.549922317867335201e-05 1.997741822286414504e+01 2.119209870496195555e+07
1.605426188395689193e-05 1.964641485162715995e+01 2.078566438529153168e+07
1.642683142130231744e-05 1.930605874779917386e+01 2.037108361095852405e+07
1.753616026113714106e-05 1.886144453199605309e+01 1.984551968161862344e+07
1.806674120890801820e-05 1.842479603836508062e+01 1.932574448867891729e+07
1.838930671774046600e-05 1.803755193657022105e+01 1.885091223614514992e+07
1.956420485077062490e-05 1.759461311297327768e+01 1.830903885040445998e+07
1.991307206247039177e-05 1.722174485234038244e+01 1.783074245514953509e+07
2.010044488117970348e-05 1.694042840648859638e+01 1.743433485458746180e+07
2.125803282583516810e-05 1.663380740926983137e+01 1.699812540635516867e+07
2.135678677588753998e-05 1.643661215761451899e+01 1.666033247507735342e+07
2.138851214491858550e-05 1.635076689727643284e+01 1.641845519343625754e+07
2.256985813865738659e-05 1.624166424832244715e+01 1.613592197407835908e+07
2.251593825945757889e-05 1.625399513727908740e+01 1.595749622597261146e+07
2.246540298014767373e-05 1.638049978126156248e+01 1.587062121998928674e+07
2.351050317025393360e-05 1.649347543727593646e+01 1.574969296170951799e+07
2.324747009051426452e-05 1.674176844162123601e+01 1.573743168052183092e+07
2.308741485718449163e-05 1.710664692010306354e+01 1.580973195711645111e+07
2.407093286093548647e-05 1.745003184769663562e+01 1.583705320271037333e+07
2.368048960642094434e-05 1.793410010875077631e+01 1.596758906264034100e+07
2.346021540686411808e-05 1.853224132053534845e+01 1.617072306557707675e+07
2.438549894405167421e-05 1.909521313575216794e+01 1.631491348807974346e+07
2.384331157725768608e-05 1.981012940140568546e+01 1.656181495096390694e+07
2.354405310249267920e-05 2.063865085048258763e+01 1.687228112217947468e+07
2.436268321063768323e-05 2.141719223265833705e+01 1.711226874226589501e+07
2.383557296624961520e-05 2.233630120983670864e+01 1.743724484963389859e+07
2.355323715354949024e-05 2.335248982660125350e+01 1.780778250581049919e+07
2.428775238647256187e-05 2.429559986985260167e+01 1.809556966202470660e+07
2.371764785086237978e-05 2.537403934381423554e+01 1.846037389749393240e+07
2.341123527731332125e-05 2.653405600196806091e+01 1.885893639290809259e+07
2.397893596188266379e-05 2.760596233880636419e+01 1.917345737961229309e+07
2.334322415418579977e-05 2.880750154982751354e+01 1.956038421024274081e+07
2.299296908554890139e-05 3.007139486169256060e+01 1.997129805656837672e+07
2.335992725102233416e-05 3.123464068761157719e+01 2.030192404000878707e+07
2.266817038927368495e-05 3.251422472118612461e+01 2.069893448404838890e+07
2.227355044076462202e-05 3.382900717704676197e+01 2.110961080631723627e+07
2.241978666037557647e-05 3.503357435560153732e+01 2.144823093422672525e+07
2.167945319157894008e-05 3.633275389810297185e+01 2.184602282680835947e+07
2.123808818327478851e-05 3.763226585259408807e+01 2.224702762869228423e+07
2.117739456588081979e-05 3.880965157262197351e+01 2.258478202121705934e+07
2.044022082566922721e-05 4.003891212813937273e+01 2.296663206501855701e+07
1.998041583095535087e-05 4.121949950375256577e+01 2.333760503363155574e+07
1.976244577947846353e-05 4.225740023618173069e+01 2.365107073933194578e+07
1.907485311434935034e-05 4.328479499244519957e+01 2.398716935764491931e+07
1.862548585425842843e-05 4.420459723660793827e+01 2.429624048639482260e+07
1.834207510327261513e-05 4.494325973281421938e+01 2.454435362380937114e+07
1.778529358727502855e-05 4.558390078265452416e+01 2.478244391724620759e+07
1.740677445075792021e-05 4.605020261433632811e+01 2.497310302064660564e+07
1.719005545666638216e-05 4.627620756135906532e+01 2.508510919563941658e+07
1.687242619880972112e-05 4.630113898600664868e+01 2.514252426989093423e+07
1.664959266716195565e-05 4.609553156607446311e+01 2.513015026239362359e+07
1.668634177674285186e-05 4.557938958059873613e+01 2.500359540608010069e+07
1.665917192411472627e-05 4.480833474278262685e+01 2.478968383352154121e+07
1.663758206473599276e-05 4.381653546663434895e+01 2.450090074450072646e+07
1.706033498246009814e-05 4.249624472877966497e+01 2.406831740735872090e+07
1.735052667687071338e-05 4.096332768015551551e+01 2.354545624327029288e+07
1.753416475517021204e-05 3.931553683219465967e+01 2.297504470261354372e+07
1.832051275590305906e-05 3.743550061800416984e+01 2.227487106401358545e+07
1.878573328608720990e-05 3.550116293139519996e+01 2.153563009697072580e+07
1.905320053364631419e-05 3.362121844515493763e+01 2.081073132225421444e+07
2.001624455083848207e-05 3.166973268343577175e+01 2.001268719440887496e+07
2.038333497619559682e-05 2.984316135241607881e+01 1.925683337419818342e+07
2.055429255891169055e-05 2.819991206193731514e+01 1.857703668079311028e+07
2.147791888567227863e-05 2.659873415302405064e+01 1.787949143684540316e+07
2.159673073761296836e-05 2.521140018846104880e+01 1.727935466487261280e+07
2.160134127960800331e-05 2.404349462720300323e+01 1.678355743463423103e+07
2.240530231801939002e-05 2.294937784400303471e+01 1.629457334011297114e+07
2.223826375718985894e-05 2.208347599613739476e+01 1.592562397234171443e+07
2.207656384759032556e-05 2.142043624594228746e+01 1.566296265137819201e+07
2.269876138672397489e-05 2.082690669969886699e+01 1.541353211615646258e+07
2.228243177475167203e-05 2.044540149301315424e+01 1.528645100179909542e+07
2.198697507080065125e-05 2.023666382164603306e+01 1.525512015928467549e+07
2.238937831779654926e-05 2.008710015201968346e+01 1.523673655670627765e+07
2.178716469355479736e-05 2.012963149564496490e+01 1.533447657274800539e+07
2.139460495351177283e-05 2.031824289742124634e+01 1.551367602649185061e+07
2.159071456548708462e-05 2.055597484001699726e+01 1.570159466400570609e+07
2.086248445415427380e-05 2.097074553964320387e+01 1.599719186879264936e+07
2.040011312082185731e-05 2.151064895751145656e+01 1.635969464291815087e+07
2.036105923127185839e-05 2.209836970614010454e+01 1.673105530750164762e+07
1.956311356407532793e-05 2.284883413391094464e+01 1.719925229412092641e+07
1.905409986863696134e-05 2.370278288400825062e+01 1.771844334867978841e+07
1.890111184297111707e-05 2.458431058631565946e+01 1.823351256748479977e+07
1.817624961500699545e-05 2.559001735856344695e+01 1.881835682205143571e+07
1.770900621652683488e-05 2.665728149693589089e+01 1.942750394919097424e+07
1.749728014772003332e-05 2.771743270925592384e+01 2.001470785868312418e+07
1.689607397064726035e-05 2.884156849783972731e+01 2.063583610225625336e+07
1.650408466086449022e-05 2.996591303163262054e+01 2.124879109101893380e+07
1.627639216258180139e-05 3.103220688920286108e+01 2.181858885860503837e+07
1.587754698383715473e-05 3.206706499144375044e+01 2.237073679464263469e+07
1.562177666587318385e-05 3.301579586984066594e+01 2.287336913535891473e+07
1.547188715538403811e-05 3.383323350929882878e+01 2.330271833372297138e+07
1.523680170342666351e-05 3.453109187899654842e+01 2.367387962498424575e+07
1.508919106969042332e-05 3.507381928634089263e+01 2.396842327807139605e+07
1.500476504762588095e-05 3.543653691364428937e+01 2.417490280367398262e+07
1.496430713048295813e-05 3.560594472877237138e+01 2.428833613456082717e+07
1.495254868028303518e-05 3.557929274810868492e+01 2.430917197388067469e+07
1.495740340130000900e-05 3.536294280027176029e+01 2.424220400893034041e+07
1.496941967595080263e-05 3.497062220778738606e+01 2.409547573990286514e+07
1.498136321703174777e-05 3.442152217241829248e+01 2.387923356785596535e+07
1.498787746584665686e-05 3.373840223533620986e+01 2.360498171256709471e+07
1.498519167035577985e-05 3.294584045380440784e+01 2.328467791226996109e+07
1.497086083427439644e-05 3.206873008006795089e+01 2.293009039739679918e+07
1.511287396809165001e-05 3.108818519109225775e+01 2.252124524595072120e+07
1.519660924484819802e-05 3.004724569069738394e+01 2.208204392628225684e+07
1.523515104972527624e-05 2.898141101552721111e+01 2.163121248870109767e+07
1.544887160265298587e-05 2.787073021199840639e+01 2.114698877323045582e+07
1.554552062093224056e-05 2.676674658868565970e+01 2.066171596493630484e+07
1.558269587980500644e-05 2.569952208767307411e+01 2.019290457269769907e+07
1.585220625718342812e-05 2.463427019794977113e+01 1.970867253814081103e+07
1.593702623870213922e-05 2.362499500453124313e+01 1.924803726240978763e+07
1.595914125382369534e-05 2.269145009797595591e+01 1.882435947091283277e+07
1.627015511389759891e-05 2.178630942626348954e+01 1.839680514925099537e+07
1.628906246750041345e-05 2.096980467090534361e+01 1.801494368512037396e+07
1.626290713745059667e-05 2.024863874044098466e+01 1.768455880732647330e+07
1.656319921322853508e-05 1.956845611988456568e+01 1.735904670875543728e+07
1.653544091660755629e-05 1.898347337977777727e+01 1.708724840044169873e+07
1.648109740643112682e-05 1.849295710161506534e+01 1.686977449135657772e+07
1.675138591620910404e-05 1.804474607776446859e+01 1.666078215510281362e+07
1.664437949500057099e-05 1.769248543625737113e+01 1.651134452124078572e+07
1.654275161634705403e-05 1.742880306524020995e+01 1.641598033897498995e+07
1.671649193077827855e-05 1.720957177639478886e+01 1.633491442928417027e+07
1.649506594531197269e-05 1.708594203937586897e+01 1.631830711550751887e+07
1.632343828727247857e-05 1.704371356827092043e+01 1.635353759462705813e+07
1.635643695173542842e-05 1.704820115267708402e+01 1.640877157831054740e+07
1.602141545550315481e-05 1.714536916583432813e+01 1.652953688961548358e+07
1.577870646195426462e-05 1.731496142019756590e+01 1.669670436007161625e+07
1.570009776620481551e-05 1.752676077249277853e+01 1.688234131101463363e+07
1.530444503648375392e-05 1.782119625746670266e+01 1.712654227788389102e+07
1.502383673357229633e-05 1.817400963332518771e+01 1.740632050135414302e+07
1.484018904604771854e-05 1.856293373186932172e+01 1.770186779985328019e+07
1.444035179375041168e-05 1.901544169251167204e+01 1.804098218515381962e+07
1.415820824493243258e-05 1.950445780767842052e+01 1.839920839678629115e+07
1.397582733847055046e-05 2.000457607355632561e+01 1.875522383472205326e+07
1.368223649340784994e-05 2.052741100190155166e+01 1.912289997815845534e+07
1.348027303408080582e-05 2.104787440491527661e+01 1.948176116995399445e+07
1.342592690117344750e-05 2.152971601241208432e+01 1.980231614597331360e+07
1.331317768326763987e-05 2.197721703912536029e+01 2.009290482971022278e+07
1.324755561340028473e-05 2.237496465321651584e+01 2.034327260803648084e+07
1.341576015998429501e-05 2.267168380401236050e+01 2.051102708782296628e+07
1.355343973272672996e-05 2.287398501794000083e+01 2.060625943830469996e+07
1.367428100364888092e-05 2.298851641300548820e+01 2.063737188009110466e+07
1.412842035320431593e-05 2.295500460490755401e+01 2.055202798723747954e+07
1.446415531002197482e-05 2.281224998925057079e+01 2.038605773542608321e+07
1.471451718621709431e-05 2.259247768508834397e+01 2.016686150629797205e+07
1.535077379716385363e-05 2.223946006522391983e+01 1.984241736469907314e+07
1.572487947660643375e-05 2.182615844045898257e+01 1.947568602930046245e+07
1.597774759091309430e-05 2.139206787909025920e+01 1.909796136090813577e+07
1.667188986774212895e-05 2.087728143637030698e+01 1.865256048007170111e+07
1.694751812965725348e-05 2.037296859216843359e+01 1.821822328315305710e+07
1.711243249904521218e-05 1.990662571760134369e+01 1.781573451078977808e+07
1.775492877596575300e-05 1.941173966220679503e+01 1.738327100914352387e+07
1.785567324612314814e-05 1.898174913872991354e+01 1.700297106802853569e+07
1.789495914130849246e-05 1.862557584836711300e+01 1.668017964597632363e+07
1.844745921159094814e-05 1.826986044436780432e+01 1.634814531963171251e+07
1.838861482767761800e-05 1.800411527291162983e+01 1.608655530773983710e+07
1.832494222583920028e-05 1.782376266227097972e+01 1.588930904552029073e+07
1.878122904731906363e-05 1.765443839807891990e+01 1.568964088414957002e+07
1.858136359043539859e-05 1.758410346730288154e+01 1.556580966339038871e+07
1.843309443731593292e-05 1.759893480439021118e+01 1.550359839419038408e+07
1.882078593388282345e-05 1.762202289561581381e+01 1.543497897399053536e+07
1.854642665100354336e-05 1.774047781894030962e+01 1.543662490111519396e+07
1.835894417024220952e-05 1.793605791724082010e+01 1.549061398996482976e+07
1.871562632033196892e-05 1.812900202671898242e+01 1.552800843072794005e+07
1.841864367878003473e-05 1.840767055766400873e+01 1.562528431843638048e+07
1.822478985428410694e-05 1.875173570762196817e+01 1.576330220181658864e+07
1.855711230134348563e-05 1.908016703729947494e+01 1.587434328862634487e+07
1.827594903843214098e-05 1.948017227009165708e+01 1.603235670397406071e+07
1.809898693425256923e-05 1.993066921060013641e+01 1.621863301252542436e+07
1.841707333639110484e-05 2.035011930636543198e+01 1.636786562287895568e+07
1.815110405153696821e-05 2.082707901119834304e+01 1.655333250313302316e+07
1.798773079878031203e-05 2.133946857762549953e+01 1.675674128058209084e+07
1.826091501388459217e-05 2.180933845713847674e+01 1.691852919856697321e+07
1.798377995239822978e-05 2.232599410329289213e+01 1.711044214400358126e+07
1.781338072843890872e-05 2.286485252477651997e+01 1.731343445340138674e+07
1.800301203914562401e-05 2.335539442524690301e+01 1.747618489751675725e+07
1.770010861694825007e-05 2.388293169834030394e+01 1.766515377907333896e+07
1.751032347946778752e-05 2.441953692287085076e+01 1.785999529604413733e+07
1.760911694314596648e-05 2.490284598367984614e+01 1.801749201616557315e+07
1.727429499794907363e-05 2.541291592649474040e+01 1.819822789340443164e+07
1.705837135924309506e-05 2.591838809841960511e+01 1.838051882453799993e+07
1.705314978835925464e-05 2.636831395148411872e+01 1.853082073804283887e+07
1.669825157882788086e-05 2.683084926650366597e+01 1.869962680511719361e+07
1.646224744612923612e-05 2.727253761806760579e+01 1.886486741218608618e+07
1.637504385371739505e-05 2.765310785996299003e+01 1.900136427000952512e+07
1.603509620878615141e-05 2.802409001894837459e+01 1.914700838949256018e+07
1.580276514443688636e-05 2.835368411091548069e+01 1.928165494528017938e+07
1.566641554951475973e-05 2.861337056323667483e+01 1.938838319444341213e+07
1.536120572060176861e-05 2.883931482915151179e+01 1.949376509107091278e+07
1.514643079477847839e-05 2.900471714587570204e+01 1.958111554186867550e+07
1.499809040960894709e-05 2.909007865230906020e+01 1.963904298757729679e+07
1.478451962414203694e-05 2.911073098006254511e+01 1.967907190255321562e+07
1.462958442933277874e-05 2.905197856755115282e+01 1.969181989355518296e+07
1.451756177754032091e-05 2.890527338326729634e+01 1.967173992177396640e+07
1.443600463779904782e-05 2.866811497978491730e+01 1.961658679154888913e+07
1.437506647176056427e-05 2.834293774956675094e+01 1.952669279507474229e+07
1.432701015045059440e-05 2.793601921599546145e+01 1.940432498915238306e+07
1.428583572093301660e-05 2.745643410635981496e+01 1.925311869115043804e+07
1.424698589298549932e-05 2.691508900590816467e+01 1.907758856274390966e+07
1.424709169823371216e-05 2.631506179490257225e+01 1.887640113662119955e+07
1.423470303804309837e-05 2.567221419997913401e+01 1.865710975749816746e+07
1.421022992109587940e-05 2.500147293888205269e+01 1.842663444309572503e+07
1.428152293259727527e-05 2.429436888125985305e+01 1.817477625911298022e+07
1.430619312090137261e-05 2.357427099039777474e+01 1.791492875418797508e+07
1.430331390946805545e-05 2.285796741779108743e+01 1.765601367422354221e+07
1.443063933080689682e-05 2.213015232165887625e+01 1.738274499908040464e+07
1.444163740827975391e-05 2.142411597880126095e+01 1.711796815741336346e+07
1.442372199795928994e-05 2.075189692709458811e+01 1.686871614874282107e+07
1.457747198113347512e-05 2.008882755678012444e+01 1.661295627530183271e+07
1.459270411658806719e-05 1.946618548957881956e+01 1.637464858549473621e+07
1.457658376471297166e-05 1.889236722100795873e+01 1.615960601901956275e+07
1.482291803467339625e-05 1.832845688057131994e+01 1.593369660436390154e+07
1.487152821726783692e-05 1.781155698599948067e+01 1.572816903174485639e+07
1.488007696011343414e-05 1.734928616090200038e+01 1.554923167391076311e+07
1.515066680204884089e-05 1.690464194792989616e+01 1.536372429184813425e+07
1.517238990628721385e-05 1.651656170187921902e+01 1.520701892229218781e+07
1.516340370645633821e-05 1.618823367225323651e+01 1.508230559030722640e+07
1.547806185935697516e-05 1.587530899828534281e+01 1.494888607718325965e+07
1.549345596438268430e-05 1.561959776393026189e+01 1.484665310446020961e+07
1.548405606642294069e-05 1.542236640470952302e+01 1.477713371913192421e+07
1.583046541857199458e-05 1.523689748734284954e+01 1.469628369197635353e+07
1.578443595183009281e-05 1.511360028727410665e+01 1.465349204255520180e+07
1.573699972159504446e-05 1.504955855532217868e+01 1.464603829663540050e+07
1.607988149438183820e-05 1.499416394389382567e+01 1.462537686930967122e+07
1.603032156011293568e-05 1.499589372093726958e+01 1.463966911051960103e+07
1.598743592753010457e-05 1.505105236130809665e+01 1.468503941560984962e+07
1.638692501034802769e-05 1.510323619218292812e+01 1.470698003212170489e+07
1.632864319938704190e-05 1.520903790721284032e+01 1.476159170060704090e+07
1.628582321593626960e-05 1.536390748346717139e+01 1.484377338303380646e+07
1.665474160107628082e-05 1.551425391838685641e+01 1.490220970602729544e+07
1.655349034364002594e-05 1.571845420989406783e+01 1.499405255186241865e+07
1.648662448333515466e-05 1.596907192896520833e+01 1.511132969516270421e+07
1.674095897749695259e-05 1.622146200131545868e+01 1.521227503020544723e+07
1.655040362166133736e-05 1.653160161429764941e+01 1.535039809021357447e+07
1.642704881159125075e-05 1.688637147192493160e+01 1.551263824301669188e+07
1.662075221126395975e-05 1.723802459539516008e+01 1.565593017691700347e+07
1.634697912121007974e-05 1.764836284775599040e+01 1.583777934756526351e+07
1.616903814907952783e-05 1.809852349760029711e+01 1.604056554407407157e+07
1.622384064500176050e-05 1.854815693110679931e+01 1.622978856050043367e+07
1.588748850560864405e-05 1.905147040142621151e+01 1.645457836774603836e+07
1.566622546074102133e-05 1.958387184521957280e+01 1.669379108146851324e+07
1.567777761055765340e-05 2.010011406745020679e+01 1.691106599164315686e+07
1.540960301329130950e-05 2.064066917321096284e+01 1.714328203856206685e+07
1.523733492309143588e-05 2.118194149101000079e+01 1.737240561761132628e+07
1.524364352217309135e-05 2.168465970532869491e+01 1.756942209016939998e+07
1.499561651512165164e-05 2.218914148153719879e+01 1.777043098539564013e+07
1.483452516535867836e-05 2.267206231230017721e+01 1.795897701253557950e+07
1.480359173425399713e-05 2.310129226884723508e+01 1.811309290421890840e+07
1.463240256588948938e-05 2.349925043658304347e+01 1.825383896900394559e+07
1.452394937275419975e-05 2.384806095048430308e+01 1.836993340014401078e+07
1.451547083535570509e-05 2.412306730260039345e+01 1.844546607931621745e+07
1.437185303018734809e-05 2.435021480157549334e+01 1.850294969209135696e+07
1.427746548373522156e-05 2.451684335461376207e+01 1.853448408050221950e+07
1.428527252636647041e-05 2.460044241058765380e+01 1.852492874661580101e+07
1.419008387807360129e-05 2.462469783010207536e+01 1.849343444931962341e+07
1.412526611542714866e-05 2.458482071336684527e+01 1.843677827841591462e+07
1.412176200062341313e-05 2.447071147033665639e+01 1.834761502466443926e+07
1.405475883963396008e-05 2.430077448209032553e+01 1.823938709002240002e+07
1.400418093553475359e-05 2.407628012638608439e+01 1.811204561241134256e+07
1.401950455095897341e-05 2.378923051814637546e+01 1.795834495429817587e+07
1.397244402152202022e-05 2.345996353547874946e+01 1.779195685560252145e+07
1.393029969141761106e-05 2.309406374810249929e+01 1.761501654298694059e+07
1.392199206869819347e-05 2.269138584844899853e+01 1.742528347318419069e+07
1.383870138609681068e-05 2.227357799735361965e+01 1.723711745311275497e+07
1.376334861680374635e-05 2.184407712294960291e+01 1.705093037392312288e+07
1.371794276226241789e-05 2.140186182687864758e+01 1.686388882156587765e+07
1.362921455685669819e-05 2.095989205401545874e+01 1.668417878667768463e+07
1.354683809355262849e-05 2.052062425228647413e+01 1.651184998820270970e+07
1.348549594994167820e-05 2.008358527394502246e+01 1.634482717958136275e+07
1.339104379967954187e-05 1.965788739232721483e+01 1.618893290513239056e+07
1.330228041532532619e-05 1.924478156795409234e+01 1.604378883701783791e+07
1.321796997413015767e-05 1.884537495531581186e+01 1.590914301564634405e+07
1.313720353979879485e-05 1.846076826484037525e+01 1.578486324994893186e+07
1.305933468782109743e-05 1.809197898176983088e+01 1.567087696693121642e+07
1.298392553434674308e-05 1.773989047282774223e+01 1.556712718972296268e+07
1.291070154939954662e-05 1.740522139544495772e+01 1.547354125848266296e+07
1.283951383453996196e-05 1.708851065592388352e+01 1.539000953425491229e+07
1.277030773843186087e-05 1.679011392801621128e+01 1.531637184780165367e+07
1.270309701009556430e-05 1.651020845246781121e+01 1.525240987144796550e+07
1.263794250643609786e-05 1.624880346856832958e+01 1.519784398060653731e+07
1.257493505782495343e-05 1.600575420175654529e+01 1.515233343404500932e+07
1.251418172508737998e-05 1.578077781124684797e+01 1.511547897725347430e+07
1.245579497068191107e-05 1.557347012072184533e+01 1.508682717064420506e+07
1.241505039097116623e-05 1.538123117847859511e+01 1.506382793398027867e+07
1.236659910539638594e-05 1.520518212355038123e+01 1.504757494641856663e+07
1.232022571690173678e-05 1.504488820273037142e+01 1.503766042245454341e+07
1.244168318202825449e-05 1.487763137555584336e+01 1.501126316823145933e+07
1.251594920836155398e-05 1.471265858712000885e+01 1.497736609334105812e+07
1.256505301365802761e-05 1.455577501944999064e+01 1.494124170771867782e+07
1.285854556795886461e-05 1.437742897623598992e+01 1.487194317669497617e+07
1.304420207652173068e-05 1.419739916046457928e+01 1.478922776435379311e+07
1.317364366572316948e-05 1.402715362549092148e+01 1.470398072012135386e+07
1.359645259228363422e-05 1.383428121270636524e+01 1.458146617709738202e+07
1.383438740500425211e-05 1.364830073721487302e+01 1.445222208658495918e+07
1.399516368564417337e-05 1.348257664348962059e+01 1.432938247542587295e+07
1.455559164445673096e-05 1.329462297999731213e+01 1.416728606285493076e+07
1.478592943105524254e-05 1.312899291225689780e+01 1.401333563127417676e+07
1.493385933483102524e-05 1.299743359664348930e+01 1.387911783865930699e+07
1.554032975108246472e-05 1.285237323402692411e+01 1.371368636392013915e+07
1.570683362245017123e-05 1.274583189753975354e+01 1.357300118422201276e+07
1.580672394765280273e-05 1.268507796775643648e+01 1.346379634930470586e+07
1.638978931038410377e-05 1.262033281670660045e+01 1.333319558569286391e+07
1.647182476649338128e-05 1.260554105438266426e+01 1.323885230262452923e+07
1.651579029431111950e-05 1.264315745787808787e+01 1.318200213098470308e+07
1.700963058299516877e-05 1.268626893238964293e+01 1.311348344927406870e+07
1.692436094649533439e-05 1.279375515486728077e+01 1.309458055030522868e+07
1.686164545274245887e-05 1.296033265329650952e+01 1.311786134765486233e+07
1.727087201279283110e-05 1.313462874813186332e+01 1.313085589673010446e+07
1.707245416767411953e-05 1.337876833514150476e+01 1.319603197109549865e+07
1.694185511428353323e-05 1.368218027895195554e+01 1.330053620424548164e+07
1.714089404795136599e-05 1.400517702227475780e+01 1.340518003041453287e+07
1.678888355691136378e-05 1.440625516145757246e+01 1.356589305941164680e+07
1.656036674024625527e-05 1.486697316632485588e+01 1.376284249444071576e+07
1.661050185558529563e-05 1.534875138622979662e+01 1.396010966650614887e+07
1.620189952456651365e-05 1.590402651170313675e+01 1.420582748864950798e+07
1.593742405840686878e-05 1.650890880481092537e+01 1.447717819365315326e+07
1.586082641129041374e-05 1.713103708477719422e+01 1.474670692061720788e+07
1.537467151795652494e-05 1.782206750464926159e+01 1.506021231520137936e+07
1.505152544826431642e-05 1.855054109491977243e+01 1.539097211682720855e+07
1.487067029208392403e-05 1.928464749662049726e+01 1.571509450957353041e+07
1.447565592680830041e-05 2.005036150901234393e+01 1.605692035413335264e+07
1.421447552265066949e-05 2.081458275691648296e+01 1.639265995638152026e+07
1.405393885305846183e-05 2.154762296446206804e+01 1.670361430514852889e+07
1.376151566420735657e-05 2.226357456379368926e+01 1.700575165485478938e+07
1.357071183341210904e-05 2.293148614358164750e+01 1.728009801098105684e+07
1.350112997786484267e-05 2.351583318957949587e+01 1.750568353014471382e+07
1.341241317418548268e-05 2.401228161956717244e+01 1.768508546863629296e+07
1.337052221933993079e-05 2.440472290592714089e+01 1.781138044152012467e+07
1.351089642739916126e-05 2.465077974213902579e+01 1.785821264628248289e+07
1.361538426476877875e-05 2.476159614286227395e+01 1.783732811205711961e+07
1.371118314036881122e-05 2.474593728120735037e+01 1.775669041261091456e+07
1.421419057404564926e-05 2.452846721563356525e+01 1.756276505093405023e+07
1.459296998207007296e-05 2.416100614511601208e+01 1.729176046460019797e+07
1.487076015100261560e-05 2.369010370441867508e+01 1.697327311884347349e+07
1.572667305114880537e-05 2.303096066067364589e+01 1.654207157613192871e+07
1.627119328157612877e-05 2.228590097749314580e+01 1.606631111145350151e+07
1.662845600953283550e-05 2.152004484082542746e+01 1.558613613551427424e+07
1.787159348223462134e-05 2.061517542969846417e+01 1.501006352578322962e+07
1.849800351894621714e-05 1.971629398698001978e+01 1.443812058988483809e+07
1.886486222629081731e-05 1.888359668815953896e+01 1.390873819094242901e+07
2.048243871114545345e-05 1.796399789228134125e+01 1.330561368866663612e+07
2.106809311267491451e-05 1.712914281288554719e+01 1.275332890807653591e+07
2.136985092195891361e-05 1.641791462541849711e+01 1.227806493032639101e+07
2.300806111364937258e-05 1.568214848085713875e+01 1.176839303610804304e+07
2.336224597083415573e-05 1.507757196267552224e+01 1.134159660384339467e+07
2.351146311687629512e-05 1.461541270080726562e+01 1.100502471496896446e+07
2.525362516083106185e-05 1.413662826271064610e+01 1.063923530237947218e+07
2.533377562427083042e-05 1.380451092786105960e+01 1.036853792781724595e+07
2.533312997620235031e-05 1.361255766208217466e+01 1.018620567394908145e+07
2.702078471590176425e-05 1.340594804304721421e+01 9.976134372947424650e+06
2.671108382139059952e-05 1.335883612744784976e+01 9.869085216085238382e+06
2.651551186648453431e-05 1.344804886187519521e+01 9.844330343026498333e+06
2.793343311685683093e-05 1.352885754462607082e+01 9.794692055327201262e+06
2.736788149562177687e-05 1.377033529655549415e+01 9.843065293016204610e+06
2.705796770708705193e-05 1.414078845464139533e+01 9.961760666836598888e+06
2.837124434728886913e-05 1.449004395648587540e+01 1.004334117938631959e+07
2.754012907930702752e-05 1.501240817349212264e+01 1.022292869765028171e+07
2.710410509671834926e-05 1.566437730309088749e+01 1.046461131607256643e+07
2.812023165425459479e-05 1.629642863416156473e+01 1.066681861050506309e+07
2.707881544523630594e-05 1.711775706869678260e+01 1.096688376144006103e+07
2.653428438997031374e-05 1.807035938822612309e+01 1.132090357750324532e+07
2.726307629895242599e-05 1.899957432112766043e+01 1.163094503675220907e+07
2.620585239681898240e-05 2.011797343523925363e+01 1.202831074363919161e+07
2.565028881189592458e-05 2.135625849513394314e+01 1.246590968747343868e+07
2.612864738490723915e-05 2.256003446172686822e+01 1.285409177889499068e+07
2.497224223887247238e-05 2.396256916778467883e+01 1.332793905777570792e+07
2.434222860214566155e-05 2.547413146299905051e+01 1.383310430504383892e+07
2.454048479798633402e-05 2.693809345278202372e+01 1.428669903825647011e+07
2.344176849075009893e-05 2.857706546010212634e+01 1.481050752067173272e+07
2.282181710513642172e-05 3.028617522582545263e+01 1.534853817694943212e+07
2.274928920606712995e-05 3.192982893059307514e+01 1.583643985137210228e+07
2.170752551681475414e-05 3.370625145649361798e+01 1.637772957593921944e+07
2.109030757327118666e-05 3.549589579342156043e+01 1.691577735003465042e+07
2.087129093006217677e-05 3.717074217682902315e+01 1.739623428364035487e+07
1.996893839964780190e-05 3.889298432501764324e+01 1.790211518400648236e+07
1.940893594856104261e-05 4.054053847119407550e+01 1.838181073463056609e+07
1.910189623142259448e-05 4.200853529768475880e+01 1.879598912529619783e+07
1.836441452461844633e-05 4.341132120720262577e+01 1.920374220813773200e+07
1.788489067232854429e-05 4.463912467957941743e+01 1.956274640717173740e+07
1.758922079981125919e-05 4.560602748427911024e+01 1.984327160411572084e+07
1.713087682122623853e-05 4.635705853998224057e+01 2.007173402077294514e+07
1.682735159419478495e-05 4.682571334626798887e+01 2.022440205362165719e+07
1.667847071388188626e-05 4.695391615184918521e+01 2.028042479581115395e+07
1.647997846452090281e-05 4.677349614175721371e+01 2.025546453488861397e+07
1.634564516799426155e-05 4.628092677900650642e+01 2.014740043422870710e+07
1.635344665225649537e-05 4.545451258663720751e+01 1.994405205007470772e+07
1.633657218433866781e-05 4.434762790974552615e+01 1.966352107415972278e+07
1.631649855769541673e-05 4.300947808838468944e+01 1.932023839603671804e+07
1.648488599781975790e-05 4.142781547231934525e+01 1.889980589786659181e+07
1.658316933243798128e-05 3.968792625294720722e+01 1.843064154156397656e+07
1.662507822724739056e-05 3.786267063682977607e+01 1.793586912699843943e+07
1.684693920297080830e-05 3.594770738090640094e+01 1.740326207814162597e+07
1.691897101206677289e-05 3.403599529640140986e+01 1.686796990757912770e+07
1.692274122278154927e-05 3.218002495069129765e+01 1.634814048029383458e+07
1.707625743534764705e-05 3.036721685587006192e+01 1.583145263001112826e+07
1.700916065733675789e-05 2.867231235510773146e+01 1.535225765574133955e+07
1.690483882094584201e-05 2.710976934367361935e+01 1.491631992088310793e+07
1.691032971350900349e-05 2.565729382690002680e+01 1.451103268047875166e+07
1.666766623565513352e-05 2.436442322744522926e+01 1.416507959730381146e+07
1.644009484224578363e-05 2.321722961285217579e+01 1.387290972112956829e+07
1.630566075099306453e-05 2.218776973269985930e+01 1.362089683809336647e+07
1.593641776178550019e-05 2.130816404455741164e+01 1.343202934977625683e+07
1.562500138434269370e-05 2.055346692708502587e+01 1.329474611838229373e+07
1.538681100950710107e-05 1.989888872870686498e+01 1.319697644336689077e+07
1.496951875561462654e-05 1.936343743206365176e+01 1.315499945803424716e+07
1.463056334131549611e-05 1.892186944362440570e+01 1.315556034763305821e+07
1.435722224235032812e-05 1.855362690248999513e+01 1.318781308665871620e+07
1.398605542481860048e-05 1.826626272887376601e+01 1.326007236186347902e+07
1.368834218827819106e-05 1.803970605011468820e+01 1.336058174238591641e+07
1.345556207277629980e-05 1.785696305721664245e+01 1.347915744414702244e+07
1.323363972865429392e-05 1.771139571970804028e+01 1.361261711271494627e+07
1.305476629196494983e-05 1.759209767601038621e+01 1.375404895972433500e+07
1.291081598633430134e-05 1.749039997376275224e+01 1.389786025196091272e+07
1.279514516812565231e-05 1.739957218824018881e+01 1.403959940283161402e+07
1.270228802982895897e-05 1.731444543678787795e+01 1.417577980875988863e+07
1.271386570247429762e-05 1.721796200602020477e+01 1.429281445708244853e+07
1.271790286578445367e-05 1.711244786998353717e+01 1.439269714289932325e+07
1.271908695462057002e-05 1.699983713978436484e+01 1.447691108197975531e+07
1.288172871826922692e-05 1.685745640316861227e+01 1.452583382818502374e+07
1.299637933210150904e-05 1.669734112477575394e+01 1.454925936223003827e+07
1.307905288533881481e-05 1.652864191094449708e+01 1.455438463023412041e+07
1.343920444973699781e-05 1.631548198940700800e+01 1.450878526486993209e+07
1.365339158139505052e-05 1.608780804972304068e+01 1.443809272304236516e+07
1.380263483487806033e-05 1.586130337053530681e+01 1.435515309757811017e+07
1.424226000133006000e-05 1.560198947196975716e+01 1.422836989984237030e+07
1.443741870033569663e-05 1.535151017224664827e+01 1.409505609917841852e+07
1.456405771657727197e-05 1.512325890508510184e+01 1.396665223172954097e+07
1.509104067251103886e-05 1.487015708022273230e+01 1.379938937770045549e+07
1.529592555561153832e-05 1.464024777397402843e+01 1.363782803874328174e+07
1.542306738290046572e-05 1.444574945453845061e+01 1.349271310222114064e+07
1.592948985156809085e-05 1.424358903277158639e+01 1.332387964727904275e+07
1.598980177088571192e-05 1.409007373923495443e+01 1.318446414256701432e+07
1.601458395557358306e-05 1.398797238917218344e+01 1.307652839712654799e+07
1.639691967694625215e-05 1.389520060164171511e+01 1.296103686085507832e+07
1.633760724835582002e-05 1.386192049059471287e+01 1.288541172069197334e+07
1.628497629246905711e-05 1.388404731986540774e+01 1.284515742927515693e+07
1.649521342073925227e-05 1.392877150581955270e+01 1.281006634881027043e+07
1.621895348840236511e-05 1.404850980712064867e+01 1.282865027754496969e+07
1.602308397549997046e-05 1.422895164528646461e+01 1.288666363655809872e+07
1.597693138388072315e-05 1.444748901804203456e+01 1.296360087369416282e+07
1.553259786289678282e-05 1.474691744623769907e+01 1.309781534243792854e+07
1.522284308246698914e-05 1.510490889923891622e+01 1.326832256484771147e+07
1.502920334994504504e-05 1.550047660123425786e+01 1.345701258731083199e+07
1.452001966360861156e-05 1.596947734457645574e+01 1.369543845633152127e+07
1.416204642442582120e-05 1.648464463659162860e+01 1.395994939692423865e+07
1.393427675745406727e-05 1.701954043229644142e+01 1.422971568220201135e+07
1.351554304509425931e-05 1.759538866613225494e+01 1.452452178617092408e+07
1.322223044897753418e-05 1.818444693503845144e+01 1.482326462369502522e+07
1.318847052808985902e-05 1.873494215346896397e+01 1.508738133644749783e+07
1.309235280287557023e-05 1.924949789516644927e+01 1.532361492719387636e+07
1.304610524015296893e-05 1.971278722108149495e+01 1.552372316051933914e+07
1.357404841867196909e-05 2.001909849682899534e+01 1.560936165431792662e+07
1.397133803656230778e-05 2.019722303710010536e+01 1.560857612821919471e+07
1.428165200940885843e-05 2.027194379516744860e+01 1.554291250507907011e+07
1.533034244575387977e-05 2.013125074038832807e+01 1.532839977751172334e+07
1.604719115337256390e-05 1.986235853235541171e+01 1.503322226829619333e+07
1.653759656669042703e-05 1.952828782874463087e+01 1.470291754485393502e+07
1.806800914479432440e-05 1.899845545852058493e+01 1.423723790852738731e+07
1.888173019583555347e-05 1.842381336813635073e+01 1.374813149078113586e+07
1.937291116087439156e-05 1.787324568043225170e+01 1.328250585576779768e+07
2.097536746215433775e-05 1.722292606378715973e+01 1.274558712052216195e+07
2.147102345077206721e-05 1.664036949054346692e+01 1.226017859929717891e+07
2.172693610508500005e-05 1.615675040900492831e+01 1.184536993682426214e+07
2.329916854598477425e-05 1.562918220934632174e+01 1.139479135804559104e+07
2.352955496919431912e-05 1.521619791898193874e+01 1.102407131156633981e+07
2.361989073034867332e-05 1.492427146471196941e+01 1.073454949203599803e+07
2.519544418194489264e-05 1.460280146150303082e+01 1.041674362027397193e+07
2.507314767054896464e-05 1.442235425341835153e+01 1.019283806620663218e+07
2.497178063602280550e-05 1.436870270552477180e+01 1.004882487722761929e+07
2.645626295577358910e-05 1.428771920359316461e+01 9.875624263596959412e+06
2.612320958780899204e-05 1.435025197045695577e+01 9.791943799025416374e+06
2.592319117917883377e-05 1.453337814882222112e+01 9.777599326900716871e+06
2.726845623625949951e-05 1.468739726598927575e+01 9.730446659607956186e+06
2.669835408162642981e-05 1.499266848704531974e+01 9.770534832944788039e+06
2.638630363946749640e-05 1.541589397495001101e+01 9.870993128846231848e+06
2.755995466411790472e-05 1.580524629069073583e+01 9.933266572223637253e+06
2.677585755168590569e-05 1.635671625114623851e+01 1.008122984488378279e+07
2.635913164749475776e-05 1.702517860067433375e+01 1.028154642739648931e+07
2.726982362686845116e-05 1.765931221802657092e+01 1.044184833916702867e+07
2.631591839895161265e-05 1.846696529992429348e+01 1.068594182497747242e+07
2.580854838069293399e-05 1.938917977464442544e+01 1.097436270102659985e+07
2.640006558554282686e-05 2.027919659186331813e+01 1.122374708402611315e+07
2.534296551328166981e-05 2.134893695760536048e+01 1.155268411182918772e+07
2.476956596685593058e-05 2.252422546217740162e+01 1.191659693153495714e+07
2.504577905446728396e-05 2.366653505661965440e+01 1.224302496810949966e+07
2.390553105874753694e-05 2.499077400415560035e+01 1.264510575298700668e+07
2.326221514885098364e-05 2.640432920044217013e+01 1.307299682915678620e+07
2.321676008547199910e-05 2.778308597495402310e+01 1.346752012426837534e+07
2.207043103685029655e-05 2.932556538201790275e+01 1.392790302203655429e+07
2.139073474966759556e-05 3.092235037063750980e+01 1.440157153481923230e+07
2.111592468015315995e-05 3.246260985290510348e+01 1.484116023765831254e+07
2.007456462313963606e-05 3.410796013906811197e+01 1.532529558001601510e+07
1.942502465128861388e-05 3.574037348098159583e+01 1.580350272646987997e+07
1.904832275546941282e-05 3.726055468761725820e+01 1.623832199704793282e+07
1.820412571757825152e-05 3.877804518954280155e+01 1.668412034421769530e+07
1.765370066954196371e-05 4.018078543573146533e+01 1.709808112027953193e+07
1.732516968578010695e-05 4.137302767241734358e+01 1.744713975491441786e+07
1.679422391046090428e-05 4.240181991464488220e+01 1.775836313556614518e+07
1.644306557280802221e-05 4.318917802546278040e+01 1.800497012093818188e+07
1.634578587539707969e-05 4.363680505134093579e+01 1.815174656782500073e+07
1.618431229015382256e-05 4.377263019640351160e+01 1.821419711313970387e+07
1.608726956366814036e-05 4.358791160715980340e+01 1.818992581063155830e+07
1.628160951835558285e-05 4.300708917630060313e+01 1.804648817430679128e+07
1.642389996784263852e-05 4.209692436776560953e+01 1.780801083608122543e+07
1.652703891558180929e-05 4.092477629344926982e+01 1.749635936619308591e+07
1.708792624139310134e-05 3.940534755270391543e+01 1.706649448563730344e+07
1.745163836756377906e-05 3.768610563794097601e+01 1.657127365613347664e+07
1.767816876523898916e-05 3.587808274231468886e+01 1.604815401491951197e+07
1.845581747517451287e-05 3.389588727686847136e+01 1.544829915196600370e+07
1.881659830559951940e-05 3.192508263688744208e+01 1.484541761021717452e+07
1.900412238159387900e-05 3.004932136719232716e+01 1.427051582511120103e+07
1.982375900875383074e-05 2.816110730362068182e+01 1.366709582828631066e+07
2.006682414283374427e-05 2.642152838655460556e+01 1.310844203701878898e+07
2.015510097645824620e-05 2.486597405369080604e+01 1.261075172308178432e+07
2.088178000108360840e-05 2.338175295987743141e+01 1.211737050569220074e+07
2.083734401792769787e-05 2.210698271084116939e+01 1.170061671989068203e+07
2.074004676978874711e-05 2.103086249045646738e+01 1.135792333600969240e+07
2.121743605794081068e-05 2.005153584022575330e+01 1.103790976582839340e+07
2.087115541501013296e-05 1.927830926939763145e+01 1.080392592596507259e+07
2.059657982803817023e-05 1.867676945580984338e+01 1.064065283307437599e+07
2.090446386326249320e-05 1.815170474811638712e+01 1.049739067471119389e+07
2.035509031175532834e-05 1.780521543729246403e+01 1.043602683422002941e+07
1.996780004357044864e-05 1.759675112434841893e+01 1.043549008539588191e+07
2.003795999433085676e-05 1.745345203588160032e+01 1.045504548320387676e+07
1.933769300661185826e-05 1.746520139182328890e+01 1.055052170518505946e+07
1.886266003747288201e-05 1.758863297755955202e+01 1.069709554587259144e+07
1.869932754014567972e-05 1.777135789080661610e+01 1.086450635059728660e+07
1.796620944090636377e-05 1.808269265688450034e+01 1.109645158679519594e+07
1.747107429478055910e-05 1.847942247429438112e+01 1.136708200403437018e+07
1.718529703927286020e-05 1.892188897505221945e+01 1.165333966019620374e+07
1.643098925438269550e-05 1.947315704503098033e+01 1.199535510745639727e+07
1.591212312781767078e-05 2.008722804465762124e+01 1.236563283204973675e+07
1.556399388285594884e-05 2.072567867169592759e+01 1.274249327267502435e+07
1.494960410154112650e-05 2.142541562977416092e+01 1.315077656759280339e+07
1.452137539092446985e-05 2.214231511590658386e+01 1.356543692985343561e+07
1.427042089260495746e-05 2.283067341509461201e+01 1.396164548072327860e+07
1.393614749759853645e-05 2.349621644463953984e+01 1.434631464229868539e+07
1.371007595272403894e-05 2.410609757089840954e+01 1.470263863659599796e+07
1.369837543181471899e-05 2.460513893682587039e+01 1.500059001118895970e+07
1.367064914035003042e-05 2.499158481686318822e+01 1.524243066993593983e+07
1.367464562105148321e-05 2.525665680170506988e+01 1.542515120330431499e+07
1.391343533998520015e-05 2.535078068934927842e+01 1.552013240829326771e+07
1.411091187337422429e-05 2.529374788529034745e+01 1.554009870561653562e+07
1.427060628414166089e-05 2.510791793530357907e+01 1.549784604882645048e+07
1.470069134644294685e-05 2.475290579463022667e+01 1.536659543795329891e+07
1.497794438147115376e-05 2.428635314038625737e+01 1.517931160257457197e+07
1.517396681800780077e-05 2.374728047368115114e+01 1.495661319264793582e+07
1.563553849234072994e-05 2.310496507406747213e+01 1.467543156372105703e+07
1.582544825996915727e-05 2.243607468081947687e+01 1.438063426502453350e+07
1.593889985516189000e-05 2.177007996342142704e+01 1.408746876154902950e+07
1.631988885951130778e-05 2.107255185748403292e+01 1.377087483654393256e+07
1.636613314433841830e-05 2.041481512329439241e+01 1.347501013559787534e+07
1.636881020906630062e-05 1.980825899366301712e+01 1.320549165956121311e+07
1.662310597034411262e-05 1.921569514261183187e+01 1.293652742647535168e+07
1.649392007690348276e-05 1.870021192327447679e+01 1.270987894540277123e+07
1.637376142521738251e-05 1.825629504481633347e+01 1.252146150889683515e+07
1.651204328210029604e-05 1.784249898554687519e+01 1.234313884034327604e+07
1.627315400717065514e-05 1.751172394639385743e+01 1.221181468022224307e+07
1.608154120745588941e-05 1.725054611313266406e+01 1.211842407995335199e+07
1.604716407220078617e-05 1.703103093262869194e+01 1.204413705358570442e+07
1.568839049829669240e-05 1.689369965093949233e+01 1.201835917596911825e+07
1.541733390550967521e-05 1.681859825584776047e+01 1.202750243173346110e+07
1.525110818451132712e-05 1.678438031362705374e+01 1.205732581540564634e+07
1.483663952067310380e-05 1.682039268616498973e+01 1.212983733624068648e+07
1.452875809961892048e-05 1.690420208911031352e+01 1.222962520207882859e+07
1.430229739935476603e-05 1.701753490537866753e+01 1.234467308961149305e+07
1.387287268789610274e-05 1.718469032921248640e+01 1.249375151419065520e+07
1.355361191344626316e-05 1.738225196999612265e+01 1.266088885947682709e+07
1.336241486375678199e-05 1.758406592451866501e+01 1.282860495753460377e+07
1.309533830745885887e-05 1.779704432654082424e+01 1.300348322843919508e+07
1.290101362163561266e-05 1.800444853296963643e+01 1.317466100304638967e+07
1.293347868780468406e-05 1.816522738654409252e+01 1.331367755157290027e+07
1.292892145278194810e-05 1.828462112968966835e+01 1.342579605362533592e+07
1.293641903189171778e-05 1.836102122987048091e+01 1.351060051926909387e+07
1.329626203424497569e-05 1.833898385685318644e+01 1.352783625088182837e+07
1.357317038456344298e-05 1.824150382880425880e+01 1.349457776636306383e+07
1.378278970437273718e-05 1.808959800803070905e+01 1.342531731763601303e+07
1.443244167418251978e-05 1.782639335114438595e+01 1.327654346184898168e+07
1.485176825263400360e-05 1.750680399259987041e+01 1.308758322045672871e+07
1.514126176685906652e-05 1.716519667211350963e+01 1.288162182595179044e+07
1.595012338880530864e-05 1.674254590340741444e+01 1.261229063040396944e+07
1.633173252510745967e-05 1.631772021137489048e+01 1.233721851012877002e+07
1.657051571097129482e-05 1.591967845880584242e+01 1.207598818989234604e+07
1.729930690044506812e-05 1.549452958889834520e+01 1.178642521686294116e+07
1.746119039142890125e-05 1.512222683102105414e+01 1.152861087178465538e+07
1.754122146066334220e-05 1.481262508282043555e+01 1.130876022472396120e+07
1.821774148970117739e-05 1.449788057310021294e+01 1.107476110593471676e+07
1.820918407049887202e-05 1.425887049392865435e+01 1.088852502209204435e+07
1.817837546043927702e-05 1.409362542344692315e+01 1.074750812385349721e+07
1.871601746254629651e-05 1.393781979832285245e+01 1.060259665210924856e+07
1.850083448340185933e-05 1.387121807711695709e+01 1.051478252195183933e+07
1.834324951454353154e-05 1.388126373471635766e+01 1.047327140345878340e+07
1.876473730476822235e-05 1.390196998200882739e+01 1.042815328405416012e+07
1.848360607898300351e-05 1.400610170197727555e+01 1.043435518878128380e+07
1.829393608522575441e-05 1.417835164002997850e+01 1.047900139041478746e+07
1.857225541122222605e-05 1.436327592614982684e+01 1.052091843133206107e+07
1.813528603870134603e-05 1.463674400931290087e+01 1.061588708919992484e+07
1.784996701745742689e-05 1.497609843915476979e+01 1.074578320179879665e+07
1.802581434233290682e-05 1.532232095756587498e+01 1.086827082388396002e+07
1.758125127402628151e-05 1.574564619198600290e+01 1.103377592256752588e+07
1.729572696407472550e-05 1.622119345697996451e+01 1.122366022122683190e+07
1.735543312896276538e-05 1.669868183736181422e+01 1.140372004406009801e+07
1.687189853486818861e-05 1.724505679194109931e+01 1.162072843858581223e+07
1.655895378804089375e-05 1.783065566712195604e+01 1.185420673806106113e+07
1.649733221563960567e-05 1.841173444042236085e+01 1.207644782534663938e+07
1.606010755895714837e-05 1.903777506103414652e+01 1.232171995802455209e+07
1.577611845934808710e-05 1.967733631124619365e+01 1.257049821998701617e+07
1.563653030548085070e-05 2.029813286163344443e+01 1.280452657140335254e+07
1.518772732479485221e-05 2.094447042615959731e+01 1.305425029508527741e+07
1.488672531724189012e-05 2.158123821271128406e+01 1.329960374111379310e+07
1.470340108675589266e-05 2.217684056259777847e+01 1.352430531360222213e+07
1.434308024249010857e-05 2.275614306118472996e+01 1.374677666941144317e+07
1.409869119926811912e-05 2.328714074737710149e+01 1.395050781341059692e+07
1.394287346276989242e-05 2.374310536716760112e+01 1.412302512621707097e+07
1.374279344191575292e-05 2.412673686517934613e+01 1.426924303523901477e+07
1.361077210896983348e-05 2.441840200780336900e+01 1.438032934900849126e+07
1.352883932557889386e-05 2.460446152699206124e+01 1.445078604009012692e+07
1.348261098787784423e-05 2.467757070111462880e+01 1.447812794274748862e+07
1.346053075060604537e-05 2.463607830671826804e+01 1.446237591649917513e+07
1.346181120117345614e-05 2.448146998404876840e+01 1.440450286119751260e+07
1.346032428033079484e-05 2.422347428958405402e+01 1.430946759356430918e+07
1.346098182531796006e-05 2.387236283048519780e+01 1.418179054948453046e+07
1.353427612373066592e-05 2.342534632918806992e+01 1.401759524011870287e+07
1.358252022938042577e-05 2.290268608106962489e+01 1.382613432229911536e+07
1.360982036893339886e-05 2.232344379194469397e+01 1.361555044990012422e+07
1.370082882437207248e-05 2.168958678589126521e+01 1.338351187978338636e+07
1.372844128939335267e-05 2.102805430142329968e+01 1.314299740889836662e+07
1.372993344562190824e-05 2.035577473720148944e+01 1.290110381978778355e+07
1.381707230753912530e-05 1.966824152267194492e+01 1.265180882652886957e+07
1.380656133591003368e-05 1.899295100817950299e+01 1.240983133142150939e+07
1.377306390911777797e-05 1.834064047031317912e+01 1.217973479704450071e+07
1.378334068747367832e-05 1.770933895434616545e+01 1.195835977045418322e+07
1.369008140504242344e-05 1.711911947706749260e+01 1.175782621611503325e+07
1.359260994221561558e-05 1.657149013229816958e+01 1.157832898818959855e+07
1.354218036302785440e-05 1.605969589916965035e+01 1.141473941745388508e+07
1.339628812485584429e-05 1.559718087896077954e+01 1.127642985911213420e+07
1.326132715129855149e-05 1.518038207379279214e+01 1.116101235652821697e+07
1.315867541577087555e-05 1.480277193917937062e+01 1.106411354758735560e+07
1.295067528749369673e-05 1.447608185407042569e+01 1.099505475334891304e+07
1.277192175953094345e-05 1.419281989791240228e+01 1.094894364928612858e+07
1.262599237575093948e-05 1.394544721584538927e+01 1.092086053213221580e+07
1.243454736886572104e-05 1.373696577629292292e+01 1.091396936705482379e+07
1.227331206721233985e-05 1.356046890619299461e+01 1.092359790955942124e+07
1.213727115607564662e-05 1.341014383309177660e+01 1.094585791382909194e+07
1.201665757611706411e-05 1.328197257655419783e+01 1.097812131315727532e+07
1.191427444517472082e-05 1.317196936865262913e+01 1.101764230522030406e+07
1.182734341770531807e-05 1.307683053132241469e+01 1.106212929891858622e+07
1.175351089975736269e-05 1.299382579706006702e+01 1.110967652855265141e+07
1.169077637876278919e-05 1.292069444598113215e+01 1.115870427554111928e+07
1.163743500747576760e-05 1.285556297063735798e+01 1.120791046349871904e+07
1.159203125256511794e-05 1.279687902847837222e+01 1.125623076239562966e+07
1.155332094849478854e-05 1.274335789329173174e+01 1.130280517643678375e+07
1.152023997848840196e-05 1.269393861525116129e+01 1.134694965742927231e+07
1.149187823257472102e-05 1.264774781249329649e+01 1.138813168808371015e+07
1.146745765545179650e-05 1.260406955180543775e+01 1.142594908315027505e+07
1.149095962821803671e-05 1.255709155206974437e+01 1.145534161564449780e+07
1.150047730201177575e-05 1.250895928067908969e+01 1.147844052401714213e+07
1.150615699007732658e-05 1.246058258066546820e+01 1.149616892924030311e+07
1.156529600528746419e-05 1.240612514248530829e+01 1.150324198408770934e+07
1.158025671104297093e-05 1.235175888390642562e+01 1.150547968964394554e+07
1.158938878824753938e-05 1.229874968754818099e+01 1.150406996225093491e+07
1.165516688135602007e-05 1.224098848803623163e+01 1.149339006229161657e+07
1.167660532519000715e-05 1.218458152245728776e+01 1.147927248274031095e+07
1.169012691948139426e-05 1.213102045251067551e+01 1.146311509325565584e+07
1.173873868606081939e-05 1.207667697845923271e+01 1.144157607008176669e+07
1.171725293351206093e-05 1.203004374275767141e+01 1.142281997217810713e+07
1.169705095391636731e-05 1.199077022022469663e+01 1.140656764480057545e+07
1.171553985757099757e-05 1.195411483612596726e+01 1.138851907881149463e+07
1.167147033877909895e-05 1.192700490057630347e+01 1.137550195533575118e+07
1.163447202222816749e-05 1.190796249417863351e+01 1.136625155371335521e+07
1.162769598645809079e-05 1.189281777877145529e+01 1.135708169756383635e+07
1.156008146925581336e-05 1.188784501543020156e+01 1.135428630446515791e+07
1.150579236626067912e-05 1.189045938586559181e+01 1.135562756536332704e+07
1.148537269713542927e-05 1.189574561280347176e+01 1.135679944882377423e+07
1.142781923887428856e-05 1.190714093048362976e+01 1.136147290061969683e+07
1.138272328649632432e-05 1.192223404395617159e+01 1.136765868543992937e+07
1.136306265975141549e-05 1.193718942046070630e+01 1.137211295058283396e+07
1.132372324236507197e-05 1.195359954981635653e+01 1.137675738119359501e+07
1.129346195796540614e-05 1.196970203434191760e+01 1.138025350122422166e+07
1.127060669346622278e-05 1.198399209600169790e+01 1.138155521345738508e+07
1.125371187290849811e-05 1.199528818196480628e+01 1.137990206685614027e+07
1.124153085760430579e-05 1.200269471714787173e+01 1.137477799719876796e+07
1.123299273061690210e-05 1.200556819850380741e+01 1.136587428422139771e+07
1.122718259370628118e-05 1.200348580441831459e+01 1.135305607931174710e+07
1.122332437947089801e-05 1.199621606614699587e+01 1.133633212391402386e+07
1.122076548635045030e-05 1.198369139584125520e+01 1.131582744057055749e+07
1.121896323275413302e-05 1.196598236811134086e+01 1.129175881803329289e+07
1.121747248005136818e-05 1.194327378426728004e+01 1.126441299236118235e+07
1.121593441434986797e-05 1.191584256367633010e+01 1.123412741435614228e+07
1.121406620210437217e-05 1.188403753242393890e+01 1.120127350292630121e+07
1.121165153034272974e-05 1.184826115206305630e+01 1.116624225622362830e+07
1.120853194243810784e-05 1.180895320905684365e+01 1.112943207682052813e+07
1.120459886434174768e-05 1.176657646003908475e+01 1.109123865683156252e+07
1.119978640514395879e-05 1.172160418285954897e+01 1.105204674147521518e+07
1.119406474832331049e-05 1.167450956631262571e+01 1.101222359735219926e+07
1.118743417021044099e-05 1.162575684137423870e+01 1.097211400218919292e+07
1.117991967415093227e-05 1.157579403184181821e+01 1.093203657006661035e+07
1.117156619166034919e-05 1.152504718688863328e+01 1.089228123412607238e+07
1.116243421738991127e-05 1.147391596317062223e+01 1.085310773007060774e+07
1.115259606952316460e-05 1.142277039339398925e+01 1.081474490798817016e+07
1.114213255267015885e-05 1.137194869808327091e+01 1.077739073631865159e+07
1.113112990934947648e-05 1.132175601390066788e+01 1.074121288346979581e+07
1.111967742596026027e-05 1.127246387182744591e+01 1.070634973350718617e+07
1.110786519874749573e-05 1.122431032250507421e+01 1.067291175815054774e+07
1.109578230874450756e-05 1.117750058473205854e+01 1.064098314940163866e+07
1.108351538876177757e-05 1.113220810443352704e+01 1.061062362964267097e+07
1.107114752047928616e-05 1.108857592925445523e+01 1.058187037231178395e+07
1.105875721027874023e-05 1.104671833861041819e+01 1.055473999879073165e+07
1.104641784047141464e-05 1.100672263347720303e+01 1.052923058298919536e+07
1.103419710803332508e-05 1.096865105254754091e+01 1.050532365099507384e+07
1.102215671119187021e-05 1.093254275668406628e+01 1.048298614014354348e+07
1.101035209057901237e-05 1.089841585135044788e+01 1.046217230488443002e+07
1.099883227413562651e-05 1.086626941419212855e+01 1.044282555408166349e+07
1.098763985981850605e-05 1.083608549609722616e+01 1.042488020318710990e+07
1.097681107781686580e-05 1.080783107467089721e+01 1.040826313281839341e+07
1.096637596370677942e-05 1.078145993942670167e+01 1.039289534356209263e+07
1.095635854281287761e-05 1.075691450141668248e+01 1.037869340771798790e+07
1.094677708519647495e-05 1.073412751500898743e+01 1.036557081317551434e+07
1.093764445899268896e-05 1.071302369957111367e+01 1.035343919300762750e+07
1.092896857472307859e-05 1.069352125239659479e+01 1.034220943593099155e+07
1.092075270253411639e-05 1.067553326719642115e+01 1.033179269409687631e+07
1.091965044198236927e-05 1.065829110821855430e+01 1.032144476814391464e+07
1.091654329458280116e-05 1.064203235800871461e+01 1.031139999188761599e+07
1.091310298532773133e-05 1.062681426818320141e+01 1.030170624173914455e+07
1.097004307068819369e-05 1.060652412685285917e+01 1.028643480356226116e+07
1.100627451047686266e-05 1.058399129128966187e+01 1.026833313962968998e+07
1.103357323840255434e-05 1.056078538732713845e+01 1.024878611265478842e+07
1.109610074367499229e-05 1.053386381631405300e+01 1.022473270418476500e+07
1.110335869750782998e-05 1.050959784567151090e+01 1.020226698808448575e+07
1.110702039018090102e-05 1.048861783321859775e+01 1.018182136915986799e+07
1.115569853497897416e-05 1.046648948979430926e+01 1.015902842955418304e+07
1.116254758581505109e-05 1.044787354321698025e+01 1.013837511039688811e+07
1.116599564664119377e-05 1.043324549106305810e+01 1.012018654570050351e+07
1.121818153097627930e-05 1.041775250546336551e+01 1.009971278527635522e+07
1.119797321670936258e-05 1.040897438905838612e+01 1.008428850221016258e+07
1.118039242496556946e-05 1.040641190603809818e+01 1.007329870754283294e+07
1.121843622750047391e-05 1.040414199823508490e+01 1.006104368731274642e+07
1.120534928764304270e-05 1.040733675406944769e+01 1.005259142034134269e+07
1.119425110519458348e-05 1.041553162302963287e+01 1.004743595273029990e+07
1.126551921005341642e-05 1.042021110657694294e+01 1.003743108357233368e+07
1.127372084479494208e-05 1.042805309887219067e+01 1.002912004120225459e+07
1.127965908037353092e-05 1.043930064368836064e+01 1.002264886679379083e+07
1.131827075839532608e-05 1.045053349017396016e+01 1.001477471627132222e+07
1.129758621186253207e-05 1.046770421560699305e+01 1.001126445060514659e+07
1.128125131197667555e-05 1.048995081041038269e+01 1.001126220299313776e+07
1.128569406289216377e-05 1.051463844735639341e+01 1.001235778236266412e+07
1.123716689333938983e-05 1.054666520945873565e+01 1.001933322385508753e+07
1.119985749152533510e-05 1.058405960772429744e+01 1.003037618343373947e+07
1.117627213771375240e-05 1.062453671470992589e+01 1.004352004093821533e+07
1.109647643419598589e-05 1.067303736476271325e+01 1.006363627648860775e+07
1.103492230350819533e-05 1.072645135993324850e+01 1.008795530337245576e+07
1.098854959460934028e-05 1.078196578872407763e+01 1.011415623208520189e+07
1.095472265829669038e-05 1.083723751010542458e+01 1.014037881440882385e+07
1.093116566066137772e-05 1.089034178032054889e+01 1.016516121352857351e+07
1.091591196697065440e-05 1.093972937582693028e+01 1.018738705686791055e+07
1.090726350849184400e-05 1.098418907428153446e+01 1.020623912616419047e+07
1.090375780781397627e-05 1.102281341381181257e+01 1.022115795434904844e+07
1.090414044395823375e-05 1.105496646906934366e+01 1.023180427952321805e+07
1.090734170799744773e-05 1.108025293717284754e+01 1.023802472998299263e+07
1.091245629552163390e-05 1.109848823984295052e+01 1.023982041327072121e+07
1.091872539846401669e-05 1.110966960675705550e+01 1.023731824472643808e+07
1.092552046938544771e-05 1.111394828074229224e+01 1.023074495920053497e+07
1.093232878594338469e-05 1.111160304870215221e+01 1.022040375251010433e+07
1.094192122409107904e-05 1.110267813337451770e+01 1.020634354001815245e+07
1.094698712653834160e-05 1.108807828944261864e+01 1.018936894512092508e+07
1.095119307705515333e-05 1.106831597298501535e+01 1.016988386408818141e+07
1.098212797226896906e-05 1.104100772059976165e+01 1.014561118204050697e+07
1.099234361755677923e-05 1.100913489014799218e+01 1.011917925952680223e+07
1.099942713577769986e-05 1.097367561180508666e+01 1.009128969014825672e+07
1.104277571107201818e-05 1.093140968020273007e+01 1.005880182475069351e+07
1.105060318641756611e-05 1.088703979334253447e+01 1.002585350202949904e+07
1.105463500259605595e-05 1.084162939945616877e+01 9.993142696205489337e+06
1.108380353977944893e-05 1.079309254845920307e+01 9.958526590013129637e+06
1.107336078415156615e-05 1.074625628373022401e+01 9.926246332576259971e+06
1.106229490150339081e-05 1.070151177677428400e+01 9.896401751614937559e+06
1.106975467597194436e-05 1.065714742076984400e+01 9.867233757945973426e+06
1.104366230801994667e-05 1.061691684077057296e+01 9.842056843596223742e+06
1.102028756494246599e-05 1.058052592029229544e+01 9.820413994019024074e+06
1.100435705205717779e-05 1.054710667606089203e+01 9.801397205021359026e+06
1.096978324413099214e-05 1.051848380922299775e+01 9.786614391287418082e+06
1.094005938739235819e-05 1.049390451295096760e+01 9.775280206749122590e+06
1.091453135955986866e-05 1.047266108506575044e+01 9.766705525116682053e+06
1.089262560831143903e-05 1.045415169055956284e+01 9.760307525742653757e+06
1.087383942573725763e-05 1.043786616766305997e+01 9.755595084296999499e+06
1.085773257620476750e-05 1.042337380222156895e+01 9.752156219553848729e+06
1.084391977897102927e-05 1.041031275393168976e+01 9.749647266141904518e+06
1.083206426086632451e-05 1.039838084920660854e+01 9.747783479750292376e+06
1.082187206728216202e-05 1.038732753032029699e+01 9.746330856606189162e+06
1.081308718432431956e-05 1.037694677826632095e+01 9.745098977725645527e+06
1.080548706236019145e-05 1.036707089235784274e+01 9.743934752846509218e+06
1.079999242687638369e-05 1.035745415820433912e+01 9.742612668858669698e+06
1.079488410560179829e-05 1.034804629768241568e+01 9.741091648685110733e+06
1.079039866654831755e-05 1.033878147776038148e+01 9.739313981428084895e+06
1.082553890114373675e-05 1.032572976082749250e+01 9.733580354785582051e+06
1.083710528250131080e-05 1.031169299697072539e+01 9.726535393975647166e+06
1.084555719712835220e-05 1.029729454606061445e+01 9.718682360820254311e+06
1.088543979856786248e-05 1.027963804016007465e+01 9.707241746012825519e+06
1.089558635184411795e-05 1.026219858706673627e+01 9.695455872901180759e+06
1.090242085929501688e-05 1.024559278512751348e+01 9.683796967797487974e+06
1.092479786756600773e-05 1.022844716858275937e+01 9.670912310012465343e+06
1.090646790763602798e-05 1.021503725449803746e+01 9.660801708750555292e+06
1.089061086340529731e-05 1.020498676773665458e+01 9.653033475255561993e+06
1.088345221859012379e-05 1.019719773758289172e+01 9.646582755071530119e+06
1.085019674477997244e-05 1.019406148833408388e+01 9.643735617980821058e+06
1.082285061950951391e-05 1.019456896010100699e+01 9.643551487896410748e+06
1.080058328397948265e-05 1.019776521107301370e+01 9.645208534093193710e+06
1.078265826525035226e-05 1.020283283780459449e+01 9.648020744154211134e+06
1.076842292343916322e-05 1.020907689735582657e+01 9.651421234194638208e+06
1.075729970257574723e-05 1.021591174826426851e+01 9.654947609695758671e+06
1.074877861517485676e-05 1.022284939179365182e+01 9.658228986309859902e+06
1.074241047067168688e-05 1.022948902128571547e+01 9.660974402294499800e+06
1.076738034873616131e-05 1.023259214848044962e+01 9.660210087340869009e+06
1.078117964965040143e-05 1.023347830795826852e+01 9.657265570667803288e+06
1.079262030166645279e-05 1.023258624126174254e+01 9.652562422921951860e+06
1.097886207502049375e-05 1.021297478334772713e+01 9.630142705820458010e+06
1.112436115729750781e-05 1.018093437405754109e+01 9.595982300933819264e+06
1.123680283836226843e-05 1.014202793851747053e+01 9.554960054709207267e+06
1.162923070460197443e-05 1.007177524879295305e+01 9.483680863605258986e+06
1.190421702590970292e-05 9.986673112272940855e+00 9.397441029252979904e+06
1.210673403370720534e-05 9.897893899451434052e+00 9.305906375524258241e+06
1.273973038748965490e-05 9.770872518941525087e+00 9.175942228887239471e+06
1.312307663049599699e-05 9.635924530510967756e+00 9.035682124636881053e+06
1.338919992816839122e-05 9.508508197905515047e+00 8.898457397660162300e+06
1.419308235809566248e-05 9.348911023535951159e+00 8.726429286360427737e+06
1.457928138531340815e-05 9.199232950891008898e+00 8.558772294176639989e+06
1.482994965396711904e-05 9.073725127839919580e+00 8.407566727179836482e+06
1.569136142938934629e-05 8.929306042027297607e+00 8.232409556725533679e+06
1.598622598757524027e-05 8.813694135266226581e+00 8.077497236491622403e+06
1.616421438678275040e-05 8.736096403794814336e+00 7.950048951061120257e+06
1.694582140779668094e-05 8.654738907311664065e+00 7.811579742070060223e+06
1.702865828945234090e-05 8.620363191630783462e+00 7.708057561162617989e+06
1.706696826300985607e-05 8.634232991604099183e+00 7.638991195970069617e+06
1.761981588249690009e-05 8.659793746767606493e+00 7.571264893710721284e+06
1.743368168193970384e-05 8.746858574784916129e+00 7.548124093313083984e+06
1.730512948885761911e-05 8.888612318065153062e+00 7.561450315148249269e+06
1.771128624589883761e-05 9.045355455273970335e+00 7.576410528445598669e+06
1.734505816115923575e-05 9.270620114851974236e+00 7.637334718211359344e+06
1.710814678697187272e-05 9.552557962817212811e+00 7.731810312203614973e+06
1.730470580129359249e-05 9.855679032015594032e+00 7.829953761198453605e+06
1.680436413298861398e-05 1.023258023167211839e+01 7.972885696610291488e+06
1.648351242855363133e-05 1.066649587977364178e+01 8.144920686697119847e+06
1.648798913527973223e-05 1.112605532366701588e+01 8.321244316030093469e+06
1.597518287806354176e-05 1.165512396506796655e+01 8.534339404663983732e+06
1.564664591433815138e-05 1.223333509548055886e+01 8.767585709040837362e+06
1.552979323784633571e-05 1.283446361453758655e+01 9.002279888903165236e+06
1.496772046065777441e-05 1.350186420871113668e+01 9.269281055032625794e+06
1.459737858910336463e-05 1.420913556967355795e+01 9.549868611096570268e+06
1.439849064283315348e-05 1.492809681598275517e+01 9.826491321478832513e+06
1.392013828620545473e-05 1.568760308102190315e+01 1.012008282249816693e+07
1.360175009216798332e-05 1.645785954262667872e+01 1.041291213964178972e+07
1.340262206833836533e-05 1.721122062785454077e+01 1.069065053743872419e+07
1.306976897315127140e-05 1.795815606900610106e+01 1.096344199776850455e+07
1.285228782897774883e-05 1.866944156950821210e+01 1.121696011712834612e+07
1.273139967699983841e-05 1.931744292012088948e+01 1.143906992169799469e+07
1.261267340239477012e-05 1.989190648746468426e+01 1.162831198188131116e+07
1.255228897429029524e-05 2.037393299324867257e+01 1.177792557668006979e+07
1.254450889764834475e-05 2.074767873495557780e+01 1.188277442985383421e+07
1.255454604679714291e-05 2.100691274617959081e+01 1.194265973926293850e+07
1.258430182000757352e-05 2.114814595444357082e+01 1.195807481634308957e+07
1.266535066114100511e-05 2.116504528806554575e+01 1.192700416777016595e+07
1.274136839165932102e-05 2.106579252439472683e+01 1.185464327794482373e+07
1.280864537614547275e-05 2.086169001775537168e+01 1.174688334431760572e+07
1.293237815119068331e-05 2.055369585614436545e+01 1.160296065948764421e+07
1.301748381897747501e-05 2.016287733039081687e+01 1.143273366752286814e+07
1.307748552024412478e-05 1.970755224123270466e+01 1.124393198296657763e+07
1.316395627632336486e-05 1.919633866205912298e+01 1.103855684824534506e+07
1.317928764922071535e-05 1.865432976473990578e+01 1.082798960067663342e+07
1.317462038544891621e-05 1.809525370923571685e+01 1.061722144910266064e+07
1.316889489290652592e-05 1.752799452627190391e+01 1.040876773788249865e+07
1.308096432154205900e-05 1.697244178276322657e+01 1.021204045058237389e+07
1.299145498424697386e-05 1.643306162981180663e+01 1.002776155022904649e+07
1.290057668584185822e-05 1.591316152392554706e+01 9.856385865996198729e+06
1.274828135533586869e-05 1.542358260430463446e+01 9.703379727618455887e+06
1.260728885724548381e-05 1.496308360372148982e+01 9.567093412261970341e+06
1.247581720171778258e-05 1.453040116101075441e+01 9.446113650650480762e+06
1.235247736184185105e-05 1.412449580217514189e+01 9.339265920393791050e+06
1.223619605620743999e-05 1.374446315159994292e+01 9.245553058122729883e+06
1.213183156166508865e-05 1.338878272469075803e+01 9.163636771553564817e+06
1.202621178877961689e-05 1.305759730499045190e+01 9.093376774172024801e+06
1.192595440898219615e-05 1.275007737726039636e+01 9.034042107743013650e+06
1.195703635161851222e-05 1.245095337854697171e+01 8.974561686109911650e+06
1.196572749597184320e-05 1.216494669137032325e+01 8.917854275560608134e+06
1.195737161686427051e-05 1.189577564137203680e+01 8.866132838807851076e+06
1.219020467434966494e-05 1.161903176305448682e+01 8.800591340387022123e+06
1.234924788788791164e-05 1.134777912751276574e+01 8.730208422649830580e+06
1.245383280460197539e-05 1.109158276231876883e+01 8.661454121540190652e+06
1.289082408108418989e-05 1.082082442291284963e+01 8.570394983893867582e+06
1.313834998361327113e-05 1.056095350286014067e+01 8.476277633642539382e+06
1.330104678191619443e-05 1.032386217363148084e+01 8.387904986862107180e+06
1.381586071368227513e-05 1.008072340459144378e+01 8.281469573269132525e+06
1.403531771718841984e-05 9.862946851536653625e+00 8.182516565943202935e+06
1.417103417772579472e-05 9.679148309125162442e+00 8.098001041887036525e+06
1.477166656223797645e-05 9.492174849943321391e+00 7.996966754062524065e+06
1.493764835288086851e-05 9.340897392662562027e+00 7.912451119764553383e+06
1.503304004730775841e-05 9.230483838616237335e+00 7.848760582247928716e+06
1.557986725060248617e-05 9.125755940570304148e+00 7.776290081926324405e+06
1.560176216462936055e-05 9.067776609180524972e+00 7.730544015091076493e+06
1.560137641428058604e-05 9.056075547289937688e+00 7.710833166909488849e+06
1.600103005663739013e-05 9.058935494707032632e+00 7.690290032045225613e+06
1.588752780557035969e-05 9.113907415539660661e+00 7.701121963238763623e+06
1.580310765533964059e-05 9.216185757510093168e+00 7.738524545509608462e+06
1.603199265177639602e-05 9.339619106038986374e+00 7.780328208261689171e+06
1.570402921266281725e-05 9.525212618953615262e+00 7.860608026204704307e+06
1.548061209117042683e-05 9.761874901922434233e+00 7.968867149118991569e+06
1.550489980645491759e-05 1.002643027316714175e+01 8.085715926315776072e+06
1.505167592276044409e-05 1.035647272301840971e+01 8.241140210645243526e+06
1.474510545168316939e-05 1.073642844013586739e+01 8.421295662935238332e+06
1.460460871651013805e-05 1.114743037176556584e+01 8.611088975368747488e+06
1.410687835317987435e-05 1.162049982121994063e+01 8.834379266263900325e+06
1.376689914801017725e-05 1.213619771763175592e+01 9.075569790626905859e+06
1.356824676860141054e-05 1.267427721448320987e+01 9.320108355577938259e+06
1.314094429673169459e-05 1.325547891621978991e+01 9.584256997334653512e+06
1.284894260064773909e-05 1.385805692219564200e+01 9.853026895880458876e+06
1.265989933793555566e-05 1.446164229150920733e+01 1.011402531435637362e+07
1.235930434763465402e-05 1.507359824707514662e+01 1.037497220860789716e+07
1.215915236963166201e-05 1.567188535451810694e+01 1.062329364283457771e+07
1.206054231292518968e-05 1.623273921030508760e+01 1.084644192008216120e+07
1.197082227583356113e-05 1.674656373786493546e+01 1.104193377196493931e+07
1.193024939027689713e-05 1.719833539212434559e+01 1.120369120763164200e+07
1.198889580033526296e-05 1.756611422834063774e+01 1.132126656934983470e+07
1.203445496626852389e-05 1.784876570377893401e+01 1.139747443774855696e+07
1.209212623021088864e-05 1.804321352202997630e+01 1.143308097949369438e+07
1.233724309246944710e-05 1.811971539321032054e+01 1.141143638528123498e+07
1.254107373257426302e-05 1.809202491690097503e+01 1.134272241256870516e+07
1.270745145089629612e-05 1.797543141191282245e+01 1.123667631403426453e+07
1.308693135802266792e-05 1.774651917358134412e+01 1.107808533120703883e+07
1.334919889917514222e-05 1.743992457227505000e+01 1.088733127166114934e+07
1.354046773326757088e-05 1.708116275422213093e+01 1.067808310143293627e+07
1.396394307554242287e-05 1.664966810144614939e+01 1.043508201310833730e+07
1.418418492867963556e-05 1.619168379640447597e+01 1.018475350367497467e+07
1.432691623920137291e-05 1.572958628007776660e+01 9.938333669096685946e+06
1.469754069267354293e-05 1.524246905276224773e+01 9.680250878139140084e+06
1.477730157673713355e-05 1.477846149002949261e+01 9.438958361434562132e+06
1.480904982192025407e-05 1.434739633960159111e+01 9.218798470919905230e+06
1.506682370775190185e-05 1.392461881127625567e+01 9.002655111776420847e+06
1.500135208980340420e-05 1.355142813955095349e+01 8.816209156376831234e+06
1.492865283870881085e-05 1.322683155853576054e+01 8.657946033914826810e+06
1.505295532841834139e-05 1.292703360049464223e+01 8.511946967693721876e+06
1.484902775673296719e-05 1.268678832013687163e+01 8.400878863650355488e+06
1.468185925218323692e-05 1.249764561362480819e+01 8.318928379249162972e+06
1.474480275535128552e-05 1.233159788294717174e+01 8.247593110742741264e+06
1.449575582423460953e-05 1.221943987969856416e+01 8.207606328033512458e+06
1.430241348171447541e-05 1.215108193608785925e+01 8.192140587997030467e+06
1.426013478714867730e-05 1.210701357597610972e+01 8.188324837914307602e+06
1.395974223361089174e-05 1.211156214755219906e+01 8.212882097202711739e+06
1.373391637926290308e-05 1.215272345867315984e+01 8.257762210119088180e+06
1.364804537065383539e-05 1.221188018553245058e+01 8.310721344427715987e+06
1.337729559030748917e-05 1.230630337096093818e+01 8.383912632300617173e+06
1.317745270153971488e-05 1.242475389855856882e+01 8.469900570307467133e+06
1.309408730542045331e-05 1.255100523155210723e+01 8.558144121197083965e+06
1.282603863816151169e-05 1.270342192196756592e+01 8.661703807922707871e+06
1.262944338797610181e-05 1.287037686591441954e+01 8.773028024191973731e+06
1.253256462040383997e-05 1.303675040184544720e+01 8.882537880852084607e+06
1.235345867555011877e-05 1.320978695262251179e+01 8.995918418378923088e+06
1.222586140444040153e-05 1.338035717726024387e+01 9.107582674476724118e+06
1.217968110465498231e-05 1.353574645054582071e+01 9.209693182896601036e+06
1.206712606483407477e-05 1.368252652054179386e+01 9.307512551914416254e+06
1.199001544822724507e-05 1.381428267447400593e+01 9.397312240712273866e+06
1.198668130469099835e-05 1.391997627681403671e+01 9.472305414785746485e+06
1.192848620475037013e-05 1.400623214330441790e+01 9.537629733066534624e+06
1.189117954816563189e-05 1.406980804510323502e+01 9.591497261876648292e+06
1.189519697088747016e-05 1.410514476027857711e+01 9.630535979461075738e+06
1.185882610503355267e-05 1.411822781875784827e+01 9.659115872875714675e+06
1.183507416473954475e-05 1.410801620881691321e+01 9.676631551974251866e+06
1.184733572107426736e-05 1.407073555996546510e+01 9.680553408094663173e+06
1.181723220559738518e-05 1.401360773834684181e+01 9.675776995008096099e+06
1.179469446367619895e-05 1.393706458058629849e+01 9.662380219093086198e+06
1.182951307704979441e-05 1.383532872443774053e+01 9.636099450404720381e+06
1.180875984231375639e-05 1.371813165016207137e+01 9.603337428188791499e+06
1.179001774721243066e-05 1.358725281318369049e+01 9.564830364751899615e+06
1.182513367510019209e-05 1.343792332624064834e+01 9.516731392285343260e+06
1.182229732349864237e-05 1.327769860734430729e+01 9.463821960123730823e+06
1.181460942647934741e-05 1.310954748898699407e+01 9.407561523008966818e+06
1.184160404724866792e-05 1.293142624373576233e+01 9.345868543659789488e+06
1.182848832840530815e-05 1.275065137654015501e+01 9.283409251093491912e+06
1.181045091082829897e-05 1.256966206469624936e+01 9.221338182392166927e+06
1.182600670729264292e-05 1.238613218099920665e+01 9.157408907365649939e+06
1.177735397972806984e-05 1.220922199967994004e+01 9.097894470246260986e+06
1.173035782483760532e-05 1.203952703017156622e+01 9.042793987164791673e+06
1.171107351310800045e-05 1.187447149101852695e+01 8.989862500680143014e+06
1.163424284475408751e-05 1.172112072800061888e+01 8.944180119272872806e+06
1.156544784560760052e-05 1.157848505627405444e+01 8.904776071225106716e+06
1.152423958960685682e-05 1.144336163082109437e+01 8.869082305618774146e+06
1.144478324590258665e-05 1.131991366767820928e+01 8.840234049107681960e+06
1.137507707476604919e-05 1.120669231928865806e+01 8.817027499703571200e+06
1.132339965997032834e-05 1.110136337037391741e+01 8.797627778864892200e+06
1.124748986207431630e-05 1.100622848570658796e+01 8.783866069664822891e+06
1.118145422770161146e-05 1.091973773680266291e+01 8.774523173454424366e+06
1.112383255975964727e-05 1.084052004229302213e+01 8.768565205521881580e+06
1.107337954935327962e-05 1.076744998739818904e+01 8.765141763471903279e+06
1.102903253879972432e-05 1.069960492495850346e+01 8.763555983936518431e+06
1.098988470016107728e-05 1.063622966945982462e+01 8.763239653956582770e+06
1.095516251580090716e-05 1.057670726421072516e+01 8.763732370566029102e+06
1.092420681097757966e-05 1.052053465827512468e+01 8.764663982432022691e+06
1.089645652622444577e-05 1.046730241018573082e+01 8.765739740323826671e+06
1.087143489545435679e-05 1.041667771452825519e+01 8.766727698926744983e+06
1.084873747853191191e-05 1.036839020653641974e+01 8.767448021336399019e+06
1.082802199404153540e-05 1.032222008576368211e+01 8.767763886571263894e+06
1.080899942792975240e-05 1.027798820695085880e+01 8.767573776516418904e+06
1.079142639390971175e-05 1.023554783358052589e+01 8.766804943188361824e+06
1.077509839096308393e-05 1.019477781361160140e+01 8.765407903158262372e+06
1.075984402670945629e-05 1.015557695886378298e+01 8.763351812582142651e+06
1.074551998615778291e-05 1.011785944973730267e+01 8.760620604386769235e+06
1.073200670184741874e-05 1.008155110853108027e+01 8.757209780326440930e+06
1.071920467557956866e-05 1.004658640377032874e+01 8.753123761189363897e+06
1.070703118059265134e-05 1.001290608222492118e+01 8.748373726027080789e+06
1.069541743789829766e-05 9.980455327391329234e+00 8.742975867298938334e+06
1.068430619489710927e-05 9.949182357684756894e+00 8.736949998711347580e+06
1.067364991744401921e-05 9.919037369024289674e+00 8.730318438886003569e+06
1.066340885254575664e-05 9.889971792536359274e+00 8.723105159749209881e+06
1.065354972730666088e-05 9.861937783626970599e+00 8.715335125991193578e+06
1.064404439533392100e-05 9.834887917127986157e+00 8.707033813459658995e+06
1.063486881427202821e-05 9.808775038237648403e+00 8.698226863341234624e+06
1.062600219670004257e-05 9.783552233926673836e+00 8.688939844771007076e+06
1.061742633700392210e-05 9.759172893365462897e+00 8.679198100404925644e+06
1.060912500731353641e-05 9.735590838683897630e+00 8.669026660707194358e+06
1.060108354281698089e-05 9.712760498225929240e+00 8.658450203175246716e+06
1.059328842614303763e-05 9.690637114069192037e+00 8.647493051242075861e+06
1.058572698449439935e-05 9.669176965885041497e+00 8.636179197852144018e+06
1.057838723777042854e-05 9.648337591720308026e+00 8.624532337015900761e+06
1.057125764177078292e-05 9.628078010356517780e+00 8.612575910019744188e+06
1.056508503325630973e-05 9.608288160839787651e+00 8.600269806061957031e+06
1.055819514603289447e-05 9.589023382248900162e+00 8.587720114106470719e+06
1.055150562408157073e-05 9.570246799629341439e+00 8.574946904703453183e+06
1.054989536750574751e-05 9.551467065526583866e+00 8.561562392631355673e+06
1.054261599675950954e-05 9.533245509876106638e+00 8.548120385894788429e+06
1.053564588599459189e-05 9.515541294006707673e+00 8.534622770327482373e+06
1.053847565060761184e-05 9.497422073135409093e+00 8.520279523040413857e+06
1.053018933022941595e-05 9.479993657518205552e+00 8.506127492036309093e+06
1.052241796106623086e-05 9.463196341056857364e+00 8.492136168866539374e+06
1.051510610906942235e-05 9.446947330434113610e+00 8.478271742792451754e+06
1.050820319754228160e-05 9.431173963614392974e+00 8.464507827491659671e+06
1.050166324460567328e-05 9.415812934209013108e+00 8.450824602159406990e+06
1.049544456722752736e-05 9.400809548396841464e+00 8.437208014566088095e+06
1.048950952182906169e-05 9.386117011519482745e+00 8.423649040946681052e+06
1.048382422986795552e-05 9.371695745794751176e+00 8.410143002475315705e+06
1.047835830344495357e-05 9.357512739754216824e+00 8.396688936629708856e+06
1.047308465223596682e-05 9.343540922775906310e+00 8.383289014707574621e+06
1.046797922236324308e-05 9.329758571209701756e+00 8.369948010389890522e+06
1.046302080351309846e-05 9.316148741222365359e+00 8.356672811845221557e+06
1.045819080162850191e-05 9.302698731829806889e+00 8.343471979251809418e+06
1.045347303281544238e-05 9.289399577234627614e+00 8.330355344467341900e+06
1.054830987440277889e-05 9.267257610812810853e+00 8.309274804629409686e+06
1.062233208487448089e-05 9.239252052732480180e+00 8.282925084746675566e+06
1.067976099157225150e-05 9.208028358566160421e+00 8.253502381571352482e+06
1.096585656068077169e-05 9.154404988234372098e+00 8.203649125423226506e+06
1.118469167876292207e-05 9.087898842366882945e+00 8.141769579107582569e+06
1.134954683837364931e-05 9.016494987411148188e+00 8.074458293429374695e+06
1.188533797653653190e-05 8.912032054302635231e+00 7.976024279349894263e+06
1.223630253425377206e-05 8.796580548725163595e+00 7.865918071230221540e+06
1.248689581004224797e-05 8.683138511763072387e+00 7.754838064859906211e+06
1.320468027850048022e-05 8.539620926760525421e+00 7.613522744991865940e+06
1.359252005457702340e-05 8.398762606002899034e+00 7.470929823741176166e+06
1.385224391207475083e-05 8.274009420002615300e+00 7.338048280555525795e+06
1.463157913409897636e-05 8.131681951070529379e+00 7.184542941442046314e+06
1.493714587748400476e-05 8.010270946233239542e+00 7.044459789718811400e+06
1.512774025127181078e-05 7.918874567606427384e+00 6.924868382173521444e+06
1.590962786988531490e-05 7.819876846703101236e+00 6.792534712099112570e+06
1.606124428194435414e-05 7.756913913747744083e+00 6.685565405289040878e+06
1.614543937993084797e-05 7.733343308256292126e+00 6.605692746501930058e+06
1.686424857913188766e-05 7.709066397294595419e+00 6.518221476754071191e+06
1.685557039733925544e-05 7.730193169922296548e+00 6.462274582795196213e+06
1.683910172502112634e-05 7.795348191116468151e+00 6.435144228249534965e+06
1.745959997182407717e-05 7.863824631503907980e+00 6.402562202516818419e+06
1.731626346599216489e-05 7.983074321695077913e+00 6.403136367317677476e+06
1.722093979571844084e-05 8.148192984726277288e+00 6.431023664323861711e+06
1.773615624868469338e-05 8.318411117585993608e+00 6.453248497970699333e+06
1.746214565026946687e-05 8.544567911839495267e+00 6.509123728868012317e+06
1.729076953214039118e-05 8.818072732342095321e+00 6.589958208681269549e+06
1.766227389595284529e-05 9.099205670807565483e+00 6.665283161854390055e+06
1.727882496272118860e-05 9.440614771572306552e+00 6.773532382144020870e+06
1.704219636386112896e-05 9.829656954819897763e+00 6.903522106559389271e+06
1.724114468784619691e-05 1.022957351127529435e+01 7.028877670788808726e+06
1.677327530646092736e-05 1.069233779007364760e+01 7.185317532844177447e+06
1.648243206114699419e-05 1.120057929918193551e+01 7.359439061385703273e+06
1.653380099147673120e-05 1.171935384986998230e+01 7.528255492654199712e+06
1.601920502396407086e-05 1.229889141208804482e+01 7.724501309992616996e+06
1.569321642930511157e-05 1.291673359631906948e+01 7.933120953162066638e+06
1.562711575309555265e-05 1.353929530440604800e+01 8.134300781375059858e+06
1.512452708903507320e-05 1.421035518902591832e+01 8.355609901538903825e+06
1.479956006576555263e-05 1.490307699800352381e+01 8.581539599461218342e+06
1.465745932176939135e-05 1.558626353911189355e+01 8.796020906724419445e+06
1.423249424078071108e-05 1.629011904064769922e+01 9.018383618965730071e+06
1.395467427121902233e-05 1.698583649220663006e+01 9.234416897627701983e+06
1.379733143139874606e-05 1.764588990198856067e+01 9.432102463003484532e+06
1.347527665740620470e-05 1.828709165530984748e+01 9.623548451631898060e+06
1.326453795129603286e-05 1.888237929709706009e+01 9.797274552774762735e+06
1.313705591737965376e-05 1.940867792032594608e+01 9.944683056739360094e+06
1.293054676196912493e-05 1.987252964759801088e+01 1.007234575655714795e+07
1.279833723786663690e-05 2.025415607983227773e+01 1.017299883134214580e+07
1.272492207060816260e-05 2.053804621170312572e+01 1.024155280070763826e+07
1.268094229894167016e-05 2.071692769890793429e+01 1.027657765344491042e+07
1.266494326119615566e-05 2.078665803393296585e+01 1.027753693856998906e+07
1.266691213186412085e-05 2.074783974277474030e+01 1.024552176959654316e+07
1.267879830510464303e-05 2.060520855789144790e+01 1.018290513820751011e+07
1.269421525828453067e-05 2.036683268694661209e+01 1.009299174866249971e+07
1.270820518499122495e-05 2.004324818749839920e+01 9.979691780306652188e+06
1.271704142627525235e-05 1.964659955177663875e+01 9.847231996916452423e+06
1.271805419610913057e-05 1.918984407627359445e+01 9.699913225881550461e+06
1.273799843344455549e-05 1.868134492915212519e+01 9.539509295108010992e+06
1.273709122583670785e-05 1.813637121292753562e+01 9.371200675135774538e+06
1.272103482945798635e-05 1.756809833740116744e+01 9.199156028566062450e+06
1.273065685309048769e-05 1.698214893798135350e+01 9.023774134349824861e+06
1.270368834496600983e-05 1.639326402146763328e+01 8.850465883406704292e+06
1.266107035625359005e-05 1.581101447047327468e+01 8.682234134467266500e+06
1.261716865204005140e-05 1.524132128492052196e+01 8.520500398347122595e+06
1.251287207198860020e-05 1.469683740396733640e+01 8.370861959260345437e+06
1.240747697840531662e-05 1.417987594023870201e+01 8.233585868957034312e+06
1.230370310796463583e-05 1.369153211885357102e+01 8.108580568469775841e+06
1.217923569527071236e-05 1.323512927028153818e+01 7.997309517361040227e+06
1.205843625720227586e-05 1.281016891545377945e+01 7.899195936905968934e+06
1.194131579143142577e-05 1.241586706601504098e+01 7.813647130560062826e+06
1.182794852941001227e-05 1.205129027116144336e+01 7.740070986873444170e+06
1.171844869310871989e-05 1.171538500036691843e+01 7.677872907073560171e+06
1.161295218801551957e-05 1.140700569188346591e+01 7.626454176559050567e+06
1.151160235084483689e-05 1.112494033950206962e+01 7.585211293633214198e+06
1.141453917543549612e-05 1.086793299782765487e+01 7.553535919477269053e+06
1.132189109336166841e-05 1.063470297922174446e+01 7.530815254233079962e+06
1.123376913183535814e-05 1.042396075995672078e+01 7.516432702246353962e+06
1.115026282927174547e-05 1.023442079307049113e+01 7.509768761763199233e+06
1.109800113849963507e-05 1.006227597140967056e+01 7.508310114800350741e+06
1.104506980769625493e-05 9.907169988734770172e+00 7.512023706822842360e+06
1.099291435884572938e-05 9.768603850455779281e+00 7.520744262987745926e+06
1.102489704847438798e-05 9.638346908334744612e+00 7.528284827699847519e+06
1.103404318307910630e-05 9.519030784890246011e+00 7.536753804618931375e+06
1.103287076587019464e-05 9.411934976067211522e+00 7.547179228557526134e+06
1.116246713189405487e-05 9.305554245890300891e+00 7.550326018305818550e+06
1.122770058288570835e-05 9.207081498374598993e+00 7.551956069270138629e+06
1.127063214221805768e-05 9.119367674134608137e+00 7.554292410355495289e+06
1.146616371571290887e-05 9.029852360820598278e+00 7.546880019774974324e+06
1.155438423837865471e-05 8.949515025291031378e+00 7.538852976143791340e+06
1.161428154581456807e-05 8.881603218101149722e+00 7.532837132877671160e+06
1.185623190202545840e-05 8.811515893462503968e+00 7.516464930899251252e+06
1.195165072930066594e-05 8.753073643096641376e+00 7.501598086988657713e+06
1.201624721586493255e-05 8.709378960704503569e+00 7.490807340163367800e+06
1.226130818593925045e-05 8.666138758539073450e+00 7.471890218617921695e+06
1.230627594575974081e-05 8.640498564016100502e+00 7.459819382684469223e+06
1.233344505240181961e-05 8.633651757342672539e+00 7.455549774475447834e+06
1.252571922034038785e-05 8.632003315111020925e+00 7.447504260131979361e+06
1.250382183623203160e-05 8.652648844071991974e+00 7.450688234210851602e+06
1.248375398214076243e-05 8.694455981524146893e+00 7.464026339714685455e+06
1.261980700931359974e-05 8.743840586794075165e+00 7.476037442218470387e+06
1.252647374051506832e-05 8.818560452336772215e+00 7.502174847578255460e+06
1.245689189527105821e-05 8.915151899907280963e+00 7.539335247268501669e+06
1.251403003904468626e-05 9.021508456875691806e+00 7.577485030507724732e+06
1.236326181820642283e-05 9.153593390133897501e+00 7.630320219646063633e+06
1.225444283784194757e-05 9.305875087493751252e+00 7.693125501747067086e+06
1.225506141925421291e-05 9.466712349592697251e+00 7.756603967588962056e+06
1.208742291417904539e-05 9.649106083648060661e+00 7.831844996506938711e+06
1.196883841871923166e-05 9.846328345815974714e+00 7.913514802160356194e+06
1.193288702977201885e-05 1.004818676201491101e+01 7.993997556197516620e+06
1.176150962067316051e-05 1.026524682712148007e+01 8.082379616017974913e+06
1.164148891028397124e-05 1.048984057672843484e+01 8.173084866745213047e+06
1.156578933754193850e-05 1.071463047951592884e+01 8.261276073328614235e+06
1.141021186806823602e-05 1.094509749519285435e+01 8.352128132275231183e+06
1.130256560193229703e-05 1.117321165904154157e+01 8.440383514623958617e+06
1.123370362636417328e-05 1.139175382403946912e+01 8.521778795447129756e+06
1.112722375547905033e-05 1.160217070603076017e+01 8.598626124817177653e+06
1.105658247893026782e-05 1.179771887635825323e+01 8.667088702126409858e+06
1.101413440775706970e-05 1.197270088576601488e+01 8.724275159586120397e+06
1.099347025816410434e-05 1.212266799451900035e+01 8.768198980599952862e+06
1.098919334085692602e-05 1.224438026464735429e+01 8.797670152605654672e+06
1.099675647745106526e-05 1.233574896580113567e+01 8.812189519229734316e+06
1.101233996677316991e-05 1.239575622450057857e+01 8.811843779836161062e+06
1.103275724672677860e-05 1.242435199570714666e+01 8.797201603678544983e+06
1.112215502649460977e-05 1.241446801131690592e+01 8.763661308554749936e+06
1.119645542242494684e-05 1.237042272479674843e+01 8.714466159498710185e+06
1.125778423602976136e-05 1.229672515407721534e+01 8.652622593059428036e+06
1.145295730041863839e-05 1.218116815265938513e+01 8.569183253021497279e+06
1.159780855918624007e-05 1.203505719854604372e+01 8.471555592048775405e+06
1.170649564979909962e-05 1.186774804671572525e+01 8.365373305352453142e+06
1.197863842993658840e-05 1.166628620866419830e+01 8.240494463880789466e+06
1.214531148927359509e-05 1.144907873699778555e+01 8.108842556347254664e+06
1.226184823484409916e-05 1.122682173098168334e+01 7.976669251914616674e+06
1.263210001738074395e-05 1.097854346915634238e+01 7.827897681575563736e+06
1.281154845979599306e-05 1.073056344037951071e+01 7.680169098980218172e+06
1.292898714851395140e-05 1.049323734678201347e+01 7.539599619347251952e+06
1.325676969190307786e-05 1.025018311431583484e+01 7.393481551988224499e+06
1.334437245492826754e-05 1.002759975701868278e+01 7.259951735763994977e+06
1.339009171521182985e-05 9.830316394802304458e+00 7.141691846695637330e+06
1.372970346882129448e-05 9.633786330134855191e+00 7.020406468155575916e+06
1.377824775785863135e-05 9.465185978418304558e+00 6.915572668051277287e+06
1.379575013472894456e-05 9.326769555275140178e+00 6.828289458243586123e+06
1.403777123793354745e-05 9.199710445376711121e+00 6.744571161655093543e+06
1.392453210683884515e-05 9.112563471967570550e+00 6.685264475080107339e+06
1.382928123954728335e-05 9.061538106265560444e+00 6.647212618528597057e+06
1.397507056400987702e-05 9.025467254922277860e+00 6.614868976931613870e+06
1.382593735017954495e-05 9.026617869457863819e+00 6.604605915309431963e+06
1.371132594898697636e-05 9.059956082765515006e+00 6.612408771093659103e+06
1.372484075946567544e-05 9.113037082220547092e+00 6.629175226316753775e+06
1.341742104666058741e-05 9.209794232657221968e+00 6.672306270490755327e+06
1.319180201306104318e-05 9.340596345974747194e+00 6.734459309566752054e+06
1.307911930437129307e-05 9.493036394230223607e+00 6.806765646110961214e+06
1.275292065295226352e-05 9.682984664675609920e+00 6.900723922313254327e+06
1.251641921215926417e-05 9.899589993213197658e+00 7.008487036357078701e+06
1.235375001748691397e-05 1.013297184619467828e+01 7.123399538331654854e+06
1.200695771404351220e-05 1.039761163463111515e+01 7.256038337298599072e+06
1.175411671599728093e-05 1.068095703954950437e+01 7.397907924021095037e+06
1.158337872094553676e-05 1.097081676792141103e+01 7.541368442511244677e+06
1.135908724775420176e-05 1.126916746503581024e+01 7.688752866876864806e+06
1.120149365694100881e-05 1.156491560242317718e+01 7.833489196205811575e+06
1.115878426418489404e-05 1.184121483828601917e+01 7.965514467837411910e+06
1.108955809186778886e-05 1.209786982184785487e+01 8.086177808624872938e+06
1.105323572902237418e-05 1.232818622240728423e+01 8.192315380038296804e+06
1.119486052143185509e-05 1.250865430634282305e+01 8.269701286927109584e+06
1.131693830373423669e-05 1.264161414975973408e+01 8.321241854533297010e+06
1.142612385535006558e-05 1.272988368719096641e+01 8.349609003555267118e+06
1.181419731037974275e-05 1.274242432037988770e+01 8.335045948954897001e+06
1.210956746474468066e-05 1.269721004880144122e+01 8.289691476325911470e+06
1.233799245128753053e-05 1.260936416574084262e+01 8.222947453795824200e+06
1.294269155223370193e-05 1.244385025206911699e+01 8.111322744943788275e+06
1.332280586595555581e-05 1.223878291757352343e+01 7.978885420413629152e+06
1.359212713289180585e-05 1.201607183209087459e+01 7.838411302327493206e+06
1.427650008257171389e-05 1.174156863567535858e+01 7.666350481532880105e+06
1.460739200720558211e-05 1.146349630597201497e+01 7.493077514563063160e+06
1.482171937385995759e-05 1.119976887646710040e+01 7.328777664929521270e+06
1.546889518376980496e-05 1.091522025496050574e+01 7.149443692060127854e+06
1.563988328803312609e-05 1.066042925340291347e+01 6.987517606334510259e+06
1.573390841042199525e-05 1.044313006359110396e+01 6.847018605095559731e+06
1.625201333329680752e-05 1.022777286573501776e+01 6.704157800264234655e+06
1.620917550630958254e-05 1.006313082620806298e+01 6.590678103987398557e+06
1.615897735874836295e-05 9.946834563818706343e+00 6.504278110153570771e+06
1.648159606374451539e-05 9.846379888594587015e+00 6.423482719465364702e+06
1.623872390845316005e-05 9.805638073417613398e+00 6.376840820868889801e+06
1.606000753911227411e-05 9.815205366294906142e+00 6.357512560899543576e+06
1.617911319244714385e-05 9.847676985830068119e+00 6.347555030749651603e+06
1.577062994765573875e-05 9.942994931147476123e+00 6.372601613927511498e+06
1.548498316459557628e-05 1.008693414592245929e+01 6.422748101548753679e+06
1.544884340317971181e-05 1.025480043254180451e+01 6.482115392028616741e+06
1.495710109673158836e-05 1.048283747095378082e+01 6.573545985799864866e+06
1.461559012108113256e-05 1.075408708489015552e+01 6.685729629663158208e+06
1.445718032548015326e-05 1.104774448981145873e+01 6.805801921265588142e+06
1.396703669403019479e-05 1.139217139935524870e+01 6.951433598294931464e+06
1.362483947287441034e-05 1.176884468420068863e+01 7.111128552168991417e+06
1.341826661965113716e-05 1.215898941480626760e+01 7.274140549664733000e+06
1.301487430528695271e-05 1.257972765703771678e+01 7.451511300087161362e+06
1.273346865468133482e-05 1.301239629233105966e+01 7.632837750670930371e+06
1.254470295637062061e-05 1.344034439018398608e+01 7.809685875876274891e+06
1.224731603349817699e-05 1.387171083731687560e+01 7.988289243492086418e+06
1.204220103277402804e-05 1.428888909805315777e+01 8.159969672265730798e+06
1.191963757547563591e-05 1.467485121379692181e+01 8.316912890885044821e+06
1.179058414469511113e-05 1.502532338690708080e+01 8.458671889538787305e+06
1.171185827613381034e-05 1.532864031359097190e+01 8.580526016311001033e+06
1.168866422311882255e-05 1.557323477946102841e+01 8.677803239657774568e+06
1.167237278444871041e-05 1.575620454681937410e+01 8.750446225392265245e+06
1.167630142789516952e-05 1.587408608779562513e+01 8.797713141211779788e+06
1.175943137632513689e-05 1.591622267605623442e+01 8.814526921005263925e+06
1.183594880378546016e-05 1.588728787085346461e+01 8.803872059362931177e+06
1.190373087133615341e-05 1.579370612440719945e+01 8.769146701149979606e+06
1.204680227998228539e-05 1.563067851208757730e+01 8.707118667561054230e+06
1.214739818641326391e-05 1.541257471653539568e+01 8.624841334281835705e+06
1.222293787452058334e-05 1.515108392220688316e+01 8.527524997169991955e+06
1.236708273606292839e-05 1.484467661842372088e+01 8.412829569562347606e+06
1.243044925792519957e-05 1.451308483891354584e+01 8.290329010538900271e+06
1.246783929209855239e-05 1.416676704516318885e+01 8.164344661270813085e+06
1.254638072319542354e-05 1.380641250790397301e+01 8.033774770283070393e+06
1.251908030440296220e-05 1.345089606495446866e+01 7.908219386427611113e+06
1.248162464551259088e-05 1.310467750173834567e+01 7.789125028886089101e+06
1.247841077395773745e-05 1.276605631102609806e+01 7.674568100577973761e+06
1.237610829075715955e-05 1.244863009817652078e+01 7.571962263196039945e+06
1.228002809092081057e-05 1.215194406720627462e+01 7.480488952477260493e+06
1.221817569951333099e-05 1.187213866000868556e+01 7.397433321294989437e+06
1.206426942456465069e-05 1.161924504584041706e+01 7.328803095812154934e+06
1.192962537418069248e-05 1.138989300933377713e+01 7.272386571050167084e+06
1.182645197017675568e-05 1.117950139327448689e+01 7.225302020161844790e+06
1.166898092078048224e-05 1.099278921042620460e+01 7.190658278384470381e+06
1.153405698667970652e-05 1.082591738479528942e+01 7.166062538313287310e+06
1.142211191153160803e-05 1.067521143521021898e+01 7.149254806354367174e+06
1.129151249028559029e-05 1.054153964548100042e+01 7.140965824323764071e+06
1.117960336227029985e-05 1.042188034273965336e+01 7.139301159840157256e+06
1.108342971422566784e-05 1.031370383651359113e+01 7.142689092911158688e+06
1.100051023973993785e-05 1.021497919317287462e+01 7.149846843170561828e+06
1.092875580071626043e-05 1.012407837439378788e+01 7.159729628294576891e+06
1.086640445557258539e-05 1.003969982996315480e+01 7.171489680325447582e+06
1.081196894866773429e-05 9.960806933209804370e+00 7.184442818933567032e+06
1.076419378861644953e-05 9.886577920233214911e+00 7.198040864767256193e+06
1.072201980442777478e-05 9.816364898750757462e+00 7.211848651271237992e+06
1.068455459183021116e-05 9.749660104985244047e+00 7.225524725928707980e+06
1.065104766459707042e-05 9.686068042164929892e+00 7.238805065070443787e+06
1.062086940614043850e-05 9.625282447244169148e+00 7.251489290791153908e+06
1.059349313414261934e-05 9.567067252841415126e+00 7.263428994416695088e+06
1.056847973957352431e-05 9.511240895690313835e+00 7.274517854174935259e+06
1.054546449100424122e-05 9.457663425619422526e+00 7.284683293354428373e+06
1.052414565456152310e-05 9.406225991255761087e+00 7.293879470004046336e+06
1.050427469004982824e-05 9.356842315870773419e+00 7.302081419318983331e+06
1.048564777986716843e-05 9.309441866238541863e+00 7.309280196441550739e+06
1.046809852504855641e-05 9.263964443522057834e+00 7.315478885618887842e+06
1.045149166192391891e-05 9.220355968098095545e+00 7.320689357115752995e+06
1.044199179337425337e-05 9.178002379486100537e+00 7.324480455108990893e+06
1.042574512701296203e-05 9.137592345392318904e+00 7.327461290169825777e+06
1.041035866763929683e-05 9.099061184130702529e+00 7.329637281448029913e+06
1.042368898472777716e-05 9.059846756371518595e+00 7.329007646971629933e+06
1.041719653386620299e-05 9.021985487838357187e+00 7.327279816009173170e+06
1.040979042866691082e-05 8.985688645728348689e+00 7.324653045485529117e+06
1.042692096855438550e-05 8.948855879025284565e+00 7.319469096407209523e+06
1.042267448303787682e-05 8.913646343164620234e+00 7.313549685798679478e+06
1.041708683522653511e-05 8.880290595473006476e+00 7.307110686800020747e+06
1.046241636936086183e-05 8.844409377834212549e+00 7.296599642748017795e+06
1.047337348830761942e-05 8.809509481475277681e+00 7.284960958726900630e+06
1.047970683098294384e-05 8.776285318535602897e+00 7.272749940874251537e+06
1.052098672925280056e-05 8.741895303195827083e+00 7.257638614815956913e+06
1.051928168667323457e-05 8.710455700081388031e+00 7.243081534747435711e+06
1.051543973903131776e-05 8.682237291469059315e+00 7.229292170445367694e+06
1.057823049615994214e-05 8.651565891555382137e+00 7.211593345272772014e+06
1.060056270221681100e-05 8.622425574754513988e+00 7.193364617466523312e+06
1.061575317049371118e-05 8.595737499541055371e+00 7.175333558786035515e+06
1.068669694252947587e-05 8.567003320486772822e+00 7.153758516504464671e+06
1.068887047547631543e-05 8.542543791031361522e+00 7.133950724334755912e+06
1.068796401639006704e-05 8.522678129039652717e+00 7.116118106980415992e+06
1.075222059813953567e-05 8.501899234917537740e+00 7.095703124484441243e+06
1.076237343868846506e-05 8.485073930967296008e+00 7.076832663290139288e+06
1.076811819695312278e-05 8.472615164368836105e+00 7.059811539139022119e+06
1.083824369274345643e-05 8.459144528432140930e+00 7.040198241662000306e+06
1.082429276383760544e-05 8.451913366355947588e+00 7.024093945717292838e+06
1.081142791401195395e-05 8.450612584360976953e+00 7.011189077390453778e+06
1.084999874376251820e-05 8.450637699127740987e+00 6.997735565721322782e+06
1.081857989351593949e-05 8.457685395987457611e+00 6.988545876875044778e+06
1.079292694671714865e-05 8.470794375827070510e+00 6.982825641162754968e+06
1.079679383176096241e-05 8.486934773670400389e+00 6.978187698690276593e+06
1.073317709339255299e-05 8.511270209606898618e+00 6.978999238610113040e+06
1.068331748463249238e-05 8.541809191512610866e+00 6.983686738911780529e+06
1.065289831487550313e-05 8.576024573636940929e+00 6.990362768670735881e+06
1.056275036442132250e-05 8.618181295645284123e+00 7.002685770181361586e+06
1.049307344984563629e-05 8.665408028071965418e+00 7.018466563563513570e+06
1.044342245298913496e-05 8.714860082123410123e+00 7.035667705949074589e+06
1.037755256803482519e-05 8.766995991882987838e+00 7.054934436097702943e+06
1.032804604531845061e-05 8.819397111053415728e+00 7.074580623701331206e+06
1.029200606063301764e-05 8.869984639106883506e+00 7.093248502240526490e+06
1.026693759061552116e-05 8.917065228300183222e+00 7.109889836380398832e+06
1.025068880715129418e-05 8.959294603370894450e+00 7.123725389155793004e+06
1.024140469915988096e-05 8.995645098611987578e+00 7.134209081759679131e+06
1.023748966421262180e-05 9.025375255265771557e+00 7.140995580861740746e+06
1.023757673387926702e-05 9.048000401621578703e+00 7.143910573888343759e+06
1.024176062494126730e-05 9.063151097794037270e+00 7.142834598124362528e+06
1.024629859723589396e-05 9.070916476863876809e+00 7.137971150398679078e+06
1.025190444152070457e-05 9.071408202077421379e+00 7.129499197834323160e+06
1.029821043502389880e-05 9.061278572588888025e+00 7.114844718869443983e+06
1.033129774632712387e-05 9.042489609145482277e+00 7.095570787680452690e+06
1.035799868057370479e-05 9.016430704998919410e+00 7.072683335865341127e+06
1.041806046481511334e-05 8.980933329468626880e+00 7.044373816142722033e+06
1.044641265117015271e-05 8.939926826064262144e+00 7.013591879706961103e+06
1.046723348767432754e-05 8.894979254377874511e+00 6.981353225097206421e+06
1.050703466193985230e-05 8.845199871161034011e+00 6.946765238409284502e+06
1.050503345872818262e-05 8.795101230540602444e+00 6.913175818835876882e+06
1.050036028254902135e-05 8.745410493596379453e+00 6.880925940216622315e+06
1.050170138272718277e-05 8.695955392472784595e+00 6.849706715285135433e+06
1.045805784978878224e-05 8.650904707017490480e+00 6.822640138400468044e+06
1.041999384312741491e-05 8.609679776508055937e+00 6.799110933038407937e+06
1.038969027349580099e-05 8.571443132874762227e+00 6.778373267590931617e+06
1.034407131689336429e-05 8.537370492455362836e+00 6.761280971706496552e+06
1.030487970216589105e-05 8.506669264692863663e+00 6.747134331574264914e+06
1.029881744967240573e-05 8.476330628807122736e+00 6.733505707328768447e+06
1.026646915274239113e-05 8.448633382684894499e+00 6.722166284166266210e+06
1.023893101637307671e-05 8.423082497428774573e+00 6.712647174839039333e+06
1.036911454013947687e-05 8.386518564196244085e+00 6.694412129026824608e+06
1.046218711471072673e-05 8.343503842132935944e+00 6.671035773214839399e+06
1.053356182043560133e-05 8.297309629428564648e+00 6.644843089434039779e+06
1.087712326046329791e-05 8.227478914558075118e+00 6.599171659157062881e+06
1.113439421740740607e-05 8.145028340159393920e+00 6.542586192868608050e+06
1.132586511815856049e-05 8.058725572035989160e+00 6.481502280965426005e+06
1.192182508755489042e-05 7.941458658987083474e+00 6.393580517990007065e+06
1.230600602021056374e-05 7.815751574533119417e+00 6.296562060779954307e+06
1.257600457406177097e-05 7.694484544502352641e+00 6.199991417971078306e+06
1.330246953247608855e-05 7.550182329222908884e+00 6.081193228750101291e+06
1.366125869272182416e-05 7.414016579385584116e+00 5.965050421569440514e+06
1.389679322144194744e-05 7.296817296346855386e+00 5.859547602181781083e+06
1.468414910829305518e-05 7.166357281407769619e+00 5.738500317348548211e+06
1.495206442837173956e-05 7.058870988953746206e+00 5.631012848695973866e+06
1.511545528369816950e-05 6.981097449513747222e+00 5.541769833119583316e+06
1.585481832467975177e-05 6.900143908773420875e+00 5.444434652261077426e+06
1.594277585648170228e-05 6.855069314743899689e+00 5.369990509556164034e+06
1.598545606891349366e-05 6.847056177968367408e+00 5.318454522433179431e+06
1.660971431689702422e-05 6.842827404443859507e+00 5.263616921378253028e+06
1.653997833635896940e-05 6.881084403219039025e+00 5.235285080754789524e+06
1.648546125986091257e-05 6.959129384589036071e+00 5.230176931325869635e+06
1.695515156964785724e-05 7.046195223646376071e+00 5.224591508425178006e+06
1.669019776214375930e-05 7.183115990560206221e+00 5.248589546130356379e+06
1.651594028957069655e-05 7.362828914841151651e+00 5.295401734081975184e+06
1.672582856728839523e-05 7.560689172251071177e+00 5.346507832499451935e+06
1.627176555547742026e-05 7.815890327413389294e+00 5.429066309094366618e+06
1.597749747908164443e-05 8.116738438448248161e+00 5.533138448976064101e+06
1.601173448565940244e-05 8.439185696263201919e+00 5.641569099518262781e+06
1.545740963450162691e-05 8.822471503503354739e+00 5.780092298104771413e+06
1.509468719230273953e-05 9.251055647687218553e+00 5.936905251263543032e+06
1.501644169710173192e-05 9.699744910706117551e+00 6.095503950084305368e+06
1.446258860885214775e-05 1.020503648001386132e+01 6.278854396540359594e+06
1.409502465931044131e-05 1.074812146043163352e+01 6.474536523253428750e+06
1.395060173329522924e-05 1.130340522833788164e+01 6.667656879126704298e+06
1.353408609679712588e-05 1.189311647204901590e+01 6.872370412430630066e+06
1.326110727851196991e-05 1.249710418186354843e+01 7.077689167652004398e+06
1.313678301921258375e-05 1.309183535853733815e+01 7.272053369027852081e+06
1.284051372255647750e-05 1.369084275369279169e+01 7.465125027707795613e+06
1.265103646265864350e-05 1.427379558477368704e+01 7.647732936108933762e+06
1.254733209120252449e-05 1.482158097876106950e+01 7.812266262488055043e+06
1.233754955649172784e-05 1.534148258005995302e+01 7.965279372293535620e+06
1.220649055020570424e-05 1.581526234164926414e+01 8.099770341215094551e+06
1.213882077072431767e-05 1.622692480240632307e+01 8.210294475195315666e+06
1.202346912470743892e-05 1.657855483830092069e+01 8.300467451614387333e+06
1.195692470893384374e-05 1.685846323118451906e+01 8.366601027253315784e+06
1.192621301191625600e-05 1.705842800815405269e+01 8.406584216692145914e+06
1.192072838371366782e-05 1.717402160687559132e+01 8.419764868473788723e+06
1.193179085484993055e-05 1.720436321565987470e+01 8.406717672977542505e+06
1.195233253089906190e-05 1.715172502473014760e+01 8.369002201397769153e+06
1.197666476443004679e-05 1.702102513787845695e+01 8.308920607341944240e+06
1.200029467221050490e-05 1.681925167982841884e+01 8.229286207355741411e+06
1.201977118158399963e-05 1.655486537676062753e+01 8.133213078006033786e+06
1.203254883786847433e-05 1.623722353337201341e+01 8.023934183473519981e+06
1.203686294444694472e-05 1.587605940929559623e+01 7.904652321816259064e+06
1.203161313200964508e-05 1.548103992289420994e+01 7.778425037445134483e+06
1.201625456396003654e-05 1.506141348491553345e+01 7.648082032953597605e+06
1.199069700481271283e-05 1.462575006044359860e+01 7.516171739458312280e+06
1.195521252961904252e-05 1.418176802500130940e+01 7.384932583901965059e+06
1.191035255508153653e-05 1.373623736425740560e+01 7.256284050545614213e+06
1.185687468323767543e-05 1.329494603051831625e+01 7.131832709940968081e+06
1.179567954304424096e-05 1.286271544015347779e+01 7.012888817396549508e+06
1.172775735637928237e-05 1.244345168837737248e+01 6.900489721097185276e+06
1.165414380334602536e-05 1.204022050626133478e+01 6.795427027292297222e+06
1.157588440402012144e-05 1.165533594419186336e+01 6.698275177390281111e+06
1.149400655380733753e-05 1.129045483719534637e+01 6.609419729791902937e+06
1.140949828285025178e-05 1.094667109660301740e+01 6.529084183463131078e+06
1.133142405360421439e-05 1.062379510673387450e+01 6.456861994977160357e+06
1.124582407181064414e-05 1.032286146169124130e+01 6.393192904787888750e+06
1.116031652219879113e-05 1.004381398575996442e+01 6.337956374330468476e+06
1.109715949559843932e-05 9.784323193396378571e+00 6.289663096818148158e+06
1.101371074242035821e-05 9.546191133448875377e+00 6.249496466818586923e+06
1.093209385156913811e-05 9.328797615467433246e+00 6.217148663850012235e+06
1.087127505217819723e-05 9.129727968622654899e+00 6.191158216902342625e+06
1.079034852068055676e-05 8.950334122356499833e+00 6.172606724551280029e+06
1.071334820725805668e-05 8.789593490554475252e+00 6.160993592816574499e+06
1.066075250180073077e-05 8.644717208490252602e+00 6.154587463398057036e+06
1.058237100886588660e-05 8.517358861398944825e+00 6.154784944120859727e+06
1.051012133332613368e-05 8.406234960185873462e+00 6.160897510837363079e+06
1.045843173140248688e-05 8.308871882439724743e+00 6.171365885695340112e+06
1.038846621907425779e-05 8.226153242103990237e+00 6.187084724229290150e+06
1.032527029821640812e-05 8.156770358430247114e+00 6.207306632439018227e+06
1.026874313487051823e-05 8.099428181212429578e+00 6.231296533271559514e+06
1.021785337394148579e-05 8.052976489886471967e+00 6.258404199665280059e+06
1.017259505546947667e-05 8.016313221716456994e+00 6.287995424238430336e+06
1.013260974155199512e-05 7.988406860929307740e+00 6.319474467491411604e+06
1.009754899959558769e-05 7.968290292646665662e+00 6.352283187631135806e+06
1.006707345739385285e-05 7.955055113824414548e+00 6.385900473379600793e+06
1.004085219773897356e-05 7.947847115565293663e+00 6.419842068486095406e+06
1.001856247334133545e-05 7.945862764972330794e+00 6.453660653206047602e+06
9.999889642676499887e-06 7.948346531220542133e+00 6.486946066695496440e+06
9.984527310412131545e-06 7.954588911899469927e+00 6.519325567489072680e+06
9.972177609050890149e-06 7.963925026581328837e+00 6.550464045403338037e+06
9.962551625096855129e-06 7.975733651676974567e+00 6.580064110307225958e+06
9.955369894032801205e-06 7.989436582347209992e+00 6.607866000408861786e+06
9.950362972497427290e-06 8.004498214891306418e+00 6.633647264495466836e+06
9.947272011509267380e-06 8.020425256039029449e+00 6.657222189440006390e+06
9.945849346611538083e-06 8.036766474088771872e+00 6.678440954767154530e+06
9.945859069892498713e-06 8.053112418231947345e+00 6.697188509086075239e+06
9.947077541831584520e-06 8.069095046098556878e+00 6.713383175650441088e+06
9.949293861680644593e-06 8.084387209217114290e+00 6.726975001674654894e+06
9.952310261758658022e-06 8.098701958901292741e+00 6.737943875514892861e+06
9.955942409534043939e-06 8.111791647685583584e+00 6.746297442663120106e+06
9.960019648194151439e-06 8.123446809407937508e+00 6.752068853811308742e+06
9.964385134825118844e-06 8.133494813624970732e+00 6.755314383803908713e+06
9.968895843827105463e-06 8.141798302573453938e+00 6.756110963805842213e+06
9.973422528894797630e-06 8.148253419471073400e+00 6.754553662934354506e+06
9.977849544989494295e-06 8.152787850853760787e+00 6.750753161167864688e+06
9.982074596302886559e-06 8.155358707266168850e+00 6.744833248951705173e+06
9.986008378865832296e-06 8.155950272811384849e+00 6.736928388195159845e+06
9.989574173626626768e-06 8.154571653004323295e+00 6.727181362383333035e+06
9.992707346544788110e-06 8.151254355671269991e+00 6.715741042741193436e+06
9.995354812054179646e-06 8.146049836252981180e+00 6.702760289837467484e+06
9.997474409730608500e-06 8.139027042645624377e+00 6.688394009322550148e+06
9.999034261096135680e-06 8.130269988432672790e+00 6.672797372279899195e+06
1.000001206906149504e-05 8.119875384419199094e+00 6.656124209438159131e+06
1.000039438550063233e-05 8.107950354248353975e+00 6.638525583454463631e+06
1.000017587881717709e-05 8.094610254342772038e+00 6.620148538484283723e+06
9.999358578154524872e-06 8.079976617418145324e+00 6.601135025218933821e+06
9.997951127390450942e-06 8.064175233208509042e+00 6.581620995351962745e+06
9.995968041259399705e-06 8.047334377511090153e+00 6.561735658248140477e+06
9.993428990176128035e-06 8.029583195614977242e+00 6.541600889661616646e+06
9.990358092298251430e-06 8.011050245181108309e+00 6.521330782860458829e+06
9.986783239460224882e-06 7.991862199046726900e+00 6.501031330281930976e+06
1.004727011697254708e-05 7.967009836028603686e+00 6.476627555582249537e+06
1.009427479672882920e-05 7.938267579405766661e+00 6.449562600682739168e+06
1.013032952616847229e-05 7.907236609398868410e+00 6.421031373476273380e+06
1.035365372079017619e-05 7.859986608197366387e+00 6.379619947958799079e+06
1.052091404270285041e-05 7.803360145746541576e+00 6.330799501552677713e+06
1.064791277448496290e-05 7.742743375440272580e+00 6.278569446812704206e+06
1.094166488629673141e-05 7.667586140527082428e+00 6.214051115951168351e+06
1.113371332113522050e-05 7.588626412335619520e+00 6.145690503913986497e+06
1.127329352270770972e-05 7.512025469481093509e+00 6.077990621036211960e+06
1.158053004469221359e-05 7.427654900014949213e+00 6.002396077024063095e+06
1.172421478773272657e-05 7.349621276626312927e+00 5.930061733549784869e+06
1.182253614097025942e-05 7.282325312991769550e+00 5.864068810976314358e+06
1.209653920950360467e-05 7.214648434851208769e+00 5.795193163494177163e+06
1.211180219570970206e-05 7.165270932108523283e+00 5.738284496654680930e+06
1.211368822328501802e-05 7.134755842613241583e+00 5.693339948035063222e+06
1.227617469671528035e-05 7.111891809280012744e+00 5.651243713254861534e+06
1.220624537585443271e-05 7.111905424926614927e+00 5.624012843663186766e+06
1.214815484405250174e-05 7.132910856739010264e+00 5.609765381154755130e+06
1.222539364346560618e-05 7.164755810257735114e+00 5.600394171519687399e+06
1.208291178842411951e-05 7.221305368310713568e+00 5.606679291945561767e+06
1.197504082548243427e-05 7.298764367542655229e+00 5.625317233779336326e+06
1.196673337511014199e-05 7.388772641247530970e+00 5.649800562551967800e+06
1.175775274405846730e-05 7.504027190007588999e+00 5.689818839662848040e+06
1.160330456617343781e-05 7.638907555342798084e+00 5.740841957661553286e+06
1.151710550959216221e-05 7.786531902579769238e+00 5.797767902508799918e+06
1.128770321316423381e-05 7.955894509968732820e+00 5.867418260558223352e+06
1.111985339721957833e-05 8.140222479987205162e+00 5.944789854669386521e+06
1.100318866922058796e-05 8.333191201149386274e+00 6.025601946732313372e+06
1.079475575519519460e-05 8.540168026210690044e+00 6.114152448935613036e+06
1.064405425198915707e-05 8.753872040479388161e+00 6.205608597428086214e+06
1.054191240099877795e-05 8.967453205463225885e+00 6.295809784771042876e+06
1.042341765986626464e-05 9.179905253449568647e+00 6.384853239797767252e+06
1.034366702919978236e-05 9.385172286788973750e+00 6.469356259815561585e+06
1.029586534997510301e-05 9.577839382430456183e+00 6.546554210264693014e+06
1.027146560322007238e-05 9.753565365388404018e+00 6.614476168752995320e+06
1.026611224460147281e-05 9.908775909678590565e+00 6.671669123296514153e+06
1.029470921689391395e-05 1.003883510928699785e+01 6.715925008543116972e+06
1.032745877213013619e-05 1.014269452229216917e+01 6.747362601729100570e+06
1.036436652765995434e-05 1.021982294102845223e+01 6.766275718972942792e+06
1.045423826238289689e-05 1.026523347048085455e+01 6.769868640849900432e+06
1.053092474752477029e-05 1.028158585942168735e+01 6.760250907909113914e+06
1.059743788017882278e-05 1.027165463826200664e+01 6.739344044087345712e+06
1.069523848697098580e-05 1.023427787067239514e+01 6.706329972441330552e+06
1.075113515005212227e-05 1.017615765630432278e+01 6.665407792747667059e+06
1.079538469774721677e-05 1.010075066125263099e+01 6.618475862805673853e+06
1.086657686152755593e-05 1.000762897368704074e+01 6.564843673146206886e+06
1.087656310277346767e-05 9.905162638424553023e+00 6.509534203576025553e+06
1.088032266609308267e-05 9.795733871170666518e+00 6.453576241007854231e+06
1.089610253579634156e-05 9.679735742954669320e+00 6.396746190903886221e+06
1.085346378870366571e-05 9.564129014418357499e+00 6.343168720527682453e+06
1.081353871504236587e-05 9.449459584394872991e+00 6.292745856675873511e+06
1.078732790335094453e-05 9.335104410947383968e+00 6.244688111628963612e+06
1.071962011439003214e-05 9.225493218399961393e+00 6.201606588824213482e+06
1.065937943872944033e-05 9.120160113834359095e+00 6.162864053809592500e+06
1.060738083557259968e-05 9.018512669643634183e+00 6.127806990747659467e+06
1.054462265116385674e-05 8.921691958039541959e+00 6.096973171928878874e+06
1.048845798959412712e-05 8.829188800654664604e+00 6.069796191001680680e+06
1.043781958084888681e-05 8.740600337830677802e+00 6.045811154317433015e+06
1.039181950269362680e-05 8.655646173863393855e+00 6.024644823486870155e+06
1.034972209931035795e-05 8.574139604042903429e+00 6.005996896169969812e+06
1.031092093771538101e-05 8.495963974854806366e+00 5.989624640148711391e+06
1.027491908131254473e-05 8.421053354843150984e+00 5.975330287768481299e+06
1.024131216151077618e-05 8.349376838985213212e+00 5.962950718109546229e+06
1.020977376792864995e-05 8.280925924520730064e+00 5.952349048000601120e+06
1.018004281366855392e-05 8.215704481445330387e+00 5.943407822020112537e+06
1.015191260632911755e-05 8.153720908579009219e+00 5.936023544585209340e+06
1.012522137864342772e-05 8.094982124321717265e+00 5.930102340501287021e+06
1.009984413349676974e-05 8.039489085499234022e+00 5.925556561533363536e+06
1.007568561327868755e-05 7.987233572113681568e+00 5.922302186081459746e+06
1.005267427869729064e-05 7.938196010539341430e+00 5.920256880552719347e+06
1.003075717067384692e-05 7.892344140641444739e+00 5.919338610670223832e+06
1.000989554869744018e-05 7.849632361310607820e+00 5.919464707397801802e+06
1.000225260567760672e-05 7.809050529169495825e+00 5.919830313899824396e+06
9.992751699185090759e-06 7.770865283541761315e+00 5.920598184210827574e+06
9.982494725201462507e-06 7.735243046066953454e+00 5.921850661980875768e+06
1.002288170654088276e-05 7.698357452237662102e+00 5.920612157741895877e+06
1.004957535112045353e-05 7.661777174431409598e+00 5.918036575433327816e+06
1.006837813668625373e-05 7.626579693529142112e+00 5.914856436161098070e+06
1.019877909092346818e-05 7.584703376938674246e+00 5.904720617317526601e+06
1.028210268794876531e-05 7.541031679020120393e+00 5.891327679598947056e+06
1.034451662849490736e-05 7.498219656620838336e+00 5.876537741289394908e+06
1.054180540457367607e-05 7.447200973209175068e+00 5.853075951113384217e+06
1.064826630561509270e-05 7.396472918994113854e+00 5.827480759897890501e+06
1.072619870863786226e-05 7.349324608982978013e+00 5.802073662866182625e+06
1.094979277385538692e-05 7.296273064787791363e+00 5.769200827905396931e+06
1.106685307111167070e-05 7.246634555936072530e+00 5.736121385121691041e+06
1.115052306609737812e-05 7.203788241863618325e+00 5.705253955439987592e+06
1.140104872459614339e-05 7.156990549246928346e+00 5.667954204250583425e+06
1.147339442101056516e-05 7.119916184470860721e+00 5.635002824841709808e+06
1.152161048023575198e-05 7.094578848216390732e+00 5.607734219981484115e+06
1.172426215685370002e-05 7.070687921378333129e+00 5.577942568374444731e+06
1.172900876865959165e-05 7.062082379330525406e+00 5.556555418849063106e+06
1.172729078532850930e-05 7.068797199346343874e+00 5.543364270442296751e+06
1.185963114134159157e-05 7.081311872984097811e+00 5.530873703100865707e+06
1.179729019878413728e-05 7.112431666909563965e+00 5.529122331007638015e+06
1.174801715030456484e-05 7.160334997069896623e+00 5.536472908078849316e+06
1.181295853586784905e-05 7.216234821541898548e+00 5.546136167445566505e+06
1.167754940199342433e-05 7.293052853851004436e+00 5.568099356648333371e+06
1.157637394873657707e-05 7.387053396748496148e+00 5.599304805930249393e+06
1.154153932073815434e-05 7.492041703549249476e+00 5.635118639617693610e+06
1.134997004308857893e-05 7.617922995313113788e+00 5.683081409323757514e+06
1.120870087033326333e-05 7.759250844093465993e+00 5.739055298711609095e+06
1.114836405149662642e-05 7.908030930165478090e+00 5.797360065667717718e+06
1.097088154238556053e-05 8.071620519909354030e+00 5.863702893050731160e+06
1.084251980076271398e-05 8.244194603291195023e+00 5.934041926679769531e+06
1.078106217712146570e-05 8.418205056836388422e+00 6.003426367298037745e+06
1.063806284739067813e-05 8.598547987167723505e+00 6.075912315597625449e+06
1.053747703600872490e-05 8.779510773133377910e+00 6.147946188495294191e+06
1.048852664638557440e-05 8.954391304801784912e+00 6.215548241728452034e+06
1.042218814518025837e-05 9.122849794318909744e+00 6.279261604113392532e+06
1.038226689619717136e-05 9.280671868641046984e+00 6.336923390463425778e+06
1.037693862941027900e-05 9.423026918126012674e+00 6.386037988152782433e+06
1.034214593207420158e-05 9.551475498097465433e+00 6.428433229160664603e+06
1.032533814524128479e-05 9.663185004164859038e+00 6.462860305834933184e+06
1.034854732182743528e-05 9.753447609736172197e+00 6.486829772559853271e+06
1.034796820609102294e-05 9.824320377291263284e+00 6.502287664701548405e+06
1.035548413489571494e-05 9.874954704404427019e+00 6.509084357845499180e+06
1.040966077445173946e-05 9.901029769234481748e+00 6.504719877768134698e+06
1.044062162535043238e-05 9.905801157518364874e+00 6.491569944552240893e+06
1.046942631746998443e-05 9.890634424624048293e+00 6.470573872901231050e+06
1.055295872790215648e-05 9.851569490958436148e+00 6.439100922432974912e+06
1.060682431248888277e-05 9.793605335511738730e+00 6.400273588632230647e+06
1.064941568718691296e-05 9.719927532689643712e+00 6.355852554557164200e+06
1.078232422553231127e-05 9.624144811978386116e+00 6.301283636273493990e+06
1.085815567494206031e-05 9.514752735419502727e+00 6.241683319759903476e+06
1.091335122151064606e-05 9.396347736700004560e+00 6.179462933853689581e+06
1.110137256373952056e-05 9.259462555766898362e+00 6.107812063598413952e+06
1.120052913977403108e-05 9.115770703485894799e+00 6.033820722713928670e+06
1.126910674679871558e-05 8.970758087669663539e+00 5.960386624996438622e+06
1.150328006050991016e-05 8.812813951746486296e+00 5.879160466632965021e+06
1.161663156571898351e-05 8.655767159096997787e+00 5.798757282733381726e+06
1.169165664743854726e-05 8.505125055332666051e+00 5.722172471478376538e+06
1.194200236239348922e-05 8.348868888823840706e+00 5.640786722097059712e+06
1.202265094710293498e-05 8.203102153382189954e+00 5.565019674710846506e+06
1.207011008147299453e-05 8.071511914221860096e+00 5.496854677520268597e+06
1.229307087983358716e-05 7.941770067625332885e+00 5.427577440493730828e+06
1.230506799487706607e-05 7.830830853080463783e+00 5.368537165501327254e+06
1.230132125156535762e-05 7.739624789789656845e+00 5.320047275579559617e+06
1.246417348498479691e-05 7.655906738699348679e+00 5.273567248629740439e+06
1.239468149401932515e-05 7.596240898888198423e+00 5.240442266022345051e+06
1.233316767444664405e-05 7.558911768486735738e+00 5.219281064888753928e+06
1.243272371525472413e-05 7.531559114113052011e+00 5.201537624266776256e+06
1.230312755823994687e-05 7.529550074778391000e+00 5.197852105696382932e+06
1.220109230923551064e-05 7.549446734875059128e+00 5.205685851138217375e+06
1.224547494836475957e-05 7.579523077288027544e+00 5.216993875880642794e+06
1.208015731727032807e-05 7.633623735652617981e+00 5.241383632674827240e+06
1.195555009353248605e-05 7.707238536263326445e+00 5.275631191886027344e+06
1.194384488115205889e-05 7.790564615416908367e+00 5.313124519500040449e+06
1.175995497368216401e-05 7.894989656341993900e+00 5.361768598591942340e+06
1.162461052616713899e-05 8.015174891018800096e+00 5.417907735449677333e+06
1.158557819780070711e-05 8.141971656871969998e+00 5.475568476890594698e+06
1.140597393365769391e-05 8.284846205173177935e+00 5.541380844874953851e+06
1.127599978425929222e-05 8.438011923853572682e+00 5.611603524485274218e+06
1.122212022872419686e-05 8.593293516240663621e+00 5.681172442218466662e+06
1.106219305916843934e-05 8.757839505792318846e+00 5.755240193548571318e+06
1.094831061212495665e-05 8.925741769429953010e+00 5.830255271198534407e+06
1.089732867219492989e-05 9.089428273624108101e+00 5.901818633295916952e+06
1.078519496092203265e-05 9.252601511349718422e+00 5.972925056050965562e+06
1.070871483405255827e-05 9.410138991736404890e+00 6.040787286030372605e+06
1.067712555051602132e-05 9.556058480243928344e+00 6.102212755340762436e+06
1.060339332618805966e-05 9.692915200040046031e+00 6.159475183397245593e+06
1.055597475563421701e-05 9.816749260688828471e+00 6.210615242562238127e+06
1.057410989787113857e-05 9.919981257472880287e+00 6.251448975044274703e+06
1.056031582497942858e-05 1.000525612043132639e+01 6.284209126210886054e+06
1.055815254871443863e-05 1.007112702884822752e+01 6.308389770309937187e+06
1.063008049665547355e-05 1.011027387816685774e+01 6.319775510042328387e+06
1.066670169032910096e-05 1.012720037591264521e+01 6.321457417161132209e+06
1.070069763922205255e-05 1.012332337733926657e+01 6.314384643700459972e+06
1.081796978089126890e-05 1.009182015295625590e+01 6.294299669602224603e+06
1.089553737568084579e-05 1.003905788460786219e+01 6.265070041791982017e+06
1.095683544511238560e-05 9.969048130791152929e+00 6.228891094731059857e+06
1.111035938345459592e-05 9.875378511783560853e+00 6.181402065719297156e+06
1.118311616669780703e-05 9.769069371422826720e+00 6.129086383229315281e+06
1.123535657702688945e-05 9.654651818938583929e+00 6.074231710882147774e+06
1.138435565322170301e-05 9.525559428395315109e+00 6.012207288522232324e+06
1.142940859477755490e-05 9.394233917888829666e+00 5.950365601460680366e+06
1.145635909247967091e-05 9.264188019293939647e+00 5.890364543661432341e+06
1.157304455914617369e-05 9.129080589611534791e+00 5.827726545201816596e+06
1.157079743286552816e-05 9.001151762806983925e+00 5.769857287857902236e+06
1.155970997806891717e-05 8.881911451804304747e+00 5.717296844262192957e+06
1.164368287617168441e-05 8.763894473043984945e+00 5.664953652803868987e+06
1.159632321865638403e-05 8.658942716677319851e+00 5.620234947838690132e+06
1.155093926132120911e-05 8.566737951500408954e+00 5.582663260705656372e+06
1.158640326768504534e-05 8.480416223011911114e+00 5.547638955045285635e+06
1.149472523481213443e-05 8.410269700689024575e+00 5.521797271060227416e+06
1.141693502095284885e-05 8.354358772085261009e+00 5.503737720780232921e+06
1.139576428982904341e-05 8.307284064779620891e+00 5.489908183143779635e+06
1.127067314303704755e-05 8.276692954958422277e+00 5.485382113302677870e+06
1.116935016339032285e-05 8.259480136232186354e+00 5.488093475266837515e+06
1.109942013422747871e-05 8.251940136545227844e+00 5.495683476307335310e+06
1.093996049418662203e-05 8.260191168361782132e+00 5.512335880026258528e+06
1.081382329072670441e-05 8.280037997538499894e+00 5.535347392356901430e+06
1.071505986126762524e-05 8.307807974815435870e+00 5.562466658638153225e+06
1.055720351815315178e-05 8.347085405365476163e+00 5.596296317384637892e+06
1.043395784982580742e-05 8.393474726554199350e+00 5.634084267397406511e+06
1.035310626101730973e-05 8.442000396990129829e+00 5.672772143245962448e+06
1.027009715680747777e-05 8.491754931641063209e+00 5.712025359657639638e+06
1.020755324663539956e-05 8.540011287141208385e+00 5.750255730712226592e+06
1.018338034137864017e-05 8.582671148390422999e+00 5.784960244384454563e+06
1.015609713745354309e-05 8.619553893060825089e+00 5.816253900586594827e+06
1.013850911347260873e-05 8.649506881570568240e+00 5.843542683837877586e+06
1.017140498319944630e-05 8.668008428262517384e+00 5.863938231091712601e+06
1.020102139499939017e-05 8.675726667982349483e+00 5.878022215905481949e+06
1.022743330565337042e-05 8.673517425295028005e+00 5.886412903908497654e+06
1.030532181936895304e-05 8.657616235262082682e+00 5.886555452562570572e+06
1.035409827618631823e-05 8.631728065170433339e+00 5.880932106448380277e+06
1.039300763752792252e-05 8.597812838458763096e+00 5.870748628517168574e+06
1.047917208328964888e-05 8.552909813813720064e+00 5.853850506390736438e+06
1.050057108654968228e-05 8.503893418150028083e+00 5.834795519189546816e+06
1.051514058544801570e-05 8.452241151430719412e+00 5.814388377652279101e+06
1.054623077640470702e-05 8.397267058731110012e+00 5.792009483514843509e+06
1.052565285338943001e-05 8.343967790755499436e+00 5.770965466632070951e+06
1.050588406389591180e-05 8.292546699856773174e+00 5.751248814140781760e+06
1.049178937805079771e-05 8.242674772812620176e+00 5.732544797654274851e+06
1.042351826965362855e-05 8.198855049613953838e+00 5.717912493139365688e+06
1.036591933076036767e-05 8.159858325617644681e+00 5.706434177973882295e+06
1.031825630467639800e-05 8.124478736431438364e+00 5.697275079552724026e+06
1.024438053581333197e-05 8.094507605235360614e+00 5.691703107299573720e+06
1.018279794346506344e-05 8.068438054040381502e+00 5.688673991438940167e+06
1.013152936442795885e-05 8.044967721037599162e+00 5.687321996053790674e+06
1.008887768189800391e-05 8.023050882569462416e+00 5.686954021784239449e+06
1.005338661009610149e-05 8.001860540597940386e+00 5.687023107441985048e+06
1.004881827440456860e-05 7.978766621459890906e+00 5.685688148027723655e+06
1.003917852758604525e-05 7.954308086185722715e+00 5.683349307890992612e+06
1.003063378423250026e-05 7.928565686839702309e+00 5.680043525991776958e+06
1.013450053579265179e-05 7.892874986661177594e+00 5.669527907607359812e+06
1.021471779983814555e-05 7.850372428552963022e+00 5.653992660760280676e+06
1.027638832076943834e-05 7.803809469192348303e+00 5.635221348860680126e+06
1.046554049862199678e-05 7.744568019836347794e+00 5.606792234524699859e+06
1.060271525746043007e-05 7.678890719483648652e+00 5.573024310305249877e+06
1.070519680140826072e-05 7.611341612278094360e+00 5.536894904050368816e+06
1.093401288792460306e-05 7.534223180910053941e+00 5.492517309125063941e+06
1.104437607791700043e-05 7.458556854408395331e+00 5.447686000574592501e+06
1.112209334710669767e-05 7.388079729820022479e+00 5.404782373284476809e+06
1.131914390877184120e-05 7.315312624650295525e+00 5.358116809093319811e+06
1.135658104938395919e-05 7.252848433423057628e+00 5.316760168624771759e+06
1.137721696351213127e-05 7.202111187910078982e+00 5.281492412036527880e+06
1.150845179228539213e-05 7.155478565407781488e+00 5.246623001416961662e+06
1.146730641226296080e-05 7.125020352395638135e+00 5.220952590496316552e+06
1.142958455069964739e-05 7.109855945248040321e+00 5.203651508422876708e+06
1.147549488716925016e-05 7.103504536048127704e+00 5.189961609435581602e+06
1.135919086944709812e-05 7.116430078091615208e+00 5.187541085942575708e+06
1.126705687139377124e-05 7.145740218008810984e+00 5.194162140990044922e+06
1.123224609733096673e-05 7.186180009456645479e+00 5.206060906193458475e+06
1.106323064130681640e-05 7.245973174892322177e+00 5.229263767808256671e+06
1.093352317409180229e-05 7.320789255934357698e+00 5.260613750795767643e+06
1.084995633605342268e-05 7.405723310931992209e+00 5.296741489977223799e+06
1.066455477295780048e-05 7.506789560240687997e+00 5.342123076577956788e+06
1.052424715267133112e-05 7.618906600109497163e+00 5.393256759244948626e+06
1.042238493182159233e-05 7.737365213861925106e+00 5.447116507234453224e+06
1.026655516061970462e-05 7.864732474466655354e+00 5.505853289050944149e+06
1.015103639552900075e-05 7.996010171318982174e+00 5.566299870436613448e+06
1.006828456389986645e-05 8.126729816152511887e+00 5.625829565293803811e+06
1.000571922049789573e-05 8.253600178787669606e+00 5.682692920945508406e+06
9.965405960731877057e-06 8.373300859079449765e+00 5.735152993616233580e+06
9.942889706301910339e-06 8.483073749346553782e+00 5.781881142274731770e+06
9.934363923693255614e-06 8.580717440000572793e+00 5.821920349589696154e+06
9.936569497986386457e-06 8.664565018029318111e+00 5.854646271872968413e+06
9.946717914436377362e-06 8.733457019342749206e+00 5.879728784781543538e+06
9.962431519137842956e-06 8.786707693119426565e+00 5.897093441484760493e+06
9.981695683986388696e-06 8.824064280746991784e+00 5.906882966609345749e+06
1.000281918101900338e-05 8.845660120434352791e+00 5.909419323529033922e+06
1.002440018073312938e-05 8.851963111092237213e+00 5.905167084104510956e+06
1.004529610877482006e-05 8.843721456157544125e+00 5.894698858023579232e+06
1.006459618732530977e-05 8.821908719190370007e+00 5.878663456379765645e+06
1.008159593448408614e-05 8.787670118765960936e+00 5.857757313752734102e+06
1.009577321413884352e-05 8.742271734504733161e+00 5.832699511003953405e+06
1.010676565486324905e-05 8.687053948764908995e+00 5.804210554595607333e+06
1.011434934307177062e-05 8.623390067364468337e+00 5.772994900504857302e+06
1.011841885290086164e-05 8.552650678033241860e+00 5.739727066137208603e+06
1.011896860770644598e-05 8.476173963725326388e+00 5.705041068516843952e+06
1.011607568832333822e-05 8.395241889771442700e+00 5.669522849725584500e+06
1.010988411621336162e-05 8.311061955300038662e+00 5.633705309684091248e+06
1.010059065110562626e-05 8.224754032395027892e+00 5.598065550943903625e+06
1.008843209875237534e-05 8.137341711187008997e+00 5.563023947470858693e+06
1.007367411207343512e-05 8.049747515300031964e+00 5.528944672024133615e+06
1.005660143157033290e-05 7.962791342246607229e+00 5.496137350790415891e+06
1.003750950200817047e-05 7.877191505477518341e+00 5.464859553467780352e+06
1.001669736660124530e-05 7.793567801483734847e+00 5.435319869970707223e+06
9.994461738040088898e-06 7.712446085724140588e+00 5.407681366871115752e+06
9.971092140147638682e-06 7.634263909061773212e+00 5.382065256157603115e+06
9.946867012934270337e-06 7.559376836336446637e+00 5.358554644599197432e+06
9.922050666682364473e-06 7.488065136975873948e+00 5.337198263672289439e+06
9.896890983333087304e-06 7.420540600589196956e+00 5.318014106619755737e+06
9.871617763898179993e-06 7.356953287290115107e+00 5.300992921479297802e+06
9.846441630315181702e-06 7.297398071702925648e+00 5.286101526768941432e+06
9.821553393621662822e-06 7.241920881684329458e+00 5.273285930777889676e+06
9.797123815327070197e-06 7.190524567139711110e+00 5.262474245915058069e+06
9.773303692849723479e-06 7.143174361983878562e+00 5.253579397410311736e+06
9.750224216017334543e-06 7.099802923478893746e+00 5.246501630729823373e+06
9.727997528407640750e-06 7.060314950389900979e+00 5.241130826343103312e+06
9.706717460409682710e-06 7.024591392393246814e+00 5.237348631809956394e+06
9.686460393502526999e-06 6.992493271429768953e+00 5.235030422112881206e+06
9.667286223239537809e-06 6.963865140641021689e+00 5.234047099173537455e+06
9.649239390039289447e-06 6.938538209592228334e+00 5.234266741077309474e+06
9.632349953024019656e-06 6.916333165222352086e+00 5.235556110664446838e+06
9.616634693693896938e-06 6.897062716936089188e+00 5.237782031655290164e+06
9.602098233231084760e-06 6.880533892746985458e+00 5.240812639291958883e+06
9.588734150057007634e-06 6.866550111206615625e+00 5.244518511332951486e+06
9.576526086628844560e-06 6.854913051287395476e+00 5.248773684200341813e+06
9.565448833399487356e-06 6.845424339830706195e+00 5.253456558356848545e+06
9.555469384393316509e-06 6.837887073239945046e+00 5.258450696191553958e+06
9.546547973589909587e-06 6.832107186472780924e+00 5.263645514442268759e+06
9.538639064283368805e-06 6.827894681562026946e+00 5.268936874155951664e+06
9.531692297394340479e-06 6.825064724985583808e+00 5.274227570566711947e+06
9.525653387675413609e-06 6.823438621795991033e+00 5.279427725760431029e+06
9.520464972080407292e-06 6.822844672379582143e+00 5.284455086871651933e+06
9.516067409852698832e-06 6.823118916440274795e+00 5.289235232864907011e+06
9.512399523646025083e-06 6.824105768476220746e+00 5.293701693895015866e+06
9.509399295892804538e-06 6.825658547469394932e+00 5.297795986935810186e+06
9.507004509037786922e-06 6.827639904021173045e+00 5.301467572540680878e+06
9.505153332830766288e-06 6.829922147900115981e+00 5.304673737944306806e+06
9.503784852963683853e-06 6.832387479514946627e+00 5.307379412523731589e+06
9.502839539024455806e-06 6.834928129189557389e+00 5.309556922164449468e+06
9.502259674157646064e-06 6.837446406808577848e+00 5.311185688201580197e+06
9.561836315015378939e-06 6.835668206322525364e+00 5.309000415502402931e+06
9.609360577457947824e-06 6.830839638266486880e+00 5.304027706424227916e+06
9.647466707775960950e-06 6.824064347412475584e+00 5.297105691435812041e+06
9.765977835213032523e-06 6.810148603643649601e+00 5.284186069854042493e+06
9.849039787582445764e-06 6.792524394717442959e+00 5.267926069618117064e+06
9.913718374028408214e-06 6.773314138936564532e+00 5.249857605039662682e+06
1.006379257247104249e-05 6.747396457268544090e+00 5.225922105504009873e+06
1.015140836824573504e-05 6.720239439908752388e+00 5.200290796152991243e+06
1.021733256551544905e-05 6.694179792473202717e+00 5.174595147083002143e+06
1.032384493797361102e-05 6.667106660683839614e+00 5.147083135636086576e+06
1.033945911322473148e-05 6.645743259238265921e+00 5.122852072108718567e+06
1.034802368797574121e-05 6.630650804318473313e+00 5.102176372417486273e+06
1.041425521871388481e-05 6.617934059768968424e+00 5.082000069134679623e+06
1.037878846312090530e-05 6.614406216098718261e+00 5.067523968847455457e+06
1.034823518659214869e-05 6.619331135278209821e+00 5.058067706260949373e+06
1.035744157391445514e-05 6.629537198448695712e+00 5.051207607846785337e+06
1.026610937566289611e-05 6.651273171243298421e+00 5.051720241049054079e+06
1.019328737102263730e-05 6.682432160796693665e+00 5.057953574427737854e+06
1.014381661131551256e-05 6.720494551319787568e+00 5.068077814910355955e+06
1.004820743199018168e-05 6.767761086690150307e+00 5.083919893936191685e+06
9.974186536193756683e-06 6.821736079390340990e+00 5.103679089587568305e+06
9.919476411273577817e-06 6.880076184613212575e+00 5.125765069065301679e+06
9.818941450550799620e-06 6.945101528741449037e+00 5.152079729814352468e+06
9.741898967434989555e-06 7.014050878216691487e+00 5.180733547710842453e+06
9.686190195049591888e-06 7.084305778671237341e+00 5.210044214448903687e+06
9.644733358037887200e-06 7.153890736223032398e+00 5.238831802555288188e+06
9.616751769875235586e-06 7.221000316698535926e+00 5.266054981345256791e+06
9.599757541285156191e-06 7.284130001031235757e+00 5.290900915789430030e+06
9.591593007463368882e-06 7.342059601595026130e+00 5.312760471152582206e+06
9.590386687687412338e-06 7.393834221417816543e+00 5.331204612620307133e+06
9.600122124404899531e-06 7.438320419173968467e+00 5.345656963181254454e+06
9.611326931920214221e-06 7.475265907736892146e+00 5.356151010202169418e+06
9.624630124502526587e-06 7.504483447891525216e+00 5.362727189199626446e+06
9.668740725133585239e-06 7.523687737459065161e+00 5.363897488674809225e+06
9.703155990830133296e-06 7.534027394664254196e+00 5.360595219088245183e+06
9.733255983980587748e-06 7.536316609971252412e+00 5.353435685937070288e+06
9.772926742251514446e-06 7.530326159173107214e+00 5.342261617205072194e+06
9.789234670921442247e-06 7.518464216654758836e+00 5.328755621153253131e+06
9.802703714458191353e-06 7.501445568805513275e+00 5.313352235139983706e+06
9.815988261072817938e-06 7.479739561888231414e+00 5.296311568568449467e+06
9.798282740975260529e-06 7.456148743819652758e+00 5.279529149927940220e+06
9.782972191198507041e-06 7.430706389050376615e+00 5.262924266966107301e+06
9.769468469061708986e-06 7.403450359261063873e+00 5.246445343135084957e+06
9.757284109955540840e-06 7.374484268053180358e+00 5.230080410771628842e+06
9.746019850942558101e-06 7.343962909329119881e+00 5.213847761651995592e+06
9.735353455786726140e-06 7.312079354732356151e+00 5.197787967686034739e+06
9.725029693192648421e-06 7.279053639793604980e+00 5.181957124614827335e+06
9.714851321957272448e-06 7.245122957021203014e+00 5.166421187565238215e+06
9.713422615210596549e-06 7.209893646249009969e+00 5.150794329190493561e+06
9.707632013861175013e-06 7.174000925464365075e+00 5.135423793300900608e+06
9.700898887313785511e-06 7.137803042637260731e+00 5.120450659671148285e+06
9.774149053580635265e-06 7.095813158695494671e+00 5.101819777164803818e+06
9.829876808514845520e-06 7.050259801538117266e+00 5.081002590989241377e+06
9.871616387064372709e-06 7.003101100755507957e+00 5.059194335082662292e+06
1.001984703369901311e-05 6.947702789606104545e+00 5.031390490517323837e+06
1.012002808648994430e-05 6.889088648068206311e+00 5.001019217668235302e+06
1.019453065637476274e-05 6.830415585622843011e+00 4.970063820907749236e+06
1.039863188131742621e-05 6.764063075117963564e+00 4.932713967243555002e+06
1.051306060013585688e-05 6.698013510299940521e+00 4.894556276791226119e+06
1.059545363700531247e-05 6.635711790612144334e+00 4.857772051635966636e+06
1.077547500447393522e-05 6.571763617606052321e+00 4.818172010143429972e+06
1.083019461289086396e-05 6.515517647747303798e+00 4.782426559136490338e+06
1.086498062940692065e-05 6.468667932061725523e+00 4.751522179589306004e+06
1.103007847787522414e-05 6.423224314608801500e+00 4.719455245528888889e+06
1.103825296977452589e-05 6.389658804588642660e+00 4.693839505899163894e+06
1.103803628583576089e-05 6.368336899494225989e+00 4.674735266300871968e+06
1.115060069260838818e-05 6.351973462165703133e+00 4.656728712009503506e+06
1.108899192993523014e-05 6.351288333974832945e+00 4.647655284466038458e+06
1.103764308417239662e-05 6.364916557357143567e+00 4.646347112370057963e+06
1.109494685050017356e-05 6.385318310529213726e+00 4.647293271240822040e+06
1.101804835276270178e-05 6.420377734428092786e+00 4.656266350919159129e+06
1.095826557649778372e-05 6.468157663102855004e+00 4.671754455172162503e+06
1.096828723110551027e-05 6.523306630547763163e+00 4.689926634637616575e+06
1.083439331455135669e-05 6.594259449116086635e+00 4.716904422076480463e+06
1.073334059001477593e-05 6.677706783391928802e+00 4.750254056018684059e+06
1.073071682810186341e-05 6.765904657160190183e+00 4.784591594384529628e+06
1.061462711233840922e-05 6.865515344297910438e+00 4.824811942805624567e+06
1.052994188309079533e-05 6.973207973542058014e+00 4.868631155442038551e+06
1.051396491819171876e-05 7.082919883419044993e+00 4.912048197922367603e+06
1.040763651584319726e-05 7.199985531011727780e+00 4.959040564748284407e+06
1.033203727892877443e-05 7.320906259990721310e+00 5.007385722003577277e+06
1.034019079727794294e-05 7.438173502828019146e+00 5.052303022134725936e+06
1.029871655837196975e-05 7.554508740150873258e+00 5.096060486699922010e+06
1.027503771072640496e-05 7.667550080143430868e+00 5.137389703164589591e+06
1.033370846060301762e-05 7.769990005702607228e+00 5.171812555589233525e+06
1.031546539945076903e-05 7.867327728814809795e+00 5.203429703982847743e+06
1.030917740702248217e-05 7.957992190103781560e+00 5.231489151881541125e+06
1.039879819609756559e-05 8.033762755077178852e+00 5.250960473253918812e+06
1.043284416698117650e-05 8.099185107116666060e+00 5.265199747869570740e+06
1.046597182044179300e-05 8.154424874614436547e+00 5.274522091719854623e+06
1.060586674354974611e-05 8.191056251752325323e+00 5.273711506539875641e+06
1.066138503362635241e-05 8.216905782975850059e+00 5.268026827160930261e+06
1.070818459011498264e-05 8.233428861417261047e+00 5.258406844184429385e+06
1.087747824504898159e-05 8.231523210818204817e+00 5.239086279256104492e+06
1.094361710919807764e-05 8.221119918719647757e+00 5.216424798398728482e+06
1.099516684447007766e-05 8.204531998536133131e+00 5.191714955958042294e+06
1.118393958728228422e-05 8.171958996247019158e+00 5.158647962844891474e+06
1.124407757476151123e-05 8.135479129390510877e+00 5.124750126020208001e+06
1.128777143861532168e-05 8.097529675781180103e+00 5.091260740358757786e+06
1.147532227276756555e-05 8.047986293380985146e+00 5.051624967944170348e+06
1.151126254489518580e-05 8.000254214119513207e+00 5.014097399021829478e+06
1.153423498164771612e-05 7.956090589555662618e+00 4.979446885293034837e+06
1.168256376713993506e-05 7.906609178671581972e+00 4.941917750088000670e+06
1.166629505317381641e-05 7.865212271548566392e+00 4.909731855925920419e+06
1.164901080827867131e-05 7.832017104446684641e+00 4.882671407671602443e+06
1.175611785718412787e-05 7.797737985542532613e+00 4.854813846393926069e+06
1.168972642201843355e-05 7.775568195383552705e+00 4.834278976624177769e+06
1.163528146850149890e-05 7.764086445939026859e+00 4.819957844445247203e+06
1.169431475018847450e-05 7.754344517648003254e+00 4.806237186653935350e+06
1.158378284219759518e-05 7.758647949653378895e+00 4.800718692927088588e+06
1.149737051570459261e-05 7.774258457093676355e+00 4.801559807862466201e+06
1.150050322114529577e-05 7.793538810874019340e+00 4.804063721926538274e+06
1.136848296725100235e-05 7.825938428751728182e+00 4.814099770217357203e+06
1.126747962359717135e-05 7.867958202670207513e+00 4.829465539126243442e+06
1.123214484692352833e-05 7.913440962221909736e+00 4.846479353627348319e+06
1.108124250405846466e-05 7.970339259629302120e+00 4.870124695080299862e+06
1.096693874814821757e-05 8.034480778262629741e+00 4.897896128162028268e+06
1.089887848001611038e-05 8.100895807515769320e+00 4.926947588746635243e+06
1.074396089593394963e-05 8.175380135559231931e+00 4.960995885898499750e+06
1.062715396593686615e-05 8.253426137256123951e+00 4.997455716955427080e+06
1.054613443008878206e-05 8.330701408815285092e+00 5.033972355560181662e+06
1.041535569139630357e-05 8.410165624050883082e+00 5.072604088324290700e+06
1.031773969009776719e-05 8.487701248620361127e+00 5.111110624273041263e+06
1.024881479475661060e-05 8.559641733310353828e+00 5.147599135350726545e+06
1.018037378121972844e-05 8.625009080307954434e+00 5.181781929366837256e+06
1.013186982012371735e-05 8.681282145629914737e+00 5.212413067355939187e+06
1.009908184878018406e-05 8.726528254619021041e+00 5.238587678903420456e+06
1.007844717234341887e-05 8.759400678726647627e+00 5.259708775832513347e+06
1.006695969868314271e-05 8.779080574649269053e+00 5.275444316743550822e+06
1.006209061596480115e-05 8.785217643158842904e+00 5.285686933075889014e+06
1.006172490370349302e-05 8.777869098841643236e+00 5.290515910486960784e+06
1.006410906471405447e-05 8.757437597972833387e+00 5.290161461920793168e+06
1.006780685908207239e-05 8.724609368122479225e+00 5.284971547868318856e+06
1.007166084295662091e-05 8.680294023944716386e+00 5.275381563399191946e+06
1.007475818845117213e-05 8.625567541036851082e+00 5.261887179859086871e+06
1.009190190335719773e-05 8.560299750295829568e+00 5.244211930020659231e+06
1.010399881032578822e-05 8.486187221013750559e+00 5.223163088423188776e+06
1.011129886481721080e-05 8.404904191573161043e+00 5.199502003600153141e+06
1.017929591852342815e-05 8.312654706852786290e+00 5.170583478698487394e+06
1.022321526747198647e-05 8.213312706425984544e+00 5.138484394421240315e+06
1.025340830341642183e-05 8.109714155967331806e+00 5.104590118186363950e+06
1.036613382974179879e-05 7.996813892930188850e+00 5.065342757161094807e+06
1.043153789980452241e-05 7.880611864171029879e+00 5.024146251642480493e+06
1.047592053024039947e-05 7.764540579176307133e+00 4.982756138266290538e+06
1.062327977533444546e-05 7.642293005042532172e+00 4.936741026622729376e+06
1.069213056593074299e-05 7.521975824742393790e+00 4.890966616802010685e+06
1.073666114319276121e-05 7.406829258439812769e+00 4.847152099650952034e+06
1.089248051111108798e-05 7.289959513234538946e+00 4.800488501893259585e+06
1.094022561878859557e-05 7.180723788038121391e+00 4.756875444850247353e+06
1.096697593012778416e-05 7.081333492404707997e+00 4.717504156261006370e+06
1.109288037294516306e-05 6.985436505662015350e+00 4.677981860621429980e+06
1.108954995133766705e-05 6.902563685106499314e+00 4.644572937346843071e+06
1.107743635980882360e-05 6.833176071877876900e+00 4.617446782964199781e+06
1.114220631795200041e-05 6.771866689774350689e+00 4.592921709842091426e+06
1.106833423156122175e-05 6.727603850698449683e+00 4.577081836023284122e+06
1.100422354315018570e-05 6.698878393547794907e+00 4.568858885853465647e+06
1.099179201121578363e-05 6.681369240536824350e+00 4.565372461723500863e+06
1.084995456307789814e-05 6.682711322950943611e+00 4.571914371782457456e+06
1.073633767513036048e-05 6.699724193814088125e+00 4.586331847091117874e+06
1.066125245408114703e-05 6.728532482890107858e+00 4.606105609161730856e+06
1.048671898102117925e-05 6.774607155699259309e+00 4.635112975393099710e+06
1.035035744943014806e-05 6.833879572207202990e+00 4.670661200390490703e+06
1.024606812320793274e-05 6.902669500231403354e+00 4.710441537798627280e+06
1.008182238460513777e-05 6.983837330485909156e+00 4.756619798480502330e+06
9.955733214270872479e-06 7.073160046009177471e+00 4.806519199167026207e+06
9.863106979157784947e-06 7.166710745111566361e+00 4.857779010365962051e+06
9.778373615339921047e-06 7.262570953884254443e+00 4.909431127720991150e+06
9.717390732867776961e-06 7.357701875652152168e+00 4.959764341486295685e+06
9.675882375183886714e-06 7.449478744469877789e+00 5.007384285708342679e+06
9.650190129521023130e-06 7.535699856491132387e+00 5.051191353740366176e+06
9.637169598804465169e-06 7.614563253820640476e+00 5.090352483891850337e+06
9.634111932004537862e-06 7.684646093061840766e+00 5.124275118779798038e+06
9.638683455265582470e-06 7.744883585576978646e+00 5.152581991979529150e+06
9.648878254428742832e-06 7.794545718584233285e+00 5.175086110174058937e+06
9.684893614146925631e-06 7.831468042077179170e+00 5.190610591620225459e+06
9.716923852351563358e-06 7.856201733263124432e+00 5.199738843222865835e+06
9.746958870648864619e-06 7.869302466401311591e+00 5.202979332710257731e+06
9.799651788790343131e-06 7.869463558290076044e+00 5.199561970412549563e+06
9.832569325234073425e-06 7.859061208212566818e+00 5.191103930272267200e+06
9.860469313165554959e-06 7.839272729428328645e+00 5.178354838074804284e+06
9.898693283738989736e-06 7.810051921095811700e+00 5.161232686746131629e+06
9.905901204124984815e-06 7.774730088054235821e+00 5.141856416762927547e+06
9.910746448147738396e-06 7.734165393454405901e+00 5.120670683686939068e+06
9.918027295969079562e-06 7.688772709624436708e+00 5.097836943357707933e+06
9.893961271949992621e-06 7.641591492558507781e+00 5.075245572941964492e+06
9.872137740645742341e-06 7.592792192919272765e+00 5.052875290393581614e+06
9.851971583407873270e-06 7.542539237729156021e+00 5.030727503075094894e+06
9.832988192945087247e-06 7.491052438792435986e+00 5.008835822662845254e+06
9.814808575420587338e-06 7.438590500814234119e+00 4.987256718223876320e+06
9.797136121473538670e-06 7.385436899951266732e+00 4.966061725893120281e+06
9.779744814532192364e-06 7.331887958356187340e+00 4.945331030882202089e+06
9.762468707738241103e-06 7.278242936819932396e+00 4.925148255152378231e+06
9.745192552770470037e-06 7.224795961889362239e+00 4.905596297663798556e+06
9.727843479429380610e-06 7.171829600595293286e+00 4.886754086595884524e+06
9.710383577664250286e-06 7.119609899667699082e+00 4.868694117679959163e+06
9.692803379620425642e-06 7.068382704328556976e+00 4.851480660453268327e+06
9.675116100111478301e-06 7.018371083229687279e+00 4.835168529089398682e+06
9.657352570433903389e-06 6.969773695536243707e+00 4.819802325328094885e+06
9.639556924200643490e-06 6.922763940597527643e+00 4.805416065928289667e+06
9.621782792422900872e-06 6.877489756331136128e+00 4.792033126474029385e+06
9.604090101425037391e-06 6.834073937386489384e+00 4.779666435535941273e+06
9.597648137342822017e-06 6.791845582397078473e+00 4.767778841423019767e+06
9.588241970871106836e-06 6.751193110303437273e+00 4.756578945675187744e+06
9.577631417220795588e-06 6.712359894446491282e+00 4.746170142255863175e+06
9.590781910343904227e-06 6.673850295926884613e+00 4.735432053879331797e+06
9.586299871489308144e-06 6.637156083042128785e+00 4.725364439798483625e+06
9.579748637671449882e-06 6.602592715449312699e+00 4.716119584044663236e+06
9.596942341495150614e-06 6.568668909057855387e+00 4.706579605013626628e+06
9.588277893012189142e-06 6.537375231504243267e+00 4.698125206953815185e+06
9.578506589528644209e-06 6.508868000447039392e+00 4.690810521156957373e+06
9.587466414543687192e-06 6.481909010514673497e+00 4.683713665870847180e+06
9.568688168254957586e-06 6.458451107411035785e+00 4.678224586291012354e+06
9.551175952275641607e-06 6.438340012403158674e+00 4.674201672824331559e+06
9.549796081301536213e-06 6.420383707027800035e+00 4.670780872160397470e+06
9.522155355889399007e-06 6.406276695653575715e+00 4.669203270631127059e+06
9.498150925958281124e-06 6.395579975486934465e+00 4.669149339211846702e+06
9.486804090644190336e-06 6.387226244673683162e+00 4.669870876638901420e+06
9.452292395479123079e-06 6.382581115411141148e+00 4.672402270543920808e+06
9.423333730999594818e-06 6.380982091880516016e+00 4.676288356355738826e+06
9.409234084181426861e-06 6.381139472204104379e+00 4.680641979740368202e+06
9.387527707010164541e-06 6.383346147150022354e+00 4.685738434006763622e+06
9.369776756230716126e-06 6.387106410511171894e+00 4.691264738679176196e+06
9.355449340963947291e-06 6.391967564598596496e+00 4.696951027668662369e+06
9.344068288627582999e-06 6.397537032978415361e+00 4.702571798118284903e+06
9.335205860045403165e-06 6.403476729171443615e+00 4.707941213846869767e+06
9.331190673065003067e-06 6.409318330565190180e+00 4.712776718216155656e+06
9.325759473258921439e-06 6.415049809701693029e+00 4.717129938165658154e+06
9.321889077571331064e-06 6.420465809009401781e+00 4.720905123914693482e+06
9.350198393719906281e-06 6.423340352123823038e+00 4.722521513205910102e+06
9.362776200432107525e-06 6.424865437647786948e+00 4.722910871415240690e+06
9.373338202511760352e-06 6.425285435393034206e+00 4.722269323613541201e+06
9.428724224052720842e-06 6.421707688950230697e+00 4.718496917106112465e+06
9.464758044269578667e-06 6.415813611957595697e+00 4.712856095359925181e+06
9.493519656660334154e-06 6.408441089686019332e+00 4.705933907228269614e+06
9.565992841711150387e-06 6.397001470728921113e+00 4.695810454012314789e+06
9.605256341889879354e-06 6.384245619326436305e+00 4.684490775506928563e+06
9.635552528586419834e-06 6.371173851405957045e+00 4.672639390397797339e+06
9.707765673594624680e-06 6.355360040212495676e+00 4.658432514463933185e+06
9.727073872738743694e-06 6.340767420724502834e+00 4.644740581275200471e+06
9.740666834609748890e-06 6.327996048846570964e+00 4.631916707324212417e+06
9.794927574926334173e-06 6.314526664245135201e+00 4.618079609378229827e+06
9.790936616909983996e-06 6.304409073786794160e+00 4.606166743954141624e+06
9.785915598482074212e-06 6.297693351454231703e+00 4.596142807645606808e+06
9.812346577175565292e-06 6.292236749606028745e+00 4.586430642853219062e+06
9.783265127771856464e-06 6.291618240664232253e+00 4.579637253961171024e+06
9.758821562653328933e-06 6.295268607486204537e+00 4.575310508774393238e+06
9.753935126688392627e-06 6.301585714459267074e+00 4.572308414223724045e+06
9.700864185730840932e-06 6.313421241670989836e+00 4.572730143046075478e+06
9.658205758303929023e-06 6.329602645523052296e+00 4.575735212372634560e+06
9.627255567923348494e-06 6.348839369172273095e+00 4.580458118720464408e+06
9.558000066202317034e-06 6.373173487819701499e+00 4.588443510990894400e+06
9.503391067097118500e-06 6.400988504320153538e+00 4.598589788148394786e+06
9.461629974636570525e-06 6.430788094744854355e+00 4.609938738231288269e+06
9.422905626698459025e-06 6.461822106728363657e+00 4.622074907017949037e+06
9.393858996329412683e-06 6.492938821955282158e+00 4.634297030761470087e+06
9.372870762033879734e-06 6.523161648218676945e+00 4.646038259896888398e+06
9.358525633229597147e-06 6.551686895184141157e+00 4.656853624274411239e+06
9.349586972717848551e-06 6.577867912468352785e+00 4.666405089413010515e+06
9.358932750191126934e-06 6.600249143411448749e+00 4.673774338282767683e+06
9.366106224316133572e-06 6.618930533589535870e+00 4.679137910578941926e+06
9.374227398533971725e-06 6.633854443756856512e+00 4.682531019057479687e+06
9.414064391567968096e-06 6.642892456531805045e+00 4.682517759737356566e+06
9.447355728178248642e-06 6.646802159556658651e+00 4.679687823254790157e+06
9.475508635257408484e-06 6.646299531405594152e+00 4.674549400711338036e+06
9.557845180623629898e-06 6.638049094421636376e+00 4.664748359936088324e+06
9.611746639342383538e-06 6.624764276554343745e+00 4.652175079785490409e+06
9.654605341315884487e-06 6.607888302725149821e+00 4.637748530628176406e+06
9.727490937495373758e-06 6.585982902363725522e+00 4.620372064510543831e+06
9.743152332435727763e-06 6.563636563689740910e+00 4.603176531237292103e+06
9.753844312495909329e-06 6.541560714552859146e+00 4.586528399659107439e+06
9.794403911642276373e-06 6.518007373310923391e+00 4.569118435512875207e+06
9.794279269899067506e-06 6.496072290188789289e+00 4.553040576011450030e+06
9.791959605738512269e-06 6.476054111690412896e+00 4.538397290569474921e+06
9.796889947830250068e-06 6.457524625776213334e+00 4.524821464046590030e+06
9.741342681812576858e-06 6.444500323298109734e+00 4.515068603686685674e+06
9.694882315474183902e-06 6.436033332319111899e+00 4.508410358620599844e+06
9.656207842832773407e-06 6.431200948774343118e+00 4.504202522545742802e+06
9.586402984778267475e-06 6.431693812217321948e+00 4.503637200491616502e+06
9.529203953711288727e-06 6.436136148300041881e+00 4.505760879979743622e+06
9.496818116280550371e-06 6.442361484199049748e+00 4.509109712719662115e+06
9.456822960093333810e-06 6.450529810378464290e+00 4.513852519398686476e+06
9.424899824347498191e-06 6.459757955090379866e+00 4.519413117151426151e+06
9.453859301427955652e-06 6.465687149488614338e+00 4.522798056441466324e+06
9.469026084991978559e-06 6.469367123514574658e+00 4.524798953778025694e+06
9.482192673478363157e-06 6.471100128515146821e+00 4.525622222003662959e+06
9.620495146421886374e-06 6.462758473289513361e+00 4.519583453044950031e+06
9.730905875781718773e-06 6.447293997030791424e+00 4.508748698287365027e+06
9.818244874424788944e-06 6.427373018151026685e+00 4.494847417397481389e+06
1.005795220302159641e-05 6.394177652184753313e+00 4.471581120693119243e+06
1.022823176294153682e-05 6.354283660005517476e+00 4.443435509937644936e+06
1.035752696481759127e-05 6.312065726564032531e+00 4.413199884655372240e+06
1.062910845581731763e-05 6.260136952691843781e+00 4.375487623111120425e+06
1.076205598287993556e-05 6.209173553928798661e+00 4.337590729211174883e+06
1.085779440889319506e-05 6.162655608368749149e+00 4.301634193933145143e+06
1.110853292707147533e-05 6.112200970316111537e+00 4.261578681598043069e+06
1.117410027555636737e-05 6.070165914386900674e+00 4.225918774756503291e+06
1.121669346459655823e-05 6.038242266450369655e+00 4.195555509896354750e+06
1.139698960992454853e-05 6.008529572710758160e+00 4.164872436130657326e+06
1.136848012678697300e-05 5.993477998667774642e+00 4.142429567354422063e+06
1.134115505374869353e-05 5.992511292630372743e+00 4.127587919954337645e+06
1.142916806117975972e-05 5.998355033488633303e+00 4.115262182867624797e+06
1.132719080185090191e-05 6.021588674114407347e+00 4.112675403848279268e+06
1.124736938955045782e-05 6.059959574999666643e+00 4.118088674386162311e+06
1.124857949855067065e-05 6.107684059273329247e+00 4.127537355368477758e+06
1.107169696181328769e-05 6.174452115529171614e+00 4.147555784295367077e+06
1.093776729785451307e-05 6.256391869554107643e+00 4.175387508090559393e+06
1.087006684425751995e-05 6.348073397306175814e+00 4.207447791651723906e+06
1.066744739318429235e-05 6.456759816119006956e+00 4.248617728071364574e+06
1.051588091422715347e-05 6.577716440459682623e+00 4.295755907869888470e+06
1.041995607658158011e-05 6.705701674947066593e+00 4.345616686246563680e+06
1.023634684190326802e-05 6.845198679492090044e+00 4.401329027093107812e+06
1.010095620554685103e-05 6.991230801924061211e+00 4.459875703324132599e+06
1.000780024457167245e-05 7.139035154399194560e+00 4.518583354637637734e+06
9.878758396603602067e-06 7.289607083930267351e+00 4.578498590909963474e+06
9.787294008663568735e-06 7.438411711070072485e+00 4.637189332291673869e+06
9.727654942570200853e-06 7.581292268706240733e+00 4.692593617781618610e+06
9.682110199280268229e-06 7.715622133527623383e+00 4.743644863029857166e+06
9.657167847530932523e-06 7.838416539171013220e+00 4.789064266883761622e+06
9.648392073760525648e-06 7.947259434813806145e+00 4.827924676984819584e+06
9.651992951489902288e-06 8.040316092558921213e+00 4.859622064696219750e+06
9.664731025403792649e-06 8.116314147029983772e+00 4.883840497957756743e+06
9.683844713485750764e-06 8.174513952515102488e+00 4.900516028665283695e+06
9.706993408082428373e-06 8.214668052872312387e+00 4.909799717538406141e+06
9.732211236420514023e-06 8.236970997971804209e+00 4.912020491900234483e+06
9.757867958151814791e-06 8.242001695481052437e+00 4.907648750785404816e+06
9.782634563384174612e-06 8.230661007540563290e+00 4.897261663537171669e+06
9.805452017225571945e-06 8.204107444624263223e+00 4.881511006298660301e+06
9.825502160465600872e-06 8.163693660209228042e+00 4.861094201066165231e+06
9.842180232406112328e-06 8.110906088988913964e+00 4.836729003579925746e+06
9.855068764784864619e-06 8.047309584641991975e+00 4.809132064205876552e+06
9.863912804762882747e-06 7.974498372048166139e+00 4.779001382148403674e+06
9.868596514632496978e-06 7.894054096639898432e+00 4.747002504248629324e+06
9.869121248394796214e-06 7.807511271928953001e+00 4.713758191069823690e+06
9.897102447776662037e-06 7.713886893017120272e+00 4.678359463733937591e+06
9.908295517485804954e-06 7.615889773842013710e+00 4.642119342988030985e+06
9.912070896897699730e-06 7.515338145461492481e+00 4.605795032224803232e+06
9.949360286888265790e-06 7.410823049602091928e+00 4.568185848719796166e+06
9.959374442493102060e-06 7.305714819065840970e+00 4.531036535085857846e+06
9.960653356451121254e-06 7.201709116357370100e+00 4.495063890854842961e+06
9.998129687543413826e-06 7.097063667114444030e+00 4.458882422831822187e+06
9.998992722716740610e-06 6.995449932263018589e+00 4.424518929759633727e+06
9.992129129466859690e-06 6.898108867559526125e+00 4.392489733221080154e+06
1.001759898065295369e-05 6.803311706826148608e+00 4.361476264515991323e+06
9.997134620098710019e-06 6.714836288054635283e+00 4.333708725235995837e+06
9.973308447320391608e-06 6.633141448913440819e+00 4.309310401313459501e+06
9.973672632985481056e-06 6.556693077914008683e+00 4.287167933402577415e+06
9.927357441807841697e-06 6.488738403739175986e+00 4.269311621184781194e+06
9.883847973550476110e-06 6.428899350889486719e+00 4.255416637874785811e+06
9.850206401896153207e-06 6.376251037506233565e+00 4.244846049301128834e+06
9.774418062185874230e-06 6.333255765003234394e+00 4.239232090969900601e+06
9.708897068318890405e-06 6.298702807903004519e+00 4.237773461617878638e+06
9.662246240367556845e-06 6.270825258329558061e+00 4.239329455342704430e+06
9.582499633828781918e-06 6.251313562593705520e+00 4.245094352301337756e+06
9.515612815283523533e-06 6.238724798960313400e+00 4.254139669884744100e+06
9.464676780090232975e-06 6.231436332785824206e+00 4.265442154535255395e+06
9.416209786245251058e-06 6.228808656668864074e+00 4.278643195603576489e+06
9.376127743006383507e-06 6.229857669106023899e+00 4.293139976028472185e+06
9.343289992895033549e-06 6.233720964082306359e+00 4.308415387882129289e+06
9.316690443030504456e-06 6.239654051035260274e+00 4.324030797850754112e+06
9.295440260674650635e-06 6.247016235287275343e+00 4.339617102700822987e+06
9.278753491542971789e-06 6.255258825780797949e+00 4.354867037718418986e+06
9.265935043627303964e-06 6.263915113261569800e+00 4.369528438883452676e+06
9.256370483725597837e-06 6.272591704528156953e+00 4.383398244364708662e+06
9.249517299759969275e-06 6.280960902568176074e+00 4.396317080640005879e+06
9.244897433661270679e-06 6.288753898435524015e+00 4.408164319840107113e+06
9.242090685030959033e-06 6.295754611107218679e+00 4.418853536178023554e+06
9.240728952366377628e-06 6.301794050982350015e+00 4.428328307063450105e+06
9.240491154075165464e-06 6.306745119183392312e+00 4.436558322850432247e+06
9.241098555965760150e-06 6.310517789325207794e+00 4.443535788390597329e+06
9.247569192988897661e-06 6.312709769090894874e+00 4.449029050573189743e+06
9.253244659172176479e-06 6.313407077772718701e+00 4.453146473307113163e+06
9.258426401987200491e-06 6.312691723751948203e+00 4.455984251506334171e+06
9.322821966204303688e-06 6.306746989965017036e+00 4.454881044161844067e+06
9.368588781413453122e-06 6.297283413418321985e+00 4.451074495706372894e+06
9.405327133724137396e-06 6.285375631569799282e+00 4.445288274162185378e+06
9.525193329421132634e-06 6.266071132743234351e+00 4.433987791724031791e+06
9.606649859296792910e-06 6.242849785447395661e+00 4.419606438759779558e+06
9.670018815303069149e-06 6.217737755836187041e+00 4.403460398788495921e+06
9.832915359217087595e-06 6.185165721997516464e+00 4.381509360479803756e+06
9.931656065023571552e-06 6.150501977954729860e+00 4.357477983858009800e+06
1.000608449719141652e-05 6.116254299575939690e+00 4.332965664941216819e+06
1.019916641545368984e-05 6.075929209089011351e+00 4.303245568072604015e+06
1.028815338878050182e-05 6.037251163009709209e+00 4.273698357645204291e+06
1.035252468353551228e-05 6.002488906080656328e+00 4.245725947094345465e+06
1.052511328298365252e-05 5.965723275554834615e+00 4.215025285041471012e+06
1.056743739112675979e-05 5.935571457347189828e+00 4.187613098327188753e+06
1.059480455349049950e-05 5.913128716469108426e+00 4.164078002953507472e+06
1.072600906249715364e-05 5.892360108282884035e+00 4.140095574350493029e+06
1.071413577908927889e-05 5.881901754921471159e+00 4.121700758860583883e+06
1.070071892320140413e-05 5.881542936711742442e+00 4.108590166493006051e+06
1.077707720262449516e-05 5.885653251102310968e+00 4.096796009492439684e+06
1.070107966332811721e-05 5.902870360768424973e+00 4.092326911955731921e+06
1.064037274898563681e-05 5.931565188556818136e+00 4.093923411816753913e+06
1.064723489008788775e-05 5.966939138020720179e+00 4.098281781700007617e+06
1.052836444433001679e-05 6.015795567474827799e+00 4.110105432767085731e+06
1.043702797252399281e-05 6.075482118874979243e+00 4.127514407180279028e+06
1.039399747126823984e-05 6.141996419379718297e+00 4.147860559349637944e+06
1.024890826720901624e-05 6.220715545648624278e+00 4.174865210027535446e+06
1.013914708129963965e-05 6.308228818652377612e+00 4.206264032078427263e+06
1.006349934426703098e-05 6.401094673358114662e+00 4.239929585131414235e+06
9.917847740294712515e-06 6.502743357195594598e+00 4.278323509567471221e+06
9.808959702457292925e-06 6.609382157075884834e+00 4.319112930076833814e+06
9.730198279322389032e-06 6.717570986061948801e+00 4.360343214868485928e+06
9.629912515343640937e-06 6.827543614319881549e+00 4.402490641339481808e+06
9.557731095139302850e-06 6.935997650263153957e+00 4.443752331490995362e+06
9.508517037289414606e-06 7.040017466477750396e+00 4.482657137955086306e+06
9.477902070787678403e-06 7.137146685894282250e+00 4.518053036384684965e+06
9.462148949515604209e-06 7.225371363100644651e+00 4.549074681518304162e+06
9.458048916811902154e-06 7.303104789226490645e+00 4.575114026862795465e+06
9.462844265037067231e-06 7.369170018938103972e+00 4.595792211825776845e+06
9.474168726105940228e-06 7.422777920389505901e+00 4.610931843475914560e+06
9.490000439634550697e-06 7.463499868899656775e+00 4.620529427500605583e+06
9.508623735731574862e-06 7.491235197138862212e+00 4.624728102216526866e+06
9.528597014469656151e-06 7.506174215628521829e+00 4.623791055690287612e+06
9.548724824814572949e-06 7.508758057504026695e+00 4.618076099584586918e+06
9.568032831831200949e-06 7.499636820212431054e+00 4.608011872285864316e+06
9.585744835338831478e-06 7.479627507528988417e+00 4.594076077889485285e+06
9.601261308506078173e-06 7.449673169358773883e+00 4.576776065538708121e+06
9.614139166315510430e-06 7.410804432571091560e+00 4.556631935484735295e+06
9.624072633142601426e-06 7.364104356146887298e+00 4.534162240609458648e+06
9.630875173938936894e-06 7.310677263298471118e+00 4.509872246507374570e+06
9.634462499786931996e-06 7.251621930096521673e+00 4.484244626449381933e+06
9.634836708344327600e-06 7.188009261913227199e+00 4.457732401209328324e+06
9.632071610338097226e-06 7.120864380654550629e+00 4.430753889713359065e+06
9.626299286423908448e-06 7.051152882819587298e+00 4.403689412072504871e+06
9.617697916391086023e-06 6.979770910080527635e+00 4.376879478639448062e+06
9.606480877570570959e-06 6.907538599632760068e+00 4.350624205357352272e+06
9.592887088182980979e-06 6.835196444004663086e+00 4.325183712025893852e+06
9.577172578826627735e-06 6.763404083030885694e+00 4.300779281870353967e+06
9.588566429934378206e-06 6.690762644679606019e+00 4.276330600609146990e+06
9.591287913665544768e-06 6.618523533761753619e+00 4.252448225482384674e+06
9.588439431945970588e-06 6.547653801325672873e+00 4.229554406437713653e+06
9.636296108741005843e-06 6.475285607804968535e+00 4.205606546183121391e+06
9.660918719484097057e-06 6.403818500439284023e+00 4.181973600223376881e+06
9.675105343154499153e-06 6.334634204685864134e+00 4.159348319059700705e+06
9.759190137921165901e-06 6.263804785116958485e+00 4.134963999223097228e+06
9.799118086950447709e-06 6.195147908289421856e+00 4.111159990740698762e+06
9.824761592432320484e-06 6.130257983858063753e+00 4.088789241577519104e+06
9.926656017592805519e-06 6.064921700924463366e+00 4.064878689121506177e+06
9.961271436721318820e-06 6.004174117318330950e+00 4.042658568353700452e+06
9.982192250702904741e-06 5.949303895081997418e+00 4.022828235275876708e+06
1.007943278261360943e-05 5.896004979218566255e+00 4.002367473783194087e+06
1.009574464143988306e-05 5.849682720380569911e+00 3.984860419894429389e+06
1.010254114116169890e-05 5.811020601945450004e+00 3.970656148530937266e+06
1.018435987958171438e-05 5.775608226689665337e+00 3.956689913996379357e+06
1.016699952359807163e-05 5.749453177644712198e+00 3.947049192720348947e+06
1.014855481929299656e-05 5.732375602850466656e+00 3.941537374669782817e+06
1.020319448129804017e-05 5.719811699116146286e+00 3.937018463917119429e+06
1.015687438431537021e-05 5.717488696455006902e+00 3.937454851546349470e+06
1.011766943622217781e-05 5.724500370908421232e+00 3.942183588740986772e+06
1.014537548911278647e-05 5.736413141631873103e+00 3.948192136854430195e+06
1.008015236311622537e-05 5.758289704543660292e+00 3.959021888216346502e+06
1.002832359594802756e-05 5.788704085825425061e+00 3.973686052303773817e+06
1.002976912122412851e-05 5.823823945390071977e+00 3.989629951460069977e+06
9.950236913963927311e-06 5.867934241621167502e+00 4.009880360572394449e+06
9.889202277857912039e-06 5.919161020239883442e+00 4.033193645959389862e+06
9.877885135690290221e-06 5.973684064005920114e+00 4.057090052428425290e+06
9.798493950257325800e-06 6.035046327028443791e+00 4.084117315753754228e+06
9.739258689246494676e-06 6.101174391646146056e+00 4.112965140786209609e+06
9.723188528478347699e-06 6.168495320073439814e+00 4.141402738675820641e+06
9.654021624900389995e-06 6.239707189321126890e+00 4.171437462463985197e+06
9.604050285126870346e-06 6.312741117274120128e+00 4.201841471201770939e+06
9.591684447183708757e-06 6.384292804836766422e+00 4.230644160162099637e+06
9.545100591641925210e-06 6.455971490101566346e+00 4.259154549423666671e+06
9.513723669270267311e-06 6.526030086559288179e+00 4.286426622081026435e+06
9.516764626341582439e-06 6.591436473539638463e+00 4.310722690955457278e+06
9.490368983350783074e-06 6.653725864246131216e+00 4.333302191945235245e+06
9.474924539384126779e-06 6.711620800484850768e+00 4.353542570059868507e+06
9.490724073916148305e-06 6.762476268966284287e+00 4.369963554737432860e+06
9.481939584702248999e-06 6.807795625638572545e+00 4.383759926687088795e+06
9.479727676536516676e-06 6.846881009391912798e+00 4.394650921776045114e+06
9.505769047158447421e-06 6.877560114100464084e+00 4.401416770077672787e+06
9.508797483218299655e-06 6.901556479923486087e+00 4.405312218472050503e+06
9.514643987043008874e-06 6.918739191691129164e+00 4.406346326842346229e+06
9.537465702673634342e-06 6.928013073361069196e+00 4.403908875539696775e+06
9.536151080595862118e-06 6.931396048978660573e+00 4.399342467219885439e+06
9.536861454390314742e-06 6.928963545242597277e+00 4.392708601210548542e+06
9.556813555607923026e-06 6.919588605406492121e+00 4.383304877538090572e+06
9.551273963510754122e-06 6.905509359968267979e+00 4.372538635991110466e+06
9.547095652223773759e-06 6.886944687076426597e+00 4.360497649805524386e+06
9.557880143554441584e-06 6.863148322772144816e+00 4.346663268818616867e+06
9.542921775676059814e-06 6.836376196995924026e+00 4.332402409800549969e+06
9.529921283127053494e-06 6.806786901444844773e+00 4.317727431416395120e+06
9.524704100679392944e-06 6.774111745052707967e+00 4.302392082641498186e+06
9.507271772996782550e-06 6.739544515514181100e+00 4.287069853460862301e+06
9.491403306387954865e-06 6.703248493365722815e+00 4.271767906807248481e+06
9.478757857808428261e-06 6.665264382615261773e+00 4.256421493402509019e+06
9.464315935811665992e-06 6.626005734310925988e+00 4.241199626800041646e+06
9.450357561598122019e-06 6.585719943878257432e+00 4.226161023713531904e+06
9.436647295062752151e-06 6.544665398280049118e+00 4.211372349274002947e+06
9.423008453456736567e-06 6.503107765213664848e+00 4.196904989706371911e+06
9.409314411835567225e-06 6.461312482763720055e+00 4.182831377232300118e+06
9.395480816759424280e-06 6.419538628444306561e+00 4.169222058253599796e+06
9.381458625726616236e-06 6.378034035513580946e+00 4.156143409197770525e+06
9.367227903780198626e-06 6.337031521903339737e+00 4.143655911961704493e+06
9.352792333849070571e-06 6.296746096542020332e+00 4.131812907775883097e+06
9.338174361829473395e-06 6.257373014301909286e+00 4.120659756487747189e+06
9.323410944211255372e-06 6.219086555003482175e+00 4.110233335136735812e+06
9.308549842575217605e-06 6.182039411133268381e+00 4.100561817134098150e+06
9.293646418212450982e-06 6.146362578646897390e+00 4.091664680399392731e+06
9.278760884088411588e-06 6.112165655560395372e+00 4.083552899372159969e+06
9.263955971656149204e-06 6.079537463897233707e+00 4.076229281980895437e+06
9.249294976345882614e-06 6.048546920684770178e+00 4.069688918126524426e+06
9.234840131253790625e-06 6.019244096141280309e+00 4.063919711812580936e+06
9.220651292729406751e-06 5.991661403669036545e+00 4.058902972769416869e+06
9.206784889087552944e-06 5.965814877952436035e+00 4.054614048011417501e+06
9.193293084094099894e-06 5.941705506016647043e+00 4.051022977888458408e+06
9.180223162861669419e-06 5.919320579677892269e+00 4.048095162502001040e+06
9.167617100459079886e-06 5.898635045865217030e+00 4.045792027438478079e+06
9.155511256818875892e-06 5.879612838511833139e+00 4.044071681179461069e+06
9.143936237098493708e-06 5.862208175478996530e+00 4.042889555626299698e+06
9.132916854733483722e-06 5.846366811096265437e+00 4.042199024492752738e+06
9.122472206652973976e-06 5.832027235835446355e+00 4.041951994326975662e+06
9.112615820995927793e-06 5.819121818638874011e+00 4.042099464905473869e+06
9.103355877072432205e-06 5.807577888259143784e+00 4.042592055914986879e+06
9.094695469995816732e-06 5.797318752289603694e+00 4.043380498112957925e+06
9.126992776834967044e-06 5.785819930685046408e+00 4.042707894073277712e+06
9.149063978013994447e-06 5.773924276506900100e+00 4.041167365555046126e+06
9.166027886409979758e-06 5.762161925732632639e+00 4.039100817095874343e+06
9.253877509805705443e-06 5.746454958297148252e+00 4.033624673840470612e+06
9.310527833405405750e-06 5.729295682051676941e+00 4.026467490487438161e+06
9.354464104604052427e-06 5.711966926273721157e+00 4.018448894678412005e+06
9.456742967405751789e-06 5.691422603281809600e+00 4.007364822445123456e+06
9.523581540297791504e-06 5.670465649363904070e+00 3.995140906884466298e+06
9.574458379803208610e-06 5.650581556251539794e+00 3.982726231093199924e+06
9.721696864746108210e-06 5.626624350652064344e+00 3.966422704206830822e+06
9.784323328412031120e-06 5.604373705031884256e+00 3.950258155212182086e+06
9.830506610315014297e-06 5.585261062692550738e+00 3.935109966277065687e+06
9.971693961197859458e-06 5.564202290046630139e+00 3.917331182321379893e+06
1.000685671475968115e-05 5.547867215075465097e+00 3.901583896906330716e+06
1.003092040240232124e-05 5.537062859044918461e+00 3.888311110851777717e+06
1.014426559857495786e-05 5.526811895099225325e+00 3.873977366270596627e+06
1.016365924690202017e-05 5.522693626924731980e+00 3.862486340287660714e+06
1.017596361142113196e-05 5.525058897046992712e+00 3.853986978235667106e+06
1.025965943644464320e-05 5.529767463358365553e+00 3.845570450950398110e+06
1.021781613559615238e-05 5.543815944255081618e+00 3.842106128777972423e+06
1.018359296724108485e-05 5.566320480227692435e+00 3.842890449019676540e+06
1.020805730681965903e-05 5.593417689291375616e+00 3.845271105749788694e+06
1.012204558460198124e-05 5.630944199200857092e+00 3.853294173372417688e+06
1.005526420853786663e-05 5.677052750305167983e+00 3.865648613737723324e+06
1.003470112508246669e-05 5.728256187407517963e+00 3.880023101668744814e+06
9.924241693768994253e-06 5.789126190877079914e+00 3.899594450519406237e+06
9.840126333478364128e-06 5.857171640876327245e+00 3.922706659943326376e+06
9.789592222271982486e-06 5.929386556114867091e+00 3.947478958028614987e+06
9.676989910093093881e-06 6.008699825941267392e+00 3.976011642780492548e+06
9.592630955659771770e-06 6.092309917098772232e+00 4.006572015041947830e+06
9.535689227185972032e-06 6.177407066427974769e+00 4.037531975147807505e+06
9.443378899859478280e-06 6.265313932253711471e+00 4.069994366406531539e+06
9.376138686024391842e-06 6.353332666156979336e+00 4.102432615374946501e+06
9.329577305980496274e-06 6.439050570113250771e+00 4.133584294569164980e+06
9.292580350878519550e-06 6.520918150957988324e+00 4.162763831473752391e+06
9.270151854888936341e-06 6.597140135941209849e+00 4.189133682625699788e+06
9.259379155639726403e-06 6.666245295523307135e+00 4.212067611273862422e+06
9.257747950676401528e-06 6.727085655033204326e+00 4.231131324114334770e+06
9.263088620775346109e-06 6.778819546690631803e+00 4.246060350661622360e+06
9.273533961707744388e-06 6.820892033686531519e+00 4.256738542212932371e+06
9.287484997783366684e-06 6.853012266355853477e+00 4.263177054334003478e+06
9.303582561720394651e-06 6.875127912006809616e+00 4.265493906037230976e+06
9.320682929145138868e-06 6.887397203065300566e+00 4.263894336875198409e+06
9.337836331390809522e-06 6.890159394852834573e+00 4.258652232347597368e+06
9.354267449326373159e-06 6.883904539022734248e+00 4.250092885815603659e+06
9.369357428092065464e-06 6.869243486424146283e+00 4.238577320252531208e+06
9.382627030277303944e-06 6.846878960241305379e+00 4.224488332749915309e+06
9.393720763467283075e-06 6.817578414975842271e+00 4.208218353070815094e+06
9.402391895686630212e-06 6.782149239972166122e+00 4.190159137607099023e+06
9.408488317853028749e-06 6.741416696855780266e+00 4.170693257973517291e+06
9.411939272740885945e-06 6.696204815817337064e+00 4.150187291343755554e+06
9.412742984553954217e-06 6.647320328989746230e+00 4.128986580245689023e+06
9.410955217478713216e-06 6.595539588891500493e+00 4.107411403161439579e+06
9.406678786199466934e-06 6.541598324274464638e+00 4.085754382779322099e+06
9.400054038707399075e-06 6.486184007160410658e+00 4.064278953945462126e+06
9.391250300206458251e-06 6.429930560558088537e+00 4.043218717467164621e+06
9.380458268176924047e-06 6.373415107136992219e+00 4.022777515493875835e+06
9.367883321999697589e-06 6.317156453091378410e+00 4.003130078483518213e+06
9.353739711950983865e-06 6.261615006645193660e+00 3.984423110049212817e+06
9.338245567906293520e-06 6.207193849686605702e+00 3.966776693958937190e+06
9.321618673423996858e-06 6.154240704833853215e+00 3.950285925082138740e+06
9.304072949062681724e-06 6.103050568601055659e+00 3.935022682726035360e+06
9.285815563062686277e-06 6.053868814558939881e+00 3.921037481051322073e+06
9.267044621407691712e-06 6.006894598662741558e+00 3.908361344500493724e+06
9.247947368592330025e-06 5.962284429378903461e+00 3.897007668508202303e+06
9.228698823453833382e-06 5.920155794264824856e+00 3.886974036618305836e+06
9.209460816452582233e-06 5.880590755682609583e+00 3.878243972705148626e+06
9.190381350342885321e-06 5.843639453087236646e+00 3.870788614887656178e+06
9.171594259555064949e-06 5.809323464113733237e+00 3.864568302186779212e+06
9.153219106764794036e-06 5.777638994132649586e+00 3.859534069854096044e+06
9.135361277040211889e-06 5.748559875625593563e+00 3.855629052354644984e+06
9.118112255625269644e-06 5.722040366724822746e+00 3.852789794301814400e+06
9.101550017543467858e-06 5.698017749078924332e+00 3.850947472742496990e+06
9.085739520686402778e-06 5.676414728589700864e+00 3.850029034199967049e+06
9.070733320127465741e-06 5.657141643976249412e+00 3.849958248651568778e+06
9.056572167442791739e-06 5.640098498326453935e+00 3.850656687396279536e+06
9.043285749044812451e-06 5.625176818864747297e+00 3.852044624554053415e+06
9.030893415970976470e-06 5.612261359833042640e+00 3.854041867256835569e+06
9.019404965890997030e-06 5.601231658670849711e+00 3.856568516164401546e+06
9.008821438833512700e-06 5.591963457049708985e+00 3.859545658770002890e+06
8.999135896351559896e-06 5.584329998708778220e+00 3.862895998432515655e+06
8.990334234967831297e-06 5.578203211663127270e+00 3.866544419345011935e+06
8.982395986797715528e-06 5.573454783697477488e+00 3.870418489184359089e+06
8.975295079933413265e-06 5.569957140141529095e+00 3.874448901865975931e+06
8.969000554707768993e-06 5.567584331624554572e+00 3.878569862577207386e+06
8.963477289679454166e-06 5.566212835063546471e+00 3.882719414851035457e+06
8.958686658626779790e-06 5.565722274607165510e+00 3.886839712715377565e+06
8.968180562947180578e-06 5.565197765225663673e+00 3.890319191637206357e+06
8.964531119804072508e-06 5.565420081732106006e+00 3.893732998662055470e+06
8.961484666584687095e-06 5.566305031518660407e+00 3.897040599612791557e+06
8.980839132896540882e-06 5.566466726283523236e+00 3.899301225719606504e+06
8.982079081781467277e-06 5.567033771249319862e+00 3.901336997115255799e+06
8.983073540717508652e-06 5.568013602031513187e+00 3.903165080360545311e+06
9.016698712994974862e-06 5.567451733821981108e+00 3.903441484433339909e+06
9.037045693694110136e-06 5.566285027335217350e+00 3.902851946497036610e+06
9.053429986572566891e-06 5.564879292103495523e+00 3.901652094627012499e+06
9.103791678032328356e-06 5.561339870168823474e+00 3.898520557484006044e+06
9.123700070977094044e-06 5.557729868005732321e+00 3.894914867124189623e+06
9.139289444390549246e-06 5.554456474529823495e+00 3.891097442903333344e+06
9.200287006407992382e-06 5.548964724806382698e+00 3.885277781707006507e+06
9.227149088437794388e-06 5.543572909602498378e+00 3.879085991296024993e+06
9.247933006046099436e-06 5.538834276610454133e+00 3.872872039895511698e+06
9.313916913641376454e-06 5.532256610195076085e+00 3.864881395724427886e+06
9.333628108892736078e-06 5.526851913358551194e+00 3.857216244093216024e+06
9.348317298380365856e-06 5.523047196206669618e+00 3.850127087996323127e+06
9.416822091222642584e-06 5.517802377651608303e+00 3.841484192667103373e+06
9.433908936121288997e-06 5.514371361920713532e+00 3.833555817588880658e+06
9.446395233650754935e-06 5.513109180890276129e+00 3.826538725409101695e+06
9.512988358674104956e-06 5.510927669644872573e+00 3.818281446948405821e+06
9.517081467491282193e-06 5.511632797339829359e+00 3.811427596531379502e+06
9.519295749316495766e-06 5.515308690838064187e+00 3.805986020863079932e+06
9.570542843537629366e-06 5.519044005268668229e+00 3.799950502661806997e+06
9.561445410551036255e-06 5.526371328799258187e+00 3.795770678107643966e+06
9.553608983077356527e-06 5.537066857671939957e+00 3.793258940548963379e+06
9.582155873375763132e-06 5.548818462139153418e+00 3.790849575611223001e+06
9.547971056967517387e-06 5.565136111975340860e+00 3.790969306663005613e+06
9.520841345001443260e-06 5.585271423313603378e+00 3.793095299513038248e+06
9.516099809766457966e-06 5.607524618127661675e+00 3.796117775036029518e+06
9.456076431892526801e-06 5.634798706647850430e+00 3.802052421732643154e+06
9.409217041156000530e-06 5.665785478182320034e+00 3.810040779616000596e+06
9.379594228817310323e-06 5.698901482702657617e+00 3.819100856363999192e+06
9.307542581374160309e-06 5.736194206518496763e+00 3.830691931152020581e+06
9.251938777698763051e-06 5.776029603635343790e+00 3.843794631756084505e+06
9.210150001949073874e-06 5.816925858206015043e+00 3.857547213778574951e+06
9.160889467838636993e-06 5.858786102045627331e+00 3.872015086824583821e+06
9.124351353022657575e-06 5.900261758964957082e+00 3.886434464216157328e+06
9.098369243059263001e-06 5.940189273505096068e+00 3.900184855085099582e+06
9.081059121865982361e-06 5.977608630182779770e+00 3.912780510299587622e+06
9.070780822250303036e-06 6.011746930845734305e+00 3.923854336771457922e+06
9.066107172625850280e-06 6.042003383382604120e+00 3.933143450502650347e+06
9.065798873655014944e-06 6.067934898976906410e+00 3.940475921776298899e+06
9.068783654529413056e-06 6.089241833672602411e+00 3.945758452859597746e+06
9.074138634596866251e-06 6.105753660611435762e+00 3.948964855534856208e+06
9.081075080324932418e-06 6.117414538319613015e+00 3.950125278400585987e+06
9.088924957590653150e-06 6.124268860918624213e+00 3.949316183075145818e+06
9.097128859779046142e-06 6.126446951447062084e+00 3.946651092477210797e+06
9.105225001624972286e-06 6.124151094187780586e+00 3.942272141502339393e+06
9.112839078614557876e-06 6.117642112066400628e+00 3.936342455530536827e+06
9.119674844765542367e-06 6.107226678866934044e+00 3.929039370773267467e+06
9.125505323861747664e-06 6.093245529998913668e+00 3.920548495277819224e+06
9.130164594660626778e-06 6.076062700897240099e+00 3.911058593712661415e+06
9.133540122572011036e-06 6.056055876511196701e+00 3.900757263833689038e+06
9.135565619440093909e-06 6.033607900959361281e+00 3.889827359956741799e+06
9.136214420393765377e-06 6.009099457112185405e+00 3.878444108783001546e+06
9.135493378972754175e-06 5.982902891945447443e+00 3.866772855634658132e+06
9.133437268728001698e-06 5.955377138747737220e+00 3.854967375363063999e+06
9.130103682204971451e-06 5.926863665868768116e+00 3.843168680791939143e+06
9.145810718396239346e-06 5.896435897716425067e+00 3.830693829045004677e+06
9.155668951543491054e-06 5.864832501695508959e+00 3.817938490170273464e+06
9.161669310953781696e-06 5.832651765835027646e+00 3.805192085500964895e+06
9.244702905593793423e-06 5.795556501028190866e+00 3.789522640172539279e+06
9.304564250582815786e-06 5.755813832657104889e+00 3.772304184787764214e+06
9.349829288836524846e-06 5.715105214600636252e+00 3.754470978609095328e+06
9.493607973661878380e-06 5.668321734871485162e+00 3.732508945976517629e+06
9.595757934069918939e-06 5.619211213198656019e+00 3.708732809693894815e+06
9.672405826953840930e-06 5.570351124345453542e+00 3.684624588008326013e+06
9.863138851095381061e-06 5.516186405189914765e+00 3.656320658597985283e+06
9.962629187884422904e-06 5.463303958431002805e+00 3.628024195927037392e+06
1.003442090229520096e-05 5.414154541052409009e+00 3.601134901251266245e+06
1.022060958864449093e-05 5.363174664603515218e+00 3.571795430938507896e+06
1.028191046668430800e-05 5.318154481957336976e+00 3.545076662901425734e+06
1.032265961489879567e-05 5.280570935844702163e+00 3.521777031814545859e+06
1.047285816665686579e-05 5.244834589797696900e+00 3.498072233012736775e+06
1.047785766533535828e-05 5.219001389742275343e+00 3.479276521895942278e+06
1.047583667981640455e-05 5.203266640738920756e+00 3.465377030815024860e+06
1.058348795495676321e-05 5.191672738349839555e+00 3.452360425833554007e+06
1.053358124576668751e-05 5.192341838568635737e+00 3.445613320065546781e+06
1.049143899364508032e-05 5.204334720304758299e+00 3.444391771522803232e+06
1.054661854621032685e-05 5.221996590446835285e+00 3.444940729969988577e+06
1.045555442102752608e-05 5.252577638021670658e+00 3.452056569017353933e+06
1.038449786756653740e-05 5.294281778800628224e+00 3.464464553995956667e+06
1.040169077162827690e-05 5.341625776293696504e+00 3.478598297676608898e+06
1.029291519886395627e-05 5.400796803246367794e+00 3.498537837478596251e+06
1.021087511660997625e-05 5.469497788075714517e+00 3.522747810133636463e+06
1.020597635754956756e-05 5.542552438141485460e+00 3.547969120471978560e+06
1.009162266709060821e-05 5.625398661967401459e+00 3.577790589895001613e+06
1.000730437813548662e-05 5.715383767520274994e+00 3.610548762491715606e+06
9.973627953950471518e-06 5.808527803027716985e+00 3.643875924849600065e+06
9.861950499334187412e-06 5.908585401818394978e+00 3.680301980348473880e+06
9.781120490111923376e-06 6.012621291423887904e+00 3.718125100350084715e+06
9.757862549347412029e-06 6.115939200373722962e+00 3.754683182894302066e+06
9.674310255927224411e-06 6.221416536316494827e+00 3.792018985257413704e+06
9.616468364458300065e-06 6.326350120328652515e+00 3.828710773900405969e+06
9.600256221551983971e-06 6.426936888964888794e+00 3.862770123619965278e+06
9.539333592573928530e-06 6.525295112222525340e+00 3.895796983268273529e+06
9.499286012009987705e-06 6.619068472840069717e+00 3.926664794490737841e+06
9.488566787042856474e-06 6.705336442789288753e+00 3.953973840296389069e+06
9.461445319403066897e-06 6.784570165978144551e+00 3.978328580750970170e+06
9.447610812937099462e-06 6.855212988287916254e+00 3.999100201215949841e+06
9.453893487268217227e-06 6.915340927094848489e+00 4.015451103547338862e+06
9.432680459409702075e-06 6.966678962645079132e+00 4.028633405411916785e+06
9.421698224118185081e-06 7.008226370343940026e+00 4.038260574356399477e+06
9.422202792300125943e-06 7.039003115611817130e+00 4.043951822996019851e+06
9.419537812052903696e-06 7.059303649298245276e+00 4.046018881064276677e+06
9.421490842136533186e-06 7.068970493343992523e+00 4.044464644184868317e+06
9.426447768518851438e-06 7.068100649897419707e+00 4.039400354180745315e+06
9.433063057653077308e-06 7.057025641404718108e+00 4.031027403958024457e+06
9.440229607465508329e-06 7.036271422658903596e+00 4.019616347582023125e+06
9.447052009715491716e-06 7.006518923207868177e+00 4.005487894052153919e+06
9.452822350959770828e-06 6.968566251139932000e+00 3.988996018741029315e+06
9.456998008000846840e-06 6.923293453938163644e+00 3.970513268186335918e+06
9.459181125926095036e-06 6.871630538940301847e+00 3.950418265547683463e+06
9.459099567952514393e-06 6.814529238776187547e+00 3.929085359055939130e+06
9.456589259916286695e-06 6.752938789156647026e+00 3.906876297841264401e+06
9.455696716094756199e-06 6.687502819102189022e+00 3.883969433553095441e+06
9.447426753335475360e-06 6.619479565443871394e+00 3.860897454934338108e+06
9.436838235944344227e-06 6.549699134050779747e+00 3.837945080067557283e+06
9.438586815363208431e-06 6.477953377838592708e+00 3.814795812316042837e+06
9.423997040619736060e-06 6.406013166482469323e+00 3.792301370131136384e+06
9.407439046334385206e-06 6.334541853358063079e+00 3.770665536191557068e+06
9.396433083765618033e-06 6.263629761765818316e+00 3.749773123380671721e+06
9.372073190423823910e-06 6.194587246561566118e+00 3.730250893878776580e+06
9.347154734297268296e-06 6.127762802895272642e+00 3.712162469145662617e+06
9.337038257746025009e-06 6.062475337070241999e+00 3.694967036126217805e+06
9.309510368900817737e-06 6.000141256257284006e+00 3.679408846017882228e+06
9.282263707565704299e-06 5.940925238547363207e+00 3.665476650941632222e+06
9.271537177197783624e-06 5.883937736032753385e+00 3.652529726080858149e+06
9.242953757933747232e-06 5.830479999513694445e+00 3.641291854199803434e+06
9.215244900560020191e-06 5.780577308486805954e+00 3.631699431245477870e+06
9.203692869025337231e-06 5.733289170038267990e+00 3.623101695603213273e+06
9.182857566339329246e-06 5.689286772343214338e+00 3.615867881324639078e+06
9.162039071214060970e-06 5.648622005448046046e+00 3.609976154546617065e+06
9.156134150605963021e-06 5.610432564613089923e+00 3.604832975534708705e+06
9.130019778421737917e-06 5.575989767970678912e+00 3.601220052008916624e+06
9.105492755704832611e-06 5.545155822934535905e+00 3.599015477172269486e+06
9.095589447369298894e-06 5.516996012543123662e+00 3.597598844620853197e+06
9.068456783856777332e-06 5.492495436930086683e+00 3.597603883738822304e+06
9.043870552291529089e-06 5.471393477962334551e+00 3.598850594458746258e+06
9.043628382790513772e-06 5.452152506521598774e+00 3.600333030942936428e+06
9.026083487280646360e-06 5.435764022569639309e+00 3.602713340903576929e+06
9.010025952801848227e-06 5.422061638778481019e+00 3.605878748498281464e+06
9.021622956339474708e-06 5.409356070213634737e+00 3.608717447842462454e+06
9.014835343500660479e-06 5.398738593010297571e+00 3.611971406542329583e+06
9.008064362287044528e-06 5.390174591758091438e+00 3.615616989223068580e+06
9.040110529808831374e-06 5.381390929278466295e+00 3.618142683385960292e+06
9.051938464135362089e-06 5.373680872941423381e+00 3.620434086158452556e+06
9.060526526754826410e-06 5.367307322535128655e+00 3.622659392267353367e+06
9.116063661155660995e-06 5.359650035385517874e+00 3.623055257748872973e+06
9.137967295302312049e-06 5.352881214229719298e+00 3.623101399169215001e+06
9.154575062838670981e-06 5.347444186610990968e+00 3.623075489127418958e+06
9.220590780895857917e-06 5.340638534669800208e+00 3.621149251320900861e+06
9.246583415185371670e-06 5.335014647711619595e+00 3.619062655999572482e+06
9.266274416516503813e-06 5.331073644351889129e+00 3.617128124079667032e+06
9.338414879738703896e-06 5.325960655947422850e+00 3.613409969909881707e+06
9.356993345708021549e-06 5.322950468784306111e+00 3.610143601077804342e+06
9.370600450928341603e-06 5.322393492063466347e+00 3.607535931575329043e+06
9.423411621021473951e-06 5.322091184838791733e+00 3.604105369044495746e+06
9.416113385883855268e-06 5.325493187786728200e+00 3.602207978419642895e+06
9.409376175405369364e-06 5.332431466576702306e+00 3.601712459689635783e+06
9.464203764666987253e-06 5.339287637236429518e+00 3.600206206165501382e+06
9.454916204338582585e-06 5.349677754338503455e+00 3.600174380098647438e+06
9.447252613435548686e-06 5.363340165156937012e+00 3.601430972049028147e+06
9.501356920806708036e-06 5.376595505321578372e+00 3.601548397063261364e+06
9.488099155811897443e-06 5.393224206691088263e+00 3.603118186625820585e+06
9.477869995241847416e-06 5.412844508881643257e+00 3.605883377470653504e+06
9.513089845208989214e-06 5.432617384160915996e+00 3.608005697326373309e+06
9.499422368246810880e-06 5.455204406973635400e+00 3.611319218089942820e+06
9.489574145303543865e-06 5.480133577753267815e+00 3.615532902232415043e+06
9.533510486039666973e-06 5.504054653695530597e+00 3.618502891502902377e+06
9.509701006455052600e-06 5.530768857616839895e+00 3.622807689515069593e+06
9.492194551852470657e-06 5.559618822932296922e+00 3.628035820747849997e+06
9.513602745978452612e-06 5.588001763001089195e+00 3.632564884367529303e+06
9.472903917890789072e-06 5.619330465953829012e+00 3.638697065087846480e+06
9.442372991953435079e-06 5.652600279841168529e+00 3.645818731698723976e+06
9.444390449952910505e-06 5.685445101046195937e+00 3.652497221516275778e+06
9.405954644918727966e-06 5.719966546829788889e+00 3.660183060085643083e+06
9.377764790422491343e-06 5.755131804966983289e+00 3.668282376318449620e+06
9.371891600084063812e-06 5.789172872723731267e+00 3.675774542823977303e+06
9.319528984753278669e-06 5.824594371478862165e+00 3.684354985527016222e+06
9.280278673017822353e-06 5.860116816324717703e+00 3.693290224287144840e+06
9.256236585344552290e-06 5.894323011805919776e+00 3.701806315847610589e+06
9.206150035892387499e-06 5.928447061509780625e+00 3.710794262968470808e+06
9.168842939993940018e-06 5.961227988739291384e+00 3.719563835372774396e+06
9.143452996015644655e-06 5.991492078809976363e+00 3.727506890412015840e+06
9.120114679063084185e-06 6.018792698153968779e+00 3.734463490385462064e+06
9.104303802618939089e-06 6.042398122132738081e+00 3.740084932836550754e+06
9.094461086540408290e-06 6.061755251808324196e+00 3.744126693118053488e+06
9.089242419683838471e-06 6.076483480111081192e+00 3.746436518290549982e+06
9.087493693235701016e-06 6.086356358410869305e+00 3.746940658720624167e+06
9.088229569696635132e-06 6.091283515135321736e+00 3.745631204028186854e+06
9.090615179060473016e-06 6.091292828686808214e+00 3.742554442582934164e+06
9.093950048272935770e-06 6.086512977321749673e+00 3.737800214810779318e+06
9.097653717361590614e-06 6.077156556977901580e+00 3.731492256620133296e+06
9.101252735853415944e-06 6.063503978003355499e+00 3.723779533851655666e+06
9.104368757509726304e-06 6.045888346770489363e+00 3.714828564844598062e+06
9.106707541448453677e-06 6.024681511408202184e+00 3.704816717454207595e+06
9.108048803716901562e-06 6.000281406421578367e+00 3.693926450660487637e+06
9.108236801490642433e-06 5.973100787292313640e+00 3.682340458247832954e+06
9.107171633941869016e-06 5.943557396902951595e+00 3.670237658325299621e+06
9.104801220504853905e-06 5.912065562055419221e+00 3.657789962790551130e+06
9.101113936311516414e-06 5.879029179765068669e+00 3.645159753909531049e+06
9.096131887871328585e-06 5.844836021453761354e+00 3.632497991329852957e+06
9.089904805839837780e-06 5.809853259562230754e+00 3.619942872096357401e+06
9.082504551060874523e-06 5.774424103707150202e+00 3.607618967227566522e+06
9.074020206704292324e-06 5.738865424258555947e+00 3.595636762106422335e+06
9.064553713175750566e-06 5.703466238557074242e+00 3.584092533437783364e+06
9.054216033682491388e-06 5.668486935222099454e+00 3.573068500868108589e+06
9.043123828859526164e-06 5.634159116608050688e+00 3.562633197609299794e+06
9.031396569633216620e-06 5.600685949438704014e+00 3.552842012155505829e+06
9.019154087376089380e-06 5.568242921475597740e+00 3.543737858732847031e+06
9.006514509019063414e-06 5.536978913876287045e+00 3.535351940849208739e+06
8.993592548820281349e-06 5.507017509765414154e+00 3.527704577973035630e+06
8.980498115790914340e-06 5.478458471018461395e+00 3.520806070772370789e+06
8.967335210033036113e-06 5.451379325642102813e+00 3.514657584690272808e+06
8.954201067543045021e-06 5.425837018389952249e+00 3.509252036165738013e+06
8.941185533608829472e-06 5.401869585808594110e+00 3.504574968699172605e+06
8.928370629900649294e-06 5.379497825214328621e+00 3.500605409224980045e+06
8.915830290943380210e-06 5.358726933950592297e+00 3.497316697546984069e+06
8.903630246318494976e-06 5.339548101182832518e+00 3.494677283518650569e+06
8.891828032645213983e-06 5.321940039211165541e+00 3.492651487986200023e+06
8.880473099036024175e-06 5.305870446042424859e+00 3.491200225338550285e+06
8.869607012719022749e-06 5.291297393128038706e+00 3.490281685508138034e+06
8.859263737497020396e-06 5.278170635324195281e+00 3.489851974432394374e+06
8.849469955168943368e-06 5.266432842733377306e+00 3.489865713053248357e+06
8.840245441423089210e-06 5.256020754343606605e+00 3.490276594394254498e+06
8.842314849376684021e-06 5.246269096113929997e+00 3.490640575244342443e+06
8.843040818227639597e-06 5.237277874577580761e+00 3.491023962630192749e+06
8.842796726725313936e-06 5.229129104844830955e+00 3.491475506701456383e+06
8.895455677195109642e-06 5.218906299941606264e+00 3.490041945750137325e+06
8.926999123086846850e-06 5.208102109031107041e+00 3.487717132706018165e+06
8.951577058033381124e-06 5.197376129084124052e+00 3.484900068027611356e+06
9.038108323633288984e-06 5.183538069151635952e+00 3.479420551956729032e+06
9.094527714400723104e-06 5.168780925059008879e+00 3.472725872442072723e+06
9.138278132204456927e-06 5.154241451490420900e+00 3.465508874947327189e+06
9.236222184233516586e-06 5.137330161620391245e+00 3.455975955333520658e+06
9.287132554764332588e-06 5.121158528359188722e+00 3.446180788629073650e+06
9.325458008877056924e-06 5.106766828390030710e+00 3.436743062127622776e+06
9.414039432281138587e-06 5.091718186347930164e+00 3.425974735089057591e+06
9.430036471520955945e-06 5.080266912136343294e+00 3.416706657204466406e+06
9.440191274614922367e-06 5.072795514485076929e+00 3.409122895090277307e+06
9.481576588056550648e-06 5.067596749250185439e+00 3.402054455920522567e+06
9.446978536224904607e-06 5.068686319838756837e+00 3.398187608690921683e+06
9.417632668003562377e-06 5.075477243763645951e+00 3.397088206738182809e+06
9.426681524779913414e-06 5.085555255603646074e+00 3.397159346385059878e+06
9.370092300295173931e-06 5.102156187060930215e+00 3.400592504967796616e+06
9.324670569783646213e-06 5.124205457280571530e+00 3.406667253209871240e+06
9.324768448597134472e-06 5.148743233548949583e+00 3.413470918165238108e+06
9.265842743679869318e-06 5.178620354787324409e+00 3.422961561411284842e+06
9.219980206168879958e-06 5.212606786547590687e+00 3.434355780687867664e+06
9.206744471038740262e-06 5.248358511014957983e+00 3.446195729245021008e+06
9.162629731457006159e-06 5.287172181109062841e+00 3.459431030825865455e+06
9.129892093929060934e-06 5.327917822587031615e+00 3.473398459688627627e+06
9.120861721901585837e-06 5.368764863116933128e+00 3.487017266912621446e+06
9.082858560232786170e-06 5.410978623427101120e+00 3.501227859831787646e+06
9.055653389720836658e-06 5.453475304482513941e+00 3.515427637173631229e+06
9.043399876596785184e-06 5.494931946157869618e+00 3.528893321874840185e+06
9.000809649048241947e-06 5.536750097532184611e+00 3.542653170578083955e+06
8.970026198203822430e-06 5.577764891747376552e+00 3.556072481723898556e+06
8.950160603120279319e-06 5.616874169112159976e+00 3.568588415719099343e+06
8.931868732399039399e-06 5.653617575949422935e+00 3.580045758242131211e+06
8.920795252697099993e-06 5.687243753570199623e+00 3.590097314967693295e+06
8.915496394215742537e-06 5.717154468255701616e+00 3.598490315847855993e+06
8.914716557862092545e-06 5.742903246604595502e+00 3.605057245741252322e+06
8.917367362829498872e-06 5.764182226758509664e+00 3.609704515604859218e+06
8.922509982367125801e-06 5.780808880760068824e+00 3.612401848251826130e+06
8.929339939987868620e-06 5.792712556511123267e+00 3.613172328491071239e+06
8.937173749041925718e-06 5.799920912386483884e+00 3.612083116141304374e+06
8.945436951676682591e-06 5.802546395120200096e+00 3.609236845300553367e+06
8.953653244522365791e-06 5.800772951832738222e+00 3.604763741198309232e+06
8.961434463517653650e-06 5.794843178175523413e+00 3.598814483048500959e+06
8.968471286802185945e-06 5.785046096797506365e+00 3.591553830773951020e+06
8.974524545637298906e-06 5.771705733902613211e+00 3.583155020109232981e+06
8.979417097571872208e-06 5.755170630342865579e+00 3.573794914999071043e+06
8.983026224904818016e-06 5.735804383359003111e+00 3.563649891982357018e+06
8.985276532927156514e-06 5.713977276103937797e+00 3.552892419010193553e+06
8.986133346857495366e-06 5.690059016670461212e+00 3.541688280799294822e+06
8.985596603125066591e-06 5.664412574245445420e+00 3.530194395575775299e+06
8.983695231858114912e-06 5.637389073143268980e+00 3.518557163568831980e+06
8.980482027342825526e-06 5.609323682435544356e+00 3.506911285586727317e+06
8.976028997969625887e-06 5.580532424296350769e+00 3.495378990275278687e+06
8.970423183813253741e-06 5.551309812593813398e+00 3.484069610685834661e+06
8.963762928368503203e-06 5.521927228332939919e+00 3.473079454087735154e+06
8.956154582056946557e-06 5.492631936207802212e+00 3.462491913422491401e+06
8.947709608397178007e-06 5.463646649843080461e+00 3.452377773966581561e+06
8.938542072870578974e-06 5.435169557106164895e+00 3.442795673774498980e+06
8.928766486440234090e-06 5.407374722826091329e+00 3.433792681763213594e+06
8.918495956011653032e-06 5.380412794945582000e+00 3.425404963071699720e+06
8.907840637188722751e-06 5.354411947129815275e+00 3.417658505187522154e+06
8.896906444437273535e-06 5.329478999544109641e+00 3.410569883310277015e+06
8.885794035053497093e-06 5.305700665450070019e+00 3.404147045801830944e+06
8.874598002170883679e-06 5.283144881000671589e+00 3.398390105496376753e+06
8.863406267494783808e-06 5.261862182366023433e+00 3.393292125073989388e+06
8.852299668943850505e-06 5.241887099688387508e+00 3.388839886665193364e+06
8.841351668022378793e-06 5.223239546390050059e+00 3.385014639847748913e+06
8.830628233233840411e-06 5.205926183097039583e+00 3.381792821344740689e+06
8.820187837193346796e-06 5.189941742456243290e+00 3.379146742781557608e+06
8.810081548766085527e-06 5.175270305118991665e+00 3.377045244083624333e+06
8.800353203814363122e-06 5.161886520250397403e+00 3.375454311007192358e+06
8.791039640182230663e-06 5.149756766355749527e+00 3.374337655970135238e+06
8.782171006699628489e-06 5.138840248932226018e+00 3.373657261202501599e+06
8.773771075114135959e-06 5.129090036148755694e+00 3.373373885343564209e+06
8.765857594325457500e-06 5.120454031898103331e+00 3.373447533396080602e+06
8.758442676178252242e-06 5.112875886415950255e+00 3.373837890147866216e+06
8.751533164595207939e-06 5.106295847353116812e+00 3.374504718384349719e+06
8.745131034809073222e-06 5.100651551598222255e+00 3.375408221940776333e+06
8.739233789326262452e-06 5.095878759988495155e+00 3.376509374357953202e+06
8.733834873348232084e-06 5.091912035658422653e+00 3.377770213346069213e+06
8.728924074752091839e-06 5.088685368759390037e+00 3.379154102130582090e+06
8.724487949718152098e-06 5.086132747468045778e+00 3.380625957632521633e+06
8.720510205785409020e-06 5.084188679299725067e+00 3.382152447378777433e+06
8.716972108631456894e-06 5.082788662164711369e+00 3.383702155084096827e+06
8.713852841632848008e-06 5.081869608875083877e+00 3.385245717009238899e+06
8.711129860923167464e-06 5.081370225824381137e+00 3.386755929897631519e+06
8.708779232277883981e-06 5.081231347274180798e+00 3.388207831710248254e+06
8.706775959040651593e-06 5.081396226079786693e+00 3.389578756156439893e+06
8.705094272180343760e-06 5.081810783330774406e+00 3.390848363074810244e+06
8.703707923426127278e-06 5.082423816993090426e+00 3.391998645389681216e+06
8.702590440160602910e-06 5.083187172086090833e+00 3.393013914848335087e+06
8.709507840568872264e-06 5.083631746668193507e+00 3.393597640519196633e+06
8.707478863667938147e-06 5.084258114377345095e+00 3.394100982210499234e+06
8.705878711861554807e-06 5.085020247035337171e+00 3.394503470124819316e+06
8.724218852982723002e-06 5.084798771759552416e+00 3.394074341575284488e+06
8.730693739371088899e-06 5.084318093255661530e+00 3.393314478044914082e+06
8.735976098893395500e-06 5.083688964593961579e+00 3.392298493586882018e+06
8.768233453668422794e-06 5.081468888105884929e+00 3.390071464163642842e+06
8.782487020490110322e-06 5.078807255181160052e+00 3.387409429972302169e+06
8.793853366898869055e-06 5.075975446319305640e+00 3.384479220535693225e+06
8.839097923018223048e-06 5.071215576407690939e+00 3.380105031649790239e+06
8.859436068120543175e-06 5.066128189864934406e+00 3.375353127859162632e+06
8.875363787934266124e-06 5.061117941925905583e+00 3.370463240534502082e+06
8.933392515429920832e-06 5.054032581367813748e+00 3.363987504398974124e+06
8.960175110556794478e-06 5.046872696794008739e+00 3.357248647398973815e+06
8.980868708613868760e-06 5.040173809089622203e+00 3.350558478659616318e+06
9.049057975948336413e-06 5.031543200028707474e+00 3.342301969736999366e+06
9.075257903221242074e-06 5.023575317510407423e+00 3.334186687116562854e+06
9.095042006287373156e-06 5.016805108600768115e+00 3.326511910686695483e+06
9.168082249701418483e-06 5.008530876119646535e+00 3.317458974892696366e+06
9.189654305203357387e-06 5.001808206366869847e+00 3.309036146355274133e+06
9.205461856666608908e-06 4.997078578270069293e+00 3.301475361447630916e+06
9.274651365858461942e-06 4.991593075636363785e+00 3.292936361185813788e+06
9.283774630910852257e-06 4.988755335677063307e+00 3.285653702397292014e+06
9.289652760797653387e-06 4.988759700926115315e+00 3.279698805895852391e+06
9.339921613862169089e-06 4.989223375824676232e+00 3.273491442544550169e+06
9.327591644847003336e-06 4.993506900815103400e+00 3.269235023641130421e+06
9.316772691124793822e-06 5.001384553424361279e+00 3.266740186819874682e+06
9.327668494422646493e-06 5.011491640076091159e+00 3.265119764021140989e+06
9.278654192591237097e-06 5.026808901061006196e+00 3.266326452420874499e+06
9.239402280628099297e-06 5.046422997218267703e+00 3.269754215639364440e+06
9.226751668021187597e-06 5.068483046099890643e+00 3.274242636083343066e+06
9.160052716282226907e-06 5.095540270883405221e+00 3.281485660291738808e+06
9.107705749456384374e-06 5.126299111355676175e+00 3.290671889325808734e+06
9.074627722608896290e-06 5.159167855530505165e+00 3.300854040435470175e+06
9.003148758602048449e-06 5.195793320996911824e+00 3.313165545178629924e+06
8.947918098295744649e-06 5.234688285602691060e+00 3.326725418967131991e+06
8.907136654300466306e-06 5.274460572763842059e+00 3.340759432413799223e+06
8.866633943832344486e-06 5.314591968196159755e+00 3.355055747812320013e+06
8.837248089683396473e-06 5.353973308659266017e+00 3.369030241380762774e+06
8.817083261123433017e-06 5.391656286012483257e+00 3.382211397327177227e+06
8.804484496865052541e-06 5.426858858360129823e+00 3.394231753215767909e+06
8.798006378192112508e-06 5.458952721394986440e+00 3.404815947973291855e+06
8.796387749234510067e-06 5.487451586384771929e+00 3.413769827737164218e+06
8.798530948849737256e-06 5.511999716993397413e+00 3.420970330168358516e+06
8.803484420763319298e-06 5.532360421347495283e+00 3.426355992627764121e+06
8.810427863066081617e-06 5.548404376550784001e+00 3.429918013753999490e+06
8.818659303170603680e-06 5.560097791675732815e+00 3.431691851318606641e+06
8.827583586236874825e-06 5.567490506182458887e+00 3.431749372039021924e+06
8.836701958429767721e-06 5.570704171028634910e+00 3.430191582360166125e+06
8.845602556160588994e-06 5.569920680837725513e+00 3.427141969592685346e+06
8.853951559257716120e-06 5.565371034762040203e+00 3.422740480120020453e+06
8.861484954254224275e-06 5.557324785254701638e+00 3.417138148781287018e+06
8.868000821428834106e-06 5.546080212327625603e+00 3.410492381667429581e+06
8.873352076331887669e-06 5.531955332504723266e+00 3.402962882595573552e+06
8.877439695232575357e-06 5.515279814245529266e+00 3.394708199477885850e+06
8.880206379739667783e-06 5.496387842580592320e+00 3.385882857860675082e+06
8.881630638496312372e-06 5.475611945738091180e+00 3.376635041360928677e+06
8.881721362607641329e-06 5.453277763450338433e+00 3.367104770043757278e+06
8.880512807822589603e-06 5.429699722724171451e+00 3.357422527564389165e+06
8.878060012393880447e-06 5.405177564936078483e+00 3.347708285116829444e+06
8.874434666218954069e-06 5.379993654689864790e+00 3.338070869787435513e+06
8.869721396670201345e-06 5.354410995122331762e+00 3.328607627637783531e+06
8.864014452545561723e-06 5.328671869989409338e+00 3.319404334850291722e+06
8.857494157991502236e-06 5.302992563362249889e+00 3.310532524383829441e+06
8.850092592943368120e-06 5.277577716437122923e+00 3.302058936424041633e+06
8.842012366279113842e-06 5.252604296758050850e+00 3.294035855236633681e+06
8.895302953830294944e-06 5.224792895405967919e+00 3.284346168039542157e+06
8.935622021426203041e-06 5.195378673237040168e+00 3.273701497152496129e+06
8.966112303735086385e-06 5.165417650917537351e+00 3.262661779896022752e+06
9.083944471049765334e-06 5.130613451077174147e+00 3.248410148866686970e+06
9.171414150001742195e-06 5.093568550700497966e+00 3.232491686778625473e+06
9.238175784415202159e-06 5.056246281380991192e+00 3.215995982029931154e+06
9.418084811866209502e-06 5.013427106607712069e+00 3.195462711735450197e+06
9.530123938130532693e-06 4.969939323314380708e+00 3.173844038725241553e+06
9.613630443655081046e-06 4.928197335609646679e+00 3.152495441101371776e+06
9.815334273767469436e-06 4.882975744267890938e+00 3.127933291545793880e+06
9.903236045554963807e-06 4.841128538812085047e+00 3.104439466963950079e+06
9.965597403802952436e-06 4.804500423329688630e+00 3.083025729083354585e+06
1.014335389959612729e-05 4.767850763963652483e+00 3.060230550160611514e+06
1.018441000273745391e-05 4.738451385335896049e+00 3.040658923057107255e+06
1.021009765398462555e-05 4.717126835657880157e+00 3.024703879645111505e+06
1.034111039020837579e-05 4.698821481611667572e+00 3.009067676199950743e+06
1.031420023302250118e-05 4.691149113026822803e+00 2.998599860428160056e+06
1.028896022224784353e-05 4.693655041122826610e+00 2.992894129062352236e+06
1.036064563820772310e-05 4.701307450252152798e+00 2.988717407849688083e+06
1.027826059100914986e-05 4.721138664018204700e+00 2.990538177802945022e+06
1.021284420518374349e-05 4.751699437232875134e+00 2.997338545044835657e+06
1.023157109331943187e-05 4.788253352383629036e+00 3.006130284287543036e+06
1.011422018123537089e-05 4.836893096777735934e+00 3.020758810571986716e+06
1.002444570297961402e-05 4.895485736042106240e+00 3.039822430153010413e+06
9.999706852154315032e-06 4.959940154973814685e+00 3.060818060379969422e+06
9.867157024714773105e-06 5.035041668283138705e+00 3.086758373659104574e+06
9.767778439558811486e-06 5.118184051651054389e+00 3.116039790589852724e+06
9.724993689579881654e-06 5.205408078365013402e+00 3.146357519896770827e+06
9.600998586035617541e-06 5.300267421606468687e+00 3.179994640448782127e+06
9.509931517184970053e-06 5.399958850538326693e+00 3.215359806989884935e+06
9.461479578109407217e-06 5.501012193066855183e+00 3.250581858082311228e+06
9.359058183482112019e-06 5.605596975133913418e+00 3.287165756906465627e+06
9.285953789126500651e-06 5.710922617251781297e+00 3.323673483767723665e+06
9.247155359233331015e-06 5.813823514057264497e+00 3.358544439586798195e+06
9.181266033482719425e-06 5.915007780936785586e+00 3.392489257702179719e+06
9.137569901215827762e-06 6.012095925919688000e+00 3.424426194221257232e+06
9.120142898363393767e-06 6.102472317707465344e+00 3.453191388116597664e+06
9.085611955249978214e-06 6.186489676289345319e+00 3.479307217294990085e+06
9.066189624922969624e-06 6.262439853076961604e+00 3.502103247759081423e+06
9.068839530343157960e-06 6.328255915771356044e+00 3.520720045226150192e+06
9.068633758524042069e-06 6.383766819395728653e+00 3.535334131847296376e+06
9.075477684892306558e-06 6.428279093073951067e+00 3.545785388874962926e+06
9.095160202427619522e-06 6.460865903312365432e+00 3.551754190549169201e+06
9.108830985488590619e-06 6.482103850919014754e+00 3.553704922343018930e+06
9.124475944662946040e-06 6.492142089279529849e+00 3.551811692621025722e+06
9.158549397557793218e-06 6.490137000955974678e+00 3.545666353995236568e+06
9.180451024226269423e-06 6.477573399014752376e+00 3.536089381587263662e+06
9.199988156659296383e-06 6.455317380021267759e+00 3.523505892871331889e+06
9.243593125622141725e-06 6.422508106358832514e+00 3.507368097984979395e+06
9.267954755027983766e-06 6.381432464261820314e+00 3.488813431752446573e+06
9.286756718662864774e-06 6.333402799677186223e+00 3.468401712704501580e+06
9.331473890647398593e-06 6.277626539468318612e+00 3.445529481114872731e+06
9.351324826985561584e-06 6.216824817791893665e+00 3.421503840185997542e+06
9.364132805389231273e-06 6.152396737995517562e+00 3.396881526088648476e+06
9.395507435097837442e-06 6.084002999106339793e+00 3.371270847542677075e+06
9.396156420385849575e-06 6.014497361214806048e+00 3.346050164040271193e+06
9.391921032300816849e-06 5.944858513289799085e+00 3.321558103835706599e+06
9.422585430938612544e-06 5.873517196312175059e+00 3.296734166294937953e+06
9.415451302667866479e-06 5.803521169995667250e+00 3.273111396099501289e+06
9.404176759385801242e-06 5.735599204286113917e+00 3.250920362826248631e+06
9.427276127900738060e-06 5.668083957537364270e+00 3.229066603887234349e+06
9.409270394313429958e-06 5.603913028912232974e+00 3.209084598804370966e+06
9.389110835282786234e-06 5.543459351799812751e+00 3.191050712707004976e+06
9.407010114086475231e-06 5.484696196908234178e+00 3.173693573763433378e+06
9.391202259737396193e-06 5.429883048655694822e+00 3.158223578400763683e+06
9.373205189503990082e-06 5.379284009256280363e+00 3.144693927197677549e+06
9.390535790061775535e-06 5.330994759671610517e+00 3.131917609605268575e+06
9.360467129045101198e-06 5.287854555168800985e+00 3.121498967639084440e+06
9.331616068235101612e-06 5.249745740103723968e+00 3.113303334942597430e+06
9.326779103202386992e-06 5.215232696447699823e+00 3.106448251826718915e+06
9.281086425147322061e-06 5.186507689519795683e+00 3.102216970599390101e+06
9.240744904804964780e-06 5.163041689838144599e+00 3.100270062564956024e+06
9.228584274451222453e-06 5.143043162586899086e+00 3.099536355990065262e+06
9.176267336667892060e-06 5.128536763990777736e+00 3.101245075495433062e+06
9.131815517719238365e-06 5.118779246754046497e+00 3.104948961725478992e+06
9.106208238642503051e-06 5.112415069642884724e+00 3.109855694713831879e+06
9.046922061224769537e-06 5.111010020106515839e+00 3.116950774294219911e+06
8.998037070010155160e-06 5.113605061589160172e+00 3.125678042555944063e+06
8.966390245535954496e-06 5.118867486280940682e+00 3.135276546567653306e+06
8.917698091954090432e-06 5.127417822413458559e+00 3.146180818949218839e+06
8.878530850675302616e-06 5.138367734810003640e+00 3.157895008232739288e+06
8.850946588229397115e-06 5.150731302266977174e+00 3.169877883688768838e+06
8.817130904003403502e-06 5.164568042047604557e+00 3.182230514017853420e+06
8.790696630604990125e-06 5.179172800816150612e+00 3.194579308888312895e+06
8.770500078423645009e-06 5.193929735973748407e+00 3.206612726737960707e+06
8.755535354923611917e-06 5.208323357630411543e+00 3.218078955966048408e+06
8.744917861217975678e-06 5.221928470426349556e+00 3.228779214066891465e+06
8.737870498876381095e-06 5.234401252254711423e+00 3.238561707314888015e+06
8.733711992664578032e-06 5.245471154848554640e+00 3.247316107276146300e+06
8.731846871596610481e-06 5.254933411992484871e+00 3.254968450441726018e+06
8.731756746531671139e-06 5.262642016936744049e+00 3.261476403129966930e+06
8.732992629269754070e-06 5.268503085031777999e+00 3.266824857732749078e+06
8.735168048958758241e-06 5.272468559317234238e+00 3.271021843721920624e+06
8.737952871841041732e-06 5.274530240193871400e+00 3.274094744362178724e+06
8.741067712761069081e-06 5.274714137912477341e+00 3.276086815058236010e+06
8.744278796851549354e-06 5.273075159730951533e+00 3.277054002932481933e+06
8.747393240022563614e-06 5.269692145680714646e+00 3.277062065580800641e+06
8.750254689443747176e-06 5.264663267878753494e+00 3.276183985479988623e+06
8.752739281603055850e-06 5.258101806066465045e+00 3.274497674150621053e+06
8.754751902982731680e-06 5.250132306966791340e+00 3.272083956911778077e+06
8.756222734311533429e-06 5.240887129829364000e+00 3.269024826256901491e+06
8.757104068333805856e-06 5.230503374672791139e+00 3.265401949248144869e+06
8.757367359422654269e-06 5.219120186193552335e+00 3.261295413298820611e+06
8.757000493715168723e-06 5.206876421010679934e+00 3.256782693139402196e+06
8.756005286104110103e-06 5.193908660773259633e+00 3.251937820126922801e+06
8.754395185266388677e-06 5.180349550348524623e+00 3.246830734921813942e+06
8.752193195960714740e-06 5.166326437314309850e+00 3.241526803832003381e+06
8.749430043075753823e-06 5.151960285022166630e+00 3.236086478450851515e+06
8.746142495286007970e-06 5.137364835253452888e+00 3.230565081526905764e+06
8.742371903241299966e-06 5.122645992653948710e+00 3.225012700644632801e+06
8.738162909073987123e-06 5.107901405501483083e+00 3.219474173694572877e+06
8.733562296841657820e-06 5.093220219367173840e+00 3.213989151933807414e+06
8.728618033627489885e-06 5.078682977850877300e+00 3.208592225814072415e+06
8.723378401954135275e-06 5.064361651313618040e+00 3.203313102941558696e+06
8.717891264831236278e-06 5.050319772572117394e+00 3.198176827120468952e+06
8.712203432093269288e-06 5.036612661570081251e+00 3.193204029270853847e+06
8.706360129955561459e-06 5.023287722008616285e+00 3.188411201875718310e+06
8.700404563184737346e-06 5.010384794897543514e+00 3.183810989764768630e+06
8.694377588859015653e-06 4.997936554365337791e+00 3.179412490171638317e+06
8.688317457653149231e-06 4.985968934992553336e+00 3.175221557200622279e+06
8.682259637483412593e-06 4.974501580058553252e+00 3.171241105865507852e+06
8.676236696929539211e-06 4.963548302441232352e+00 3.167471412102507893e+06
8.670278253909315718e-06 4.953117550426459736e+00 3.163910405405245256e+06
8.664410977904267715e-06 4.943212872184592932e+00 3.160553951450159308e+06
8.658658633143869363e-06 4.933833374039878095e+00 3.157396122899433598e+06
8.653042122619892704e-06 4.924974170575633359e+00 3.154429458034186624e+06
8.647579518757414783e-06 4.916626825234303055e+00 3.151645207392402459e+06
8.642286111821801900e-06 4.908779778404709582e+00 3.149033567533849739e+06
8.637174488401248683e-06 4.901418759565839167e+00 3.146583900773335714e+06
8.632254602876897410e-06 4.894527182491404282e+00 3.144284941103436984e+06
8.627533902503120984e-06 4.888086519501448457e+00 3.142124984567509033e+06
8.623017445680015766e-06 4.882076654532567339e+00 3.140092064560189843e+06
8.618708115549105267e-06 4.876476209804777362e+00 3.138174109321468510e+06
8.614606781643225386e-06 4.871262849579753862e+00 3.136359083955953829e+06
8.610712508247257859e-06 4.866413559075277284e+00 3.134635116037745494e+06
8.607022809413384238e-06 4.861904897264868630e+00 3.132990603991295677e+06
8.603533913475033408e-06 4.857713224519642381e+00 3.131414308749582618e+06
8.600240979717065846e-06 4.853814908372715564e+00 3.129895430858535692e+06
8.597138287593077965e-06 4.850186508756380910e+00 3.128423674362421036e+06
8.594219358854911987e-06 4.846804945427112266e+00 3.126989299929894507e+06
8.591477049406106450e-06 4.843647648321666388e+00 3.125583168526370078e+06
8.588903606049761279e-06 4.840692692203717229e+00 3.124196777112226933e+06
8.586490719193856807e-06 4.837918915900819350e+00 3.122822286922979634e+06
8.584229562547266497e-06 4.835306027150503283e+00 3.121452545090994332e+06
8.582110882152196410e-06 4.832834691345535560e+00 3.120081098441562615e+06
8.580125120662416064e-06 4.830486603217715391e+00 3.118702198682017624e+06
8.578262533781481097e-06 4.828244542499792402e+00 3.117310799631856848e+06
8.576513376046804703e-06 4.826092411221361012e+00 3.115902544903406873e+06
8.574868011350032082e-06 4.824015257175237714e+00 3.114473748953764327e+06
8.573317030615639517e-06 4.821999283994665930e+00 3.113021371931607835e+06
8.571851346852422138e-06 4.820031849782798083e+00 3.111542989574324805e+06
8.570462254734689293e-06 4.818101456710375707e+00 3.110036759768149815e+06
8.569141450870009616e-06 4.816197734015371879e+00 3.108501387418972794e+06
8.567881024673767637e-06 4.814311415928693272e+00 3.106936088712771423e+06
8.566673448845970663e-06 4.812434314227711063e+00 3.105340554899272975e+06
8.565511563923448131e-06 4.810559285734893997e+00 3.103714915913679637e+06
8.564388603811052639e-06 4.808680192733903347e+00 3.102059702654715162e+06
8.563298236335534086e-06 4.806791856245966166e+00 3.100375807856181636e+06
8.562234582921337463e-06 4.804890004561156225e+00 3.098664446694006678e+06
8.561192251797148880e-06 4.802971217411996285e+00 3.096927117032296956e+06
8.560166368716935233e-06 4.801032867121302061e+00 3.095165559767437167e+06
8.559152584423998527e-06 4.799073058861105245e+00 3.093381720190792810e+06
8.558147080711920137e-06 4.797090570312426472e+00 3.091577710486186203e+06
8.557146538290941239e-06 4.795084792856980194e+00 3.089755774642409757e+06
8.556148094574620683e-06 4.793055674395754195e+00 3.087918255914433859e+06
8.555149281285524628e-06 4.791003664462352596e+00 3.086067567429338116e+06
8.554148007771547225e-06 4.788929659258950977e+00 3.084206164405252319e+06
8.553142511684115530e-06 4.786834948866989237e+00 3.082336519197796006e+06
8.552131324412851854e-06 4.784721166194451314e+00 3.080461098684544675e+06
8.551113231659242771e-06 4.782590238291458462e+00 3.078582344141638372e+06
8.550087246253512086e-06 4.780444339679142729e+00 3.076702653171447571e+06
8.549052671168034362e-06 4.778285843560071022e+00 3.074824360789954662e+06
8.548009084160188822e-06 4.776117275844868004e+00 3.072949722403545864e+06
8.546956339256603323e-06 4.773941271168943068e+00 3.071080898126441054e+06
8.554968196910729482e-06 4.771292816746711019e+00 3.068919102218124084e+06
8.555007817172129928e-06 4.768633327755637197e+00 3.066761689123752061e+06
8.554821521719873246e-06 4.765996766138187901e+00 3.064623946347633842e+06
8.577076789324181516e-06 4.762238495352507428e+00 3.061767984338402748e+06
8.590369944388654479e-06 4.757947971376949248e+00 3.058571916832758579e+06
8.600865656066113496e-06 4.753383656692776071e+00 3.055184242431355175e+06
8.633786625698300216e-06 4.747486050603849428e+00 3.050910142205625772e+06
8.645462383234618896e-06 4.741540554783066241e+00 3.046563596156856976e+06
8.654292992048829200e-06 4.735810130546212804e+00 3.042283762518129777e+06
8.684179290596461811e-06 4.729294387132375377e+00 3.037410475121183787e+06
8.689997051808578726e-06 4.723385173699974793e+00 3.032823189372849651e+06
8.693886950714406418e-06 4.718249755680922419e+00 3.028599099615633488e+06
8.726422888639908846e-06 4.712462010229502951e+00 3.023808121943713631e+06
8.729656920101002793e-06 4.707660434634010294e+00 3.019491333400775678e+06
8.731412456969113510e-06 4.703962663892521157e+00 3.015693506022958551e+06
8.758329808078904708e-06 4.700092186895739488e+00 3.011584877262376249e+06
8.754884756568702999e-06 4.697681933505595708e+00 3.008205097366578877e+06
8.751323028011799660e-06 4.696720124916788919e+00 3.005522234502254520e+06
8.766166597474999014e-06 4.696216200463493529e+00 3.002898811340978835e+06
8.754473381614121436e-06 4.697520473110687433e+00 3.001198984132354148e+06
8.744513345696584974e-06 4.700452897133808428e+00 3.000295992390614469e+06
8.744205052067003877e-06 4.704401028845489385e+00 2.999806543493397534e+06
8.713823276113432590e-06 4.710797742039416924e+00 3.000654689566939138e+06
8.689094603148973152e-06 4.719139964214724259e+00 3.002523606112500653e+06
8.669480656529883367e-06 4.728931262588473849e+00 3.005124659744680393e+06
8.635390944791626529e-06 4.740701246820680836e+00 3.008823444797378033e+06
8.608151635629665671e-06 4.753829635430834699e+00 3.013254650459787343e+06
8.586791912919036662e-06 4.767753710683090951e+00 3.018104744221234694e+06
8.570449759571205890e-06 4.781991033413228287e+00 3.023112753885393962e+06
8.558359474941108064e-06 4.796131778745453822e+00 3.028064242458014749e+06
8.549841204827146983e-06 4.809832053115719930e+00 3.032786004038387910e+06
8.544292075651792518e-06 4.822807920111304547e+00 3.037141322124871425e+06
8.541178585460015325e-06 4.834829940124519609e+00 3.041025677881305572e+06
8.540030022393072662e-06 4.845718086406272995e+00 3.044362828828401398e+06
8.540432647860432113e-06 4.855336948759526372e+00 3.047101205140359234e+06
8.542024545143739913e-06 4.863591167188406672e+00 3.049210586644087918e+06
8.544490960313090824e-06 4.870421066017273759e+00 3.050679037644094788e+06
8.547560043750662746e-06 4.875798476773814727e+00 3.051510084816862829e+06
8.550998937471984349e-06 4.879722749433524243e+00 3.051720127979905345e+06
8.554610148944804456e-06 4.882216959604324558e+00 3.051336076576115098e+06
8.558228165131185987e-06 4.883324323500738195e+00 3.050393206087121274e+06
8.561716302156728800e-06 4.883104832477953572e+00 3.048933227862863336e+06
8.564963791351729367e-06 4.881632117272552307e+00 3.047002564623241778e+06
8.567883040794331456e-06 4.878990552592274099e+00 3.044650824407643173e+06
8.570407078582213795e-06 4.875272608570553778e+00 3.041929464027852286e+06
8.572487162069104651e-06 4.870576452579562954e+00 3.038890632190423552e+06
8.574090536542936441e-06 4.865003801672736827e+00 3.035586181743554305e+06
8.575198379325838137e-06 4.858658020329813532e+00 3.032066838478798512e+06
8.575803877705909315e-06 4.851642457846726764e+00 3.028381514849516097e+06
8.575910452917908145e-06 4.844059015571008153e+00 3.024576756095737219e+06
8.575530128359701345e-06 4.836006931816968724e+00 3.020696306170353666e+06
8.574682040453926126e-06 4.827581770533821093e+00 3.016780780899893958e+06
8.573391092090227035e-06 4.818874598202963710e+00 3.012867436048435047e+06
8.571686724990019033e-06 4.809971333755671985e+00 3.008990019070500042e+06
8.569601821077258525e-06 4.800952255056123441e+00 3.005178693428262137e+06
8.567171724753406403e-06 4.791891645637815778e+00 3.001460025161221623e+06
8.564433398092417997e-06 4.782857564864746003e+00 2.997857021621004678e+06
8.561424680103627333e-06 4.773911726608278450e+00 2.994389213838217314e+06
8.558183642151459891e-06 4.765109472270840918e+00 2.991072774805663619e+06
8.554748001303610037e-06 4.756499826349154247e+00 2.987920667694380973e+06
8.560660508830995587e-06 4.747638210323027685e+00 2.984636403044356965e+06
8.562895164471250625e-06 4.738795601501370136e+00 2.981373948001036420e+06
8.563941221318745059e-06 4.730106217600074103e+00 2.978195734004999977e+06
8.580840676128439660e-06 4.720820559892143109e+00 2.974609999532833695e+06
8.585334419864105120e-06 4.711708432048971495e+00 2.971083404061894864e+06
8.588105867794902504e-06 4.702948024099948832e+00 2.967699857988432050e+06
8.611605575191027376e-06 4.693549594642657752e+00 2.963813832321817521e+06
8.616203451880976634e-06 4.684629976721494948e+00 2.960112013186824974e+06
8.618943439481353046e-06 4.676368293123935871e+00 2.956676037521826569e+06
8.644635007022224274e-06 4.667654387194867915e+00 2.952784277257527690e+06
8.645172941319249083e-06 4.659903885995551498e+00 2.949315946241132449e+06
8.644557788110695322e-06 4.653222393319948580e+00 2.946307373846642673e+06
8.664016811497049595e-06 4.646606735412272648e+00 2.943109234609375708e+06
8.662206383754400381e-06 4.641212204184602896e+00 2.940442992123381235e+06
8.659805299042574767e-06 4.637074439800699110e+00 2.938309125786317512e+06
8.669950896777476048e-06 4.633535527330396420e+00 2.936283256907118484e+06
8.655483637169688026e-06 4.631841988336842242e+00 2.935151471166208852e+06
8.643026345912957779e-06 4.631803887397953012e+00 2.934782439757275861e+06
8.638670617515785901e-06 4.632897271802199235e+00 2.934851074593809899e+06
8.610449826394170041e-06 4.636229670385512591e+00 2.936068647354896646e+06
8.587226604666992782e-06 4.641359675549426633e+00 2.938161497689337935e+06
8.568792320022543894e-06 4.647841709241627761e+00 2.940872239534213673e+06
8.547208471631724804e-06 4.655655416617142883e+00 2.944214479329437017e+06
8.529957445786381332e-06 4.664393193700664852e+00 2.947957383663073182e+06
8.516443075089605899e-06 4.673691623165774800e+00 2.951903814726696815e+06
8.506131552886888250e-06 4.683237726683675106e+00 2.955889127082651481e+06
8.498545247218962622e-06 4.692764372183633625e+00 2.959777643522927072e+06
8.493257341256553372e-06 4.702046165820241264e+00 2.963459489647321869e+06
8.489887186223184413e-06 4.710895712977263727e+00 2.966847720841446891e+06
8.488096181744796609e-06 4.719160166469777096e+00 2.969875695014026947e+06
8.487584126934239300e-06 4.726718001588488427e+00 2.972494656352400314e+06
8.488085940423632011e-06 4.733475977531034218e+00 2.974671505966620054e+06
8.489368669498051289e-06 4.739366259648672752e+00 2.976386742898006923e+06
8.491228781806777937e-06 4.744343685173546987e+00 2.977632562673923559e+06
8.493489642268199841e-06 4.748383165905160297e+00 2.978411105752415489e+06
8.495999217045299820e-06 4.751477222709923787e+00 2.978732848202489782e+06
8.498627894575535175e-06 4.753633654809252818e+00 2.978615130809540860e+06
8.501266429552131981e-06 4.754873346741869788e+00 2.978080822495873552e+06
8.503823994803165335e-06 4.755228216724163737e+00 2.977157114080280997e+06
8.506226294363538771e-06 4.754739311747758101e+00 2.975874439259850886e+06
8.508413813133779279e-06 4.753455049565432411e+00 2.974265516583377961e+06
8.510340175250472947e-06 4.751429608205853583e+00 2.972364506563556381e+06
8.511970731985354921e-06 4.748721456461669099e+00 2.970206273832053412e+06
8.513281027939369891e-06 4.745392035354660365e+00 2.967825754844585434e+06
8.514255740592711213e-06 4.741504568063766634e+00 2.965257412407598924e+06
8.514887366253309130e-06 4.737123013231231639e+00 2.962534781273664907e+06
8.515175304097207624e-06 4.732311139866075322e+00 2.959690088032002561e+06
8.515124790268674976e-06 4.727131731074823762e+00 2.956753945982779842e+06
8.514745976347573084e-06 4.721645905516363761e+00 2.953755116039055865e+06
8.514053085824495416e-06 4.715912549106555218e+00 2.950720326940262690e+06
8.513063649852086796e-06 4.709987848736270521e+00 2.947674148181130644e+06
8.511797798191799843e-06 4.703924920573395063e+00 2.944638909997713752e+06
8.510277603433911086e-06 4.697773525130473971e+00 2.941634664986629039e+06
8.508526501627110408e-06 4.691579859851110257e+00 2.938679185461924877e+06
8.524102610535745151e-06 4.684497181965651791e+00 2.935230808507199865e+06
8.533143304984276052e-06 4.676980475005996674e+00 2.931563694039613008e+06
8.539931690148717535e-06 4.669257144242370927e+00 2.927797462934629992e+06
8.569759670413462315e-06 4.660257733759782361e+00 2.923241153054081835e+06
8.585003011475556467e-06 4.650924153514218062e+00 2.918466549887780100e+06
8.596553974645033486e-06 4.641602219216665048e+00 2.913655581934242509e+06
8.643497008438478959e-06 4.630644078134710462e+00 2.907746091821406502e+06
8.664273215087603671e-06 4.619647039471976413e+00 2.901716537507516332e+06
8.679915386185130290e-06 4.609064494417770774e+00 2.895803425581080373e+06
8.730702669592085719e-06 4.597292927314049038e+00 2.888965603223710321e+06
8.747642322913190354e-06 4.586292376668787085e+00 2.882406474239348434e+06
8.759837723503639134e-06 4.576450986017042588e+00 2.876318812419934198e+06
8.806869738274850792e-06 4.566146085761260132e+00 2.869652000068751164e+06
8.818805552563906234e-06 4.557319758549903455e+00 2.863602845335643739e+06
8.826890709976332739e-06 4.550248693197319838e+00 2.858299577222594526e+06
8.869537037781535221e-06 4.543276110527317613e+00 2.852677991748071741e+06
8.864715513938954512e-06 4.538858625225400623e+00 2.848264878358329181e+06
8.859463832343275911e-06 4.536982768295582780e+00 2.845013232180530671e+06
8.892852511188938550e-06 4.535679553732268054e+00 2.841680643622680567e+06
8.880001549133154540e-06 4.537241129784774785e+00 2.839703685741065536e+06
8.868823978504695324e-06 4.541474501060555724e+00 2.838936702983821277e+06
8.905427415773279595e-06 4.545902806376435734e+00 2.837838021714183036e+06
8.896307606840250454e-06 4.552776907608993007e+00 2.837828851716083009e+06
8.888761463058136947e-06 4.561908921289417940e+00 2.838776170183409471e+06
8.936755586381774018e-06 4.570439838926096066e+00 2.838916319816310424e+06
8.938194946293266010e-06 4.580707016701542678e+00 2.839727494314550888e+06
8.939608816946232082e-06 4.592647411106989708e+00 2.841158031547319144e+06
9.004944744684256571e-06 4.603025991783409765e+00 2.841225124592097010e+06
9.019285839303113459e-06 4.614484543465545485e+00 2.841590585998355411e+06
9.031201721182677717e-06 4.627148338970683561e+00 2.842315333941032644e+06
9.104252987954991581e-06 4.637967494090649900e+00 2.841541097911462188e+06
9.117473311553574798e-06 4.650061712147918414e+00 2.841206574732412584e+06
9.128478297143132768e-06 4.663541961277016590e+00 2.841357370510100387e+06
9.225944384089366325e-06 4.674103165439571050e+00 2.839386935307741631e+06
9.250748285528894924e-06 4.685603834735307949e+00 2.837673648012091406e+06
9.270799901402777498e-06 4.698355829619003110e+00 2.836372001392664388e+06
9.379130687794585251e-06 4.708017838706541447e+00 2.832870359221506398e+06
9.402694702819437713e-06 4.719091153507985581e+00 2.829905335784160066e+06
9.421425217060328664e-06 4.731886026026649539e+00 2.827617036813036073e+06
9.519789377198807742e-06 4.742461748437674096e+00 2.823653929385032970e+06
9.536021187789471697e-06 4.755122904349230240e+00 2.820601017613667063e+06
9.548826481739063968e-06 4.770044341578261182e+00 2.818516163379672449e+06
9.611888080881360858e-06 4.784651398545484824e+00 2.815878482622312382e+06
9.576224339148829817e-06 4.803878666559397992e+00 2.815601894592197146e+06
9.548432201342237893e-06 4.827048679111323182e+00 2.817244515047980472e+06
9.577970869522417442e-06 4.850931893003729733e+00 2.818941209103410598e+06
9.512475296305197134e-06 4.880134529631680707e+00 2.823400705523740966e+06
9.461970538353586978e-06 4.913436423062599978e+00 2.829895456282907631e+06
9.459805959781598548e-06 4.947845996702315396e+00 2.836748854745031800e+06
9.377841386259105064e-06 4.987137365431694391e+00 2.846181876769585535e+06
9.315175955023017592e-06 5.029729643420676410e+00 2.857307907484175172e+06
9.293905508040818666e-06 5.072828049930167005e+00 2.868618984073194675e+06
9.227280608761773687e-06 5.118409379775120449e+00 2.881324248523001093e+06
9.177753942314543603e-06 5.164997553143185982e+00 2.894657484943564050e+06
9.158670254372863019e-06 5.210381676770079018e+00 2.907486248228728771e+06
9.096077459208862768e-06 5.256552747094424660e+00 2.921031484266336076e+06
9.049997976100822362e-06 5.302064936193744416e+00 2.934575194037784357e+06
9.027249413352884236e-06 5.345091429798109139e+00 2.947227308452846017e+06
8.976689926204793136e-06 5.386836397696458612e+00 2.959770818705189042e+06
8.940190633876898249e-06 5.426053179248064851e+00 2.971619765671513975e+06
8.919495106682857354e-06 5.461430273835540916e+00 2.982173991776985116e+06
8.883630115523230073e-06 5.493579363441766006e+00 2.991876582666529808e+06
8.858376126927647374e-06 5.521593010756921771e+00 3.000323912593001034e+06
8.841601595672202954e-06 5.544751935754956840e+00 3.007218735785060562e+06
8.831473942415546510e-06 5.562547732698216230e+00 3.012364285419510677e+06
8.826421073555233056e-06 5.574662277849048664e+00 3.015650103653611615e+06
8.825099721217726165e-06 5.580947046092294528e+00 3.017038931262242608e+06
8.826369104957862598e-06 5.581402264519012668e+00 3.016554534219661262e+06
8.829268383993595567e-06 5.576156060884852828e+00 3.014270436055719852e+06
8.832997133401394136e-06 5.565443880556284917e+00 3.010299563793698791e+06
8.836897821741944615e-06 5.549588522646166311e+00 3.004784842679768801e+06
8.840440034676077399e-06 5.528981134775857065e+00 2.997890765801378991e+06
8.843205992880166354e-06 5.504063479920134228e+00 2.989795955406603869e+06
8.844877144440860218e-06 5.475311729843761022e+00 2.980686713772417512e+06
8.845221731134537402e-06 5.443221966001303258e+00 2.970751539659824688e+06
8.844083222920779945e-06 5.408297495541678934e+00 2.960176567842985503e+06
8.841369634242917535e-06 5.371038015179250280e+00 2.949141870953320060e+06
8.837043771935515610e-06 5.331930588833031948e+00 2.937818548524694052e+06
8.832204969580311201e-06 5.291381017336927783e+00 2.926332598660629243e+06
8.824523187373009913e-06 5.249910320434891808e+00 2.914874903860422317e+06
8.815389136246937099e-06 5.207929059359374335e+00 2.903577513722237665e+06
8.812438347219814350e-06 5.165398881835574052e+00 2.892325814164324198e+06
8.799787732525401809e-06 5.123175378090429000e+00 2.881508641896660440e+06
8.786204455161449994e-06 5.081561168969264131e+00 2.871207722230860032e+06
8.776824446189449434e-06 5.040542518043255704e+00 2.861336122295684181e+06
8.760248291983421714e-06 5.000723914587432262e+00 2.852162769816694316e+06
8.743292901285625629e-06 4.962285846729977301e+00 2.843720408946866635e+06
8.726071038947257649e-06 4.925370647025051341e+00 2.836029835863199085e+06
8.708694694409962005e-06 4.890094528880394087e+00 2.829102728489970323e+06
8.691273048533378946e-06 4.856549165756946174e+00 2.822942301997961476e+06
8.673910872879577355e-06 4.824803389187594327e+00 2.817543997989195399e+06
8.656707283870954754e-06 4.794904949479087186e+00 2.812896189851918258e+06
8.639754873366805869e-06 4.766882291183065057e+00 2.808980888701428659e+06
8.623139020350202550e-06 4.740746313277011126e+00 2.805774442007062025e+06
8.606937423063143380e-06 4.716492087914620157e+00 2.803248217286818195e+06
8.591219761113850557e-06 4.694100521514061874e+00 2.801369266850341111e+06
8.576047472942903495e-06 4.673539946703954229e+00 2.800100970744744875e+06
8.561473625854081572e-06 4.654767637828375548e+00 2.799403655888990033e+06
8.547542924158214921e-06 4.637731242612999516e+00 2.799235188369055744e+06
8.534291795199832605e-06 4.622370128408776147e+00 2.799551537873983383e+06
8.521748589137755558e-06 4.608616641066323183e+00 2.800307312145009637e+06
8.509933967998718456e-06 4.596397272314450611e+00 2.801456257260954473e+06
8.498861270539855990e-06 4.585633744180365845e+00 2.802951726027640514e+06
8.488537064180954936e-06 4.576244007784397105e+00 2.804747110206065699e+06
8.478961653656114439e-06 4.568143166703388935e+00 2.806796239116412587e+06
8.470129672909224302e-06 4.561244326918614256e+00 2.809053743012014311e+06
8.462030591277083268e-06 4.555459382987887551e+00 2.811475384135506582e+06
8.454649199473485250e-06 4.550699743975061828e+00 2.814018356022695079e+06
8.447966057524524576e-06 4.546877002680708380e+00 2.816641551942116581e+06
8.441957929772045949e-06 4.543903549872963410e+00 2.819305802672919817e+06
8.436598224911749815e-06 4.541693134627933226e+00 2.821974083454792388e+06
8.431857375812444111e-06 4.540161375202801608e+00 2.824611691964803729e+06
8.427703320998175792e-06 4.539226216750957832e+00 2.827186394390011672e+06
8.424101971054163526e-06 4.538808338430011524e+00 2.829668540395230986e+06
8.421017639303235745e-06 4.538831512721390737e+00 2.832031148399633821e+06
8.418413538824626733e-06 4.539222914539013942e+00 2.834249959683297202e+06
8.416252212036063352e-06 4.539913384207758362e+00 2.836303463992365636e+06
8.431969240973031772e-06 4.539974123183344368e+00 2.837633168176905252e+06
8.440338519115409054e-06 4.539812772265579000e+00 2.838516370358107146e+06
8.447225872344520518e-06 4.539536642829673951e+00 2.839031005979794078e+06
8.486054851467460296e-06 4.537588931454031638e+00 2.838217367798939347e+06
8.507785538558427585e-06 4.534989238807995093e+00 2.836728721495168284e+06
8.525281083930782929e-06 4.532083055461086474e+00 2.834774297832132317e+06
8.575490114688120910e-06 4.527362141892719016e+00 2.831411287344468758e+06
8.600560465476170927e-06 4.522306920544584941e+00 2.827569073974381201e+06
8.620274767539108437e-06 4.517345465405964156e+00 2.823494984592136461e+06
8.670724263153126908e-06 4.511089569610742700e+00 2.818313486112600658e+06
8.690874290874016662e-06 4.505251478018511335e+00 2.813090969426915050e+06
8.706199001063402794e-06 4.500191738080605575e+00 2.808026805609284900e+06
8.748169331540400428e-06 4.494684836164429598e+00 2.802347190324856900e+06
8.748522553253523036e-06 4.490902965396024626e+00 2.797402535434092861e+06
8.747718930506135187e-06 4.488896985580574039e+00 2.793200346594129689e+06
8.773350225261035971e-06 4.487327002675512766e+00 2.788908113754635677e+06
8.757622095392397345e-06 4.488220295161831963e+00 2.785792446016435977e+06
8.744138697443734235e-06 4.491346101780366418e+00 2.783697626816212200e+06
8.752444293849667958e-06 4.495484430087727468e+00 2.781882106877732556e+06
8.724122560600572332e-06 4.502323638032757813e+00 2.781409771310645621e+06
8.701024814024321507e-06 4.511394462426467911e+00 2.781994638785529416e+06
8.694859620941032451e-06 4.521630059865957563e+00 2.783008724280587863e+06
8.659810428973917427e-06 4.534268496215124067e+00 2.785247247097063344e+06
8.631923211532682841e-06 4.548686294438768485e+00 2.788349637813068926e+06
8.615786710691377960e-06 4.564022867428904284e+00 2.791833195743049961e+06
8.576439067181208410e-06 4.581200963473979648e+00 2.796308768263441045e+06
8.545635146295655352e-06 4.599489048806593594e+00 2.801369255196015816e+06
8.524005913322139122e-06 4.618126397024361118e+00 2.806610129497540649e+06
8.500633917670898885e-06 4.636951767116122447e+00 2.811993112324441317e+06
8.483303429667330884e-06 4.655421007951265011e+00 2.817245065449866466e+06
8.471022798383111082e-06 4.673069464496345304e+00 2.822145242287751287e+06
8.462917153057408263e-06 4.689516136066616880e+00 2.826521713972414378e+06
8.458215756434117675e-06 4.704456356532705996e+00 2.830245546917310916e+06
8.456241293961333481e-06 4.717654953891569747e+00 2.833225490679440089e+06
8.456400629980413212e-06 4.728939730356348292e+00 2.835403089576377533e+06
8.458176727578471554e-06 4.738195169753661951e+00 2.836748163459379226e+06
8.461121473001359959e-06 4.745356328934645873e+00 2.837254625692170113e+06
8.464849215188884274e-06 4.750402904826061423e+00 2.836936620867882390e+06
8.469031004187976049e-06 4.753353485867213735e+00 2.835824969755328260e+06
8.473389260614784616e-06 4.754260020055181890e+00 2.833963918508559931e+06
8.477692907174605628e-06 4.753202532789634560e+00 2.831408187232866883e+06
8.481752787949976027e-06 4.750284135253934892e+00 2.828220315806719474e+06
8.485417369244990630e-06 4.745626358792198296e+00 2.824468301958142780e+06
8.488568676058463706e-06 4.739364844921105657e+00 2.820223523906196002e+06
8.491118467046901140e-06 4.731645411758719000e+00 2.815558937024625484e+06
8.493004657806770184e-06 4.722620508853419885e+00 2.810547530451679602e+06
8.494187960331937257e-06 4.712446065369722881e+00 2.805261028283798136e+06
8.494648772223511931e-06 4.701278727166941174e+00 2.799768817066434771e+06
8.494384328699018435e-06 4.689273471004727689e+00 2.794137079737911001e+06
8.493406127016163676e-06 4.676581578186754129e+00 2.788428115267293993e+06
8.491737567063458814e-06 4.663348948152799878e+00 2.782699824674798176e+06
8.489411856261769819e-06 4.649714726366903861e+00 2.777005342878213152e+06
8.486470099794525413e-06 4.635810222187489948e+00 2.771392798586165532e+06
8.482959570386349954e-06 4.621758090471486113e+00 2.765905185288412031e+06
8.478932104240679150e-06 4.607671751887903788e+00 2.760580328651682939e+06
8.474442647877786100e-06 4.593655024516404062e+00 2.755450935687534977e+06
8.469547979716180388e-06 4.579801938642428460e+00 2.750544711523322854e+06
8.464305624372393453e-06 4.566196706700001329e+00 2.745884530108762439e+06
8.458772894153003316e-06 4.552913825241442503e+00 2.741488648457427043e+06
8.453006104462123721e-06 4.540018285037334067e+00 2.737370953572637402e+06
8.456904530161219591e-06 4.527081582794111547e+00 2.733248843051139265e+06
8.457532079671794458e-06 4.514357586211074747e+00 2.729252459568290506e+06
8.456870932365997314e-06 4.501993801550288055e+00 2.725443316066320520e+06
8.476542195790441757e-06 4.489066566554748228e+00 2.721236567343432456e+06
8.484267664548767910e-06 4.476324428371966313e+00 2.717061818243764807e+06
8.489300380755289410e-06 4.464024476010033382e+00 2.713040142698200420e+06
8.513845441664848548e-06 4.451314274940735949e+00 2.708625215667539742e+06
8.518373899363800565e-06 4.439336212813960181e+00 2.704486862589823082e+06
8.520661001904476914e-06 4.428291549295304108e+00 2.700712472221632022e+06
8.539270591767084332e-06 4.417446441892510123e+00 2.696831331248913426e+06
8.533815368865671258e-06 4.408066304025540560e+00 2.693596675637719687e+06
8.528015788114656512e-06 4.400176858469964536e+00 2.690997383761852514e+06
8.532189253878069189e-06 4.393270858824086744e+00 2.688711813721951097e+06
8.513245338583327879e-06 4.388453981099788237e+00 2.687408960052129813e+06
8.496773211415428186e-06 4.385510249848403319e+00 2.686945335184388794e+06
8.487304984984360187e-06 4.383982489659747905e+00 2.687045595745241735e+06
8.457304205250374695e-06 4.384754511597669158e+00 2.688259017357881181e+06
8.432330518774882352e-06 4.387402017144923505e+00 2.690331444390638266e+06
8.412501055565006173e-06 4.391485472674166779e+00 2.693014772459012922e+06
8.394536010224372912e-06 4.396748401711422893e+00 2.696174775857324246e+06
8.380031924598394468e-06 4.402870035021234862e+00 2.699638418508403003e+06
8.368532076304175779e-06 4.409567630705988783e+00 2.703257933925678022e+06
8.359625349192651632e-06 4.416595565357793518e+00 2.706908790131863672e+06
8.352941997297584574e-06 4.423742039666631598e+00 2.710487284183942713e+06
8.348149953842805407e-06 4.430826119740571833e+00 2.713908367550610565e+06
8.344951564714302665e-06 4.437695042457885819e+00 2.717103663279125933e+06
8.343080664279507275e-06 4.444221731429444766e+00 2.720019646208001766e+06
8.342299939271689669e-06 4.450302483971400491e+00 2.722615964972633868e+06
8.342398555273577987e-06 4.455854799514863629e+00 2.724863889679503627e+06
8.343189987739934319e-06 4.460815329685854813e+00 2.726744874030229636e+06
8.344510037702190515e-06 4.465137936467306723e+00 2.728249223459302448e+06
8.346215005089694788e-06 4.468791850072306282e+00 2.729374863105597906e+06
8.348179992353958357e-06 4.471759922248968344e+00 2.730126201139053330e+06
8.350297303412287754e-06 4.474036974248898346e+00 2.730513084429499228e+06
8.352474931773100399e-06 4.475628239610729864e+00 2.730549843624132685e+06
8.354635139225326972e-06 4.476547902118186428e+00 2.730254424663290381e+06
8.365696006218603453e-06 4.476378414481141377e+00 2.729379740235192236e+06
8.370800696740455401e-06 4.475477221144871898e+00 2.728149934541535098e+06
8.375125039073652437e-06 4.473936063369575500e+00 2.726619353689116891e+06
8.398746962483501276e-06 4.470858682230477221e+00 2.724241521190141328e+06
8.410355505829311150e-06 4.466974816534087900e+00 2.721460255861524493e+06
8.419662936995440166e-06 4.462510517143933875e+00 2.718397903370229062e+06
8.452839859859087547e-06 4.456396308090336156e+00 2.714391879744424950e+06
8.467214150728277116e-06 4.449749075281721922e+00 2.710111895390375052e+06
8.478339504322618693e-06 4.442870067317611138e+00 2.705713654020340648e+06
8.507218516461684927e-06 4.435006034499718197e+00 2.700719158366835676e+06
8.513496453635652108e-06 4.427424845073804960e+00 2.695882960752218496e+06
8.517680052409672408e-06 4.420316092426816112e+00 2.691290642847942654e+06
8.529492115179548661e-06 4.413358702074775763e+00 2.686729165614678524e+06
8.518401618805602221e-06 4.407718535942615645e+00 2.682893083792480174e+06
8.508421703188943604e-06 4.403307994666740832e+00 2.679709213795522694e+06
8.508086877845153859e-06 4.399602243254943978e+00 2.676853017274054699e+06
8.481489231122614402e-06 4.397831835060484806e+00 2.675070455368132796e+06
8.459135738729433302e-06 4.397656497337890436e+00 2.674146923441144172e+06
8.444287776217222768e-06 4.398560498184939327e+00 2.673779150655450765e+06
8.421595074832957480e-06 4.400800453153467018e+00 2.674135259556773584e+06
8.402886634515422147e-06 4.404037663505002698e+00 2.675019757347560488e+06
8.387631378998389333e-06 4.407964602532610243e+00 2.676263579146571457e+06
8.375354094466447511e-06 4.412316772875958470e+00 2.677724496298021171e+06
8.365629870732728537e-06 4.416868483801416723e+00 2.679284071488646325e+06
8.358079274306120734e-06 4.421429087335468466e+00 2.680844947593261488e+06
8.352364106254975433e-06 4.425839579370949295e+00 2.682328413142347708e+06
8.348183635102202993e-06 4.429969495878544272e+00 2.683672201559611131e+06
8.345271218240747887e-06 4.433714052864543120e+00 2.684828492070162203e+06
8.343391267147655000e-06 4.436991491956582045e+00 2.685762087566930801e+06
8.342336498678468935e-06 4.439740604752297592e+00 2.686448750830635894e+06
8.341925263021177911e-06 4.441918424856560854e+00 2.686873689493432175e+06
8.341999403669544372e-06 4.443498059115556842e+00 2.687030169179793447e+06
8.342422085309231738e-06 4.444466661039228050e+00 2.686918252251563594e+06
8.343075915733007687e-06 4.444823534676320520e+00 2.686543650890328456e+06
8.343861165065491220e-06 4.444578368475810670e+00 2.685916689471994992e+06
8.344694076905441820e-06 4.443749598739013429e+00 2.685051371402007528e+06
8.345505249830497866e-06 4.442362902571826311e+00 2.683964545977999456e+06
8.346238159080633152e-06 4.440449816573520891e+00 2.682675168793164194e+06
8.346847738183876898e-06 4.438046480496786295e+00 2.681203651137843262e+06
8.347299080636106232e-06 4.435192501113852437e+00 2.679571292052880861e+06
8.347566236884772760e-06 4.431929932432514541e+00 2.677799787284467835e+06
8.347631116944464742e-06 4.428302367100742210e+00 2.675910809007614851e+06
8.347482486058969070e-06 4.424354133984904180e+00 2.673925650579147972e+06
8.347115035079724963e-06 4.420129597246080344e+00 2.671864931049176957e+06
8.346528517827797301e-06 4.415672551865966966e+00 2.669748354376932140e+06
8.345726939038438337e-06 4.411025710672165090e+00 2.667594518720629159e+06
8.344717821314258618e-06 4.406230275672543328e+00 2.665420770291083492e+06
8.343511555616265089e-06 4.401325585944604768e+00 2.663243096348850988e+06
8.342120824518629250e-06 4.396348834982302556e+00 2.661076052515090443e+06
8.340560085139830078e-06 4.391334851167283837e+00 2.658932720179353841e+06
8.338845106271488072e-06 4.386315935334282656e+00 2.656824690128727350e+06
8.354466752962511387e-06 4.380484651820192532e+00 2.654254848479480483e+06
8.365912017442534579e-06 4.374149865611252963e+00 2.651402653623530641e+06
8.374783823977438889e-06 4.367545833541893074e+00 2.648391643477338366e+06
8.413100192609792389e-06 4.359364486489027080e+00 2.644410962286252994e+06
8.436792171335881523e-06 4.350535404247759530e+00 2.640008137208386790e+06
8.455264900574480943e-06 4.341504344103568336e+00 2.635418701982498635e+06
8.501088260665064851e-06 4.331134983728047949e+00 2.629923933199429419e+06
8.520576398189734889e-06 4.320936145174891330e+00 2.624414293007806875e+06
8.535126948323617146e-06 4.311309040469294196e+00 2.619090784079283010e+06
8.564934179476757091e-06 4.301647307117855590e+00 2.613556143885947764e+06
8.563810643245422532e-06 4.293547531447707399e+00 2.608756003183264285e+06
8.561489407323777823e-06 4.287086191890542075e+00 2.604703610485882498e+06
8.576330085386943416e-06 4.281436457401981421e+00 2.600881938415036537e+06
8.556092853416481369e-06 4.278256444822840621e+00 2.598288169011194259e+06
8.538552516694043542e-06 4.277309783850722802e+00 2.596759476555274799e+06
8.532729922071233324e-06 4.277903028746161240e+00 2.595877882621908095e+06
8.495964844041101010e-06 4.281369904925912628e+00 2.596459172672708519e+06
8.465583638605512554e-06 4.287186013929688677e+00 2.598186485502545256e+06
8.446000157332895535e-06 4.294602990652922614e+00 2.600629217158949003e+06
8.410907023987283790e-06 4.304154000013769910e+00 2.604135784340324812e+06
8.382677292127330666e-06 4.315267616541112794e+00 2.608382960807905532e+06
8.363733847747983167e-06 4.327262352712825333e+00 2.612994900752439164e+06
8.344469491066469933e-06 4.339957596524600447e+00 2.617900229334631935e+06
8.329758273555586698e-06 4.352951615112422346e+00 2.622892333237889223e+06
8.318918934932961428e-06 4.365894909511180089e+00 2.627799215680109337e+06
8.311344588175314548e-06 4.378492244918171572e+00 2.632481213720125612e+06
8.306495264887274403e-06 4.390497891140046072e+00 2.636827418541891035e+06
8.303891501174167554e-06 4.401711267156509955e+00 2.640752419240136631e+06
8.303108748782113099e-06 4.411972883122296629e+00 2.644193313999244478e+06
8.303772443885115657e-06 4.421160507761400460e+00 2.647106950348008890e+06
8.305553585693093414e-06 4.429185516446475290e+00 2.649467369547275361e+06
8.308164759804475565e-06 4.435989393009039716e+00 2.651263437975455076e+06
8.311356495417615198e-06 4.441540374550980275e+00 2.652496655625135638e+06
8.314913912742950667e-06 4.445830237729945900e+00 2.653179135025651660e+06
8.318653619502206753e-06 4.448871231117071723e+00 2.653331745956361759e+06
8.322420831517612520e-06 4.450693161539899023e+00 2.652982422019507736e+06
8.336076881172095919e-06 4.450853969729839044e+00 2.651874658675695769e+06
8.342142064176758250e-06 4.449819763880596746e+00 2.650290393062063958e+06
8.347402225727097139e-06 4.447710032563352733e+00 2.648295350507788360e+06
8.372781474623751716e-06 4.443619857680771723e+00 2.645346212913656607e+06
8.385998309117352555e-06 4.438317158009506436e+00 2.641893898742232472e+06
8.396623815031432431e-06 4.432077170820535095e+00 2.638080424190542195e+06
8.428252307262489739e-06 4.424010913582678839e+00 2.633358034998014569e+06
8.442104075302275237e-06 4.415202336072847622e+00 2.628352913228816353e+06
8.452705018263870004e-06 4.405974751930823885e+00 2.623223273852716666e+06
8.484334027217749408e-06 4.395449809190965063e+00 2.617419254135806113e+06
8.492755829398789880e-06 4.384957959493892332e+00 2.611707572969436180e+06
8.498513861543552286e-06 4.374757137958154019e+00 2.606202709657715168e+06
8.526324241645056410e-06 4.363886687237183537e+00 2.600305085883624852e+06
8.527126871239273066e-06 4.353803689781337027e+00 2.594858487416869961e+06
8.526505730296840842e-06 4.344645665666987178e+00 2.589907747653130908e+06
8.550296180902551953e-06 4.335288868479769242e+00 2.584761064435680397e+06
8.545440239978386920e-06 4.327206805054002459e+00 2.580278697124373168e+06
8.540276755822263859e-06 4.320430858939372065e+00 2.576447966376481112e+06
8.561772405484275502e-06 4.313689220045175077e+00 2.572495843598715495e+06
8.554632054153732065e-06 4.308408140370278971e+00 2.569262284288238268e+06
8.547826168833919799e-06 4.304555572546961528e+00 2.566703441984603647e+06
8.567669285629917660e-06 4.300834852868780978e+00 2.564038438170139678e+06
8.558922527848075216e-06 4.298635507962845992e+00 2.562092001376900822e+06
8.551092588740698939e-06 4.297871478556076319e+00 2.560794810722746421e+06
8.567611929344885879e-06 4.297330784505462020e+00 2.559423797710288782e+06
8.555175403415420197e-06 4.298384802584060083e+00 2.558798576404096093e+06
8.544667850192997897e-06 4.300864827924973710e+00 2.558808064862488303e+06
8.558085415505933192e-06 4.303546014232250805e+00 2.558730453170961235e+06
8.542182150138294197e-06 4.307788273628149867e+00 2.559384655269885436e+06
8.529203721354434856e-06 4.313345888940892436e+00 2.560621356885807589e+06
8.537222462966786182e-06 4.319100328365532704e+00 2.561791133037354331e+06
8.517822952015559397e-06 4.326292460282081365e+00 2.563647335852187127e+06
8.502355681075657583e-06 4.334599375516961395e+00 2.566003692960747052e+06
8.506546514630399780e-06 4.342937285901954603e+00 2.568240853467942681e+06
8.487134897788794647e-06 4.352351948258505132e+00 2.571001558711886406e+06
8.471984883472568001e-06 4.362496252084554271e+00 2.574093466084036976e+06
8.471370592051989139e-06 4.372522278443851107e+00 2.577043722125360742e+06
8.449550492538394409e-06 4.383352391957878957e+00 2.580424186050473247e+06
8.432670366516164972e-06 4.394591562779188720e+00 2.584021416919704527e+06
8.426846905531823763e-06 4.405545724869250890e+00 2.587459679309240077e+06
8.404709182769395424e-06 4.416894083193767528e+00 2.591169912176266778e+06
8.387740499394947557e-06 4.428228354016827240e+00 2.594937494804341346e+06
8.377693774198122624e-06 4.439059093368133091e+00 2.598510561930881813e+06
8.365031424594826366e-06 4.449402349365551679e+00 2.601932026926781051e+06
8.355885406307470961e-06 4.458979949222429795e+00 2.605068437403632794e+06
8.349625777189858495e-06 4.467563808223911082e+00 2.607816611059500370e+06
8.345699616227051282e-06 4.474979101948286520e+00 2.610101577362363692e+06
8.343623269552703038e-06 4.481098671338235917e+00 2.611872820089891553e+06
8.342975679536298033e-06 4.485837737704917672e+00 2.613100839744932484e+06
8.343392349406471325e-06 4.489148893302371768e+00 2.613774007738356944e+06
8.344559919970631666e-06 4.491017348949752908e+00 2.613895690925510135e+06
8.346211219969660406e-06 4.491456436425421472e+00 2.613481632361582480e+06
8.348120722680233688e-06 4.490503371287466017e+00 2.612557577396749053e+06
8.350100369560279964e-06 4.488215285124240062e+00 2.611157135411273688e+06
8.351995701323698941e-06 4.484665538180121480e+00 2.609319868393774610e+06
8.353682276691874121e-06 4.479940321377832824e+00 2.607089596854917705e+06
8.355062346846132816e-06 4.474135554440095142e+00 2.604512913020520005e+06
8.356061762975939842e-06 4.467354083319500901e+00 2.601637890392567962e+06
8.356627104296487601e-06 4.459703175943643849e+00 2.598512977776749525e+06
8.356723017516130131e-06 4.451292311137104107e+00 2.595186065031160600e+06
8.356329764372119270e-06 4.442231251497863909e+00 2.591703707021330018e+06
8.355440967278538031e-06 4.432628387854652630e+00 2.588110492040344514e+06
8.354061549199889980e-06 4.422589340061171548e+00 2.584448540761981625e+06
8.352205850510491608e-06 4.412215797362916803e+00 2.580757122296674177e+06
8.349895924709001645e-06 4.401604579603221268e+00 2.577072373982253019e+06
8.347160002907116232e-06 4.390846899779718093e+00 2.573427112193023320e+06
8.344031115138384399e-06 4.380027808273177392e+00 2.569850722237701528e+06
8.340545862029954204e-06 4.369225799059773152e+00 2.566369116159837227e+06
8.336743337839999318e-06 4.358512558298222928e+00 2.563004747864163481e+06
8.332664139245308686e-06 4.347952839157483318e+00 2.559776677452689502e+06
8.328349541257727969e-06 4.337604443279743371e+00 2.556700674966033548e+06
8.323840748520873424e-06 4.327518294599507875e+00 2.553789356982465368e+06
8.319178313928694024e-06 4.317738587681616558e+00 2.551052347553242464e+06
8.314401641717651935e-06 4.308302997953084912e+00 2.548496457945963368e+06
8.309548558377959635e-06 4.299242942778261245e+00 2.546125880606516264e+06
8.304654992993174589e-06 4.290583881292513446e+00 2.543942392047346570e+06
8.299754698748512346e-06 4.282345645061631956e+00 2.541945561684655491e+06
8.294879042749361557e-06 4.274542791019660726e+00 2.540132963210285641e+06
8.290056851015545502e-06 4.267184969563989405e+00 2.538500385754314251e+06
8.285314304986576023e-06 4.260277301557567675e+00 2.537042042467862368e+06
8.280674887143928936e-06 4.253820758788100065e+00 2.535750774454487953e+06
8.276159367050919539e-06 4.247812543423640008e+00 2.534618248410899192e+06
8.271785821925772565e-06 4.242246462765834281e+00 2.533635146663615480e+06
8.267569691790202654e-06 4.237113296009604291e+00 2.532791348397464957e+06
8.263523855489801444e-06 4.232401150670649592e+00 2.532076101354719605e+06
8.259658720023260433e-06 4.228095806959459857e+00 2.531478183585607447e+06
8.255982326480098985e-06 4.224181048471699285e+00 2.530986054788777605e+06
8.252500478193666050e-06 4.220638977543889503e+00 2.530587996690636966e+06
8.249216877665615285e-06 4.217450314435727599e+00 2.530272242323878221e+06
8.246133278940083258e-06 4.214594679318402370e+00 2.530027093935671728e+06
8.243249646682072440e-06 4.212050856611071481e+00 2.529841029533579014e+06
8.240564311463300084e-06 4.209797041694235631e+00 2.529702798368848860e+06
8.238074122779840252e-06 4.207811069969423556e+00 2.529601505635152105e+06
8.235774592565998575e-06 4.206070628609376527e+00 2.529526686863562558e+06
8.233660041420254379e-06 4.204553450753518717e+00 2.529468372148285620e+06
8.231723760067397673e-06 4.203237491473126752e+00 2.529417140055184253e+06
8.229958155566077110e-06 4.202101086431378363e+00 2.529364161964692175e+06
8.228354911443966694e-06 4.201123092808423110e+00 2.529301236786762252e+06
8.226905102730211898e-06 4.200283014780912261e+00 2.529220817617410794e+06
8.225599288167087018e-06 4.199561114562596842e+00 2.529116031213706825e+06
8.224427686121702790e-06 4.198938505360938933e+00 2.528980688294494059e+06
8.223380271222699379e-06 4.198397230431154092e+00 2.528809287272471469e+06
8.223822445230733402e-06 4.197856714701214464e+00 2.528558694353794213e+06
8.222754931823758555e-06 4.197382037142539879e+00 2.528273600697792135e+06
8.221813162252034537e-06 4.196957672871866052e+00 2.527949273998465855e+06
8.240893434549133848e-06 4.195647434354920158e+00 2.527027276376148686e+06
8.252411863410365770e-06 4.193883569870251904e+00 2.525774088007130660e+06
8.261749758168721660e-06 4.191841914410877834e+00 2.524289443532610778e+06
8.293146287795841810e-06 4.188563553826527119e+00 2.521992265657281037e+06
8.308379411378909074e-06 4.184948021341996061e+00 2.519421695635948330e+06
8.320438076997776483e-06 4.181250170441975555e+00 2.516714234465924557e+06
8.351565713727385559e-06 4.176670338228528401e+00 2.513378599930746015e+06
8.361291963261137356e-06 4.172340460621235536e+00 2.510087984186308458e+06
8.368566375066236612e-06 4.168448531360728460e+00 2.506935046328285243e+06
8.388725997406135365e-06 4.164442321866546948e+00 2.503577941641136073e+06
8.383960483033066067e-06 4.161539559621774131e+00 2.500741435300907120e+06
8.379354896756688889e-06 4.159716045762952064e+00 2.498395448950153776e+06
8.382981258435251716e-06 4.158545640644976338e+00 2.496282677467552479e+06
8.361759027644717279e-06 4.159137416838611045e+00 2.495069700331348460e+06
8.343957715795399614e-06 4.161212606284851567e+00 2.494585520374022890e+06
8.330428988610800135e-06 4.164433146729393798e+00 2.494639470753599890e+06
8.304018133388520518e-06 4.169264239650536830e+00 2.495523791396522429e+06
8.282376720145297424e-06 4.175311961176723763e+00 2.497015685696152970e+06
8.264882325431816972e-06 4.182212181193771805e+00 2.498920621979175601e+06
8.250976568094898171e-06 4.189648611989674976e+00 2.501073913120940793e+06
8.240158517701383597e-06 4.197348341331082366e+00 2.503337449683289509e+06
8.231979070414419141e-06 4.205077906284111044e+00 2.505596806351773906e+06
8.226036113607415500e-06 4.212639778611727337e+00 2.507758648009331431e+06
8.221970293174391307e-06 4.219869166782054926e+00 2.509748381700181868e+06
8.219461257217959574e-06 4.226631065274486510e+00 2.511508015259572305e+06
8.218224319320380217e-06 4.232817500054934179e+00 2.512994193206403404e+06
8.218007476055783409e-06 4.238344934431294675e+00 2.514176388396729715e+06
8.218588645140860485e-06 4.243151814632646790e+00 2.515035235815686639e+06
8.219773166932479004e-06 4.247196239200678569e+00 2.515560996706344653e+06
8.221391489571241252e-06 4.250453745013914819e+00 2.515752145340704825e+06
8.223297018641773662e-06 4.252915206784196656e+00 2.515614072403937113e+06
8.225364115514569559e-06 4.254584849603618046e+00 2.515157899974213447e+06
8.227486199031087822e-06 4.255478377195381690e+00 2.514399404470390640e+06
8.229573959618262087e-06 4.255621218046815812e+00 2.513358043513984885e+06
8.231553700825125567e-06 4.255046890660457493e+00 2.512056082014145795e+06
8.233365762272851248e-06 4.253795490647563682e+00 2.510517813666453119e+06
8.234963070622685268e-06 4.251912299148412622e+00 2.508768872425797395e+06
8.236309778593658209e-06 4.249446512973343637e+00 2.506835629246256780e+06
8.237379987519132557e-06 4.246450095648902412e+00 2.504744669139881153e+06
8.238156570830268435e-06 4.242976746517099329e+00 2.502522342864006758e+06
8.238630032481527939e-06 4.239080986631261538e+00 2.500194389032617211e+06
8.238797510468501834e-06 4.234817354202974116e+00 2.497785619435425848e+06
8.238661804206971160e-06 4.230239706982251491e+00 2.495319663478766568e+06
8.238230464962607768e-06 4.225400626085289879e+00 2.492818766647212207e+06
8.237515024847020013e-06 4.220350912165340418e+00 2.490303635910251644e+06
8.236530265066960315e-06 4.215139168850186024e+00 2.487793327826743945e+06
8.235293553669457113e-06 4.209811466470050334e+00 2.485305174423107877e+06
8.233824243484567015e-06 4.204411079332115442e+00 2.482854742338836659e+06
8.232143132760186342e-06 4.198978289568318978e+00 2.480455820873987395e+06
8.230271979888545924e-06 4.193550250960804249e+00 2.478120435000936966e+06
8.228233088690347112e-06 4.188160905536976841e+00 2.475858879229524173e+06
8.226048946069166155e-06 4.182840946819574413e+00 2.473679768935328815e+06
8.223741903183307876e-06 4.177617824095443133e+00 2.471590106188534759e+06
8.221333898500192753e-06 4.172515782204159862e+00 2.469595357336597051e+06
8.218846224798309865e-06 4.167555931513799550e+00 2.467699539766001981e+06
8.216299333786045327e-06 4.162756343342804755e+00 2.465905315623785835e+06
8.213712668041826088e-06 4.158132166785998507e+00 2.464214090716709848e+06
8.211104547178329780e-06 4.153695762037177275e+00 2.462626116266955622e+06
8.208492040026634296e-06 4.149456848502289574e+00 2.461140593115110416e+06
8.205890931818056688e-06 4.145422661446275470e+00 2.459755775228380691e+06
8.203315672078343747e-06 4.141598116358616188e+00 2.458469072532072663e+06
8.200779366147823568e-06 4.137985977520526326e+00 2.457277151525728405e+06
8.198293721009753920e-06 4.134587031534161738e+00 2.456176034582806751e+06
8.195869047686192202e-06 4.131400261589083911e+00 2.455161195995936170e+06
8.193514284370583824e-06 4.128423020417233857e+00 2.454227654024652205e+06
8.191237024351678839e-06 4.125651200871391922e+00 2.453370058688076679e+06
8.189043582928801044e-06 4.123079401669992983e+00 2.452582774191909935e+06
8.186939053475366344e-06 4.120701088309388638e+00 2.451859956278655678e+06
8.184927372353244880e-06 4.118508748186676449e+00 2.451195624252579175e+06
8.183011401204242941e-06 4.116494038904781050e+00 2.450583727303191088e+06
8.181192971025724956e-06 4.114647930765236161e+00 2.450018206058056559e+06
8.179472965505905961e-06 4.112960841303522130e+00 2.449493048435766250e+06
8.177851403636364084e-06 4.111422761782252522e+00 2.449002339897714090e+06
8.176327520458893496e-06 4.110023375534959555e+00 2.448540308264893014e+06
8.174899842717916673e-06 4.108752168211317723e+00 2.448101363346213009e+06
8.173566237096996498e-06 4.107598530921139357e+00 2.447680132201001979e+06
8.172323988203082786e-06 4.106551854657420897e+00 2.447271489310918376e+06
8.171169854234457792e-06 4.105601616951382482e+00 2.446870582402389031e+06
8.170099983334669038e-06 4.104737466474808194e+00 2.446472857604192570e+06
8.169110193484854660e-06 4.103949289311940696e+00 2.446074074371057563e+06
8.168196011233359299e-06 4.103227268930226046e+00 2.445670317108488642e+06
8.167352759146844369e-06 4.102561937691136862e+00 2.445258002408385742e+06
8.166575638739836495e-06 4.101944220377497174e+00 2.444833882205953356e+06
8.165859674651918982e-06 4.101365475537707361e+00 2.444395046609557699e+06
8.165199877163776000e-06 4.100817524996209329e+00 2.443938920724289492e+06
8.164591248144803832e-06 4.100292678998628482e+00 2.443463259883161634e+06
8.164028809448862131e-06 4.099783755794176976e+00 2.442966142826140858e+06
8.163507647919394293e-06 4.099284095161475960e+00 2.442445962524489500e+06
8.163022951477261091e-06 4.098787566514237035e+00 2.441901415048697032e+06
8.162570036454133048e-06 4.098288572173564681e+00 2.441331486877154559e+06
8.162144375670075792e-06 4.097782045957882424e+00 2.440735440747654997e+06
8.161741626430516508e-06 4.097263447376183976e+00 2.440112800245451275e+06
8.161357652221600361e-06 4.096728752170364807e+00 2.439463333486704156e+06
8.160988536506383619e-06 4.096174439904556763e+00 2.438787036226450000e+06
8.160630581438707296e-06 4.095597479469241797e+00 2.438084114881871268e+06
8.160280311397704708e-06 4.094995312304533286e+00 2.437354969358002767e+06
8.159934474455394468e-06 4.094365833485157147e+00 2.436600175793304574e+06
8.159590052051506062e-06 4.093707370434354509e+00 2.435820469080189709e+06
8.159244292803655439e-06 4.093018658462656667e+00 2.435016724634774961e+06
8.158894712337187952e-06 4.092298815154459923e+00 2.434189940520911943e+06
8.158539089860890117e-06 4.091547314029226001e+00 2.433341220084389206e+06
8.158175465090284739e-06 4.090763957642992388e+00 2.432471755132569466e+06
8.157802104351278183e-06 4.089948851646823869e+00 2.431582810519321356e+06
8.157417521272590825e-06 4.089102377435190228e+00 2.430675708652274683e+06
8.157020466756695524e-06 4.088225165048083198e+00 2.429751814831798431e+06
8.156609895580183657e-06 4.087318067494771334e+00 2.428812524089319631e+06
8.156184997804311613e-06 4.086382133733315491e+00 2.427859247732975986e+06
8.155745166545075282e-06 4.085418583350644006e+00 2.426893401394165121e+06
8.155289979045106882e-06 4.084428782325222329e+00 2.425916394176361617e+06
8.154819172312683829e-06 4.083414220130244132e+00 2.424929619014082476e+06
8.154332633941980375e-06 4.082376487544687294e+00 2.423934443826093338e+06
8.153830427493473048e-06 4.081317254011280760e+00 2.422932202642889228e+06
8.153312737452406516e-06 4.080238248214864250e+00 2.421924188761499710e+06
8.152779854763320764e-06 4.079141239815578857e+00 2.420911648806477431e+06
8.152232243759106506e-06 4.078028019198357335e+00 2.419895775634023827e+06
8.151670467999218446e-06 4.076900381546824548e+00 2.418877703745630570e+06
8.151095148125742418e-06 4.075760113408189333e+00 2.417858506301814225e+06
8.150506950866612271e-06 4.074608980385765022e+00 2.416839192808038089e+06
8.149906580218149353e-06 4.073448715872264536e+00 2.415820707375333179e+06
8.149294763635279591e-06 4.072281011053473954e+00 2.414803927667481825e+06
8.148672251867541139e-06 4.071107505602654442e+00 2.413789664153054822e+06
8.148039843915112760e-06 4.069929778115114694e+00 2.412778659022004809e+06
8.147398380890013693e-06 4.068749337803112098e+00 2.411771585622076876e+06
8.146748739180544385e-06 4.067567617417963355e+00 2.410769048403446563e+06
8.146091810642912793e-06 4.066385967874657226e+00 2.409771583676595241e+06
8.145428490897039850e-06 4.065205654126082813e+00 2.408779660921236500e+06
8.144759676260688132e-06 4.064027851884790543e+00 2.407793684387953021e+06
8.144086251526491834e-06 4.062853645565471794e+00 2.406813995188594330e+06
8.143409100413040593e-06 4.061684026439881023e+00 2.405840873306239955e+06
8.142729037206183242e-06 4.060519894265545382e+00 2.404874541418878827e+06
8.142046836959330243e-06 4.059362057754206887e+00 2.403915167965774424e+06
8.141363237456881142e-06 4.058211235427778618e+00 2.402962870204070583e+06
8.140678945929908351e-06 4.057068056662160416e+00 2.402017717141373549e+06
8.139994657270223401e-06 4.055933062653990007e+00 2.401079732125543989e+06
8.139311048668621120e-06 4.054806708422121986e+00 2.400148895686654374e+06
8.138628765160885802e-06 4.053689366095842850e+00 2.399225148823881056e+06
8.137948404634144216e-06 4.052581329217433748e+00 2.398308396645824891e+06
8.137270509443904199e-06 4.051482817499876710e+00 2.397398512123713735e+06
8.136595539426710812e-06 4.050393982707405804e+00 2.396495340409259778e+06
8.135923931842870617e-06 4.049314911725181432e+00 2.395598701406855602e+06
8.135256055137339828e-06 4.048245631821630219e+00 2.394708393519216683e+06
8.134592191507296666e-06 4.047186116561766411e+00 2.393824197696726304e+06
8.133932498974165922e-06 4.046136293065205614e+00 2.392945882244785782e+06
8.133277098482604066e-06 4.045096045219204406e+00 2.392073205135685392e+06
8.132626067665887830e-06 4.044065217392211586e+00 2.391205916417605709e+06
8.131979496057242885e-06 4.043043616124702311e+00 2.390343759186481591e+06
8.131337506773101236e-06 4.042031011637580384e+00 2.389486470097064041e+06
8.130700229396889799e-06 4.041027140929149830e+00 2.388633780612084083e+06
8.130067767256641620e-06 4.040031712388719498e+00 2.387785419046731200e+06
8.129440205080311943e-06 4.039044409633149257e+00 2.386941112247374840e+06
8.128817534581975448e-06 4.038064898076404674e+00 2.386100588978009298e+06
8.128199750030754600e-06 4.037092826831726988e+00 2.385263580717407167e+06
8.127586855789177396e-06 4.036127830653112980e+00 2.384429822293843143e+06
8.133083360256416241e-06 4.034896627519131584e+00 2.383437846274376847e+06
8.134779950438905295e-06 4.033596268624696890e+00 2.382404242629782297e+06
8.136078209529381148e-06 4.032262762366051412e+00 2.381346874400307424e+06
8.158803796111691809e-06 4.029951865490053464e+00 2.379706335166985169e+06
8.171322403730809934e-06 4.027226533551536036e+00 2.377814111655130517e+06
8.181356745340486318e-06 4.024286859932061589e+00 2.375774849603200331e+06
8.214304200396209247e-06 4.020181550854855956e+00 2.373017201001755893e+06
8.230078837581127684e-06 4.015836808538002067e+00 2.370079589742708020e+06
8.242465670703749328e-06 4.011517032228494095e+00 2.367095929467909969e+06
8.278355564860734946e-06 4.006262574966970469e+00 2.363485161101980135e+06
8.291140963326068463e-06 4.001264014916534606e+00 2.359937370950546581e+06
8.300804949123513770e-06 3.996753370990931753e+00 2.356563270884711761e+06
8.332739194499790464e-06 3.991804575226952423e+00 2.352801734411986545e+06
8.336482014203678298e-06 3.987787452863178483e+00 2.349448388261327520e+06
8.338663317032130620e-06 3.984804606607668553e+00 2.346539210037194192e+06
8.359802767953517237e-06 3.982018121176574166e+00 2.343570883190555498e+06
8.351593785679569889e-06 3.980768225287154571e+00 2.341325828934872057e+06
8.344183009343805770e-06 3.980973299686109801e+00 2.339739281370499637e+06
8.351198442763706759e-06 3.981920964463342205e+00 2.338392041266871616e+06
8.330413944211325906e-06 3.984796215401940511e+00 2.337982526574027725e+06
8.313123940934091094e-06 3.989316497158257757e+00 2.338339997775217518e+06
8.306277993101484388e-06 3.994871370112506703e+00 2.339118305441868491e+06
8.276042236643324431e-06 4.002378487647466621e+00 2.340868618534073699e+06
8.251546962727889715e-06 4.011391070040621898e+00 2.343338805646652356e+06
8.235146746421963116e-06 4.021348794864646692e+00 2.346226109653383493e+06
8.207448361433381827e-06 4.032589037008870392e+00 2.349753443178604823e+06
8.185499511519368676e-06 4.044654847553540655e+00 2.353678406417215243e+06
8.168488293666248593e-06 4.057132679963457278e+00 2.357793288305004127e+06
8.155691224605569306e-06 4.069667946322296004e+00 2.361925501927102450e+06
8.146463646640526634e-06 4.081959714833750752e+00 2.365933701908563729e+06
8.140231613196639350e-06 4.093756009456008371e+00 2.369704324238266796e+06
8.136484946157232362e-06 4.104849544706333120e+00 2.373148460482844617e+06
8.134771226029254021e-06 4.115073776532206296e+00 2.376199003978596535e+06
8.134690529139047306e-06 4.124299187218322338e+00 2.378808024588100147e+06
8.135890757414613876e-06 4.132429751207797430e+00 2.380944342736219987e+06
8.138063460734826565e-06 4.139399549682656776e+00 2.382591283019224647e+06
8.140939982010295513e-06 4.145169521231114373e+00 2.383744596605719533e+06
8.144288027239822108e-06 4.149724339386814620e+00 2.384410541672853753e+06
8.147908423080619866e-06 4.153069424132851850e+00 2.384604118774015922e+06
8.151631993974117033e-06 4.155228099604565628e+00 2.384347459964118898e+06
8.155316813021569250e-06 4.156238899422986854e+00 2.383668363465798087e+06
8.158845624722042264e-06 4.156153030654679448e+00 2.382598970561538823e+06
8.162123365167408556e-06 4.155032008933836174e+00 2.381174582328000106e+06
8.165075023285243110e-06 4.152945464461091696e+00 2.379432606541184243e+06
8.167643294035650006e-06 4.149969139866665380e+00 2.377411638145142701e+06
8.169786605180145818e-06 4.146183071393956254e+00 2.375150660455031320e+06
8.171477243817803704e-06 4.141669955247056834e+00 2.372688360758661758e+06
8.172699565979205368e-06 4.136513698534974637e+00 2.370062553778356872e+06
8.173448378859929351e-06 4.130798147781583829e+00 2.367309703604946844e+06
8.173727425190903485e-06 4.124605989071699064e+00 2.364464536312832497e+06
8.173548006386459249e-06 4.118017810407438972e+00 2.361559734342740383e+06
8.172927694168701020e-06 4.111111317659292830e+00 2.358625705106314737e+06
8.171889189984066061e-06 4.103960691501728597e+00 2.355690414665490855e+06
8.170459233058000354e-06 4.096636076948939831e+00 2.352779280559340958e+06
8.168667692137915958e-06 4.089203189719913922e+00 2.349915113913828973e+06
8.166546685046501599e-06 4.081723031390143142e+00 2.347118106220229995e+06
8.164129843216938104e-06 4.074251699152820372e+00 2.344405852705539670e+06
8.161451656987584182e-06 4.066840279192285301e+00 2.341793406696529128e+06
8.158546900495431463e-06 4.059534813194842329e+00 2.339293359746732283e+06
8.155450118317532951e-06 4.052376328571822839e+00 2.336915943092995323e+06
8.152195200963116285e-06 4.045400922348792783e+00 2.334669145732721779e+06
8.148815029509601286e-06 4.038639889990704113e+00 2.332558845198214054e+06
8.145341180812005227e-06 4.032119891308882487e+00 2.330588947674961295e+06
8.141803640337148961e-06 4.025863148304724248e+00 2.328761535697760992e+06
8.138230638646897519e-06 4.019887665403508059e+00 2.327077019009980839e+06
8.134648471511807984e-06 4.014207469154565722e+00 2.325534287933262065e+06
8.137385008591329841e-06 4.008552967102716913e+00 2.323968597424825653e+06
8.133703368577601173e-06 4.003246062743243350e+00 2.322558871187940240e+06
8.130091472685644236e-06 3.998297285205357987e+00 2.321300899894791190e+06
8.133956979881171206e-06 3.993379008503247452e+00 2.319997816976237111e+06
8.128256288186649217e-06 3.988948566851780786e+00 2.318909646501968615e+06
8.122997558189306590e-06 3.984984851931558936e+00 2.318015244258458726e+06
8.123011469733698223e-06 3.981240892675396825e+00 2.317167455903360154e+06
8.117731089024978814e-06 3.977957527504853541e+00 2.316503913285272662e+06
8.112936723037981153e-06 3.975101444210545676e+00 2.316000790517236106e+06
8.108595501534845667e-06 3.972634039339344447e+00 2.315634590130094439e+06
8.104676074262336178e-06 3.970518590594327879e+00 2.315383629824823234e+06
8.101148501042054233e-06 3.968720218873637684e+00 2.315227952300968114e+06
8.097984182850165083e-06 3.967205854470849946e+00 2.315149240784130991e+06
8.095155819163523888e-06 3.965944205563280089e+00 2.315130738894414157e+06
8.092637376758415811e-06 3.964905727946764102e+00 2.315157174018691760e+06
8.090404027637293158e-06 3.964062596532588412e+00 2.315214684419875965e+06
8.088432140727445918e-06 3.963388676142518996e+00 2.315290748440669850e+06
8.086699194643875746e-06 3.962859493472555172e+00 2.315374117122108117e+06
8.085183765777017608e-06 3.962452206724980552e+00 2.315454748240069486e+06
8.083865496858276461e-06 3.962145573548479405e+00 2.315523742011245340e+06
8.082725076661858457e-06 3.961919916551974730e+00 2.315573278059131932e+06
8.116732547665158189e-06 3.960218699193929659e+00 2.314697385898977984e+06
8.143443122395429044e-06 3.957508722914955701e+00 2.313173805518149398e+06
8.165221640902067135e-06 3.954165101530582760e+00 2.311207375433300622e+06
8.232549268772409293e-06 3.948332688848733341e+00 2.307700328004151117e+06
8.279256993309460768e-06 3.941240449718983907e+00 2.303360009538359009e+06
8.316572032956325082e-06 3.933586341251195773e+00 2.298557123022174463e+06
8.402105179285042504e-06 3.923523863297816217e+00 2.292182147393960040e+06
8.451427506508389732e-06 3.913026879527353508e+00 2.285363147955161054e+06
8.489827578582769994e-06 3.902864698184751902e+00 2.278496949538775720e+06
8.574876558302889387e-06 3.891276065600801637e+00 2.270518128136957064e+06
8.606746007827605221e-06 3.880878562995154990e+00 2.262925094670659397e+06
8.630354980291211778e-06 3.872199942894528846e+00 2.255970303379009943e+06
8.690640324222953910e-06 3.863790245573085258e+00 2.248778463239871897e+06
8.689002006970259322e-06 3.858418553326544931e+00 2.242939151387349237e+06
8.685713531434274397e-06 3.856119984353995722e+00 2.238428735006408766e+06
8.707812756751601117e-06 3.855726637799650636e+00 2.234555700118281413e+06
8.669692800617565274e-06 3.859701443441375002e+00 2.232740042336924467e+06
8.637829423096345148e-06 3.867540718250755294e+00 2.232666463091688231e+06
8.621757507698299357e-06 3.878294211932903579e+00 2.233794934797477443e+06
8.553778262877900817e-06 3.893909425345198017e+00 2.237259279303946067e+06
8.498925170309129431e-06 3.913430759941356030e+00 2.242512477963591460e+06
8.456381457287386435e-06 3.935914680099906526e+00 2.249048943990590516e+06
8.379706756741569666e-06 3.962467226179816393e+00 2.257539124108104501e+06
8.318973734231830487e-06 3.991924457886912414e+00 2.267354822057036683e+06
8.273489867942132988e-06 4.023147936997218288e+00 2.277913109625327401e+06
8.227903483169600202e-06 4.055736295622640597e+00 2.289056409922257997e+06
8.193572233992449196e-06 4.088788636943490040e+00 2.300347505491815042e+06
8.168746396590176542e-06 4.121512953678897695e+00 2.311421353918601759e+06
8.151888910270751161e-06 4.153231591125687849e+00 2.321980364701528568e+06
8.141646740819654979e-06 4.183373184718029769e+00 2.331787378354423214e+06
8.158865790738897044e-06 4.210438614149162539e+00 2.340088590157027822e+06
8.175442448818140160e-06 4.234370844048543248e+00 2.346933513386370614e+06
8.192388678749749011e-06 4.255124747699242427e+00 2.352359001352295280e+06
8.257555743372473007e-06 4.270433366066551883e+00 2.355168778653318994e+06
8.311712085284372762e-06 4.281063008268134240e+00 2.355839384353570174e+06
8.358023366543126541e-06 4.287681817635681014e+00 2.354753679504632484e+06
8.446755933467308379e-06 4.288590068891691587e+00 2.350985464617795777e+06
8.507190394662011450e-06 4.285614478697008067e+00 2.345538217719218694e+06
8.556559329455643280e-06 4.279714415791001869e+00 2.338901676717172377e+06
8.639249794350043366e-06 4.269726909211572163e+00 2.330406926146876067e+06
8.671136483123917713e-06 4.258507883028997298e+00 2.321577788278486580e+06
8.695765159971135304e-06 4.246702062485127271e+00 2.312702993968565483e+06
8.744508650710905987e-06 4.233426548323316219e+00 2.303258175512319896e+06
8.735783038456565111e-06 4.221587127514428772e+00 2.294783296660692431e+06
8.727008731937010777e-06 4.211235947380851385e+00 2.287249165220615920e+06
8.733815859471927965e-06 4.201644112768631700e+00 2.280230094678489026e+06
8.689848047223483414e-06 4.195129389734503000e+00 2.274957764602799434e+06
8.652832417939863250e-06 4.191195568610917022e+00 2.271129100852561183e+06
8.626071514460242223e-06 4.189162641770273865e+00 2.268369666470174212e+06
8.561243579911632004e-06 4.190583068006311862e+00 2.267516925562797114e+06
8.507976488165201019e-06 4.194612349597586665e+00 2.268108333183258306e+06
8.464513803849671675e-06 4.200483661264757806e+00 2.269747807951920666e+06
8.408031076815623565e-06 4.208527087350645957e+00 2.272634119656959549e+06
8.362234311967003952e-06 4.217941935981751378e+00 2.276355214351694100e+06
8.325513053768042863e-06 4.228026199870414281e+00 2.280564309145811014e+06
8.296462249347231690e-06 4.238192667884535858e+00 2.284976905512926169e+06
8.273853865603409682e-06 4.247956253223255985e+00 2.289362778779816814e+06
8.256613770508355762e-06 4.256923149453439414e+00 2.293539106561187655e+06
8.243802970901903035e-06 4.264781267395296283e+00 2.297364451901513617e+06
8.234601658998653311e-06 4.271291600926519827e+00 2.300733417421464808e+06
8.236184382788871758e-06 4.275908871695157210e+00 2.303371768418302294e+06
8.238662335964377348e-06 4.278618576797832418e+00 2.305287063694779295e+06
8.241732813868890345e-06 4.279451233495923823e+00 2.306502336316486821e+06
8.269938936902298466e-06 4.277299080474341153e+00 2.306422268721342552e+06
8.289913382240926321e-06 4.272758281713644912e+00 2.305365563669040333e+06
8.306572350411651324e-06 4.266199121410203965e+00 2.303511722582644317e+06
8.340431697697539158e-06 4.257017144682945897e+00 2.300512265993554145e+06
8.356400440006863566e-06 4.246329891257634159e+00 2.296946272088634316e+06
8.368857861660336682e-06 4.234522686550547199e+00 2.292985194280569907e+06
8.391356537523588359e-06 4.221315714874936731e+00 2.288445592656329274e+06
8.387438004763211151e-06 4.208149242955780522e+00 2.284076579284064472e+06
8.383034384127165307e-06 4.195150226910937974e+00 2.279909913616832346e+06
8.381787593835349125e-06 4.182238713375176609e+00 2.275877180290417746e+06
8.354968187625730718e-06 4.170654050061174622e+00 2.272629712763682008e+06
8.331739256793759115e-06 4.160182903328417225e+00 2.270028491585998330e+06
8.311575179359716290e-06 4.150616400237244541e+00 2.267950649541663472e+06
8.286104075962783197e-06 4.142141713563591843e+00 2.266490614646818489e+06
8.264244925094117877e-06 4.134516591119340667e+00 2.265508866764630191e+06
8.245493991445822230e-06 4.127528964443984982e+00 2.264886732022673357e+06
8.229408128071906514e-06 4.121003611622223950e+00 2.264525761058161967e+06
8.215598002235070184e-06 4.114797425005703779e+00 2.264345016592240892e+06
8.203722217087785996e-06 4.108795228987121462e+00 2.264278694738536607e+06
8.193482033363270336e-06 4.102906068918950488e+00 2.264274032417810522e+06
8.184616823536730996e-06 4.097059899494718493e+00 2.264289457607992925e+06
8.191225310004372531e-06 4.090557492211536861e+00 2.263934794443916064e+06
8.196274669344083525e-06 4.083542811514645265e+00 2.263285156594381668e+06
8.200003739504790513e-06 4.076161108270893507e+00 2.262408829797136132e+06
8.236858412238762689e-06 4.067004577721088587e+00 2.260511119581170846e+06
8.262079039089261965e-06 4.056827073680671525e+00 2.257997040911082644e+06
8.281888456469700850e-06 4.046087648007421933e+00 2.255091314800896216e+06
8.325143821488088929e-06 4.033923996446339366e+00 2.251285716305163689e+06
8.344794944618363276e-06 4.021651974779839378e+00 2.247288918713645078e+06
8.359449116317089150e-06 4.009675044598457028e+00 2.243289418527834583e+06
8.391480619453960677e-06 3.997358401230375780e+00 2.238905380800710060e+06
8.392284963425396756e-06 3.986250615205206849e+00 2.234981218124622013e+06
8.391339127970083727e-06 3.976483295041716826e+00 2.231560622625769582e+06
8.401406515366722662e-06 3.967581209917060203e+00 2.228362251070525963e+06
8.374434531556461503e-06 3.961185317678428408e+00 2.226296970592911821e+06
8.351083320498407764e-06 3.957021154635455673e+00 2.225196120975560509e+06
8.336366683237297849e-06 3.954562833808666689e+00 2.224769237646492664e+06
8.295704339949912516e-06 3.954818332936041791e+00 2.225591262365047820e+06
8.261828854391824832e-06 3.957274461977083657e+00 2.227379558838045690e+06
8.234839780474890089e-06 3.961405735362708569e+00 2.229860315458395053e+06
8.200849041054428457e-06 3.967325829827847095e+00 2.233120942972043529e+06
8.173118990345171222e-06 3.974544947814124374e+00 2.236909139822392724e+06
8.150797254604532868e-06 3.982624173131380729e+00 2.241008146174725145e+06
8.133125542696194814e-06 3.991185291010779235e+00 2.245235883721923456e+06
8.119428774831830519e-06 3.999904764960990455e+00 2.249441082511787303e+06
8.109106030830038987e-06 4.008508519517467228e+00 2.253499874780790415e+06
8.101622818191642097e-06 4.016767326019899720e+00 2.257312755518896040e+06
8.096504507099523668e-06 4.024492637347504065e+00 2.260801834443279076e+06
8.093330582523298918e-06 4.031532765490266179e+00 2.263908328495211434e+06
8.091729601339502748e-06 4.037769325344832794e+00 2.266590258035338018e+06
8.091374735400539523e-06 4.043113892338935145e+00 2.268820321006335784e+06
8.100047479995445317e-06 4.047142311598078024e+00 2.270380554932891857e+06
8.107207730638504392e-06 4.049952261691819544e+00 2.271343658103856258e+06
8.113808811929828745e-06 4.051611181985630417e+00 2.271758331896637566e+06
8.138871317398739218e-06 4.051335508668461038e+00 2.271193991169592831e+06
8.154105188701534887e-06 4.049701556034775329e+00 2.269980581088943873e+06
8.166820901973392266e-06 4.046943554663697817e+00 2.268243357133900281e+06
8.192432541333527585e-06 4.042588725185489729e+00 2.265712355457580183e+06
8.201198649693191442e-06 4.037551389229763643e+00 2.262893848553044721e+06
8.208049543359332399e-06 4.032021579728750638e+00 2.259878558611567132e+06
8.222960158005285041e-06 4.025717687086413754e+00 2.256498609437443782e+06
8.217119496441216135e-06 4.019669826830380543e+00 2.253321320040892810e+06
8.211683012914394383e-06 4.013885293825561362e+00 2.250335117675195914e+06
8.210653819914927180e-06 4.008169070080007224e+00 2.247424523871187586e+06
8.190306127358256029e-06 4.003393160173866150e+00 2.245072872101802845e+06
8.172974510206020015e-06 3.999360569858879444e+00 2.243161936551394872e+06
8.158958000921552625e-06 3.995848843298807296e+00 2.241569553143598139e+06
8.145799230494502033e-06 3.992761266158952438e+00 2.240244417470469140e+06
8.134622337943672670e-06 3.989958593471421011e+00 2.239111043423312251e+06
8.125142898541106570e-06 3.987323581194684330e+00 2.238106842376292683e+06
8.117108964925258641e-06 3.984760066609468687e+00 2.237180824856235646e+06
8.110297896873693390e-06 3.982190528915902750e+00 2.236292102362607140e+06
8.104513520937189433e-06 3.979553874632792976e+00 2.235408546591282357e+06
8.099583554373612448e-06 3.976803421502560720e+00 2.234505588019926567e+06
8.095357338999628965e-06 3.973905057076676517e+00 2.233565137249558698e+06
8.091703762970714849e-06 3.970835557013575379e+00 2.232574617499903310e+06
8.088509349718807901e-06 3.967581051014086313e+00 2.231526098421261646e+06
8.085676512989286061e-06 3.964135625712181810e+00 2.230415522323553916e+06
8.083121936045745400e-06 3.960500056366979660e+00 2.229242015577005688e+06
8.080775083743876324e-06 3.956680659255188193e+00 2.228007278182412498e+06
8.078576842323122417e-06 3.952688257332197974e+00 2.226715045013946481e+06
8.076478247937945903e-06 3.948537253165741667e+00 2.225370613368712366e+06
8.074439308178641800e-06 3.944244802877372891e+00 2.223980431533373892e+06
8.072427941154497564e-06 3.939830083673995009e+00 2.222551742643120699e+06
8.070418993230736460e-06 3.935313649336601216e+00 2.221092279246208258e+06
8.068393378613517001e-06 3.930716866322771619e+00 2.219610003151004203e+06
8.066337262667099459e-06 3.926061426242749786e+00 2.218112887077671476e+06
8.064241327152644128e-06 3.921368928468323301e+00 2.216608733787574340e+06
8.062100093969677900e-06 3.916660527832116490e+00 2.215105029142793734e+06
8.059911336486740862e-06 3.911956640529477003e+00 2.213608824766232632e+06
8.057675505891709203e-06 3.907276705091239144e+00 2.212126648157867137e+06
8.055395238262721535e-06 3.902638991853382144e+00 2.210664436349842232e+06
8.053074881207583917e-06 3.898060457221510067e+00 2.209227490956849419e+06
8.050720138814580415e-06 3.893556634882819445e+00 2.207820450152440928e+06
8.048337724984510344e-06 3.889141561391932012e+00 2.206447276107168756e+06
8.045935073380191562e-06 3.884827731495846148e+00 2.205111255287775770e+06
8.043520115520977313e-06 3.880626078385520650e+00 2.203815008915301878e+06
8.041101007573305700e-06 3.876545978906926759e+00 2.202560513825798873e+06
8.038685947437748065e-06 3.872595277875314768e+00 2.201349130589721724e+06
8.036283004726741780e-06 3.868780329173138632e+00 2.200181637783582322e+06
8.033899995156886962e-06 3.865106050160521445e+00 2.199058270644219592e+06
8.031544365795829796e-06 3.861575987436904001e+00 2.197978763242602814e+06
8.029223123939055720e-06 3.858192390780042835e+00 2.196942392598580569e+06
8.026942757537027523e-06 3.854956294449238818e+00 2.195948024538225029e+06
8.024709155401127568e-06 3.851867604839944281e+00 2.194994160928226076e+06
8.022527628707088398e-06 3.848925189211980680e+00 2.194078985443422571e+06
8.020402781910607146e-06 3.846126971177314058e+00 2.193200411393775605e+06
8.018338549747186321e-06 3.843470024773935734e+00 2.192356127104898449e+06
8.016338217668800961e-06 3.840950667290558229e+00 2.191543639182671439e+06
8.014404360977581495e-06 3.838564553742453089e+00 2.190760315548315644e+06
8.012538895865422141e-06 3.836306767534336970e+00 2.190003425282299519e+06
8.010743091053858537e-06 3.834171908647099780e+00 2.189270176240315661e+06
8.009017649139154663e-06 3.832154176218980801e+00 2.188557748735433444e+06
8.007362742523679321e-06 3.830247447388902771e+00 2.187863326493140776e+06
8.005778083107803451e-06 3.828445350876529041e+00 2.187184124090666883e+06
8.004262905914920280e-06 3.826741338623239397e+00 2.186517413032327779e+06
8.002816091099888780e-06 3.825128749529227878e+00 2.185860543005064130e+06
8.001436102799272196e-06 3.823600872705154252e+00 2.185210963004636578e+06
8.000121068977942361e-06 3.822151004212269498e+00 2.184566238747973461e+06
7.998868817126459949e-06 3.820772499020392399e+00 2.183924067573582288e+06
7.997676910343053412e-06 3.819458818054876303e+00 2.183282290868103504e+06
7.996542688444359691e-06 3.818203570201972763e+00 2.182638904030344449e+06
7.995463313336171438e-06 3.817000549320379132e+00 2.181992064003621228e+06
8.005618237017117728e-06 3.815367204195306172e+00 2.181067666013642214e+06
8.011327467382217332e-06 3.813536934388374267e+00 2.180001227654734161e+06
8.015891902901540621e-06 3.811597413290349845e+00 2.178839055393890012e+06
8.046779181487374660e-06 3.808459768450405569e+00 2.176956285533857066e+06
8.065632089844107456e-06 3.804775374111564190e+00 2.174723802770399954e+06
8.080760746188122952e-06 3.800822566425685611e+00 2.172285085857725702e+06
8.126517036251350675e-06 3.795400982090677111e+00 2.168942314426580444e+06
8.151658332377844737e-06 3.789594662947405990e+00 2.165305209156736266e+06
8.171486594546909584e-06 3.783787326251670358e+00 2.161566550363899209e+06
8.223973124049890107e-06 3.776728353573189256e+00 2.156993239458994474e+06
8.247661546955636005e-06 3.769856582260859845e+00 2.152391903466366231e+06
8.265861419281335899e-06 3.763547277497922394e+00 2.147944267373362090e+06
8.316662819744183926e-06 3.756541194150980534e+00 2.142911378237366211e+06
8.329949963316685019e-06 3.750591255787741662e+00 2.138277738009350374e+06
8.339442386428497407e-06 3.745931643814881529e+00 2.134144259243799839e+06
8.371090691842387392e-06 3.741668409832475728e+00 2.129986067997059319e+06
8.362497511885467864e-06 3.739536905527244937e+00 2.126780108686926309e+06
8.354379509893114188e-06 3.739461293259656482e+00 2.124460369588238653e+06
8.360970207870424716e-06 3.740734303364537272e+00 2.122621956991593819e+06
8.329101833224916671e-06 3.744877105968690056e+00 2.122128510094392579e+06
8.302627656400416489e-06 3.751477849218156635e+00 2.122739313639181200e+06
8.285892240864790525e-06 3.759917654126888387e+00 2.124117817250623368e+06
8.235485736701018972e-06 3.771413275701343437e+00 2.126967339126210660e+06
8.194662440638008711e-06 3.785272888337503083e+00 2.130909380886780564e+06
8.162500689365794195e-06 3.800832765176167971e+00 2.135603031723070424e+06
8.120173421675525531e-06 3.818260493323228477e+00 2.141177590098590124e+06
8.086728028994274840e-06 3.836887572996932061e+00 2.147293230747588445e+06
8.060892867000906157e-06 3.856113983083565344e+00 2.153659791569946334e+06
8.041542863792258878e-06 3.875422201176371040e+00 2.160035501918529626e+06
8.027680971144068371e-06 3.894369913528147098e+00 2.166221654662265908e+06
8.018423000425570278e-06 3.912583812045897336e+00 2.172057951697601937e+06
8.012985090478383983e-06 3.929754113824826867e+00 2.177418346204682253e+06
8.010673219549459858e-06 3.945629543582028109e+00 2.182207259391270112e+06
8.010874290576839969e-06 3.960012601509403041e+00 2.186356090199711733e+06
8.013048476663102562e-06 3.972755000298755057e+00 2.189819964962714352e+06
8.016722519381882999e-06 3.983753205133962805e+00 2.192574696051161271e+06
8.027858712397221164e-06 3.992660186089659557e+00 2.194457916809862014e+06
8.037659379309999090e-06 3.999567999644224603e+00 2.195544601628438570e+06
8.047103309958159050e-06 4.004543456056693707e+00 2.195887380480237305e+06
8.075080023542608506e-06 4.006822013223642287e+00 2.195078924981819466e+06
8.093383197941921196e-06 4.006991702175142223e+00 2.193449410871326458e+06
8.109066330330303509e-06 4.005319810487130816e+00 2.191138051827413496e+06
8.142050202679511779e-06 4.001177088612593025e+00 2.187792413588431664e+06
8.157747074501021817e-06 3.995551701959591195e+00 2.183941648820929695e+06
8.170464290173262931e-06 3.988747514460948107e+00 2.179727045734284446e+06
8.198683576273565053e-06 3.980224711969258866e+00 2.174832685181101784e+06
8.205473696340360624e-06 3.971135153099071502e+00 2.169866014590774663e+06
8.210268085643242895e-06 3.961698784936273920e+00 2.164914905014384072e+06
8.228216136832328809e-06 3.951438939506400683e+00 2.159694479296756443e+06
8.223153372652191806e-06 3.941507626798044228e+00 2.154810630920036230e+06
8.217934852049251922e-06 3.931971282645484234e+00 2.150268967042058706e+06
8.225618871453160106e-06 3.922299707511524236e+00 2.145759263718932401e+06
8.211332638959464365e-06 3.913522983286487733e+00 2.141826240477475803e+06
8.198549595296193826e-06 3.905571346529300492e+00 2.138407582261055708e+06
8.197553417834016574e-06 3.897909079496117979e+00 2.135196817477764562e+06
8.177746911877931108e-06 3.891366385256465499e+00 2.132637111694622319e+06
8.160622079187644477e-06 3.885777976728985728e+00 2.130622189871808048e+06
8.152506309735107066e-06 3.880692720896864678e+00 2.128899014966156334e+06
8.130286598272505521e-06 3.876691203485894022e+00 2.127781612825285178e+06
8.111460064031422536e-06 3.873550505412008516e+00 2.127140561895321123e+06
8.099026120346796223e-06 3.870913944592421885e+00 2.126780937487148680e+06
8.082388701889643251e-06 3.868909521271817642e+00 2.126774600036241114e+06
8.068404403655468502e-06 3.867358938584466443e+00 2.127023589610109571e+06
8.056701905731701691e-06 3.866104865096291920e+00 2.127444569020655937e+06
8.046951880887385735e-06 3.865016240797619407e+00 2.127968602662605699e+06
8.038862800771019330e-06 3.863985287516609635e+00 2.128539359779558610e+06
8.032177174598965308e-06 3.862924815904063447e+00 2.129111512162180152e+06
8.026668202880540099e-06 3.861765786428514424e+00 2.129649299952631816e+06
8.022136784771837016e-06 3.860455091678824058e+00 2.130125244736598339e+06
8.018408794346352294e-06 3.858953536136632056e+00 2.130518994086174294e+06
8.015332632438383536e-06 3.857233993216844681e+00 2.130816283699096646e+06
8.012777012279291970e-06 3.855279723841142481e+00 2.131008005818919279e+06
8.010628905874392261e-06 3.853082845708029058e+00 2.131089375467523467e+06
8.008791681875741521e-06 3.850642942314291162e+00 2.131059185988030396e+06
8.007183384908419163e-06 3.847965803604256330e+00 2.130919147119348869e+06
8.005735126495848859e-06 3.845062291672516341e+00 2.130673299833588768e+06
8.004389660229848473e-06 3.841947321714461072e+00 2.130327500561568420e+06
8.003100034465775365e-06 3.838638953116477293e+00 2.129888970270697493e+06
8.001828441722484722e-06 3.835157580290713408e+00 2.129365901047359686e+06
8.000545038598278849e-06 3.831525222550249410e+00 2.128767118501905352e+06
7.999226934302832150e-06 3.827764903242195871e+00 2.128101793380935211e+06
7.997857309118108735e-06 3.823900110091945859e+00 2.127379196940941736e+06
7.996424547200338965e-06 3.819954333594591134e+00 2.126608497561875265e+06
7.994921491438193464e-06 3.815950675433622319e+00 2.125798593472389504e+06
7.993344741499876249e-06 3.811911522184120660e+00 2.124957978508407716e+06
7.991694022359860876e-06 3.807858278328136503e+00 2.124094637243262958e+06
7.989971618773255435e-06 3.803811152818463714e+00 2.123215966059859376e+06
7.988181885683396619e-06 3.799788993067422460e+00 2.122328716621633619e+06
7.986330807259255327e-06 3.795809161519082764e+00 2.121438959017646499e+06
7.984425609347204088e-06 3.791887449860314341e+00 2.120552061860096641e+06
7.982474415347177058e-06 3.788038026530117897e+00 2.119672686999388505e+06
7.980485928177871691e-06 3.784273414125683299e+00 2.118804797064403072e+06
7.978469199601128807e-06 3.780604490597365697e+00 2.117951672585058492e+06
7.976433371369419460e-06 3.777040513570493196e+00 2.117115938520636410e+06
7.974387487352685325e-06 3.773589162644609196e+00 2.116299597525592893e+06
7.972340341515084551e-06 3.770256596338593447e+00 2.115504068347106688e+06
7.970300439203600626e-06 3.767047517408240509e+00 2.114730226035280153e+06
7.968275743295222537e-06 3.763965254539152205e+00 2.113978448736043181e+06
7.966273658972188224e-06 3.761011848503803545e+00 2.113248664554601535e+06
7.964300991735333887e-06 3.758188142959982159e+00 2.112540398863874376e+06
7.962363851193062146e-06 3.755493881206884321e+00 2.111852823039105628e+06
7.960467706982281042e-06 3.752927801700169930e+00 2.111184800662458409e+06
7.958617333633892781e-06 3.750487736277368089e+00 2.110534933730001096e+06
7.956816815341557038e-06 3.748170707877145791e+00 2.109901607193571515e+06
7.955069550070371654e-06 3.745973027128774113e+00 2.109283031705399510e+06
7.953378265475349158e-06 3.743890386818323979e+00 2.108677284185942728e+06
7.951745029522403550e-06 3.741917953887203829e+00 2.108082346214330290e+06
7.950171284176934321e-06 3.740050457664031214e+00 2.107496139680058230e+06
7.948657878312420167e-06 3.738282274070855227e+00 2.106916559685780667e+06
7.947205106970789125e-06 3.736607505311044353e+00 2.106341504562728573e+06
7.945812755961889780e-06 3.735020054653212629e+00 2.105768902904623188e+06
7.949167485270831749e-06 3.733317583951971219e+00 2.105086156862646341e+06
7.947901666796362239e-06 3.731708999781145231e+00 2.104412771271079313e+06
7.946691942071822749e-06 3.730193810938708943e+00 2.103747828062595800e+06
7.960570107067864012e-06 3.728138051003097697e+00 2.102735158652435057e+06
7.964923038460772897e-06 3.725998112551291097e+00 2.101634062481752597e+06
7.968287944586999660e-06 3.723852179138499974e+00 2.100482892724218778e+06
7.987971363545110588e-06 3.721042292898326220e+00 2.098908403970915359e+06
7.994414141407086161e-06 3.718206700954739485e+00 2.097269278915171511e+06
7.999358196273387075e-06 3.715458555495358528e+00 2.095619494318124373e+06
8.020303140848019800e-06 3.712162763686714051e+00 2.093596237828426063e+06
8.025486220195584202e-06 3.709063254245606789e+00 2.091615674013270298e+06
8.029264980237747702e-06 3.706260872029333964e+00 2.089722999100288376e+06
8.046892037810617946e-06 3.703200642318950297e+00 2.087600308393470943e+06
8.045956329432636480e-06 3.700717653279429253e+00 2.085714893599325093e+06
8.044668010222759532e-06 3.698833224154975952e+00 2.084068271880873246e+06
8.055357351453004201e-06 3.697035444480383681e+00 2.082370062119675800e+06
8.046677554664444058e-06 3.696148363984979923e+00 2.081084073496009223e+06
8.039134025107396900e-06 3.696084952107872024e+00 2.080155202536662808e+06
8.040911902662589551e-06 3.696400727847382939e+00 2.079336751456400612e+06
8.024979693055628210e-06 3.697801309881330045e+00 2.079030478900281014e+06
8.011709605620267717e-06 3.700091194362591818e+00 2.079127189723985037e+06
8.003588029735191140e-06 3.702960074640635035e+00 2.079462604076181306e+06
7.985896394600320523e-06 3.706728588804415025e+00 2.080227733253769344e+06
7.971449880900296201e-06 3.711154152239152015e+00 2.081295916316957446e+06
7.959824662576861094e-06 3.716012236098521271e+00 2.082556638788761105e+06
7.950638949842056094e-06 3.721108422726884246e+00 2.083916698315596441e+06
7.943549301486715569e-06 3.726275721023291965e+00 2.085298358181507327e+06
7.938247094474294003e-06 3.731372149258492588e+00 2.086637686879081419e+06
7.934455568810119022e-06 3.736278523233076410e+00 2.087883049322064267e+06
7.931927162466817947e-06 3.740896410245346360e+00 2.088993727957908297e+06
7.930441091764713627e-06 3.745146219977335544e+00 2.089938657497207867e+06
7.929801163084394087e-06 3.748965410557334899e+00 2.090695260441619204e+06
7.929833773109292117e-06 3.752306795287949637e+00 2.091248374086032854e+06
7.961746104496317998e-06 3.753817410936775900e+00 2.090854291628439212e+06
7.988512596080645368e-06 3.753839857304221983e+00 2.089714343832853949e+06
8.010886202240906714e-06 3.752707186952189300e+00 2.088006988407674478e+06
8.096224759943826166e-06 3.747922404793996076e+00 2.084335046785237268e+06
8.161993815876876526e-06 3.740708991688732610e+00 2.079372823573327390e+06
8.215122388909667459e-06 3.731989089390252978e+00 2.073592594162781723e+06
8.353834216968832038e-06 3.718593921793546642e+00 2.065196603166695451e+06
8.448199913347892380e-06 3.703028276937624597e+00 2.055544908085042145e+06
8.522296028227088803e-06 3.686687901941764878e+00 2.045337188559531700e+06
8.696865254104497677e-06 3.666035177538727208e+00 2.032550581710809376e+06
8.796298415788558696e-06 3.644869047860424871e+00 2.019244673017899040e+06
8.871933506984452946e-06 3.624683383419885274e+00 2.006152178725096863e+06
9.055901106693005481e-06 3.601719289051662720e+00 1.991127634058019845e+06
9.133394642619548193e-06 3.580779347368431065e+00 1.976781276830187300e+06
9.189923404506422866e-06 3.563012661516185453e+00 1.963650702474835562e+06
9.354658820093540917e-06 3.544582520022625971e+00 1.949567222797358641e+06
9.388485033718579770e-06 3.530817218568220284e+00 1.937429474511033623e+06
9.410517341421719128e-06 3.522208539133364180e+00 1.927417772837498691e+06
9.535235092030360646e-06 3.514932365735989883e+00 1.917400814160899725e+06
9.518143777675118570e-06 3.514334590787352663e+00 1.910276100377886323e+06
9.501622412037621172e-06 3.520188464368686265e+00 1.905838975303693907e+06
9.572898054332839267e-06 3.528994972108861372e+00 1.902169153310500551e+06
9.504665344860843283e-06 3.545767167053411661e+00 1.901958355370148551e+06
9.450268119553259942e-06 3.569594900973040108e+00 1.904646350232706871e+06
9.465949380346454532e-06 3.597408396219932136e+00 1.908582953641443979e+06
9.357196604364595937e-06 3.633584947181585978e+00 1.916090498294942547e+06
9.273182827877426252e-06 3.676654272798684620e+00 1.926340730455829995e+06
9.239204164086645387e-06 3.724095859574222178e+00 1.938023491906301817e+06
9.104306538324791412e-06 3.779427587102182517e+00 1.952990427103867754e+06
9.001297929402513563e-06 3.840734586747580614e+00 1.970236445699789329e+06
8.933720901694035100e-06 3.905871211934298870e+00 1.988711130834313110e+06
8.796973929422217538e-06 3.977143871046266543e+00 2.009651725427568657e+06
8.693537390042746542e-06 4.052386994511305573e+00 2.032010423623705516e+06
8.617677712760978771e-06 4.129600344774730480e+00 2.054892641084669856e+06
8.503295034876363112e-06 4.209808149994324289e+00 2.078931799983361503e+06
8.418454572647196608e-06 4.290837720363057883e+00 2.103176653723210562e+06
8.363186665517799757e-06 4.370458076158964644e+00 2.126704574971228372e+06
8.308123826134125920e-06 4.447913577690829179e+00 2.149335576481958386e+06
8.271707160211452106e-06 4.521568846692941790e+00 2.170467929751966614e+06
8.262048168718388205e-06 4.589425968060155903e+00 2.189345348768540658e+06
8.252895272927257984e-06 4.650951022322146855e+00 2.205914874596282840e+06
8.253443259891894297e-06 4.705231725503306706e+00 2.219925900727468077e+06
8.312299248223314140e-06 4.748925550524838890e+00 2.229977423701727297e+06
8.367122245618511102e-06 4.782295056335017058e+00 2.236356415544057731e+06
8.417868536098577391e-06 4.805793843321753300e+00 2.239381007634656504e+06
8.536330332700372826e-06 4.816219439703568028e+00 2.237636405813920777e+06
8.630977870221764674e-06 4.815631848928428660e+00 2.232131136330631562e+06
8.710176982075965081e-06 4.805729015858459796e+00 2.223631119936684612e+06
8.856834104091410628e-06 4.783938530543638379e+00 2.210900829793022014e+06
8.951528021693449437e-06 4.754219627101788248e+00 2.195703608086419292e+06
9.026306726460812526e-06 4.718701631132730334e+00 2.178897967655788641e+06
9.163274250846516661e-06 4.675290072161558008e+00 2.159394281678855419e+06
9.220772417644233017e-06 4.629147677217582135e+00 2.139450617865487002e+06
9.262514726964974761e-06 4.581874731089436104e+00 2.119647692325504031e+06
9.360775342576731114e-06 4.531427243270162109e+00 2.098910463476559613e+06
9.365546981400708852e-06 4.483041036810520019e+00 2.079543562518953811e+06
9.363953280248951853e-06 4.437345710177509339e+00 2.061704186867980054e+06
9.412059421280611989e-06 4.392238782391899576e+00 2.044321867882824037e+06
9.367319140949231340e-06 4.352290041612353555e+00 2.029441552207091358e+06
9.326582035991528235e-06 4.317219455909722114e+00 2.016843253723414382e+06
9.326755153016952999e-06 4.285010564863116045e+00 2.005536270768062444e+06
9.245283524675759681e-06 4.259278343081652984e+00 1.997172368390819756e+06
9.176362928462468259e-06 4.239100725605375430e+00 1.991273274352416862e+06
9.139046778030955818e-06 4.222685032615899559e+00 1.986986245888763573e+06
9.036997086032997711e-06 4.212657103309174644e+00 1.985540859832811868e+06
8.952922732655862857e-06 4.207732955073179681e+00 1.986321262105451198e+06
8.891891568780056629e-06 4.206408421286079502e+00 1.988635854675198440e+06
8.786050179403301447e-06 4.210332892559852880e+00 1.993284835680203047e+06
8.700127843274460938e-06 4.218097194187341081e+00 1.999618792489872314e+06
8.632074380724357731e-06 4.228405912585369464e+00 2.007063983327040449e+06
8.538983886571660097e-06 4.242014592551163865e+00 2.016019665050220443e+06
8.464368184759705975e-06 4.257603180464225368e+00 2.025897554692402715e+06
8.405437468581333950e-06 4.274012612441052461e+00 2.036200055372712668e+06
8.355068887405620531e-06 4.290494574965276975e+00 2.046622474569079233e+06
8.315959475238632198e-06 4.306226392367658029e+00 2.056820996131017804e+06
8.286179592993932227e-06 4.320536144160795011e+00 2.066521125107145170e+06
8.264060352099422569e-06 4.332892394828084193e+00 2.075510240752314916e+06
8.248157473082189586e-06 4.342889826164912925e+00 2.083630067983600544e+06
8.237222084361518480e-06 4.350236064982833994e+00 2.090769878907830687e+06
8.230176731837661344e-06 4.354739284109452768e+00 2.096860250149550615e+06
8.226095297028368074e-06 4.356296346885692117e+00 2.101867276338005904e+06
8.238959900512440567e-06 4.354173041801759680e+00 2.105444665996515658e+06
8.250448862676632185e-06 4.348621946285891937e+00 2.107714442031546496e+06
8.260734911843635990e-06 4.339923628859910565e+00 2.108798989691714291e+06
8.310176478239336868e-06 4.326451838886426593e+00 2.107886405080802273e+06
8.346675315786448478e-06 4.309275584065722420e+00 2.105467089437116869e+06
8.376066140188534857e-06 4.289181905366967307e+00 2.101873164730103221e+06
8.453914575936964659e-06 4.264326227919550405e+00 2.096145280771377962e+06
8.504010954900672949e-06 4.236658244467058410e+00 2.089181323256006930e+06
8.542719989567439177e-06 4.207269152431166503e+00 2.081437997861835640e+06
8.641681964034611459e-06 4.173910341584006645e+00 2.071727656748526264e+06
8.693320448413501060e-06 4.139462556095871548e+00 2.061405695610430324e+06
8.731558263013270758e-06 4.105066996282564773e+00 2.050947195316720288e+06
8.842903334576519519e-06 4.067945620063825984e+00 2.038888352402462624e+06
8.888654569381536640e-06 4.031663681350913464e+00 2.026946220028150827e+06
8.920875671257929950e-06 3.997227233237785615e+00 2.015537776201940142e+06
9.040878395183734784e-06 3.961220211705446470e+00 2.002877526972322725e+06
9.078640773917689242e-06 3.927708835546327215e+00 1.990967846805693582e+06
9.103788163002981054e-06 3.897494350231503812e+00 1.980137722448077751e+06
9.227194880742502724e-06 3.866711308258175439e+00 1.968377819746475667e+06
9.252262648522543463e-06 3.839837488164836277e+00 1.957934072086756816e+06
9.267294497928105042e-06 3.817394379092628132e+00 1.949008465533944312e+06
9.390683033850573871e-06 3.795078864825506937e+00 1.939376279264484067e+06
9.401709949285485366e-06 3.777688644820734520e+00 1.931475324546594871e+06
9.406227762660807198e-06 3.765460199209227365e+00 1.925372552776717348e+06
9.519712008684678788e-06 3.754022610703238616e+00 1.918819318289123476e+06
9.509266207830305398e-06 3.748403986319309489e+00 1.914387066384766949e+06
9.498053025450191997e-06 3.748475365027202244e+00 1.911963300996370381e+06
9.594542591709958685e-06 3.749821300188179940e+00 1.909294099327384029e+06
9.562363410515409555e-06 3.757491990006813332e+00 1.908965059787468985e+06
9.535692834915606274e-06 3.771004313394911378e+00 1.910690164661554853e+06
9.613009235770096788e-06 3.785963970863506667e+00 1.912251726868864382e+06
9.559219704127321971e-06 3.807444272385365203e+00 1.916237886266249930e+06
9.517359965426602284e-06 3.834616174327220683e+00 1.922197734043979086e+06
9.569532215491208908e-06 3.863314019797543519e+00 1.928064280814351747e+06
9.499391775388653838e-06 3.898259612959563913e+00 1.936232385848388541e+06
9.446383609081653165e-06 3.938326235924516361e+00 1.946123340082722949e+06
9.471354049441343270e-06 3.979814659359108386e+00 1.955947175583794480e+06
9.386665143320480561e-06 4.026983425787285853e+00 1.967850547204721253e+06
9.323588839127468970e-06 4.078411239293177282e+00 1.981142319875250105e+06
9.319120604122885050e-06 4.131015117910161294e+00 1.994385834314701613e+06
9.220610004083972880e-06 4.188468821187061764e+00 2.009427980125665665e+06
9.147517882569648659e-06 4.249046530156951995e+00 2.025474958477254724e+06
9.114169351155460418e-06 4.310302914888227477e+00 2.041451209699627012e+06
9.008155282437215315e-06 4.375036554383595622e+00 2.058780829936902737e+06
8.929489994538994732e-06 4.441280722665296388e+00 2.076612111614894355e+06
8.877784329947147323e-06 4.507030794141870800e+00 2.094131700871013803e+06
8.777419585105579502e-06 4.574029688777035751e+00 2.112278743360946421e+06
8.703240705738310036e-06 4.640253243530662708e+00 2.130234412823815364e+06
8.650372330608581748e-06 4.703903948659452716e+00 2.147327688096886501e+06
8.575201241900488587e-06 4.765506318984825462e+00 2.163953642126545310e+06
8.520815188871714056e-06 4.823330874863217765e+00 2.179473091999611817e+06
8.484517488381841343e-06 4.875835208339355020e+00 2.193351972352319863e+06
8.460447869793320290e-06 4.921910238496470136e+00 2.205248207332984544e+06
8.447176229066154384e-06 4.960647345258514918e+00 2.214898103562521748e+06
8.442259262577816518e-06 4.991400144619448476e+00 2.222139239050946198e+06
8.443599330982476733e-06 5.013768763892206159e+00 2.226898065889910329e+06
8.449401554082050674e-06 5.027579401952139371e+00 2.229177446903957520e+06
8.479268694120816133e-06 5.031706992314151528e+00 2.228533302286032122e+06
8.506937529481290795e-06 5.026693077937155252e+00 2.225233999402988236e+06
8.531950416648731024e-06 5.013214431656006553e+00 2.219569997317565139e+06
8.599224421572583413e-06 4.989583652924602042e+00 2.210759547273734119e+06
8.650772199044362386e-06 4.957568911639002707e+00 2.199526356371181551e+06
8.692306955205923567e-06 4.918640597765623568e+00 2.186421846447340678e+06
8.784961463275879720e-06 4.871021349272155021e+00 2.170540513114757836e+06
8.843341785105905328e-06 4.817718961037893877e+00 2.153091812502081506e+06
8.887264946855477147e-06 4.760537517421007614e+00 2.134722151927900966e+06
8.984749764275927150e-06 4.697717606464184570e+00 2.114488469175225124e+06
9.029084092849064109e-06 4.633084121691860346e+00 2.093957416457398096e+06
9.059146325913824483e-06 4.568191496798347018e+00 2.073665389860282186e+06
9.141329717617814984e-06 4.501225392219766697e+00 2.052646749870143132e+06
9.156808713800296097e-06 4.436205328578089357e+00 2.032602158344302094e+06
9.162419916378154866e-06 4.374055367410352169e+00 2.013823487840499263e+06
9.214631813321577685e-06 4.312952319233167131e+00 1.995372612865267089e+06
9.191134005572916546e-06 4.256761855883327783e+00 1.978952264008392347e+06
9.165594010274302349e-06 4.205621060167786140e+00 1.964545085459705908e+06
9.178032517912435909e-06 4.157799586039007345e+00 1.951295412657100242e+06
9.117248901562644144e-06 4.116554930891493491e+00 1.940694646190523868e+06
9.062923332226453004e-06 4.081342492155445534e+00 1.932451194979949621e+06
9.039386691016168497e-06 4.050530018235138918e+00 1.925786301628324436e+06
8.952339802619436036e-06 4.026648837242532863e+00 1.921902503485072404e+06
8.878452379085314790e-06 4.008707378136237232e+00 1.920324536812593695e+06
8.828270512301356963e-06 3.995261649801582493e+00 1.920382661523117684e+06
8.730071845800904277e-06 3.988040078509275776e+00 1.922930988530662609e+06
8.648738700310255545e-06 3.985835625735876242e+00 1.927408394024579320e+06
8.585417677730468994e-06 3.987407272148803639e+00 1.933255189305772306e+06
8.493050651667339009e-06 3.993634080592096236e+00 1.940937658285754034e+06
8.417817499660452084e-06 4.003303730144952333e+00 1.949904777463586302e+06
8.357504766715575714e-06 4.015324418889699487e+00 1.959677329738092609e+06
8.293084059000322021e-06 4.029511823401424664e+00 1.970216647025440820e+06
8.241598036420214816e-06 4.044924173969874026e+00 1.981111828510398977e+06
8.201044584434222831e-06 4.060746284414196161e+00 1.992018050785815576e+06
8.169685063006774172e-06 4.076294651242550415e+00 2.002652255030138418e+06
8.146005429978830128e-06 4.091003591574227549e+00 2.012786099040813977e+06
8.128685235849981156e-06 4.104413516366418158e+00 2.022239842414026847e+06
8.116572488639825473e-06 4.116160625750473478e+00 2.030876890298159793e+06
8.108663116334309932e-06 4.125967536762271237e+00 2.038598812580342637e+06
8.104083820200784301e-06 4.133634530948649299e+00 2.045340726599021349e+06
8.102077605440885600e-06 4.139031230562935981e+00 2.051066977109220345e+06
8.101991400537825086e-06 4.142088601938671566e+00 2.055767079452957027e+06
8.103265200396904351e-06 4.142791253103410121e+00 2.059451915574627463e+06
8.105422535469145761e-06 4.141170027931909914e+00 2.062150181638612179e+06
8.108061841805064469e-06 4.137294932236282641e+00 2.063905096253616503e+06
8.110848667612630933e-06 4.131268433766702941e+00 2.064771377045590430e+06
8.113508593953109056e-06 4.123219180422101893e+00 2.064812491744739935e+06
8.115820635462257931e-06 4.113296183300423792e+00 2.064098189965764759e+06
8.117611235947805510e-06 4.101663494520989772e+00 2.062702313336838968e+06
8.118748682630015556e-06 4.088495404830919000e+00 2.060700880255476804e+06
8.119137922296218468e-06 4.073972173318674450e+00 2.058170436815049965e+06
8.118715794379949537e-06 4.058276287996786635e+00 2.055186660730487201e+06
8.117446627077356381e-06 4.041589246802664626e+00 2.051823202853417024e+06
8.115318206867891361e-06 4.024088838077145347e+00 2.048150747959786560e+06
8.112338099735289456e-06 4.005946892369798285e+00 2.044236275177348405e+06
8.108530327959118233e-06 3.987327470894689085e+00 2.040142497245301260e+06
8.103932292389730304e-06 3.968385456231516617e+00 2.035927459885690827e+06
8.098592071407341097e-06 3.949265502018969087e+00 2.031644279502671910e+06
8.092565998573840189e-06 3.930101301306700101e+00 2.027341000266979914e+06
8.085916508104104702e-06 3.911015133445880476e+00 2.023060552668081364e+06
8.078710254918902394e-06 3.892117649710086891e+00 2.018840796430876013e+06
8.071016444527220660e-06 3.873507862166879701e+00 2.014714633334960090e+06
8.062905404200143759e-06 3.855273300715036378e+00 2.010710175847399980e+06
8.054447355764963353e-06 3.837490307224463049e+00 2.006850959586472018e+06
8.045711394082676702e-06 3.820224437979668597e+00 2.003156188663229812e+06
8.036764653798872632e-06 3.803530948980156534e+00 1.999641004439960932e+06
8.027671568960955081e-06 3.787455345363249570e+00 1.996316771421266487e+06
8.018493330248342986e-06 3.772033973710302135e+00 1.993191372320116032e+06
8.009287425829677385e-06 3.757294643309367910e+00 1.990269507806838024e+06
8.000107345464992003e-06 3.743257260934091502e+00 1.987552995219443226e+06
7.991002324294272567e-06 3.729934470870273078e+00 1.985041063951520249e+06
7.982017210630391082e-06 3.717332289723747074e+00 1.982730643669057172e+06
7.974573648713612523e-06 3.705393470603136397e+00 1.980586037602970609e+06
7.965709161228527277e-06 3.694185558747250298e+00 1.978639310991445323e+06
7.957104032457438267e-06 3.683697624627543910e+00 1.976881127087839879e+06
7.948782215908772747e-06 3.673912845934717897e+00 1.975300668774582446e+06
7.940763711215717723e-06 3.664810940736698885e+00 1.973886236694197170e+06
7.933064719365373523e-06 3.656368652520315177e+00 1.972625450436631916e+06
7.925697812733245389e-06 3.648560208391206316e+00 1.971505436128738802e+06
7.918672125789513150e-06 3.641357750024116768e+00 1.970513000265328679e+06
7.911993558368305535e-06 3.634731737411068586e+00 1.969634789819537429e+06
7.905664997566961020e-06 3.628651325281293971e+00 1.968857438540140865e+06
7.899686570419394948e-06 3.623084711678183467e+00 1.968167699099335354e+06
7.894055840322421660e-06 3.617999461711810749e+00 1.967552562723094830e+06
7.888768062924866959e-06 3.613362804702778597e+00 1.966999365256983088e+06
7.883816420223730697e-06 3.609141906278793055e+00 1.966495880525377812e+06
7.879192262947286047e-06 3.605304115739188742e+00 1.966030401145244483e+06
7.874885304542485461e-06 3.601817191170739729e+00 1.965591808217304992e+06
7.870883868826752255e-06 3.598649500661990963e+00 1.965169628995761508e+06
7.867175089843256438e-06 3.595770202029230589e+00 1.964754083984153811e+06
7.871281647448764352e-06 3.592844413265948500e+00 1.964169389972431818e+06
7.874334512322096115e-06 3.589927097125748201e+00 1.963453057903634850e+06
7.876566336667240005e-06 3.587067779687536095e+00 1.962636304057846311e+06
7.907259505871849786e-06 3.583130757898663088e+00 1.961101825985739473e+06
7.929343641982702912e-06 3.578589214133150342e+00 1.959113433985290583e+06
7.947054412907334829e-06 3.573742045013655222e+00 1.956826317522467580e+06
7.994790852029761717e-06 3.567485888144893647e+00 1.953629649332967820e+06
8.023078043006931663e-06 3.560808675155697323e+00 1.950059509805806912e+06
8.045371897070549477e-06 3.554111377963269369e+00 1.946315877714640461e+06
8.097114844730188992e-06 3.546346143000133733e+00 1.941811593639571453e+06
8.118092962869633401e-06 3.538946031437005590e+00 1.937321111539102159e+06
8.133960116964779972e-06 3.532233495462319794e+00 1.932996347390793031e+06
8.175909550897340837e-06 3.525253017585049609e+00 1.928301574313698336e+06
8.180216587185819730e-06 3.519623272708554573e+00 1.924113257364113349e+06
8.182385770643886121e-06 3.515450925530313242e+00 1.920468083347768988e+06
8.207070513651761178e-06 3.511831949271264630e+00 1.916866294765605824e+06
8.192973792540973646e-06 3.510315512090050660e+00 1.914151353113659425e+06
8.180453284844156649e-06 3.510757174938473835e+00 1.912231523720487719e+06
8.186458282324873942e-06 3.512315104359934548e+00 1.910652718337092083e+06
8.156754679589416359e-06 3.516318980947264805e+00 1.910145798228006344e+06
8.132095871230749970e-06 3.522400917860752934e+00 1.910509792800872587e+06
8.121390385307885497e-06 3.529820686224741877e+00 1.911359532282023691e+06
8.082653554477653313e-06 3.539536245861990338e+00 1.913232345014926512e+06
8.051322337680857287e-06 3.551028177601829761e+00 1.915860383084385423e+06
8.030250992908409064e-06 3.563654773461104153e+00 1.918925800529996864e+06
7.989663358015157855e-06 3.578001841449705900e+00 1.922773908739392878e+06
7.957479693317203218e-06 3.593482820322263294e+00 1.927116199245142983e+06
7.932951766940875570e-06 3.609544477867951073e+00 1.931695003227638081e+06
7.909093814190167382e-06 3.625950382946341755e+00 1.936423913521872368e+06
7.891173360166838245e-06 3.642260392529729884e+00 1.941107567918755114e+06
7.878268038501741574e-06 3.658094981747735286e+00 1.945585562360592186e+06
7.869559756231514567e-06 3.673136444093061392e+00 1.949729873229639139e+06
7.864323352625394320e-06 3.687123911301651180e+00 1.953441276855478296e+06
7.861917169819670375e-06 3.699848738127175185e+00 1.956646077890662709e+06
7.861774856892075731e-06 3.711150120924028961e+00 1.959293088514161063e+06
7.863398355130253370e-06 3.720910859756584088e+00 1.961350817081853515e+06
7.866351669191943270e-06 3.729053219360413784e+00 1.962804844459065236e+06
7.870255403136127472e-06 3.735534866622275185e+00 1.963655373489589896e+06
7.874781727516341829e-06 3.740344890902080444e+00 1.963914948488707887e+06
7.879649792745923583e-06 3.743499922171715788e+00 1.963606342823074665e+06
7.884621504928857118e-06 3.745040370245626526e+00 1.962760614607309457e+06
7.889497567857099703e-06 3.745026813797423859e+00 1.961415331723153824e+06
7.898617653617416337e-06 3.743347020662869173e+00 1.959513744893473107e+06
7.904040164369704948e-06 3.740249978571630773e+00 1.957184732148704352e+06
7.908731377033786429e-06 3.735857633454785276e+00 1.954485118910289602e+06
7.922514459349696701e-06 3.729880006655529989e+00 1.951254425036049215e+06
7.927273999272332653e-06 3.722829617054399076e+00 1.947749526369066676e+06
7.930874727925201455e-06 3.714866668102929648e+00 1.944036115339002106e+06
7.939274056535594460e-06 3.705891323402005888e+00 1.940045020595754031e+06
7.935655770251197319e-06 3.696523205955627223e+00 1.936082459689693758e+06
7.931924992696993184e-06 3.686842655793053591e+00 1.932168793923991267e+06
7.929883903987337851e-06 3.676841201768736855e+00 1.928281846518771024e+06
7.924307714790120290e-06 3.666732240839903234e+00 1.924515521206779638e+06
7.918779084079089411e-06 3.656567401878158208e+00 1.920878008428379893e+06
7.913265250617387969e-06 3.646394347258469892e+00 1.917376870311890030e+06
7.907743828099956523e-06 3.636260028719977111e+00 1.914019508394319098e+06
7.902201229035155710e-06 3.626209922831458154e+00 1.910812869563968619e+06
7.896631292710151078e-06 3.616287404519215265e+00 1.907763213612189982e+06
7.891034003791313553e-06 3.606533247131107789e+00 1.904875935895754723e+06
7.885414351880062144e-06 3.596985235510393952e+00 1.902155437868728768e+06
7.879781323183960776e-06 3.587677879063687847e+00 1.899605038859038381e+06
7.874146995056683480e-06 3.578642213361250768e+00 1.897226923524293350e+06
7.868525686400920524e-06 3.569905681095333794e+00 1.895022120799553115e+06
7.862936656082529507e-06 3.561491943189057707e+00 1.892990435821160208e+06
7.857395891961363720e-06 3.553421066232767433e+00 1.891130572613203898e+06
7.851980402677422448e-06 3.545707152263382955e+00 1.889438884796952829e+06
7.872284722847333065e-06 3.537341372053263377e+00 1.887366768939790083e+06
7.886394501562624544e-06 3.528690779758334450e+00 1.885099310612124857e+06
7.897138871823641530e-06 3.520009167495394831e+00 1.882751192440067418e+06
7.936976158862460491e-06 3.510245827866500523e+00 1.879741022744014161e+06
7.960897764956151356e-06 3.500236043214085324e+00 1.876498014031350380e+06
7.979331394916449994e-06 3.490364171596325615e+00 1.873198494533891091e+06
8.026191909711086379e-06 3.479649023754339598e+00 1.869291557396158809e+06
8.047115047282989104e-06 3.469323159688227687e+00 1.865417986164061818e+06
8.062700393348043248e-06 3.459734950580263035e+00 1.861732830085872207e+06
8.104835753546327237e-06 3.449951178759386394e+00 1.857711683626853162e+06
8.112453395176543974e-06 3.441467873945195599e+00 1.854142028471336467e+06
8.117042795664261744e-06 3.434456764249687932e+00 1.851088373778911307e+06
8.141601573116718382e-06 3.428159036450210362e+00 1.848127877366021508e+06
8.128820320178944196e-06 3.424056407691233428e+00 1.846049583369033178e+06
8.117051495793108803e-06 3.422046200458626064e+00 1.844780924161232542e+06
8.121497797256761554e-06 3.421407962348778753e+00 1.843932477261953056e+06
8.091650627075562655e-06 3.423393277664361189e+00 1.844181012071613921e+06
8.066576214517432407e-06 3.427658391614870403e+00 1.845337659225805197e+06
8.053671644129568638e-06 3.433553429250328470e+00 1.847064964659473160e+06
8.012228480294412663e-06 3.442031202331814477e+00 1.849890221287974622e+06
7.978435414695913435e-06 3.452568010404296839e+00 1.853542793110927334e+06
7.954480260019101227e-06 3.464545763899487874e+00 1.857716775760141900e+06
7.913158116828150043e-06 3.478442611155474484e+00 1.862696201181504643e+06
7.880240739068097248e-06 3.493680810419343974e+00 1.868197407403168036e+06
7.855483061851258658e-06 3.509695983025072685e+00 1.873955546708237613e+06
7.834629482499894630e-06 3.526124406174203418e+00 1.879814758162095677e+06
7.819172089967072237e-06 3.542563206865529057e+00 1.885598652724630898e+06
7.808289655323689949e-06 3.558665180431429320e+00 1.891161739341512090e+06
7.801251081054414306e-06 3.574136660721523917e+00 1.896386688922951464e+06
7.797405959833988003e-06 3.588733358065196555e+00 1.901181390736316331e+06
7.796176591439729845e-06 3.602256516335621939e+00 1.905476247494631214e+06
7.797051121803145945e-06 3.614549272331122332e+00 1.909221660880704643e+06
7.799577582835945320e-06 3.625493141141418629e+00 1.912385676601996878e+06
7.803358635491383812e-06 3.635004583311120641e+00 1.914951771061131032e+06
7.808046881263640436e-06 3.643031633158829496e+00 1.916916770322619705e+06
7.813340553131408107e-06 3.649550588029421672e+00 1.918288899476996390e+06
7.818979607163489479e-06 3.654562766078328195e+00 1.919085961496294942e+06
7.824742107458553336e-06 3.658091349532907266e+00 1.919333647291416768e+06
7.830440817836338061e-06 3.660178336056664872e+00 1.919063979874083772e+06
7.835920043469599071e-06 3.660881619002092080e+00 1.918313893232449191e+06
7.841052622542167645e-06 3.660272219522265225e+00 1.917123947116479743e+06
7.845737061980307423e-06 3.658431690680686632e+00 1.915537177216591546e+06
7.849895019693928187e-06 3.655449701562391684e+00 1.913598073984012706e+06
7.853468647016834510e-06 3.651421825315200653e+00 1.911351692652808269e+06
7.856418273548416959e-06 3.646447530444957508e+00 1.908842884508364368e+06
7.858720222282942583e-06 3.640628379246412027e+00 1.906115643195618177e+06
7.860364732906186046e-06 3.634066434403773194e+00 1.903212559406779474e+06
7.861354061454093445e-06 3.626862868201943257e+00 1.900174375007964903e+06
7.861700686301023434e-06 3.619116768770950898e+00 1.897039628836010816e+06
7.861425664593531815e-06 3.610924133294947769e+00 1.893844385126207722e+06
7.860557138895586483e-06 3.602377036032657465e+00 1.890622035502091516e+06
7.864508384628641349e-06 3.593345158009195739e+00 1.887288773382125888e+06
7.864228416004655057e-06 3.584083560682121306e+00 1.883962884541434003e+06
7.863186026918781164e-06 3.574693788523303883e+00 1.880679679154531797e+06
7.879653491653879026e-06 3.564534267896751984e+00 1.877084607648452977e+06
7.886803613593013594e-06 3.554111007931218147e+00 1.873427215629158774e+06
7.891685614881760330e-06 3.543625389081130006e+00 1.869789399922647281e+06
7.916919472829194300e-06 3.532357315172421242e+00 1.865769836302199168e+06
7.927650600973957319e-06 3.521048486378842490e+00 1.861739826822355622e+06
7.935216697656203799e-06 3.509948130723863802e+00 1.857802637965108966e+06
7.966413395268342649e-06 3.498220016010417321e+00 1.853492334707879461e+06
7.977057798138923405e-06 3.486846868955361778e+00 1.849308206953826128e+06
7.984325174355717407e-06 3.476072957884964953e+00 1.845349650059660198e+06
8.016945879310265143e-06 3.464986732560484839e+00 1.841110577753795078e+06
8.024143956324091497e-06 3.454732024625499331e+00 1.837179440848837607e+06
8.028488295412889469e-06 3.445496514103472130e+00 1.833627730533881811e+06
8.058859270488942880e-06 3.436315635844376715e+00 1.829924110628075665e+06
8.060174501931873534e-06 3.428423858809805047e+00 1.826711395101068541e+06
8.059788448521485070e-06 3.421914854418503626e+00 1.824015759159471607e+06
8.084363574044056141e-06 3.415824994896089262e+00 1.821311871119677788e+06
8.077171060184498160e-06 3.411431149832349963e+00 1.819272489327127812e+06
8.070106526779180728e-06 3.408697761444337448e+00 1.817861590821123682e+06
8.085971720037095036e-06 3.406687277996147678e+00 1.816575589570332319e+06
8.070174120755962900e-06 3.406608872208388039e+00 1.816059052999522770e+06
8.056528575057235570e-06 3.408293185492285993e+00 1.816212973071978893e+06
8.063222122543432341e-06 3.410850793799381275e+00 1.816568584995468147e+06
8.040200143646431723e-06 3.415364387656837586e+00 1.817710611016170122e+06
8.021200393487612737e-06 3.421546062602511817e+00 1.819486195218756562e+06
8.019387103090475135e-06 3.428583579036476703e+00 1.821477495690333424e+06
7.991964833646678004e-06 3.437364893576405400e+00 1.824172639271983877e+06
7.969936384787143881e-06 3.447515738670441365e+00 1.827382912996220170e+06
7.961653225451676493e-06 3.458326539660434573e+00 1.830754687698111637e+06
7.932996804105086247e-06 3.470462030659596131e+00 1.834663925163704436e+06
7.910470624986496989e-06 3.483500752542693313e+00 1.838906855586825404e+06
7.899183073047264875e-06 3.496816919697258719e+00 1.843182834001726471e+06
7.872767727120774789e-06 3.510867767142120233e+00 1.847763329485151451e+06
7.852471591516533143e-06 3.525232907972113860e+00 1.852453395465007517e+06
7.840987957377778617e-06 3.539388400525393941e+00 1.857012104508112883e+06
7.825882820084915735e-06 3.553346225675064751e+00 1.861480037086631404e+06
7.815098498865987207e-06 3.566800468124694312e+00 1.865728087164510274e+06
7.807921115728554075e-06 3.579489426742650693e+00 1.869652390255427686e+06
7.803718149472765520e-06 3.591200382765755261e+00 1.873173171869954094e+06
7.801930348181775998e-06 3.601765409927078387e+00 1.876231966618041974e+06
7.802064666440992202e-06 3.611057393088400236e+00 1.878789047584816115e+06
7.803688290297230648e-06 3.618986187240977426e+00 1.880821033218365628e+06
7.806423061869032965e-06 3.625494896382025711e+00 1.882318661219734233e+06
7.809940636577869584e-06 3.630556254426761775e+00 1.883284716136286734e+06
7.813958062957091091e-06 3.634169112178469607e+00 1.883732106628075475e+06
7.818233658077151861e-06 3.636355045783775441e+00 1.883682092024145182e+06
7.822563221497856069e-06 3.637155103035998316e+00 1.883162656557790004e+06
7.826776556862143430e-06 3.636626705089645029e+00 1.882207029404611327e+06
7.830734115530222747e-06 3.634840727453821252e+00 1.880852351438068552e+06
7.834323901997745400e-06 3.631878774904504947e+00 1.879138484770752257e+06
7.837458628072058135e-06 3.627830661251588928e+00 1.877106959833186120e+06
7.840072967270657938e-06 3.622792107627898606e+00 1.874800056706628529e+06
7.842120973184803540e-06 3.616862665267315702e+00 1.872260014457926387e+06
7.843573713741382950e-06 3.610143861795838571e+00 1.869528359879684402e+06
7.844417052575155952e-06 3.602737569357384206e+00 1.866645347807072103e+06
7.847067564570516798e-06 3.594646556589077058e+00 1.863598680766148726e+06
7.846289874422206177e-06 3.586093935020798540e+00 1.860489358292622725e+06
7.844983352016100426e-06 3.577173829767901214e+00 1.857349816315668402e+06
7.863765791259468311e-06 3.567145034286365313e+00 1.853779038825019961e+06
7.874046212624790817e-06 3.556499941633281647e+00 1.850016178608367918e+06
7.881623330235266564e-06 3.545483564331276316e+00 1.846163088818702148e+06
7.917350413632188343e-06 3.533092001013846684e+00 1.841673163974398980e+06
7.937832220668665631e-06 3.520158072874198130e+00 1.836956914458375191e+06
7.953359764718404324e-06 3.507067846482013529e+00 1.832180579926880077e+06
8.006034524204124316e-06 3.492518209988352496e+00 1.826632530895244796e+06
8.034830130598216548e-06 3.477734031062438280e+00 1.820924313390612602e+06
8.056618050198742850e-06 3.463210831624121688e+00 1.815272126889320090e+06
8.123842483292251029e-06 3.447368825232922429e+00 1.808812752990062116e+06
8.156115434691859489e-06 3.431875540906245359e+00 1.802389833125476027e+06
8.180179695285159336e-06 3.417262436973719009e+00 1.796234843437369680e+06
8.257964377231423185e-06 3.401653129579389478e+00 1.789326640163528034e+06
8.288706342267181584e-06 3.387141034524933758e+00 1.782737584619852481e+06
8.311109632784584737e-06 3.374215927027369943e+00 1.776677586354679894e+06
8.393374746871056126e-06 3.360763937136265866e+00 1.770003304024744313e+06
8.416819146120909113e-06 3.349238530412567361e+00 1.763984478292306419e+06
8.433192176274085876e-06 3.340005454070984481e+00 1.758769229762838455e+06
8.512675500594502249e-06 3.330793831877874922e+00 1.753139165163401049e+06
8.524183617189658114e-06 3.324283796683377368e+00 1.748491360037898878e+06
8.531200053269094566e-06 3.320655187475063386e+00 1.744881643897911999e+06
8.601441985574236326e-06 3.317571382160523719e+00 1.741068699095431715e+06
8.596903088378766021e-06 3.317846129462671545e+00 1.738525058350028703e+06
8.591674811092822576e-06 3.321426128803747435e+00 1.737190851252443157e+06
8.644036604704348513e-06 3.326093526448476556e+00 1.735902234085169155e+06
8.619788370947940821e-06 3.334622390865338293e+00 1.736111918376157759e+06
8.599724678380883569e-06 3.346684752192607970e+00 1.737626017384854844e+06
8.629902173076016441e-06 3.360224378306950310e+00 1.739384001531733898e+06
8.586588559006353365e-06 3.377826982339456663e+00 1.742739201701388927e+06
8.552368473225337807e-06 3.398894581932926151e+00 1.747371664350745734e+06
8.556995282829502771e-06 3.421680526813365208e+00 1.752403435905981110e+06
8.495988359857876949e-06 3.448434983825024336e+00 1.759013133616840933e+06
8.448652985095353167e-06 3.478296610031772040e+00 1.766766387528880034e+06
8.430051124688366020e-06 3.509790803127692982e+00 1.774951034848827869e+06
8.359714680789660522e-06 3.544621279300048666e+00 1.784470719990176149e+06
8.305792667527310126e-06 3.581738958414544260e+00 1.794825135048418073e+06
8.272540326555050477e-06 3.619898430746580686e+00 1.805447699816137087e+06
8.202210447520362301e-06 3.660231326704729060e+00 1.816964563857421512e+06
8.148954539066585872e-06 3.701599345867639723e+00 1.828864456675489433e+06
8.111138916567093080e-06 3.742918775205735571e+00 1.840690790246825432e+06
8.053026254414878820e-06 3.784654844135411533e+00 1.852754112383202882e+06
8.010108272195572406e-06 3.825733628162476307e+00 1.864606501753269695e+06
7.979850573328812040e-06 3.865202127873216487e+00 1.875877251542943763e+06
7.959007845386034341e-06 3.902303211456157772e+00 1.886293739049254218e+06
7.946724148702531253e-06 3.936371970209356697e+00 1.895627217604053672e+06
7.941337501754160098e-06 3.966875758608865432e+00 1.903709525543696946e+06
7.941397359484247203e-06 3.993407868776563063e+00 1.910426743882031413e+06
7.945639890713405309e-06 4.015679541579204148e+00 1.915712912902568001e+06
7.952967753315227697e-06 4.033511231329422131e+00 1.919543957199657103e+06
7.962433128461002011e-06 4.046823084434381101e+00 1.921931806910524843e+06
7.973223179578275819e-06 4.055624722655598369e+00 1.922918739983947715e+06
7.984647310387913617e-06 4.060004509722011434e+00 1.922571990381980781e+06
7.996125661465590504e-06 4.060118535847260013e+00 1.920978676445381017e+06
8.007178648388576169e-06 4.056179570159389236e+00 1.918241098559600767e+06
8.022762967875241366e-06 4.048204818977404251e+00 1.914358287451971788e+06
8.033951129592348494e-06 4.036662074868462291e+00 1.909532532554622274e+06
8.043382971636451340e-06 4.021906638402284351e+00 1.903901959222116275e+06
8.063501860203482234e-06 4.003742182930698945e+00 1.897337133565999800e+06
8.073462536996173764e-06 3.982964698218505628e+00 1.890172251421697671e+06
8.080640820970097125e-06 3.960013410574734216e+00 1.882562914435162907e+06
8.096161204252563166e-06 3.934818159582696317e+00 1.874421977262713714e+06
8.097156065561990617e-06 3.908344730496425612e+00 1.866153341797117610e+06
8.095979551992959900e-06 3.880954756518848026e+00 1.857869109224759741e+06
8.100820218943927459e-06 3.852624824856202945e+00 1.849501847653784323e+06
8.090380569594311986e-06 3.824259066063234958e+00 1.841430343890324933e+06
8.079232441154160762e-06 3.796063338117083852e+00 1.833698346123670228e+06
8.072330027143402215e-06 3.768004574514911109e+00 1.826241524690115592e+06
8.052796781997946559e-06 3.740763992709474905e+00 1.819344226382509340e+06
8.033931641606770535e-06 3.714402181297542072e+00 1.812992104778906098e+06
8.017462851894606473e-06 3.688887623602213228e+00 1.807133042582586175e+06
7.999443175910324558e-06 3.664353720293343386e+00 1.801797950113773812e+06
7.981983365113466509e-06 3.640833641573682389e+00 1.796970611926577287e+06
7.965056970547934346e-06 3.618353368345827992e+00 1.792634451628105948e+06
7.948647664104871690e-06 3.596933722681284085e+00 1.788772698036379879e+06
7.932747097788571094e-06 3.576590088519399302e+00 1.785368176914181327e+06
7.917353164783649190e-06 3.557332283133465278e+00 1.782403167323157424e+06
7.902468309770462296e-06 3.539164559304901481e+00 1.779859315728595015e+06
7.888098229020147685e-06 3.522085706912361225e+00 1.777717594761160668e+06
7.874250670824632452e-06 3.506089236983678692e+00 1.775958300591510488e+06
7.860934484282587696e-06 3.491163627341089981e+00 1.774561080428301822e+06
7.848158763305629928e-06 3.477292617305761890e+00 1.773504985507002566e+06
7.835932221297943527e-06 3.464455535130296582e+00 1.772768542571003316e+06
7.824262609354285916e-06 3.452627651006428433e+00 1.772329841226124903e+06
7.813156296956743905e-06 3.441780544912006246e+00 1.772166632311063120e+06
7.802617930965476191e-06 3.431882483027546282e+00 1.772256434486507904e+06
7.792650170808302607e-06 3.422898797325397258e+00 1.772576646456223913e+06
7.783253516208461610e-06 3.414792263095814739e+00 1.773104662052209722e+06
7.774426221902354983e-06 3.407523470025655143e+00 1.773817985692941118e+06
7.766164249049194491e-06 3.401051184705043084e+00 1.774694346858952660e+06
7.758461269373477501e-06 3.395332702268897496e+00 1.775711811959228246e+06
7.751308706820612124e-06 3.390324185477211483e+00 1.776848892322288826e+06
7.744695818166129011e-06 3.385980989771959493e+00 1.778084647071220214e+06
7.738609782545735730e-06 3.382257973933380235e+00 1.779398780294257449e+06
7.733035839742335863e-06 3.379109794569022274e+00 1.780771731131640729e+06
7.727957443080183796e-06 3.376491183910114380e+00 1.782184756168268155e+06
7.723356434236147461e-06 3.374357210150770836e+00 1.783620003412907943e+06
7.719213229300574890e-06 3.372663519899698592e+00 1.785060577418953413e+06
7.715506989952510483e-06 3.371366563328517696e+00 1.786490595690804534e+06
7.712215813555152290e-06 3.370423801201996472e+00 1.787895235839621630e+06
7.709316915544595262e-06 3.369793893965969733e+00 1.789260773571214406e+06
7.706786805812648435e-06 3.369436872940413163e+00 1.790574611590996850e+06
7.704601481803839848e-06 3.369314292792447318e+00 1.791825299088820117e+06
7.702736578175785892e-06 3.369389366723895662e+00 1.793002542790192412e+06
7.701167567323326704e-06 3.369627082311260402e+00 1.794097208622470265e+06
7.699869906735086171e-06 3.369994299882712152e+00 1.795101315324429190e+06
7.698819179482158359e-06 3.370459833611186617e+00 1.796008020356997848e+06
7.697991358641417415e-06 3.370994511010461103e+00 1.796811595869730692e+06
7.697362832982999572e-06 3.371571219563858079e+00 1.797507400115638040e+06
7.696910571299619554e-06 3.372164935719680567e+00 1.798091841686140047e+06
7.696612248534385984e-06 3.372752737728931471e+00 1.798562337783068419e+06
7.696446340500804503e-06 3.373313803793831056e+00 1.798917267601885600e+06
7.696392202040696544e-06 3.373829396506883072e+00 1.799155921587788267e+06
7.696430135810179666e-06 3.374282834285949662e+00 1.799278447161566466e+06
7.696541453624925920e-06 3.374659450562273566e+00 1.799285791491213487e+06
7.696708539072208809e-06 3.374946541465793537e+00 1.799179641753044212e+06
7.696914895058989367e-06 3.375133303029994813e+00 1.798962363595811184e+06
7.697145184020373650e-06 3.375210759226956903e+00 1.798636938429161441e+06
7.697385245732556375e-06 3.375171682297089415e+00 1.798206900379632832e+06
7.697622101895457207e-06 3.375010506507061692e+00 1.797676273516243789e+06
7.697843946584856956e-06 3.374723236538604620e+00 1.797049509940532735e+06
7.698040098343209500e-06 3.374307352510616198e+00 1.796331429782415275e+06
7.698201095683794129e-06 3.373761707203960736e+00 1.795527160386366770e+06
7.698318521316959098e-06 3.373086426124539017e+00 1.794642080642602639e+06
7.698385043333968059e-06 3.372282803214253555e+00 1.793681765983496094e+06
7.698394410048843843e-06 3.371353194756067317e+00 1.792651935313214548e+06
7.698341421361744755e-06 3.370300913270451115e+00 1.791558400569241028e+06
7.698221900653962453e-06 3.369130122300658225e+00 1.790407019056237303e+06
7.698032629287975445e-06 3.367845733796009711e+00 1.789203649368176004e+06
7.697771277993233489e-06 3.366453308552309842e+00 1.787954110940758372e+06
7.704204969293241528e-06 3.364699675022878367e+00 1.786526476724814624e+06
7.705030416127973267e-06 3.362828782176117581e+00 1.785052644252845086e+06
7.705559658403454026e-06 3.360868203889463945e+00 1.783546213713673875e+06
7.720802767562772318e-06 3.358265548915747356e+00 1.781714632390437182e+06
7.726764379449261122e-06 3.355440761112266301e+00 1.779781475171579281e+06
7.731421984268948544e-06 3.352490489424020836e+00 1.777791928680805024e+06
7.755846715558397661e-06 3.348695533535109625e+00 1.775361210139397066e+06
7.766685798709946643e-06 3.344677965131606978e+00 1.772816330000622431e+06
7.775169405440600690e-06 3.340602207760652309e+00 1.770232576843315503e+06
7.810707949346618121e-06 3.335497999009844339e+00 1.767088104934213916e+06
7.827941957575174011e-06 3.330206168880502471e+00 1.763822053813876817e+06
7.841426274902095405e-06 3.324974996643054848e+00 1.760547627995371120e+06
7.892505557038752571e-06 3.318470873076770467e+00 1.756546289690799313e+06
7.918674608040690080e-06 3.311832578671649152e+00 1.752410998815842671e+06
7.939126605794614088e-06 3.305420724695992352e+00 1.748306638893255731e+06
8.009262591785593468e-06 3.297498866964212461e+00 1.743297140026423847e+06
8.044648839966292485e-06 3.289622611887541570e+00 1.738191627416989999e+06
8.072129065074122215e-06 3.282266615223845996e+00 1.733206775981473504e+06
8.160688548894383810e-06 3.273327078707232385e+00 1.727209513070388464e+06
8.202367112606500729e-06 3.264831639177926181e+00 1.721254255246330053e+06
8.234371144028863312e-06 3.257327486377561421e+00 1.715588594062997261e+06
8.336788371083150487e-06 3.248411524792898408e+00 1.708922483092805836e+06
8.377591351808327480e-06 3.240624701511167327e+00 1.702577481176339090e+06
8.408376650532675768e-06 3.234491646765058626e+00 1.696784284614221659e+06
8.518569271364296246e-06 3.227293932175381741e+00 1.690093892690006644e+06
8.551844739180713411e-06 3.222050933234808845e+00 1.684076151914861519e+06
8.576349197919307731e-06 3.219175405072630003e+00 1.678900536227629753e+06
8.687411552148266777e-06 3.215670226702077805e+00 1.672985219762307126e+06
8.708463532570466514e-06 3.214919221413901518e+00 1.668085446635166416e+06
8.723366235580473169e-06 3.217160783738505447e+00 1.664279456056530587e+06
8.829922857419082420e-06 3.219166541668780024e+00 1.659884129055408994e+06
8.837113238873668333e-06 3.224551795263338239e+00 1.656765631479415344e+06
8.841559240131820910e-06 3.233357689311497918e+00 1.654901950247249799e+06
8.943266253065463653e-06 3.242089797723094691e+00 1.652498109215961071e+06
8.937990609421895191e-06 3.254567965661149476e+00 1.651511461542114383e+06
8.933410529321494174e-06 3.270651229163115570e+00 1.651830381498958915e+06
9.031431366709993293e-06 3.286573984345544375e+00 1.651554009114401415e+06
9.017740562907516647e-06 3.306306278184519165e+00 1.652697249384946190e+06
9.007494103868833081e-06 3.329567366570703513e+00 1.655084391133814584e+06
9.102751260111246049e-06 3.352393368163078424e+00 1.656754281180970138e+06
9.084494423830232688e-06 3.378845582610959575e+00 1.659744071779623860e+06
9.071627591091867843e-06 3.408542950769312796e+00 1.663837953021798981e+06
9.167736195713397005e-06 3.437289760905976266e+00 1.667006585148564773e+06
9.147843592041046001e-06 3.469307844900328064e+00 1.671338700796032324e+06
9.134539197579402036e-06 3.504151669695349192e+00 1.676598408216109499e+06
9.230954610645625979e-06 3.537480983358347597e+00 1.680737270606470993e+06
9.209234077052850314e-06 3.573694638588079453e+00 1.685896352193038911e+06
9.195159116152666672e-06 3.612286655545152492e+00 1.691822798855489120e+06
9.289462066712527496e-06 3.648839076750287624e+00 1.696484064873516560e+06
9.265778584445254413e-06 3.687859863349984835e+00 1.702034915411784314e+06
9.250646778282134035e-06 3.728787442853961132e+00 1.708208856118335389e+06
9.340930403257533663e-06 3.767187835468075452e+00 1.713018070873568766e+06
9.312470843616127102e-06 3.807726447905492417e+00 1.718647779719084501e+06
9.293879630097033639e-06 3.849763637098735369e+00 1.724806804287389386e+06
9.372681603864549093e-06 3.889049980408787466e+00 1.729638992680053925e+06
9.335561090606879752e-06 3.930257174230586070e+00 1.735286693033565301e+06
9.310322609783258771e-06 3.972622509965096693e+00 1.741415213336796034e+06
9.373633185151586625e-06 4.012120148795815133e+00 1.746310718965405831e+06
9.326492276027818171e-06 4.053308822459607441e+00 1.752021792164436774e+06
9.293421784630131598e-06 4.095285531302903514e+00 1.758165446915788809e+06
9.338516501141245357e-06 4.134330325263265493e+00 1.763198481120520271e+06
9.280487709781241049e-06 4.174796613306994253e+00 1.769040964978481876e+06
9.238758790306185651e-06 4.215630881381787098e+00 1.775259912071238039e+06
9.264987982483115453e-06 4.253435847135634162e+00 1.780481567555689020e+06
9.200687145842962228e-06 4.292111294023746915e+00 1.786401601566906320e+06
9.153806304674911963e-06 4.330514651726844022e+00 1.792565911796228494e+06
9.166175914390378097e-06 4.365553994948806249e+00 1.797754055394287221e+06
9.100805779252176179e-06 4.400658208009531336e+00 1.803440488241790794e+06
9.052724897450536564e-06 4.434682991407216335e+00 1.809183681619375013e+06
9.057068990082840272e-06 4.464813461982576115e+00 1.813893955421355553e+06
8.996888588313930630e-06 4.493982430749534629e+00 1.818821174220843241e+06
8.952421652114111664e-06 4.521159461647736855e+00 1.823576707736838143e+06
8.951325924611966669e-06 4.543983366402131630e+00 1.827259654079566011e+06
8.898234050086464541e-06 4.564909757862722905e+00 1.830904828504909761e+06
8.858723356232679112e-06 4.583085259767281094e+00 1.834192242892280221e+06
8.854809027600470274e-06 4.596595515378397501e+00 1.836393281192699913e+06
8.808418966864063179e-06 4.607551965877757283e+00 1.838381889926109230e+06
8.773400616458244239e-06 4.615305463601393043e+00 1.839908336293130182e+06
8.766978729048807210e-06 4.618380904030579437e+00 1.840403163128815824e+06
8.724509223692611393e-06 4.618675377065293297e+00 1.840632167795663467e+06
8.691633049892207608e-06 4.615719311800728697e+00 1.840400836034904700e+06
8.680930194543666636e-06 4.608446166990167292e+00 1.839282499442576896e+06
8.641928349871498256e-06 4.598435854671710565e+00 1.837897415109040681e+06
8.610830369956314751e-06 4.585384219171235287e+00 1.836100715359648457e+06
8.596912893131626257e-06 4.568554790848456726e+00 1.833577560502848122e+06
8.560458106556782600e-06 4.549286506500799021e+00 1.830837459632212529e+06
8.530438021051571873e-06 4.527411729971820620e+00 1.827775819224424893e+06
8.513060755233110995e-06 4.502479516707905027e+00 1.824175823073106585e+06
8.478141331369819122e-06 4.475597929684983711e+00 1.820445465488773771e+06
8.448475278832880703e-06 4.446695553710548587e+00 1.816509034133728361e+06
8.428518271643588086e-06 4.415500212878335162e+00 1.812210814010859933e+06
8.396421019849824660e-06 4.382852770967760492e+00 1.807847022311265813e+06
8.368204857004540864e-06 4.348774171410073386e+00 1.803374130902195815e+06
8.347042307764020465e-06 4.313142250677438838e+00 1.798691237677477766e+06
8.323417840394367663e-06 4.276326034493004968e+00 1.793898912030027481e+06
8.301582803425991335e-06 4.238486251100838764e+00 1.789008813857053174e+06
8.281039791861636668e-06 4.199807481725489566e+00 1.784043678621752653e+06
8.261388071891169967e-06 4.160494247971525894e+00 1.779034877813390922e+06
8.242310521353312050e-06 4.120762228138418415e+00 1.774019513908331050e+06
8.223562027219410254e-06 4.080830904097852319e+00 1.769037994275994599e+06
8.204959131968464739e-06 4.040917523519120813e+00 1.764132032433932880e+06
8.186370807525907264e-06 4.001232255908284685e+00 1.759343027938292362e+06
8.167710195144848125e-06 3.961974418764896200e+00 1.754710780029124115e+06
8.148927264065555090e-06 3.923329647610465987e+00 1.750272492107640952e+06
8.130002318360361087e-06 3.885467885469980232e+00 1.746062026980458293e+06
8.110940221658168134e-06 3.848542073480637704e+00 1.742109377074482152e+06
8.091765335748364946e-06 3.812687429941410411e+00 1.738440315974866506e+06
8.072517092662217093e-06 3.778021213996583416e+00 1.735076201371225063e+06
8.053246148548074722e-06 3.744642880053195455e+00 1.732033902778437128e+06
8.034011066344338146e-06 3.712634539437037695e+00 1.729325830636532046e+06
8.014875476899857833e-06 3.682061656409028938e+00 1.726960046489191009e+06
7.998863349008290453e-06 3.652853222885615203e+00 1.724883445318015758e+06
7.979619193322433539e-06 3.625198788375511239e+00 1.723168397826220142e+06
7.960742478401055703e-06 3.599117465593887122e+00 1.721809249787567649e+06
7.950481168757979954e-06 3.574284247753646060e+00 1.720638584375781706e+06
7.933207953655292710e-06 3.551027260903277138e+00 1.719804089435240719e+06
7.916364681260824548e-06 3.529344527727145131e+00 1.719295257425757824e+06
7.910517527591604716e-06 3.508801299598918177e+00 1.718894395859504817e+06
7.895841044219902548e-06 3.489781877018410139e+00 1.718785126650552731e+06
7.881497111241342611e-06 3.472274564576376843e+00 1.718956695880690590e+06
7.877396130357807363e-06 3.455864827955918539e+00 1.719203095076918835e+06
7.862924905457188316e-06 3.440973863480370820e+00 1.719734524878164288e+06
7.849119082170245498e-06 3.427554305153234449e+00 1.720527492702842457e+06
7.844996403524608200e-06 3.415195477583117256e+00 1.721380662434253609e+06
7.830014541247071584e-06 3.404310140695880893e+00 1.722508247381725814e+06
7.816181561254203209e-06 3.394809540284489113e+00 1.723870657392408233e+06
7.810608019517702082e-06 3.386319779481588910e+00 1.725288134304592386e+06
7.794264767880656610e-06 3.379222897903223721e+00 1.726966643384665949e+06
7.779713465744657431e-06 3.373382657260513895e+00 1.728846962949374923e+06
7.771236160432371472e-06 3.368490355393553237e+00 1.730786102103375131e+06
7.757063112971111248e-06 3.364707321000678597e+00 1.732882945213920437e+06
7.744675871916951255e-06 3.361890798458315732e+00 1.735079174605117412e+06
7.733911055010438571e-06 3.359901766581452343e+00 1.737321341976340394e+06
7.724615916656261906e-06 3.358612198072142174e+00 1.739561980446694186e+06
7.716647620749559253e-06 3.357904411875866302e+00 1.741759229731404455e+06
7.709872623076376090e-06 3.357670501367768789e+00 1.743876487095220946e+06
7.704166119807453946e-06 3.357811823003810314e+00 1.745882078592581674e+06
7.699411578226453195e-06 3.358238531852549613e+00 1.747748945818391396e+06
7.695500319907201345e-06 3.358869153077955527e+00 1.749454344831162598e+06
7.692331149129861420e-06 3.359630180437959801e+00 1.750979554779598722e+06
7.689810013778725089e-06 3.360455694408391647e+00 1.752309594557872275e+06
7.687849691211643305e-06 3.361286994346020851e+00 1.753432946484892396e+06
7.686369475661636202e-06 3.362072240663554368e+00 1.754341286800893489e+06
7.685294896308425916e-06 3.362766102993731465e+00 1.755029222462578444e+06
7.704774724536775487e-06 3.362555074781212294e+00 1.755089868215592112e+06
7.721041761072045697e-06 3.361615294504828544e+00 1.754632806960498448e+06
7.734606700683602790e-06 3.360115925574473916e+00 1.753754912889238447e+06
7.799896147674131668e-06 3.356144278276913973e+00 1.751465917527719866e+06
7.850709385055191521e-06 3.350508678848129307e+00 1.748196936085605295e+06
7.891990669855603995e-06 3.343828069696963112e+00 1.744257320168887731e+06
8.005005628941362872e-06 3.333632040930418317e+00 1.738346601366249612e+06
8.084083984338435988e-06 3.321676280954947824e+00 1.731372507223321125e+06
8.146810988129612262e-06 3.308984125530427978e+00 1.723829289830200141e+06
8.298954364132595090e-06 3.292626725262685294e+00 1.714160890578379622e+06
8.390178585435186339e-06 3.275459184802403279e+00 1.703832541250908747e+06
8.460577752923662025e-06 3.258691796970686561e+00 1.693415222554240841e+06
8.630831351658625216e-06 3.239136202668780662e+00 1.681213095509779174e+06
8.710952089476109027e-06 3.220594534333890202e+00 1.669175063076852821e+06
8.770694232127936686e-06 3.204124312515483908e+00 1.657783010214995127e+06
8.936254347810000651e-06 3.186317956632884307e+00 1.645237881032118108e+06
8.987077834021900627e-06 3.171566541656055005e+00 1.633788535199421225e+06
9.022922863155353540e-06 3.160520368043838957e+00 1.623704385505614802e+06
9.166616441941058120e-06 3.149602701050815412e+00 1.613120188653521240e+06
9.177995192406097636e-06 3.143493577796669491e+00 1.604423159594765166e+06
9.183368312215944553e-06 3.142326044782137284e+00 1.597617948825828731e+06
9.295574871198070604e-06 3.142414954041613750e+00 1.590811389480992919e+06
9.269250283531117282e-06 3.148415846890356917e+00 1.586358195980427554e+06
9.246568810447569514e-06 3.159987118815648088e+00 1.584026040309692034e+06
9.325795504410484374e-06 3.173457270395408703e+00 1.581962347833497683e+06
9.268896422369898692e-06 3.193295067871516846e+00 1.582399938953486504e+06
9.224201032521154025e-06 3.218770810189786946e+00 1.584923335270658368e+06
9.275834612250884349e-06 3.246238771012649238e+00 1.587735839579986408e+06
9.200230234999579986e-06 3.279878128124217973e+00 1.592898353665899253e+06
9.142774171048146577e-06 3.318680865517467105e+00 1.599881437245163834e+06
9.171424910540532297e-06 3.359178179312187762e+00 1.607028104711463209e+06
9.086541147530402318e-06 3.405154141658776279e+00 1.616182795395281631e+06
9.023380792679120172e-06 3.455392336807154408e+00 1.626751654822295066e+06
9.036593229069965678e-06 3.506581393497349541e+00 1.637215217483983608e+06
8.952790758190134124e-06 3.562023539961877372e+00 1.649173792205043836e+06
8.891644127910697856e-06 3.620380916507413893e+00 1.662023106170242652e+06
8.896503993852578315e-06 3.678548791333027257e+00 1.674406159880377352e+06
8.819138442617178999e-06 3.739398611109617576e+00 1.687715120877665933e+06
8.763755023590412310e-06 3.801537759233911018e+00 1.701369467837824486e+06
8.765728179123849381e-06 3.862050209144205493e+00 1.714159644891519565e+06
8.701577836586815433e-06 3.923298612420814457e+00 1.727243005742028123e+06
8.656921228201120772e-06 3.983952752526311425e+00 1.740110379594031023e+06
8.661992626516156857e-06 4.041331484361045945e+00 1.751704586696274346e+06
8.613137287550296140e-06 4.097443661261214842e+00 1.763017215320098447e+06
8.580419689556929031e-06 4.151132463751276092e+00 1.773640744357899530e+06
8.591212743638138705e-06 4.199993124763697239e+00 1.782663693429861218e+06
8.557841545657357573e-06 4.245794153978299512e+00 1.790952399743306218e+06
8.536798621530725564e-06 4.287657282825986904e+00 1.798221333834721707e+06
8.554339133006146878e-06 4.323495929210754873e+00 1.803694504233725136e+06
8.533785450272006722e-06 4.355019754657732278e+00 1.808177173889327561e+06
8.521894764688206384e-06 4.381687083589457465e+00 1.811505207358696032e+06
8.545350674387418432e-06 4.401716673015371839e+00 1.813008449819918722e+06
8.534000904810719635e-06 4.416884923068430169e+00 1.813473360067203408e+06
8.528074425574163410e-06 4.426989681429641443e+00 1.812841392379351426e+06
8.556281895324719189e-06 4.430479120776210422e+00 1.810502452568635112e+06
8.550773195151492484e-06 4.429267950989457248e+00 1.807251696324300021e+06
8.547960683489234308e-06 4.423449066839840071e+00 1.803112323946824064e+06
8.578806417389961913e-06 4.411646045171962349e+00 1.797508853512800997e+06
8.575644222666427109e-06 4.395912822963658151e+00 1.791252650630091550e+06
8.573142746711863403e-06 4.376547557204278682e+00 1.784417326890231576e+06
8.607049821448091567e-06 4.352150202289594816e+00 1.776386650939184241e+06
8.605082798615226774e-06 4.324920264184889618e+00 1.768005048526124330e+06
8.602121123993679603e-06 4.295285802882975901e+00 1.759376820924591040e+06
8.639399012998966987e-06 4.261735014983148773e+00 1.749818005261091748e+06
8.637415058388145094e-06 4.226615145895342707e+00 1.740223171797038987e+06
8.633258019915121125e-06 4.190404788596742591e+00 1.730707585278252838e+06
8.675319007963532795e-06 4.151352261017623668e+00 1.720475652018768247e+06
8.674424989206211257e-06 4.111912371012153677e+00 1.710470931315122638e+06
8.670267617464538676e-06 4.072577815520607381e+00 1.700815126729080221e+06
8.721490011416200365e-06 4.031217100276588639e+00 1.690547158719505416e+06
8.722855090515036148e-06 3.990508843067260170e+00 1.680719531148810871e+06
8.719904786288574318e-06 3.950941619100541757e+00 1.671458959304305725e+06
8.782287789555464971e-06 3.909987208254447566e+00 1.661631814744668780e+06
8.786971015825555047e-06 3.870555966351927779e+00 1.652412146336654900e+06
8.786310121320686491e-06 3.833121744784763862e+00 1.643930940487020416e+06
8.860882072986153368e-06 3.794784924686837702e+00 1.634890492035165895e+06
8.868164550729994603e-06 3.758730530118659541e+00 1.626611253635203699e+06
8.869428168769459821e-06 3.725392651132299005e+00 1.619219233388326131e+06
8.957655814530112001e-06 3.691443585854350840e+00 1.611225384668406565e+06
8.965822048178851141e-06 3.660448285287270842e+00 1.604146559103000909e+06
8.967855065972526053e-06 3.632773508854148847e+00 1.598090747799755307e+06
9.066040727517069708e-06 3.604772264596007858e+00 1.591422792767755687e+06
9.071626254204371521e-06 3.580344479106522204e+00 1.585838623940495076e+06
9.071927938338842650e-06 3.559744008979845997e+00 1.581406737222826341e+06
9.174494743824808588e-06 3.539111971706476734e+00 1.576393545268714894e+06
9.173404421468815760e-06 3.522606052743264549e+00 1.572638328350522788e+06
9.169017961648400378e-06 3.510321754677539374e+00 1.570147457479905104e+06
9.268328230666210017e-06 3.498338199777451862e+00 1.567158255419438705e+06
9.253344179617976867e-06 3.491051092738163941e+00 1.565639197575744474e+06
9.238916641822120311e-06 3.488319639873571187e+00 1.565497303494477412e+06
9.329194142782901229e-06 3.486131892124082921e+00 1.564932932964935433e+06
9.298968481209531964e-06 3.488989145532753078e+00 1.565976984741674270e+06
9.273747379472473983e-06 3.496507718278788257e+00 1.568432586240405450e+06
9.347298941004573693e-06 3.504809010743586750e+00 1.570569241731823422e+06
9.299711460112110469e-06 3.518337994307034755e+00 1.574398275116882287e+06
9.262213594725184711e-06 3.536445190396470206e+00 1.579610498101908481e+06
9.321040594660394182e-06 3.555223854090757474e+00 1.584479615167297889e+06
9.263036402914597158e-06 3.578950928654131669e+00 1.590941783342878101e+06
9.218706042826843106e-06 3.606787681883196761e+00 1.598613827294077957e+06
9.266400526798734621e-06 3.634861850311771114e+00 1.605808933963317890e+06
9.202537507184109584e-06 3.667303551722962407e+00 1.614393444483007537e+06
9.154751205069683626e-06 3.703133248073817718e+00 1.623936689100199845e+06
9.193504635682502859e-06 3.738551637749672363e+00 1.632814778883534949e+06
9.132727352854202172e-06 3.777309991764699948e+00 1.642721159906517249e+06
9.088274421491922161e-06 3.818387017038802345e+00 1.653226983714018250e+06
9.125297385697598386e-06 3.858064802859471509e+00 1.662778078327191528e+06
9.070207977108518077e-06 3.899923474918284949e+00 1.672985059224966448e+06
9.030776489368066892e-06 3.942953358968601218e+00 1.683443045737205772e+06
9.067228635278776319e-06 3.983566716498384341e+00 1.692686522859817138e+06
9.019220212172472876e-06 4.025167758932359341e+00 1.702238196778240614e+06
8.985557777232356844e-06 4.066807679727893365e+00 1.711734406668548239e+06
9.020929107486734059e-06 4.105126009980443413e+00 1.719832249048668426e+06
8.979617434689069665e-06 4.143340435802717714e+00 1.727957856882087421e+06
8.951084943952119941e-06 4.180599073980960867e+00 1.735797006016120547e+06
8.982047703035543696e-06 4.213937548121211130e+00 1.742188520352536114e+06
8.942313692377436220e-06 4.246445782291659476e+00 1.748481764042865485e+06
8.914535061806061085e-06 4.277341220180145953e+00 1.754392355806693435e+06
8.935514439596607453e-06 4.304141499091662659e+00 1.758963971744893584e+06
8.892422216056149702e-06 4.329740784707975187e+00 1.763439642392893322e+06
8.861265740042032312e-06 4.353380018608381086e+00 1.767541329576152377e+06
8.868114937593417869e-06 4.373077420219673606e+00 1.770515630202595610e+06
8.818851514761555092e-06 4.391426023088187414e+00 1.773459355025642551e+06
8.781972319472594420e-06 4.407657226561707553e+00 1.776085956103456439e+06
8.774430375982277824e-06 4.420203938244017472e+00 1.777804444460090948e+06
8.721094692515847342e-06 4.431216019210388879e+00 1.779514195274263853e+06
8.680155194614424375e-06 4.439944528268641832e+00 1.780931640308486531e+06
8.660643082462671349e-06 4.445225698514682300e+00 1.781619584810521919e+06
8.606922568080214276e-06 4.448691666092425834e+00 1.782254972624550341e+06
8.564889036876822650e-06 4.449668137169252802e+00 1.782577652173458831e+06
8.537122526477834732e-06 4.447387281264002290e+00 1.782297666856209747e+06
8.486721355365246596e-06 4.442962657011407579e+00 1.781871409061877988e+06
8.446595933447053099e-06 4.435852637968718426e+00 1.781082442727543646e+06
8.416134198280713017e-06 4.425586336159645917e+00 1.779745390097041149e+06
8.378175003149667072e-06 4.412602363538679739e+00 1.778032270278184209e+06
8.347333001579444509e-06 4.396630331643041956e+00 1.775821667101451196e+06
8.322094150873366006e-06 4.377519221156461526e+00 1.773036997556045186e+06
8.301174809630177927e-06 4.355237221339363529e+00 1.769641598843168933e+06
8.283492089879734317e-06 4.329851971123560794e+00 1.765631404312896077e+06
8.268138745908616398e-06 4.301512227763852891e+00 1.761028437776613748e+06
8.254361562965555958e-06 4.270430976039474302e+00 1.755875054230451584e+06
8.241542448844358466e-06 4.236870029624560274e+00 1.750228876118097920e+06
8.229181790343422873e-06 4.201126177978587783e+00 1.744158381686049979e+06
8.216883491959899651e-06 4.163518918753385201e+00 1.737739108490703860e+06
8.204341589877965258e-06 4.124379783858269199e+00 1.731050430844817078e+06
8.191328167148517099e-06 4.084043234344099993e+00 1.724172869083499769e+06
8.177682429872287412e-06 4.042839066999392550e+00 1.717185885754504940e+06
8.163300796059944704e-06 4.001086246826987214e+00 1.710166122451443924e+06
8.148127976840380154e-06 3.959088055794736327e+00 1.703186028815065511e+06
8.132148957415850891e-06 3.917128432008225136e+00 1.696312835905111395e+06
8.115381755994462672e-06 3.875469363643359255e+00 1.689607828413995681e+06
8.114228794364429373e-06 3.833653321716988582e+00 1.682820408516838448e+06
8.109572095296081564e-06 3.792102262973089388e+00 1.676084476417308673e+06
8.101968284266968093e-06 3.751193452349073976e+00 1.669514153353423579e+06
8.122675524234914326e-06 3.709975858488927081e+00 1.662635076723943697e+06
8.128717552261316361e-06 3.669388203776601909e+00 1.655816649959788192e+06
8.129597774154099675e-06 3.629909905876493426e+00 1.649221823273859918e+06
8.167414870930698502e-06 3.590277170574296406e+00 1.642228575708123855e+06
8.181467983614310586e-06 3.551789051682962661e+00 1.635384179790307535e+06
8.188624720839219633e-06 3.514969145025064634e+00 1.628880381643159315e+06
8.242665161565438558e-06 3.478189508544728969e+00 1.621921843992852606e+06
8.261474738331771862e-06 3.443154045501985117e+00 1.615264215760175372e+06
8.272314201889908626e-06 3.410376467769602016e+00 1.609105763022014871e+06
8.339665665829950228e-06 3.377879355633138125e+00 1.602482307764242403e+06
8.359179072325846635e-06 3.347761514958667473e+00 1.596361599524927326e+06
8.370567206942768635e-06 3.320469965113892918e+00 1.590922227375560906e+06
8.447509560702664614e-06 3.293698807899887004e+00 1.585039357004675549e+06
8.464555812079540241e-06 3.269880405303890125e+00 1.579867854800186818e+06
8.474181200089538684e-06 3.249357369783797633e+00 1.575546423444437794e+06
8.559105577992995504e-06 3.229473125015318580e+00 1.570777250375288073e+06
8.571718693338311278e-06 3.212993602515311409e+00 1.566901515776805114e+06
8.578267631553339196e-06 3.200142293879765898e+00 1.564006619808381889e+06
8.667292012950380539e-06 3.188003191246207457e+00 1.560666110450921580e+06
8.673428393852441906e-06 3.179607537188454014e+00 1.558369760068251519e+06
8.675535197391161379e-06 3.175044760406120048e+00 1.557143036064182641e+06
8.767582839895601637e-06 3.171120881967775418e+00 1.555424748308875365e+06
8.767854746079534173e-06 3.171095941279472363e+00 1.554828394174312707e+06
8.766215706248316216e-06 3.174940397670605208e+00 1.555322374871529872e+06
8.859522773820981568e-06 3.179257426910310436e+00 1.555252953436182113e+06
8.852624541605722298e-06 3.187547933583249726e+00 1.556354638513148297e+06
8.846338990603943482e-06 3.199655021544412392e+00 1.558534267329524737e+06
8.943085944367022575e-06 3.211850283748465706e+00 1.559991319547472056e+06
8.933742502046734964e-06 3.227831879815754146e+00 1.562552434789875057e+06
8.926582424562501018e-06 3.247368638071329805e+00 1.566090331651148386e+06
9.028262754410001868e-06 3.266468672783189753e+00 1.568701012126259971e+06
9.017817073213797756e-06 3.289073596608354411e+00 1.572316569831153145e+06
9.010746687661447634e-06 3.314896469425948400e+00 1.576786412358743837e+06
9.117223991690544485e-06 3.339699253622178787e+00 1.580122106235403102e+06
9.107896730927581830e-06 3.367616904196018890e+00 1.584328295443506446e+06
9.102502663583242866e-06 3.398334925515629212e+00 1.589246922903222265e+06
9.212439115789222734e-06 3.427460142696363121e+00 1.592857269471206935e+06
9.200384873685967630e-06 3.459436267687150401e+00 1.597280215314000612e+06
9.193451793811995519e-06 3.493888961809078708e+00 1.602335026094293687e+06
9.301152593681124041e-06 3.526335770495765409e+00 1.606005135152607691e+06
9.283305934677084519e-06 3.561445606237345629e+00 1.610478019203694770e+06
9.272319288991467967e-06 3.598752175855282509e+00 1.615537281972849974e+06
9.376402148616329424e-06 3.633624443168511853e+00 1.619148030166211771e+06
9.352327128530660589e-06 3.670941733687980157e+00 1.623550305292290403e+06
9.336844631108919885e-06 3.710143751779863219e+00 1.628493232172055868e+06
9.435781011601774749e-06 3.746485131943669611e+00 1.631942159220467322e+06
9.406432667606226850e-06 3.784977418737332844e+00 1.636149212794997031e+06
9.387085763208899083e-06 3.824980719119386308e+00 1.640837575152258854e+06
9.481889867703686590e-06 3.861623841233877474e+00 1.643969147856598021e+06
9.450784241812082792e-06 3.899968252575589656e+00 1.647770110740672331e+06
9.430187672449230811e-06 3.939344361461251331e+00 1.651960285061158473e+06
9.524925847176084930e-06 3.974715893892185381e+00 1.654481044054453727e+06
9.494408460248972504e-06 4.011283117431828416e+00 1.657568726310801227e+06
9.474209305660405376e-06 4.048394041407971322e+00 1.660956960256169550e+06
9.567705813360106437e-06 4.080987947800847948e+00 1.662621025545934448e+06
9.537842678932086484e-06 4.114349743754371680e+00 1.664781486392977647e+06
9.517918334433754325e-06 4.147861895487556794e+00 1.667189150011240970e+06
9.608265475615383194e-06 4.176539191835795251e+00 1.667886592632591026e+06
9.576898706940149733e-06 4.205745466127785548e+00 1.669075109699408524e+06
9.555431949546471548e-06 4.234881309223013979e+00 1.670512565607183613e+06
9.641243033586944543e-06 4.259033798848367525e+00 1.670299915792275220e+06
9.605103231398419016e-06 4.283705646199499562e+00 1.670644395699258195e+06
9.579460770847160987e-06 4.308277189091976211e+00 1.671293601232000627e+06
9.657241547186165657e-06 4.327949067915796810e+00 1.670416650857539615e+06
9.615786754222197419e-06 4.348200334550837987e+00 1.670167300146980444e+06
9.585544501030513858e-06 4.368378431659388106e+00 1.670279160192143638e+06
9.655181156208113608e-06 4.383793682958964766e+00 1.668982961281866068e+06
9.609887595880590796e-06 4.399809581689988036e+00 1.668350960911971983e+06
9.576221682546025798e-06 4.415757392540030857e+00 1.668110355842580553e+06
9.640091261837631511e-06 4.427019914027043868e+00 1.666534798057711916e+06
9.592641811770005901e-06 4.438867309675438300e+00 1.665630998767098179e+06
9.556876523716574201e-06 4.450638710382913033e+00 1.665128699359430699e+06
9.616910889622987010e-06 4.457778970943142127e+00 1.663336040925458539e+06
9.570216354336149372e-06 4.465410844488067355e+00 1.662180462080116617e+06
9.534651656005755087e-06 4.472922555121358279e+00 1.661409196096806088e+06
9.599416686186276642e-06 4.475558795834087888e+00 1.659262897255897755e+06
9.560004347017432515e-06 4.478408600968990072e+00 1.657638016570057953e+06
9.529745380731339551e-06 4.481012361943320421e+00 1.656334547885433072e+06
9.606060564045250101e-06 4.478382707461197931e+00 1.653508471027621999e+06
9.577828013704093479e-06 4.475721287850378260e+00 1.651081869874173310e+06
9.555849780476398226e-06 4.472786151715986591e+00 1.648927856352230301e+06
9.652520393681925985e-06 4.464133596349463495e+00 1.645029567051419523e+06
9.641365297570880230e-06 4.455222603619252375e+00 1.641390561621223809e+06
9.632135931356335400e-06 4.446122691310126385e+00 1.637988036582113709e+06
9.755128524529488470e-06 4.430930227868690174e+00 1.632625424295055680e+06
9.758792038979224911e-06 4.415714015280356008e+00 1.627519866931974422e+06
9.760300441835502897e-06 4.400816410142929236e+00 1.622736991921537090e+06
9.913792214056036927e-06 4.379625499471172745e+00 1.615807104965934996e+06
9.932395206252713711e-06 4.358938926621289234e+00 1.609211107519158861e+06
9.944519915713276878e-06 4.339351505627731420e+00 1.603097562939131400e+06
1.012702806001399332e-05 4.313650017402928860e+00 1.594763131575589301e+06
1.015275482650362106e-05 4.289521277260482712e+00 1.587018962708245963e+06
1.016936239945668805e-05 4.267655611670289950e+00 1.580043416264617117e+06
1.038002020894828491e-05 4.240015393475272454e+00 1.570821462136624614e+06
1.040945722374813886e-05 4.215160983938948114e+00 1.562497208704157267e+06
1.042805709429997476e-05 4.193789238999633184e+00 1.555250173845282057e+06
1.066485992146786790e-05 4.167047926400328173e+00 1.545762148791421670e+06
1.069067117866090194e-05 4.144477379534924566e+00 1.537553313210627297e+06
1.070598515849349094e-05 4.126645260848257557e+00 1.530756119278458413e+06
1.096402121346079286e-05 4.103870200972889570e+00 1.521751050107142655e+06
1.098362615825329036e-05 4.086488183123973883e+00 1.514364203381644096e+06
1.099420185757131777e-05 4.074886789560172140e+00 1.508662580062581459e+06
1.127986705577691452e-05 4.058265295065316636e+00 1.500626730450970819e+06
1.129410154336976565e-05 4.047982722390581323e+00 1.494464434521023883e+06
1.130097470319618820e-05 4.044268345465908965e+00 1.490182102716077585e+06
1.161008562278167733e-05 4.035416562169359622e+00 1.483452087147168582e+06
1.161600332242447894e-05 4.033753776597520435e+00 1.478826615808752133e+06
1.161737653521518538e-05 4.039314492188411876e+00 1.476236499471821589e+06
1.193753077110637503e-05 4.039841879651844714e+00 1.471192275599028915e+06
1.192752929974936944e-05 4.048455917735943821e+00 1.468503951346840011e+06
1.191830018023323826e-05 4.064892099163071038e+00 1.467988832904201932e+06
1.223487461574901798e-05 4.076589907471032781e+00 1.465104219282512786e+06
1.219241583432241122e-05 4.097595835058459812e+00 1.464938506500055548e+06
1.216117800730990064e-05 4.127118365539167222e+00 1.467114288028786425e+06
1.245937721163135306e-05 4.152241581602377885e+00 1.467037057161539327e+06
1.237915763136888299e-05 4.187727075968276758e+00 1.469969871339909965e+06
1.232262135372448786e-05 4.232177537919289634e+00 1.475321741215139860e+06
1.258488102808155465e-05 4.272696975624212357e+00 1.478598782633260591e+06
1.246508611707519855e-05 4.324358275329181822e+00 1.485070702075751731e+06
1.238212636139637395e-05 4.385106556083798957e+00 1.493930830856503453e+06
1.259574581605137395e-05 4.442365657564917747e+00 1.500904922708838480e+06
1.243764463943958127e-05 4.511188619102195041e+00 1.511139537613703636e+06
1.232888166045748227e-05 4.588832685934452371e+00 1.523622999391387450e+06
1.249053944243013161e-05 4.663091553701727676e+00 1.534328176027950831e+06
1.229801617820412971e-05 4.748903033827713394e+00 1.548243020522195147e+06
1.216548259153435908e-05 4.842829012409946898e+00 1.564171689382127253e+06
1.227607576953245567e-05 4.933020412736419225e+00 1.578336406358212931e+06
1.206447107870511064e-05 5.033793104160566578e+00 1.595410601568478625e+06
1.191835579591423733e-05 5.141163148405598626e+00 1.614089295389999403e+06
1.198726562982676613e-05 5.243711234302235624e+00 1.630868826825347263e+06
1.177515045666950098e-05 5.354690773240123214e+00 1.649991630580293946e+06
1.162819355452028408e-05 5.469811541233614349e+00 1.670137431102960603e+06
1.166867317072973800e-05 5.578204289880801525e+00 1.688104627581647364e+06
1.146965362875389276e-05 5.691905655884523796e+00 1.707684264256426133e+06
1.133126494769195503e-05 5.806572943641802098e+00 1.727619702443630667e+06
1.135475384677802409e-05 5.912027002360863648e+00 1.745028897332547000e+06
1.117780008482002936e-05 6.019022432495003017e+00 1.763253305456694448e+06
1.105426734814910820e-05 6.123444696694654077e+00 1.781166970558940666e+06
1.107046004878315232e-05 6.215940801908507396e+00 1.796208430963111110e+06
1.092029583784018078e-05 6.306071288733977376e+00 1.811307021895418409e+06
1.081493911641830765e-05 6.390241555164714704e+00 1.825520589651783463e+06
1.082926438948206774e-05 6.460162592613304611e+00 1.836628074598754290e+06
1.070505553350496267e-05 6.524409456129241391e+00 1.847208126290647080e+06
1.061706224840544738e-05 6.580121888628105431e+00 1.856524950907705585e+06
1.063337925437030760e-05 6.620099730397440041e+00 1.862656363325409824e+06
1.053240411528599723e-05 6.652202955437358511e+00 1.867905918970983708e+06
1.045958491109727135e-05 6.674433468293558214e+00 1.871746737190403976e+06
1.047982739413250059e-05 6.680628853658295618e+00 1.872503842166803312e+06
1.039749838502323533e-05 6.678208502141385949e+00 1.872286115015781485e+06
1.033628726593624871e-05 6.666024299246402940e+00 1.870753160937209148e+06
1.036088539190178371e-05 6.638773193923618088e+00 1.866407915214251028e+06
1.029383891004763494e-05 6.603504836065429373e+00 1.861198088010367472e+06
1.024174605855818256e-05 6.559819233596476451e+00 1.854940672072520014e+06
1.027039577847288462e-05 6.503115657286378415e+00 1.846270857827191940e+06
1.021341452969185142e-05 6.440191953563340732e+00 1.837032185372303473e+06
1.016660385104973511e-05 6.371167912223786089e+00 1.827149722169989487e+06
1.019798566494716929e-05 6.291884547661804383e+00 1.815329782687980449e+06
1.014629455710745058e-05 6.208894510262665811e+00 1.803344787639243063e+06
1.010140553845765015e-05 6.122579139640911272e+00 1.791177812655014917e+06
1.013154616558391145e-05 6.029136301552433075e+00 1.777601229296082864e+06
1.007907118692544201e-05 5.934797623345878570e+00 1.764326189023044426e+06
1.003184024525262208e-05 5.839930765294141679e+00 1.751338017185691977e+06
1.005740116758459519e-05 5.740910049875663113e+00 1.737441713148487499e+06
1.000045016929409342e-05 5.643532084689015349e+00 1.724277860631036805e+06
9.948569634581700395e-06 5.547981024479232914e+00 1.711798953103052452e+06
9.963958985819676745e-06 5.450917032488777458e+00 1.698889418117217720e+06
9.897228495379994655e-06 5.357613102294482843e+00 1.687105329896084731e+06
9.837115629507900500e-06 5.267927982043918433e+00 1.676329182790546678e+06
9.836893418585672725e-06 5.178838803033797511e+00 1.665544969014773611e+06
9.758352584923409462e-06 5.094920526261915938e+00 1.656169173816546332e+06
9.688942981331314877e-06 5.015683038774448654e+00 1.648002149783596164e+06
9.668159356222803949e-06 4.938594914179380346e+00 1.640189169889485696e+06
9.574799058434449101e-06 4.867505464775779167e+00 1.633985858176259324e+06
9.494076976752936686e-06 4.801565209009395652e+00 1.629097161858416162e+06
9.450961204599222552e-06 4.738695963562005176e+00 1.624822666959529743e+06
9.346002931011021284e-06 4.681891059268504129e+00 1.622192705717419041e+06
9.256720951233504230e-06 4.630044640682588586e+00 1.620837297036828240e+06
9.192975710629388775e-06 4.581603957554177597e+00 1.620237371119829128e+06
9.081089496182798374e-06 4.538692825890687566e+00 1.621166964095457923e+06
8.986978978988666459e-06 4.500056821429677001e+00 1.623206865259165410e+06
8.909674064202042292e-06 4.464534771671855751e+00 1.625974916511193383e+06
8.801278611641088253e-06 4.433341572692103050e+00 1.629947065281868447e+06
8.710670110952526329e-06 4.405244167974411873e+00 1.634705753884064965e+06
8.636003471861653137e-06 4.379155385583865190e+00 1.639886569169164868e+06
8.552489766283386942e-06 4.355260539564362432e+00 1.645591008401802508e+06
8.482535130520104332e-06 4.332666468085601075e+00 1.651510238205246860e+06
8.433612638790797926e-06 4.310189174591350536e+00 1.657218474430587143e+06
8.382658012373549110e-06 4.287851682488303950e+00 1.662741459003730211e+06
8.339722618198935485e-06 4.265223590015459365e+00 1.667922326184977544e+06
8.355623140249265459e-06 4.239556428066055815e+00 1.671686274062545272e+06
8.365445957934560396e-06 4.211443027093825897e+00 1.674250211457559373e+06
8.372268223399918882e-06 4.181373586696063072e+00 1.675774710392917739e+06
8.489755444560259949e-06 4.144680684806287374e+00 1.674341491840740899e+06
8.581369126950540941e-06 4.103491451025810477e+00 1.670739920755252708e+06
8.652493103897474424e-06 4.059639456983796357e+00 1.665621204895424889e+06
8.894039120168503146e-06 4.006601354248048530e+00 1.656207521623452194e+06
9.063458539028478278e-06 3.949183312762106546e+00 1.644368437131743878e+06
9.191444569938698846e-06 3.890507402885340138e+00 1.631263483085318934e+06
9.552882075720190542e-06 3.822382076900881387e+00 1.613334415982213570e+06
9.769766021429165679e-06 3.752736927425336155e+00 1.593808513481019763e+06
9.926972628689796754e-06 3.685285855049895254e+00 1.574125236002400750e+06
1.037749358810907094e-05 3.610383931743013974e+00 1.550071654479540884e+06
1.059794936746181150e-05 3.538466660883658577e+00 1.526060971182966605e+06
1.075014382593696651e-05 3.472882580629057525e+00 1.503441056869007414e+06
1.125373532743159491e-05 3.402589533454897008e+00 1.477395974194189068e+06
1.143827092491625779e-05 3.339709852313193839e+00 1.453193555802195566e+06
1.155876508807834946e-05 3.286596898533333810e+00 1.431796890907897381e+06
1.208083846588540407e-05 3.231115141311847516e+00 1.407923990218040301e+06
1.220179738552909823e-05 3.186439807890369291e+00 1.387369045974643202e+06
1.227495912113550965e-05 3.153752156967405185e+00 1.370582855617889436e+06
1.277401023137869695e-05 3.120588796143049404e+00 1.352156381593063474e+06
1.280904831006958355e-05 3.100679103314457841e+00 1.338101563259575050e+06
1.282362817729418086e-05 3.094035656576922033e+00 1.328320444235896925e+06
1.328031273788516433e-05 3.087936609183423720e+00 1.317332389391175238e+06
1.322484422974802012e-05 3.096735079294933968e+00 1.311307431451463373e+06
1.318087087164359361e-05 3.119445748808557628e+00 1.309665596941632684e+06
1.358397537765849339e-05 3.143125749472111430e+00 1.306920035238945857e+06
1.344532432962208587e-05 3.182865046543849274e+00 1.309370686449387576e+06
1.334917987088591859e-05 3.236830640871643183e+00 1.316045439827558119e+06
1.369511248710297258e-05 3.291756365679045615e+00 1.321475220252336934e+06
1.350134653759398138e-05 3.363210352340890275e+00 1.331927731357505312e+06
1.337213612978570387e-05 3.448722150735475278e+00 1.346179265669903951e+06
1.366297485938944696e-05 3.534809598176430256e+00 1.358894835714904126e+06
1.343073999902652139e-05 3.637584247819708239e+00 1.376298407987955026e+06
1.327867296692519461e-05 3.753938485297533045e+00 1.396972189772887155e+06
1.351595476673607701e-05 3.870101375054550985e+00 1.415748567681239219e+06
1.326095203416049753e-05 4.002609233748666284e+00 1.438740867257195525e+06
1.309529307225183313e-05 4.147682435826427927e+00 1.464384533983366331e+06
1.327761446030369020e-05 4.291423623663218834e+00 1.487782675085747615e+06
1.300905722411232031e-05 4.450564343752397178e+00 1.514848919003006537e+06
1.283453130160069082e-05 4.620574301362680103e+00 1.543898015891634859e+06
1.296561268076502941e-05 4.787446940027811237e+00 1.570329366442475468e+06
1.269711908442303127e-05 4.967654719748489711e+00 1.599721041109274374e+06
1.252186664049424079e-05 5.155960967877050827e+00 1.630329256303291535e+06
1.260831560142258495e-05 5.338497703690471496e+00 1.657927583492757753e+06
1.234882964767476837e-05 5.531107876135390455e+00 1.687675558872959577e+06
1.217802846591561502e-05 5.727964243610526474e+00 1.717831218800523551e+06
1.222723110030965170e-05 5.915621551086124974e+00 1.744595163822816219e+06
1.198819777995051956e-05 6.108661774607921480e+00 1.772562449816023232e+06
1.182940985454016323e-05 6.300975522559880915e+00 1.800084303410246968e+06
1.185397701378319702e-05 6.479842835327383810e+00 1.823815321727234870e+06
1.164239594179196491e-05 6.658401570024774507e+00 1.847779891447406961e+06
1.150037351157652131e-05 6.830691023763854730e+00 1.870507556248723296e+06
1.150675035804319975e-05 6.985329504604478323e+00 1.889188174139142269e+06
1.132479406017300439e-05 7.133808205176758399e+00 1.907247182488696184e+06
1.120098871287912419e-05 7.270783755285787464e+00 1.923455144644752843e+06
1.119457355291690144e-05 7.386703071452125791e+00 1.935562583457891596e+06
1.104079971982858178e-05 7.491468393749807220e+00 1.946427445920971455e+06
1.093408991715390653e-05 7.580765908305406420e+00 1.955094159241650254e+06
1.091649192239477975e-05 7.647313239152179420e+00 1.959888684094737051e+06
1.078325788002352491e-05 7.699743987512653653e+00 1.963193739204582991e+06
1.068780166805462864e-05 7.734929281027279835e+00 1.964302919492079876e+06
1.066011962676042177e-05 7.747704842801261371e+00 1.962007443404823076e+06
1.054404381915059484e-05 7.745451275144421110e+00 1.958236543958732160e+06
1.045745153312696736e-05 7.726268360457788198e+00 1.952510349845409393e+06
1.042157692131138024e-05 7.686901767480210701e+00 1.944002207647375530e+06
1.031896047355141240e-05 7.633610638907152968e+00 1.934249226957140956e+06
1.023871359413773675e-05 7.565575528972708241e+00 1.922957228935502935e+06
1.019587040516061542e-05 7.481069908086899645e+00 1.909590863560387865e+06
1.010491015948155657e-05 7.385190986502139232e+00 1.895321272341698408e+06
1.003012274869262630e-05 7.277961622120254326e+00 1.880001308524169493e+06
9.981710912856508132e-06 7.158804378544681768e+00 1.863321058443202171e+06
9.897966431688899334e-06 7.031864953666179474e+00 1.846177796017193701e+06
9.825711291842127132e-06 6.897646795911583695e+00 1.828514927900286624e+06
9.770696765632269775e-06 6.756306995590096953e+00 1.810184776755428175e+06
9.690124403755077663e-06 6.611066552958143383e+00 1.791853370065214345e+06
9.617855882620621579e-06 6.462569687166856092e+00 1.773504176659090212e+06
9.556017332405702787e-06 6.311308689418753559e+00 1.755088118143221131e+06
9.476101513323233365e-06 6.159641102634979326e+00 1.737079950152505888e+06
9.402523275596646638e-06 6.008122021325070783e+00 1.719469190404567868e+06
9.334975772227130380e-06 5.857280388577017050e+00 1.702252149104960496e+06
9.265382141776149589e-06 5.708114121291333554e+00 1.685570892311460804e+06
9.198911290658001673e-06 5.561212210122027599e+00 1.669462925871608313e+06
9.134745520008582062e-06 5.417146994590003040e+00 1.653975814348980784e+06
9.072266766373894196e-06 5.276461390705291521e+00 1.639162647258011857e+06
9.011022518961605529e-06 5.139651935057772292e+00 1.625077665358471684e+06
8.950696569598490888e-06 5.007157703713583707e+00 1.611772988642696990e+06
8.891083881742660450e-06 4.879354003574178478e+00 1.599296246600768529e+06
8.832069003806562564e-06 4.756549848769018318e+00 1.587688938958039740e+06
8.773607583242002639e-06 4.638988341791785430e+00 1.576985379297127947e+06
8.715710614266673084e-06 4.526849191650095250e+00 1.567212095600906527e+06
8.658431046556496562e-06 4.420252734861919386e+00 1.558387583151071100e+06
8.601852519784439747e-06 4.319264914398867283e+00 1.550522321534204762e+06
8.546079934922692112e-06 4.223902797507359530e+00 1.543618985028299736e+06
8.491231635510957163e-06 4.134140298387117163e+00 1.537672789439246291e+06
8.442962104387752263e-06 4.049670379739898962e+00 1.532579788671401097e+06
8.394551134845083966e-06 3.970491008461793481e+00 1.528352988846653374e+06
8.346865217806237304e-06 3.896535952509132095e+00 1.524985174017643090e+06
8.327280930344162983e-06 3.826565558338859141e+00 1.522007523709556321e+06
8.300763339598238511e-06 3.760947913000953768e+00 1.519576282170008635e+06
8.271983970851571179e-06 3.699812519146421064e+00 1.517754895831236849e+06
8.278731129753137422e-06 3.641722557430290941e+00 1.515965213133586571e+06
8.269000741248167931e-06 3.587481732231352805e+00 1.514547738118205452e+06
8.254713563584302913e-06 3.537333529389218079e+00 1.513614010423125466e+06
8.283604810163009861e-06 3.489616447045123859e+00 1.512464459367851028e+06
8.284022474758291643e-06 3.445595306362196908e+00 1.511655067654741229e+06
8.278654747944307369e-06 3.405540423627625213e+00 1.511315170402063057e+06
8.322122857033944552e-06 3.367619212335731582e+00 1.510647805219264701e+06
8.324758270405533048e-06 3.333498282795468892e+00 1.510415331952817971e+06
8.321867906655576547e-06 3.303382656263361916e+00 1.510726377379099373e+06
8.374522299537380285e-06 3.275204579268724547e+00 1.510658780993741937e+06
8.375545611977283818e-06 3.250937848998437740e+00 1.511145868915567873e+06
8.372156414385060902e-06 3.230689590529394639e+00 1.512256545067714062e+06
8.428360246465955001e-06 3.212245387566106114e+00 1.512983569701649947e+06
8.423742792021156057e-06 3.197814768473475677e+00 1.514397859022565652e+06
8.416763036053860064e-06 3.187374679271987254e+00 1.516509238337940304e+06
8.470777389650169253e-06 3.178640537769910512e+00 1.518264581284560729e+06
8.458889969311531045e-06 3.173917143043738509e+00 1.520800965100121452e+06
8.447169896913485490e-06 3.173043073619186139e+00 1.524062170850437135e+06
8.497339372244777314e-06 3.173668322532211317e+00 1.526956511269093491e+06
8.477093666064395056e-06 3.178200607453798732e+00 1.530683491385620087e+06
8.459837828045036197e-06 3.186337237440390879e+00 1.535118308858097997e+06
8.504869833289889223e-06 3.195663864114049790e+00 1.539138388372547692e+06
8.478504596905726780e-06 3.208597134072213475e+00 1.543954016186562367e+06
8.457505038506522930e-06 3.224718542013450762e+00 1.549386144850621698e+06
8.500129864157028961e-06 3.241508861775626027e+00 1.554269731648196466e+06
8.473083922557007324e-06 3.261334373923129082e+00 1.559792485387597699e+06
8.452592655667103995e-06 3.283718768451867387e+00 1.565752620966757182e+06
8.499386558598647355e-06 3.305957624746597379e+00 1.570912232144978363e+06
8.477611404730832963e-06 3.330428085251714965e+00 1.576462381110788789e+06
8.462167803400131848e-06 3.356668484713254408e+00 1.582215358068912989e+06
8.517362657489327050e-06 3.381809997511973975e+00 1.586876831405661069e+06
8.504733227360228298e-06 3.408282901209626736e+00 1.591656354214481078e+06
8.497118499135803744e-06 3.435702248013991156e+00 1.596408868546962272e+06
8.560904456026793055e-06 3.461148322898379703e+00 1.599839311220446602e+06
8.556004833528562078e-06 3.487180255713703936e+00 1.603203093530216021e+06
8.554731360355850251e-06 3.513503089828082349e+00 1.606399361759324791e+06
8.627431636869359639e-06 3.537089567253349998e+00 1.608105069225671701e+06
8.626976773405750033e-06 3.560776144744940641e+00 1.609680837152853608e+06
8.629106652321712523e-06 3.584349275806893775e+00 1.611059393779947422e+06
8.707373978342178547e-06 3.604695153788829209e+00 1.610896813857882284e+06
8.707624013745405127e-06 3.624936829953569362e+00 1.610653243785279803e+06
8.709977171574675352e-06 3.644913943524801692e+00 1.610277393510416150e+06
8.794113755956258090e-06 3.661289696815360095e+00 1.608342295765384566e+06
8.796762763058950868e-06 3.677415892712935008e+00 1.606376350101791322e+06
8.800583425353224152e-06 3.693211614316784797e+00 1.604353346089596394e+06
8.890332885395460199e-06 3.705192210610263714e+00 1.600795971525718458e+06
8.893169549731355574e-06 3.717005176363459729e+00 1.597324964406946441e+06
8.896615712243714999e-06 3.728625098741908950e+00 1.593926096345409052e+06
8.990570606015572957e-06 3.736401249652301360e+00 1.589063743815177586e+06
8.993079700830079558e-06 3.744218432594450974e+00 1.584423682276791427e+06
8.995734022200525809e-06 3.752093458355111544e+00 1.579998207813040586e+06
9.089451846811452468e-06 3.756369983094190346e+00 1.574261742345918901e+06
9.085226399880874884e-06 3.761210014817183200e+00 1.568980815526010701e+06
9.082088179084843311e-06 3.766579868877396819e+00 1.564116657064285595e+06
9.169371118403072787e-06 3.768834741502080643e+00 1.558161764792739181e+06
9.154772544885955311e-06 3.772268080458217376e+00 1.552905317809171509e+06
9.143172836462029485e-06 3.776729994028078963e+00 1.548255464821186149e+06
9.221465923511401946e-06 3.778559684020749376e+00 1.542713585564865032e+06
9.194512283887689257e-06 3.782142088001562819e+00 1.538080068163533928e+06
9.173109271598410737e-06 3.787172555840235155e+00 1.534199400655703153e+06
9.240995202022455138e-06 3.789960193698282520e+00 1.529578338601564523e+06
9.204686458752539587e-06 3.794806991341138414e+00 1.525962987008342054e+06
9.176033972920029288e-06 3.801281021518721825e+00 1.523150501879946562e+06
9.233923444834494883e-06 3.805750735642939642e+00 1.519689815981004154e+06
9.190988909181449778e-06 3.812358811581113560e+00 1.517246587487490615e+06
9.157336793539990632e-06 3.820576396896400162e+00 1.515585644427060615e+06
9.208118293972794634e-06 3.826811405300133639e+00 1.513289409251769539e+06
9.161584786040178328e-06 3.835065974748660622e+00 1.511954506481701043e+06
9.125336634690492171e-06 3.844753937744437078e+00 1.511329887859980576e+06
9.171727618832246949e-06 3.852319124454242516e+00 1.510028296453601448e+06
9.124400927224924431e-06 3.861640451976159127e+00 1.509586594432475278e+06
9.087732483298688834e-06 3.872113884975401099e+00 1.509752793661431642e+06
9.134427133306516884e-06 3.880128459504891936e+00 1.509132041372959269e+06
9.091805908689183879e-06 3.889431174558371396e+00 1.509199838030461455e+06
9.059004375388139604e-06 3.899476651816733419e+00 1.509731181778853294e+06
9.118061389569751218e-06 3.906308395594075389e+00 1.509207724815684371e+06
9.088580066228123768e-06 3.913738598586029127e+00 1.509120557988065295e+06
9.066177223639617212e-06 3.921407381893436295e+00 1.509315414963786490e+06
9.148562329888457089e-06 3.924879350566634173e+00 1.508094597316849744e+06
9.139860919916907816e-06 3.928211103760451017e+00 1.507030947880611056e+06
9.133612876204338026e-06 3.931352742486854623e+00 1.506081939899093471e+06
9.248203967796357844e-06 3.929325924000004466e+00 1.503340555230756523e+06
9.263849345168572149e-06 3.926671216008445597e+00 1.500549284394514514e+06
9.276098993623705147e-06 3.923720118394836920e+00 1.497798238745306619e+06
9.428921153335932865e-06 3.914865043897504560e+00 1.492934160943156108e+06
9.464383330019405372e-06 3.905536828384986503e+00 1.488022216805428034e+06
9.491025006379319700e-06 3.896394306123658779e+00 1.483261038288546260e+06
9.684564283231153305e-06 3.880971303807182249e+00 1.476164644243938616e+06
9.735319528849025481e-06 3.865780071513300165e+00 1.469195835924234940e+06
9.772408623139030575e-06 3.851721614080219069e+00 1.462630789420483867e+06
1.000577281433760091e-05 3.831394311769871663e+00 1.453626752546765376e+06
1.006607031945659531e-05 3.812439530893415363e+00 1.445065966802239418e+06
1.010894587758063873e-05 3.795879639760101565e+00 1.437260433990207268e+06
1.037474723957061042e-05 3.773515634668327845e+00 1.427071474514480447e+06
1.043417823076180788e-05 3.754049609163577550e+00 1.417776657828978030e+06
1.047505357801486356e-05 3.738436165056853167e+00 1.409656843682621373e+06
1.076550812282819929e-05 3.717675664741290298e+00 1.399287406932818703e+06
1.081239311771297086e-05 3.701520413226673245e+00 1.390334469322845573e+06
1.084305007366824213e-05 3.690672429293150536e+00 1.382980140557919862e+06
1.113829202111933626e-05 3.675711729187999488e+00 1.373668783516391646e+06
1.115612285027594331e-05 3.667193471426588580e+00 1.366350206879622070e+06
1.116531688363533993e-05 3.665341499543882442e+00 1.361024726194224786e+06
1.143961081023258483e-05 3.660715074271483793e+00 1.354166202787234448e+06
1.141375405879445411e-05 3.664267209546299142e+00 1.349838743223112775e+06
1.139197586773382463e-05 3.675571317370918134e+00 1.347799903668983374e+06
1.162858520165683840e-05 3.685280700869439041e+00 1.344606017785825999e+06
1.154918114277308431e-05 3.704655093442908775e+00 1.344382391278586816e+06
1.149013546797613296e-05 3.732523673736427572e+00 1.346615444400168024e+06
1.167205568732734806e-05 3.759864075808278638e+00 1.348038274716276443e+06
1.153985471692025714e-05 3.797849504252447161e+00 1.352677551424334059e+06
1.144434350153339951e-05 3.844577895204965845e+00 1.359768402697186917e+06
1.156848547548362045e-05 3.891376879625796814e+00 1.366240792289442150e+06
1.139799585154838295e-05 3.948956767101246879e+00 1.375884334048527991e+06
1.127619836256814176e-05 4.014823217959221147e+00 1.387755021361187100e+06
1.134446232668702197e-05 4.080904199725952530e+00 1.399077507864426821e+06
1.114722008513320322e-05 4.157246716569662937e+00 1.413340894321918022e+06
1.100665703539789299e-05 4.240836253458179606e+00 1.429470679462788161e+06
1.102823250309149860e-05 4.324125415899849223e+00 1.444965839234441519e+06
1.082404721755237614e-05 4.416104460525179576e+00 1.462901643296074821e+06
1.067847939203422449e-05 4.513408027175420223e+00 1.482154527247306658e+06
1.066567992922540875e-05 4.609152344587257311e+00 1.500544611353761517e+06
1.046812445191342896e-05 4.711106449831869547e+00 1.520705621207908960e+06
1.032692901722933998e-05 4.815698869069602317e+00 1.541525259075554088e+06
1.029524254360162969e-05 4.916584953030323391e+00 1.561093939744530246e+06
1.012181774145540144e-05 5.020020853018579921e+00 1.581537886242427863e+06
9.997968265474576683e-06 5.122512590371943730e+00 1.601846100335522788e+06
9.966032530527178918e-06 5.218217611247209398e+00 1.620345601669895928e+06
9.826925998963015010e-06 5.312118000691302910e+00 1.638746710727304919e+06
9.728142903431869455e-06 5.401123300802854743e+00 1.656215961939702276e+06
9.705604757525950794e-06 5.480106551887240940e+00 1.671343382512447191e+06
9.605353463006195870e-06 5.552941586119749751e+00 1.685469137906258926e+06
9.535097421850732203e-06 5.617282864488146288e+00 1.697998536320212064e+06
9.529773631686537532e-06 5.668819720216395908e+00 1.707764036170729902e+06
9.464547112172902701e-06 5.710964681841406154e+00 1.715912396169296466e+06
9.419565132112976967e-06 5.742342785199910260e+00 1.722106282722904813e+06
9.432162770279473789e-06 5.759482802128718326e+00 1.725380228104525479e+06
9.392310907159315590e-06 5.765934151325365242e+00 1.726847306152897654e+06
9.364653538873040365e-06 5.761294325671324934e+00 1.726394997938200599e+06
9.395411425485344071e-06 5.742523323883082398e+00 1.723111761851862306e+06
9.376444349598543515e-06 5.713505119502616303e+00 1.718134652029285906e+06
9.362413974292858683e-06 5.674727625134518227e+00 1.711545658685704228e+06
9.413929876317350361e-06 5.623190452548765705e+00 1.702366378718804568e+06
9.412054043637904224e-06 5.563334137453491479e+00 1.691843327607322717e+06
9.408623456243244538e-06 5.496335465917840502e+00 1.680210060359324329e+06
9.481767888243300033e-06 5.418931101434619535e+00 1.666342765858887695e+06
9.493865993953496996e-06 5.336102084212777541e+00 1.651629300459652208e+06
9.498700876550601489e-06 5.249444854332551813e+00 1.636406382601413876e+06
9.594001190565254987e-06 5.155197834780505417e+00 1.619351932142672595e+06
9.613743419566593063e-06 5.058968530451013912e+00 1.602068096563867293e+06
9.622124344711190845e-06 4.962437261541783329e+00 1.584927783854550682e+06
9.731555129936714568e-06 4.861436402007444535e+00 1.566459434241316048e+06
9.747461566150946330e-06 4.762027585162572407e+00 1.548473557733314112e+06
9.750962635051203554e-06 4.665596916385347903e+00 1.531289621936531039e+06
9.863383947627668970e-06 4.567615258634520004e+00 1.513315870758213336e+06
9.864390269346918555e-06 4.474322550817015909e+00 1.496516623956546187e+06
9.855338169222753757e-06 4.386559717010038106e+00 1.481086137230229564e+06
9.962023145447330882e-06 4.299453583157211156e+00 1.465319529080297565e+06
9.940182563939122887e-06 4.219286814814688036e+00 1.451301085056859534e+06
9.913511391296342482e-06 4.146277326736215407e+00 1.439062228596315021e+06
1.000393260323032080e-05 4.075456552797817267e+00 1.426860854192535393e+06
9.956454624817180144e-06 4.012851852212579118e+00 1.416790320463877404e+06
9.911010594775098413e-06 3.958119022747168980e+00 1.408717865059189498e+06
9.979958685200973078e-06 3.906383894492056363e+00 1.400920135715451324e+06
9.908448264593225908e-06 3.863297129903426441e+00 1.395433823984214105e+06
9.846130391792761295e-06 3.828078106656169766e+00 1.391983609072662657e+06
9.886543712602372858e-06 3.796300997961298940e+00 1.388987855173281394e+06
9.789519103798629656e-06 3.773182356798394643e+00 1.388381539353360422e+06
9.709409310170222969e-06 3.757552457479387709e+00 1.389750024368450278e+06
9.718123125580332869e-06 3.745476939021477047e+00 1.391675178103074199e+06
9.600740431416841916e-06 3.741576935834811657e+00 1.395909767453199951e+06
9.506718837640514886e-06 3.744388716437037079e+00 1.401928419352550525e+06
9.486744569510590134e-06 3.750481148802282672e+00 1.408489761798078893e+06
9.356369213959423977e-06 3.763838681881572334e+00 1.417132954463861883e+06
9.253760017825433967e-06 3.782788220683399150e+00 1.427254867481339024e+06
9.211808311738006909e-06 3.804336125861099482e+00 1.437777352607273264e+06
9.082642696882427019e-06 3.831597134700804652e+00 1.449929495909180492e+06
8.982162185106857966e-06 3.862827241181213012e+00 1.463089113519377075e+06
8.930443274113977745e-06 3.895435036507887361e+00 1.476337009760827525e+06
8.814768510996291362e-06 3.931668480362847440e+00 1.490588915040693711e+06
8.725751590299742411e-06 3.969840846511795807e+00 1.505258008696478326e+06
8.673065324667436569e-06 4.007835753907694532e+00 1.519616415943838190e+06
8.577703288438144854e-06 4.047086201368135683e+00 1.534282901101371506e+06
8.505256484920212172e-06 4.086067131104535122e+00 1.548746424031289760e+06
8.458173793418257970e-06 4.123151677796262682e+00 1.562473584020255134e+06
8.385122282787670891e-06 4.159136498245798563e+00 1.575847741307061398e+06
8.330518049798151360e-06 4.192753358716452716e+00 1.588462403432029067e+06
8.292867184964004186e-06 4.222840661254893213e+00 1.599959698771270458e+06
8.240382242475324901e-06 4.249819862032266471e+00 1.610575777314215200e+06
8.201852847948066968e-06 4.272756029116303367e+00 1.620024073957217624e+06
8.174532627790988295e-06 4.290907126002232452e+00 1.628091194728054106e+06
8.154721818852119576e-06 4.303805601262961744e+00 1.634657681386780459e+06
8.141938088808022865e-06 4.311096139357406543e+00 1.639635093815590953e+06
8.134467048814455749e-06 4.312593573959025761e+00 1.642987595487672370e+06
8.130846660207392205e-06 4.308265310633499823e+00 1.644724497579675633e+06
8.129837532027896877e-06 4.298211421605723004e+00 1.644892845026098192e+06
8.130397604626608189e-06 4.282644552856704756e+00 1.643570380234000040e+06
8.131660353692436803e-06 4.261870026745147477e+00 1.640858953812822234e+06
8.132915465246804408e-06 4.236266562939650981e+00 1.636878454939374700e+06
8.143107071931399057e-06 4.205824813729542200e+00 1.631589386946900748e+06
8.150565790491831521e-06 4.171150775091104101e+00 1.625181724905482959e+06
8.155292799334107388e-06 4.132859982516937869e+00 1.617840663330389187e+06
8.201254277213988254e-06 4.089568171054557055e+00 1.608961539518650156e+06
8.235039808974974223e-06 4.042545233039188446e+00 1.598970996871837880e+06
8.259634441369252553e-06 3.992892853015582055e+00 1.588217266013565008e+06
8.353402595742123390e-06 3.938235955458821991e+00 1.575664684336167527e+06
8.417697352700784688e-06 3.880833700307251277e+00 1.562117918610902736e+06
8.464909837093346470e-06 3.822263415979397561e+00 1.548099093821235467e+06
8.617257847879338509e-06 3.758934875879718529e+00 1.532046405491034500e+06
8.710476907776204110e-06 3.694466172133292314e+00 1.515322950124328956e+06
8.778116627633028522e-06 3.630782174087250347e+00 1.498596171821287135e+06
8.992970675672984352e-06 3.562963114484908544e+00 1.479730657405977603e+06
9.111427205391790882e-06 3.495985370863284647e+00 1.460690852474875282e+06
9.195708588779753252e-06 3.431944292322862466e+00 1.442240365948414896e+06
9.473898158506917382e-06 3.364582455068452216e+00 1.421666413346549729e+06
9.605350358949338535e-06 3.300336180102295458e+00 1.401615924742818112e+06
9.696281221176564213e-06 3.241206794913478628e+00 1.382851058437397704e+06
1.002007687343534896e-05 3.179982725088132067e+00 1.362245892043914180e+06
1.014236801271308579e-05 3.124262837651349045e+00 1.343025022507351357e+06
1.022370241600017652e-05 3.075631848232329268e+00 1.325808768354863860e+06
1.057874742135046073e-05 3.025916883024074799e+00 1.307056547843230888e+06
1.067595498564825593e-05 2.983674982101256923e+00 1.290471712318888167e+06
1.073739902525358309e-05 2.949949720388522767e+00 1.276455897939888295e+06
1.108747088916980883e-05 2.916389918685672544e+00 1.261393106249134056e+06
1.113051393954827960e-05 2.892175877942599005e+00 1.249281005099663511e+06
1.115306240089464379e-05 2.877597829708871568e+00 1.240186490066207247e+06
1.148148619948571041e-05 2.863941367396821924e+00 1.230348559707039734e+06
1.146793304047302251e-05 2.860803528484527458e+00 1.223919885927267838e+06
1.145204621207840574e-05 2.867834626581589497e+00 1.220666285139060346e+06
1.174187954770414082e-05 2.876320575836879279e+00 1.216858069955405779e+06
1.166239846459678201e-05 2.896368140576676797e+00 1.216791078326917253e+06
1.160259251832129638e-05 2.926967749562489729e+00 1.219923345459779259e+06
1.183555862917701081e-05 2.959541113964186287e+00 1.222642359595006797e+06
1.170437910868483729e-05 3.004167490718347988e+00 1.229121489342813147e+06
1.161119754803942758e-05 3.059302892736042168e+00 1.238589725602839142e+06
1.178172344080534845e-05 3.116777161880023961e+00 1.247696035071915714e+06
1.159938752934020680e-05 3.186787158827042443e+00 1.260527244370419998e+06
1.147236377042648037e-05 3.267181642117450213e+00 1.276085652724643238e+06
1.157608902830148911e-05 3.350147826008001317e+00 1.291286049280471867e+06
1.135717056141578700e-05 3.445656318095838166e+00 1.309986695261753397e+06
1.120543269594881414e-05 3.550950814149731904e+00 1.331011865165653871e+06
1.125152056700968957e-05 3.658487409581502092e+00 1.351532600681486074e+06
1.101731276269970245e-05 3.777668452757220408e+00 1.375070741251603467e+06
1.085489647706394068e-05 3.905183818944665042e+00 1.400344437465502415e+06
1.085242921335608888e-05 4.033951340920529205e+00 1.424868751243342878e+06
1.062296863089770384e-05 4.172238077612739460e+00 1.451665451333751203e+06
1.046349176532033722e-05 4.316261977274707284e+00 1.479421505998271983e+06
1.042850754080118984e-05 4.459472035117373778e+00 1.506020151787735056e+06
1.021961888004848103e-05 4.608651829145078871e+00 1.533921505136811407e+06
1.007422553918046507e-05 4.759706112195084771e+00 1.561859531540795229e+06
1.002111713003168809e-05 4.906782803795478820e+00 1.588118953945852583e+06
9.840323083864943062e-06 5.055095382335862197e+00 1.614619900621670764e+06
9.714334534313845629e-06 5.200472551000337340e+00 1.640210666836083401e+06
9.655856084002205353e-06 5.337823595136491406e+00 1.663547248052742798e+06
9.512980581577489260e-06 5.470603852129150901e+00 1.685979395644627744e+06
9.414026748749713131e-06 5.595003826621138820e+00 1.706565310328348307e+06
9.362552321688581133e-06 5.706958322111847615e+00 1.724341645169766387e+06
9.259609315180258193e-06 5.808576759351352869e+00 1.740212091162436176e+06
9.189295448456255834e-06 5.896897582137689220e+00 1.753515175154465251e+06
9.150902070281707927e-06 5.969143078239441458e+00 1.763657408037840389e+06
9.084906546518000317e-06 6.026627695188026657e+00 1.771228508567449404e+06
9.040763311486410694e-06 6.067640943377797136e+00 1.775881452559393598e+06
9.017085231656192114e-06 6.090818609725022093e+00 1.777349705184145132e+06
8.978870071368850745e-06 6.097412528525348208e+00 1.776086989662982989e+06
8.953308639452208867e-06 6.087072725129444528e+00 1.772031785521978978e+06
8.938295890962440928e-06 6.059841632158555313e+00 1.765200926177194342e+06
8.926526821871063897e-06 6.016511817512533611e+00 1.755785450006335275e+06
8.918451263971475805e-06 5.958051810014051597e+00 1.743986204591974616e+06
8.912036228373086769e-06 5.885725616694464257e+00 1.730055079572934657e+06
8.905648584122774852e-06 5.801016925737352281e+00 1.714278578905046917e+06
8.898005500389750586e-06 5.705552900383215054e+00 1.696962904611068312e+06
8.888129917315954802e-06 5.601035110919307058e+00 1.678421299235853599e+06
8.875310256039235736e-06 5.489179346348419308e+00 1.658963661405121908e+06
8.859063455785569390e-06 5.371665306500825743e+00 1.638888356293174205e+06
8.839100925762245444e-06 5.250096480774783636e+00 1.618476065121543361e+06
8.815297396196766165e-06 5.125969925490348800e+00 1.597985458646491170e+06
8.787662450240398647e-06 5.000655213525488030e+00 1.577650449265877483e+06
8.756314812560345615e-06 4.875381520536000934e+00 1.557678761612415547e+06
8.721459372223318394e-06 4.751231640061925887e+00 1.538251565302879317e+06
8.683366876841667274e-06 4.629141662259397272e+00 1.519523930354378186e+06
8.642356212876852340e-06 4.509905079451617560e+00 1.501625890289980685e+06
8.598779162289170436e-06 4.394180172006286966e+00 1.484663926866985857e+06
8.553007423709271963e-06 4.282499663859238304e+00 1.468722722429022891e+06
8.516001325014958508e-06 4.174803500036682991e+00 1.453700512576190988e+06
8.473502393290829562e-06 4.071665795318618386e+00 1.439727605646283133e+06
8.428903311701271849e-06 3.973412433441863012e+00 1.426863491399232298e+06
8.409776580698219103e-06 3.879120243871684526e+00 1.414730040003050352e+06
8.380192330925578903e-06 3.789495110506921005e+00 1.403540981707610190e+06
8.346678468886845496e-06 3.704869386961046285e+00 1.393385615846714703e+06
8.352887960124971716e-06 3.623751660894136695e+00 1.383675725245829904e+06
8.338587024693529007e-06 3.547220823011587143e+00 1.374794426246471237e+06
8.318156925721341473e-06 3.475653956489952456e+00 1.366868057559714420e+06
8.347376753101127012e-06 3.407238401468229760e+00 1.359170845744865481e+06
8.346043226014531808e-06 3.343368173383504338e+00 1.352243079150432954e+06
8.336805392020978073e-06 3.284432712353228201e+00 1.346234497280071955e+06
8.388867939929806818e-06 3.228263982389916631e+00 1.340255432103528408e+06
8.395920151778949592e-06 3.176690891388076921e+00 1.335060918448265875e+06
8.394148428634246137e-06 3.130070330000894074e+00 1.330802745459687896e+06
8.460363226708937499e-06 3.086061127438113783e+00 1.326495694005709840e+06
8.463944617950168458e-06 3.046958357217087965e+00 1.323135051074716728e+06
8.460220670427623450e-06 3.012967516201455975e+00 1.320821660503069172e+06
8.523886096201114629e-06 2.981774102385585490e+00 1.318563199287771713e+06
8.515075735969830463e-06 2.955813625296948910e+00 1.317458751626584912e+06
8.502639631492129530e-06 2.935067647659178380e+00 1.317518897830902133e+06
8.550870383386022114e-06 2.917409300212298273e+00 1.317819389554522000e+06
8.518468327514978070e-06 2.905365761605517516e+00 1.319532983698870521e+06
8.488775780237722086e-06 2.898612479226130301e+00 1.322534408958238317e+06
8.512561669719087145e-06 2.895180673044860153e+00 1.325960909863210982e+06
8.455062866115492442e-06 2.897498928606020652e+00 1.330960735248419922e+06
8.407125699884297835e-06 2.904946311086431976e+00 1.337270762382183922e+06
8.398724510488658307e-06 2.915915764467878812e+00 1.344189533960106550e+06
8.318845539735337253e-06 2.932458145385076875e+00 1.352701141081275651e+06
8.254733454528997007e-06 2.953681405436666463e+00 1.362418962241484085e+06
8.219379001176109142e-06 2.978242153929884672e+00 1.372767103832143592e+06
8.128741156439690138e-06 3.007650076515586690e+00 1.384486326531109866e+06
8.057472725572241475e-06 3.040827292318285302e+00 1.397115310143130831e+06
8.005801725216161834e-06 3.076662722097738278e+00 1.410199282459532376e+06
7.915325945798215725e-06 3.116115974970886437e+00 1.424236462567959679e+06
7.845309859338739020e-06 3.157998087635625506e+00 1.438737544381777523e+06
7.792615967703303892e-06 3.201209459346654906e+00 1.453277113839712460e+06
7.724623210342265511e-06 3.245877434048819676e+00 1.467993484138310887e+06
7.673674801607018825e-06 3.290902330562916589e+00 1.482470435595468618e+06
7.640875045870042576e-06 3.335140376666509088e+00 1.496289195294338046e+06
7.615657521903214264e-06 3.377895888949285830e+00 1.509239327548737172e+06
7.600494513292313835e-06 3.418412034675913258e+00 1.521084817926810589e+06
7.600918528648920218e-06 3.455752963916492781e+00 1.531513236824623542e+06
7.603404511288868592e-06 3.489590655456391577e+00 1.540481900561574148e+06
7.610711347787363298e-06 3.519537538885371575e+00 1.547914471486856230e+06
7.660626765671836437e-06 3.543725825850360778e+00 1.553081024121735012e+06
7.706204917014636684e-06 3.562381729114124429e+00 1.556168399328467203e+06
7.747692669179559062e-06 3.575807760284291703e+00 1.557370328878199914e+06
7.847672821101929228e-06 3.581804739168427787e+00 1.555780462866883492e+06
7.926030196532177948e-06 3.581704351504404027e+00 1.552020854033438256e+06
7.991824695561131146e-06 3.576496622873275300e+00 1.546526597950606141e+06
8.135780725948590881e-06 3.563536632926185277e+00 1.538152471974898363e+06
8.233522569785975477e-06 3.545475563871385738e+00 1.528035357163035776e+06
8.311652256605244006e-06 3.523797783178657106e+00 1.516765863662541378e+06
8.488308878470949390e-06 3.495343794648366753e+00 1.502938230369311292e+06
8.589700007439221127e-06 3.463997615349298176e+00 1.488177722195449518e+06
8.667198928305939966e-06 3.431401280470156578e+00 1.473105320908319438e+06
8.862516767849241801e-06 3.393832085941151711e+00 1.456056082026993390e+06
8.952924007164922210e-06 3.356095836431204571e+00 1.439034236145942006e+06
9.018780313231646571e-06 3.319657029097689005e+00 1.422573252050576964e+06
9.222060560938733000e-06 3.280150815674559350e+00 1.404737768912072293e+06
9.290762702175351558e-06 3.243051483216529363e+00 1.387822414978477638e+06
9.337838619539665227e-06 3.209432697649648780e+00 1.372198426909271860e+06
9.546858149604934559e-06 3.174118116915065624e+00 1.355601827734115999e+06
9.593393270911686828e-06 3.143092560506631994e+00 1.340556489121872699e+06
9.622726107215398938e-06 3.117033596289893183e+00 1.327272877276706742e+06
9.838130443912078603e-06 3.090030834312667452e+00 1.313197973570626928e+06
9.866601228457102510e-06 3.068477729586175151e+00 1.301034298379032174e+06
9.882450575566121884e-06 3.052738696789570660e+00 1.290864127577725565e+06
1.010133599044210680e-05 3.036440143446608619e+00 1.279965996523182606e+06
1.011243848246545434e-05 3.026323219779358364e+00 1.271180239383970853e+06
1.011614096743470543e-05 3.022482768220306593e+00 1.264476179004933918e+06
1.033675922201694274e-05 3.018160573559072635e+00 1.257005988578615012e+06
1.032776526684329206e-05 3.020560758515475452e+00 1.251778546954902355e+06
1.031786773791360560e-05 3.029507776548645559e+00 1.248648028009314090e+06
1.053816516142245631e-05 3.037813017588343101e+00 1.244634998918442521e+06
1.050943644106841577e-05 3.053178845648671924e+00 1.242912474291474558e+06
1.048663086072533912e-05 3.075176489048646822e+00 1.243229070349625777e+06
1.069326477354205088e-05 3.096521927820877984e+00 1.242626668656448368e+06
1.064219206590256089e-05 3.125191845868318552e+00 1.244329756502424367e+06
1.060479036262632588e-05 3.160468427952129122e+00 1.247974311102391919e+06
1.080234240978383148e-05 3.194674737139905574e+00 1.250522089902259875e+06
1.073560577060014289e-05 3.236144977407636070e+00 1.255270033800182864e+06
1.068855031901702232e-05 3.283926889086585810e+00 1.261773779615138890e+06
1.086589768741915022e-05 3.330365526513069163e+00 1.267094655635189731e+06
1.077683104509660978e-05 3.384116211873983815e+00 1.274569674802151043e+06
1.071490178560949666e-05 3.443895597745947779e+00 1.283646771848580102e+06
1.086287869384322924e-05 3.502109958220269270e+00 1.291510433015427552e+06
1.075829621510637242e-05 3.567293254835316674e+00 1.301363663679919671e+06
1.068626253508075253e-05 3.637861178249376604e+00 1.312575535002524499e+06
1.080610171334122504e-05 3.706374947361632088e+00 1.322494804344246630e+06
1.068122375416006201e-05 3.781522385545802667e+00 1.334291143222236307e+06
1.059490217624796407e-05 3.861341096802248352e+00 1.347236819247161271e+06
1.068043927025860656e-05 3.938604315547630907e+00 1.358862971791652264e+06
1.054450473463416513e-05 4.021601193678048247e+00 1.372115279092773562e+06
1.045021449182801755e-05 4.108061319570139425e+00 1.386210586110257544e+06
1.050830387275852934e-05 4.191005592134902535e+00 1.398870254624639405e+06
1.037106340136434637e-05 4.278171395036216573e+00 1.412781537847706350e+06
1.027553382783733285e-05 4.367098905065152081e+00 1.427154103981365450e+06
1.030826185224248198e-05 4.451370955407148777e+00 1.439989486782585969e+06
1.017312714299626961e-05 4.538025901858033784e+00 1.453683344464624301e+06
1.007839444296259693e-05 4.624495980597416178e+00 1.467462281071973033e+06
1.009998068657301133e-05 4.704530054249207005e+00 1.479458614959964063e+06
9.980335255841753879e-06 4.784413825721641089e+00 1.491779020788045833e+06
9.896400032216449879e-06 4.861732706628535183e+00 1.503739726414405974e+06
9.917722368561872283e-06 4.930551597728733526e+00 1.513626308627849678e+06
9.819276579455337817e-06 4.996581548307345244e+00 1.523318638174029533e+06
9.750308086140964449e-06 5.057784404554940494e+00 1.532266664430894423e+06
9.774037947340013049e-06 5.108832675403837342e+00 1.538963845130482921e+06
9.701148657525341656e-06 5.154700745565942377e+00 1.545012261265495792e+06
9.650365762516520759e-06 5.193940962913494275e+00 1.550032405063900631e+06
9.687492674313069623e-06 5.221637596120143776e+00 1.552632019516266184e+06
9.635024768701575505e-06 5.242851602590826943e+00 1.554379183276512427e+06
9.598123745131997069e-06 5.256779769729619467e+00 1.555052608937834622e+06
9.647696530723102589e-06 5.258845420898015988e+00 1.553326884800398722e+06
9.611020129072906279e-06 5.254309450062373266e+00 1.550769032933075214e+06
9.584233379430484725e-06 5.242968622668126244e+00 1.547291395642246353e+06
9.649172238487307548e-06 5.220260306699068487e+00 1.541527848366798833e+06
9.630552946009490105e-06 5.191572989259673143e+00 1.535034303702174453e+06
9.615701267817670280e-06 5.157298871356629455e+00 1.527857492295357632e+06
9.704892800970437352e-06 5.112553846450271777e+00 1.518488658252411522e+06
9.702246678154592157e-06 5.063329972134800627e+00 1.508631821408118121e+06
9.697675362695130834e-06 5.010490896597325161e+00 1.498442371181066148e+06
9.813999648353568460e-06 4.948602985536481924e+00 1.486204878994015977e+06
9.826663383176081340e-06 4.884250476556881715e+00 1.473795725642717909e+06
9.831905816432733643e-06 4.818625760908044953e+00 1.461455781984475441e+06
9.980865483159150566e-06 4.745485782613855008e+00 1.447189347287137760e+06
1.000703774206148101e-05 4.672163240447124721e+00 1.433123337337565143e+06
1.002078116097912869e-05 4.600018075349544766e+00 1.419554991040852154e+06
1.020896582090616442e-05 4.521702919545870891e+00 1.404119130666745128e+06
1.024628120578011391e-05 4.445497437976857036e+00 1.389285076905088499e+06
1.026685735031207869e-05 4.372783708893316579e+00 1.375376478909406345e+06
1.049734758510031452e-05 4.295026634574434787e+00 1.359627724340654677e+06
1.054393526894461919e-05 4.221428381490549775e+00 1.344869628932900494e+06
1.057018253650336055e-05 4.153292525786177691e+00 1.331428081013858551e+06
1.084814912782256340e-05 4.080800192269677495e+00 1.316096747904109769e+06
1.090202541759904558e-05 4.014171788214560443e+00 1.302115208166169235e+06
1.093272717790869966e-05 3.954577348607026810e+00 1.289792410500330152e+06
1.125657199686574263e-05 3.891098090351083449e+00 1.275530857791440096e+06
1.130915454958513994e-05 3.835037534626779099e+00 1.263006945713235764e+06
1.133832628975864199e-05 3.787312438371464918e+00 1.252466885612336919e+06
1.169791566953594595e-05 3.736139310471200403e+00 1.239996639406942762e+06
1.173798437070189380e-05 3.693778702804339176e+00 1.229662349627948366e+06
1.175817725995205415e-05 3.660775547999465473e+00 1.221596909656813135e+06
1.214698988724880171e-05 3.624461837552147792e+00 1.211567933861672645e+06
1.216478455912323014e-05 3.598139876468764431e+00 1.204039609834159026e+06
1.216999413392193708e-05 3.581918329908673204e+00 1.198996051926029380e+06
1.257349584495618049e-05 3.562469536780146662e+00 1.191975359312405810e+06
1.255999858469891820e-05 3.554015570028644877e+00 1.187767815766798332e+06
1.254495264925912414e-05 3.556174191427214026e+00 1.186180958527663257e+06
1.295017238920963707e-05 3.555059112770988516e+00 1.182580972867232747e+06
1.290204993507328939e-05 3.565693193709587039e+00 1.182005932099943748e+06
1.286532268557090392e-05 3.587207026667895260e+00 1.184085616287696641e+06
1.325828548018782323e-05 3.605348439726409726e+00 1.184110059208007529e+06
1.316758947763419197e-05 3.636017972688213362e+00 1.187348047228540294e+06
1.310409413841915526e-05 3.677774867248479573e+00 1.193228564720976399e+06
1.345852615991414136e-05 3.716404617822758993e+00 1.197131431409300538e+06
1.331779014071833308e-05 3.768383884073508217e+00 1.204413270881881937e+06
1.322246517598030386e-05 3.831578776012928067e+00 1.214277135018948233e+06
1.351702080762951586e-05 3.892077393778788252e+00 1.222306810593175469e+06
1.332116035720026116e-05 3.966743895211595650e+00 1.233849711358052678e+06
1.319005795097214677e-05 4.052615367306231953e+00 1.247862752339701867e+06
1.341891533199669032e-05 4.135917951527101621e+00 1.260106733460978605e+06
1.317581127700618276e-05 4.233778987109987568e+00 1.275860260707034962e+06
1.301328336869681441e-05 4.342393796216068580e+00 1.293862838411170989e+06
1.316432977905630654e-05 4.448596920628305362e+00 1.310213178979192395e+06
1.288648847958082195e-05 4.569072801427541464e+00 1.329900621308217989e+06
1.269963802607066797e-05 4.699193939985383039e+00 1.351491323121786350e+06
1.277025784408689829e-05 4.826830027853718619e+00 1.371549845185892424e+06
1.247248944326317943e-05 4.967499998459688371e+00 1.394585076712481212e+06
1.227003640729533146e-05 5.115816280051852516e+00 1.419044890126070939e+06
1.226214454645293764e-05 5.261233299515714279e+00 1.442100465315730078e+06
1.194790768704791414e-05 5.417788169919754537e+00 1.467728551481634378e+06
1.173032285026669069e-05 5.579300792175797774e+00 1.494274998563438887e+06
1.165140004206888230e-05 5.736883088489098448e+00 1.519506348485422088e+06
1.133956496530863900e-05 5.902041597113215410e+00 1.546639103086557705e+06
1.111924652361290931e-05 6.068055321952448899e+00 1.574006799623860745e+06
1.099170328360602443e-05 6.227692863528551115e+00 1.599936500032488722e+06
1.070499251460779246e-05 6.389208429222605012e+00 1.626762681756647537e+06
1.049851609065157678e-05 6.545816882355263822e+00 1.652928169657123741e+06
1.035581815868350734e-05 6.691530565005850306e+00 1.677170261749544647e+06
1.012359594726153641e-05 6.830879987450028779e+00 1.700872945365073392e+06
9.954479611271587551e-06 6.957856445249161581e+00 1.722760191878794692e+06
9.838223065267367871e-06 7.067182337408134174e+00 1.741782198088745587e+06
9.685533975701938699e-06 7.160430466888487722e+00 1.758563115077965893e+06
9.575160354184526339e-06 7.233509544686189230e+00 1.772296682648362359e+06
9.525608997137206881e-06 7.281274360623665842e+00 1.781907758920213208e+06
9.469871764422055574e-06 7.304330507196150180e+00 1.787681374321104027e+06
9.433148492429880745e-06 7.301789013246107629e+00 1.789470300804386614e+06
9.469512911058579596e-06 7.269187325958688994e+00 1.786196218181140721e+06
9.501333673423085813e-06 7.208929613449307716e+00 1.778393059410006274e+06
9.529616211712269830e-06 7.123769184330172699e+00 1.766602390589806251e+06
9.647898492023711440e-06 7.009962231096622531e+00 1.749697560307490639e+06
9.736674984930908885e-06 6.873502543163141354e+00 1.728909325140442932e+06
9.803320938885340172e-06 6.719731302177462062e+00 1.705261886204120936e+06
9.977433675406884814e-06 6.545064006899139031e+00 1.677503314799633343e+06
1.007816038075985143e-05 6.358865769860869932e+00 1.647659774859821191e+06
1.014666042386310274e-05 6.166825646720846876e+00 1.616836985027584946e+06
1.033536666871056151e-05 5.964764069574116867e+00 1.583599917555315187e+06
1.041059653935146886e-05 5.763129371756951613e+00 1.550388598053338006e+06
1.045337763254355873e-05 5.566107877757123568e+00 1.518050676355238073e+06
1.062558277246245981e-05 5.368469917274545367e+00 1.484937546442933613e+06
1.065031429911483205e-05 5.180247414830566832e+00 1.453622142191883875e+06
1.065135328297076406e-05 5.003429076850841817e+00 1.424532417534089182e+06
1.079320336064807059e-05 4.831639037115849966e+00 1.395774407310865121e+06
1.076216028844187676e-05 4.673993498560912840e+00 1.369915221754650353e+06
1.072064861154225837e-05 4.530643777123160021e+00 1.346992908846981591e+06
1.082001311331426382e-05 4.394971265991091336e+00 1.325067404331506928e+06
1.073688379019713540e-05 4.274900790502148773e+00 1.306555062167045893e+06
1.065788167305470897e-05 4.169364862330986909e+00 1.291193594487927854e+06
1.072548753650321693e-05 4.071577390565399135e+00 1.276960324494801927e+06
1.061032025911366736e-05 3.988577867751190276e+00 1.266129356039119419e+06
1.051013006261412892e-05 3.918781140743857527e+00 1.258277988912567729e+06
1.054542050877420774e-05 3.856075959893567884e+00 1.251532088236009236e+06
1.040312440329028167e-05 3.806840335957433652e+00 1.248036292404154781e+06
1.028557822852314835e-05 3.769185640019785399e+00 1.247245170896750409e+06
1.029385310166454970e-05 3.737541719534947404e+00 1.247395962642668979e+06
1.014333025834098858e-05 3.717437781080545456e+00 1.250401894637012621e+06
1.002259320123350558e-05 3.706947241230823309e+00 1.255670979602912441e+06
1.001620784329880918e-05 3.701046414462946910e+00 1.261567436441023136e+06
9.862231713538526973e-06 3.704898891999722110e+00 1.269909762374017388e+06
9.741288931492692800e-06 3.716551758491368318e+00 1.280070206393786939e+06
9.722481559500195192e-06 3.731435600472081671e+00 1.290533216448872583e+06
9.580859099770351907e-06 3.753898181549564228e+00 1.302857527998538688e+06
9.471423816888337302e-06 3.782074130492492969e+00 1.316431945482943440e+06
9.450411403202775603e-06 3.811867172958268490e+00 1.329887836898527341e+06
9.326629559937544306e-06 3.847005000122794005e+00 1.344583721543709747e+06
9.232426158062877929e-06 3.885735025197690984e+00 1.359946703195763053e+06
9.212177884256343829e-06 3.924452648070162475e+00 1.374778464178032940e+06
9.106333939539741184e-06 3.966349049633653312e+00 1.390262891484649386e+06
9.026915920544601599e-06 4.009788874427772321e+00 1.405875717996347463e+06
9.009791527460443703e-06 4.051572764346095035e+00 1.420567508841510629e+06
8.922713021263853136e-06 4.094388345482558478e+00 1.435355208064999664e+06
8.858300413665291944e-06 4.136769590057249424e+00 1.449783155132396612e+06
8.846536816848490328e-06 4.175903848105646077e+00 1.462943949995797593e+06
8.777664994034014840e-06 4.214080192465834429e+00 1.475717769404477440e+06
8.727425441606726243e-06 4.250068076815626483e+00 1.487735421164053725e+06
8.723959910762382465e-06 4.281354046670282187e+00 1.498193555070613977e+06
8.674383767935444972e-06 4.309913279637480166e+00 1.507856300245891558e+06
8.638874911270967254e-06 4.334849774977350023e+00 1.516465259619496530e+06
8.648494116130220002e-06 4.353839537060699705e+00 1.523270848046459258e+06
8.618192466611258268e-06 4.368789236158232114e+00 1.528996449675124604e+06
8.597092259729625081e-06 4.379220294833172211e+00 1.533510736286159139e+06
8.623044011501100403e-06 4.382896547551840882e+00 1.536069908246446867e+06
8.611584815375224934e-06 4.381844762464472076e+00 1.537413795574091841e+06
8.604265954724876284e-06 4.376050225454064524e+00 1.537544833156923531e+06
8.653541659123629388e-06 4.363046721861678634e+00 1.535604164326182567e+06
8.662079155069634073e-06 4.345267334216940114e+00 1.532445038185114739e+06
8.669199272037604714e-06 4.323191308159088919e+00 1.528209957963743480e+06
8.752910340789914453e-06 4.293675541538943818e+00 1.521761584483740618e+06
8.785189497158241520e-06 4.259896671146059077e+00 1.514189330904948525e+06
8.809402633929611472e-06 4.222856095008156174e+00 1.505788049538015388e+06
8.939294680899934688e-06 4.178398885961280840e+00 1.495019098875378259e+06
9.000130734615641672e-06 4.130695207067084596e+00 1.483309599845165387e+06
9.044716295996568477e-06 4.081270958647843727e+00 1.471117773537388071e+06
9.231028671470242766e-06 4.024783457974798750e+00 1.456439170887721935e+06
9.319735085594927994e-06 3.966704096763054022e+00 1.441171965769949602e+06
9.383359871221853637e-06 3.908962816417022701e+00 1.425912032279371982e+06
9.632186157978645294e-06 3.844862040719805307e+00 1.408132071298858617e+06
9.741747818075898252e-06 3.781405517501751579e+00 1.390316917495536851e+06
9.818223489074753461e-06 3.720690844899550598e+00 1.373133684723416576e+06
1.011795591986809296e-05 3.654996374911763546e+00 1.353661309239982860e+06
1.022940709066887983e-05 3.592671147461398817e+00 1.334933012793943286e+06
1.030423165048252311e-05 3.535588682023397489e+00 1.317557730844927952e+06
1.063174127678368294e-05 3.475334486334872519e+00 1.298353972572556930e+06
1.072075739790556828e-05 3.421212860707488534e+00 1.280771158790020738e+06
1.077687798071780479e-05 3.374510336526382659e+00 1.265224082804472651e+06
1.110221444127379277e-05 3.326507058846062126e+00 1.248422440804041456e+06
1.114112949847751906e-05 3.287155364517751810e+00 1.234103245573118329e+06
1.116029850336095703e-05 3.256882429501742227e+00 1.222370372458246304e+06
1.145575200999400963e-05 3.226858604795901364e+00 1.209902650576262735e+06
1.143136273831226005e-05 3.207290515963308053e+00 1.200544097067269729e+06
1.140621370647610844e-05 3.197740829464319479e+00 1.194069615867394023e+06
1.164561091952570618e-05 3.189733514917001855e+00 1.187306878080378287e+06
1.155059188692492737e-05 3.193431885020303618e+00 1.184056380538094789e+06
1.147721209518022863e-05 3.207578929868510453e+00 1.183776186499335570e+06
1.164553387558759935e-05 3.224233944660654050e+00 1.183521938427131623e+06
1.148556355898611823e-05 3.253279540170375572e+00 1.186932462342643412e+06
1.136821483875388695e-05 3.292751605950589244e+00 1.193202097765156301e+06
1.145722805904375730e-05 3.335492863661785989e+00 1.199720103129150812e+06
1.124085490612998560e-05 3.390935824421398515e+00 1.209886112667303532e+06
1.108462721151312352e-05 3.456457888041151616e+00 1.222673549743228825e+06
1.109753728187171557e-05 3.525652000548241904e+00 1.235807850083261495e+06
1.084814659532572407e-05 3.607055763134634496e+00 1.252297513301457511e+06
1.066850534385211008e-05 3.697508142141863630e+00 1.270976178344161483e+06
1.061903975288582419e-05 3.791407725053237421e+00 1.289939217189593473e+06
1.035974325088842922e-05 3.896041057708266031e+00 1.311710304293804802e+06
1.017219182395732455e-05 4.007798070182191807e+00 1.335054497642526170e+06
1.007941046925081088e-05 4.121833707391424184e+00 1.358429444353184197e+06
9.836687893734474345e-06 4.243612091224623128e+00 1.383731238991812570e+06
9.660335304025022859e-06 4.369235192797898293e+00 1.409745322788331192e+06
9.547332825574157060e-06 4.494643738518671938e+00 1.435300912455015816e+06
9.339608550868712126e-06 4.623227218267389027e+00 1.461639274925979320e+06
9.188487618949412093e-06 4.751018138636105448e+00 1.487647413548720768e+06
9.082365527783934557e-06 4.874422083881479573e+00 1.512405157419881085e+06
8.928022370985213188e-06 4.994761538583452953e+00 1.536540359853866510e+06
8.817160076760454811e-06 5.108440567439407332e+00 1.559154455887499731e+06
8.747213125852818124e-06 5.211963058744307098e+00 1.579422178763924399e+06
8.664631969546001932e-06 5.305034454047504511e+00 1.597493219060812145e+06
8.609229383114582439e-06 5.385187489423673313e+00 1.612841810141435126e+06
8.598747374057660547e-06 5.449090483355464087e+00 1.624681686482379446e+06
8.588379300225745810e-06 5.496447486404225202e+00 1.633109362287511351e+06
8.588991435737770576e-06 5.526602176694952462e+00 1.638067123448611237e+06
8.655425392972069366e-06 5.535916215232038695e+00 1.638576358797590481e+06
8.715605465121128103e-06 5.525725745170410264e+00 1.635085540331175551e+06
8.769082052956601043e-06 5.497708159983049292e+00 1.628074682921627304e+06
8.909387619269310598e-06 5.448276529767539067e+00 1.616417801650521578e+06
9.016934448187563202e-06 5.381619517053623625e+00 1.601244479830090422e+06
9.102297193249012818e-06 5.301289119512309966e+00 1.583436917446712032e+06
9.293954296125620589e-06 5.203660030850019602e+00 1.561713018148985691e+06
9.414839674004607620e-06 5.095547913422065811e+00 1.537890231195200467e+06
9.503869113342856755e-06 4.981088110940795843e+00 1.512962562313640025e+06
9.724233379806516885e-06 4.855778479885626275e+00 1.485321147428094177e+06
9.831295783946609139e-06 4.728054868071794203e+00 1.457301773844411131e+06
9.903529292017775073e-06 4.601445661663862374e+00 1.429757016168727307e+06
1.012003039130968404e-05 4.470778274863183910e+00 1.400885735408126609e+06
1.018563663262475736e-05 4.344829918781225153e+00 1.373257650835022563e+06
1.022221503334876237e-05 4.225729900980383924e+00 1.347393810921027558e+06
1.041025075155952271e-05 4.107719927722232711e+00 1.321354019767242949e+06
1.042135660098144774e-05 3.999068852798972173e+00 1.297708262469609035e+06
1.041543979340797266e-05 3.900452716437153633e+00 1.276611236862021033e+06
1.056330641273609292e-05 3.805837873892893075e+00 1.256062690489886794e+06
1.051235454059371523e-05 3.723024346657170192e+00 1.238619128405387048e+06
1.046071315102188693e-05 3.651479277494674491e+00 1.224096589709215565e+06
1.055499977122702248e-05 3.585390349483553951e+00 1.210569255150110694e+06
1.044932497662164343e-05 3.531718187297770761e+00 1.200410389557618415e+06
1.035894865857477892e-05 3.489137713692993970e+00 1.193187403960870812e+06
1.039684164726546872e-05 3.452475550924840597e+00 1.187171567416621838e+06
1.024675931044620751e-05 3.427846334688813723e+00 1.184502973510085139e+06
1.012566972068658601e-05 3.413432560608340438e+00 1.184574607831022236e+06
1.010963722673384720e-05 3.404870283057720659e+00 1.185914511194225168e+06
9.926122270562401319e-06 3.407473784565413499e+00 1.190413087190655060e+06
9.781962839468194166e-06 3.419098647706326766e+00 1.197339618287153076e+06
9.722790392568207685e-06 3.436029765947745673e+00 1.205435823491838761e+06
9.527102139532483922e-06 3.462611239583892164e+00 1.216267085782124894e+06
9.375241910191415285e-06 3.496547098237392071e+00 1.229048350186451804e+06
9.288803947827382556e-06 3.534728250209034695e+00 1.242736162987168413e+06
9.102909661413989805e-06 3.580331650481875183e+00 1.258498482627988793e+06
8.959687026936949842e-06 3.631042712577074560e+00 1.275558575958928559e+06
8.865619001435948458e-06 3.684240048726124428e+00 1.293061760674169520e+06
8.709367320928274451e-06 3.741816287755079795e+00 1.311742657536126906e+06
8.590143506473779604e-06 3.801578681377931090e+00 1.330895654362328118e+06
8.506008950526825721e-06 3.861367027483453285e+00 1.349853213623349322e+06
8.387942065171825927e-06 3.922021020000920455e+00 1.369001474829098443e+06
8.299412741588516008e-06 3.981597628003134215e+00 1.387751227160735521e+06
8.237403924182886639e-06 4.038280701075553480e+00 1.405575570632444229e+06
8.162087499285311011e-06 4.092131337787263234e+00 1.422601604097785661e+06
8.107812481479046649e-06 4.141653762364648550e+00 1.438409387386283372e+06
8.071865171622702765e-06 4.185533776069862988e+00 1.452646715781196021e+06
8.046251276992405201e-06 4.222945497561589434e+00 1.465123424164138967e+06
8.031583264999569776e-06 4.253143051111996975e+00 1.475665714727953076e+06
8.025362663330937510e-06 4.275617432147051034e+00 1.484169315977758029e+06
8.025447609961189772e-06 4.290083660075449501e+00 1.490592154500852106e+06
8.030007631925005328e-06 4.296461107654517164e+00 1.494946306766930502e+06
8.037487131240257220e-06 4.294851252894676286e+00 1.497289879205674166e+06
8.046575039654691190e-06 4.285513470811435965e+00 1.497718967395358253e+06
8.056178782500548563e-06 4.268839664735909700e+00 1.496359867472131737e+06
8.065401366851850001e-06 4.245328599271553927e+00 1.493361706506691407e+06
8.073520669146070183e-06 4.215560769148504860e+00 1.488889636625363026e+06
8.079970353270991316e-06 4.180174544042820628e+00 1.483118704240359366e+06
8.094776695427053514e-06 4.139363501785586763e+00 1.476057057882047724e+06
8.103980992448989629e-06 4.094027044444308316e+00 1.467956072353490628e+06
8.109296258375094346e-06 4.044969896126465514e+00 1.459027147827165900e+06
8.150036099812827723e-06 3.991223799857702037e+00 1.448838012151449919e+06
8.176985325578479288e-06 3.934196300560647064e+00 1.437808480658852030e+06
8.195013012417746141e-06 3.875013859010404627e+00 1.426250711214153096e+06
8.272858363503933645e-06 3.811810149376618551e+00 1.413377748618538957e+06
8.323076356833107914e-06 3.746700117595038293e+00 1.399867614311185898e+06
8.358090301700342022e-06 3.681117283695396036e+00 1.386144309287196724e+06
8.488120547891776815e-06 3.611966207400102657e+00 1.370936439095977228e+06
8.566486343457809625e-06 3.542389275980035723e+00 1.355326602907959605e+06
8.621853129571891344e-06 3.474099293368015928e+00 1.339857668134475825e+06
8.809308928568940883e-06 3.402867182704516491e+00 1.322800845920827473e+06
8.910915140923138819e-06 3.333006467962254415e+00 1.305735262516016373e+06
8.982029161504753652e-06 3.266337183608308159e+00 1.289276703574534273e+06
9.232265368066067137e-06 3.197289364709655413e+00 1.271152232786526205e+06
9.351738366275108059e-06 3.131427227909147071e+00 1.253504255299831508e+06
9.433891343536846141e-06 3.070534426342412360e+00 1.236973666248628637e+06
9.735494474041523537e-06 3.008091900423738529e+00 1.218891428689587628e+06
9.852517285827253908e-06 2.950821464138855266e+00 1.201949582418210339e+06
9.930348014634583030e-06 2.900190366166877087e+00 1.186699377644678811e+06
1.026127817621112460e-05 2.848985894858111489e+00 1.170177713794478215e+06
1.035714761199880212e-05 2.804693564520160276e+00 1.155463655307038687e+06
1.041792861291031547e-05 2.768299908412712007e+00 1.142932382898347219e+06
1.075695985830866681e-05 2.732155560596513322e+00 1.129430810407778714e+06
1.080858307308700898e-05 2.704472383888235409e+00 1.118379864795678994e+06
1.083726883465896263e-05 2.685622228826548774e+00 1.109897218286518939e+06
1.116300865274254565e-05 2.667622747322949017e+00 1.100688827773413388e+06
1.116241063085354650e-05 2.659158516874407407e+00 1.094369469809472095e+06
1.115526731770967605e-05 2.660030912597659558e+00 1.090799317874108441e+06
1.145364874408306144e-05 2.662091858315921211e+00 1.086628907761093695e+06
1.140059395225046154e-05 2.674395995572833584e+00 1.085579634312702576e+06
1.135883303223903011e-05 2.696246948732716309e+00 1.087281853218756150e+06
1.161969110456291081e-05 2.719458177476099081e+00 1.088410602472843369e+06
1.151870077069878564e-05 2.753380254843330377e+00 1.092725532784438692e+06
1.144605751646963321e-05 2.796866399466554132e+00 1.099659940225765109e+06
1.165968396678451006e-05 2.841845109784930212e+00 1.106007480941351503e+06
1.151517153145710435e-05 2.897879145496811137e+00 1.115503146806348115e+06
1.141447243648980200e-05 2.963356390135579943e+00 1.127402149679295719e+06
1.157454786134719856e-05 3.030385722386412795e+00 1.138672349847168196e+06
1.139443789821011558e-05 3.108583419676481441e+00 1.152945832034526160e+06
1.127045229609974711e-05 3.195844227313184849e+00 1.169322893082720460e+06
1.137267957787350136e-05 3.284601082607418565e+00 1.185022821350690210e+06
1.116541856136954836e-05 3.384278819227848345e+00 1.203481624806664884e+06
1.102293196712685798e-05 3.492233533616998287e+00 1.223666358125329716e+06
1.106790985883722126e-05 3.601332896916960902e+00 1.243100040418467484e+06
1.084595840782007824e-05 3.720413251897905393e+00 1.264899165903425310e+06
1.069266937257083709e-05 3.846288145920058632e+00 1.287936475882212864e+06
1.068406324555452991e-05 3.972507706321101395e+00 1.310123665344921872e+06
1.045759905591066302e-05 4.106901732148699580e+00 1.334151359616593225e+06
1.029970038779947339e-05 4.245759712090717564e+00 1.358836934376939200e+06
1.024691517190158544e-05 4.383425441086472141e+00 1.382501142570302589e+06
1.002951693183884804e-05 4.526211635494037822e+00 1.407294203879301669e+06
9.876304348958715821e-06 4.670017840293260392e+00 1.432041839620958781e+06
9.796220267723091961e-06 4.809984640326562477e+00 1.455446888423142489e+06
9.602404861157080052e-06 4.950584657527723920e+00 1.479073614701764192e+06
9.464651958919474375e-06 5.087612700672402788e+00 1.501839684914118377e+06
9.376564427919798967e-06 5.217000198974951708e+00 1.522785236792012351e+06
9.222355013537377361e-06 5.341156804618041321e+00 1.542859739376493962e+06
9.112842280482139914e-06 5.456262787779207812e+00 1.561180401285727974e+06
9.038533808906651124e-06 5.559038458592229226e+00 1.577062106362399878e+06
8.935200250705564335e-06 5.650240543850227226e+00 1.590960058456595056e+06
8.863340208656395129e-06 5.727068840196291255e+00 1.602296888610118534e+06
8.818797262729636486e-06 5.787172580272911482e+00 1.610620742707340978e+06
8.780937054437391740e-06 5.829826270538297273e+00 1.615903421951818280e+06
8.758695883720332158e-06 5.854041078787798114e+00 1.618002195383158745e+06
8.747869582271962494e-06 5.859423807167802423e+00 1.616898330127628287e+06
8.744930103456153870e-06 5.846138757523333673e+00 1.612679282483711606e+06
8.746932069078674354e-06 5.814836594332789765e+00 1.605518523601202527e+06
8.754730403549397928e-06 5.766371733237851238e+00 1.595599941242921865e+06
8.762392350490538534e-06 5.702190979228891621e+00 1.583229733726989711e+06
8.768486647471658799e-06 5.623969314788123341e+00 1.568741848290928174e+06
8.786404665184692719e-06 5.532668350368917132e+00 1.552243120253272587e+06
8.795233782824540012e-06 5.430633356123522937e+00 1.534205117481699446e+06
8.798085140389099384e-06 5.319971187898589804e+00 1.515018855582786957e+06
8.806224025620111841e-06 5.202063470085790620e+00 1.494866862185396254e+06
8.797413802418907477e-06 5.079491482266337066e+00 1.474278048538356787e+06
8.782586387275760311e-06 4.954010156632284279e+00 1.453555309442417230e+06
8.767989084374145839e-06 4.826873480574694675e+00 1.432873058045359096e+06
8.733357768985685685e-06 4.700249001444090524e+00 1.412695683429358061e+06
8.695468235510828714e-06 4.575176918139329807e+00 1.393177296231579501e+06
8.655906566802211240e-06 4.452465170638012282e+00 1.374426227477713488e+06
8.601930595630456668e-06 4.333404765185865593e+00 1.356721933225800982e+06
8.547339849487200136e-06 4.218437405771689797e+00 1.340104836872247048e+06
8.492241058852342415e-06 4.107902563795660988e+00 1.324603207621497335e+06
8.436777830968585242e-06 4.002062570211670334e+00 1.310235721324684331e+06
8.381119746083383142e-06 3.901108993581668294e+00 1.297012012752100360e+06
8.325453213735433560e-06 3.805169622683480579e+00 1.284933337681820383e+06
8.269973882729163585e-06 3.714315675116321103e+00 1.273993291998904431e+06
8.214880420334133771e-06 3.628568941667941861e+00 1.264178548339160159e+06
8.160369483838335810e-06 3.547908653002542323e+00 1.255469581944359234e+06
8.106631736909739169e-06 3.472277919946839653e+00 1.247841366275173612e+06
8.053848743309245135e-06 3.401589653231447574e+00 1.241264026396623114e+06
8.030216804784334904e-06 3.334688949451934725e+00 1.235317084245275706e+06
8.002906551337254435e-06 3.271777029413280413e+00 1.230070945744161028e+06
7.973081066569741974e-06 3.212989021280711288e+00 1.225572739461653633e+06
7.991694056916614697e-06 3.156612182023740054e+00 1.221163679031750886e+06
7.995544411205314216e-06 3.103374813969708157e+00 1.217112116550727515e+06
7.991939836785638056e-06 3.053680423220610063e+00 1.213563560685911449e+06
8.054586268336479270e-06 3.005372432271563365e+00 1.209648893120439723e+06
8.084645275898265392e-06 2.959867053966966921e+00 1.205919558092021616e+06
8.102579533752458666e-06 2.917761187013185875e+00 1.202602296078195563e+06
8.200308258221450161e-06 2.876600158701700050e+00 1.198674356653875671e+06
8.242327570910707493e-06 2.838522092271238861e+00 1.195013308139502769e+06
8.269835734515168223e-06 2.804147862977744321e+00 1.191869286297172774e+06
8.383663466503174963e-06 2.770896458157246389e+00 1.188144419050018303e+06
8.419057371319898982e-06 2.741456064025769024e+00 1.184992205543708522e+06
8.441415946032707553e-06 2.716276189227235793e+00 1.182605968522546114e+06
8.562100634436519398e-06 2.692425676959642633e+00 1.179721099543553079e+06
8.582224828264085848e-06 2.673065787347280953e+00 1.177737316708780825e+06
8.593111751097335841e-06 2.658414842036906034e+00 1.176754499346154043e+06
8.702108900985645410e-06 2.645528613977005783e+00 1.175488783536679577e+06
8.697254931637108354e-06 2.637759220152867012e+00 1.175453388475838583e+06
8.689682647876241443e-06 2.635027392526801737e+00 1.176616648227744270e+06
8.778745727931882648e-06 2.634372502804427807e+00 1.177678680555069353e+06
8.751284165287378391e-06 2.639093601270127820e+00 1.180141765184394782e+06
8.727634146670330094e-06 2.648857137125041117e+00 1.183856147722433787e+06
8.785662576214154696e-06 2.661053724240645568e+00 1.187676739800188690e+06
8.724730608966668459e-06 2.678986128045339754e+00 1.193104522420705529e+06
8.676582041121970668e-06 2.701980424683949167e+00 1.199834773934692843e+06
8.693253789999667681e-06 2.727787206767318562e+00 1.206890984561046585e+06
8.604112457902698366e-06 2.759318838818624275e+00 1.215589654246977763e+06
8.535439789292628568e-06 2.795587858392976521e+00 1.225494575901037781e+06
8.512475888213493822e-06 2.834779030734313476e+00 1.235839604273350677e+06
8.399266745404621029e-06 2.879379703803575108e+00 1.247743834878109861e+06
8.312731642143157308e-06 2.928093893075563336e+00 1.260658099009302678e+06
8.256708165693193920e-06 2.979435736902251275e+00 1.273989861125494819e+06
8.137467163954129266e-06 3.035076713573657603e+00 1.288507303284964757e+06
8.046885616476857003e-06 3.093512590166416665e+00 1.303614431095966604e+06
7.980006712154711875e-06 3.153346869204225467e+00 1.318800143961953698e+06
7.876548820778847172e-06 3.215365839542708049e+00 1.334479286355095450e+06
7.799214765512488704e-06 3.278021230467703884e+00 1.350093387023773976e+06
7.754464571714713225e-06 3.339473990347005206e+00 1.364999503818447236e+06
7.696359405695135094e-06 3.399691647144708728e+00 1.379310143561028875e+06
7.656212332949499278e-06 3.457424059156307905e+00 1.392640435602557613e+06
7.677924708595436267e-06 3.509674018627801484e+00 1.403923807536801323e+06
7.694738162781011325e-06 3.556303752500215687e+00 1.413255720346292015e+06
7.716010701480991967e-06 3.596901913687731156e+00 1.420598901976763271e+06
7.836776178654342970e-06 3.627224220900176821e+00 1.424402646414212417e+06
7.941395584458696262e-06 3.648213085212037132e+00 1.425162851406917674e+06
8.031727005783275219e-06 3.660895138490049661e+00 1.423350863797910046e+06
8.269009781916899355e-06 3.659798243930187489e+00 1.416895015308028786e+06
8.450520311052654439e-06 3.648407959403455969e+00 1.407193873262612382e+06
8.596426743361766608e-06 3.629356496757717210e+00 1.395232597900531953e+06
8.933404965533956864e-06 3.596378373224016212e+00 1.378565581067257095e+06
9.148931255956774708e-06 3.556134057804221538e+00 1.359709198433136102e+06
9.312759755943050727e-06 3.512097189686054222e+00 1.339875816739571281e+06
9.686483461058262699e-06 3.457974904951999662e+00 1.316569823057118105e+06
9.876557615442958953e-06 3.402297864641214975e+00 1.292961424873942276e+06
1.001299750256592742e-05 3.348071731261529571e+00 1.270052974110455718e+06
1.037420446892460955e-05 3.288652021667308301e+00 1.245229009639845230e+06
1.049252452304892043e-05 3.233427738320192812e+00 1.221977753528936068e+06
1.057067642277186014e-05 3.184104067120109072e+00 1.200820110951542621e+06
1.088570128589113046e-05 3.133549732412909350e+00 1.178998942094616592e+06
1.091144926983009667e-05 3.091345772635356148e+00 1.160079981086918619e+06
1.092046335866330150e-05 3.057789642740011082e+00 1.144071375784052303e+06
1.115389641586785669e-05 3.025981742865215818e+00 1.128345951203837525e+06
1.108821065514518758e-05 3.004830452093268267e+00 1.116203278892991599e+06
1.103216596320454438e-05 2.993503044837965810e+00 1.107240768892977154e+06
1.117833843447787953e-05 2.985620345587422175e+00 1.099062224769280292e+06
1.103080207134171248e-05 2.989493156559478226e+00 1.094708932265315671e+06
1.091772321883073501e-05 3.003453506271279050e+00 1.093477556476256112e+06
1.097197988060991117e-05 3.021966098160832725e+00 1.093319180953887757e+06
1.075205055635318451e-05 3.052779735436309316e+00 1.097017834548176965e+06
1.058788282058103308e-05 3.093543002716239165e+00 1.103637856014527846e+06
1.055811054215844608e-05 3.139447525961324370e+00 1.111438090676808497e+06
1.030148845117056120e-05 3.197141622999534860e+00 1.122760251997852232e+06
1.011101241694118530e-05 3.263850583060860622e+00 1.136559313663657056e+06
1.001982343717363283e-05 3.335562772829894662e+00 1.151436232332932530e+06
9.755458614568954606e-06 3.417639083501331942e+00 1.169254106674578274e+06
9.558781305016774763e-06 3.507000118272779687e+00 1.188931929294899106e+06
9.432814091191081424e-06 3.600239712435330475e+00 1.209357070510250516e+06
9.194225533980631402e-06 3.700921971650987796e+00 1.231786415229650447e+06
9.016485934103002589e-06 3.805821198790877880e+00 1.255187996617488097e+06
8.888395466615336998e-06 3.911940139721314491e+00 1.278677956207099603e+06
8.698740513798169455e-06 4.020986877160253492e+00 1.302937395268752472e+06
8.558453958067612229e-06 4.129788551680122488e+00 1.327058291286373744e+06
8.461260390250290066e-06 4.235295488575655298e+00 1.350228604747015284e+06
8.342605111751310578e-06 4.337509352714407740e+00 1.372630549173401203e+06
8.258393760556984953e-06 4.433751473298042534e+00 1.393595271427758737e+06
8.223120004273625760e-06 4.520621269042997881e+00 1.412253497938575922e+06
8.187066266904661002e-06 4.597398191709991977e+00 1.428578444855561014e+06
8.168647766694327170e-06 4.662576003167496097e+00 1.442277266955594998e+06
8.214488212312773578e-06 4.712396600784506617e+00 1.452350268623062409e+06
8.259975814053650478e-06 4.746914689689074152e+00 1.458953567862148164e+06
8.305125930708771913e-06 4.766480835021473794e+00 1.462282668318185257e+06
8.428960623870552607e-06 4.767535991198973200e+00 1.461297184880740941e+06
8.530897395196455638e-06 4.752417387700827334e+00 1.456726276079345727e+06
8.616650179854166476e-06 4.723327658620356750e+00 1.449195636060650926e+06
8.801247789109252996e-06 4.676712047211919909e+00 1.437532851298801368e+06
8.927707285449695026e-06 4.617618574531488385e+00 1.423174919292217121e+06
9.026516678654262262e-06 4.549327814357210009e+00 1.406971740378440125e+06
9.235488566481363056e-06 4.468371626726851176e+00 1.387684650712394854e+06
9.346638392847440310e-06 4.381652798106009605e+00 1.367279757832302013e+06
9.427186723352454158e-06 4.292257720381339681e+00 1.346527751546020852e+06
9.620906018808642122e-06 4.196602152275455744e+00 1.324136431490858784e+06
9.687602598994660315e-06 4.101956690335369693e+00 1.302239585575036239e+06
9.729430340519385270e-06 4.010326984263179462e+00 1.281321898584157694e+06
9.878308211503249558e-06 3.918048040917568198e+00 1.260098249176451936e+06
9.876565886246161898e-06 3.832082965913248707e+00 1.240708733060976956e+06
9.864092812027241324e-06 3.752990089133370510e+00 1.223249847961790161e+06
9.944813939345759603e-06 3.677217736986456931e+00 1.206516713845086284e+06
9.870008118844093278e-06 3.610783920928972712e+00 1.192447890858456492e+06
9.802009706617830677e-06 3.553000955386021342e+00 1.180789669760956196e+06
9.815644951179071864e-06 3.500454254948952570e+00 1.170409010674760910e+06
9.683486301307137409e-06 3.458133462254282975e+00 1.162979873136010719e+06
9.572982550251710334e-06 3.424584546213774505e+00 1.158019104992083739e+06
9.524911057873486467e-06 3.396956042098774553e+00 1.154590098347680410e+06
9.355008627762806809e-06 3.379105490949061430e+00 1.154030872670224635e+06
9.216937888817407137e-06 3.369175970214693283e+00 1.155729402184784645e+06
9.121351945878901810e-06 3.364984274911752671e+00 1.158977165684198029e+06
8.939183736841879789e-06 3.369105640002652002e+00 1.164699050473306561e+06
8.792844946747072155e-06 3.379560695808060622e+00 1.172243889394478640e+06
8.677364438862205940e-06 3.394585447750412932e+00 1.181048825696661603e+06
8.505631403491744155e-06 3.415736450129977175e+00 1.191702575525567168e+06
8.368508645353990659e-06 3.441089021230348877e+00 1.203578274333948502e+06
8.262881346915302959e-06 3.468849433464417764e+00 1.216107416697731242e+06
8.132278207464423381e-06 3.499490490257081365e+00 1.229513581501328154e+06
8.029250531964610176e-06 3.531395819666657498e+00 1.243284362215517554e+06
7.969513006604259385e-06 3.562340026616220623e+00 1.256700332859299378e+06
7.907360744720251378e-06 3.592055670017287206e+00 1.269728844673676183e+06
7.860963831193350069e-06 3.619576604406143705e+00 1.282081735010444885e+06
7.876425582947840385e-06 3.642092255021233349e+00 1.292815283225673717e+06
7.892100791037406893e-06 3.659567612267116132e+00 1.301961650565092452e+06
7.909100022569652192e-06 3.672028608399756422e+00 1.309554638994565932e+06
8.006633909678463016e-06 3.676288533688621296e+00 1.314472275793088134e+06
8.085914797899032458e-06 3.673617080901392828e+00 1.317171283147145994e+06
8.152397034578985253e-06 3.665118648055381012e+00 1.318021765925176675e+06
8.310148766883347301e-06 3.647680294624390918e+00 1.315869938676380552e+06
8.416701376755628076e-06 3.624356408464707524e+00 1.311774087146175094e+06
8.501268255223678498e-06 3.596886526477460766e+00 1.306294524431281257e+06
8.678432901110118112e-06 3.562436173620604496e+00 1.298336945019321283e+06
8.769176729957657579e-06 3.525435355974890328e+00 1.289450742780285655e+06
8.837397773731913279e-06 3.487491345056542347e+00 1.280142984242023202e+06
8.994490871889956817e-06 3.445901755947195166e+00 1.269359537629776634e+06
9.037955062120180794e-06 3.405663978668080460e+00 1.258886182759232353e+06
9.066690427815276041e-06 3.367678941330630948e+00 1.248991852035414660e+06
9.177592093165370506e-06 3.329256652719645437e+00 1.238640901030832203e+06
9.162546404129149791e-06 3.295232955921834517e+00 1.229602760663642082e+06
9.145018767836055084e-06 3.265660864343345793e+00 1.221858585133417277e+06
9.197512663535506420e-06 3.238013797753256817e+00 1.214451341560996836e+06
9.127685412544476058e-06 3.216511126246831331e+00 1.208957446298586903e+06
9.068112299670725882e-06 3.200490215388616555e+00 1.205110669127766043e+06
9.064573942687523221e-06 3.187705042949286138e+00 1.202073052204770036e+06
8.953538741622645179e-06 3.181597060074304206e+00 1.201152642411414068e+06
8.862909967360698535e-06 3.181015779886728900e+00 1.201913506580600748e+06
8.814797911098984712e-06 3.184051367635512886e+00 1.203655627828836208e+06
8.681136128808954967e-06 3.193306748867998035e+00 1.207385489581230795e+06
8.573837757855126804e-06 3.207359248328104595e+00 1.212577823887508828e+06
8.498077414820358631e-06 3.224603749081311310e+00 1.218660369560655439e+06
8.364563160988457499e-06 3.246684091194508515e+00 1.226289851343485992e+06
8.258378851782140944e-06 3.272107587706452492e+00 1.234932194072482642e+06
8.176218703885563987e-06 3.299499656505026746e+00 1.244117592773863580e+06
8.062817927986120451e-06 3.329590259801573637e+00 1.254171699735230533e+06
7.973630589688562490e-06 3.360989080911606752e+00 1.264619086495112628e+06
7.905289916963591235e-06 3.392440964284532345e+00 1.275049904065021081e+06
7.834562724514231385e-06 3.423644841285936380e+00 1.285414314077940769e+06
7.780590690414753487e-06 3.453566570429516425e+00 1.295385774720960530e+06
7.740500979574011463e-06 3.481324437421836393e+00 1.304698973617646610e+06
7.711820499374578657e-06 3.506196985088938511e+00 1.313146231613170356e+06
7.692412319238558081e-06 3.527612322000909462e+00 1.320571667547756340e+06
7.691449318981757061e-06 3.544692786787238425e+00 1.326699162524492014e+06
7.693029888504961098e-06 3.557307480437339020e+00 1.331525097097010585e+06
7.697742614756644162e-06 3.565367887793116530e+00 1.335050083350544795e+06
7.742684908767253767e-06 3.567333860203732332e+00 1.336722185219598701e+06
7.781373648983116268e-06 3.563759274557436907e+00 1.336763692079579690e+06
7.814968496811121922e-06 3.555211706759936696e+00 1.335381410717863822e+06
7.898663321356978335e-06 3.540064202926738623e+00 1.331948447102658916e+06
7.959732285297027677e-06 3.519843788218254055e+00 1.327013729173578788e+06
8.009198605379442206e-06 3.495608456485765458e+00 1.320929184356300859e+06
8.125298019501443994e-06 3.465329690731078216e+00 1.312877722722435603e+06
8.196588350309095763e-06 3.431576650935086459e+00 1.303776437359902542e+06
8.251581931800445823e-06 3.395658679659717016e+00 1.294048199480806012e+06
8.387984321863207224e-06 3.355140825028724016e+00 1.282696965621500509e+06
8.456652842689840253e-06 3.313400116518363525e+00 1.270945947736446746e+06
8.507003058506127502e-06 3.271709954301253997e+00 1.259202231228315271e+06
8.652558504989072110e-06 3.227187309143653593e+00 1.246290608580611181e+06
8.710078751659134299e-06 3.183684813558360194e+00 1.233638373920045793e+06
8.749720314272711630e-06 3.142243606465051187e+00 1.221577165533462772e+06
8.895595884783269054e-06 3.099599038449722954e+00 1.208787409071936505e+06
8.930885983386629024e-06 3.060007680130658159e+00 1.196886497605300741e+06
8.952116499929988012e-06 3.024121768307738378e+00 1.186074343245164026e+06
9.086933754022471387e-06 2.988393108601821613e+00 1.174928764585697092e+06
9.095111049732074608e-06 2.957207079449359011e+00 1.165151638719718903e+06
9.095287689428220576e-06 2.930798075974710315e+00 1.156795648451604648e+06
9.210972527588967803e-06 2.905510665323445263e+00 1.148403791150528705e+06
9.189571333312812818e-06 2.885725816563607271e+00 1.141701247122222325e+06
9.167751265547998397e-06 2.871284177748549826e+00 1.136595382274052361e+06
9.257067397614861278e-06 2.858608879320772900e+00 1.131666785214852309e+06
9.205530225315402935e-06 2.851965681468729308e+00 1.128607893419896718e+06
9.161889696261673254e-06 2.850840451134215581e+00 1.127191031340306858e+06
9.213827007142815699e-06 2.852047261034461823e+00 1.126159537315567723e+06
9.130016752269082497e-06 2.859566084396920171e+00 1.127094276640505064e+06
9.063071950377665512e-06 2.872529939968169188e+00 1.129633877845632378e+06
9.077373624475775592e-06 2.888075558908788754e+00 1.132661703651347430e+06
8.967920234037685831e-06 2.909795929348578891e+00 1.137602110933244461e+06
8.882601943440930880e-06 2.936532525543511074e+00 1.143989890274398727e+06
8.861883225370556844e-06 2.965809795316175279e+00 1.150879431059777504e+06
8.735814350731478206e-06 3.000696503269542070e+00 1.159486108671445865e+06
8.638656084308447386e-06 3.039799258942839533e+00 1.169273457524381345e+06
8.590386876988221680e-06 3.081010508130214376e+00 1.179465089106179308e+06
8.465120679503749772e-06 3.126546614735451701e+00 1.190950017206639983e+06
8.369422895572263516e-06 3.174895701498692269e+00 1.203178288962581428e+06
8.309776496577943195e-06 3.224265990128575510e+00 1.215526911546186311e+06
8.197522679121065225e-06 3.276102855926685820e+00 1.228602891382884700e+06
8.112630973484842150e-06 3.328878290931453598e+00 1.241887253419219516e+06
8.053461428244938533e-06 3.381088790504080510e+00 1.254898191391983768e+06
7.964919961586034626e-06 3.433384133165855445e+00 1.267960237205542624e+06
7.899229855365311854e-06 3.484358607080682013e+00 1.280633476056272164e+06
7.852484744522097052e-06 3.532760244321323295e+00 1.292552867399338400e+06
7.798903711648824276e-06 3.578437780637274912e+00 1.303758481282411609e+06
7.761294884868504590e-06 3.620328627453651027e+00 1.313953981196124339e+06
7.736666279757928622e-06 3.657544500444891433e+00 1.322910128093382344e+06
7.722439208951348326e-06 3.689388413198025241e+00 1.330461726279936498e+06
7.716386082770654769e-06 3.715346491881028612e+00 1.336501171437552664e+06
7.716582404284442201e-06 3.735078043387470625e+00 1.340972085370021639e+06
7.721369022331531191e-06 3.748403519032604603e+00 1.343862958558502840e+06
7.729321750351534097e-06 3.755290393282020744e+00 1.345200814381328411e+06
7.739226285995092514e-06 3.755837246062032619e+00 1.345044964568526251e+06
7.750056839734674401e-06 3.750256516873373247e+00 1.343480954796514707e+06
7.760957394322696819e-06 3.738856492800330056e+00 1.340614806417167885e+06
7.771224874911903435e-06 3.722023116905179396e+00 1.336567652027270989e+06
7.780293677356343908e-06 3.700202177667101910e+00 1.331470845890166936e+06
7.787721265762935651e-06 3.673882371626109311e+00 1.325461606977001997e+06
7.793174595226588561e-06 3.643579642076106406e+00 1.318679228774676099e+06
7.796417317604153492e-06 3.609823090382667132e+00 1.311261865497565363e+06
7.797297692180390455e-06 3.573142653063735352e+00 1.303343884076701943e+06
7.796250389810742385e-06 3.534038118261384476e+00 1.295046234268383821e+06
7.792366150724495608e-06 3.493029277755173911e+00 1.286496275293106446e+06
7.786134741572237254e-06 3.450591576806465000e+00 1.277805505085358163e+06
7.822423035135283524e-06 3.405444589260735011e+00 1.268433254927357892e+06
7.848494817737782268e-06 3.358542174127067348e+00 1.258662571849934291e+06
7.865900062755082391e-06 3.310743285319163398e+00 1.248734982818975579e+06
7.964057945571149157e-06 3.259544634119742046e+00 1.237624499945831252e+06
8.035496781728785929e-06 3.206753825573407823e+00 1.225928330577011453e+06
8.088191990076287042e-06 3.153766435245528577e+00 1.214080825975683983e+06
8.268478782941513560e-06 3.096780906802116373e+00 1.200523255457777763e+06
8.389671666775431384e-06 3.038947396661656697e+00 1.186376472321765963e+06
8.479255113733819775e-06 2.982179839854019576e+00 1.172279075093395077e+06
8.748940576681056856e-06 2.921409859212292126e+00 1.156144760490565328e+06
8.908179039278672556e-06 2.861434102949802050e+00 1.139780315256354399e+06
9.023219311151978593e-06 2.804422757758949558e+00 1.123952780767886434e+06
9.373633184464359995e-06 2.744112203664022420e+00 1.106081551617796533e+06
9.547639483858475561e-06 2.686860242034372348e+00 1.088671167752616107e+06
9.669098499049096624e-06 2.634708539292099250e+00 1.072479107741851825e+06
1.007711423626030341e-05 2.580416423965644857e+00 1.054523800148365553e+06
1.023777573642110213e-05 2.531516304310602372e+00 1.037869495737819700e+06
1.034531105930995081e-05 2.489592312813317942e+00 1.023121367846171139e+06
1.077446826836588310e-05 2.446883719351141018e+00 1.007084310600988101e+06
1.088969486029772922e-05 2.411662591097847752e+00 9.931828489232127322e+05
1.096232689656271724e-05 2.384827955204825489e+00 9.817488982935126405e+05
1.137623552982495170e-05 2.358416228324628605e+00 9.695055514146091882e+05
1.141980550662529220e-05 2.341190670999475643e+00 9.600860963238648837e+05
1.144200069655706803e-05 2.333293633324526883e+00 9.534910899952721084e+05
1.181102276073739941e-05 2.326758564757601011e+00 9.464525427606042940e+05
1.176952686068235043e-05 2.330731845813684533e+00 9.427118147068985272e+05
1.173448940997397276e-05 2.344640739956013853e+00 9.419427788470552769e+05
1.203660617288549844e-05 2.360672098626984461e+00 9.409696889258538140e+05
1.191374609380770455e-05 2.388193484520138021e+00 9.435274760179989971e+05
1.182534083375292535e-05 2.426016486521212823e+00 9.490140519237046828e+05
1.205502071484864671e-05 2.466480446077786048e+00 9.543748023275426822e+05
1.186724743581228583e-05 2.519111641502525423e+00 9.632808928880286403e+05
1.173675483031669784e-05 2.582195593778595200e+00 9.749188678958622040e+05
1.189205342654013964e-05 2.648321135259277703e+00 9.864255785188520094e+05
1.165764708813064098e-05 2.727025245809068910e+00 1.001334546819540672e+06
1.149659669457790627e-05 2.816082032323526274e+00 1.018667627494492452e+06
1.157688741965704289e-05 2.908485719274158221e+00 1.035838077726613032e+06
1.131447313911170492e-05 3.013446832082906646e+00 1.056120203133852687e+06
1.113429559078539155e-05 3.128197933865926483e+00 1.078408948666719254e+06
1.114472768992235976e-05 3.246291301157032905e+00 1.100464535401938949e+06
1.086754925428740323e-05 3.376319196126165600e+00 1.125225797402804950e+06
1.067581744601666399e-05 3.514901149926924262e+00 1.151485032752235886e+06
1.062505365392875007e-05 3.656236884752787297e+00 1.177382842549125897e+06
1.034909370030093319e-05 3.807769742005468139e+00 1.205395167897046078e+06
1.015595782458264362e-05 3.965494414653940147e+00 1.234255651833117241e+06
1.005946482853392626e-05 4.124327857366682615e+00 1.262500714382593054e+06
9.804084749951913754e-06 4.289880268016688092e+00 1.291998736103995936e+06
9.623325142735595367e-06 4.457640345466810317e+00 1.321497398937144317e+06
9.507317060304920067e-06 4.623088187302962559e+00 1.349864489741567755e+06
9.294612442737672467e-06 4.789495810579214030e+00 1.378288619469143683e+06
9.143559865528795469e-06 4.952195760005313474e+00 1.405639795382940210e+06
9.041367803477218091e-06 5.106898489071356018e+00 1.430986486204533139e+06
8.893461567600700185e-06 5.254549882362221425e+00 1.454892795645163162e+06
8.790699701877320346e-06 5.391016277492918007e+00 1.476497332587140612e+06
8.738101452966074117e-06 5.511854771497532113e+00 1.494897013824769529e+06
8.674449789238720558e-06 5.616551521553560633e+00 1.510256660783503205e+06
8.636593464451987407e-06 5.702589566794821430e+00 1.522165668468146119e+06
8.662514110663198220e-06 5.765395973222002368e+00 1.529649678716765950e+06
8.687723014059824776e-06 5.805048209487050137e+00 1.532934278189436067e+06
8.717826729804726687e-06 5.821734117249977913e+00 1.532200843073135009e+06
8.828745941560030611e-06 5.811317284459500243e+00 1.526435777605887735e+06
8.923793247112616177e-06 5.776611053918243144e+00 1.516390205707720015e+06
9.003983956640624074e-06 5.720689817183767900e+00 1.502796724064028822e+06
9.180794465251810170e-06 5.640116193017584045e+00 1.484623921915744431e+06
9.306401742781281300e-06 5.541177768921454749e+00 1.463345169197279494e+06
9.403004520748714336e-06 5.428576839023863343e+00 1.439962975043818355e+06
9.604455200217920636e-06 5.299320806164979913e+00 1.413430225336612202e+06
9.713110162050221039e-06 5.161916900651852380e+00 1.385743839551980374e+06
9.788903651365241668e-06 5.020699500733255327e+00 1.357789315162423067e+06
9.971179746737093510e-06 4.872466661836737600e+00 1.328451504900860367e+06
1.002667406370091860e-05 4.725992422046968677e+00 1.299884597020717803e+06
1.005627176169751482e-05 4.583905106116843875e+00 1.272604234498834703e+06
1.018922564599212245e-05 4.442497648620268080e+00 1.245420608932515373e+06
1.017338840550444375e-05 4.309656902859394734e+00 1.220404456498644315e+06
1.014629828207475412e-05 4.186064349096820791e+00 1.197647971636169124e+06
1.021501431795559862e-05 4.067731224781148569e+00 1.175950345251303166e+06
1.012983478657533925e-05 3.961190700426585831e+00 1.157154492537670070e+06
1.005021329213689945e-05 3.865663550249650360e+00 1.141016735193374567e+06
1.006036962046656160e-05 3.777100600920471507e+00 1.126352267266249750e+06
9.925357988309352889e-06 3.700772185121567137e+00 1.114745956973505439e+06
9.809381973438668396e-06 3.635131293967495569e+00 1.105760140638944460e+06
9.772214526732350378e-06 3.576508529100323130e+00 1.098322074969087727e+06
9.609568091372177646e-06 3.529039788016074652e+00 1.093741325830983231e+06
9.474472916465795374e-06 3.490892018500340033e+00 1.091493337200110313e+06
9.404578406504787106e-06 3.458968372490876408e+00 1.090662762429102790e+06
9.236589118046825169e-06 3.436323579449875432e+00 1.092259261720183305e+06
9.099383500181930330e-06 3.421127351615054213e+00 1.095745506885889685e+06
9.010360750291923425e-06 3.410990824622343265e+00 1.100408450495283585e+06
8.848245587914698734e-06 3.408110828465017672e+00 1.107003424874143908e+06
8.717212953283504497e-06 3.410735118291043477e+00 1.115004681953459512e+06
8.622749865238489309e-06 3.416952197765951382e+00 1.123838291856119409e+06
8.480038443507348093e-06 3.428130436091533895e+00 1.134001001139623346e+06
8.365612074810479628e-06 3.442682212844758727e+00 1.145011290284005925e+06
8.278679083589322824e-06 3.459076889867955362e+00 1.156410684811705258e+06
8.164608681917424963e-06 3.477971117941041967e+00 1.168465998468851438e+06
8.074031785229155136e-06 3.498013905075187946e+00 1.180768060552905547e+06
8.004129239902051151e-06 3.517992667086924374e+00 1.192957115036072442e+06
7.928734817839076327e-06 3.537805944404484926e+00 1.205044489588327473e+06
7.869899676950823194e-06 3.556477719146696526e+00 1.216739883025362389e+06
7.824757632548440779e-06 3.573193039160299733e+00 1.227806518627652666e+06
7.790853342902652272e-06 3.587304085510069296e+00 1.238058381134956144e+06
7.766076547308906785e-06 3.598314783748524537e+00 1.247355082092539174e+06
7.748610768832335985e-06 3.605866708991691372e+00 1.255597119671115652e+06
7.736892728736326032e-06 3.609725578694978676e+00 1.262721365138465539e+06
7.729579623672046908e-06 3.609767960021194710e+00 1.268696694469087524e+06
7.725522352761030897e-06 3.605968046847209507e+00 1.273519739315703278e+06
7.723743047392963397e-06 3.598384526133384220e+00 1.277210770163269946e+06
7.723415871189463595e-06 3.587147649219574408e+00 1.279809744085079292e+06
7.723850300260420694e-06 3.572446675995832877e+00 1.281372558137947461e+06
7.724476241832159906e-06 3.554517880168564847e+00 1.281967550740075298e+06
7.724830679532110480e-06 3.533633291349895789e+00 1.281672286625752924e+06
7.727407752540166541e-06 3.509976138313705807e+00 1.280528994213677943e+06
7.727866979582734017e-06 3.483920741769519047e+00 1.278646912124959286e+06
7.726946624702524274e-06 3.455808968931512570e+00 1.276121576773413224e+06
7.753231411194956769e-06 3.424862856446519555e+00 1.272632186940342654e+06
7.771080115749013435e-06 3.391817406042709315e+00 1.268413417756597511e+06
7.783424562740963077e-06 3.357274597316501019e+00 1.263645624505555956e+06
7.834044501182744227e-06 3.320145092326632241e+00 1.257873161334966775e+06
7.866111257500254720e-06 3.281635180581542244e+00 1.251504247591078747e+06
7.888894059953549585e-06 3.242530921727785564e+00 1.244784855501488550e+06
7.963017809845669592e-06 3.201349239667137248e+00 1.237095072218464920e+06
8.005513097891201713e-06 3.159789606114357774e+00 1.229040171971400036e+06
8.035522385947770332e-06 3.118729057738139243e+00 1.220906180340371327e+06
8.127244879735164186e-06 3.076378863684105180e+00 1.211945762282419484e+06
8.168147784117178853e-06 3.035018176140196644e+00 1.203012013651851565e+06
8.195764366943039967e-06 2.995431931163439199e+00 1.194369085992410313e+06
8.294411383646559780e-06 2.955516235684424675e+00 1.185143888290733332e+06
8.325900735483869266e-06 2.917898947576154978e+00 1.176360051202294650e+06
8.345354598092670080e-06 2.883162117751026710e+00 1.168218457512492547e+06
8.442375551982371645e-06 2.848964119187069599e+00 1.159751781568690669e+06
8.456616176819008732e-06 2.818191544915986668e+00 1.152121357121465029e+06
8.462347595567881620e-06 2.791149183687287483e+00 1.145430736107391771e+06
8.548567235825313784e-06 2.765359270179935880e+00 1.138658747440039413e+06
8.541935890767763233e-06 2.743783306199059080e+00 1.133025028699903749e+06
8.531802863946205367e-06 2.726439224915834902e+00 1.128524880490467418e+06
8.604744068111072432e-06 2.710725244331368078e+00 1.124086610180421034e+06
8.578666456340128618e-06 2.699614023653706063e+00 1.120952443656684598e+06
8.554346059670629750e-06 2.692881641352800504e+00 1.119021309821275994e+06
8.612460763677647735e-06 2.687901690193331472e+00 1.117212352705152007e+06
8.570256293271679552e-06 2.687581133752511064e+00 1.116749006207461236e+06
8.534665950205643655e-06 2.691502496243542097e+00 1.117451452905671904e+06
8.582916112949579436e-06 2.696948582047508758e+00 1.118205785072035156e+06
8.533919989211801569e-06 2.706706153762238110e+00 1.120187612176008523e+06
8.494508251489282774e-06 2.720251018755116323e+00 1.123175710289112059e+06
8.539733755004187202e-06 2.734790139359208005e+00 1.126035209572798107e+06
8.490857616945823120e-06 2.753043617403806653e+00 1.129912337345338194e+06
8.452941180751171561e-06 2.774438391824623817e+00 1.134571617288153619e+06
8.498903921403308165e-06 2.796140351943499081e+00 1.138878447591157863e+06
8.456480981806141362e-06 2.820755163258615195e+00 1.143928105818024604e+06
8.424833929177853143e-06 2.847714277871152166e+00 1.149496409324560082e+06
8.477761260833089975e-06 2.874095061569018394e+00 1.154435451204362558e+06
8.444254257722802188e-06 2.902530736015745294e+00 1.159845459127126960e+06
8.420474109746317438e-06 2.932492682244092208e+00 1.165528155714080203e+06
8.476545071900033266e-06 2.961145458624500737e+00 1.170394897158110281e+06
8.447813946351906839e-06 2.991163868768974776e+00 1.175551129477738636e+06
8.428238943178822593e-06 3.022040068936629353e+00 1.180815141763889696e+06
8.482291395874800698e-06 3.051080775508997700e+00 1.185177023188764928e+06
8.454268948451292492e-06 3.080960896681107286e+00 1.189726490968625993e+06
8.435379195637771524e-06 3.111171920715441352e+00 1.194287886932784924e+06
8.482952860457266105e-06 3.139206083742513087e+00 1.197942478849045234e+06
8.449114466804282227e-06 3.167799677251573076e+00 1.201784212266578339e+06
8.425481358911633166e-06 3.196394619711866003e+00 1.205622220109651098e+06
8.459566570908537636e-06 3.222727410321136521e+00 1.208645972704965854e+06
8.418714081786575240e-06 3.249372247043152306e+00 1.211867778046422172e+06
8.389258837401075981e-06 3.275711111986133517e+00 1.215078471923422767e+06
8.406093752117472530e-06 3.299839312438219707e+00 1.217613054249769775e+06
8.356830019828776764e-06 3.324062098027465328e+00 1.220364955080032581e+06
8.320320567526711715e-06 3.347689664775789442e+00 1.223102943670145469e+06
8.321534697532214354e-06 3.369091437032269098e+00 1.225271055341859115e+06
8.266333564526264267e-06 3.390259651710519684e+00 1.227633177442712011e+06
8.224649086136635274e-06 3.410464031562527865e+00 1.229947613048260566e+06
8.211795904516429480e-06 3.428389358321373592e+00 1.231777481497846078e+06
8.154283562614053453e-06 3.445624383339453978e+00 1.233728989826039178e+06
8.110245375708928286e-06 3.461445275674813971e+00 1.235565837555597071e+06
8.086655352169975629e-06 3.474867798865898916e+00 1.236970354754530592e+06
8.032302468215550621e-06 3.486986638575751751e+00 1.238362376725638285e+06
7.990275588223262143e-06 3.497156315956502670e+00 1.239533713036675937e+06
7.961531785647276663e-06 3.504718359519926274e+00 1.240277975291668903e+06
7.912117465462874873e-06 3.510426691534389576e+00 1.240884055549426936e+06
7.873448194286550389e-06 3.513755281126944130e+00 1.241181016720440704e+06
7.843505370596730636e-06 3.514293067325059194e+00 1.241040727367515443e+06
7.808846700505906615e-06 3.512225602233604249e+00 1.240539933320523473e+06
7.781509601934779999e-06 3.507271824709301988e+00 1.239584292996111093e+06
7.759976228186077875e-06 3.499255142656484630e+00 1.238112940724804066e+06
7.742948311099663201e-06 3.488102294312072527e+00 1.236094875103232218e+06
7.729319643949157220e-06 3.473828883001897960e+00 1.233523920883416198e+06
7.718152969320456313e-06 3.456525507384805351e+00 1.230414178434575908e+06
7.708660222642793299e-06 3.436344549036700169e+00 1.226795923344383948e+06
7.700185353121137679e-06 3.413487724045185967e+00 1.222711934546409175e+06
7.699603140782723559e-06 3.387908456889382691e+00 1.218111384447516873e+06
7.697743548573846194e-06 3.359958347631699649e+00 1.213082017935555195e+06
7.694572302859875335e-06 3.329996161286718603e+00 1.207709926720882300e+06
7.720354320770627310e-06 3.297237065114472454e+00 1.201663274347912287e+06
7.737745744131371812e-06 3.262428452842102367e+00 1.195162482183783781e+06
7.749360909644821034e-06 3.226199856480608918e+00 1.188379189787628129e+06
7.802815754232121163e-06 3.187410241706002623e+00 1.180833304237409960e+06
7.835556415922284167e-06 3.147349142118420762e+00 1.172939843458428979e+06
7.858493342232444483e-06 3.106830048364768171e+00 1.164934014684054768e+06
7.936977125505424895e-06 3.064317379358060478e+00 1.156176065458627883e+06
7.978576004510290687e-06 3.021668549956034067e+00 1.147302536639354890e+06
8.007433361196311723e-06 2.979753537957628762e+00 1.138576649182583671e+06
8.106806334993458196e-06 2.936585956825747523e+00 1.129181317414440215e+06
8.151730465533931557e-06 2.894511783392398563e+00 1.119962530875007622e+06
8.182162324670177027e-06 2.854351353596633167e+00 1.111179703897904605e+06
8.294172102756107299e-06 2.813794286772788311e+00 1.101888567613051040e+06
8.332108830405197136e-06 2.775616822241475656e+00 1.093135562300592428e+06
8.356257178983790047e-06 2.740456564625302072e+00 1.085128404806549195e+06
8.474254117528225643e-06 2.705627908005877824e+00 1.076775912907621590e+06
8.500041097538465026e-06 2.674218619447008560e+00 1.069283915106770117e+06
8.514468028892187455e-06 2.646638869139807060e+00 1.062786505917934701e+06
8.634235899573852277e-06 2.619867225736993266e+00 1.056057278836779064e+06
8.644751089332922635e-06 2.597259084787654881e+00 1.050440694400878623e+06
8.647686897422170142e-06 2.578993548761770338e+00 1.045987800513740280e+06
8.768868453596059451e-06 2.561688862958850788e+00 1.041323629215083085e+06
8.768857181959643877e-06 2.548862821689930946e+00 1.037880485034071375e+06
8.764593739678753082e-06 2.540535368651617443e+00 1.035647681832072325e+06
8.887362489163859805e-06 2.533096448122485356e+00 1.033154535202185391e+06
8.877947402893169936e-06 2.530254399338707660e+00 1.031922228212610004e+06
8.867674557514972059e-06 2.531898284847270642e+00 1.031885662642712588e+06
8.989617913095780314e-06 2.534267941996094287e+00 1.031515306749031530e+06
8.971184425277361268e-06 2.541235661071957086e+00 1.032400619071542402e+06
8.955367215846899145e-06 2.552570546769515225e+00 1.034425911745846737e+06
9.072324481992768904e-06 2.564451094048876723e+00 1.036047120022651157e+06
9.041502767777226569e-06 2.580939862032488818e+00 1.038923019764463068e+06
9.017573430257823524e-06 2.601657844203813408e+00 1.042877675219143857e+06
9.123592105926731799e-06 2.622763914486439862e+00 1.046378882926544175e+06
9.079458217949844541e-06 2.648419672771884947e+00 1.051109345949947368e+06
9.046687236845079688e-06 2.678082126479589764e+00 1.056831239535094239e+06
9.141613861296817340e-06 2.707830684264401544e+00 1.062010349928824231e+06
9.087450597756142147e-06 2.741882908599396096e+00 1.068330531754658790e+06
9.048247243063345775e-06 2.779548419039074236e+00 1.075505186362237204e+06
9.131765290816684232e-06 2.816874875353153840e+00 1.082026309264870826e+06
9.071665048052029163e-06 2.858047236242937217e+00 1.089540650425516069e+06
9.028952217256522303e-06 2.902251481040388548e+00 1.097729170617233496e+06
9.099161792420082127e-06 2.945636776119777256e+00 1.105167310398964211e+06
9.035412948078769710e-06 2.992245343007581937e+00 1.113421015775799751e+06
8.990639262830466108e-06 3.041153897571763132e+00 1.122150008422221523e+06
9.042413815300781246e-06 3.088836082771130975e+00 1.130096354649603134e+06
8.970440730935158106e-06 3.139167368212779863e+00 1.138735438265062170e+06
8.919643394663813560e-06 3.191075360704456187e+00 1.147693728276010603e+06
8.956352167663952856e-06 3.241138078669908218e+00 1.155795248168251710e+06
8.880492920339329530e-06 3.293025443850987610e+00 1.164415570942317136e+06
8.826720143827178103e-06 3.345564620410424794e+00 1.173168396290207282e+06
8.847573137651194766e-06 3.395618479944205514e+00 1.181018362436037278e+06
8.770765807957331994e-06 3.446495896765406908e+00 1.189189570208409801e+06
8.715994915673281441e-06 3.496971082773147721e+00 1.197299182959417114e+06
8.728630789355688979e-06 3.544047123216823358e+00 1.204392959529361222e+06
8.662575820012224202e-06 3.590493858604860034e+00 1.211489880523720523e+06
8.615872948477741489e-06 3.635190269018023113e+00 1.218260592940451112e+06
8.628154003380568456e-06 3.675424321890373491e+00 1.223868777341819135e+06
8.572080649214025802e-06 3.713750594546441519e+00 1.229238692140511237e+06
8.532515028518568743e-06 3.749215455277939757e+00 1.234101564426061232e+06
8.544908970218594062e-06 3.779413640867123725e+00 1.237729294930737000e+06
8.501892394951594096e-06 3.806558635408881397e+00 1.240907453450093744e+06
8.471729431841391137e-06 3.829956229830801639e+00 1.243446122616671026e+06
8.487738967854520367e-06 3.847536751572255831e+00 1.244719222891316516e+06
8.453910707706621618e-06 3.861468434113935366e+00 1.245467616810306674e+06
8.429823411214304061e-06 3.871321241170829541e+00 1.245569608839238994e+06
8.450243422379074529e-06 3.875217797697464661e+00 1.244443575958492234e+06
8.425084253380391879e-06 3.875310413917262498e+00 1.242795126673462102e+06
8.406559212894580259e-06 3.871441146220598206e+00 1.240567817408588249e+06
8.432834249355581051e-06 3.861856096614447065e+00 1.237196985066346824e+06
8.415843374683996855e-06 3.848739997694006210e+00 1.233371853763612686e+06
8.402459489208395860e-06 3.832187867537195203e+00 1.229094766892558429e+06
8.438513698175508724e-06 3.810382691814230505e+00 1.223757558302549878e+06
8.430872810030374897e-06 3.785622517898360240e+00 1.218065816065253224e+06
8.423620652009675732e-06 3.758238184034990770e+00 1.212078797326725209e+06
8.471523405431235698e-06 3.726302347166277062e+00 1.205131494567087153e+06
8.471227125250709391e-06 3.692340176340731084e+00 1.197991855375225423e+06
8.468544714021483821e-06 3.656844566781214390e+00 1.190759689770765603e+06
8.526504735320277069e-06 3.617764106856048212e+00 1.182713310558081139e+06
8.530263056912778071e-06 3.577825455684112033e+00 1.174687390052138362e+06
8.529663700558005694e-06 3.537583575741200637e+00 1.166799680038399529e+06
8.598009405560810999e-06 3.494728096239057002e+00 1.158232850724451011e+06
8.602050757034136456e-06 3.452270887853529313e+00 1.149928816169652855e+06
8.600758051230059515e-06 3.410734988566475945e+00 1.142000455583687173e+06
8.673547180978644598e-06 3.367650830958308195e+00 1.133571753356979694e+06
8.672214411832333144e-06 3.326212472274617582e+00 1.125669510158797028e+06
8.666095791629055374e-06 3.286807491734473619e+00 1.118373341658192920e+06
8.743763797911927426e-06 3.246625806193744079e+00 1.110689299584273016e+06
8.738353073318757533e-06 3.208983940084342734e+00 1.103715367682736134e+06
8.728876895578456714e-06 3.174142497243162886e+00 1.097500409516951768e+06
8.807455352361401630e-06 3.139163409216249701e+00 1.091002509893463692e+06
8.793049998682445789e-06 3.107496820766576739e+00 1.085396526519020321e+06
8.776699395111371913e-06 3.079224637654979446e+00 1.080681294056414859e+06
8.848518535522865040e-06 3.051402500705829635e+00 1.075809332953434903e+06
8.823337258973898287e-06 3.027409841664697510e+00 1.071960020275033545e+06
8.799110827147394484e-06 3.007142024264382041e+00 1.069076346694729757e+06
8.859202449442055182e-06 2.987765869224576321e+00 1.066146828479206655e+06
8.816402796716357328e-06 2.972678899646828299e+00 1.064381992481711321e+06
8.779189908932663713e-06 2.961537994531588502e+00 1.063647048269715859e+06
8.820271883962297861e-06 2.951653949735547844e+00 1.062980823095869506e+06
8.759747845311919020e-06 2.946249339957383029e+00 1.063550824701275676e+06
8.709671673497978151e-06 2.944756708626030228e+00 1.065147009261423023e+06
8.729585432568913827e-06 2.944689544933143388e+00 1.066881928776101209e+06
8.654840046960101175e-06 2.948974355484345722e+00 1.069830000717895105e+06
8.594687672769603357e-06 2.956861120173448043e+00 1.073720169829202583e+06
8.595901284190910364e-06 2.966072552084888514e+00 1.077744086620893097e+06
8.513302256157029754e-06 2.979167612463198278e+00 1.082852374775917968e+06
8.447984371555380446e-06 2.995272780302538962e+00 1.088735523479171097e+06
8.437713147259757115e-06 3.012250776091268456e+00 1.094642314557623351e+06
8.356471243968851035e-06 3.032265085861892029e+00 1.101387011215453502e+06
8.293111176131511336e-06 3.054401106624188067e+00 1.108653422834560508e+06
8.276715060847190377e-06 3.076739137654611600e+00 1.115777695239592809e+06
8.203551576413857123e-06 3.101011236140200023e+00 1.123423147960730363e+06
8.147278094617729544e-06 3.126327820000696533e+00 1.131292144517626148e+06
8.130610425845757042e-06 3.150991280021007590e+00 1.138809853581757285e+06
8.069880028486814814e-06 3.176353948616525535e+00 1.146505950343830977e+06
8.023926835399711028e-06 3.201613253132328474e+00 1.154122224251323380e+06
8.009815319289377941e-06 3.225348219214963397e+00 1.161189520035372116e+06
7.960039267621547114e-06 3.248683278216646819e+00 1.168155579773443285e+06
7.922891266461872946e-06 3.270925246222863070e+00 1.174805257327187806e+06
7.912263360682066191e-06 3.290874153927310530e+00 1.180750033192256698e+06
7.873986664138878916e-06 3.309440033598336495e+00 1.186356906192178605e+06
7.845837516385418254e-06 3.326082210616746249e+00 1.191463761430208338e+06
7.840392843773915277e-06 3.339802956267765577e+00 1.195749596787011484e+06
7.812618314562074659e-06 3.351405669423862754e+00 1.199534679902181495e+06
7.792425358535646701e-06 3.360529197697500692e+00 1.202713283474400872e+06
7.793401405915247594e-06 3.366316235742479179e+00 1.205003832860403694e+06
7.776321750234899073e-06 3.369508132596908290e+00 1.206691889634083491e+06
7.764070366708633895e-06 3.369950562248972048e+00 1.207732886127842357e+06
7.772514223550065890e-06 3.366903070788887398e+00 1.207871631515405839e+06
7.764258699097134915e-06 3.361156024517558905e+00 1.207396261508929776e+06
7.758265903431617062e-06 3.352752269507945915e+00 1.206317387154114665e+06
7.771920654769531799e-06 3.341084740476880199e+00 1.204410696231837384e+06
7.768674125717081889e-06 3.327026149876105787e+00 1.201979847139665857e+06
7.765742868408940838e-06 3.310762295474200201e+00 1.199072979472360807e+06
7.783271006986837160e-06 3.291721222175361561e+00 1.195463631382101681e+06
7.781605496727054744e-06 3.270900544192238524e+00 1.191491063382992288e+06
7.778965980758667317e-06 3.248564606469894311e+00 1.187222208636208903e+06
7.797326239281464677e-06 3.224153366338638804e+00 1.182424565825945931e+06
7.793618015302116359e-06 3.198762276060157284e+00 1.177470037529182155e+06
7.788451673182266645e-06 3.172660988113233493e+00 1.172423833169085206e+06
7.805790113568756265e-06 3.145232763918437868e+00 1.167027537107531214e+06
7.799464368225837569e-06 3.117586192319088845e+00 1.161661365946074715e+06
7.791542043051294627e-06 3.089961317270898622e+00 1.156380910625474527e+06
7.807005527072602793e-06 3.061693746086568968e+00 1.150908588715219637e+06
7.796282686204889949e-06 3.033916014164451447e+00 1.145641664383525494e+06
7.784394317995875260e-06 3.006801285823565539e+00 1.140615461199413752e+06
7.795799186283180245e-06 2.979657760311315684e+00 1.135543551518548978e+06
7.779979011358916063e-06 2.953573593281295206e+00 1.130817723142138682e+06
7.763809752017883310e-06 2.928637086898765673e+00 1.126447852923807688e+06
7.767736213426324539e-06 2.904227578088184547e+00 1.122177912783364533e+06
7.743982060368324261e-06 2.881359578741633509e+00 1.118384132005324354e+06
7.721441105602195340e-06 2.860004782388302580e+00 1.115039386737356661e+06
7.714636575982245680e-06 2.839638876082734242e+00 1.111929928067735163e+06
7.681399338024035177e-06 2.821146748573926999e+00 1.109394452289354056e+06
7.651421120409321558e-06 2.804371172358635533e+00 1.107363365422512172e+06
7.632032932112036596e-06 2.788905697930763594e+00 1.105674916738051688e+06
7.589380584606328633e-06 2.775455821000741619e+00 1.104608755611245753e+06
7.552155688649068290e-06 2.763742012466465336e+00 1.104053975186056690e+06
7.521805470228695790e-06 2.753434846996567487e+00 1.103885112945970148e+06
7.474582144662928643e-06 2.744981672155762276e+00 1.104288214453704888e+06
7.434168890157486639e-06 2.738030004132910200e+00 1.105128596008351538e+06
7.399639619685543673e-06 2.732262095868078777e+00 1.106289521729966393e+06
7.364282630205111400e-06 2.727595101750612372e+00 1.107748507116775028e+06
7.334243083417143948e-06 2.723751955745646658e+00 1.109403724448170746e+06
7.308801804056235781e-06 2.720492403517518643e+00 1.111168766826445702e+06
7.287323114043238784e-06 2.717613623740087636e+00 1.112971553947979119e+06
7.269244946549991188e-06 2.714945839169164543e+00 1.114752630774843972e+06
7.254070408725700503e-06 2.712348496895463423e+00 1.116463671836487716e+06
7.241360608883194552e-06 2.709706901073150487e+00 1.118066151564106112e+06
7.230728413964794790e-06 2.706929212853209421e+00 1.119530152438460849e+06
7.244323867200542362e-06 2.703229434029088996e+00 1.120537191355109448e+06
7.255622842121529001e-06 2.698742308591390859e+00 1.121148275727271568e+06
7.264934507084907875e-06 2.693607866719971877e+00 1.121420584228527499e+06
7.320572986083203091e-06 2.686440725279402919e+00 1.120774768447004724e+06
7.363578333031447970e-06 2.677859421569756204e+00 1.119464834934559185e+06
7.398434835355165592e-06 2.668338257668015689e+00 1.117673475321351551e+06
7.495306518154981806e-06 2.656154059474899132e+00 1.114663499019436305e+06
7.562112532761550511e-06 2.642612812738646788e+00 1.110967734460365493e+06
7.615103462366748545e-06 2.628459701255191572e+00 1.106869940644938266e+06
7.744055409097189014e-06 2.611682915308987329e+00 1.101498059947576141e+06
7.819572808481708585e-06 2.594350823896317770e+00 1.095702813040510751e+06
7.877894534712007708e-06 2.577309918766790275e+00 1.089804176533702295e+06
8.020853875663864840e-06 2.558364850961651449e+00 1.082847128288084175e+06
8.086005143566057593e-06 2.540209980054831007e+00 1.075951756453796523e+06
8.134552863408208698e-06 2.523567671620974728e+00 1.069386361050999491e+06
8.276682071287465794e-06 2.505980067495012786e+00 1.062087991797436494e+06
8.320266891288859466e-06 2.490543200597911344e+00 1.055355725221307715e+06
8.350961294334789513e-06 2.477727725743143594e+00 1.049354963566932362e+06
8.480863110576538686e-06 2.464872282819578597e+00 1.042944536105336156e+06
8.496628540301562232e-06 2.455292253904101774e+00 1.037522243054922787e+06
8.505516395818998272e-06 2.449155086502694090e+00 1.033128277830103645e+06
8.616770138079106223e-06 2.443646992403858409e+00 1.028567824067077483e+06
8.606922545439707998e-06 2.442102799803188340e+00 1.025246038178757415e+06
8.596563414625214971e-06 2.444422158229070607e+00 1.023092440618286142e+06
8.687430666138456109e-06 2.447752268785985841e+00 1.020909288245876785e+06
8.653806504334931156e-06 2.455420829165256169e+00 1.020090468517497997e+06
8.626111296553904263e-06 2.467088357844194224e+00 1.020468087531580706e+06
8.695549600126330244e-06 2.479925339492143888e+00 1.020871965682401787e+06
8.643146308614900334e-06 2.497158837166741030e+00 1.022641000315508456e+06
8.602201904410586211e-06 2.518250897899717344e+00 1.025531492240096442e+06
8.651183207362738505e-06 2.540463409687632623e+00 1.028434229894698597e+06
8.585050787844832851e-06 2.566866983093584853e+00 1.032608840672988910e+06
8.534730661939555146e-06 2.596755385513569436e+00 1.037754905925589963e+06
8.569932387482141907e-06 2.627387753216998245e+00 1.042792092905898578e+06
8.499780185750667634e-06 2.661632656072411063e+00 1.048885703029121505e+06
8.447500323100361988e-06 2.698679492576279149e+00 1.055711804850731278e+06
8.474434518080212095e-06 2.735837251194390696e+00 1.062245130139769986e+06
8.407575655463385544e-06 2.775733465240611153e+00 1.069545306401793612e+06
8.358794491781835914e-06 2.817507071507147742e+00 1.077291101324122166e+06
8.381953730759296469e-06 2.858560382124377242e+00 1.084530448984467657e+06
8.324289370777299531e-06 2.901231928623687839e+00 1.092202834119807230e+06
8.283348501943893312e-06 2.944671538278572420e+00 1.100014201856047846e+06
8.305656408408165908e-06 2.986459031411705212e+00 1.107113446239453042e+06
8.255610857483187501e-06 3.028780234937934690e+00 1.114372083295231452e+06
8.220845969012185753e-06 3.070817729496264636e+00 1.121525970062736655e+06
8.241530025782128796e-06 3.110343984330309564e+00 1.127821115111063002e+06
8.198292119138105152e-06 3.149383502511088562e+00 1.134056041312133195e+06
8.168707387392296572e-06 3.187184567390621837e+00 1.140001520573752467e+06
8.185480140787114873e-06 3.221811090300609859e+00 1.145024554917540168e+06
8.146346793745841368e-06 3.255126139374295402e+00 1.149847872487471672e+06
8.119476482689660116e-06 3.286458076427034136e+00 1.154274053418629803e+06
8.131787714785247736e-06 3.314139893462004771e+00 1.157770887286014622e+06
8.096116901587936242e-06 3.339860267755198731e+00 1.160979638927669497e+06
8.071240254775256671e-06 3.363053695746577976e+00 1.163736566039534984e+06
8.079283863577463334e-06 3.382327709491376844e+00 1.165601848300916608e+06
8.045996366389084872e-06 3.399227739889972177e+00 1.167145839250342920e+06
8.022092876644557153e-06 3.413306945969195372e+00 1.168236713376832195e+06
8.024299592908893229e-06 3.423492273592172452e+00 1.168534637208945118e+06
7.993091192439843025e-06 3.431111888128708820e+00 1.168514771179074422e+06
7.969849723309668861e-06 3.435842606150087519e+00 1.168075716174557805e+06
7.966251449901998427e-06 3.436929521276199218e+00 1.166972563699269434e+06
7.935341795919091903e-06 3.435529300921663864e+00 1.165603746257096995e+06
7.911289810026306358e-06 3.431421409729741523e+00 1.163890059541426366e+06
7.899916095206673496e-06 3.424179494421455416e+00 1.161684138136710972e+06
7.866698526969648960e-06 3.414780410233136276e+00 1.159309129752228037e+06
7.839746505488135890e-06 3.403062813488736627e+00 1.156695300445646280e+06
7.820064149337615649e-06 3.388844753398717380e+00 1.153766973437035689e+06
7.784779506202996077e-06 3.372867291750954788e+00 1.150758241652755300e+06
7.755242542306389858e-06 3.355010670195662570e+00 1.147606135419357102e+06
7.730305346673971449e-06 3.335216673804948684e+00 1.144269273663016967e+06
7.704602851966220822e-06 3.313663249578066683e+00 1.140783550432096003e+06
7.682222759702926366e-06 3.290382424873972589e+00 1.137131687579644145e+06
7.662368900995990417e-06 3.265454784655232423e+00 1.133311174401952885e+06
7.644374475793593506e-06 3.239003404224569671e+00 1.129331701410805341e+06
7.627686234186805999e-06 3.211183839023428188e+00 1.125212339403701713e+06
7.611850552612685302e-06 3.182175194550068476e+00 1.120979095607239287e+06
7.596501064833270856e-06 3.152172261147832000e+00 1.116662814128074562e+06
7.581347594823817689e-06 3.121378689288847319e+00 1.112297391001754440e+06
7.566166201789836390e-06 3.090001168694449962e+00 1.107918275787405670e+06
7.550790206446355901e-06 3.058244560866446804e+00 1.103561232412578538e+06
7.535102091634545557e-06 3.026307922367754699e+00 1.099261332631287631e+06
7.530172223429062905e-06 2.993996976267034871e+00 1.094911591134716058e+06
7.522128223268345905e-06 2.961629989245517791e+00 1.090591939384842990e+06
7.512232432979543374e-06 2.929465628023110391e+00 1.086360935633816523e+06
7.521720516500369264e-06 2.897028688515770334e+00 1.082006728288957616e+06
7.521707411428926695e-06 2.864871525338820391e+00 1.077700000467238249e+06
7.518141313410102336e-06 2.833310228118825602e+00 1.073523672758855158e+06
7.536565286694081290e-06 2.801796018338979621e+00 1.069236888614242896e+06
7.538311846480735542e-06 2.771092547301013287e+00 1.065099334202976432e+06
7.535956562487281233e-06 2.741494267614501101e+00 1.061193110484395409e+06
7.556893591107871085e-06 2.712392288537365470e+00 1.057256362064637011e+06
7.555206570567258818e-06 2.684673847793149104e+00 1.053610750512172934e+06
7.549980665635828865e-06 2.658551171103688660e+00 1.050316468892448116e+06
7.566778496467159894e-06 2.633415167073818175e+00 1.047115889563913574e+06
7.555958956627596286e-06 2.610215382945162865e+00 1.044372027914058417e+06
7.543450057181465223e-06 2.589027980185366840e+00 1.042101870350963203e+06
7.548958672102012480e-06 2.569307867719543115e+00 1.040079285641266149e+06
7.525316853956999650e-06 2.551948244018955592e+00 1.038661417931500706e+06
7.502788467873846797e-06 2.536862559099102743e+00 1.037809276588225621e+06
7.493016584315520727e-06 2.523600268105391731e+00 1.037341402154274634e+06
7.455749774943054259e-06 2.512915489168318306e+00 1.037572310250000912e+06
7.422759939785152055e-06 2.504562514146288610e+00 1.038405359566899831e+06
7.399396774508064114e-06 2.498129340814571275e+00 1.039680567723952699e+06
7.353485043639377781e-06 2.494165033374695639e+00 1.041638072178069735e+06
7.314230641846705859e-06 2.492314147218469778e+00 1.044140893198469537e+06
7.282289676522609970e-06 2.492200559107500712e+00 1.047048196674880455e+06
7.235725761986370486e-06 2.494111191164676278e+00 1.050497470369632822e+06
7.196794781526870465e-06 2.497647477300097840e+00 1.054337607664853334e+06
7.164516954503597572e-06 2.502444591271103747e+00 1.058435491405617213e+06
7.137356305407499767e-06 2.508202222633032275e+00 1.062684694592824439e+06
7.115306318455997358e-06 2.514635266030930350e+00 1.066984811435540905e+06
7.097700224956039947e-06 2.521493004176873498e+00 1.071249831219765823e+06
7.083940202987067811e-06 2.528556375233763198e+00 1.075406868026740849e+06
7.073489820272960643e-06 2.535635186043825318e+00 1.079394960183453048e+06
7.065867653822191010e-06 2.542565696413809473e+00 1.083163987218364375e+06
7.060641857148990878e-06 2.549208477043887644e+00 1.086673675795130897e+06
7.057425488676354641e-06 2.555446468142470007e+00 1.089892674510387471e+06
7.060557806151010983e-06 2.561040479422382443e+00 1.092736794722148683e+06
7.064278760372939600e-06 2.565948827738688376e+00 1.095205332384165842e+06
7.068454827169477630e-06 2.570144978797354707e+00 1.097301930057314457e+06
7.094223290192302926e-06 2.572963055253078224e+00 1.098756173936285544e+06
7.114660035631667003e-06 2.574625763379089882e+00 1.099676288154626032e+06
7.132365965747621549e-06 2.575284914409075032e+00 1.100133584229782689e+06
7.172684361793377936e-06 2.574315010798702730e+00 1.099866619573822245e+06
7.199643840340741304e-06 2.572252923477312159e+00 1.099109911981286248e+06
7.222076902176385426e-06 2.569350378846388949e+00 1.097968737518989714e+06
7.263657305540870386e-06 2.565124785849653755e+00 1.096235625405174447e+06
7.283612728729222979e-06 2.560374961026514296e+00 1.094250664810788585e+06
7.299574435222536807e-06 2.555320974657778521e+00 1.092100290395363932e+06
7.329767636463069123e-06 2.549610250141945755e+00 1.089629792885605711e+06
7.333014531759381357e-06 2.544152301641457559e+00 1.087224376173169585e+06
7.334788443228972659e-06 2.539029294602643816e+00 1.084911159128904808e+06
7.345853154578139318e-06 2.533977898742101775e+00 1.082575327983164927e+06
7.329454565679930412e-06 2.529843368612143539e+00 1.080576413014488062e+06
7.314985318788675501e-06 2.526530197298970215e+00 1.078869368952792371e+06
7.306344277921794014e-06 2.523810475917954488e+00 1.077359271175505826e+06
7.275630353982710418e-06 2.522295978602281163e+00 1.076310222458994482e+06
7.249593539540950366e-06 2.521751934196756917e+00 1.075623774808975402e+06
7.228041271353325793e-06 2.521943719115668614e+00 1.075207650832995074e+06
7.195545918721459351e-06 2.523109447638916869e+00 1.075171481403496582e+06
7.168383891659452376e-06 2.524977908514322245e+00 1.075407489951850381e+06
7.145852512580811504e-06 2.527303625542942189e+00 1.075822634581787977e+06
7.127325255250321274e-06 2.529875835543393237e+00 1.076338774819257436e+06
7.112243179182929784e-06 2.532515033799663584e+00 1.076890966796196066e+06
7.100107645157768882e-06 2.535069955248083762e+00 1.077425964757260401e+06
7.090474120881559128e-06 2.537414887010318143e+00 1.077900887117950013e+06
7.082946844352256941e-06 2.539447235355858368e+00 1.078282016451943433e+06
7.084442885079969986e-06 2.540865994533874073e+00 1.078450632202070905e+06
7.085763394131086792e-06 2.541677246346974783e+00 1.078417649651992600e+06
7.087367751184818052e-06 2.541883577534588934e+00 1.078189600093020359e+06
7.121878627192706798e-06 2.540509333432099393e+00 1.077357174466494936e+06
7.150126537525460668e-06 2.537858231970577361e+00 1.076053155063706916e+06
7.173721081867787956e-06 2.534197969311307919e+00 1.074385495686437935e+06
7.243064556963266955e-06 2.528281397800221431e+00 1.071819079370264662e+06
7.293517008418462649e-06 2.520922513805632814e+00 1.068692531915727304e+06
7.334471798413845278e-06 2.512634130484136641e+00 1.065203818778703455e+06
7.432081171516967027e-06 2.501958123037386184e+00 1.060717098946592072e+06
7.493035052174463983e-06 2.490313979960834256e+00 1.055818074779103277e+06
7.541225836214987993e-06 2.478346481449658967e+00 1.050749353660419583e+06
7.653791711659269030e-06 2.464442221650070763e+00 1.044802528932306916e+06
7.711146157078320262e-06 2.450538182281746025e+00 1.038778312472858350e+06
7.755105359664605917e-06 2.437251517977322202e+00 1.032902654771214118e+06
7.867306970705529023e-06 2.422865369174816319e+00 1.026423482243900769e+06
7.906990426085060380e-06 2.409688048382117476e+00 1.020299921655781916e+06
7.935910081603200270e-06 2.398154228842325875e+00 1.014681496431670384e+06
8.036181337786845101e-06 2.386411657790176832e+00 1.008765034437689232e+06
8.051518700219491203e-06 2.376949655849749377e+00 1.003589777500723372e+06
8.060861714887500803e-06 2.369953152145872544e+00 9.992033697004856076e+05
8.144510233013146661e-06 2.363420405190576723e+00 9.947489281562562101e+05
8.136548201089404946e-06 2.359879807952093955e+00 9.912842747352343285e+05
8.127865064859621594e-06 2.359282106611934715e+00 9.887626824227946345e+05
8.194278342823106006e-06 2.359536761505592217e+00 9.863010433040853823e+05
8.168617712740133900e-06 2.363093417522422968e+00 9.849230088669653051e+05
8.146824699520938386e-06 2.369721321715385631e+00 9.845108081683850614e+05
8.200239263674127775e-06 2.377265387667638397e+00 9.841675819731031079e+05
8.163804056859938317e-06 2.388081040018502854e+00 9.848740590185152832e+05
8.134586665184265477e-06 2.401813258103531190e+00 9.864671192790175555e+05
8.177741167574289618e-06 2.416321176666305526e+00 9.880717009362966055e+05
8.134720209431953931e-06 2.433865963423218481e+00 9.906241789611681597e+05
8.101372489168316986e-06 2.453998570411878966e+00 9.939311623056932585e+05
8.133687889873926404e-06 2.474691647671916517e+00 9.971823909715807531e+05
8.086224043644698638e-06 2.498056661831101533e+00 1.001246950754663674e+06
8.050300253371474551e-06 2.523562441885299101e+00 1.005909175601018709e+06
8.072382509387443850e-06 2.549320215114044608e+00 1.010434828045578208e+06
8.021024530524741770e-06 2.577303011910232922e+00 1.015631335581026855e+06
7.982725615033867860e-06 2.606900943686883743e+00 1.021264517785668373e+06
7.993081209614485652e-06 2.636418254147975038e+00 1.026697067460030550e+06
7.938387955567320349e-06 2.667627806572183680e+00 1.032651940180767328e+06
7.897897770854750660e-06 2.699846549874377999e+00 1.038880712667751708e+06
7.897274768145840147e-06 2.731571827655514095e+00 1.044840633365768939e+06
7.842766137351790556e-06 2.764284081488525224e+00 1.051137575036522467e+06
7.802676312667948479e-06 2.797261681959525959e+00 1.057523251293838490e+06
7.794516992143031987e-06 2.829200688861448487e+00 1.063547540352771524e+06
7.743205046520546347e-06 2.861293675773495693e+00 1.069703907696424983e+06
7.705703405431054369e-06 2.892823687305139835e+00 1.075758499119098065e+06
7.693428639443452370e-06 2.922684645891161281e+00 1.081347278870864771e+06
7.649311492406352564e-06 2.951754538698050823e+00 1.086842633601638256e+06
7.617430854118441059e-06 2.979383362203336105e+00 1.092043613171259407e+06
7.603488048273482348e-06 3.004731287032766485e+00 1.096689133160242112e+06
7.567479438976239482e-06 3.028409961643958148e+00 1.101046939617422875e+06
7.541747872860068944e-06 3.049881380184994661e+00 1.104958008090179414e+06
7.530850062891131686e-06 3.068467423264772620e+00 1.108217029253157089e+06
7.504982015854389234e-06 3.084616004979911175e+00 1.111021879899204476e+06
7.486876398709227874e-06 3.097958691300109368e+00 1.113267815453768242e+06
7.479048526566086458e-06 3.108066700732834420e+00 1.114828437616344541e+06
7.461171787490385560e-06 3.115305214424624047e+00 1.115856498371925671e+06
7.448734497248995953e-06 3.119483229246472700e+00 1.116297504133569077e+06
7.442724444007960480e-06 3.120405731533395066e+00 1.116092769964736421e+06
7.437082232859202526e-06 3.118147362621198848e+00 1.115273684336841572e+06
7.433743773451693813e-06 3.112743397850009419e+00 1.113850519339302788e+06
7.431943682963009339e-06 3.104287013867440770e+00 1.111848604817772983e+06
7.431037275796220595e-06 3.092922032758160356e+00 1.109305560545922490e+06
7.430487827573250132e-06 3.078833376940433908e+00 1.106268442607018398e+06
7.429855087086377911e-06 3.062238008500605790e+00 1.102791182866500691e+06
7.428784794591193878e-06 3.043376484922831970e+00 1.098932322589460993e+06
7.426999039162879996e-06 3.022505238336007594e+00 1.094753036976674804e+06
7.424287337235561052e-06 2.999889654616304746e+00 1.090315442541920347e+06
7.420498368944970652e-06 2.975797998382849752e+00 1.085681174524171744e+06
7.415532316921092744e-06 2.950496198609079634e+00 1.080910217486844631e+06
7.409333786302736242e-06 2.924243483387790388e+00 1.076059969042530982e+06
7.401885283783029758e-06 2.897288829280524780e+00 1.071184514478024794e+06
7.393201240417553414e-06 2.869868172954657570e+00 1.066334088883914519e+06
7.383322562916296100e-06 2.842202319981281811e+00 1.061554703131682472e+06
7.372311702859495354e-06 2.814495477333785356e+00 1.056887910481477389e+06
7.360248222546753914e-06 2.786934331960198463e+00 1.052370691748283105e+06
7.347224831760066073e-06 2.759687597469758558e+00 1.048035438563222531e+06
7.333343883531639168e-06 2.732905952747266998e+00 1.043910015999419848e+06
7.318714294264862424e-06 2.706722300985171081e+00 1.040017887944964808e+06
7.303448865571197456e-06 2.681252283155781235e+00 1.036378290633718949e+06
7.287661979776968873e-06 2.656594986804647895e+00 1.033006441780412104e+06
7.271467638891157743e-06 2.632833798080580934e+00 1.029913774728830787e+06
7.254977814160600183e-06 2.610037352154956469e+00 1.027108188866912853e+06
7.238301082247118598e-06 2.588260544455851964e+00 1.024594309132497176e+06
7.221541509877130496e-06 2.567545571339225230e+00 1.022373748997568269e+06
7.204797767803780991e-06 2.547922975373939192e+00 1.020445372472769464e+06
7.188162441637054830e-06 2.529412675447340497e+00 1.018805551823659567e+06
7.171721526950691816e-06 2.512024967006805554e+00 1.017448418446826166e+06
7.155554075644737868e-06 2.495761481319295427e+00 1.016366105214775656e+06
7.139731967140215330e-06 2.480616096409104632e+00 1.015548979246314615e+06
7.124319808727627120e-06 2.466575795389341685e+00 1.014985864244534052e+06
7.109374915885377939e-06 2.453621469473162620e+00 1.014664252272900543e+06
7.094947386729948623e-06 2.441728665667056486e+00 1.014570504742878722e+06
7.081080244554428560e-06 2.430868279766950746e+00 1.014690042712658760e+06
7.067809631797591008e-06 2.421007196580234222e+00 1.015007526763539761e+06
7.055165051810640367e-06 2.412108880122957100e+00 1.015507026699410169e+06
7.043169658489308500e-06 2.404133916833098628e+00 1.016172181228709989e+06
7.031840568202664434e-06 2.397040514857511351e+00 1.016986347996790544e+06
7.021189196002724894e-06 2.390784962926522539e+00 1.017932744203526527e+06
7.011221604864017559e-06 2.385322052078182598e+00 1.018994578069868032e+06
7.001938866130598074e-06 2.380605463418371315e+00 1.020155171330629382e+06
6.993337425180799337e-06 2.376588124867327512e+00 1.021398072909626644e+06
6.985409474343206234e-06 2.373222539626941519e+00 1.022707163829436875e+06
6.978143326612939283e-06 2.370461088607253686e+00 1.024066753409477882e+06
6.971523787666494730e-06 2.368256308858287973e+00 1.025461666782671469e+06
6.965532524874817621e-06 2.366561149699740074e+00 1.026877323733879137e+06
6.960148425227115238e-06 2.365329208029951058e+00 1.028299808928055922e+06
6.955347951939141970e-06 2.364514943949784342e+00 1.029715933472224046e+06
6.951105483158632242e-06 2.364073877720599182e+00 1.031113287943269825e+06
6.947393643441334329e-06 2.363962768780490720e+00 1.032480286902100430e+06
6.944183620691280341e-06 2.364139777416878196e+00 1.033806205017469940e+06
6.941445469223796081e-06 2.364564609547718632e+00 1.035081204944266239e+06
6.939148399014431004e-06 2.365198644840531550e+00 1.036296357134117163e+06
6.937261047551738941e-06 2.366005048639879149e+00 1.037443651838027756e+06
6.935751735674888415e-06 2.366948867977390236e+00 1.038516003585571074e+06
6.934588709188753750e-06 2.367997111465162785e+00 1.039507248445980367e+06
6.933740360926927713e-06 2.369118814175066756e+00 1.040412134487317991e+06
6.933175437118331039e-06 2.370285087137998570e+00 1.041226305842162343e+06
6.932863226443983701e-06 2.371469151959163302e+00 1.041946280846805661e+06
6.932773728822800523e-06 2.372646361123482706e+00 1.042569424791817321e+06
6.932877810419620879e-06 2.373794203984587181e+00 1.043093917765173595e+06
6.933147338832233733e-06 2.374892299390965356e+00 1.043518718172059394e+06
6.933555304239881062e-06 2.375922375299202027e+00 1.043843522458657622e+06
6.934075924463524104e-06 2.376868236194766837e+00 1.044068721608328982e+06
6.934684734098547799e-06 2.377715719108203007e+00 1.044195354983521393e+06
6.935358658105084894e-06 2.378452638917367246e+00 1.044225062081678538e+06
6.936076067985751608e-06 2.379068724025064085e+00 1.044160032790034660e+06
6.936816823504783306e-06 2.379555543518987459e+00 1.044002956672600005e+06
6.937562300476554617e-06 2.379906426515463913e+00 1.043756971799800289e+06
6.938295405816091130e-06 2.380116374912009558e+00 1.043425613595851115e+06
6.939000582797198364e-06 2.380181970825402171e+00 1.043012764119781437e+06
6.939663802536504322e-06 2.380101279081658916e+00 1.042522602221703855e+06
6.940272545923770005e-06 2.379873746250583455e+00 1.041959554931888240e+06
6.940815774340410199e-06 2.379500096941715714e+00 1.041328250431906083e+06
6.941283891519109272e-06 2.378982228428323520e+00 1.040633472895409563e+06
6.941668701914925001e-06 2.378323104994852777e+00 1.039880119391085580e+06
6.941963360431520780e-06 2.377526652452692790e+00 1.039073159079399426e+06
6.942162316356558828e-06 2.376597653671172594e+00 1.038217594867431675e+06
6.942261256813532442e-06 2.375541646610128232e+00 1.037318427597120637e+06
6.942257036332863629e-06 2.374364823669723457e+00 1.036380622975582723e+06
6.942147620850301162e-06 2.373073936640364590e+00 1.035409081094347872e+06
6.941932007978128381e-06 2.371676202667039934e+00 1.034408608815849992e+06
6.941610154007519053e-06 2.370179215413422469e+00 1.033383894921037136e+06
6.941182896443397532e-06 2.368590860184439428e+00 1.032339488023514859e+06
6.940651872303326949e-06 2.366919232583256427e+00 1.031279777233710396e+06
6.940019444338489040e-06 2.365172562944660495e+00 1.030208975407133694e+06
6.939288628345622088e-06 2.363359145881045897e+00 1.029131104880692437e+06
6.938463014547437839e-06 2.361487272176573615e+00 1.028049985661947401e+06
6.937546714469005437e-06 2.359565173875092903e+00 1.026969225735925836e+06
6.936544283856886706e-06 2.357600967306050954e+00 1.025892213601104217e+06
6.935460660649147355e-06 2.355602605959537854e+00 1.024822112822207040e+06
6.934301104104274437e-06 2.353577839812075911e+00 1.023761858466578065e+06
6.933071129263897710e-06 2.351534176015003030e+00 1.022714155342407292e+06
6.931776445944883316e-06 2.349478843067325240e+00 1.021681477893327596e+06
6.930422905195866349e-06 2.347418761557769962e+00 1.020666071582404315e+06
6.929016448946347153e-06 2.345360518861685950e+00 1.019669955614789622e+06
6.927563062903225548e-06 2.343310346843436420e+00 1.018694926864409586e+06
6.926068734785800022e-06 2.341274106237759334e+00 1.017742564885000931e+06
6.924539412427210143e-06 2.339257269021920216e+00 1.016814237864628085e+06
6.922980966957160174e-06 2.337264907096763711e+00 1.015911109451339929e+06
6.921399155328027833e-06 2.335301677962773326e+00 1.015034146319419495e+06
6.919799588714143641e-06 2.333371819561221194e+00 1.014184126426324830e+06
6.918187703992855668e-06 2.331479148437966220e+00 1.013361647814778844e+06
6.923962135034587404e-06 2.329420203331760586e+00 1.012477227062923019e+06
6.925964893887495574e-06 2.327322817884493134e+00 1.011585491058113053e+06
6.927372359337934117e-06 2.325221466394297831e+00 1.010698681849317625e+06
6.944433438197469126e-06 2.322693154323681952e+00 1.009630830718986224e+06
6.953891144598512304e-06 2.320003446929104651e+00 1.008495546142867301e+06
6.961423262166047955e-06 2.317250974755124204e+00 1.007330012187422602e+06
6.988897144512913102e-06 2.313917637044427433e+00 1.005904522100172355e+06
7.004122470655853350e-06 2.310426851512640489e+00 1.004399206668170984e+06
7.016248740406374260e-06 2.306929888094218395e+00 1.002870949192325468e+06
7.052050550214939035e-06 2.302824649373928168e+00 1.001051258172852220e+06
7.070270921641375637e-06 2.298699052476779414e+00 9.991899350767633878e+05
7.084621816107149082e-06 2.294733209758199610e+00 9.973537542476044036e+05
7.124477444908809661e-06 2.290283957710858243e+00 9.952550119102841709e+05
7.140629176043883757e-06 2.286104398976842145e+00 9.932142680015477818e+05
7.153041194396104043e-06 2.282358452471624943e+00 9.912899608408578206e+05
7.191811667281820125e-06 2.278370689633547386e+00 9.891808168637432391e+05
7.201588844960551016e-06 2.275013960971452587e+00 9.872597382314627757e+05
7.208651839654939858e-06 2.272395169780703217e+00 9.855608418212583056e+05
7.242676131720665844e-06 2.269798542046435941e+00 9.837676452220747015e+05
7.243919379373364819e-06 2.268163410871455898e+00 9.822833060327119892e+05
7.244052545310540847e-06 2.267517483306131787e+00 9.811094464828034397e+05
7.270712421626846483e-06 2.267125020847160499e+00 9.799246281525678933e+05
7.263635979644623807e-06 2.267913112372238693e+00 9.791285839924800675e+05
7.257203644982890082e-06 2.269828012225384217e+00 9.786907244712905958e+05
7.276304749967876043e-06 2.272128929300488487e+00 9.782920159723658580e+05
7.262583758347569263e-06 2.275687968110722270e+00 9.783103704529192764e+05
7.251089118232026502e-06 2.280381049167662599e+00 9.786886128229296301e+05
7.264015504661525692e-06 2.285469534333146147e+00 9.791137790252257837e+05
7.245852085668988410e-06 2.291759760133581292e+00 9.799372732228105888e+05
7.231151507867792736e-06 2.299074077593226573e+00 9.810830396480315831e+05
7.238456696275507484e-06 2.306716616028024358e+00 9.822617879202493932e+05
7.217833762660143626e-06 2.315396893034999071e+00 9.837849969338077353e+05
7.201543440944629383e-06 2.324899158572095725e+00 9.855648411115283379e+05
7.204841080009304631e-06 2.334576560418423874e+00 9.873382136149696307e+05
7.183739170686722576e-06 2.345039159344577406e+00 9.893756118876610417e+05
7.167424341746394711e-06 2.356050868968583067e+00 9.915849735887449933e+05
7.166968584571150629e-06 2.367058194869673837e+00 9.937473695219308138e+05
7.145489450086977663e-06 2.378579099710410372e+00 9.960951399372848682e+05
7.129127954449030412e-06 2.390362965383062921e+00 9.985340518902040785e+05
7.124200415017660463e-06 2.401975326130146193e+00 1.000898906764332321e+06
7.102660373160815053e-06 2.413811809052360591e+00 1.003371099952619290e+06
7.086408955307026586e-06 2.425614712431362729e+00 1.005856899881248246e+06
7.077517078528992310e-06 2.437066862894246455e+00 1.008242520842345781e+06
7.055913351102599734e-06 2.448457027390112728e+00 1.010664749865184305e+06
7.039660245772926262e-06 2.459527534989683240e+00 1.013032261906466563e+06
7.028296519263822687e-06 2.470039320813819828e+00 1.015264781348211225e+06
7.016111525254996546e-06 2.479940932526742525e+00 1.017358551312110270e+06
7.007668423326566948e-06 2.489052309200613600e+00 1.019255660032014479e+06
7.002312327594430991e-06 2.497226558846309175e+00 1.020911647981088958e+06
6.999464433367855938e-06 2.504350777842074383e+00 1.022294497271381551e+06
6.998614561438491157e-06 2.510343072722389657e+00 1.023383114091707743e+06
6.999314697352798015e-06 2.515149650766160150e+00 1.024165917310649413e+06
7.001173297345442905e-06 2.518741964061299576e+00 1.024639523362101521e+06
7.003850199500912686e-06 2.521113907100898999e+00 1.024807522204304347e+06
7.007052021685667798e-06 2.522279077152199012e+00 1.024679341951038688e+06
7.010527950576786243e-06 2.522268114961424335e+00 1.024269201423202641e+06
7.014065853059536264e-06 2.521126144582284123e+00 1.023595150423435494e+06
7.023566727558747909e-06 2.518727776752989644e+00 1.022604079614140210e+06
7.031537474735052359e-06 2.515195798585514453e+00 1.021341871636424796e+06
7.038337630562044839e-06 2.510647758043624833e+00 1.019849158075091429e+06
7.063985150936585680e-06 2.504604309357874481e+00 1.017922604281401378e+06
7.082530521831467469e-06 2.497418539543375893e+00 1.015695721078450442e+06
7.097542657041732747e-06 2.489333581884673130e+00 1.013251622124098823e+06
7.135759105194735127e-06 2.479792096202835694e+00 1.010347354285200709e+06
7.159303483406912338e-06 2.469416694445382365e+00 1.007219885663501569e+06
7.177759447823520244e-06 2.458520495684223039e+00 1.003974275517922360e+06
7.223458645333778600e-06 2.446454795364851442e+00 1.000324790124621242e+06
7.246354864572333752e-06 2.434085958302531605e+00 9.966053550615654094e+05
7.263622089369516624e-06 2.421731713200326208e+00 9.929200869314215379e+05
7.311669080077062511e-06 2.408641724481602520e+00 9.889395937562577892e+05
7.329686463937782381e-06 2.395858222392323267e+00 9.850715920255044475e+05
7.342478137738584989e-06 2.383649978244998024e+00 9.814009868911978556e+05
7.388903886369487217e-06 2.371166623417638508e+00 9.775582544899015920e+05
7.399046087018060235e-06 2.359570401679938811e+00 9.740053983906810172e+05
7.405190468548489827e-06 2.349044472277445728e+00 9.707953729142972734e+05
7.447162848334526713e-06 2.338646622975820488e+00 9.675237783866216196e+05
7.448379476949862960e-06 2.329597745236469564e+00 9.646832707476242213e+05
7.447322934847599838e-06 2.321981746865553919e+00 9.622901514012303669e+05
7.482740501192484649e-06 2.314804449138259557e+00 9.599225042289330158e+05
7.474896907954174252e-06 2.309293284792269141e+00 9.580820423059102613e+05
7.466789835960363306e-06 2.305431358684693954e+00 9.567478884356705239e+05
7.493773694480996779e-06 2.302226882234259975e+00 9.555036430397891672e+05
7.476975058055298222e-06 2.300869050669514859e+00 9.548405505930352956e+05
7.462090554902115000e-06 2.301242264868033960e+00 9.547014359835847281e+05
7.479448400221619542e-06 2.302395748364651773e+00 9.546919885703334585e+05
7.454175379529243419e-06 2.305447934481211103e+00 9.552783898388863308e+05
7.433008505846987699e-06 2.310189632044398422e+00 9.563695465206583031e+05
7.439659229446537470e-06 2.315753452122351064e+00 9.576114394308769843e+05
7.407013731863930750e-06 2.323139487074619147e+00 9.594246906407939969e+05
7.380485203441087859e-06 2.332053440091397700e+00 9.616886177358669229e+05
7.376534918443650709e-06 2.341736190906233528e+00 9.641003760188051965e+05
7.338832279982492819e-06 2.353018711135622443e+00 9.670139384451425867e+05
7.308788479179249579e-06 2.365538375076300159e+00 9.702870701367688598e+05
7.296657423905139600e-06 2.378636331812067795e+00 9.736651079941270873e+05
7.257414789677981618e-06 2.392952159850946892e+00 9.774267342797967140e+05
7.226637272599741759e-06 2.408082340384280151e+00 9.814201617662006756e+05
7.209330073835208245e-06 2.423475066122457999e+00 9.854412833601241000e+05
7.172514108132219594e-06 2.439555899694394014e+00 9.896847382550737821e+05
7.144129454958451065e-06 2.455914982706693728e+00 9.940031789109805832e+05
7.125692223570945603e-06 2.472098948345185843e+00 9.982380736614856869e+05
7.095189565394713547e-06 2.488329171983401977e+00 1.002503919264742755e+06
7.072245254658201211e-06 2.504230789837544435e+00 1.006672799414453213e+06
7.056347209492422749e-06 2.519452343410545136e+00 1.010630272923431243e+06
7.041970667538534320e-06 2.533832987727604014e+00 1.014338053958686534e+06
7.032444126734236935e-06 2.547125513972628319e+00 1.017721894481923664e+06
7.026906698815164982e-06 2.559128180390456642e+00 1.020725179688733653e+06
7.024598598514731591e-06 2.569684336781301592e+00 1.023307455966523383e+06
7.024850739203810099e-06 2.578678929484770066e+00 1.025442578300644760e+06
7.027075839542025855e-06 2.586034999561595882e+00 1.027116958562060609e+06
7.030760739994357044e-06 2.591710149589377732e+00 1.028327904963182053e+06
7.035459633217466624e-06 2.595692982605124044e+00 1.029082050590754021e+06
7.040788000666920796e-06 2.597999535667165905e+00 1.029393873372129281e+06
7.046417116114282356e-06 2.598669742117612813e+00 1.029284311879669433e+06
7.052069000594512086e-06 2.597763962948130612e+00 1.028779481996482005e+06
7.057511739650975419e-06 2.595359628546177522e+00 1.027909498998025781e+06
7.062555113780590896e-06 2.591548030936135838e+00 1.026707408289396204e+06
7.067046496928523820e-06 2.586431301874364319e+00 1.025208226393126999e+06
7.070866993248657054e-06 2.580119606021784584e+00 1.023448091984372819e+06
7.073927799083452106e-06 2.572728571021693611e+00 1.021463524918771465e+06
7.076166777063098220e-06 2.564376969532574879e+00 1.019290789588073036e+06
7.077545243148270900e-06 2.555184660542661135e+00 1.016965357429281925e+06
7.078044971086396947e-06 2.545270790635128844e+00 1.014521462202169350e+06
7.077665384918274154e-06 2.534752251501694253e+00 1.011991741137417383e+06
7.076421000218041177e-06 2.523742381742654750e+00 1.009406953767807689e+06
7.074339009533498324e-06 2.512349902617834196e+00 1.006795771225405158e+06
7.071457097592139225e-06 2.500678069034154127e+00 1.004184627650741488e+06
7.067821419362787806e-06 2.488824018928180948e+00 1.001597626289294451e+06
7.063484782114425965e-06 2.476878300472463046e+00 9.990564926003421424e+05
7.058504982543207227e-06 2.464924558089457207e+00 9.965805676450093742e+05
7.052943361671421749e-06 2.453039355597166349e+00 9.941868347209917847e+05
7.046863519143360900e-06 2.441292117762460911e+00 9.918899734040703624e+05
7.040330197782763811e-06 2.429745171557146310e+00 9.897024355350256665e+05
7.033408342878124404e-06 2.418453869453966121e+00 9.876345381427636603e+05
7.026162259714428411e-06 2.407466780889111924e+00 9.856945696494913427e+05
7.018654904345620069e-06 2.396825937550004504e+00 9.838889057263410650e+05
7.010947301506807374e-06 2.386567119866204401e+00 9.822221316265440546e+05
7.003098017727266540e-06 2.376720175517811118e+00 9.806971690236049471e+05
6.995162760109884709e-06 2.367309359362214760e+00 9.793154048601473914e+05
6.987194050597453003e-06 2.358353687291574907e+00 9.780768205683497945e+05
6.979240977697555259e-06 2.349867297310948455e+00 9.769801202283294406e+05
6.971348996420436586e-06 2.341859812934585783e+00 9.760228567621256225e+05
6.963559843746995643e-06 2.334336702814028719e+00 9.752015545769758755e+05
6.955911451192541498e-06 2.327299634834314901e+00 9.745118286722734338e+05
6.948437930912686037e-06 2.320746821052591891e+00 9.739484993239537580e+05
6.941203078266712966e-06 2.314672422198702062e+00 9.735053111358814640e+05
6.934161194996117607e-06 2.309069893088990799e+00 9.731763088612916181e+05
6.927374760429308353e-06 2.303929019194287608e+00 9.729545559245933546e+05
6.937042875252125734e-06 2.298790878433825569e+00 9.726438150435251882e+05
6.942300631196713945e-06 2.293813983563371739e+00 9.723089616289430996e+05
6.945960640199751988e-06 2.289076990293243075e+00 9.719782275030034361e+05
6.972482402086576145e-06 2.283979307262057112e+00 9.713922317654623184e+05
6.988449350661223093e-06 2.278891677160653106e+00 9.707047889602995710e+05
7.000945288304450031e-06 2.273976498942541280e+00 9.699768073560828343e+05
7.042622791572182093e-06 2.268492790398555226e+00 9.688857414163989015e+05
7.066626962593406296e-06 2.263038327062259381e+00 9.676814539160426939e+05
7.085548860854838319e-06 2.257840032356960513e+00 9.664497444768745918e+05
7.138602229915918825e-06 2.252048000674529149e+00 9.648187930354273412e+05
7.164948018380929473e-06 2.246516227238321228e+00 9.631482054945845157e+05
7.185492533652628701e-06 2.241489226787956479e+00 9.615296500056691002e+05
7.242222836862967463e-06 2.236067716524463567e+00 9.595693330750960158e+05
7.263835422783487453e-06 2.231309937940944899e+00 9.577157970524266129e+05
7.280266650846957911e-06 2.227415444620800766e+00 9.560415198057462694e+05
7.333073849622329973e-06 2.223461064034756518e+00 9.541440535726288799e+05
7.343661509318145274e-06 2.220646061758964063e+00 9.525346524600586854e+05
7.351061384357925114e-06 2.219069846083778330e+00 9.512444209255441092e+05
7.391455712406225722e-06 2.217857642424731601e+00 9.498953813620759174e+05
7.385896938100587272e-06 2.218243674457705872e+00 9.490158944664924638e+05
7.380382310811167122e-06 2.220183783793797438e+00 9.485787249299596297e+05
7.401533346964757648e-06 2.222913120129077047e+00 9.482583587788911536e+05
7.378016074005952093e-06 2.227568679712170763e+00 9.485433341376542812e+05
7.358367194993178250e-06 2.233946453095878137e+00 9.493431724730972201e+05
7.359306541527461716e-06 2.241382694138934095e+00 9.503822580117001198e+05
7.320046480866442126e-06 2.250849379002906936e+00 9.520808750295509817e+05
7.288187905356787655e-06 2.261997390378243100e+00 9.542938329453864135e+05
7.271646174487420841e-06 2.274251594214093064e+00 9.567911524426251417e+05
7.223535820352784439e-06 2.288325052225471889e+00 9.598868537681853632e+05
7.185103418682079576e-06 2.303768783711048318e+00 9.634029466186402133e+05
7.158050190483718564e-06 2.320078852142802184e+00 9.671484833604275482e+05
7.110812186581100720e-06 2.337646249859593350e+00 9.713074989381398773e+05
7.073724193002076625e-06 2.355988609415873736e+00 9.756989124776044628e+05
7.045704048264045170e-06 2.374653185810835954e+00 9.801620999249031302e+05
7.012558439108802339e-06 2.393611947903694581e+00 9.847135116573198466e+05
6.987572256645962538e-06 2.412452029515182339e+00 9.892110350026491797e+05
6.969519879820426524e-06 2.430806735159020793e+00 9.935354944984589238e+05
6.957315589397074625e-06 2.448361841357100221e+00 9.975898696207328467e+05
6.949996206365992300e-06 2.464852446615898973e+00 1.001297150764904683e+06
6.946706887767734585e-06 2.480060108834327703e+00 1.004598382531562122e+06
6.946689569226752924e-06 2.493810083764564478e+00 1.007450835596591234e+06
6.949273212989258594e-06 2.505968549610729124e+00 1.009826273149574292e+06
6.953865602160219649e-06 2.516439746652263221e+00 1.011709292002277216e+06
6.959946219523854414e-06 2.525163003520790372e+00 1.013095731024942361e+06
6.967060034373656980e-06 2.532109648259999624e+00 1.013991146206425619e+06
6.974811896233537645e-06 2.537279826913891423e+00 1.014409357487881090e+06
6.982861524225740491e-06 2.540699262029481709e+00 1.014371073288437328e+06
6.990918864556952204e-06 2.542415996081662133e+00 1.013902600801951834e+06
6.998739709835950743e-06 2.542497168887627446e+00 1.013034649959915318e+06
7.006121748842124650e-06 2.541025870318384783e+00 1.011801234891655855e+06
7.012900617293572546e-06 2.538098120073288388e+00 1.010238679786951398e+06
7.021386007058679879e-06 2.533746292145598211e+00 1.008355393124247668e+06
7.026209260980166076e-06 2.528176530160792801e+00 1.006226636310201022e+06
7.030177814572192178e-06 2.521506669471213602e+00 1.003889915289012715e+06
7.038684790184347548e-06 2.513692195166614241e+00 1.001316933756586630e+06
7.040456174407710229e-06 2.505042415388223365e+00 9.986188775420825696e+05
7.041315313673916983e-06 2.495678423119459310e+00 9.958296259104090277e+05
7.046771265725397612e-06 2.485551583679149523e+00 9.929155990291148191e+05
7.044543787224931903e-06 2.474989917956160301e+00 9.899930157153862529e+05
7.041647246615469514e-06 2.464094541537359628e+00 9.870860095201520016e+05
7.042812564085383444e-06 2.452819401098170538e+00 9.841609497803377453e+05
7.037724718256446490e-06 2.441429550055538300e+00 9.813089717969154008e+05
7.032165762719675068e-06 2.430004035276727592e+00 9.785459035156200407e+05
7.028930637210923715e-06 2.418532765563039977e+00 9.758531080763596110e+05
7.022093570393493644e-06 2.407180171132887292e+00 9.732827364409624133e+05
7.014958115645904513e-06 2.396003987029823090e+00 9.708439291281093610e+05
7.007564872302622944e-06 2.385054159324372147e+00 9.685439228157172911e+05
6.999956439910966949e-06 2.374375338596204088e+00 9.663884648020054447e+05
6.992176507907390142e-06 2.364006936489305044e+00 9.643818626192826778e+05
6.984269063426507659e-06 2.353983238349801166e+00 9.625270460051443661e+05
6.976277710739443936e-06 2.344333561180683922e+00 9.608256384299570927e+05
6.968245107023463537e-06 2.335082447044047438e+00 9.592780356168629369e+05
6.960212511451996305e-06 2.326249883069966717e+00 9.578834887978776824e+05
6.952219343748732740e-06 2.317851543163430783e+00 9.566401918723422568e+05
6.944302906361747342e-06 2.309899042733913888e+00 9.555453699654450174e+05
6.936498149363725639e-06 2.302400202035217447e+00 9.545953685172386467e+05
6.928837452847624559e-06 2.295359315098837172e+00 9.537857424192598555e+05
6.921350512296455998e-06 2.288777419121037937e+00 9.531113437951193191e+05
6.914064231201678501e-06 2.282652562596280799e+00 9.525664082450735150e+05
6.907002669797581836e-06 2.276980069314489263e+00 9.521446388441119343e+05
6.900187027415559523e-06 2.271752796427316756e+00 9.518392874983430374e+05
6.893635653805757032e-06 2.266961385199275814e+00 9.516432333492017351e+05
6.887364073294546308e-06 2.262594503750198882e+00 9.515490581131626386e+05
6.881385037003904526e-06 2.258639080713622960e+00 9.515491180743747391e+05
6.875708629048279972e-06 2.255080528195663181e+00 9.516356121855934616e+05
6.870342312462470949e-06 2.251902956310741555e+00 9.518006470261999639e+05
6.865291041735629637e-06 2.249089376871852064e+00 9.520362978704761481e+05
6.860557402970734767e-06 2.246621895955457138e+00 9.523346656266854843e+05
6.856141764103246303e-06 2.244481895478340316e+00 9.526879296052706195e+05
6.852042463040952540e-06 2.242650203036173018e+00 9.530883957623667084e+05
6.848255952792409090e-06 2.241107251896367725e+00 9.535285409584336448e+05
6.844776985653302893e-06 2.239833229886964094e+00 9.540010528325770283e+05
6.841598789289490040e-06 2.238808217879441731e+00 9.544988654323815135e+05
6.838713221608250814e-06 2.238012318595860695e+00 9.550151908738638740e+05
6.836110928757324864e-06 2.237425775554654273e+00 9.555435470241219737e+05
6.833781467410551271e-06 2.237029083312474853e+00 9.560777816464575008e+05
6.831713438122332732e-06 2.236803088372572912e+00 9.566120929210123140e+05
6.829894619150337014e-06 2.236729080939819703e+00 9.571410463934642030e+05
6.828312098667001988e-06 2.236788877632696515e+00 9.576595884051800240e+05
6.826952429158041253e-06 2.236964894599673404e+00 9.581630558932159329e+05
6.825801764958881090e-06 2.237240211869992113e+00 9.586471827792440308e+05
6.824845997992073107e-06 2.237598629018406449e+00 9.591081030850163661e+05
6.824070879770792728e-06 2.238024712664910432e+00 9.595423510229043895e+05
6.823462130517114071e-06 2.238503836239279732e+00 9.599468582985195098e+05
6.823005530196418563e-06 2.239022212517157939e+00 9.603189489308900665e+05
6.822687012521047894e-06 2.239566918848938215e+00 9.606563316459135385e+05
6.822492762089388348e-06 2.240125915015202640e+00 9.609570899258728605e+05
6.822409265858374021e-06 2.240688055080875429e+00 9.612196703710065922e+05
6.822423376870825453e-06 2.241243092931100023e+00 9.614428693301320309e+05
6.822522315474566364e-06 2.241781683299702621e+00 9.616258186260735383e+05
6.822693801817962546e-06 2.242295374585067336e+00 9.617679689726785291e+05
6.822925956704255445e-06 2.242776600445404611e+00 9.618690738942752359e+05
6.823207319461705940e-06 2.243218666418227425e+00 9.619291728304889984e+05
6.823526954553679310e-06 2.243615729518877444e+00 9.619485725444168784e+05
6.823874341138624561e-06 2.243962777478977433e+00 9.619278294513802975e+05
6.824239481660993374e-06 2.244255601276017753e+00 9.618677304407703923e+05
6.824612976218178229e-06 2.244490762918688542e+00 9.617692727574317250e+05
6.824986060154905093e-06 2.244665559979833525e+00 9.616336435103812255e+05
6.825350714164395177e-06 2.244777985307851775e+00 9.614621981215371052e+05
6.825699705870645497e-06 2.244826684274693118e+00 9.612564386234183330e+05
6.826026643128822419e-06 2.244810909467917615e+00 9.610179917957230937e+05
6.826326002212560653e-06 2.244730473709637852e+00 9.607485874934104504e+05
6.826593084754759615e-06 2.244585703377300234e+00 9.604500380955921719e+05
6.826823949730792035e-06 2.244377392732701981e+00 9.601242193840248510e+05
6.827015314705445770e-06 2.244106760181673543e+00 9.597730532601488521e+05
6.827164450917603542e-06 2.243775406784056070e+00 9.593984923521815799e+05
6.827269114563475358e-06 2.243385276339660450e+00 9.590025061359351967e+05
6.827327461832890281e-06 2.242938617614829599e+00 9.585870685879151570e+05
6.827338086977750599e-06 2.242437945878708927e+00 9.581541461733662290e+05
6.827300011424089898e-06 2.241886005363651790e+00 9.577056865032633068e+05
6.827212697151387912e-06 2.241285732202343173e+00 9.572436075046124170e+05
6.827076043198596884e-06 2.240640218484124535e+00 9.567697872635228559e+05
6.826890397299894151e-06 2.239952677240946599e+00 9.562860544533147477e+05
6.826656534249706463e-06 2.239226409446140487e+00 9.557941796686585294e+05
6.826375620138267599e-06 2.238464773347754289e+00 9.552958678408509586e+05
6.826049155785897564e-06 2.237671156679724938e+00 9.547927519155303016e+05
6.825678958588974875e-06 2.236848950496563848e+00 9.542863872887159232e+05
6.825267015694103685e-06 2.236001528068084721e+00 9.537782484484417364e+05
6.824815386903157332e-06 2.235132227029525520e+00 9.532697270624628291e+05
6.824326232095754011e-06 2.234244330938012446e+00 9.527621300305888290e+05
6.823801658123367467e-06 2.233341055577395817e+00 9.522566795789683238e+05
6.823243751381029459e-06 2.232425534474344886e+00 9.517545132046878571e+05
6.822654588757058498e-06 2.231500804985386388e+00 9.512566837987920735e+05
6.822036293128742563e-06 2.230569794250621296e+00 9.507641595135632670e+05
6.821391069048548678e-06 2.229635306192004673e+00 9.502778236379846931e+05
6.820721264802195078e-06 2.228700009014287886e+00 9.497984741863281233e+05
6.820029420677421718e-06 2.227766423661843742e+00 9.493268233286301838e+05
6.819318268478004268e-06 2.226836914195918116e+00 9.488634971483313711e+05
6.818590690647064702e-06 2.225913680551002027e+00 9.484090361199416220e+05
6.817849623669307101e-06 2.224998754630325593e+00 9.479638968681688420e+05
6.817097944941997706e-06 2.224093999718271153e+00 9.475284553414568072e+05
6.816338353807911848e-06 2.223201113171194621e+00 9.471030114039037144e+05
6.815573281076697536e-06 2.222321631583404233e+00 9.466877944607128156e+05
6.814804845902395930e-06 2.221456937206453208e+00 9.462829695058501093e+05
6.814034836498233306e-06 2.220608265047409713e+00 9.458886432546289871e+05
6.813264820507937202e-06 2.219776707328578347e+00 9.455048689217037754e+05
6.819503419074462144e-06 2.218775050480722655e+00 9.450515037228435976e+05
6.822461047048158217e-06 2.217709625160443565e+00 9.445735483375093900e+05
6.824816569037964584e-06 2.216611729755243232e+00 9.440824392116511008e+05
6.841290258932114086e-06 2.215114607581874395e+00 9.434205752218242269e+05
6.850672566832766494e-06 2.213453950468843523e+00 9.426871965886857361e+05
6.858296932411776952e-06 2.211714928636187238e+00 9.419141395116123604e+05
6.882744702772518537e-06 2.209478058396415090e+00 9.409193694288203260e+05
6.895660230165470263e-06 2.207119213500187804e+00 9.398600238311144058e+05
6.906044104695222127e-06 2.204756867982589519e+00 9.387796457088828320e+05
6.935867165102457272e-06 2.201912915786967240e+00 9.374696732459524646e+05
6.949560130156028050e-06 2.199095023497477097e+00 9.361420382359189680e+05
6.960387340658368764e-06 2.196431791942633716e+00 9.348427815661327913e+05
6.993122013066484600e-06 2.193381507004331876e+00 9.333355868482879596e+05
7.005173761189853407e-06 2.190569598544227947e+00 9.318819709226263221e+05
7.014485784232598238e-06 2.188112283397290359e+00 9.305218127330917632e+05
7.048015760720161495e-06 2.185400264766481637e+00 9.289904605576652102e+05
7.056978677762573589e-06 2.183148752300528184e+00 9.275878567527759587e+05
7.063678887556773376e-06 2.181445912293383582e+00 9.263419878754597157e+05
7.096642350135546923e-06 2.179616699881849584e+00 9.249616770227437373e+05
7.101902492698495417e-06 2.178441058274518838e+00 9.237750932416310534e+05
7.105594425149204635e-06 2.177970915401700402e+00 9.227955876407910837e+05
7.136643874026801932e-06 2.177487489450326219e+00 9.217156596686192788e+05
7.137686133127151358e-06 2.177811320077894131e+00 9.208815494940978242e+05
7.138040189085934969e-06 2.178952039344138836e+00 9.202900406871660380e+05
7.165997560477942703e-06 2.180166657806366537e+00 9.196263453596028266e+05
7.162474930622539506e-06 2.182294846259321908e+00 9.192456026002572617e+05
7.159289170995206644e-06 2.185300019463590537e+00 9.191269390192598803e+05
7.183783797979941872e-06 2.188417506353559361e+00 9.189500354176969267e+05
7.176026687979842124e-06 2.192491324610051695e+00 9.190725558040825417e+05
7.169639639598975369e-06 2.197440420459183308e+00 9.194571654727368150e+05
7.190230834562736541e-06 2.202498660493233729e+00 9.197870151504167588e+05
7.179048398745054222e-06 2.208485954579687771e+00 9.204101152382927248e+05
7.170162008641008927e-06 2.215282261178874723e+00 9.212754584850583924e+05
7.186323890697757122e-06 2.222153731009405941e+00 9.220839990436828230e+05
7.172283140588238297e-06 2.229871150892573262e+00 9.231634301226086682e+05
7.161360602291462103e-06 2.238280067549872410e+00 9.244514112756674876e+05
7.173135011218914007e-06 2.246692151569762430e+00 9.256721823405848118e+05
7.156527398497697579e-06 2.255826208033801183e+00 9.271318781854137778e+05
7.143769686789014204e-06 2.265497363881018522e+00 9.287586875251012389e+05
7.150667514342672785e-06 2.275083875509031905e+00 9.303085105962201487e+05
7.131826081193534438e-06 2.285232136671075942e+00 9.320575256254347041e+05
7.117456390591127806e-06 2.295731297515771541e+00 9.339264520378714660e+05
7.120123322382478072e-06 2.306018847696151841e+00 9.356992670034465846e+05
7.100660719806227947e-06 2.316645182379702739e+00 9.376127974958327832e+05
7.085947398777700320e-06 2.327388334978037765e+00 9.395861961899442831e+05
7.084766099326954157e-06 2.337777863614905360e+00 9.414437340194514254e+05
7.065250468966118404e-06 2.348264824200037015e+00 9.433814084697719663e+05
7.050577881724478725e-06 2.358625294291301966e+00 9.453198767004130641e+05
7.046560836294775331e-06 2.368470681436136260e+00 9.471181879421853228e+05
7.028363989081501552e-06 2.378144668499532433e+00 9.489282276223239023e+05
7.014784121443778824e-06 2.387437487284448157e+00 9.506776154228588566e+05
7.009376250076838804e-06 2.396040854070299542e+00 9.522578663605116308e+05
6.993093199436219014e-06 2.404218929591923182e+00 9.537873813438728685e+05
6.981004427897952989e-06 2.411788255941622605e+00 9.552040587415150367e+05
6.975007952625163012e-06 2.418516616701062993e+00 9.564284323530480033e+05
6.965616812943268023e-06 2.424469726519422608e+00 9.574977609302983619e+05
6.959076306686004595e-06 2.429534069194385193e+00 9.583761755202964414e+05
6.954843643630124663e-06 2.433622387768418438e+00 9.590379000822608359e+05
6.952442374023455507e-06 2.436675586249944736e+00 9.594666070997893112e+05
6.951455925590184982e-06 2.438659751918666796e+00 9.596541127243209630e+05
6.951521988358464335e-06 2.439563273783018627e+00 9.595991732589082094e+05
6.952327474394323318e-06 2.439394059137104609e+00 9.593063769891733536e+05
6.953603940027087380e-06 2.438176857723622248e+00 9.587851276944930432e+05
6.955123323529596044e-06 2.435950708900763928e+00 9.580487180926158326e+05
6.956694082452991688e-06 2.432766524227214511e+00 9.571134902593349107e+05
6.958157662105715304e-06 2.428684818531363643e+00 9.559980803717548260e+05
6.959385121468706892e-06 2.423773604666337178e+00 9.547227463715425692e+05
6.960274043106928649e-06 2.418106459814236775e+00 9.533087749207130400e+05
6.960745820852940044e-06 2.411760765247508598e+00 9.517779622352842707e+05
6.960742869902858861e-06 2.404816130600581747e+00 9.501521679557182360e+05
6.960226171808247351e-06 2.397352997896880389e+00 9.484529358096249634e+05
6.959172923133845963e-06 2.389451424045712535e+00 9.467011770432246849e+05
6.957574323324216494e-06 2.381190036429689627e+00 9.449169118615954649e+05
6.955433516589837708e-06 2.372645153374219440e+00 9.431190637482098537e+05
6.952763709716484964e-06 2.363890058859869470e+00 9.413253012182497187e+05
6.949586443729534630e-06 2.354994419923459592e+00 9.395519217596085509e+05
6.945930064528565143e-06 2.346023833267072423e+00 9.378137725159289548e+05
6.941828346132675309e-06 2.337039488219520678e+00 9.361242027934598736e+05
6.937319282872525159e-06 2.328097932607653409e+00 9.344950436657568207e+05
6.932444023513235929e-06 2.319250928953633384e+00 9.329366104792607948e+05
6.927245929450329716e-06 2.310545389154407658e+00 9.314577245422255946e+05
6.921769697101776124e-06 2.302023377873724908e+00 9.300657512318476802e+05
6.916060620467233145e-06 2.293722172918152946e+00 9.287666510443438310e+05
6.910163800275779851e-06 2.285674377019289771e+00 9.275650426546694944e+05
6.904123507429472315e-06 2.277908069786735101e+00 9.264642747306178790e+05
6.897982600030254587e-06 2.270446992217012294e+00 9.254665047218363034e+05
6.891782088305996640e-06 2.263310754429871618e+00 9.245727820007564733e+05
6.885560827656488729e-06 2.256515059007099921e+00 9.237831332468371838e+05
6.879355249838719661e-06 2.250071935810808554e+00 9.230966491744220257e+05
6.873199245175524091e-06 2.243989981790752708e+00 9.225115705992660951e+05
6.867124108777375145e-06 2.238274602604997110e+00 9.220253729829256190e+05
6.861158508032185873e-06 2.232928254316725702e+00 9.216348490934999427e+05
6.855328482995148532e-06 2.227950683061586279e+00 9.213361892986602616e+05
6.849657456534592644e-06 2.223339161156137944e+00 9.211250592625649879e+05
6.844166255341762265e-06 2.219088718092685486e+00 9.209966748261976754e+05
6.838873120470135237e-06 2.215192365543482644e+00 9.209458741127895191e+05
6.839495593907889632e-06 2.211488936468321231e+00 9.209037334806348663e+05
6.837058686588013234e-06 2.208070205742274084e+00 9.209069348979396746e+05
6.834478852545346390e-06 2.204944685708793095e+00 9.209567598050758243e+05
6.846705514457093193e-06 2.201718876510989631e+00 9.208873030841930304e+05
6.852384631658250979e-06 2.198602615540707017e+00 9.207851259919225704e+05
6.856639760712123412e-06 2.195661741450396054e+00 9.206739544478165917e+05
6.880323643327865606e-06 2.192400926953081974e+00 9.203433971346921753e+05
6.893049779531087281e-06 2.189173837739355921e+00 9.199397748156882590e+05
6.903106830704346462e-06 2.186099174924692523e+00 9.195070988837567857e+05
6.938492015336749044e-06 2.182545239600057752e+00 9.187756573780013714e+05
6.957393249131063153e-06 2.179035380916598097e+00 9.179626652528229170e+05
6.972410427129816445e-06 2.175736198348202866e+00 9.171301828995422693e+05
7.018622030180261843e-06 2.171880206758607823e+00 9.159494412773972144e+05
7.041375641758738320e-06 2.168189259265192348e+00 9.147210536597125465e+05
7.059348540872137109e-06 2.164859769283212554e+00 9.135177350101300981e+05
7.114317823351757297e-06 2.160985122574694550e+00 9.119510073805034626e+05
7.138409361916081054e-06 2.157482531658199587e+00 9.104041005718342494e+05
7.157256391054563274e-06 2.154555880879449603e+00 9.089515098944777856e+05
7.219492779865010625e-06 2.151138427903932726e+00 9.071374070257662097e+05
7.242511988730755207e-06 2.148353164057757336e+00 9.054323204609737732e+05
7.260308991519805352e-06 2.146389729539905922e+00 9.039037781464731088e+05
7.326008144701869854e-06 2.144062605803373156e+00 9.020475345309081022e+05
7.344985813808693775e-06 2.142663404444589581e+00 9.004053873955161544e+05
7.359431997674237513e-06 2.142340727201130335e+00 8.990273343112826115e+05
7.426112698991667253e-06 2.141785962786797448e+00 8.973607261923430488e+05
7.439480683718373730e-06 2.142428702076616620e+00 8.960049938003312564e+05
7.449467947116302156e-06 2.144361667830531282e+00 8.949869273631881224e+05
7.513993666115385446e-06 2.146197487334756460e+00 8.937258484163959511e+05
7.519116723563920156e-06 2.149488134837658659e+00 8.928707578297711443e+05
7.522677635380700087e-06 2.154249325767030765e+00 8.924170672020876082e+05
7.581398604488847672e-06 2.159046319701339645e+00 8.917710716906496091e+05
7.577673511780220301e-06 2.165478761181972800e+00 8.915987601117892191e+05
7.574489614038268824e-06 2.173478384434103461e+00 8.918625600367366569e+05
7.625368256520352584e-06 2.181599639328985596e+00 8.919726134280182887e+05
7.611964153802824617e-06 2.191468546781321969e+00 8.926017395803638501e+05
7.601472633956669631e-06 2.202925678271817844e+00 8.936778036645896500e+05
7.642583277862501149e-06 2.214541900161762999e+00 8.946275385654580314e+05
7.620349325223217541e-06 2.227909413899916036e+00 8.961052978851181688e+05
7.603295008633126006e-06 2.242781164246120618e+00 8.980078390806596726e+05
7.634076932447368140e-06 2.257775535374084264e+00 8.997922901852995856e+05
7.604770050218737794e-06 2.274401996676601367e+00 9.020749596571438015e+05
7.582565412645897710e-06 2.292336096085954900e+00 9.047277088421972003e+05
7.603988255786633378e-06 2.310257420383377891e+00 9.072441825391559396e+05
7.570274211292088208e-06 2.329557110303401402e+00 9.101895120525598759e+05
7.544999682807017505e-06 2.349851915707275474e+00 9.134197757329405285e+05
7.559287318402973953e-06 2.369886183062535068e+00 9.164664316961503355e+05
7.524458574480766149e-06 2.390910324725124880e+00 9.198361078313788166e+05
7.498651320575421992e-06 2.412509414185879830e+00 9.233805040253124898e+05
7.507689797480173099e-06 2.433524060522247900e+00 9.266797418945997488e+05
7.474399199506569027e-06 2.455045008550718499e+00 9.301757332364456961e+05
7.450055978896931887e-06 2.476653142251127537e+00 9.337258397553322138e+05
7.456461583691116812e-06 2.497285748129862260e+00 9.369563204707939876e+05
7.426892708658957127e-06 2.517888384846687533e+00 9.402504815118474653e+05
7.405622348069073892e-06 2.538067869228997964e+00 9.434806228093594545e+05
7.411456768493836285e-06 2.556865886246218800e+00 9.463182186830810970e+05
7.386522942151765357e-06 2.575119067509004100e+00 9.491010134638316231e+05
7.368890630675890760e-06 2.592485018378480444e+00 9.517221181048505241e+05
7.375629760834489779e-06 2.608102171570962469e+00 9.538909430707247229e+05
7.356407302362450488e-06 2.622712613663173098e+00 9.559038232149296673e+05
7.343133308220858930e-06 2.636051222608512656e+00 9.576806476942056324e+05
7.351703008980180769e-06 2.647365812649361771e+00 9.589688760319241555e+05
7.337620071835454346e-06 2.657351434922491595e+00 9.600391929196777055e+05
7.328084683489871134e-06 2.665831314444595534e+00 9.608385966506003169e+05
7.338699288380100630e-06 2.672147272790970529e+00 9.611433036789611215e+05
7.328857981016035370e-06 2.676979279814944768e+00 9.612088771832529455e+05
7.322212780800514902e-06 2.680240169865951483e+00 9.610073990417448804e+05
7.334372565654265120e-06 2.681357867899736291e+00 9.603387109064832330e+05
7.327064817616602157e-06 2.681026747083757655e+00 9.594538212591490010e+05
7.321842133994595600e-06 2.679235087772115609e+00 9.583439751922853757e+05
7.335456695882297937e-06 2.675447627456729816e+00 9.568144646653329255e+05
7.330071993577674638e-06 2.670377834532940309e+00 9.551148122614069143e+05
7.325770052447499804e-06 2.664077316053060862e+00 9.532517466052634409e+05
7.340631650231392359e-06 2.656031401486873111e+00 9.510308535437237006e+05
7.336146945988888399e-06 2.646984229902445751e+00 9.487064690607890952e+05
7.331966128981057500e-06 2.637030522348208006e+00 9.462952562907093670e+05
7.348622238367840813e-06 2.625624204176969290e+00 9.435859632929703221e+05
7.345253387592052528e-06 2.613537715903526237e+00 9.408396678605994675e+05
7.341453874549874415e-06 2.600897854124768038e+00 9.380810403070604661e+05
7.360345644207886075e-06 2.587116155387027661e+00 9.350794602264165878e+05
7.357379566391540824e-06 2.573016730512066808e+00 9.321138371391374385e+05
7.353464611705539946e-06 2.558739902427763724e+00 9.292122457402355503e+05
7.373868653316917732e-06 2.543653847414037994e+00 9.261258700999915600e+05
7.370622092580171285e-06 2.528618399239232595e+00 9.231484137752363458e+05
7.366146796409999103e-06 2.513769585384106886e+00 9.203069282365110703e+05
7.387928133757523917e-06 2.498417027064579354e+00 9.173301084573755506e+05
7.383276992513053438e-06 2.483475263445139358e+00 9.145356770586898783e+05
7.377448088549696254e-06 2.469057730032674147e+00 9.119443883781166514e+05
7.399610020467401870e-06 2.454415791799262170e+00 9.092634726719597820e+05
7.392735945003234624e-06 2.440503789203813501e+00 9.068310308808523696e+05
7.385027880479092781e-06 2.427399226789010989e+00 9.046575224162110826e+05
7.407422992502144828e-06 2.414281660425476428e+00 9.024241051888999064e+05
7.398752944213722275e-06 2.402126418700168298e+00 9.004832369967803825e+05
7.389658158537290574e-06 2.390975321441632495e+00 8.988352909672401147e+05
7.412317353582580695e-06 2.379951327787423576e+00 8.971408433339820476e+05
7.401878683023288414e-06 2.370052718847965867e+00 8.957675489206764614e+05
7.391529688663081525e-06 2.361285004831099155e+00 8.947051966296123574e+05
7.414175631869596530e-06 2.352726516541681967e+00 8.935981509152546059e+05
7.402307664769517685e-06 2.345384406744947192e+00 8.928236592414106708e+05
7.391066582547312414e-06 2.339230754744469287e+00 8.923616294266381301e+05
7.413620317002665990e-06 2.333312348643198586e+00 8.918450762643240159e+05
7.400192855704712691e-06 2.328651586681295349e+00 8.916626272540495265e+05
7.388007123607030329e-06 2.325187341848049094e+00 8.917839734089267440e+05
7.409429015780730234e-06 2.321960541311645532e+00 8.918407789741834858e+05
7.394147520280722465e-06 2.319991682699535929e+00 8.922257751529607922e+05
7.380812976261521611e-06 2.319185093266399100e+00 8.928977424171922030e+05
7.400668868655715599e-06 2.318580181456990630e+00 8.934890574468678096e+05
7.383693964586358396e-06 2.319184576404100362e+00 8.943915428129121428e+05
7.369357503068292682e-06 2.320870743181778995e+00 8.955539348897163291e+05
7.387533246275553900e-06 2.322683058904994269e+00 8.966122216845873045e+05
7.369218208402701147e-06 2.325609566997241640e+00 8.979538754051752621e+05
7.354156009417554863e-06 2.329495509925603614e+00 8.995192717189012328e+05
7.369500922742678571e-06 2.333429227093756442e+00 9.009634381275819615e+05
7.349919518459866468e-06 2.338348860944488461e+00 9.026569303612225922e+05
7.334160860035777738e-06 2.344074574732575300e+00 9.045327286436867435e+05
7.346696869603975016e-06 2.349739431934995793e+00 9.062655272226197412e+05
7.326126257050134078e-06 2.356229244542091816e+00 9.082073415358021157e+05
7.309847668201972886e-06 2.363343999954672370e+00 9.102855994308619993e+05
7.318712223985210164e-06 2.370292316148291167e+00 9.122066229087229585e+05
7.296629137630321126e-06 2.377900000712606765e+00 9.143002564328821609e+05
7.279335802676013585e-06 2.385945929055935721e+00 9.164880173673190875e+05
7.284361375936389258e-06 2.393706614475310968e+00 9.185048378123674775e+05
7.261922655391905630e-06 2.401912564676696338e+00 9.206444625109218759e+05
7.244502802735397022e-06 2.410333414369648430e+00 9.228269598515639082e+05
7.245390670303112803e-06 2.418354048852426441e+00 9.248308021425656043e+05
7.222235740574353258e-06 2.426612424515533384e+00 9.269141110180664109e+05
7.204310477676949147e-06 2.434870780029607218e+00 9.289958238538745791e+05
7.201340637632402326e-06 2.442607861720800688e+00 9.308916844487186754e+05
7.178576922214760235e-06 2.450346009361624056e+00 9.328151350602520397e+05
7.160987626224248088e-06 2.457853156151724061e+00 9.346884310704671079e+05
7.154498444924853816e-06 2.464725002201389348e+00 9.363722618951051263e+05
7.132018829181972404e-06 2.471382152826000933e+00 9.380401408618290443e+05
7.114593894550432198e-06 2.477603218692286280e+00 9.396186730582072632e+05
7.105117222031368131e-06 2.483085644046826079e+00 9.410066024433833081e+05
7.084250761615393668e-06 2.488125353900419334e+00 9.423284369262111140e+05
7.068027824452529949e-06 2.492526962215472874e+00 9.435200308624970494e+05
7.057201265286523922e-06 2.496080482477085027e+00 9.445133953110775910e+05
7.043633374231392393e-06 2.498840624619457440e+00 9.453392652259615716e+05
7.033267962742451165e-06 2.500688033616920602e+00 9.459604435487049632e+05
7.025498493240455128e-06 2.501533775325515130e+00 9.463507181156417355e+05
7.019794980226917699e-06 2.501320440631100706e+00 9.464940053755452391e+05
7.015696227243132748e-06 2.500018472163624939e+00 9.463828948907546001e+05
7.012802911408801904e-06 2.497622664125283443e+00 9.460173153207147261e+05
7.010771534979509049e-06 2.494148828364691095e+00 9.454033126584001584e+05
7.009308925854748611e-06 2.489630634339492055e+00 9.445519362411426846e+05
7.008167261831554073e-06 2.484116632864613372e+00 9.434782285406141309e+05
7.007139520633670857e-06 2.477667475711130329e+00 9.422003155170248356e+05
7.006055297011963999e-06 2.470353342389739026e+00 9.407385943095951807e+05
7.004776937081552254e-06 2.462251583355624884e+00 9.391150147503548069e+05
7.003195951129275392e-06 2.453444585818978840e+00 9.373524507235520286e+05
7.001229690861824584e-06 2.444017864333882351e+00 9.354741567085500574e+05
6.998818214876929841e-06 2.434058376254907063e+00 9.335033049215206411e+05
6.995921455266134169e-06 2.423653054740480428e+00 9.314625966059454950e+05
6.992516514169995221e-06 2.412887553665651996e+00 9.293739424967076629e+05
6.988595259627663430e-06 2.401845190784440920e+00 9.272582052905601449e+05
6.984162096167663097e-06 2.390606077092469750e+00 9.251349982486799126e+05
6.979231943446024218e-06 2.379246417554977455e+00 9.230225336693524150e+05
6.973828413216923112e-06 2.367837967566682078e+00 9.209375151818459854e+05
6.967982150780252737e-06 2.356447629740975103e+00 9.188950683595733717e+05
6.961729350948166710e-06 2.345137175009704311e+00 9.169087042727334192e+05
6.955110420616991308e-06 2.333963072828099339e+00 9.149903111831856659e+05
6.948168785759917705e-06 2.322976415609899536e+00 9.131501699079145910e+05
6.940949847151535027e-06 2.312222923064974456e+00 9.113969886717922054e+05
6.933500061508353484e-06 2.301743013556386330e+00 9.097379538588756695e+05
6.925866127214084710e-06 2.291571931115798044e+00 9.081787936261999421e+05
6.918094361769534589e-06 2.281739915318744760e+00 9.067238506755995331e+05
6.910230043975415358e-06 2.272272408373575470e+00 9.053761632739714114e+05
6.902316891306843972e-06 2.263190289751615847e+00 9.041375518830532674e+05
6.894396758099522878e-06 2.254510127350348281e+00 9.030087080909599317e+05
6.886509181485155275e-06 2.246244445260921374e+00 9.019892868810325162e+05
6.878691170835166695e-06 2.238401997924280185e+00 9.010779989760383032e+05
6.870976985283095983e-06 2.230988048255625245e+00 9.002727030261659529e+05
6.863398087134625462e-06 2.224004643043097751e+00 8.995704954872748349e+05
6.855983048797189721e-06 2.217450885436138108e+00 8.989677985888713738e+05
6.848757488713689975e-06 2.211323202595426363e+00 8.984604459860440111e+05
6.841744116352062905e-06 2.205615604859278545e+00 8.980437648706738837e+05
6.834962732465367218e-06 2.200319937092908074e+00 8.977126550490589580e+05
6.828430355044852748e-06 2.195426118668490023e+00 8.974616636467750650e+05
6.822161211858578526e-06 2.190922375375567555e+00 8.972850569702668581e+05
6.816166832957028670e-06 2.186795460630062582e+00 8.971768884624452330e+05
6.810456155510108375e-06 2.183030865757659367e+00 8.971310626803736668e+05
6.805035695658040053e-06 2.179613017817920273e+00 8.971413946366753662e+05
6.799909595795455497e-06 2.176525468615682524e+00 8.972016659949289169e+05
6.795079746337011932e-06 2.173751073061108485e+00 8.973056772948971484e+05
6.790546040993494866e-06 2.171272153560673157e+00 8.974472947913722601e+05
6.786306416223557532e-06 2.169070656580568190e+00 8.976204944378909422e+05
6.782357045689201480e-06 2.167128297383665192e+00 8.978194012850914150e+05
6.778692506156786352e-06 2.165426693956385318e+00 8.980383247035300592e+05
6.775305937707007387e-06 2.163947490560292675e+00 8.982717895761970431e+05
6.772189210031137534e-06 2.162672470980182560e+00 8.985145634702225216e+05
6.769333081090731383e-06 2.161583661904149078e+00 8.987616799562207889e+05
6.766727412433361391e-06 2.160663425176136965e+00 8.990084575323907193e+05
6.764361251140777010e-06 2.159894542587475819e+00 8.992505157471256098e+05
6.762222985955773423e-06 2.159260291316516422e+00 8.994837877315831138e+05
6.760300462483597871e-06 2.158744511168449343e+00 8.997045296898779925e+05
6.758581113374971706e-06 2.158331663299247527e+00 8.999093272544766078e+05
6.757360766660607844e-06 2.157998783873458226e+00 9.000917217254386051e+05
6.755960275510993999e-06 2.157741830872206723e+00 9.002531850200577173e+05
6.754729812743150320e-06 2.157547352137528573e+00 9.003912143659832655e+05
6.755083451162984518e-06 2.157365006692189890e+00 9.004879779362874106e+05
6.753927128646055725e-06 2.157229470669221438e+00 9.005611365994147491e+05
6.752927710095252353e-06 2.157129278378349113e+00 9.006087425355765736e+05
6.755052713785137513e-06 2.156974556869869719e+00 9.005963749285738450e+05
6.753850822759097746e-06 2.156852277714486288e+00 9.005634475231862161e+05
6.752818015348779984e-06 2.156752218946603961e+00 9.005080499205650995e+05
6.756921758893487618e-06 2.156532216200474306e+00 9.003737489062037785e+05
6.755713958749447538e-06 2.156336566374949637e+00 9.002237250122901751e+05
6.754681922042147680e-06 2.156156973676813582e+00 9.000562218371392228e+05
6.761443063614187198e-06 2.155782538372884360e+00 8.997858214324723231e+05
6.761945009844462742e-06 2.155389487924316061e+00 8.994887434854106978e+05
6.762322768797889831e-06 2.154984196854581757e+00 8.991684888275036355e+05
6.771791888040329267e-06 2.154327558479618876e+00 8.987271495824763551e+05
6.774035607323973963e-06 2.153629272631338853e+00 8.982541490079164505e+05
6.775818879669875978e-06 2.152911419135094651e+00 8.977584825044594472e+05
6.787528870829460966e-06 2.151918983989937306e+00 8.971347477138693212e+05
6.790853906321569221e-06 2.150898561276048948e+00 8.964868329925023718e+05
6.793470368337627679e-06 2.149883287569195556e+00 8.958272724595186301e+05
6.807554784905961173e-06 2.148581823200701901e+00 8.950347621728652157e+05
6.811512343278414132e-06 2.147291769992401456e+00 8.942336192427929491e+05
6.814579340944715288e-06 2.146053843088482793e+00 8.934384625548776239e+05
6.830150654629264365e-06 2.144551890355284485e+00 8.925170590726209339e+05
6.833726636636376655e-06 2.143134079087202881e+00 8.916140645958837122e+05
6.836406570535866290e-06 2.141840147889511492e+00 8.907428933017457603e+05
6.852974625254826510e-06 2.140316769288687304e+00 8.897556287896858994e+05
6.856212174523385900e-06 2.138945813813688090e+00 8.888105467203519074e+05
6.858567445660444540e-06 2.137764449577768566e+00 8.879195130422597285e+05
6.875561742366435134e-06 2.136398067718914273e+00 8.869258120664198650e+05
6.877386231542213877e-06 2.135272900744341396e+00 8.860058827122029616e+05
6.878549438315488705e-06 2.134414626210914268e+00 8.851666290185315302e+05
6.895026569195684281e-06 2.133425808652929412e+00 8.842423636688017286e+05
6.895248749999915811e-06 2.132754253526898403e+00 8.834185253550627967e+05
6.895104687077568753e-06 2.132410840104002503e+00 8.826961186736273812e+05
6.910329737634945550e-06 2.131990213832703596e+00 8.819070130518479273e+05
6.908183943615486406e-06 2.131960835530707143e+00 8.812453988545554457e+05
6.906135992899816598e-06 2.132312207433726403e+00 8.807040033145206980e+05
6.919929042704154283e-06 2.132617995913942632e+00 8.801072678035816643e+05
6.915946278299176786e-06 2.133349008319722184e+00 8.796507936591106700e+05
6.912474149388838547e-06 2.134476117071628654e+00 8.793204503534921678e+05
6.924247809618134807e-06 2.135580638410385035e+00 8.789452261775694788e+05
6.918217181818391015e-06 2.137126227876348317e+00 8.787181552166288020e+05
6.913168355794397286e-06 2.139063302678806622e+00 8.786177387879553717e+05
6.922393884967248353e-06 2.140990065647133900e+00 8.784814699291110737e+05
6.914569948971687060e-06 2.143343036809065794e+00 8.784916501776368823e+05
6.908171634164018193e-06 2.146053764346278925e+00 8.786202952415604377e+05
6.914811551394338232e-06 2.148745249972683347e+00 8.787166639091141988e+05
6.904895850190540628e-06 2.151835183173957056e+00 8.789557098533280659e+05
6.896897745335301125e-06 2.155235082740780683e+00 8.793025387652002973e+05
6.900578950461929978e-06 2.158595939344525760e+00 8.796194701420750935e+05
6.889274057382501088e-06 2.162289205976516637e+00 8.800629714250128018e+05
6.880255787706146625e-06 2.166211699806288138e+00 8.805935464718716685e+05
6.881404965108745473e-06 2.170049315934627021e+00 8.810891642051246017e+05
6.869474595254987730e-06 2.174120937738690973e+00 8.816851695327690104e+05
6.860050099278964488e-06 2.178315586306958540e+00 8.823401326811552281e+05
6.859236153955091982e-06 2.182358757632683499e+00 8.829491759860035963e+05
6.847361490980928247e-06 2.186516370753102123e+00 8.836262112437540200e+05
6.838062483009410723e-06 2.190676727407588675e+00 8.843304187725597294e+05
6.836024887213832227e-06 2.194603046842267258e+00 8.849727804543663515e+05
6.824947905754711546e-06 2.198510936081018663e+00 8.856466137067691889e+05
6.816348339821300487e-06 2.202296049537724176e+00 8.863144745366962161e+05
6.813799482686023328e-06 2.205759528175688100e+00 8.869026297022952931e+05
6.805339260999764415e-06 2.209039646774002108e+00 8.874725973809680436e+05
6.798886646964697978e-06 2.212055573923583207e+00 8.879962407816286432e+05
6.796024950851894817e-06 2.214686591876463773e+00 8.884303256458708784e+05
6.792341654534884231e-06 2.216942571970671239e+00 8.887834717738854233e+05
6.789828843294419657e-06 2.218782957928281174e+00 8.890429529867223464e+05
6.788255942294761042e-06 2.220178186825125799e+00 8.892001337285588961e+05
6.787420278462501683e-06 2.221109849584216533e+00 8.892501165815516142e+05
6.787144597569740286e-06 2.221569388114291499e+00 8.891912016586015234e+05
6.787274901457462714e-06 2.221556861549142337e+00 8.890243911579615669e+05
6.787678353321697155e-06 2.221079783645172334e+00 8.887529377249244135e+05
6.788241359951977228e-06 2.220152031021362493e+00 8.883819342002014164e+05
6.788867724793894909e-06 2.218792824653279094e+00 8.879179434953536838e+05
6.789477090675252625e-06 2.217025781169187137e+00 8.873686649299702840e+05
6.790003381906990686e-06 2.214878037523595466e+00 8.867426364626234863e+05
6.790393307276151161e-06 2.212379450279887028e+00 8.860489714055290679e+05
6.790604995398970576e-06 2.209561868108155469e+00 8.852971272941157222e+05
6.790606828707877754e-06 2.206458473635801720e+00 8.844967037839157274e+05
6.790376172243753839e-06 2.203103198003757868e+00 8.836572696848196210e+05
6.789898307135398950e-06 2.199530202634750964e+00 8.827882157198895002e+05
6.789165453736651089e-06 2.195773425091678721e+00 8.818986308560214238e+05
6.788175786978520109e-06 2.191866188030084039e+00 8.809972011050730944e+05
6.786932601110926771e-06 2.187840865582552752e+00 8.800921279331174446e+05
6.785443469905652181e-06 2.183728605269214640e+00 8.791910651544043794e+05
6.783719520066525576e-06 2.179559100091891910e+00 8.783010718942736275e+05
6.781774795859974937e-06 2.175360405915077511e+00 8.774285795353354188e+05
6.779625623351188064e-06 2.171158801647269154e+00 8.765793716441114666e+05
6.777290094610173905e-06 2.166978686433587598e+00 8.757585745944749797e+05
6.774787598941675360e-06 2.162842510115364103e+00 8.749706575248552253e+05
6.772138379559499481e-06 2.158770733891951288e+00 8.742194405772478785e+05
6.769363223414355852e-06 2.154781815255132127e+00 8.735081092413923470e+05
6.766483059028888896e-06 2.150892217671059203e+00 8.728392352560133440e+05
6.763518721665692679e-06 2.147116438212234080e+00 8.722148015850825468e+05
6.763670675489307814e-06 2.143384233926285187e+00 8.716025534852134297e+05
6.760130608688450532e-06 2.139809047800389941e+00 8.710451386992539046e+05
6.756646790653176260e-06 2.136398752212334440e+00 8.705418929776825244e+05
6.761980141844109492e-06 2.132930520067621405e+00 8.699989464014462428e+05
6.761834027689203686e-06 2.129572440778210396e+00 8.694820318570956588e+05
6.761213651751245618e-06 2.126354442154602342e+00 8.689990564347569598e+05
6.771013747803163470e-06 2.123019331309307312e+00 8.684416320901507279e+05
6.773161285323954387e-06 2.119799556186439116e+00 8.679018916208861629e+05
6.774444699603613820e-06 2.116739828423196190e+00 8.673933593648296082e+05
6.787829597931566142e-06 2.113543638113942524e+00 8.667911480279879179e+05
6.791496427249836566e-06 2.110500967953793161e+00 8.662112438137548743e+05
6.794023740459226344e-06 2.107665177091090136e+00 8.656704466053873766e+05
6.810757273110049475e-06 2.104687420252970842e+00 8.650221525243404321e+05
6.815469968490004026e-06 2.101918850789258109e+00 8.644079463269967819e+05
6.818848164828229299e-06 2.099417360059871562e+00 8.638463238408862380e+05
6.838553673705648779e-06 2.096780026477382819e+00 8.631683953301219735e+05
6.843683340121363232e-06 2.094422999162554699e+00 8.625431167121632025e+05
6.847400749615456616e-06 2.092403315018091625e+00 8.619886107562397374e+05
6.869521314602097345e-06 2.090263347337086408e+00 8.613136930087908404e+05
6.874669991018404011e-06 2.088477399204005103e+00 8.607120467181263957e+05
6.878419527833838157e-06 2.087097616345474638e+00 8.601999422026019311e+05
6.902554950810490300e-06 2.085612842176637560e+00 8.595646640431402484e+05
6.907093106277445313e-06 2.084559471004908016e+00 8.590262994248312898e+05
6.910378043226914215e-06 2.083979550153136184e+00 8.585972512232403969e+05
6.934952877828505522e-06 2.083333534890536409e+00 8.580539993652483681e+05
6.937655383128482319e-06 2.083207115709622137e+00 8.576377221236951882e+05
6.939496564594219062e-06 2.083622466800302053e+00 8.573532543150663842e+05
6.963021025461881569e-06 2.084020793091342583e+00 8.569705505127393408e+05
6.962840919219453057e-06 2.085022933387936206e+00 8.567460447686304105e+05
6.962419075061409344e-06 2.086622794375427414e+00 8.566739057074199663e+05
6.983095165520871303e-06 2.088263656252227207e+00 8.565268403073679656e+05
6.978756417529617280e-06 2.090585936185143989e+00 8.565700471638391027e+05
6.975066820109414482e-06 2.093545452970072329e+00 8.567834476682055974e+05
6.991609863155372096e-06 2.096591072549687684e+00 8.569444803407358704e+05
6.983270303418424188e-06 2.100346138706506771e+00 8.573121152003615862e+05
6.976493090898643680e-06 2.104728360235339046e+00 8.578525410896160174e+05
6.988656255453083774e-06 2.109203350922374209e+00 8.583528127423401456e+05
6.976847277933261885e-06 2.114360482474899605e+00 8.590587246599614155e+05
6.967445547445149414e-06 2.120082994354498762e+00 8.599245751240124227e+05
6.975753469714245143e-06 2.125853499540594438e+00 8.607472883673431352e+05
6.962074177288655742e-06 2.132204215650709500e+00 8.617500788189150626e+05
6.951369550152061820e-06 2.138995566731246800e+00 8.628802910578453448e+05
6.957446869852258457e-06 2.145724324233899694e+00 8.639434156605461612e+05
6.943730490146493043e-06 2.152866304030841782e+00 8.651402921718989965e+05
6.933201414002396474e-06 2.160274373003169046e+00 8.664172386157254223e+05
6.937428293118939406e-06 2.167494208350809082e+00 8.676017299399281619e+05
6.924381463284398435e-06 2.174939890046229785e+00 8.688696778777821455e+05
6.914547491012870710e-06 2.182465217927520573e+00 8.701693603045595810e+05
6.917492343578557504e-06 2.189668376246237003e+00 8.713508647236844990e+05
6.905402983588927088e-06 2.196911595270206963e+00 8.725687802694999846e+05
6.896428093044555519e-06 2.204056169414065014e+00 8.737752738809040748e+05
6.898692716907314543e-06 2.210745425867841174e+00 8.748391787150492892e+05
6.887447386101344166e-06 2.217311066981198842e+00 8.759018152267093537e+05
6.879158252761733233e-06 2.223626078122185934e+00 8.769200577020982746e+05
6.880011918837832918e-06 2.229396911050281815e+00 8.777876202858964680e+05
6.869725640255111394e-06 2.234901050417234636e+00 8.786227578190342756e+05
6.862156632545315090e-06 2.240027220926922080e+00 8.793880795278759906e+05
6.862407306846825179e-06 2.244527406301730643e+00 8.799943428879887797e+05
6.853484846887356784e-06 2.248637550595185441e+00 8.805414634517233353e+05
6.846917403076569408e-06 2.252268663183161657e+00 8.809995720436129486e+05
6.846844172220008302e-06 2.255221502747924767e+00 8.812968947393584531e+05
6.838918925777487104e-06 2.257708620163610735e+00 8.815217642229282064e+05
6.832997474732011375e-06 2.259663419162481812e+00 8.816512426896778634e+05
6.832830900624563875e-06 2.260919566907746425e+00 8.816242885044512805e+05
6.828900730308194485e-06 2.261590072704394494e+00 8.814878781525044469e+05
6.826092706226553543e-06 2.261652935635206418e+00 8.812343504246406956e+05
6.825994733849584008e-06 2.261046359888904789e+00 8.808404016990829259e+05
6.824402265138480888e-06 2.259834508505652373e+00 8.803308166337651201e+05
6.823296448697984999e-06 2.258028794639470593e+00 8.797084476351771737e+05
6.823845342279683654e-06 2.255611882083879305e+00 8.789643924158752197e+05
6.823025899320881251e-06 2.252656142645067749e+00 8.781238494571226183e+05
6.822292244556596487e-06 2.249194346431817149e+00 8.771955176124640275e+05
6.824753628170447800e-06 2.245176074290948343e+00 8.761551981694088317e+05
6.823402675590166219e-06 2.240751131734008528e+00 8.750561958836003905e+05
6.821954712247499756e-06 2.235962260708276972e+00 8.739088686570479767e+05
6.827095565727971601e-06 2.230669767293407268e+00 8.726524313484635204e+05
6.826800863041640000e-06 2.225076017779112902e+00 8.713594812597404234e+05
6.826030190416627541e-06 2.219240537127410651e+00 8.700451726132532349e+05
6.834499340641649582e-06 2.212957692153083133e+00 8.686212953780209646e+05
6.835858143335228908e-06 2.206482601149624134e+00 8.671802391793867573e+05
6.836266593262569552e-06 2.199892984480599001e+00 8.657429486713841325e+05
6.847345323209742135e-06 2.192950098963805328e+00 8.642068682429828914e+05
6.849333207067902901e-06 2.185964220063335794e+00 8.626857818957478739e+05
6.850093541743664472e-06 2.179019661589244539e+00 8.612026059992135270e+05
6.863236152067924899e-06 2.171832495448366096e+00 8.596362758775976254e+05
6.865596646692196884e-06 2.164754489779701974e+00 8.581175334856035188e+05
6.866545596143475569e-06 2.157870382118605601e+00 8.566695234921906376e+05
6.881310116697333782e-06 2.150856437003386468e+00 8.551552218411440263e+05
6.882890220792239534e-06 2.144119781284185233e+00 8.537285836488789646e+05
6.883121258283362207e-06 2.137734025559089535e+00 8.524089689016708871e+05
6.897537070310239827e-06 2.131358809279336963e+00 8.510532055826520082e+05
6.896995487151122992e-06 2.125432360646543728e+00 8.498295958056953968e+05
6.895469805318020993e-06 2.120003923003721535e+00 8.487491491391952150e+05
6.908461641633063200e-06 2.114712931777960936e+00 8.476617412738531129e+05
6.904880966089826511e-06 2.110020793791855809e+00 8.467474273911477067e+05
6.900919912091207331e-06 2.105943789983461656e+00 8.460058088273096364e+05
6.910497469212217518e-06 2.102131680724033558e+00 8.452925327691953862e+05
6.902656932634858015e-06 2.099045506128799143e+00 8.447902347564974334e+05
6.895329411159757969e-06 2.096658396440620020e+00 8.444834369817381958e+05
6.900075192210574951e-06 2.094639541997275867e+00 8.442377516200150130e+05
6.888139069483684097e-06 2.093408674040071027e+00 8.442220320276472485e+05
6.877657327975968432e-06 2.092895854745544515e+00 8.444060388015503995e+05
6.877081073645479800e-06 2.092808507472697421e+00 8.446731774848566856e+05
6.860979350492000664e-06 2.093517055978725949e+00 8.451750936286527431e+05
6.847325141447126776e-06 2.094908432683033173e+00 8.458668795954284724e+05
6.840756168449811799e-06 2.096745824340638720e+00 8.466570398271676386e+05
6.821459749771555781e-06 2.099310613347958210e+00 8.476638111404852243e+05
6.805459716274667674e-06 2.102453304488522523e+00 8.488305379239807371e+05
6.794462456583673559e-06 2.105978388991722738e+00 8.500849759464773815e+05
6.774797020350988125e-06 2.110051996547538611e+00 8.515011491638822481e+05
6.758746630013446793e-06 2.114509931883059579e+00 8.530192463082523318e+05
6.745851953751211242e-06 2.119201080310603835e+00 8.545869971328360261e+05
6.735698869045050053e-06 2.123993729995778512e+00 8.561600502563393675e+05
6.727914034467847928e-06 2.128773931280168341e+00 8.577011894726479659e+05
6.722161062679473932e-06 2.133444033018749408e+00 8.591796276039980585e+05
6.718137226070159143e-06 2.137921353244070843e+00 8.605703628047024831e+05
6.715570499957547398e-06 2.142136953990108506e+00 8.618535871071579168e+05
6.714217022907167352e-06 2.146034495565899203e+00 8.630141384463671129e+05
6.713858785587878235e-06 2.149569154599056287e+00 8.640409909586857539e+05
6.714301528531848455e-06 2.152706595091486097e+00 8.649267797653683228e+05
6.715372857820548146e-06 2.155421984591231688e+00 8.656673571940109832e+05
6.716920501529168323e-06 2.157699051688280800e+00 8.662613787653084146e+05
6.718810682472606633e-06 2.159529183321601931e+00 8.667099178654238349e+05
6.720926641999055743e-06 2.160910560680545434e+00 8.670161078370151808e+05
6.723167217289213728e-06 2.161847335486761779e+00 8.671848113154816674e+05
6.725445545060387050e-06 2.162348847009614605e+00 8.672223158181534382e+05
6.727687856230863883e-06 2.162428881073401143e+00 8.671360549018838210e+05
6.729832275826149990e-06 2.162104974317029971e+00 8.669343549858175684e+05
6.731827788265086662e-06 2.161397762606172002e+00 8.666262060612705536e+05
6.737349207440641941e-06 2.160232644266436797e+00 8.661818688791939057e+05
6.739756464060327254e-06 2.158719760149239608e+00 8.656452127452957211e+05
6.741777930297262577e-06 2.156893940581977809e+00 8.650286595298193861e+05
6.751766896446356370e-06 2.154569249013597698e+00 8.642561332227409584e+05
6.755709570807715534e-06 2.151947281045619498e+00 8.634067020056792535e+05
6.758808025864366820e-06 2.149084981151702323e+00 8.624993691497133113e+05
6.769436500463295459e-06 2.145815307458034837e+00 8.614638608731974382e+05
6.771907899879268774e-06 2.142398222832380572e+00 8.604012039459375665e+05
6.773577655893899895e-06 2.138887319903238105e+00 8.593277716190549545e+05
6.782186337818223595e-06 2.135127824071612057e+00 8.581774081627230626e+05
6.781527921713590695e-06 2.131400685111780380e+00 8.570591601131146308e+05
6.780450209525691346e-06 2.127739265023479653e+00 8.559810901653370820e+05
6.785820975111903919e-06 2.123991849517526731e+00 8.548784060489652911e+05
6.781443340238638907e-06 2.120438327133947976e+00 8.538602412955699256e+05
6.777212058191357875e-06 2.117083641453967768e+00 8.529238842356877867e+05
6.778715260963017889e-06 2.113782119491829370e+00 8.520078101646993309e+05
6.771159407702631926e-06 2.110780234383160980e+00 8.512088299526179908e+05
6.764311076141222122e-06 2.108055245051442039e+00 8.505143316132324981e+05
6.762918471169137085e-06 2.105457506883543495e+00 8.498623652608233970e+05
6.753654458916497266e-06 2.103190597539580153e+00 8.493338200178018305e+05
6.745475976610654993e-06 2.101213227705366560e+00 8.489099555814195191e+05
6.742433841226097090e-06 2.099377001100489526e+00 8.485304545319227036e+05
6.734500816325617313e-06 2.097801553792428386e+00 8.482435350611275062e+05
6.727538122831497065e-06 2.096448126939990164e+00 8.480326816675630398e+05
6.723750336391214184e-06 2.095219995652999767e+00 8.478590547865611734e+05
6.718054119993113315e-06 2.094157626484442591e+00 8.477394598313159076e+05
6.713081408005923773e-06 2.093231513930635224e+00 8.476619977241448360e+05
6.709587748346484882e-06 2.092392849891635986e+00 8.476074732588914922e+05
6.705686372082461334e-06 2.091644530791954004e+00 8.475776932490238687e+05
6.702296145461194267e-06 2.090965784127474247e+00 8.475647340868837200e+05
6.699995490106615785e-06 2.090321778472914893e+00 8.475551536639087135e+05
6.697342577123006965e-06 2.089717176103374818e+00 8.475515323040480725e+05
6.695040936917919132e-06 2.089138512295993344e+00 8.475489583160321927e+05
6.695092421799416990e-06 2.088521780741561251e+00 8.475221194624882191e+05
6.693034793264250161e-06 2.087922430118172024e+00 8.474941712408474414e+05
6.691240136898924195e-06 2.087332152362364468e+00 8.474619362300196663e+05
6.694468135164294059e-06 2.086620545567697604e+00 8.473730277861705981e+05
6.692995117399309212e-06 2.085916827811954199e+00 8.472804995314230910e+05
6.691693241302196969e-06 2.085218662437363424e+00 8.471829440676182276e+05
6.698766357822412204e-06 2.084312174487428226e+00 8.469937821013192879e+05
6.699996817702724800e-06 2.083364888575031770e+00 8.467814680844813120e+05
6.700927243829593718e-06 2.082395446256066318e+00 8.465522366933659650e+05
6.711561428302564072e-06 2.081163855618739955e+00 8.462080731676303549e+05
6.714763992755088683e-06 2.079887478221301933e+00 8.458370287718452746e+05
6.717274621390494249e-06 2.078601734608229723e+00 8.454511512415298494e+05
6.730467899434300789e-06 2.077047396359745779e+00 8.449437873313343152e+05
6.734538646289475485e-06 2.075490481408674981e+00 8.444221588407461531e+05
6.737690668524962557e-06 2.073974982161251202e+00 8.439009498628447764e+05
6.752909887897791546e-06 2.072208816594541592e+00 8.432595661655506119e+05
6.757145187428921157e-06 2.070507688364890075e+00 8.426250803697673837e+05
6.760358294694146266e-06 2.068918057328676952e+00 8.420125437777874758e+05
6.776998091888733689e-06 2.067113213816757167e+00 8.412869867488815216e+05
6.780633293926013155e-06 2.065459275470759692e+00 8.405958902706855442e+05
6.783292071042616408e-06 2.063998305872309924e+00 8.399521649634323549e+05
6.800711397703112421e-06 2.062367034537229138e+00 8.392060477759051137e+05
6.803660757835887288e-06 2.060964997743009341e+00 8.385187944297671784e+05
6.805728506944769302e-06 2.059827324989597752e+00 8.379004717029117746e+05
6.822910964353011037e-06 2.058577898997398847e+00 8.371964586671054130e+05
6.824101445339633605e-06 2.057648053137803412e+00 8.365812486445665127e+05
6.824721343986766368e-06 2.057057122855246778e+00 8.360588097944185138e+05
6.840452829298908474e-06 2.056421701260440216e+00 8.354723698279083474e+05
6.839048419702283131e-06 2.056192194803327933e+00 8.350047279381880071e+05
6.837572196880280599e-06 2.056364854093346572e+00 8.346511999383593211e+05
6.850479769741972571e-06 2.056564451068669364e+00 8.342595631227124250e+05
6.845538254242898555e-06 2.057247100339581358e+00 8.340156689263889566e+05
6.841232727315394897e-06 2.058378235490704533e+00 8.339034822082542814e+05
6.850816524059387943e-06 2.059582499485911100e+00 8.337723847979498096e+05
6.842978621130408996e-06 2.061293352615952035e+00 8.338000123771777144e+05
6.836423449003318813e-06 2.063448693849873727e+00 8.339606620267238468e+05
6.842891717263570898e-06 2.065684106981024559e+00 8.341099453719125595e+05
6.832893726705135181e-06 2.068399872591601074e+00 8.344130105675117811e+05
6.824722029642472198e-06 2.071511457886662466e+00 8.348366894383043982e+05
6.828736549185390806e-06 2.074667079951488358e+00 8.352434980655499967e+05
6.818014881029141184e-06 2.078217935680896300e+00 8.357796232543740189e+05
6.809421258420817200e-06 2.082067533444029284e+00 8.364086266034148866e+05
6.812738252970188430e-06 2.085867047461850809e+00 8.369957833551961230e+05
6.802684380442028152e-06 2.089933657252806665e+00 8.376741557842057664e+05
6.794795279939695880e-06 2.094170900779124267e+00 8.384084235003971262e+05
6.798626792796537291e-06 2.098235412178611536e+00 8.390671616140523693e+05
6.790525123805226163e-06 2.102413117795573161e+00 8.397709885714835254e+05
6.784358688812516211e-06 2.106619443010195436e+00 8.404898898505964316e+05
6.790107166300608137e-06 2.110511464092077016e+00 8.410930945645065513e+05
6.784950085010423093e-06 2.114359190543819711e+00 8.416943474880515132e+05
6.781265659100482489e-06 2.118100772467195636e+00 8.422724719474923331e+05
6.790075673407321798e-06 2.121388088396432892e+00 8.426943638546750881e+05
6.787973668678532516e-06 2.124505915583623672e+00 8.430784420214938000e+05
6.786784584911237151e-06 2.127420315951578988e+00 8.434135523627937073e+05
6.798430131256093770e-06 2.129786006398747933e+00 8.435667905519652413e+05
6.798810254937773210e-06 2.131911637879881471e+00 8.436642735842725961e+05
6.799572670524770206e-06 2.133789937222990485e+00 8.437038239094291348e+05
6.814148268334250085e-06 2.135061435880023506e+00 8.435455991343396017e+05
6.816425197474694522e-06 2.136075746976575207e+00 8.433299070834737504e+05
6.818605709648759992e-06 2.136849548976055058e+00 8.430621113426497905e+05
6.836687788103335769e-06 2.136979138064732719e+00 8.425834264140675077e+05
6.840725259313915319e-06 2.136873146722316097e+00 8.420554437291304348e+05
6.844180362257009452e-06 2.136571434618654841e+00 8.414905672214566730e+05
6.864941777283973244e-06 2.135643006829331725e+00 8.407177428118815878e+05
6.870188198216229360e-06 2.134544033635904281e+00 8.399153671008871170e+05
6.874451215004182389e-06 2.133331719571889717e+00 8.391008304296861170e+05
6.898178331197245744e-06 2.131526097445468615e+00 8.380825333956714021e+05
6.904269471716297664e-06 2.129644940892258198e+00 8.370615725823743269e+05
6.909045997344129298e-06 2.127758092934175504e+00 8.360587073859075317e+05
6.935183098058516843e-06 2.125341366464111648e+00 8.348640255949834827e+05
6.940622184215234555e-06 2.122993158977890538e+00 8.337091989436589647e+05
6.944694445056892498e-06 2.120782546476017494e+00 8.326135423638821812e+05
6.971907790855855426e-06 2.118138829650459964e+00 8.313485835341362981e+05
6.976307956975457623e-06 2.115709612849603793e+00 8.301648720875087893e+05
6.979411963041942451e-06 2.113556337570598576e+00 8.290782928074707743e+05
7.006088231361721939e-06 2.111093636996787648e+00 8.278548722347433213e+05
7.007499750054292669e-06 2.109020503976463790e+00 8.267653308900466654e+05
7.008087266761609725e-06 2.107373743680996725e+00 8.258161319144964218e+05
7.032201120594723032e-06 2.105558705521298979e+00 8.247707071180897765e+05
7.029344007557875223e-06 2.104300524472005218e+00 8.239106430578398285e+05
7.026445563253176852e-06 2.103599092543070537e+00 8.232289326374809025e+05
7.046063576767189272e-06 2.102870125010623870e+00 8.224948046468762914e+05
7.037779111590336135e-06 2.102841705786275384e+00 8.219920286919496721e+05
7.030530116206636488e-06 2.103466270282818851e+00 8.216966991962519241e+05
7.045024627106725270e-06 2.104160237281138546e+00 8.213806961010802770e+05
7.032307745472550393e-06 2.105615008595555615e+00 8.213148420741769951e+05
7.021611479710098701e-06 2.107740790163707079e+00 8.214608951247083023e+05
7.031343939014140537e-06 2.109970557374009736e+00 8.215998239176863572e+05
7.015350499765917578e-06 2.112943860910146299e+00 8.219835968929661904e+05
7.002201748862490076e-06 2.116536521213566502e+00 8.225629295124851633e+05
7.008574147533418614e-06 2.120190833316386136e+00 8.231251253022871679e+05
6.991701001553221826e-06 2.124475922245754766e+00 8.238960404206156963e+05
6.978086145659586439e-06 2.129250579525770348e+00 8.248220670866763685e+05
6.983176118194882257e-06 2.133970612312858339e+00 8.256981693075989606e+05
6.967140401189889628e-06 2.139151589371409923e+00 8.267303017200707691e+05
6.954437776070659159e-06 2.144650155488930121e+00 8.278658453282082919e+05
6.959288605706877447e-06 2.149949855531872789e+00 8.289123865421649534e+05
6.945369171326205627e-06 2.155511310084997856e+00 8.300549486596419010e+05
6.934571809450653901e-06 2.161201577187997547e+00 8.312461868387861177e+05
6.940298600323478778e-06 2.166534258291948678e+00 8.323064524020653917e+05
6.928807544939321311e-06 2.171940133160807473e+00 8.334089161694761133e+05
6.920090106055901140e-06 2.177303921549220256e+00 8.345134643143379362e+05
6.926672359615243546e-06 2.182177961050976833e+00 8.354557232742263004e+05
6.917070085302709276e-06 2.186978042733406458e+00 8.364020928664412349e+05
6.909902536427340400e-06 2.191607324978621651e+00 8.373192570110034430e+05
6.916766218625716428e-06 2.195659377592485306e+00 8.380583487618912477e+05
6.908551328225653666e-06 2.199532163787862427e+00 8.387774813187980326e+05
6.902453233990920610e-06 2.203146856223358707e+00 8.394494629005034221e+05
6.908753732733629754e-06 2.206148690835313175e+00 8.399443182789123384e+05
6.900799351898394419e-06 2.208922983223704506e+00 8.404135857806915883e+05
6.894788156730253635e-06 2.211402789933586632e+00 8.408335645266866777e+05
6.899730000053345887e-06 2.213278316376990684e+00 8.410903285286093596e+05
6.891419634987798454e-06 2.214914223911411462e+00 8.413258703468552558e+05
6.884962560514496990e-06 2.216251262148704271e+00 8.415183541757323546e+05
6.887857015927965439e-06 2.217027480459109245e+00 8.415708826087166090e+05
6.878657796470545966e-06 2.217579529836154251e+00 8.416133157318346202e+05
6.871307785907547883e-06 2.217851320994008280e+00 8.416240951652586227e+05
6.871672489255894839e-06 2.217628029964390013e+00 8.415231468178459909e+05
6.861568501725860292e-06 2.217202980763324227e+00 8.414227192601626739e+05
6.853323579905044725e-06 2.216521727410011966e+00 8.413011864937102655e+05
6.851404144580434361e-06 2.215409366288696891e+00 8.410926801081431331e+05
6.840552600698645686e-06 2.214117550961047343e+00 8.408927635476227151e+05
6.831557158440900736e-06 2.212593577053643568e+00 8.406799125111293979e+05
6.827505667569433756e-06 2.210702030585902644e+00 8.404024310720937792e+05
6.818104395879220995e-06 2.208597593556193228e+00 8.401183876927726669e+05
6.810190715147963868e-06 2.206243868198353830e+00 8.398120210536790546e+05
6.804025560662061242e-06 2.203598773936337629e+00 8.394660542144384235e+05
6.798249847906150406e-06 2.200663121176215764e+00 8.390790488763549365e+05
6.793281009434922481e-06 2.197429974017723886e+00 8.386460332954336191e+05
6.788945967396102155e-06 2.193900407012172149e+00 8.381647303349141730e+05
6.785096115540370642e-06 2.190082587690167504e+00 8.376351415972670075e+05
6.781604864478454467e-06 2.185990552206467541e+00 8.370591211681016721e+05
6.778365366059882813e-06 2.181643092065619793e+00 8.364399967062340584e+05
6.775288456052432828e-06 2.177062746868833276e+00 8.357822340638912283e+05
6.772300739613180466e-06 2.172274899104133183e+00 8.350911424454841763e+05
6.769342830247344917e-06 2.167306966543764535e+00 8.343726170388512546e+05
6.766367726660855267e-06 2.162187687583864371e+00 8.336329162210671930e+05
6.763339325792904509e-06 2.156946494475605380e+00 8.328784704703608295e+05
6.760231042918460522e-06 2.151612969452822988e+00 8.321157204190004850e+05
6.757024562910393351e-06 2.146216378064068397e+00 8.313509812617988791e+05
6.753708686331846950e-06 2.140785274276236994e+00 8.305903311411838513e+05
6.750278289005220158e-06 2.135347171505610486e+00 8.298395209917940665e+05
6.746733375640130509e-06 2.129928273888380019e+00 8.291039035886940546e+05
6.743078225986173323e-06 2.124553262139081244e+00 8.283883796301949769e+05
6.739320627568697467e-06 2.119245128487655894e+00 8.276973588283164427e+05
6.735471169743961802e-06 2.114025055901279870e+00 8.270347343230551342e+05
6.731542635401742242e-06 2.108912335716476072e+00 8.264038684216414113e+05
6.727549417730929687e-06 2.103924320173868434e+00 8.258075885329245357e+05
6.723507040803248333e-06 2.099076404267103513e+00 8.252481914106986951e+05
6.719431721298167211e-06 2.094382033263900933e+00 8.247274545811744174e+05
6.715339993335113782e-06 2.089852731926015394e+00 8.242466536779224407e+05
6.711248396371772942e-06 2.085498151733724104e+00 8.238065844969762256e+05
6.707173173974605335e-06 2.081326133730035721e+00 8.234075891721891239e+05
6.703130071792921686e-06 2.077342783055714293e+00 8.230495850552145857e+05
6.699134173524085679e-06 2.073552552684293282e+00 8.227320955870713806e+05
6.695199759979860787e-06 2.069958334473753769e+00 8.224542826455084141e+05
6.694838920495234316e-06 2.066473253378225294e+00 8.221798473097943934e+05
6.692169469062557786e-06 2.063166068390752450e+00 8.219346031475055497e+05
6.689433678085376945e-06 2.060044673760701439e+00 8.217197595926929498e+05
6.698100536224627754e-06 2.056825921891535458e+00 8.214209103489301633e+05
6.701458792949062871e-06 2.053672033376108264e+00 8.211015909606836503e+05
6.703795657060747407e-06 2.050631412164864553e+00 8.207780370054901578e+05
6.719145986494202559e-06 2.047394821824501498e+00 8.203241996617937693e+05
6.725757147914372624e-06 2.044224631562473693e+00 8.198432756741375197e+05
6.730757709470804425e-06 2.041191919794082654e+00 8.193596088129146956e+05
6.749715716613035632e-06 2.037970612536796899e+00 8.187395498642395250e+05
6.756478284080034473e-06 2.034912865031531126e+00 8.181223466253688093e+05
6.761529176939945195e-06 2.032089914499141337e+00 8.175319847809183411e+05
6.781316430674539212e-06 2.029154052372272865e+00 8.168259758113180287e+05
6.785849842094791948e-06 2.026527022762958818e+00 8.161721870803048369e+05
6.789004689536484510e-06 2.024261388386527916e+00 8.155873110385042382e+05
6.806669668022343951e-06 2.022005504509857499e+00 8.149278692703177221e+05
6.807038620068053296e-06 2.020216727801110057e+00 8.143771917835543863e+05
6.806766916496021270e-06 2.018912733170847851e+00 8.139388552117007785e+05
6.820734191409069288e-06 2.017733507674546622e+00 8.134673261136267101e+05
6.816690876605518268e-06 2.017135865016053131e+00 8.131472090617250651e+05
6.812879839903012351e-06 2.017098552608444173e+00 8.129678473690097453e+05
6.823228386790249138e-06 2.017247867620926005e+00 8.127799425353248371e+05
6.815488693024687379e-06 2.018026746159072182e+00 8.127640807370233815e+05
6.808803238401829918e-06 2.019379005352701206e+00 8.128971987627716735e+05
6.816560393621185049e-06 2.020910450166339523e+00 8.130237085892967880e+05
6.807389775034810622e-06 2.023024955160520388e+00 8.133099443426053040e+05
6.799750431191881728e-06 2.025646424870788831e+00 8.137265212078747572e+05
6.805833739424675017e-06 2.028390734149176478e+00 8.141237128284664359e+05
6.796389887705426091e-06 2.031622072280475422e+00 8.146529354537529871e+05
6.788750075780303234e-06 2.035253577974570405e+00 8.152820127244530013e+05
6.794396500392144195e-06 2.038907863238754281e+00 8.158655516332673142e+05
6.785606400106995735e-06 2.042922059975731397e+00 8.165447849646405084e+05
6.778697125210641475e-06 2.047207375339849200e+00 8.172879337043563137e+05
6.783856545213820537e-06 2.051416019034143723e+00 8.179627235228981590e+05
6.775223117943298930e-06 2.055871207865766603e+00 8.187049779584687203e+05
6.768572166796444667e-06 2.060482006879083450e+00 8.194828967075906694e+05
6.772071096450016855e-06 2.064948320539314874e+00 8.201841863132814178e+05
6.763271398801993572e-06 2.069556881995992192e+00 8.209299676957958145e+05
6.756565075015747480e-06 2.074214349738698893e+00 8.216881949873582926e+05
6.758203805565651228e-06 2.078666670794536042e+00 8.223655024454360828e+05
6.748564827847945686e-06 2.083176396436758893e+00 8.230730004699856509e+05
6.741198643336541635e-06 2.087645779068421525e+00 8.237773223234085599e+05
6.740804182565400460e-06 2.091856102717856380e+00 8.243994559795749374e+05
6.730750896564769981e-06 2.096030546514465964e+00 8.250344334287105594e+05
6.723046885506083950e-06 2.100071477715574009e+00 8.256491543162048329e+05
6.721358112047344293e-06 2.103787555555219235e+00 8.261753829670028063e+05
6.712570171681131604e-06 2.107340627293857072e+00 8.266832998247907963e+05
6.705872940940598031e-06 2.110647088012487238e+00 8.271451563215038041e+05
6.704182942294449267e-06 2.113550043406027257e+00 8.275055670083400328e+05
6.700191002459012236e-06 2.116096054113831393e+00 8.277883604134513298e+05
6.697456368492896042e-06 2.118240561948879996e+00 8.279803207418737002e+05
6.695967869041424302e-06 2.119943218198054424e+00 8.280698204907415202e+05
6.695019733642847784e-06 2.121188309742736866e+00 8.280541555636042031e+05
6.694695139302701500e-06 2.121962779303263158e+00 8.279308719799807295e+05
6.694831196831858272e-06 2.122262301949925156e+00 8.277002213649466867e+05
6.695286645858159387e-06 2.122090338033840506e+00 8.273647508813838940e+05
6.695939938429269895e-06 2.121457070970891312e+00 8.269289048299508868e+05
6.696860888146539022e-06 2.120373918102635979e+00 8.263969130027198698e+05
6.697588196062971820e-06 2.118867179145706547e+00 8.257781494981908472e+05
6.698253212150899760e-06 2.116961438616542956e+00 8.250806716107411776e+05
6.702024452240164048e-06 2.114600951285640740e+00 8.242806967123462819e+05
6.701891878985622490e-06 2.111919794562914454e+00 8.234279480102898087e+05
6.701614674641085358e-06 2.108949096163921677e+00 8.225309247056947788e+05
6.709274565246247122e-06 2.105510348200083204e+00 8.215165749924603151e+05
6.711518073687339972e-06 2.101787982441244207e+00 8.204531329297766788e+05
6.713056285421440261e-06 2.097838319148455533e+00 8.193570169163541868e+05
6.724475557680206323e-06 2.093442417339471451e+00 8.181376474953407887e+05
6.728452832456773565e-06 2.088846889088166847e+00 8.168862267779804533e+05
6.731243354273289634e-06 2.084127121308590791e+00 8.156250089555988088e+05
6.744813878491689009e-06 2.079047172182390657e+00 8.142553743743293453e+05
6.748910466031530315e-06 2.073908028532445158e+00 8.128890480804756517e+05
6.751623829452090087e-06 2.068789137207127204e+00 8.115489997874443652e+05
6.766496113816633057e-06 2.063419272846052976e+00 8.101221018410077086e+05
6.769751292145312620e-06 2.058149986055360259e+00 8.087400086036592256e+05
6.771636688437976798e-06 2.053054260701304035e+00 8.074229731109025888e+05
6.786648432541218361e-06 2.047831912253974984e+00 8.060464626605345402e+05
6.787846150850944923e-06 2.042880134056221042e+00 8.047609023317896063e+05
6.787958503867230433e-06 2.038253532772059895e+00 8.035798214326167945e+05
6.801781612860026897e-06 2.033628177112078550e+00 8.023699783601594390e+05
6.800692613024619172e-06 2.029414397505550305e+00 8.012884323506846558e+05
6.798927009519300935e-06 2.025643513069239621e+00 8.003406402581933653e+05
6.811375511448221372e-06 2.021968735178778509e+00 7.993854059234919259e+05
6.807689181469165291e-06 2.018816110119250329e+00 7.985877548765155952e+05
6.803859541275159363e-06 2.016190143754599706e+00 7.979439191923177568e+05
6.813861901419460738e-06 2.013741871482376933e+00 7.973132459572289372e+05
6.807334553015218967e-06 2.011891373531208504e+00 7.968602937676889123e+05
6.801298792898016139e-06 2.010613527541361023e+00 7.965712480169975897e+05
6.807231346820141995e-06 2.009592666169985442e+00 7.963203226808767067e+05
6.797173637007667225e-06 2.009218537142156702e+00 7.962619541409059893e+05
6.788407259370418790e-06 2.009431021423312647e+00 7.963704949535292108e+05
6.789532544345134017e-06 2.009951592345767590e+00 7.965368716376735829e+05
6.775552007772002822e-06 2.011131980891630811e+00 7.969023872981230961e+05
6.763762006302623665e-06 2.012874599791891761e+00 7.974287917823967291e+05
6.759571617847111192e-06 2.014943329233095604e+00 7.980260360639601713e+05
6.742250423304721861e-06 2.017626564662517996e+00 7.988122711156038567e+05
6.727936481688471852e-06 2.020793269710273510e+00 7.997384501096091699e+05
6.718253226075911157e-06 2.024269367297482081e+00 8.007413304969428573e+05
6.699002017159248709e-06 2.028242628158805960e+00 8.019010632303792518e+05
6.683335552115716805e-06 2.032558201625139560e+00 8.031617629354391247e+05
6.670816911193783118e-06 2.037072800467978784e+00 8.044743941037262557e+05
6.660356536556563849e-06 2.041678791211497312e+00 8.058040969188713934e+05
6.652291728712143256e-06 2.046266577119299157e+00 8.071151884207442636e+05
6.646282876729875940e-06 2.050742012503283807e+00 8.083780698654922890e+05
6.642024430208096510e-06 2.055025543657928111e+00 8.095686701357426355e+05
6.639241933615702601e-06 2.059051006066522582e+00 8.106678736207114998e+05
6.637689404482808029e-06 2.062764499954417463e+00 8.116609918035409646e+05
6.637146985137565800e-06 2.066123328266799675e+00 8.125372729068677872e+05
6.637418831910710754e-06 2.069094986145360249e+00 8.132894454954466783e+05
6.643488266873863143e-06 2.071525206434952082e+00 8.138618304021247895e+05
6.649175179163439741e-06 2.073432638049818255e+00 8.142662056140872883e+05
6.654550067241163852e-06 2.074839885788625882e+00 8.145142503136385931e+05
6.684887344352636737e-06 2.075129631407622632e+00 8.143658513290093979e+05
6.709626908440141913e-06 2.074521171718235468e+00 8.139090534344065236e+05
6.730588564621877195e-06 2.073194143061915629e+00 8.132107145923651988e+05
6.785846631568652777e-06 2.070360150712122316e+00 8.119576095695196418e+05
6.825940067540030006e-06 2.066558021613092766e+00 8.103571483652680181e+05
6.858953170047108640e-06 2.062109422265981262e+00 8.085239989558949601e+05
6.935823782938097273e-06 2.056048358232927864e+00 8.060690794965618988e+05
6.984722351881882097e-06 2.049287539389992308e+00 8.033408511114333523e+05
7.024039591464277547e-06 2.042239242041406833e+00 8.004826374057045905e+05
7.116003014829043935e-06 2.033764842337456358e+00 7.970334808741558809e+05
7.165319047638311309e-06 2.025144916412071172e+00 7.934828294061601628e+05
7.203989195052822518e-06 2.016804785508571563e+00 7.899750343900336884e+05
7.302456861798425187e-06 2.007448950078337013e+00 7.859868780188988894e+05
7.344295102057090392e-06 1.998649448558391883e+00 7.821215841434958857e+05
7.376130912264436798e-06 1.990768147537649746e+00 7.784976450057592010e+05
7.474198700979238162e-06 1.982347309253625234e+00 7.745309336335127009e+05
7.503234295155144253e-06 1.975172622829503233e+00 7.709094644810806494e+05
7.524372432162240120e-06 1.969493008924257271e+00 7.677084290896885796e+05
7.615513098159141450e-06 1.963736003480669234e+00 7.643039221591823734e+05
7.628253290741533354e-06 1.959814063166113618e+00 7.614342027588516939e+05
7.636393536503478620e-06 1.957835733662712352e+00 7.591214794708510162e+05
7.717512666568357633e-06 1.956122358641906978e+00 7.567073913214290515e+05
7.714526473726011631e-06 1.956640957425109573e+00 7.549505590566006722e+05
7.710578386907311700e-06 1.959365819561587285e+00 7.538232010308963945e+05
7.780427448684693699e-06 1.962557340082106361e+00 7.526517967859206256e+05
7.763016044290092912e-06 1.968204955559690772e+00 7.522005009495532140e+05
7.748317996138819863e-06 1.976160007537675511e+00 7.523968122680927627e+05
7.804552596922386887e-06 1.984697984845669394e+00 7.525831230120911496e+05
7.774749820836887354e-06 1.995756959859655177e+00 7.534988822334968718e+05
7.751075201932999521e-06 2.009077405468139066e+00 7.550334550049365498e+05
7.793152627454543694e-06 2.022995668343023468e+00 7.565643674210362369e+05
7.752329223323873320e-06 2.039378355650971475e+00 7.587979649956527865e+05
7.720765428173999415e-06 2.057860978782537931e+00 7.615901404800596647e+05
7.748112243400400129e-06 2.076872935718632629e+00 7.643671513514566468e+05
7.698173589470212614e-06 2.098167311773685206e+00 7.677869958398992894e+05
7.660126631215780245e-06 2.121281802076479650e+00 7.716777858615036821e+05
7.672359688068138613e-06 2.144781649850030281e+00 7.755310697538505774e+05
7.616581843353967812e-06 2.170223688278078544e+00 7.799280468315614853e+05
7.574499044498420858e-06 2.197063240083801272e+00 7.846779479995794827e+05
7.573529869712465911e-06 2.224025617822235290e+00 7.893460632690789644e+05
7.515409863816006092e-06 2.252428232685613541e+00 7.944244967454000143e+05
7.471882000999644902e-06 2.281665779289930640e+00 7.997136089780270122e+05
7.460785730467967395e-06 2.310631571110015603e+00 8.048535003228867427e+05
7.404089821247493922e-06 2.340375248256258089e+00 8.102406857775322860e+05
7.361928883498694497e-06 2.370262526406358816e+00 8.156782847434497671e+05
7.344587105315071770e-06 2.399355370818315958e+00 8.208780395855491515e+05
7.293719825329114189e-06 2.428408991710445441e+00 8.261344322698829928e+05
7.256298491345975708e-06 2.456807159976143851e+00 8.312677356833937811e+05
7.237555717247183848e-06 2.483777329166744874e+00 8.360550446845182450e+05
7.196182176464785990e-06 2.509807413670726906e+00 8.406989574625731912e+05
7.166299054306192733e-06 2.534355049307029262e+00 8.450509692643737653e+05
7.149770237158198713e-06 2.556832203495846390e+00 8.489528761107656173e+05
7.119420515373641436e-06 2.577523577056485937e+00 8.525349933484939393e+05
7.098126701498231600e-06 2.596010224626756013e+00 8.556894915427837986e+05
7.086023085208380475e-06 2.611892369040968109e+00 8.583162310886307387e+05
7.069152545689761933e-06 2.625250975496815631e+00 8.604696465984309325e+05
7.058263390479073586e-06 2.635847350572300574e+00 8.620940515286249574e+05
7.052085656897767949e-06 2.643515005607083523e+00 8.631547668649452971e+05
7.049517338156869670e-06 2.648161764923000927e+00 8.636364021662436426e+05
7.049605748449997596e-06 2.649762453158563957e+00 8.635400751490583643e+05
7.051531810723927866e-06 2.648351273914132165e+00 8.628807834114109864e+05
7.054596519714128342e-06 2.644013992538089663e+00 8.616849346299229655e+05
7.058209030245985534e-06 2.636880068968685986e+00 8.599880475330208428e+05
7.061875972934774307e-06 2.627114898860920533e+00 8.578326372911070939e+05
7.065191717640848239e-06 2.614912317375236661e+00 8.552662971597797005e+05
7.067829388109516910e-06 2.600487504579461095e+00 8.523399845487439306e+05
7.069532501711178903e-06 2.584070408061169388e+00 8.491065150195187889e+05
7.070107147876431831e-06 2.565899770933973478e+00 8.456192628910688218e+05
7.069414659760593603e-06 2.546217824457341461e+00 8.419310625107390806e+05
7.067364761940480006e-06 2.525265676286517103e+00 8.380933001888280269e+05
7.063909173534883055e-06 2.503279399995124610e+00 8.341551837127552135e+05
7.059035672535992604e-06 2.480486809475694887e+00 8.301631739635400008e+05
7.052762614448240265e-06 2.457104884127285338e+00 8.261605617809473770e+05
7.045133866080017856e-06 2.433337798105374095e+00 8.221871729298442369e+05
7.036214215650572201e-06 2.409375496408499906e+00 8.182791833985334961e+05
7.026085220173769355e-06 2.385392755441975154e+00 8.144690281637915177e+05
7.014841456358663165e-06 2.361548664163262590e+00 8.107853877637626138e+05
7.002587208637843612e-06 2.337986461319069953e+00 8.072532378233596683e+05
6.989433507253864293e-06 2.314833668273392320e+00 8.038939488123710034e+05
6.975495560456320737e-06 2.292202459628400302e+00 8.007254242104144068e+05
6.960890517620151717e-06 2.270190219728284831e+00 7.977622672098154435e+05
6.945735542981638148e-06 2.248880238930506703e+00 7.950159675389429322e+05
6.930146193515097783e-06 2.228342508779597164e+00 7.924951012155101635e+05
6.914235056934189162e-06 2.208634581860446033e+00 7.902055375169184990e+05
6.898110634535575018e-06 2.189802467168127542e+00 7.881506485096764518e+05
6.881876438571796786e-06 2.171881537630597325e+00 7.863315175488158129e+05
6.865630283211732631e-06 2.154897430901023814e+00 7.847471440055733547e+05
6.850174989440188498e-06 2.138848563903606781e+00 7.833879157700646902e+05
6.834059685386601620e-06 2.123766867903411182e+00 7.822576765723983990e+05
6.818201259527315082e-06 2.109653684740080415e+00 7.813501478550538886e+05
6.812749751427941968e-06 2.096247532334696739e+00 7.805623822444679681e+05
6.803293809732580620e-06 2.083675155556563130e+00 7.799358456898120930e+05
6.793378474683892381e-06 2.071964320700236062e+00 7.794748315905546769e+05
6.796830768495761286e-06 2.060788124695900336e+00 7.790512766527353087e+05
6.792796592442095212e-06 2.050369264424220184e+00 7.787446914308781270e+05
6.787664637422514201e-06 2.040755401391297408e+00 7.785677315305850934e+05
6.798304544130992964e-06 2.031565888821116772e+00 7.783711957636869047e+05
6.797958338411640469e-06 2.023112192278431198e+00 7.782709809986669570e+05
6.796117462464838191e-06 2.015450359921036050e+00 7.782840488777760183e+05
6.812748024257541791e-06 2.008135292534512395e+00 7.782358520204809029e+05
6.814705686110327559e-06 2.001566303832621241e+00 7.782791636148199905e+05
6.814982382746350178e-06 1.995799114337649893e+00 7.784319714231176767e+05
6.836140405007068915e-06 1.990328801568818751e+00 7.784961193810009863e+05
6.838907893235934687e-06 1.985638332125600813e+00 7.786601595153320814e+05
6.840058566250542816e-06 1.981773688774167264e+00 7.789394576897233492e+05
6.863672412468960120e-06 1.978186990569196890e+00 7.791190402499700431e+05
6.865774452902459871e-06 1.975425557298386314e+00 7.794158749596419511e+05
6.866592960352835296e-06 1.973516122382128257e+00 7.798390108509141719e+05
6.889691942387921679e-06 1.971906445563436083e+00 7.801723081479750108e+05
6.888610061204875634e-06 1.971192175512727740e+00 7.806546715179204475e+05
6.887046653736645093e-06 1.971364344729870766e+00 7.812825090445977403e+05
6.907161094864642149e-06 1.971870068739451476e+00 7.818407600097333780e+05
6.901362083206987216e-06 1.973328355559593295e+00 7.825801088539721677e+05
6.896199278226727280e-06 1.975684624595475558e+00 7.834805705227555009e+05
6.909982600461680709e-06 1.978432358070333796e+00 7.843474713865357917e+05
6.897762610929970970e-06 1.982172291428895283e+00 7.854262611912948778e+05
6.887638348991523754e-06 1.986792713647387743e+00 7.866765078256394481e+05
6.893657795092261434e-06 1.991831932663303384e+00 7.879240259530188050e+05
6.875823507764691312e-06 1.997820416354965323e+00 7.893882104999835137e+05
6.861438218490702707e-06 2.004593919452778650e+00 7.910106159918576013e+05
6.860273653850570391e-06 2.011741703861539943e+00 7.926403369881382678e+05
6.838100880173557504e-06 2.019712325753063809e+00 7.944659951830162900e+05
6.820493488848495194e-06 2.028298107820923679e+00 7.964151862910320051e+05
6.813552612979272493e-06 2.037135280288011163e+00 7.983588454890107969e+05
6.790560178030805751e-06 2.046543397818681331e+00 8.004364740081459749e+05
6.772606280159150800e-06 2.056295198718777417e+00 8.025714461666444549e+05
6.763278232482815478e-06 2.066072028634183155e+00 8.046553629219497088e+05
6.742586069654061698e-06 2.076078540438701658e+00 8.067841057027631905e+05
6.726786534332043882e-06 2.086093558245309509e+00 8.088862752136670751e+05
6.717815873747279316e-06 2.095849061373885824e+00 8.108751770938321715e+05
6.703642369487197605e-06 2.105403433391033641e+00 8.127904708385764388e+05
6.693366656130286697e-06 2.114577955007825860e+00 8.145788558371341787e+05
6.686379414273260579e-06 2.123216774435142451e+00 8.161970003907380160e+05
6.682136314997118882e-06 2.131190971364361086e+00 8.176113573546182597e+05
6.680151772914333925e-06 2.138396620047182672e+00 8.187971338312408188e+05
6.679993577429590853e-06 2.144752919178255279e+00 8.197373271815598710e+05
6.681278219169065832e-06 2.150200356114531530e+00 8.204218176243827911e+05
6.683666763835395440e-06 2.154698888184069183e+00 8.208465119885411114e+05
6.686861157981421400e-06 2.158226135282587776e+00 8.210125361446912866e+05
6.690600880122436666e-06 2.160775586332472020e+00 8.209254755289033055e+05
6.694659865984279424e-06 2.162354827946093128e+00 8.205946643042939249e+05
6.698843658192512699e-06 2.162983807198126218e+00 8.200325241770080756e+05
6.702986757995436672e-06 2.162693142115123646e+00 8.192539537772178883e+05
6.706950110335786713e-06 2.161522494158550245e+00 8.182757696666627889e+05
6.710618745227346489e-06 2.159519016234738409e+00 8.171161991311453748e+05
6.713899565126590143e-06 2.156735887939233542e+00 8.157944243510169908e+05
6.716719206686782784e-06 2.153230948374609266e+00 8.143301775509519503e+05
6.719022061360662229e-06 2.149065434166398614e+00 8.127433852471724385e+05
6.720768367990306254e-06 2.144302828041091402e+00 8.110538600120234769e+05
6.721932435682616221e-06 2.139007820968338525e+00 8.092810371190583101e+05
6.722500962383886667e-06 2.133245388447526647e+00 8.074437533963592723e+05
6.722471465695744125e-06 2.127079979599689086e+00 8.055600651782649802e+05
6.721850814442864880e-06 2.120574815870574170e+00 8.036471021695759846e+05
6.720653870805142549e-06 2.113791294714652214e+00 8.017209538487582467e+05
6.718902238974618156e-06 2.106788492297350324e+00 7.997965850493288599e+05
6.716623101773192889e-06 2.099622758717885507e+00 7.978877775783262914e+05
6.713848181375870197e-06 2.092347398068583608e+00 7.960070944668320008e+05
6.710612759810162428e-06 2.085012426184803314e+00 7.941658642055486562e+05
6.706954816579302675e-06 2.077664397976220378e+00 7.923741819007168524e+05
6.705139636633789620e-06 2.070290073925799668e+00 7.906194540382553823e+05
6.700781667070915250e-06 2.062989840166379540e+00 7.889326341333121527e+05
6.696135558513694736e-06 2.055800646531459552e+00 7.873203165528149111e+05
6.700775718446850197e-06 2.048515926446564439e+00 7.856963261550600873e+05
6.700245543534601839e-06 2.041311530615544712e+00 7.841212196287643164e+05
6.698771842679779788e-06 2.034249188320087498e+00 7.826105005899943644e+05
6.708087240275832544e-06 2.027092535350659919e+00 7.810659058549657930e+05
6.709490477947133566e-06 2.020091056594176759e+00 7.795765698228910333e+05
6.709582502423277129e-06 2.013316525744289986e+00 7.781617218909695512e+05
6.721260034924773630e-06 2.006514314080274364e+00 7.767158521290329518e+05
6.722622451525781341e-06 1.999989508425046747e+00 7.753504807963193161e+05
6.722654223137039437e-06 1.993807703055045177e+00 7.740829630816344870e+05
6.735839777652775822e-06 1.987671233546373317e+00 7.727914858099605190e+05
6.736269009515860759e-06 1.981936475034655976e+00 7.716090134423922282e+05
6.735545861717582973e-06 1.976654787924695844e+00 7.705482645634666551e+05
6.748219586831989363e-06 1.971514914611474323e+00 7.694829086144936737e+05
6.746239836757577769e-06 1.966905243031683570e+00 7.685602984196712496e+05
6.743595654979645079e-06 1.962851023011799700e+00 7.677843495679618791e+05
6.754599583819093099e-06 1.959023228411772788e+00 7.670230547164137242e+05
6.750268319284511105e-06 1.955810517116730374e+00 7.664260717669236474e+05
6.745823806888651937e-06 1.953210943320928372e+00 7.659883235147136729e+05
6.753983739827572825e-06 1.950908815231413351e+00 7.655844963218172779e+05
6.745907555414590922e-06 1.949297618810436283e+00 7.653682713498232188e+05
6.738554588640396049e-06 1.948339056333035391e+00 7.653221624135307502e+05
6.742310048073762001e-06 1.947738354854737342e+00 7.653309504839315778e+05
6.730724607705808623e-06 1.947849923844928055e+00 7.655351589840950910e+05
6.720711721350269659e-06 1.948599894462763826e+00 7.659054822158591123e+05
6.719621383231393481e-06 1.949732084255604514e+00 7.663439103168018628e+05
6.704441354865153955e-06 1.951555564229596085e+00 7.669751669139467413e+05
6.691719111979624309e-06 1.953960939387439089e+00 7.677582689722288633e+05
6.686044312139392651e-06 1.956724218201621790e+00 7.686100594038543059e+05
6.668835485630579897e-06 1.960080983635020591e+00 7.696283279742063023e+05
6.654712170730006764e-06 1.963896841136658855e+00 7.707646279684506590e+05
6.645636359779264194e-06 1.967988225503116917e+00 7.719537177832102170e+05
6.628878154393464086e-06 1.972490558056601895e+00 7.732557273806389421e+05
6.615358207621472229e-06 1.977262638171155551e+00 7.746217305827412056e+05
6.604696233979856867e-06 1.982173803710482796e+00 7.760087605537420604e+05
6.596446349847013844e-06 1.987111891734187008e+00 7.773811559862364084e+05
6.590310058157669348e-06 1.991979071326740680e+00 7.787088047845449764e+05
6.585982409895712096e-06 1.996691637508159811e+00 7.799669670169416349e+05
6.583188518161352140e-06 2.001178933774966140e+00 7.811357468275416177e+05
6.581681064756831502e-06 2.005382325216899631e+00 7.821996003689459758e+05
6.581238084682686810e-06 2.009254228829989497e+00 7.831468776663158787e+05
6.581660966746531732e-06 2.012757189391065182e+00 7.839693945359918289e+05
6.582772643980240599e-06 2.015862992939905673e+00 7.846620318131322274e+05
6.584415935292469365e-06 2.018551813321106447e+00 7.852223601012764266e+05
6.586452015595944070e-06 2.020811389452503271e+00 7.856502888767740224e+05
6.588758992469171366e-06 2.022636233006099182e+00 7.859477391950493911e+05
6.591230575004091323e-06 2.024026867004672603e+00 7.861183395192964235e+05
6.593774822367845886e-06 2.024989096895023266e+00 7.861671442802293459e+05
6.596312964162298999e-06 2.025533315877960039e+00 7.861003748181365663e+05
6.598778285920454754e-06 2.025673846415793733e+00 7.859251823152872967e+05
6.601115070934634817e-06 2.025428319765104401e+00 7.856494322865952272e+05
6.603277592916165215e-06 2.024817095131054234e+00 7.852815101051987149e+05
6.611783466070857597e-06 2.023699685250675451e+00 7.847669239411294693e+05
6.617661295313422591e-06 2.022174744161596482e+00 7.841435258139091311e+05
6.622606732996395546e-06 2.020298427427333454e+00 7.834310074591169832e+05
6.642316865058323724e-06 2.017735719938541727e+00 7.824972178363779094e+05
6.655224039401295299e-06 2.014720231057692157e+00 7.814303105299996678e+05
6.665783898944841981e-06 2.011369894932680591e+00 7.802703897405868629e+05
6.694638862550330831e-06 2.007286580272551468e+00 7.788577929827126209e+05
6.711740500126363339e-06 2.002850748177800622e+00 7.773350079156093998e+05
6.725447531755044069e-06 1.998221377701984380e+00 7.757548868258853909e+05
6.760750076227719180e-06 1.992934767809793728e+00 7.739298901422986528e+05
6.778818494136727811e-06 1.987515396643499965e+00 7.720566732773665572e+05
6.792969137958191806e-06 1.982135918119292572e+00 7.701912590918510687e+05
6.831153961225381163e-06 1.976277500472243487e+00 7.681234346454527695e+05
6.846417635007818877e-06 1.970594385176362762e+00 7.660998271938042017e+05
6.857956899122672243e-06 1.965240020386394226e+00 7.641682633208028274e+05
6.895149469615786221e-06 1.959647828540995285e+00 7.621001896079733269e+05
6.904735485419866622e-06 1.954560220748885024e+00 7.601773985583891626e+05
6.911444555919210703e-06 1.950085028906625606e+00 7.584306269378507277e+05
6.945153875109140709e-06 1.945605464014387831e+00 7.566133144447776722e+05
6.947715713526974056e-06 1.941916182507880118e+00 7.550293419311969774e+05
6.948674139497339163e-06 1.939065967536981017e+00 7.536880436940563377e+05
6.977598206918318780e-06 1.936392871088600254e+00 7.523277222242278513e+05
6.973506502593103795e-06 1.934704076498485303e+00 7.512591967060236493e+05
6.969194689731851522e-06 1.933989510940796075e+00 7.504710179794790456e+05
6.992674012086226415e-06 1.933569087037769307e+00 7.496973865749990800e+05
6.982914950398051177e-06 1.934228730483837921e+00 7.492427511082356796e+05
6.974270983563254636e-06 1.935905053675283094e+00 7.490774053050909424e+05
6.992187369194649836e-06 1.937925967878233457e+00 7.489419557803267380e+05
6.977559769314938684e-06 1.941041399383653721e+00 7.491284417214464629e+05
6.965308515304653729e-06 1.945139898810128498e+00 7.495912365080727031e+05
6.977597896069476081e-06 1.949576874122543657e+00 7.500851967231497401e+05
6.958819476334288439e-06 1.955054002758207066e+00 7.508849779354451457e+05
6.943568781318979945e-06 1.961416824503928735e+00 7.519313326466492144e+05
6.950261113985738028e-06 1.968063251093404853e+00 7.529993406752587762e+05
6.928575753499727059e-06 1.975622948438982895e+00 7.543370674048644723e+05
6.911329001037769058e-06 1.983906957480585431e+00 7.558753064030481037e+05
6.912619076371631317e-06 1.992378607656503098e+00 7.574180600638901815e+05
6.889156131905996012e-06 2.001576720548371213e+00 7.591796268360604299e+05
6.870789001690027502e-06 2.011286512961708794e+00 7.610844043253217824e+05
6.867867097781548300e-06 2.021034212322153856e+00 7.629640032367588719e+05
6.844269651269745239e-06 2.031260252955619183e+00 7.649962542636647122e+05
6.826060097527437412e-06 2.041737639264435966e+00 7.671042036769263214e+05
6.820141412068456373e-06 2.052064672388410393e+00 7.691497524779768428e+05
6.797814635022315288e-06 2.062581427085866004e+00 7.712734640506675933e+05
6.780825541897555659e-06 2.073062848243211409e+00 7.734017861298935022e+05
6.772912610613063589e-06 2.083189672561448713e+00 7.754295559642878361e+05
6.753194237896050897e-06 2.093195116803250766e+00 7.774573365915332688e+05
6.738429647978878084e-06 2.102871475288361935e+00 7.794197229057596996e+05
6.730292253086884745e-06 2.111972217541894903e+00 7.812392775569086662e+05
6.714775753552335036e-06 2.120631866704144386e+00 7.829790366011479637e+05
6.703415551391808043e-06 2.128680111850373979e+00 7.845876250481042080e+05
6.695521801790778404e-06 2.135972212348789423e+00 7.860241310882299440e+05
6.690483454733955798e-06 2.142394034507295597e+00 7.872579272812732961e+05
6.687760253256021078e-06 2.147859495565911825e+00 7.882674727680284996e+05
6.686875875908488714e-06 2.152308080452852490e+00 7.890392011243952438e+05
6.687411967918929548e-06 2.155702406576079699e+00 7.895664832159678917e+05
6.689002865588090262e-06 2.158025828559336556e+00 7.898486591036387254e+05
6.691330883643389396e-06 2.159280085933268811e+00 7.898901359294509748e+05
6.694122045275193617e-06 2.159483004766604708e+00 7.896995506653644843e+05
6.697142160371098953e-06 2.158666269052317954e+00 7.892889976495428709e+05
6.700193221161738085e-06 2.156873278412154260e+00 7.886733207872094354e+05
6.703110036357551896e-06 2.154157109958303895e+00 7.878694705199276796e+05
6.705757085896189970e-06 2.150578600037446275e+00 7.868959250464690849e+05
6.708025582665958296e-06 2.146204558809663876e+00 7.857721746066054329e+05
6.709830702613584204e-06 2.141106128524077779e+00 7.845182672367482446e+05
6.711108985373369460e-06 2.135357292399313156e+00 7.831544136228017742e+05
6.711815900322912174e-06 2.129033537626971562e+00 7.817006480954281287e+05
6.711923569895225212e-06 2.122210672982354662e+00 7.801765423764236039e+05
6.711418646468227854e-06 2.114963798614833745e+00 7.786009683219225844e+05
6.710300337015921466e-06 2.107366423183549831e+00 7.769919056893353118e+05
6.708578584105376670e-06 2.099489721002118614e+00 7.753662907041505678e+05
6.706272376026800354e-06 2.091401921167906242e+00 7.737399014206556603e+05
6.704237671937222554e-06 2.083146732346875751e+00 7.721194601059814449e+05
6.700717875025648798e-06 2.074811576343926323e+00 7.705279893877456198e+05
6.696726111838398439e-06 2.066453157181975531e+00 7.689771986738552805e+05
6.695964682696244489e-06 2.058031277186214592e+00 7.674430817865992431e+05
6.690575580149671444e-06 2.049708880358873220e+00 7.659776020097613800e+05
6.684911434107634929e-06 2.041528311433069121e+00 7.645875926037123427e+05
6.683990140776475206e-06 2.033401331120797018e+00 7.632319482734897174e+05
6.677547860359414279e-06 2.025503767031313185e+00 7.619689632237643236e+05
6.671000478925486403e-06 2.017864340011879420e+00 7.608014556712567573e+05
6.669069378064835192e-06 2.010389438296141584e+00 7.596873168252831092e+05
6.661172622554061045e-06 2.003254145449174572e+00 7.586863317838039948e+05
6.653419869820628897e-06 1.996469795003940728e+00 7.577962364852199098e+05
6.649787954511888672e-06 1.989944939648042865e+00 7.569770753341624513e+05
6.641755790764058042e-06 1.983803223920485470e+00 7.562710794468438253e+05
6.633995182293253843e-06 1.978044575944106764e+00 7.556733051548808580e+05
6.627920671213188683e-06 1.972630329191688681e+00 7.551651868040832924e+05
6.620507112693349766e-06 1.967596922552209415e+00 7.547573070292925695e+05
6.613414311610235569e-06 1.962936581814146875e+00 7.544435264375935076e+05
6.606645277271249817e-06 1.958639363013354284e+00 7.542175165061370935e+05
6.600202060682101434e-06 1.954694294305411972e+00 7.540729304330168525e+05
6.594085676306334785e-06 1.951089486155539232e+00 7.540034276035946095e+05
6.588296050689843066e-06 1.947812241188373594e+00 7.540026982824311126e+05
6.582831999917904647e-06 1.944849162531165243e+00 7.540644881303644506e+05
6.577691217649423066e-06 1.942186260448658386e+00 7.541826223517095204e+05
6.572870292584501452e-06 1.939809055949959227e+00 7.543510290801080409e+05
6.568364730866143110e-06 1.937702681508696623e+00 7.545637618935331702e+05
6.564168995781476888e-06 1.935851978123812156e+00 7.548150212077613687e+05
6.560276559996261402e-06 1.934241588346756302e+00 7.550991743694142206e+05
6.556679962761200763e-06 1.932856045210875617e+00 7.554107743502698140e+05
6.553370874915539091e-06 1.931679856752275937e+00 7.557445769168148981e+05
6.550340173449681879e-06 1.930697585743694544e+00 7.560955561417650897e+05
6.547578018097918161e-06 1.929893924659181081e+00 7.564589182127728127e+05
6.545073930950354349e-06 1.929253765719571412e+00 7.568301134837534046e+05
6.542816877948801818e-06 1.928762265932052911e+00 7.572048467351708096e+05
6.540795352454473191e-06 1.928404906971253885e+00 7.575790856145023135e+05
6.538997455866712244e-06 1.928167550084323612e+00 7.579490672894661548e+05
6.537410980196359913e-06 1.928036485743161998e+00 7.583113032970750937e+05
6.536023487535469607e-06 1.927998478220924738e+00 7.586625826395117911e+05
6.534822387449537846e-06 1.928040805078627740e+00 7.589999731683728751e+05
6.533795009964439359e-06 1.928151291797191247e+00 7.593208213319520000e+05
6.532928681141180826e-06 1.928318340965541777e+00 7.596227502914750949e+05
6.532210788016872544e-06 1.928530957063368190e+00 7.599036565689194249e+05
6.531628844614135612e-06 1.928778766148677937e+00 7.601617052523216698e+05
6.531170551748272126e-06 1.929052031004816925e+00 7.603953238835477969e+05
6.530823851658604987e-06 1.929341661928391183e+00 7.606031951368072769e+05
6.530576979076781231e-06 1.929639223153465588e+00 7.607842483842526563e+05
6.530418507612285903e-06 1.929936935174869417e+00 7.609376502632825868e+05
6.530337391394955133e-06 1.930227673172741909e+00 7.610627943607617635e+05
6.530323001958833541e-06 1.930504961755456605e+00 7.611592901308605215e+05
6.530365160391618076e-06 1.930762966270022529e+00 7.612269511637787800e+05
6.530454166149643994e-06 1.930996480824186179e+00 7.612657829088506987e+05
6.530580817035260257e-06 1.931200913643857264e+00 7.612759700075697619e+05
6.530736430768331953e-06 1.931372269439473932e+00 7.612578632861627266e+05
6.530912855795605508e-06 1.931507129691104607e+00 7.612119665808118880e+05
6.531102483138729423e-06 1.931602630589165370e+00 7.611389234434561804e+05
6.531298248968081622e-06 1.931656439358602873e+00 7.610395038788270904e+05
6.531493642835996610e-06 1.931666728569510161e+00 7.609145911096126074e+05
6.531682702535260244e-06 1.931632149457582992e+00 7.607651685565592488e+05
6.531860009993785824e-06 1.931551804076465206e+00 7.605923070624676766e+05
6.532020687885126208e-06 1.931425216422991920e+00 7.603971523964052321e+05
6.538028709364942216e-06 1.931112229414445602e+00 7.601257772315464681e+05
6.541420534298480764e-06 1.930687550734879299e+00 7.598088338121691486e+05
6.544258599985909529e-06 1.930175128717148247e+00 7.594558020468647592e+05
6.558654097728727242e-06 1.929308007242856782e+00 7.589619216608866118e+05
6.566833523810855444e-06 1.928267419421676898e+00 7.583988625834423583e+05
6.573580171883917218e-06 1.927114788956179714e+00 7.577888458072107751e+05
6.594833065675005566e-06 1.925526820469906086e+00 7.570034759029116249e+05
6.606489268774821494e-06 1.923782259239207093e+00 7.561513108961330727e+05
6.615972139229133952e-06 1.921971830310292395e+00 7.552640908725453774e+05
6.642275327128575248e-06 1.919727747424457398e+00 7.541945562654037494e+05
6.654284720891676264e-06 1.917449638307967330e+00 7.530974245215430856e+05
6.663864618347610496e-06 1.915236046875593345e+00 7.520058272475191625e+05
6.692994613696527009e-06 1.912656411392048117e+00 7.507471599370996701e+05
6.704831485490389221e-06 1.910181025679799749e+00 7.495031865935870446e+05
6.714108679769958507e-06 1.907908569131627541e+00 7.483061304063755088e+05
6.744192421397826053e-06 1.905377793639521755e+00 7.469711959954980994e+05
6.753035008688839713e-06 1.903144096563100129e+00 7.457131657336663920e+05
6.759719856802854121e-06 1.901285060585881315e+00 7.445556477355672978e+05
6.786852833871034137e-06 1.899337774546737023e+00 7.433139339159472147e+05
6.790295486218446362e-06 1.897896428869647600e+00 7.422182096783913439e+05
6.792502921286251063e-06 1.896997669729678204e+00 7.412767089700617362e+05
6.814403114740041251e-06 1.896178979513223117e+00 7.403065094674814027e+05
6.810678378748323952e-06 1.896056455436634813e+00 7.395470758996534860e+05
6.807066627538190097e-06 1.896611943201900852e+00 7.389866297276465921e+05
6.820809288777511666e-06 1.897414899983243197e+00 7.384570976102575660e+05
6.809148386571589404e-06 1.899050353785807221e+00 7.381868766175003257e+05
6.799197213211825157e-06 1.901437988353340991e+00 7.381422452002840582e+05
6.804013789082560656e-06 1.904183378564309193e+00 7.381721387095330283e+05
6.785904367074185655e-06 1.907791128473115050e+00 7.384751033569064457e+05
6.770933151840873665e-06 1.912126382964584037e+00 7.389992013095383300e+05
6.769900467700776905e-06 1.916794131637909793e+00 7.395964329829082126e+05
6.748770050289723454e-06 1.922220354162705425e+00 7.404365949147448409e+05
6.731643425963906906e-06 1.928237588126909818e+00 7.414581863312071655e+05
6.726343300192743436e-06 1.934488468889382640e+00 7.425308505544912769e+05
6.705441419760446488e-06 1.941287295833020066e+00 7.437828632718484150e+05
6.688831161297219709e-06 1.948455174531300793e+00 7.451513524838881567e+05
6.683475925386183772e-06 1.955644680852695494e+00 7.465124545242561726e+05
6.666742395088543529e-06 1.963074150252409167e+00 7.479589047894297400e+05
6.653853121936331006e-06 1.970582435753746031e+00 7.494368038129066117e+05
6.650659744084192741e-06 1.977867228748773076e+00 7.508410629066731781e+05
6.637929489522495808e-06 1.985115202645396648e+00 7.522524676989697618e+05
6.628489451840300834e-06 1.992190260447030958e+00 7.536274649687764468e+05
6.628101173353360155e-06 1.998816975401737750e+00 7.548716056123237358e+05
6.620605193561561108e-06 2.005139070168691973e+00 7.560486444771941751e+05
6.615527129983220666e-06 2.011060208100375668e+00 7.571296982927564532e+05
6.618911139595276250e-06 2.016337552649678955e+00 7.580316919913665624e+05
6.615280572704547862e-06 2.021134138717695983e+00 7.588236906887250952e+05
6.613292599848998705e-06 2.025392718444082085e+00 7.594897160078564193e+05
6.620674857132169057e-06 2.028865986523924470e+00 7.599431020915582776e+05
6.621347719365443490e-06 2.031732368062268979e+00 7.602560295256561367e+05
6.622727376840818606e-06 2.033980941992430402e+00 7.604271650714034913e+05
6.634607396180908569e-06 2.035357172556008454e+00 7.603643472901972709e+05
6.638909842109027537e-06 2.036085556325512691e+00 7.601536805976643227e+05
6.643016619405696602e-06 2.036199868108157673e+00 7.598071367029158864e+05
6.660587818350158213e-06 2.035391243815876106e+00 7.592090974499192089e+05
6.669127860242990958e-06 2.033945350434075205e+00 7.584651152473062975e+05
6.676416133812357231e-06 2.031944831619616920e+00 7.576016886009157170e+05
6.699719078317924875e-06 2.029037822978354999e+00 7.564837899155021878e+05
6.711078531324433256e-06 2.025603725067145255e+00 7.552486363117430592e+05
6.720319596844394642e-06 2.021762260424662561e+00 7.539330854447723832e+05
6.747401506465592133e-06 2.017130932840072166e+00 7.523877950258644996e+05
6.759588730856172465e-06 2.012171784971883426e+00 7.507783607920974027e+05
6.769134955425066518e-06 2.007021883958565400e+00 7.491456824243870797e+05
6.798997898338179002e-06 2.001244178495873882e+00 7.473181611342454562e+05
6.809454791107858417e-06 1.995410110408652571e+00 7.455010959610242862e+05
6.817240630714267236e-06 1.989650221685450582e+00 7.437316525331998710e+05
6.847629763767814992e-06 1.983468257652317934e+00 7.418154637595709646e+05
6.854863632442322729e-06 1.977512687335267305e+00 7.399869317026721546e+05
6.859767865311500343e-06 1.971890150286006227e+00 7.382742950915144756e+05
6.888273705514528032e-06 1.966070169285200064e+00 7.364708071314385161e+05
6.891294682847689787e-06 1.960733855459727559e+00 7.348244765886813402e+05
6.892643711563270702e-06 1.955951398608655190e+00 7.333509918745709583e+05
6.918325612633855562e-06 1.951160575945517728e+00 7.318329743109798292e+05
6.916140413447111111e-06 1.947073122119659772e+00 7.305319563525848789e+05
6.913250554470479732e-06 1.943713386637456741e+00 7.294481046466040425e+05
6.933312527015379986e-06 1.940533542237979692e+00 7.283713536011400865e+05
6.924338524722330550e-06 1.938243200359748952e+00 7.275647669662493281e+05
6.916029662784145584e-06 1.936808427413420741e+00 7.270089371449872851e+05
6.927402960702203538e-06 1.935735283573911669e+00 7.265165710027003661e+05
6.910800047323675676e-06 1.935677268764539383e+00 7.263321345969120739e+05
6.896489717709357722e-06 1.936535252191956102e+00 7.264146832078261068e+05
6.897167039277592369e-06 1.937900640215129755e+00 7.266119862603101647e+05
6.871868004433164804e-06 1.940350905142054661e+00 7.271424619334014133e+05
6.850737256979640983e-06 1.943714787108013820e+00 7.279415771641283063e+05
6.840160063157102414e-06 1.947662135834243857e+00 7.288900497496889438e+05
6.808082251183370960e-06 1.952640304765085100e+00 7.301602574413578259e+05
6.781744066904323910e-06 1.958417230922333774e+00 7.316689395340294577e+05
6.762409451392206241e-06 1.964727001037632315e+00 7.333245626029209234e+05
6.727844805503219724e-06 1.971851713022135355e+00 7.352405831929895794e+05
6.699841787942225755e-06 1.979525373297781776e+00 7.373252982596262591e+05
6.677486795442929279e-06 1.987505315696814767e+00 7.394992840486551868e+05
6.653070838820123742e-06 1.995750280078273597e+00 7.417583520204481902e+05
6.633878222525678081e-06 2.004040136668063798e+00 7.440316857961849310e+05
6.619165010252248108e-06 2.012181493666315824e+00 7.462595934640859487e+05
6.608267972134318437e-06 2.020009880626492116e+00 7.483929817951412406e+05
6.600595687996052389e-06 2.027387457733393905e+00 7.503922738560537109e+05
6.595621062457436295e-06 2.034200931501299880e+00 7.522264261478330009e+05
6.592874963565027659e-06 2.040359607976176992e+00 7.538720235244837822e+05
6.591940751251373607e-06 2.045793536654003208e+00 7.553124372151596472e+05
6.600660367153102986e-06 2.050244606171599315e+00 7.564606211957724299e+05
6.609189047264417370e-06 2.053729860066500823e+00 7.573301703974520788e+05
6.617456027177147205e-06 2.056279614937948086e+00 7.579368858655344229e+05
6.651849942931562281e-06 2.057263141646418880e+00 7.580517150481372373e+05
6.680052864593372743e-06 2.056931033420072552e+00 7.577695252656185767e+05
6.704201413923211758e-06 2.055488631145240941e+00 7.571624563698385609e+05
6.762437240230051849e-06 2.052179759331989484e+00 7.559475209525424289e+05
6.804478442112518342e-06 2.047588963233161863e+00 7.543349620860286523e+05
6.839190591203428467e-06 2.042064160315543386e+00 7.524404761602851795e+05
6.914141520357189830e-06 2.034759225264228810e+00 7.499405103665377246e+05
6.960095452594820933e-06 2.026619234159508398e+00 7.471718976985645713e+05
6.996922815036676682e-06 2.018051627557656769e+00 7.442657227646836545e+05
7.076156048792242542e-06 2.008184781504955829e+00 7.408847070089702029e+05
7.113920345680112597e-06 1.998243941757732678e+00 7.374665679502587300e+05
7.143070441118015495e-06 1.988584041534201097e+00 7.341209756780311000e+05
7.215579756637187990e-06 1.978292641019270270e+00 7.304956463267676299e+05
7.236347729388862123e-06 1.968762550021491586e+00 7.270918207524827449e+05
7.251096818114280856e-06 1.960214003505912794e+00 7.239711503046709113e+05
7.308357496275319761e-06 1.951706177701635125e+00 7.207742199326243717e+05
7.307822821437917969e-06 1.944673910697487074e+00 7.180216070365103660e+05
7.305227979240636888e-06 1.939166324429917321e+00 7.157155422556205885e+05
7.341308407872700609e-06 1.934271270904655449e+00 7.135121937534345780e+05
7.320053612705290756e-06 1.931321285441908397e+00 7.118982942870869301e+05
7.301051127833994277e-06 1.930200171161982281e+00 7.108198102277256548e+05
7.313934997912422384e-06 1.930094663088373297e+00 7.099748977429046063e+05
7.273614503785862666e-06 1.932176109789884633e+00 7.097939393333441112e+05
7.239793158191045396e-06 1.936178404045998169e+00 7.101730168524420587e+05
7.231124006295309721e-06 1.941391947224706760e+00 7.108544501197427744e+05
7.176643194431405545e-06 1.948779575675101183e+00 7.121948005503390450e+05
7.132048086972186950e-06 1.957957475692509552e+00 7.140532811030346202e+05
7.106681759248926548e-06 1.968312594467952925e+00 7.162142684233296895e+05
7.046134017050236059e-06 1.980543516559856387e+00 7.189411065876366338e+05
6.997312521114203660e-06 1.994195140189563453e+00 7.220747281742399791e+05
6.962523218776906228e-06 2.008750061658334474e+00 7.254416139384151902e+05
6.905179098354508448e-06 2.024602169267696539e+00 7.291989247492590221e+05
6.859638346814037112e-06 2.041278340076258413e+00 7.331897598919317825e+05
6.825064259990469654e-06 2.058324705012869682e+00 7.372707595171722351e+05
6.778807843568835114e-06 2.075875869303296373e+00 7.415106509447855642e+05
6.742919489226413737e-06 2.093495940510866848e+00 7.457736379649727605e+05
6.715832934556839003e-06 2.110794759411864341e+00 7.499446326498379931e+05
6.695285935870223431e-06 2.127460180929077627e+00 7.539370367845772998e+05
6.681073327587711893e-06 2.143203661915159319e+00 7.576726766125963768e+05
6.672138817259301904e-06 2.157783968667587704e+00 7.610897846531880787e+05
6.667548097040792674e-06 2.171005022229236747e+00 7.641415000859424472e+05
6.666475126650956061e-06 2.182713198329037319e+00 7.667943802141529741e+05
6.668190780999778366e-06 2.192794568524144783e+00 7.690269785540128360e+05
6.672053314759972237e-06 2.201172022425518016e+00 7.708284747694284888e+05
6.677500194461602126e-06 2.207802251478175659e+00 7.721973518193010241e+05
6.684040995770470942e-06 2.212672602805271449e+00 7.731401219572718255e+05
6.691251087884912173e-06 2.215797834066441041e+00 7.736701075069807703e+05
6.698765938104383290e-06 2.217216812366437750e+00 7.738062840077064466e+05
6.706275886462887036e-06 2.216989208245265797e+00 7.735721938799920026e+05
6.713521295776606424e-06 2.215192237469413072e+00 7.729949380142769078e+05
6.720288004408306255e-06 2.211917501649196982e+00 7.721042513237091480e+05
6.726403043194220221e-06 2.207267973446084497e+00 7.709316663972786628e+05
6.731730586127075327e-06 2.201355165454126794e+00 7.695097674193396233e+05
6.736168109915224416e-06 2.194296514153064592e+00 7.678715346196048195e+05
6.739642758263319796e-06 2.186213001507405274e+00 7.660497776222494431e+05
6.742107907737804016e-06 2.177227028457406011e+00 7.640766544612816069e+05
6.743539935252650892e-06 2.167460546684296219e+00 7.619832717084358446e+05
6.743935188632671868e-06 2.157033448000932552e+00 7.597993601442398503e+05
6.743307158427972936e-06 2.146062204844153776e+00 7.575530197231696220e+05
6.741683862977338254e-06 2.134658749945387957e+00 7.552705270401715534e+05
6.739105430870880304e-06 2.122929580277786332e+00 7.529761984913200140e+05
6.735621894278116016e-06 2.110975066844757997e+00 7.506923021908686496e+05
6.731291174120146325e-06 2.098888950981984358e+00 7.484390120789312059e+05
6.726177267071025288e-06 2.086758006189047610e+00 7.462343978355008876e+05
6.720348615701499677e-06 2.074661845060330911e+00 7.440944447834470775e+05
6.713876654750995944e-06 2.062672851146698072e+00 7.420330984445426147e+05
6.706834534946583895e-06 2.050856216137193933e+00 7.400623288482171483e+05
6.699295999639158310e-06 2.039270064695276385e+00 7.381922103886858094e+05
6.691334415190825305e-06 2.027965650180225676e+00 7.364310134459162364e+05
6.685027714307893829e-06 2.016938164132467293e+00 7.347672928113862872e+05
6.676119423551908206e-06 2.006287983030137667e+00 7.332285421014655149e+05
6.667037036929497492e-06 1.996046914268663430e+00 7.318177473634735215e+05
6.665510769907487765e-06 1.986053332788938475e+00 7.304678058848450892e+05
6.659324805171866383e-06 1.976457503119103620e+00 7.292265767941544764e+05
6.652653748663599698e-06 1.967298309559806668e+00 7.281005972003666684e+05
6.656444369191711329e-06 1.958344409692094779e+00 7.269974504533306463e+05
6.653447448599905862e-06 1.949799433640091451e+00 7.259863639975512633e+05
6.649543138077041907e-06 1.941712936776335940e+00 7.250786134839245351e+05
6.659331130160758361e-06 1.933778694091444539e+00 7.241539182586187962e+05
6.659677175793951779e-06 1.926266256597736648e+00 7.233077620885813376e+05
6.658657591275169121e-06 1.919236882734651317e+00 7.225564115609842120e+05
6.674682254572804357e-06 1.912308417114434667e+00 7.217508274966662284e+05
6.678681508017345908e-06 1.905813359564392684e+00 7.210118989869266516e+05
6.680791969739462766e-06 1.899826427391806849e+00 7.203614808393799467e+05
6.703280668308990435e-06 1.893892039505756353e+00 7.196223176705501974e+05
6.710057891656083093e-06 1.888429905322509983e+00 7.189501020437936531e+05
6.714546383340719060e-06 1.883522879161406260e+00 7.183702230930904625e+05
6.741773401360232048e-06 1.878663045767551942e+00 7.176852352773495950e+05
6.748998256727001301e-06 1.874364695818197424e+00 7.170888245902565541e+05
6.753924649700460447e-06 1.870703475894921919e+00 7.166042920533906436e+05
6.782571430088331128e-06 1.867144945586988403e+00 7.160243460757109569e+05
6.787376393345732417e-06 1.864278172954838331e+00 7.155734545586502645e+05
6.790404699850557904e-06 1.862152121102953028e+00 7.152657548585977638e+05
6.816473104246753120e-06 1.860236101162579203e+00 7.148964388338113204e+05
6.815580623642184095e-06 1.859169038673526897e+00 7.147113075498755788e+05
6.814079464152312355e-06 1.858951359559696037e+00 7.147073728807254229e+05
6.833258614274200956e-06 1.859085806997053059e+00 7.146945526669458486e+05
6.824254583866285299e-06 1.860212283310147541e+00 7.149211182579882443e+05
6.816334448991436699e-06 1.862266222851568287e+00 7.153612014323566109e+05
6.826470291982713760e-06 1.864784450179799880e+00 7.158404431862072088e+05
6.809333818840980719e-06 1.868360623405189713e+00 7.165913262984779431e+05
6.795069160488371565e-06 1.872864048779728785e+00 7.175652401422187686e+05
6.796747288026089554e-06 1.877854718160621106e+00 7.185998752564587630e+05
6.774087844078698280e-06 1.883840752078237202e+00 7.198968363878350938e+05
6.755681334999840883e-06 1.890640628177609361e+00 7.213911769653047668e+05
6.751502524056176830e-06 1.897834637673466718e+00 7.229317792588962475e+05
6.727694944474093083e-06 1.905813151316000820e+00 7.246771415503835306e+05
6.708758443309464505e-06 1.914370700902192191e+00 7.265565838868138380e+05
6.702005132236702445e-06 1.923125886627385928e+00 7.284368362204249715e+05
6.680452253474950162e-06 1.932356217139920229e+00 7.304350742058540927e+05
6.663733460463086543e-06 1.941856466127374503e+00 7.324838157543082489e+05
6.657178496683965026e-06 1.951293165943890351e+00 7.344705655812660698e+05
6.639674884251731506e-06 1.960860251976927593e+00 7.364818814514401602e+05
6.626543252875762381e-06 1.970370816729562158e+00 7.384593587446262827e+05
6.621859843233526339e-06 1.979540934050401768e+00 7.403106575300121913e+05
6.608928637645461935e-06 1.988513659595173122e+00 7.421032091478970833e+05
6.599675932227081950e-06 1.997132982318601480e+00 7.437909549184313510e+05
6.597254727305495263e-06 2.005169422848404714e+00 7.453019704446963733e+05
6.589228981287697644e-06 2.012719739137212471e+00 7.466851905786135467e+05
6.583973579602184481e-06 2.019670594017683563e+00 7.479097244125058642e+05
6.584648007680450154e-06 2.025835843304431894e+00 7.489182497144392692e+05
6.582973795112099126e-06 2.031254535460364608e+00 7.497358997091742931e+05
6.582847953392318226e-06 2.035872395442034577e+00 7.503513963871331653e+05
6.586141174215617315e-06 2.039595173030040787e+00 7.507381742260946194e+05
6.587783024857009398e-06 2.042469772841949194e+00 7.509204278486942640e+05
6.590108601163650136e-06 2.044488530710629526e+00 7.509004745976334671e+05
6.595963544213160006e-06 2.045577899753705076e+00 7.506555109990632627e+05
6.598512490566884215e-06 2.045849888972385511e+00 7.502295786156121176e+05
6.601198500904839202e-06 2.045329592284109932e+00 7.496329225690487074e+05
6.609834935340610586e-06 2.043898641890819601e+00 7.488225465370385209e+05
6.613298424372477722e-06 2.041736064880936397e+00 7.478633481080479687e+05
6.616349044464236844e-06 2.038896976849999376e+00 7.467726536173925269e+05
6.626600426140303241e-06 2.035245027263478335e+00 7.454974130392110674e+05
6.630480254847265067e-06 2.031002357973138217e+00 7.441150769161179196e+05
6.633490643402905766e-06 2.026245562446272075e+00 7.426476918390803039e+05
6.644924652432617592e-06 2.020816320122369003e+00 7.410313759001042927e+05
6.648439877224081162e-06 2.014981782185468973e+00 7.393577587542815600e+05
6.650797957773718882e-06 2.008828879014973534e+00 7.376504621982772369e+05
6.662052735663128003e-06 2.002190193807102947e+00 7.358404083284580847e+05
6.664098379684983276e-06 1.995362216739124284e+00 7.340288242013970157e+05
6.664951666936789995e-06 1.988428035090617163e+00 7.322368989357857499e+05
6.675390401865202525e-06 1.981199606985175388e+00 7.303871596153840655e+05
6.675515601884672577e-06 1.973991469316534131e+00 7.285874938899915433e+05
6.674578924779643645e-06 1.966874081958722931e+00 7.268544238970851293e+05
6.682816956838700563e-06 1.959661679531497391e+00 7.251113671530367574e+05
6.679390732331742782e-06 1.952686067124706826e+00 7.234735558065028163e+05
6.675399578228481655e-06 1.945989749904008859e+00 7.219481015978845535e+05
6.680028995845284495e-06 1.939386603508957529e+00 7.204592600330493879e+05
6.672876781805381416e-06 1.933191020173939290e+00 7.191176444844818907e+05
6.665797174909308403e-06 1.927412749689493721e+00 7.179198493441487662e+05
6.666026766727346454e-06 1.921882094684479680e+00 7.167977216860533226e+05
6.654586020279627912e-06 1.916889660958215114e+00 7.158552510006920202e+05
6.644041646402272805e-06 1.912407191466301226e+00 7.150769023298328975e+05
6.639832544163524623e-06 1.908272184815326789e+00 7.143990839751935564e+05
6.625388254030136667e-06 1.904722181213173826e+00 7.139083796097841114e+05
6.612531301606054344e-06 1.901698203408275445e+00 7.135799029476688011e+05
6.605111486199020589e-06 1.899047085467880480e+00 7.133553750151629793e+05
6.589200718813474996e-06 1.896951809098854191e+00 7.133031049540614476e+05
6.575353278490110098e-06 1.895332963230496937e+00 7.133924613297148608e+05
6.565604161484130610e-06 1.894061599426352993e+00 7.135758552677563857e+05
6.552946727559767828e-06 1.893181048408483447e+00 7.138707879012095509e+05
6.542052932703652664e-06 1.892620930071593266e+00 7.142516908102612942e+05
6.532722758359875408e-06 1.892316573733659579e+00 7.146959435660417657e+05
6.524774803177512647e-06 1.892211090390346406e+00 7.151839458146204706e+05
6.518044645693577001e-06 1.892254651148842060e+00 7.156988155557552818e+05
6.512383376423271202e-06 1.892403836924071214e+00 7.162261168179812375e+05
6.507656293790500407e-06 1.892621048285314744e+00 7.167536125282827998e+05
6.503741719862449283e-06 1.892873966957286935e+00 7.172710393824162893e+05
6.500529928179030571e-06 1.893135062000129043e+00 7.177699020689827157e+05
6.497922169295928246e-06 1.893381135057691900e+00 7.182432846992382547e+05
6.495829773374187846e-06 1.893592900330739681e+00 7.186856777691547759e+05
6.494173335657888748e-06 1.893754595531893070e+00 7.190928191442315001e+05
6.492881954926247142e-06 1.893853621131334375e+00 7.194615479967567371e+05
6.491892540164163550e-06 1.893880205402401762e+00 7.197896706070130458e+05
6.491149160268815240e-06 1.893827093489329982e+00 7.200758372611192754e+05
6.490602443037246395e-06 1.893689258905088213e+00 7.203194294830400031e+05
6.490209016252335156e-06 1.893463636119954385e+00 7.205204569476902252e+05
6.489930982529151066e-06 1.893148873208197580e+00 7.206794635274223983e+05
6.489735431450972391e-06 1.892745103504185566e+00 7.207974419076318154e+05
6.489593990249569887e-06 1.892253735201322007e+00 7.208757562092038570e+05
6.489482396934565718e-06 1.891677258241103665e+00 7.209160722104234155e+05
6.489380120510640546e-06 1.891019067230581552e+00 7.209202945383160841e+05
6.489269976832836038e-06 1.890283300418236667e+00 7.208905106724940706e+05
6.489137815803361523e-06 1.889474692766021091e+00 7.208289409065606305e+05
6.488972187981379204e-06 1.888598443591999354e+00 7.207378942669017706e+05
6.488764072320441601e-06 1.887660096985673608e+00 7.206197296262930613e+05
6.488506582460538755e-06 1.886665435434358384e+00 7.204768220171625726e+05
6.488194742554789397e-06 1.885620384576224051e+00 7.203115333071167115e+05
6.487825235157313620e-06 1.884530929671154542e+00 7.201261873118031071e+05
6.487396192753248275e-06 1.883403042308338327e+00 7.199230487479168223e+05
6.486906993197095198e-06 1.882242617021645081e+00 7.197043058105929522e+05
6.486358081381780767e-06 1.881055416828647742e+00 7.194720559560147813e+05
6.485750806685817455e-06 1.879847027024773798e+00 7.192282945797587745e+05
6.485087270216725821e-06 1.878622816685250330e+00 7.189749063431334216e+05
6.484370202192718022e-06 1.877387906822067132e+00 7.187136587237583008e+05
6.483602835000757535e-06 1.876147145053125298e+00 7.184461976970735705e+05
6.482788805414222772e-06 1.874905085744050792e+00 7.181740451514612650e+05
6.481932055585751723e-06 1.873665975425206742e+00 7.178985979349878617e+05
6.481036739223657191e-06 1.872433743066006517e+00 7.176211283725980902e+05
6.480107138618611312e-06 1.871211994655884725e+00 7.173427860467231367e+05
6.479147591921680997e-06 1.870004011580614467e+00 7.170646006496371701e+05
6.478162447794102617e-06 1.868812751873340838e+00 7.167874855730577838e+05
6.477155978398522842e-06 1.867640855210699113e+00 7.165122425405982649e+05
6.476132378445109096e-06 1.866490649169282978e+00 7.162395664150642697e+05
6.475095703767586586e-06 1.865364158261672012e+00 7.159700506951775169e+05
6.474049866958413144e-06 1.864263114016147638e+00 7.157041931170452153e+05
6.472998614508829587e-06 1.863188966539590430e+00 7.154424014994007302e+05
6.471945497428245463e-06 1.862142897536561259e+00 7.151849998495228356e+05
6.470893838638189399e-06 1.861125834686008673e+00 7.149322347136558965e+05
6.469846743997133246e-06 1.860138466146736169e+00 7.146842813389858929e+05
6.468807071850142971e-06 1.859181256154474049e+00 7.144412500050325179e+05
6.467777436146091194e-06 1.858254460725477397e+00 7.142031921882457100e+05
6.466760205884824197e-06 1.857358143493952340e+00 7.139701065774845192e+05
6.465757506923518972e-06 1.856492191542417070e+00 7.137419449057959719e+05
6.464771229517696429e-06 1.855656331020572258e+00 7.135186175364787923e+05
6.463803032214425376e-06 1.854850142573430283e+00 7.132999988293863134e+05
6.462854347532088394e-06 1.854073076476483672e+00 7.130859322650297545e+05
6.461926389162435328e-06 1.853324467385612628e+00 7.128762353077682201e+05
6.461020157788420612e-06 1.852603548678969814e+00 7.126707040175365983e+05
6.460136449699373683e-06 1.851909466289564099e+00 7.124691173831624910e+05
6.459275867908024352e-06 1.851241291937045785e+00 7.122712413548030891e+05
6.458438838642044549e-06 1.850598035626594307e+00 7.120768325303469319e+05
6.457625624494323773e-06 1.849978657442987728e+00 7.118856415313441539e+05
6.456836336899620402e-06 1.849382078652015426e+00 7.116974160818777746e+05
6.456070950893022368e-06 1.848807192087663420e+00 7.115119037761302898e+05
6.455329314922815378e-06 1.848252871843800937e+00 7.113288545838893624e+05
6.454611162015438491e-06 1.847717982287610639e+00 7.111480230911849067e+05
6.453916120848387543e-06 1.847201386378137355e+00 7.109691704828724032e+05
6.453243726652995391e-06 1.846701953294295206e+00 7.107920662760677515e+05
6.452593434055755481e-06 1.846218565317390370e+00 7.106164897954851622e+05
6.451964620367198314e-06 1.845750124267066639e+00 7.104422314824196510e+05
6.451356603266377454e-06 1.845295556981320084e+00 7.102690939154084772e+05
6.450768630779896327e-06 1.844853820768174169e+00 7.100968927953587845e+05
6.450199890252951050e-06 1.844423908046215477e+00 7.099254577230626019e+05
6.449649529882191205e-06 1.844004849992454176e+00 7.097546326764530968e+05
6.449116653599208857e-06 1.843595720044773012e+00 7.095842764315033564e+05
6.448600340962024806e-06 1.843195636411503191e+00 7.094142627147439634e+05
6.448099657778909544e-06 1.842803764040851000e+00 7.092444801831871737e+05
6.447613669297157194e-06 1.842419315962711801e+00 7.090748322204014985e+05
6.447141448002812226e-06 1.842041554192447528e+00 7.089052366049871780e+05
6.446682072765172949e-06 1.841669790400191520e+00 7.087356251338282600e+05
6.446234653349471001e-06 1.841303385661577030e+00 7.085659429877600633e+05
6.445798317173760244e-06 1.840941750407837363e+00 7.083961481810075929e+05
6.445372223576631106e-06 1.840584343706773929e+00 7.082262108587221010e+05
6.444955573892402371e-06 1.840230672137728396e+00 7.080561124844081933e+05
6.444547610150524107e-06 1.839880288545900244e+00 7.078858450299513061e+05
6.444147614027554813e-06 1.839532790640030280e+00 7.077154101728711976e+05
6.443754906437063642e-06 1.839187819439997096e+00 7.075448184908144176e+05
6.443368845434762071e-06 1.838845057617800816e+00 7.073740886831567623e+05
6.442988827719238755e-06 1.838504227668488866e+00 7.072032467892530840e+05
6.442614288093989424e-06 1.838165090011383285e+00 7.070323254143251106e+05
6.442244701508730709e-06 1.837827440947281010e+00 7.068613629523123382e+05
6.441879582151859398e-06 1.837491110586695786e+00 7.066904028272461146e+05
6.441518473607042743e-06 1.837155960965575430e+00 7.065194928274680860e+05
6.441160961242069734e-06 1.836821883736044825e+00 7.063486843575618695e+05
6.440806661001445613e-06 1.836488798177755566e+00 7.061780317961935652e+05
6.440455230087455321e-06 1.836156648857428131e+00 7.060075917855098378e+05
6.440106367764369610e-06 1.835825403318472215e+00 7.058374225348897744e+05
6.439759805441441744e-06 1.835495050031070940e+00 7.056675832343795337e+05
6.439415307652157205e-06 1.835165596279757727e+00 7.054981334832360735e+05
6.439072673093094190e-06 1.834837066045914566e+00 7.053291327333766967e+05
6.438731727470959076e-06 1.834509498095846958e+00 7.051606398200549884e+05
6.438392330641197984e-06 1.834182943899022256e+00 7.049927124539056094e+05
6.438054371506125058e-06 1.833857465737486647e+00 7.048254067853982560e+05
6.437717772911855415e-06 1.833533134734395276e+00 7.046587769532197854e+05
6.437382482302492578e-06 1.833210029177425149e+00 7.044928747445568442e+05
6.437048465671723699e-06 1.832888233027905933e+00 7.043277493325495161e+05
6.436715697113553459e-06 1.832567834718776822e+00 7.041634471243215958e+05
6.436384144784616768e-06 1.832248926300229952e+00 7.040000117425819626e+05
6.436053803668560049e-06 1.831931601790937725e+00 7.038374837237588363e+05
6.435724678597419123e-06 1.831615956049286398e+00 7.036759003916830989e+05
6.435396778775180201e-06 1.831302083807469616e+00 7.035152957944499794e+05
6.435070117978457241e-06 1.830990078736115967e+00 7.033557006505773170e+05
6.434744705924613808e-06 1.830680032758809084e+00 7.031971423817737959e+05
6.434420560099490592e-06 1.830372035098996042e+00 7.030396450479421765e+05
6.434097714097016522e-06 1.830066171210342540e+00 7.028832292245447170e+05
6.433776214635199782e-06 1.829762521874828574e+00 7.027279119276392739e+05
6.433456114943928590e-06 1.829461162542140862e+00 7.025737066156920046e+05
6.433137477404623164e-06 1.829162162666209124e+00 7.024206231816685759e+05
6.432820371165944709e-06 1.828865585171756347e+00 7.022686679809549823e+05
6.432504870027402276e-06 1.828571486036151716e+00 7.021178438907818636e+05
6.432191061161512757e-06 1.828279913733330320e+00 7.019681503041519318e+05
6.431879048216221684e-06 1.827990908691893290e+00 7.018195831134304171e+05
6.431568917255971002e-06 1.827704503599498542e+00 7.016721350126105826e+05
6.431260757403448144e-06 1.827420723273027514e+00 7.015257956138155423e+05
6.430954647336523907e-06 1.827139584873926470e+00 7.013805516885288525e+05
6.430650659627755556e-06 1.826861098069361367e+00 7.012363873688062886e+05
6.430348868313978069e-06 1.826585265055801433e+00 7.010932842810640577e+05
6.430049331069145594e-06 1.826312081022531730e+00 7.009512218406816246e+05
6.429752082967660043e-06 1.826041534784217157e+00 7.008101775920887012e+05
6.429457152281474575e-06 1.825773609046218215e+00 7.006701273942317348e+05
6.429164553490203223e-06 1.825508280828012087e+00 7.005310456626678351e+05
6.428874290436840400e-06 1.825245521822224770e+00 7.003929055757038295e+05
6.428586369105127541e-06 1.824985298466863526e+00 7.002556791623076424e+05
6.428300799016107996e-06 1.824727572016960453e+00 7.001193373811015626e+05
6.428017567368792215e-06 1.824472299241503892e+00 6.999838504305136157e+05
6.427736671135683698e-06 1.824219432390332463e+00 6.998491877631475218e+05
6.427458091432913875e-06 1.823968919761849161e+00 6.997153183309942251e+05
6.427181819112090694e-06 1.823720705716182833e+00 6.995822105963067152e+05
6.426907845841264455e-06 1.823474730905592311e+00 6.994498326248833910e+05
6.426636163568038517e-06 1.823230932546441307e+00 6.993181521843997762e+05
6.426366758742741921e-06 1.822989244816479060e+00 6.991871368928487645e+05
6.426099614234253585e-06 1.822749599227193595e+00 6.990567543454823317e+05
6.425834709247163338e-06 1.822511924990626309e+00 6.989269722378971055e+05
6.425572021346471188e-06 1.822276149374367549e+00 6.987977584639319684e+05
6.425311520922593781e-06 1.822042198071028407e+00 6.986690812625201652e+05
6.425053175155805550e-06 1.821809995637043045e+00 6.985409093193766894e+05
6.424796945604140447e-06 1.821579465803152553e+00 6.984132118875407614e+05
6.424542789568451607e-06 1.821350531887408586e+00 6.982859588893697364e+05
6.424290659632156515e-06 1.821123117174411998e+00 6.981591210131074768e+05
6.424040503624429190e-06 1.820897145259585237e+00 6.980326698027201928e+05
6.423792265397787440e-06 1.820672540357318070e+00 6.979065777352796867e+05
6.423545885517897860e-06 1.820449227597865871e+00 6.977808182859434746e+05
6.423301302014379062e-06 1.820227133295668320e+00 6.976553659800459864e+05
6.423058451396924420e-06 1.820006185192442505e+00 6.975301964294528589e+05
6.422817270782944648e-06 1.819786312609726897e+00 6.974052863470324082e+05
6.422577698568112115e-06 1.819567446593446602e+00 6.972806135527554434e+05
6.422339673852784016e-06 1.819349520077841342e+00 6.971561569814825198e+05
6.422103135002906102e-06 1.819132468077277354e+00 6.970318966986042215e+05
6.421868019106709646e-06 1.818916227870174041e+00 6.969078139148172922e+05
6.421634263222973744e-06 1.818700739129041732e+00 6.967838909848639742e+05
6.421401798176123566e-06 1.818485944167746116e+00 6.966601114548592595e+05
6.421170547966735244e-06 1.818271788171702541e+00 6.965364601058081025e+05
6.420940435220829158e-06 1.818058219258194885e+00 6.964129229428347899e+05
6.420711383043715047e-06 1.817845188473884654e+00 6.962894871655222960e+05
6.420483318838723160e-06 1.817632649696786062e+00 6.961661411047411384e+05
6.420256171246967391e-06 1.817420559619808529e+00 6.960428741864432814e+05
6.420029874115936889e-06 1.817208877634327813e+00 6.959196768612799933e+05
6.419804370154176411e-06 1.816997565637336276e+00 6.957965405058498727e+05
6.419579609242905710e-06 1.816786587903799211e+00 6.956734573422342073e+05
6.419355545271108032e-06 1.816575911041017344e+00 6.955504203857120592e+05
6.419132138723364855e-06 1.816365503862972686e+00 6.954274233705590013e+05
6.418909353020452470e-06 1.816155337355934041e+00 6.953044607087563490e+05
6.418687145674128441e-06 1.815945384837994059e+00 6.951815275209106039e+05
6.418465479678252599e-06 1.815735621768145291e+00 6.950586195656989003e+05
6.418244311434589874e-06 1.815526025884754979e+00 6.949357332722401479e+05
6.418023590121160042e-06 1.815316577284766808e+00 6.948128657717879396e+05
6.417803271554242770e-06 1.815107258124128764e+00 6.946900148108860012e+05
6.417583305371440970e-06 1.814898052723757260e+00 6.945671787745521870e+05
6.417363640616745006e-06 1.814688947464266455e+00 6.944443566595391603e+05
6.417144232505107221e-06 1.814479930540201291e+00 6.943215479916863842e+05
6.416925049499541117e-06 1.814270991592417559e+00 6.941987526895262999e+05
6.416706076227955548e-06 1.814062121325051180e+00 6.940759709138749167e+05
6.416487324975970492e-06 1.813853310966084154e+00 6.939532028280495433e+05
6.416268817129937128e-06 1.813644552137783972e+00 6.938304485354853095e+05
6.416050592272522468e-06 1.813435836613968899e+00 6.937077079412483145e+05
6.415832698420087974e-06 1.813227156270886598e+00 6.935849807049037190e+05
6.415615180124702352e-06 1.813018503300976692e+00 6.934622662966593634e+05
6.415398064891135609e-06 1.812809870683104174e+00 6.933395641630002065e+05
6.415181350481843489e-06 1.812601252855479572e+00 6.932168739850317361e+05
6.414965000666083499e-06 1.812392646371335347e+00 6.930941959503252292e+05
6.414748960218115547e-06 1.812184050097218391e+00 6.929715308755494189e+05
6.414533154803408996e-06 1.811975465391411300e+00 6.928488803175989306e+05
6.414317493495526528e-06 1.811766896200086574e+00 6.927262466518916190e+05
6.414101899767001392e-06 1.811558348409739505e+00 6.926036328801471973e+05
6.413886275052304274e-06 1.811349830189288745e+00 6.924810427559165983e+05
6.413670572124962428e-06 1.811141350474166467e+00 6.923584802773223491e+05
6.413454728281005488e-06 1.810932919365952687e+00 6.922359497810236644e+05
6.413238713019555446e-06 1.810724547196730150e+00 6.921134556210356532e+05
6.413022515899117730e-06 1.810516244082366777e+00 6.919910019710945198e+05
6.412806140510996841e-06 1.810308019616473363e+00 6.918685926902688807e+05
6.412589599830003653e-06 1.810099882661514670e+00 6.917462312365660910e+05
6.412372913959729944e-06 1.809891841174891880e+00 6.916239206058632117e+05
6.412156111420860099e-06 1.809683902002740208e+00 6.915016632633875124e+05
6.411939227208256248e-06 1.809476070687078275e+00 6.913794610996408155e+05
6.411722308229015671e-06 1.809268351160570720e+00 6.912573153490093537e+05
6.411505394213284826e-06 1.809060745818580118e+00 6.911352266996415565e+05
6.411288559561978864e-06 1.808853254905168129e+00 6.910131950380512280e+05
6.411071874663517915e-06 1.808645876625364135e+00 6.908912195674387040e+05
6.410855435371286852e-06 1.808438606901513923e+00 6.907692986711869016e+05
6.410639350049736816e-06 1.808231439402786522e+00 6.906474299042810453e+05
6.410423733776669153e-06 1.808024365802773703e+00 6.905256100388132036e+05
6.410208706506105656e-06 1.807817376086398697e+00 6.904038351206721272e+05
6.409994297022074946e-06 1.807610461020952242e+00 6.902821013371911831e+05
6.409780527403064234e-06 1.807403612405295013e+00 6.901604050797394011e+05
6.409567376742696102e-06 1.807196824034970728e+00 6.900387433030485408e+05
6.409354707612974997e-06 1.806990094218598575e+00 6.899171144738791045e+05
6.409142359946100435e-06 1.806783425725395853e+00 6.897955186323988019e+05
6.408930151956874017e-06 1.806576825706878164e+00 6.896739574340380495e+05
6.408717888610076994e-06 1.806370305422459133e+00 6.895524341120684985e+05
6.408505397201437691e-06 1.806163879149983664e+00 6.894309531371931080e+05
6.408292536510367996e-06 1.805957563053865345e+00 6.893095198257025331e+05
6.408079228801620266e-06 1.805751373445028785e+00 6.891881397077591391e+05
6.407865457850828121e-06 1.805545325369595000e+00 6.890668179663526826e+05
6.407651280554870060e-06 1.805339431103592407e+00 6.889455588261049706e+05
6.407436816608779928e-06 1.805133699113349977e+00 6.888243650808534585e+05
6.407222220913575818e-06 1.804928133783790578e+00 6.887032378913266584e+05
6.407007647270071503e-06 1.804722735971582281e+00 6.885821768970650155e+05
6.406793238216798551e-06 1.804517503530203681e+00 6.884611803989424370e+05
6.406579091078472795e-06 1.804312432518518916e+00 6.883402458115761401e+05
6.406365202589179135e-06 1.804107519430544704e+00 6.882193705297996057e+05
6.406151550632945765e-06 1.803902760740080824e+00 6.880985520546698244e+05
6.405938049270796649e-06 1.803698154026308620e+00 6.879777885121873114e+05
6.410916046552996338e-06 1.803376836627549551e+00 6.878125076863681898e+05
6.412731497641511243e-06 1.803020358189669770e+00 6.876338756579537876e+05
6.414222672892551238e-06 1.802643171276966827e+00 6.874465836356721120e+05
6.426193362412528596e-06 1.802014477651396884e+00 6.871621804774298798e+05
6.432640411829906143e-06 1.801283923140832854e+00 6.868374352858528728e+05
6.437961400595118336e-06 1.800497390197644654e+00 6.864877571495284792e+05
6.455607627428958133e-06 1.799394019131483224e+00 6.860122134322446072e+05
6.464741577468779017e-06 1.798203517506123950e+00 6.854971348416703986e+05
6.472194251337174226e-06 1.796992365676806092e+00 6.849644701925660484e+05
6.494724985492102581e-06 1.795444916126451407e+00 6.842915364684149390e+05
6.505145219062541109e-06 1.793880046142517504e+00 6.835978879728445318e+05
6.513529545384000167e-06 1.792375701248165143e+00 6.829086640724646859e+05
6.538594003431864740e-06 1.790583383915567817e+00 6.820881041055172682e+05
6.548487593693562707e-06 1.788891119227613125e+00 6.812816044881291455e+05
6.556304831331011654e-06 1.787374756700417011e+00 6.805128387808392290e+05
6.582099412558935054e-06 1.785654606602079308e+00 6.796341423734135460e+05
6.589996516391895963e-06 1.784173658031536158e+00 6.788117522362613818e+05
6.596075889634574569e-06 1.782993897249899318e+00 6.780639229872467695e+05
6.621097734449027043e-06 1.781707462730494740e+00 6.772328191008877475e+05
6.625131340128780424e-06 1.780815249580160575e+00 6.765069708350182045e+05
6.627990935635215151e-06 1.780351934340486331e+00 6.758945751028942177e+05
6.649684169133437871e-06 1.779899933976824666e+00 6.752352743416953599e+05
6.649115834861522346e-06 1.779972606624779852e+00 6.747229240778562380e+05
6.648235883440263136e-06 1.780570028674911542e+00 6.743535617395692971e+05
6.665062171526453034e-06 1.781284872844045797e+00 6.739723752384231193e+05
6.659262017221238752e-06 1.782621667914040753e+00 6.737706282542791450e+05
6.654207747292199268e-06 1.784540440352009982e+00 6.737306428381969454e+05
6.666873333423770797e-06 1.786617587060023382e+00 6.736935624555982649e+05
6.657075333998963933e-06 1.789341007366246794e+00 6.738453233522473602e+05
6.648937858747742784e-06 1.792637397756653206e+00 6.741573267058758065e+05
6.658461118544015864e-06 1.796070985743059456e+00 6.744684246200452326e+05
6.646935858718295901e-06 1.800090574491268303e+00 6.749507358305143425e+05
6.637628416345411080e-06 1.804602822924279870e+00 6.755698985821964452e+05
6.646032951123294300e-06 1.809162165425617586e+00 6.761633326348284027e+05
6.635659058356948346e-06 1.814165905510250365e+00 6.768845458492902108e+05
6.627557939479893157e-06 1.819518923525399678e+00 6.777000996788869379e+05
6.637516947067593378e-06 1.824765765910973281e+00 6.784456311861135764e+05
6.629507617125732520e-06 1.830292281617202477e+00 6.792705785354216350e+05
6.623551211827090973e-06 1.836012816878374920e+00 6.801459722792826360e+05
6.635271176248680688e-06 1.841482334847480917e+00 6.809127310343423160e+05
6.629680932540991576e-06 1.847081171697035007e+00 6.817178276013216237e+05
6.625830699971796481e-06 1.852737295733446699e+00 6.825377498386460356e+05
6.639117273562964324e-06 1.858021713669161024e+00 6.832202270680190995e+05
6.635297088023711254e-06 1.863320592016865618e+00 6.839134221668877872e+05
6.632932673602293675e-06 1.868575331567359665e+00 6.845986533767424989e+05
6.646372763809492441e-06 1.873391759508074461e+00 6.851368242694508517e+05
6.642350411428918777e-06 1.878172702582190379e+00 6.856807899840893224e+05
6.639768194377763113e-06 1.882863560499775879e+00 6.862129034501295537e+05
6.651934614260394223e-06 1.887095900757563838e+00 6.866036261288910173e+05
6.646978105676790060e-06 1.891269832673136531e+00 6.870033674748273334e+05
6.643544240513987612e-06 1.895330734383883220e+00 6.873940382461474510e+05
6.653590765025026839e-06 1.898940112071745956e+00 6.876569834387714509e+05
6.647047259463801854e-06 1.902488609532589248e+00 6.879377685060233343e+05
6.642208358420807395e-06 1.905917602364281205e+00 6.882164669702593237e+05
6.649773650453034910e-06 1.908913143400517543e+00 6.883832581982512493e+05
6.642148079391163973e-06 1.911834595872102138e+00 6.885712026393914130e+05
6.636328381098878210e-06 1.914621903676625436e+00 6.887595811275240267e+05
6.641263145234817735e-06 1.917000669885983832e+00 6.888526466116999509e+05
6.632384804887165108e-06 1.919298732498729398e+00 6.889710072196983965e+05
6.625438487682742944e-06 1.921453518747174405e+00 6.890927965102292364e+05
6.627057078882321173e-06 1.923242945511145496e+00 6.891408078721422935e+05
6.616650299432184081e-06 1.924951483564372401e+00 6.892191712924544699e+05
6.608349479609410904e-06 1.926511790729366291e+00 6.893042115474472521e+05
6.606698454728756122e-06 1.927747309888415028e+00 6.893347928102032747e+05
6.594704198891240364e-06 1.928900889302059163e+00 6.893994849748974666e+05
6.585003284749765724e-06 1.929899824066348302e+00 6.894726647960435366e+05
6.580179636050500469e-06 1.930609807427654090e+00 6.895080846249759197e+05
6.567188895430454991e-06 1.931219893188804937e+00 6.895746394918572623e+05
6.556589280149540396e-06 1.931655301658280921e+00 6.896459925392529694e+05
6.549600011837121899e-06 1.931813570082949738e+00 6.896869865724584088e+05
6.542103032928745789e-06 1.931700959619254698e+00 6.897008676353493938e+05
6.536055089726591655e-06 1.931279784261214383e+00 6.896744466853351332e+05
6.531194910841437233e-06 1.930523012956522955e+00 6.895981507080381270e+05
6.527293238284385798e-06 1.929414171770596820e+00 6.894656780146589736e+05
6.524149863124147148e-06 1.927946001774413887e+00 6.892735185228098417e+05
6.521590894057777554e-06 1.926119208467907962e+00 6.890205191090586595e+05
6.519466332438837878e-06 1.923941297250426175e+00 6.887074900995994685e+05
6.517647765640777478e-06 1.921425495254622362e+00 6.883368508038455620e+05
6.516026286463721544e-06 1.918589756346177788e+00 6.879123112356364727e+05
6.514510554338836059e-06 1.915455848595238209e+00 6.874385879334190395e+05
6.513024997807898422e-06 1.912048522743740264e+00 6.869211517900249455e+05
6.511508144046361650e-06 1.908394759986242306e+00 6.863660058898217976e+05
6.509911073061974819e-06 1.904523096789148218e+00 6.857794913281147601e+05
6.508195989538895450e-06 1.900463024006000090e+00 6.851681190120609244e+05
6.506334900490525080e-06 1.896244457296757169e+00 6.845384255004628794e+05
6.504308406145075491e-06 1.891897275101035447e+00 6.838968508692958858e+05
6.502104563219230448e-06 1.887450920974570456e+00 6.832496368806507671e+05
6.499717866431097430e-06 1.882934065395573286e+00 6.826027434142517159e+05
6.497148299158789870e-06 1.878374323296328585e+00 6.819617815003411379e+05
6.494400469227623939e-06 1.873798022707675148e+00 6.813319612196879461e+05
6.491482825995841682e-06 1.869230019955834488e+00 6.807180528190105688e+05
6.488406950264572023e-06 1.864693557018902492e+00 6.801243595124427229e+05
6.485186910534363784e-06 1.860210156769262602e+00 6.795547005598210962e+05
6.481838696450640275e-06 1.855799551640274547e+00 6.790124032004604815e+05
6.478379700535117448e-06 1.851479642100026135e+00 6.785003023169749649e+05
6.474828270122730510e-06 1.847266480839724556e+00 6.780207466051626252e+05
6.471203311032922288e-06 1.843174279272167038e+00 6.775756102435829816e+05
6.467523939351133308e-06 1.839215433142358691e+00 6.771663091538340086e+05
6.463809178512974903e-06 1.835400564303793614e+00 6.767938210276468890e+05
6.460077699628937089e-06 1.831738575948187453e+00 6.764587083716102643e+05
6.456347590573433225e-06 1.828236719095027496e+00 6.761611439922441496e+05
6.452636172923596453e-06 1.824900667837526580e+00 6.759009382300839061e+05
6.448959854220890798e-06 1.821734601371728157e+00 6.756775674068301450e+05
6.445333998823733422e-06 1.818741291366984481e+00 6.754902031265209662e+05
6.441772844783586002e-06 1.815922192697060789e+00 6.753377418774013640e+05
6.438289446035936098e-06 1.813277536274036761e+00 6.752188345931287622e+05
6.434895631254011559e-06 1.810806423016600553e+00 6.751319159290805692e+05
6.431601982362507400e-06 1.808506917986597351e+00 6.750752330028931610e+05
6.428417823333455806e-06 1.806376144036173637e+00 6.750468734434501966e+05
6.425351215851983948e-06 1.804410374431010489e+00 6.750447926293169148e+05
6.422408988059878992e-06 1.802605123353531180e+00 6.750668397925681202e+05
6.419596697624822854e-06 1.800955235530605325e+00 6.751107834968300303e+05
6.416918749233249645e-06 1.799454971117944169e+00 6.751743351618406596e+05
6.414378340026234876e-06 1.798098089809975653e+00 6.752551720741859172e+05
6.411977621203096272e-06 1.796877928869541785e+00 6.753509580584425712e+05
6.409717640644555916e-06 1.795787480340029330e+00 6.754593636527148774e+05
6.407598496082857518e-06 1.794819462169939817e+00 6.755780840162815293e+05
6.405619403466278402e-06 1.793966385557842491e+00 6.757048553179100854e+05
6.403778651492068706e-06 1.793220620954129041e+00 6.758374705525531899e+05
6.402073783914170001e-06 1.792574457141620003e+00 6.759737928685921943e+05
6.400501623550215262e-06 1.792020157500469058e+00 6.761117677882884163e+05
6.399058361754577082e-06 1.791550011669659215e+00 6.762494337837358471e+05
6.397739623366196075e-06 1.791156383273508013e+00 6.763849314469530946e+05
6.396540552199586598e-06 1.790831753212786204e+00 6.765165111123196548e+05
6.395455883481514682e-06 1.790568758892006729e+00 6.766425390833322890e+05
6.394480028807976587e-06 1.790360229111761514e+00 6.767615023992052302e+05
6.393607143602914076e-06 1.790199215104416819e+00 6.768720123377429554e+05
6.392831186472100019e-06 1.790079017916146320e+00 6.769728067633467726e+05
6.392145962518196795e-06 1.789993212508318665e+00 6.770627514917567605e+05
6.391545163978648479e-06 1.789935668609568431e+00 6.771408407295924844e+05
6.391022407922220627e-06 1.789900568426930239e+00 6.772061966471697669e+05
6.390571278089177805e-06 1.789882421132810375e+00 6.772580680910275551e+05
6.390185357616094034e-06 1.789876074452819266e+00 6.772958285475173034e+05
6.389858304466637181e-06 1.789876722344583726e+00 6.773189730756842764e+05
6.389583861022592481e-06 1.789879910808165331e+00 6.773271147860345664e+05
6.389355903535737322e-06 1.789881540495767975e+00 6.773199805832508719e+05
6.389168498023652158e-06 1.789877866382280525e+00 6.772974061973697972e+05
6.389015908359728802e-06 1.789865495909744197e+00 6.772593309075539000e+05
6.388892625879540136e-06 1.789841384712056671e+00 6.772057918365283404e+05
6.388793387788145073e-06 1.789802830524222177e+00 6.771369179409225471e+05
6.388713193121945030e-06 1.789747465321374076e+00 6.770529237570692785e+05
6.388647317346526821e-06 1.789673245812630986e+00 6.769541029530147789e+05
6.388591332059368984e-06 1.789578442293217719e+00 6.768408216855666833e+05
6.388541090356722513e-06 1.789461626774494052e+00 6.767135120857144939e+05
6.388492732924612070e-06 1.789321659978589274e+00 6.765726657155274879e+05
6.388442712740765504e-06 1.789157676882909831e+00 6.764188268813421018e+05
6.388387797137939522e-06 1.788969071547720668e+00 6.762525860297302715e+05
6.388325007971910244e-06 1.788755482708525690e+00 6.760745737497356022e+05
6.388251686340918658e-06 1.788516777238100319e+00 6.758854543557295110e+05
6.388165421323400482e-06 1.788253034922740792e+00 6.756859202096883673e+05
6.388064097133328466e-06 1.787964531686674796e+00 6.754766858008501586e+05
6.387945888278717762e-06 1.787651722798996090e+00 6.752584820485297823e+05
6.387809252863053050e-06 1.787315226134134072e+00 6.750320508588089142e+05
6.388146645801895823e-06 1.786944775764296889e+00 6.747939748294174206e+05
6.387893975574293554e-06 1.786554960954473970e+00 6.745501806873696623e+05
6.387628939800399224e-06 1.786146729566461477e+00 6.743013109216636512e+05
6.395004201297651681e-06 1.785550012148065413e+00 6.739834886694113957e+05
6.398747794066128476e-06 1.784861613469112873e+00 6.736336327813502867e+05
6.401825194370936025e-06 1.784109578461631651e+00 6.732613970374795608e+05
6.414878910127250742e-06 1.783081822654905002e+00 6.727861680726234335e+05
6.421273905509254350e-06 1.781956069682899324e+00 6.722745316607470158e+05
6.426480878593316609e-06 1.780780805447713444e+00 6.717425514327584533e+05
6.443342021267845017e-06 1.779313602874257549e+00 6.710972886038934812e+05
6.450540084070716706e-06 1.777806801948033977e+00 6.704326414382848889e+05
6.456297816167630402e-06 1.776317569050612111e+00 6.697668656156894285e+05
6.475417999421451029e-06 1.774567777761350218e+00 6.689929874879933195e+05
6.482877208415260149e-06 1.772856201905451456e+00 6.682218916158234933e+05
6.488745892820189043e-06 1.771243180291548480e+00 6.674723331093087327e+05
6.509175771167228619e-06 1.769424193523578825e+00 6.666271092596619856e+05
6.515385311276314948e-06 1.767752762735247618e+00 6.658174518711250275e+05
6.520130556153843138e-06 1.766281629278510401e+00 6.650588887560580624e+05
6.540616101921830579e-06 1.764676114431624532e+00 6.642230491516932379e+05
6.544718940634270853e-06 1.763331121594677642e+00 6.634568356735076522e+05
6.547678638439131335e-06 1.762284418096776051e+00 6.627701996105167782e+05
6.566716259434891236e-06 1.761186895240872019e+00 6.620299576072139898e+05
6.567720955915184921e-06 1.760459771872341816e+00 6.613932522125073010e+05
6.568134572243831458e-06 1.760117880250989364e+00 6.608619092391856248e+05
6.585757694417223619e-06 1.759777730166202314e+00 6.602908916135389591e+05
6.584344731601271796e-06 1.759872904169688557e+00 6.598425943907669280e+05
6.582840437861174096e-06 1.760398050318762175e+00 6.595120011650674278e+05
6.596799995253308775e-06 1.760998858596338090e+00 6.591662495361183537e+05
6.591392258443141150e-06 1.762103977496540574e+00 6.589663844238877064e+05
6.586702105145741639e-06 1.763677539747743772e+00 6.588971049262669403e+05
6.595866158732057629e-06 1.765387962959089174e+00 6.588356666031428613e+05
6.586567436685971962e-06 1.767631220474277676e+00 6.589316297877577599e+05
6.578826519819072993e-06 1.770340529336797974e+00 6.591596604199217400e+05
6.582732327539657973e-06 1.773220614802209383e+00 6.594123593256244203e+05
6.568587822241640889e-06 1.776646837957565950e+00 6.598323739433926530e+05
6.557016771417362806e-06 1.780516390566403206e+00 6.603826803432428278e+05
6.554306559631839830e-06 1.784581936510449163e+00 6.609757162225758657e+05
6.537008535243587606e-06 1.789130279480990016e+00 6.617222458609796595e+05
6.523038456466021230e-06 1.794031079530962414e+00 6.625772338481771294e+05
6.515524361264573583e-06 1.799081583327354128e+00 6.634715742760635912e+05
6.496707949470497073e-06 1.804488558194073056e+00 6.644874750243481249e+05
6.481682020464276253e-06 1.810105124007565847e+00 6.655758693941171514e+05
6.471170707214224499e-06 1.815768203818831417e+00 6.666839425064187963e+05
6.455767004260869460e-06 1.821537822534764484e+00 6.678408930460563861e+05
6.443752712844881084e-06 1.827280974103682842e+00 6.690045880018342286e+05
6.434650428781075923e-06 1.832879473235671686e+00 6.701394182388553163e+05
6.428031649710863131e-06 1.838233223429787122e+00 6.712162457320936956e+05
6.423512143353682945e-06 1.843258787840723389e+00 6.722117322289341828e+05
6.420747888398979902e-06 1.847888060304491598e+00 6.731077242279050406e+05
6.419431537942282915e-06 1.852067008820097227e+00 6.738906848049209220e+05
6.419289302151563040e-06 1.855754472932312549e+00 6.745511657116803108e+05
6.420078151639775628e-06 1.858921003952391793e+00 6.750833154512282927e+05
6.421583302688973477e-06 1.861547741724660199e+00 6.754844203501369338e+05
6.423615911706104890e-06 1.863625326146711503e+00 6.757544769048778107e+05
6.426010946812095033e-06 1.865152844263844756e+00 6.758957943115745438e+05
6.428625247806009822e-06 1.866136814614981043e+00 6.759126261571526993e+05
6.431335603581254576e-06 1.866590215091717075e+00 6.758108317184731131e+05
6.446450375006999147e-06 1.866243093074567927e+00 6.754931554449691903e+05
6.458851431356893738e-06 1.865205660733301629e+00 6.749994214101302205e+05
6.469504654001003525e-06 1.863570148611704003e+00 6.743602589968518587e+05
6.499563222184528870e-06 1.860937381654190759e+00 6.734279441852682503e+05
6.521196077470363734e-06 1.857593851528810625e+00 6.723024822349369060e+05
6.539113153982795769e-06 1.853712005565619103e+00 6.710388267374219140e+05
6.580138605504285374e-06 1.848840009176090593e+00 6.694661789653562009e+05
6.605500687552696793e-06 1.843458898310413208e+00 6.677514930851167301e+05
6.625954570064556528e-06 1.837782480270985230e+00 6.659609206076067640e+05
6.672633026347846382e-06 1.831304057783304851e+00 6.639010373007045127e+05
6.696681700657517671e-06 1.824665066914540779e+00 6.617951494232252007e+05
6.715510245420230953e-06 1.818078265245067771e+00 6.597071386668025516e+05
6.762427714848152928e-06 1.810993821738285270e+00 6.574270018033885863e+05
6.779385918500815643e-06 1.804193897338918884e+00 6.552293020564549370e+05
6.791977348664111878e-06 1.797843200264022334e+00 6.531605528876354219e+05
6.835125233770876586e-06 1.791318519445109558e+00 6.509851120863151737e+05
6.843476545347615267e-06 1.785469652828310494e+00 6.490040335142281838e+05
6.848844420615699946e-06 1.780396154773034034e+00 6.472416370560943615e+05
6.884515385595903894e-06 1.775455835133667781e+00 6.454574704323157202e+05
6.882655367857140339e-06 1.771513310173101541e+00 6.439604424127133097e+05
6.879732169148421854e-06 1.768589742922002106e+00 6.427487070299561601e+05
6.904162240511623289e-06 1.766077266315755123e+00 6.415971455153890420e+05
6.891151091016434043e-06 1.764794299999269178e+00 6.408003623384786770e+05
6.879387284098477509e-06 1.764676702345246984e+00 6.403284676967842970e+05
6.893356073963265497e-06 1.765120636154448697e+00 6.399612352828724543e+05
6.870368211934356426e-06 1.766901435517203467e+00 6.399799954755412182e+05
6.850868985670460842e-06 1.769877926132485513e+00 6.403300042366565904e+05
6.854080120173669746e-06 1.773482644846044787e+00 6.408079837771611055e+05
6.824065250333425587e-06 1.778387675616615704e+00 6.416599762688779738e+05
6.799321408705416667e-06 1.784391222008932631e+00 6.428129351980515057e+05
6.793955004574944285e-06 1.790974696710077030e+00 6.440852464044998633e+05
6.761873512751485996e-06 1.798656553443944928e+00 6.456695934587812517e+05
6.735973606910480522e-06 1.807201892852946523e+00 6.474850835543888388e+05
6.725995708407906243e-06 1.816153794708815772e+00 6.493762481751412852e+05
6.694099741745979172e-06 1.825923281903877982e+00 6.514991079736058600e+05
6.668808933264030869e-06 1.836258034983956344e+00 6.537704390591676347e+05
6.655747881571285621e-06 1.846774964458343771e+00 6.560648696540276287e+05
6.626584572702850732e-06 1.857756753602199495e+00 6.584943745543382829e+05
6.603902478575285597e-06 1.868951721896658480e+00 6.609796399582385784e+05
6.591228194801922607e-06 1.880026754427273294e+00 6.634160488932192093e+05
6.567510332362212475e-06 1.891158028488458376e+00 6.658791497786408290e+05
6.549560226432691824e-06 1.902118138749624876e+00 6.683008135465822415e+05
6.539082072210369075e-06 1.912643268762334481e+00 6.706024656946740579e+05
6.522107816228273017e-06 1.922819064814409895e+00 6.728279507970380364e+05
6.509779385981107240e-06 1.932462053919476563e+00 6.749255268573028734e+05
6.502268399643037575e-06 1.941391960413846984e+00 6.768456182144474005e+05
6.496938443254802980e-06 1.949507530762722984e+00 6.785655440126742469e+05
6.494277952921877075e-06 1.956707700546834738e+00 6.800615406066678697e+05
6.493765265291917282e-06 1.962916241376474247e+00 6.813174543221810600e+05
6.494939770114030450e-06 1.968080281092425832e+00 6.823239166561481543e+05
6.497396383609430831e-06 1.972168202042079654e+00 6.830774844261294929e+05
6.500780638306092236e-06 1.975167540460906812e+00 6.835798281488606008e+05
6.504784333958759755e-06 1.977082893724372736e+00 6.838369679366698256e+05
6.509141453814942669e-06 1.977933853593961899e+00 6.838585590138918487e+05
6.513624565557915031e-06 1.977752979702758651e+00 6.836572270069546066e+05
6.518041403631637179e-06 1.976583835458767702e+00 6.832479552223457722e+05
6.522231640626187316e-06 1.974479106573262310e+00 6.826475253295777366e+05
6.526063954441286778e-06 1.971498817453041674e+00 6.818740111620799871e+05
6.529433146968229247e-06 1.967708663776888800e+00 6.809463265207597287e+05
6.532257562665399563e-06 1.963178469734149667e+00 6.798838249746613437e+05
6.534476551956131672e-06 1.957980781432784090e+00 6.787059510255032219e+05
6.536048170157140505e-06 1.952189599400460995e+00 6.774319397558888886e+05
6.536946972582945618e-06 1.945879253488425942e+00 6.760805627086358145e+05
6.537161952045568580e-06 1.939123419065562848e+00 6.746699169260602212e+05
6.536694624885724997e-06 1.931994270670011948e+00 6.732172537234014599e+05
6.535557195792888479e-06 1.924561768717500065e+00 6.717388441595426993e+05
6.533770938055429256e-06 1.916893069779227687e+00 6.702498769225747092e+05
6.531364647835668336e-06 1.909052053147304084e+00 6.687643855419633910e+05
6.528373249798693504e-06 1.901098953443297823e+00 6.672952012504324084e+05
6.524836520256020052e-06 1.893090089395303544e+00 6.658539282099080738e+05
6.520797951572976473e-06 1.885077677978214350e+00 6.644509377922439016e+05
6.516303698285552010e-06 1.877109724607388230e+00 6.630953792567276396e+05
6.511401681307088926e-06 1.869229978236177869e+00 6.617952037632333813e+05
6.506140764027173998e-06 1.861477942907309835e+00 6.605571995614748448e+05
6.500570126509427970e-06 1.853888934699695623e+00 6.593870354468588484e+05
6.494738582986475991e-06 1.846494179783239931e+00 6.582893117105059791e+05
6.488694107608098644e-06 1.839320942817353144e+00 6.572676159780635498e+05
6.482483365787290748e-06 1.832392681337668527e+00 6.563245830419682898e+05
6.476151333263893429e-06 1.825729219496952993e+00 6.554619573161439039e+05
6.469740982311611435e-06 1.819346936085609157e+00 6.546806568642427446e+05
6.463293040333761234e-06 1.813258962171040878e+00 6.539808380134014878e+05
6.456845764319129984e-06 1.807475385499700771e+00 6.533619601409950992e+05
6.450434816112049949e-06 1.802003457261067254e+00 6.528228495970177464e+05
6.444093164872449902e-06 1.796847799060538042e+00 6.523617624318572925e+05
6.442029572254902307e-06 1.791917376196400236e+00 6.519425255508323899e+05
6.436713082917919812e-06 1.787296234948302143e+00 6.515929200610140106e+05
6.431434240807197478e-06 1.782988905454035988e+00 6.513115989097269485e+05
6.435535868143731043e-06 1.778789265171987877e+00 6.510208986002942547e+05
6.434725780684269968e-06 1.774825547352908872e+00 6.507656382258944213e+05
6.433336781666816739e-06 1.771123468885082985e+00 6.505521809655051911e+05
6.443463801989146963e-06 1.767436766755782873e+00 6.502877738357203780e+05
6.446420493994856639e-06 1.763951863730675473e+00 6.500390244857569924e+05
6.448243641611564314e-06 1.760712479622195792e+00 6.498187585846384754e+05
6.464040456919110870e-06 1.757423999653200397e+00 6.495159750539213419e+05
6.469461915157481717e-06 1.754349600449567337e+00 6.492260918651800603e+05
6.473367083420209507e-06 1.751543977906627525e+00 6.489658091729261214e+05
6.495678221085479178e-06 1.748618821787940592e+00 6.485891214226150187e+05
6.504455611966543538e-06 1.745912691301757302e+00 6.482200199289385928e+05
6.511166353661425836e-06 1.743496616555174628e+00 6.478809153116731904e+05
6.540921721778984694e-06 1.740887305342958546e+00 6.473900552339178976e+05
6.553237350953140300e-06 1.738515332071480346e+00 6.469061380112208426e+05
6.562866027427106190e-06 1.736469632454455070e+00 6.464577074406122556e+05
6.598891356325300489e-06 1.734200911467464801e+00 6.458380293922187993e+05
6.613462437478850894e-06 1.732229489907855191e+00 6.452396207206211984e+05
6.624917115379520123e-06 1.730653954302960207e+00 6.446942069301935844e+05
6.667980153248960608e-06 1.728817167815092537e+00 6.439548582555117318e+05
6.683634582790385216e-06 1.727368789640492341e+00 6.432627156455159420e+05
6.695930612912648568e-06 1.726410299116233782e+00 6.426500311126747401e+05
6.742475022192928327e-06 1.725228927190698203e+00 6.418496121609203983e+05
6.755939102381983639e-06 1.724587701947874363e+00 6.411450325917645823e+05
6.766399964162850980e-06 1.724569821352166077e+00 6.405615614670286886e+05
6.812049356066914817e-06 1.724434631937118656e+00 6.398229169989657821e+05
6.820989789165149101e-06 1.725005545708061971e+00 6.392351960038808174e+05
6.827789337669952927e-06 1.726330818144083734e+00 6.388110747107596835e+05
6.869074789553589328e-06 1.727669862727907457e+00 6.382763636725511169e+05
6.869075203906894413e-06 1.729921394638201493e+00 6.379647568401936442e+05
6.868697571197672674e-06 1.733071804192355847e+00 6.378668113113110885e+05
6.901665539151550245e-06 1.736379014902009965e+00 6.377108340209950693e+05
6.892251871852014841e-06 1.740741390469741301e+00 6.378299955125933047e+05
6.884452250311238138e-06 1.746077931430105368e+00 6.381916937588792061e+05
6.908102952887073564e-06 1.751658530545101344e+00 6.385324433165233349e+05
6.890686998689553005e-06 1.758335926771411595e+00 6.391682031727621797e+05
6.876717973288645565e-06 1.765968130983490481e+00 6.400465194040136412e+05
6.891466267641456918e-06 1.773856351494195849e+00 6.409197324371460127e+05
6.868447205765823865e-06 1.782772651177656487e+00 6.420740369976635557e+05
6.850304872975369631e-06 1.792526641816585498e+00 6.434426362481510732e+05
6.856949270753793836e-06 1.802481085462348975e+00 6.448048440483873710e+05
6.830170425948510063e-06 1.813310078839246220e+00 6.464112639843899524e+05
6.809330437845196949e-06 1.824785442681195802e+00 6.481852868413103279e+05
6.809039903543513893e-06 1.836343703095105973e+00 6.499373755794251338e+05
6.780372630013120061e-06 1.848548427276748285e+00 6.518786906970223645e+05
6.758294946798469409e-06 1.861145958227054420e+00 6.539275850825295784e+05
6.752175182728972107e-06 1.873662420598082967e+00 6.559305785864982754e+05
6.723165228578520886e-06 1.886541748208437452e+00 6.580567463913169922e+05
6.701018442816442001e-06 1.899517369551287693e+00 6.602237386971623637e+05
6.690909201062301382e-06 1.912199187582186433e+00 6.623109147411776939e+05
6.663849199600086319e-06 1.924901751606116651e+00 6.644423345829147147e+05
6.643420487842472614e-06 1.937365026577810623e+00 6.665410246903945226e+05
6.631875433489950235e-06 1.949277146612641509e+00 6.685155932546828408e+05
6.608777625343293755e-06 1.960838774614273694e+00 6.704503865803193767e+05
6.591616621866471259e-06 1.971817879723626321e+00 6.722796610288927332e+05
6.580808527991678085e-06 1.981978903832839256e+00 6.739384791430641199e+05
6.566579674184400459e-06 1.991345325800261357e+00 6.754493198976150015e+05
6.556652502878205574e-06 1.999754112840667064e+00 6.767697005779409083e+05
6.550262593297381338e-06 2.007073210698543608e+00 6.778675728508851025e+05
6.546735214341800221e-06 2.013203772213463694e+00 6.787207179727843031e+05
6.545476193609971069e-06 2.018077415458207291e+00 6.793155514044221491e+05
6.545964072443319886e-06 2.021653476801355875e+00 6.796460029138580430e+05
6.547743342591694759e-06 2.023916250324043098e+00 6.797124652753011324e+05
6.550418434755269373e-06 2.024872224669926890e+00 6.795208095504019875e+05
6.553648340996703502e-06 2.024547338133424468e+00 6.790814668600958539e+05
6.557141704078581740e-06 2.022984280167676285e+00 6.784085780241900356e+05
6.560652334739665404e-06 2.020239868704479580e+00 6.775192122806259431e+05
6.563975029730195881e-06 2.016382533854168102e+00 6.764326564598565456e+05
6.566941673820812665e-06 2.011489935165093890e+00 6.751697750365961110e+05
6.569417572577070788e-06 2.005646736129411689e+00 6.737524407525485149e+05
6.571298021615853517e-06 1.998942553987432147e+00 6.722030343116549775e+05
6.572505067519733515e-06 1.991470098299336522e+00 6.705440109785232926e+05
6.572984467476086816e-06 1.983323505992203639e+00 6.687975309488008497e+05
6.572702840360728368e-06 1.974596875558974451e+00 6.669851496851227712e+05
6.571645002391366790e-06 1.965382998589728203e+00 6.651275639178068377e+05
6.569811494074762256e-06 1.955772282640102055e+00 6.632444085652317153e+05
6.567216260921661313e-06 1.945851857072411706e+00 6.613540999231351307e+05
6.563884557416534114e-06 1.935704849146840045e+00 6.594737197906096699e+05
6.559851000705870454e-06 1.925409817624308850e+00 6.576189358825217932e+05
6.555157803873904929e-06 1.915040329142627229e+00 6.558039537419184344e+05
6.549853174042663709e-06 1.904664662255042051e+00 6.540414956952050561e+05
6.543989871809821669e-06 1.894345623868623596e+00 6.523428026748163393e+05
6.537623925721424906e-06 1.884140463117734310e+00 6.507176550723573891e+05
6.530813482949527108e-06 1.874100868605176329e+00 6.491744092386598932e+05
6.523617804932375217e-06 1.864273035392256750e+00 6.477200464769032551e+05
6.518478081316944418e-06 1.854643117377710704e+00 6.463411786768694874e+05
6.510320237908711119e-06 1.845315188192239830e+00 6.450659873160282150e+05
6.501998320349075415e-06 1.836319369793469436e+00 6.438972030697668670e+05
6.498524885495886199e-06 1.827567192030999488e+00 6.427967845268931706e+05
6.490498929850774058e-06 1.819190884270597275e+00 6.418046706243978115e+05
6.482390671492208846e-06 1.811211401481435113e+00 6.409216655076169409e+05
6.480308434344647033e-06 1.803507295758693729e+00 6.400991691381429555e+05
6.472791392442798544e-06 1.796223861079145667e+00 6.393835620415639132e+05
6.465223935548899008e-06 1.789374946449471482e+00 6.387744170653000474e+05
6.464546141082811114e-06 1.782814712569929849e+00 6.382153692843840690e+05
6.457608409666197473e-06 1.776700536569434385e+00 6.377588813727259403e+05
6.450667556530725824e-06 1.771039437436048969e+00 6.374032890357556753e+05
6.451412405639652785e-06 1.765663488333372833e+00 6.370851013234024867e+05
6.445364832168011166e-06 1.760736212326574179e+00 6.368606768895997666e+05
6.439329299057102721e-06 1.756259761647837925e+00 6.367276840048431186e+05
6.441117400855536794e-06 1.752059824891923245e+00 6.366209942584021483e+05
6.435708736692326180e-06 1.748303344295696560e+00 6.365997425788935507e+05
6.430375918805161120e-06 1.744986477694281168e+00 6.366604524453103077e+05
6.432978561253923237e-06 1.741928940660589564e+00 6.367364820243961876e+05
6.427598842206008490e-06 1.739309680933067259e+00 6.368927838152906625e+05
6.422458309998719805e-06 1.737116125204376527e+00 6.371236531593957916e+05
6.424638591601942468e-06 1.735176831480073067e+00 6.373664222582998918e+05
6.418331393844139355e-06 1.733674991796401166e+00 6.376889873510916950e+05
6.412585176337262931e-06 1.732584208287239358e+00 6.380816076662240084e+05
6.413293371617873963e-06 1.731745708936571981e+00 6.384871686235446250e+05
6.405812067697172046e-06 1.731328434150910534e+00 6.389696677475832403e+05
6.399264218375232509e-06 1.731290977573429535e+00 6.395149405761833768e+05
6.398726346140487082e-06 1.731478254876809730e+00 6.400681792393064825e+05
6.390327574311667370e-06 1.732046041707902884e+00 6.406897374151287368e+05
6.383192617525042626e-06 1.732940403927995421e+00 6.413618299364770064e+05
6.381307719519048180e-06 1.734018140389217422e+00 6.420349431013395078e+05
6.372708254052642746e-06 1.735405424702029853e+00 6.427594910821283702e+05
6.365577588586929564e-06 1.737040746081437659e+00 6.435158275487790816e+05
6.362694816681020333e-06 1.738800565372347950e+00 6.442624705082991859e+05
6.356256827699995452e-06 1.740739685039627282e+00 6.450241284198041540e+05
6.351080441256334771e-06 1.742803552748054319e+00 6.457845294983814238e+05
6.347270493744324055e-06 1.744935613073205882e+00 6.465273067846830236e+05
6.344141699830854325e-06 1.747097608184156492e+00 6.472428669291845290e+05
6.341866130304266054e-06 1.749249792928851521e+00 6.479209773802493000e+05
6.340328003003326437e-06 1.751357343118219445e+00 6.485531885438587051e+05
6.339421517692903280e-06 1.753390169024904077e+00 6.491326961150586139e+05
6.339050232749850207e-06 1.755322583945625681e+00 6.496541896130593959e+05
6.339126420623323628e-06 1.757132988428483866e+00 6.501137096290759509e+05
6.339570582445520328e-06 1.758803565816820402e+00 6.505085123940616613e+05
6.340310913779195115e-06 1.760319989551952791e+00 6.508369418609110871e+05
6.341282808884781034e-06 1.761671140962434379e+00 6.510983089664542349e+05
6.342428400391842672e-06 1.762848836844213007e+00 6.512927778076335089e+05
6.343696110120384139e-06 1.763847566830068159e+00 6.514212586733550997e+05
6.345040243805449346e-06 1.764664240138744677e+00 6.514853076666229172e+05
6.346420580052253073e-06 1.765297942343670101e+00 6.514870329906634288e+05
6.347801985479297324e-06 1.765749702194499227e+00 6.514290077478934545e+05
6.349154046347206090e-06 1.766022268821712204e+00 6.513141891452186974e+05
6.350450716257248103e-06 1.766119899630726131e+00 6.511458439827895490e+05
6.351669967688779774e-06 1.766048159467485057e+00 6.509274803854073398e+05
6.352793479338094192e-06 1.765813730819092209e+00 6.506627854228388751e+05
6.353806322300418772e-06 1.765424235575662859e+00 6.503555685705291107e+05
6.354696666743741398e-06 1.764888068338995364e+00 6.500097107447501039e+05
6.355455491072648298e-06 1.764214241619345147e+00 6.496291187911343295e+05
6.356076326351879406e-06 1.763412242348048053e+00 6.492176849787845276e+05
6.356554986546556719e-06 1.762491900267118661e+00 6.487792514997081598e+05
6.356889338618737387e-06 1.761463267399501209e+00 6.483175794603836257e+05
6.357079071062005859e-06 1.760336508681310974e+00 6.478363222266439116e+05
6.357125481508313876e-06 1.759121803333232092e+00 6.473390027880748967e+05
6.357031272331755928e-06 1.757829256716193500e+00 6.468289949009403354e+05
6.356800368164044365e-06 1.756468822051730383e+00 6.463095076511788648e+05
6.356437734779849377e-06 1.755050231814117456e+00 6.457835732534615090e+05
6.355949214786023290e-06 1.753582938199430563e+00 6.452540377726930892e+05
6.355341375813058253e-06 1.752076062145047075e+00 6.447235544977764366e+05
6.354621364063127777e-06 1.750538350509796004e+00 6.441945797617570497e+05
6.353796783099241690e-06 1.748978140565036199e+00 6.436693708478419576e+05
6.352875575332829529e-06 1.747403331454392195e+00 6.431499858183546457e+05
6.351865917881689345e-06 1.745821362006031441e+00 6.426382850151610328e+05
6.350776129281926818e-06 1.744239194362893208e+00 6.421359340196013218e+05
6.349614586131215063e-06 1.742663302921130697e+00 6.416444078777380055e+05
6.348389644245878614e-06 1.741099668175746462e+00 6.411649964474595618e+05
6.347109587324206857e-06 1.739553774623109783e+00 6.406988105562633136e+05
6.345782569457679071e-06 1.738030612589555934e+00 6.402467889344309224e+05
6.344416534326135455e-06 1.736534684204968482e+00 6.398097060272372328e+05
6.343480500862603434e-06 1.735059970286833675e+00 6.393844796962628607e+05
6.341988891849551230e-06 1.733622493312409363e+00 6.389761785080503905e+05
6.340488906768955034e-06 1.732225296804119852e+00 6.385850438120034523e+05
6.340318217385687562e-06 1.730841794260254307e+00 6.382004937796161976e+05
6.338615624623177067e-06 1.729509850433874174e+00 6.378357570601690095e+05
6.336945711408846454e-06 1.728230878284364724e+00 6.374904495790480869e+05
6.336391135046157940e-06 1.726981756587049777e+00 6.371553772546021501e+05
6.334629211970601994e-06 1.725791595258308719e+00 6.368406702730866382e+05
6.332926758096781815e-06 1.724660067427931986e+00 6.365454739437351236e+05
6.331283911823396948e-06 1.723586003793000199e+00 6.362688318105327198e+05
6.329700694544331235e-06 1.722568094565607444e+00 6.360097852382136043e+05
6.328177022478523331e-06 1.721604900764660551e+00 6.357673763051221613e+05
6.326712707631266932e-06 1.720694865799999862e+00 6.355406506523020798e+05
6.325307442808170994e-06 1.719836327543292409e+00 6.353286603952563601e+05
6.323960785752808452e-06 1.719027530781729762e+00 6.351304670899260091e+05
6.322672191581904928e-06 1.718266638903925614e+00 6.349451443171990104e+05
6.321440961444797313e-06 1.717551746535372681e+00 6.347717806067633210e+05
6.320266258622180077e-06 1.716880891623181693e+00 6.346094820929432753e+05
6.319147108283072886e-06 1.716252067303519091e+00 6.344573750618287595e+05
6.318082406404980467e-06 1.715663233400226195e+00 6.343146083133300999e+05
6.317070929015847081e-06 1.715112327553099059e+00 6.341803553330942523e+05
6.316111347927209855e-06 1.714597275793293685e+00 6.340538162123975344e+05
6.315202228972189839e-06 1.714116002944627404e+00 6.339342194660076639e+05
6.314342071115821256e-06 1.713666441812455865e+00 6.338208233823012561e+05
6.313529298726716963e-06 1.713246542262344407e+00 6.337129173331335187e+05
6.312762263049093976e-06 1.712854279896689258e+00 6.336098229360604892e+05
6.312039245336258356e-06 1.712487664194493941e+00 6.335108950500446372e+05
6.311358469561023222e-06 1.712144745864889961e+00 6.334155225285920314e+05
6.310718054808221944e-06 1.711823624674831068e+00 6.333231292125369655e+05
6.310116077869888150e-06 1.711522455310262592e+00 6.332331742656833958e+05
6.309550554010290292e-06 1.711239453131061738e+00 6.331451525422600098e+05
6.309019467506520265e-06 1.710972898775664497e+00 6.330585945928836009e+05
6.308520808419825023e-06 1.710721141583233518e+00 6.329730662842373131e+05
6.308052551735481399e-06 1.710482603089570564e+00 6.328881685038695578e+05
6.307612704668546900e-06 1.710255779157491940e+00 6.328035364119911101e+05
6.307199298628810300e-06 1.710039241957975076e+00 6.327188386959618656e+05
6.306810422204370648e-06 1.709831640913146655e+00 6.326337765036964556e+05
6.306444216292402308e-06 1.709631703428398763e+00 6.325480823739297921e+05
6.306098898721262624e-06 1.709438234784961930e+00 6.324615189295616001e+05
6.305772761664219117e-06 1.709250117768678079e+00 6.323738775623134570e+05
6.305464165401578688e-06 1.709066312107593300e+00 6.322849771442727651e+05
6.305171536954934230e-06 1.708885853633411278e+00 6.321946627321055857e+05
6.304893362865701380e-06 1.708707853272833255e+00 6.321028043012187118e+05
6.304628201979745091e-06 1.708531495544981071e+00 6.320092953859944828e+05
6.304374652530337597e-06 1.708356037425865726e+00 6.319140519386709202e+05
6.304131371625661629e-06 1.708180806572127119e+00 6.318170110441076104e+05
6.303897071314197525e-06 1.708005199432708787e+00 6.317181296541846823e+05
6.303670530805949231e-06 1.707828678954550261e+00 6.316173832345153205e+05
6.303450598660047485e-06 1.707650772090205216e+00 6.315147643957126420e+05
6.303236211157856680e-06 1.707471066874274301e+00 6.314102814121592091e+05
6.303026394991827588e-06 1.707289209354297732e+00 6.313039567345739342e+05
6.302820269955641812e-06 1.707104900423858096e+00 6.311958255199131090e+05
6.302617051233918877e-06 1.706917892547922255e+00 6.310859341733859619e+05
6.302416027738745514e-06 1.706727986886378057e+00 6.309743390966962324e+05
6.302216577560145303e-06 1.706535029966694594e+00 6.308611053352270974e+05
6.302018107910885370e-06 1.706338911527073954e+00 6.307463057274217717e+05
6.301820039962513093e-06 1.706139562439867419e+00 6.306300201655507553e+05
6.301621808437529215e-06 1.705936952411160279e+00 6.305123348507289775e+05
6.301422850033035149e-06 1.705731087751437114e+00 6.303933416380065028e+05
6.301222669911876582e-06 1.705522007711547383e+00 6.302731368795922026e+05
6.301020778718795641e-06 1.705309782182719669e+00 6.301518207977670245e+05
6.300816789439777503e-06 1.705094507479061994e+00 6.300294961430325639e+05
6.300610401686623762e-06 1.704876302702630797e+00 6.299062670448637800e+05
6.300401361950497198e-06 1.704655307029413258e+00 6.297822382261387538e+05
6.300189494158121200e-06 1.704431676466892975e+00 6.296575140254850267e+05
6.299974697865216035e-06 1.704205580761457783e+00 6.295321974803601624e+05
6.299756929765224125e-06 1.703977200733628905e+00 6.294063895944646792e+05
6.299536186503756086e-06 1.703746725945955109e+00 6.292801887755655916e+05
6.299312492599409620e-06 1.703514352613464400e+00 6.291536903969207779e+05
6.304001094764034796e-06 1.703174903976634846e+00 6.289880701160855824e+05
6.305501450616603551e-06 1.702806143825427165e+00 6.288121143950086553e+05
6.306723773017967955e-06 1.702420220449175625e+00 6.286296054117210442e+05
6.316646828941188118e-06 1.701834842982276941e+00 6.283728849990332965e+05
6.321309120560520652e-06 1.701182855168488217e+00 6.280907615030432353e+05
6.325139224144411278e-06 1.700497178046066704e+00 6.277937773331846111e+05
6.338401377941550361e-06 1.699587153387178473e+00 6.274104958128650906e+05
6.344113060875976385e-06 1.698641802458387806e+00 6.270098071995952632e+05
6.348736252438519638e-06 1.697702917049743743e+00 6.266047366684691515e+05
6.364240032496054193e-06 1.696551300195067391e+00 6.261128559404904954e+05
6.369789597187964914e-06 1.695430275783591734e+00 6.256226958270302275e+05
6.374189376656239938e-06 1.694382594512626516e+00 6.251470550698612351e+05
6.390542743155007657e-06 1.693165350115371393e+00 6.245945753402811242e+05
6.395094264669851788e-06 1.692059837065734929e+00 6.240676422843119362e+05
6.398598781714064604e-06 1.691103113846222472e+00 6.235767164337651338e+05
6.415750423527648050e-06 1.690013097405993481e+00 6.230161227024652762e+05
6.419732960009031751e-06 1.689097465272562104e+00 6.224980808676580200e+05
6.422741592992953467e-06 1.688388403747835165e+00 6.220312167816120200e+05
6.441175618711794519e-06 1.687563480418513562e+00 6.214952797440581489e+05
6.444571213427365142e-06 1.686967845762552320e+00 6.210164664173403289e+05
6.447093262590422605e-06 1.686628125138873724e+00 6.206013745572128100e+05
6.465020907183255226e-06 1.686218957401247387e+00 6.201291306722355075e+05
6.466899927323843696e-06 1.686101332475869574e+00 6.197319345707164612e+05
6.468192450694437102e-06 1.686289600394542676e+00 6.194122066451823339e+05
6.485977647557042055e-06 1.686429934613764337e+00 6.190393601219531847e+05
6.486208808090804071e-06 1.686910063226144452e+00 6.187557511416970519e+05
6.486196180441490466e-06 1.687730965865560817e+00 6.185592920299677644e+05
6.503151218554367520e-06 1.688522657001872762e+00 6.183144069485877408e+05
6.501074566487207170e-06 1.689698386348055914e+00 6.181731211690640775e+05
6.499236089895144746e-06 1.691241608291794929e+00 6.181274809097887482e+05
6.515512250724084306e-06 1.692750525392590299e+00 6.180314537188495742e+05
6.513087806404402724e-06 1.694627055329549936e+00 6.180333138511120342e+05
6.511091168556532358e-06 1.696847234874147015e+00 6.181230845819798997e+05
6.528215262391938357e-06 1.698984325828897246e+00 6.181467736925665522e+05
6.525776883468672173e-06 1.701458637979646360e+00 6.182594868529647356e+05
6.523891890162972879e-06 1.704242067729001553e+00 6.184501930797134992e+05
6.542183513420371050e-06 1.706882627383322637e+00 6.185568509787197690e+05
6.540636983279109754e-06 1.709808497941103900e+00 6.187373479779834161e+05
6.539604656677872827e-06 1.712993253369256896e+00 6.189816104227134492e+05
6.561025823014206142e-06 1.715935843154738016e+00 6.191108936762778321e+05
6.561432803763780688e-06 1.719096200567123978e+00 6.192942352183465846e+05
6.562096358046740920e-06 1.722457754204979041e+00 6.195250843727339525e+05
6.585997773483103118e-06 1.725504552026540406e+00 6.196201746323857224e+05
6.587656979687744539e-06 1.728729522676723418e+00 6.197596060331821209e+05
6.589384295261658069e-06 1.732123508560386105e+00 6.199392708000087878e+05
6.614366865749309186e-06 1.735171029117083430e+00 6.199768317383513786e+05
6.615983748491832828e-06 1.738393462368641007e+00 6.200614999381300295e+05
6.617670967584449774e-06 1.741782276471881774e+00 6.201891428956232267e+05
6.642469643176689832e-06 1.744823486156725778e+00 6.201787621008312562e+05
6.641632806528433220e-06 1.748088913639838538e+00 6.202363553674974246e+05
6.641268956507790206e-06 1.751557158972041339e+00 6.203529926913088420e+05
6.663503767856529489e-06 1.754718525239003402e+00 6.203502420510735828e+05
6.659543048396884726e-06 1.758153753203874459e+00 6.204362196329481667e+05
6.656604192628960817e-06 1.761822849324501616e+00 6.205956269378394354e+05
6.676116618624351641e-06 1.765210814187672117e+00 6.206494437688571634e+05
6.669737142183277723e-06 1.768888728099332841e+00 6.208015537202632986e+05
6.664840257433618971e-06 1.772801063821032530e+00 6.210316517864232883e+05
6.681955720744103229e-06 1.776435095040153511e+00 6.211628853596373228e+05
6.673754920993220995e-06 1.780347963510119369e+00 6.213934877552184043e+05
6.667406098871488263e-06 1.784472029535480342e+00 6.216994676926193060e+05
6.681178366114045532e-06 1.788329946619961586e+00 6.219176387836105423e+05
6.671084381277557822e-06 1.792445105665486871e+00 6.222336784798442386e+05
6.663224193280538148e-06 1.796737176823818505e+00 6.226198867418370210e+05
6.673315321631618186e-06 1.800770890947910541e+00 6.229289309301726753e+05
6.660811649557141895e-06 1.805039726870504513e+00 6.233354157722586533e+05
6.651002950062120807e-06 1.809448178855583844e+00 6.238071412283658283e+05
6.656556979463523366e-06 1.813612266188016742e+00 6.242156589545798488e+05
6.641139974257301703e-06 1.817986520841459841e+00 6.247215741539896699e+05
6.628953085014465143e-06 1.822457596576749550e+00 6.252874190873070620e+05
6.628832620070356378e-06 1.826708904737060601e+00 6.258089914525077911e+05
6.610914997685482347e-06 1.831119308785327915e+00 6.264205595951689174e+05
6.596689901445177207e-06 1.835559704851880802e+00 6.270803410514267161e+05
6.592648679797586838e-06 1.839751602179178214e+00 6.276981151225874200e+05
6.573969581977374965e-06 1.844001543287873135e+00 6.283832913380337413e+05
6.559138600328645249e-06 1.848176362473499257e+00 6.290935713714823360e+05
6.552314549836858471e-06 1.852047807770095256e+00 6.297563898522780510e+05
6.534284842889905651e-06 1.855846382358621316e+00 6.304549724189792760e+05
6.519990801264487970e-06 1.859445373534628798e+00 6.311497108324888395e+05
6.511822485594949372e-06 1.862665211836984858e+00 6.317845587863987312e+05
6.496390833196676243e-06 1.865651494753840511e+00 6.324133446368087316e+05
6.484222157724706474e-06 1.868298342430361192e+00 6.330034516010395018e+05
6.476449405053811064e-06 1.870477900116689796e+00 6.335155965726979775e+05
6.467925964634599730e-06 1.872194987166118763e+00 6.339548206519074738e+05
6.461436795949178604e-06 1.873393566514915953e+00 6.343045617036165204e+05
6.456604036331781080e-06 1.874032977319213034e+00 6.345531024081631331e+05
6.453095792298122645e-06 1.874087873779287428e+00 6.346931294481888181e+05
6.450621801495343500e-06 1.873546433313506787e+00 6.347211101222779835e+05
6.448929556159223832e-06 1.872408655832659141e+00 6.346367213609323371e+05
6.447800792201098996e-06 1.870684753125417821e+00 6.344423278175569139e+05
6.447048274790127423e-06 1.868393630223898816e+00 6.341425065966685070e+05
6.446512879423983877e-06 1.865561460914777037e+00 6.337436162911598803e+05
6.446060839326870786e-06 1.862220362036195676e+00 6.332534089636631543e+05
6.445581301787314158e-06 1.858407167085051048e+00 6.326806824303526664e+05
6.444983915804016709e-06 1.854162304473781386e+00 6.320349721690315055e+05
6.444196724984065555e-06 1.849528778235516091e+00 6.313262797894548858e+05
6.443164106702437241e-06 1.844551253170041649e+00 6.305648368253505323e+05
6.441844881773764129e-06 1.839275242176369396e+00 6.297609014298119582e+05
6.440210631710442851e-06 1.833746391332945702e+00 6.289245851092389785e+05
6.438244021127573280e-06 1.828009861666945568e+00 6.280657081413969863e+05
6.435937328574538596e-06 1.822109800828055182e+00 6.271936805921255145e+05
6.433291064668769436e-06 1.816088899830317738e+00 6.263174068004685687e+05
6.430312721727463192e-06 1.809988028371784852e+00 6.254452108465230558e+05
6.427015613650589313e-06 1.803845942722275941e+00 6.245847808804394444e+05
6.423417816379220489e-06 1.797699059610983419e+00 6.237431301569968928e+05
6.419541286872746495e-06 1.791581287747054940e+00 6.229265721021675272e+05
6.415410930512160236e-06 1.785523913718584543e+00 6.221407086481527658e+05
6.411053881409383948e-06 1.779555533140527279e+00 6.213904290552253369e+05
6.406498849581776898e-06 1.773702021508484217e+00 6.206799177436522441e+05
6.401775510356068669e-06 1.767986539952249858e+00 6.200126699466853170e+05
6.396913956173385019e-06 1.762429570854137317e+00 6.193915139232882066e+05
6.391944306656432902e-06 1.757048976599456802e+00 6.188186378277760232e+05
6.386896245637950098e-06 1.751860080065785530e+00 6.182956212585088797e+05
6.381798707872995465e-06 1.746875760919173848e+00 6.178234698087824509e+05
6.376679614200403156e-06 1.742106564345425657e+00 6.174026518460996449e+05
6.371565623598254747e-06 1.737560819901902809e+00 6.170331370713346405e+05
6.366481942550805071e-06 1.733244767536916475e+00 6.167144361352405977e+05
6.361452170378582991e-06 1.729162688555328176e+00 6.164456408136608079e+05
6.356498182158874170e-06 1.725317039511669703e+00 6.162254642747532343e+05
6.351640026638558259e-06 1.721708587703731697e+00 6.160522811855626060e+05
6.346895907197402548e-06 1.718336545667996873e+00 6.159241669039792614e+05
6.345777720683480147e-06 1.715123490803826423e+00 6.158119305057100719e+05
6.341746720156274885e-06 1.712138531762585014e+00 6.157391795823184075e+05
6.337808749776398010e-06 1.709381176209441078e+00 6.157043111546199070e+05
6.340185307353234808e-06 1.706715011547392358e+00 6.156572925101362634e+05
6.337950862568926595e-06 1.704248758403947184e+00 6.156366614583509509e+05
6.335602422790759948e-06 1.701988234194447225e+00 6.156432269586763578e+05
6.340004168123683909e-06 1.699788940700853290e+00 6.156241372971006203e+05
6.338305537114064864e-06 1.697792315210778114e+00 6.156302744959633565e+05
6.336465504364312719e-06 1.696003645944551330e+00 6.156625011052000336e+05
6.341296424108445956e-06 1.694278737455727990e+00 6.156683108417700278e+05
6.339097984533448113e-06 1.692776254630157018e+00 6.157054545254738769e+05
6.336896882787865755e-06 1.691494831405632837e+00 6.157727957618433284e+05
6.341057288356152169e-06 1.690293342578212954e+00 6.158193440232110443e+05
6.338067007232882177e-06 1.689328319546838708e+00 6.159027682499830844e+05
6.335273892830899392e-06 1.688589642049301398e+00 6.160192987017639680e+05
6.338064544342865871e-06 1.687948752965736876e+00 6.161230133655356476e+05
6.333389315382672220e-06 1.687563305523536838e+00 6.162726724224095233e+05
6.329264927083355715e-06 1.687409576108381160e+00 6.164601816159262089e+05
6.329553562448061192e-06 1.687378320024532030e+00 6.166473240680800518e+05
6.322927275430689998e-06 1.687608226026549030e+00 6.168866699231901439e+05
6.317266403674809817e-06 1.688060114764068587e+00 6.171652834076962899e+05
6.314721685991904876e-06 1.688646691791255927e+00 6.174537155667043990e+05
6.308319396193150481e-06 1.689434579222781840e+00 6.177789185981194023e+05
6.302958325280049381e-06 1.690380703346572533e+00 6.181274268935258733e+05
6.298525057600324089e-06 1.691443978268688975e+00 6.184871696088380413e+05
6.294914931557414302e-06 1.692587643747643256e+00 6.188476937865724321e+05
6.292031433867711621e-06 1.693778978486787379e+00 6.192000314497572836e+05
6.289785787247152898e-06 1.694989030461206525e+00 6.195365747927697375e+05
6.288096355553314530e-06 1.696192366130508944e+00 6.198509602688183077e+05
6.286888280466306617e-06 1.697366831502584050e+00 6.201379591024367837e+05
6.286093021343217574e-06 1.698493325853828839e+00 6.203933746302634245e+05
6.285647982279090790e-06 1.699555585206654840e+00 6.206139454589231173e+05
6.285496200403760259e-06 1.700539973662368975e+00 6.207972537669731537e+05
6.285585948336894507e-06 1.701435284062326136e+00 6.209416393044001888e+05
6.285870440959946416e-06 1.702232545561443766e+00 6.210461181561596459e+05
6.286307556614141393e-06 1.702924837875722686e+00 6.211103061190353474e+05
6.286859551552751912e-06 1.703507112493016118e+00 6.211343467212721007e+05
6.287492795116782718e-06 1.703976020665838753e+00 6.211188437071322696e+05
6.288177492861158365e-06 1.704329748673573786e+00 6.210647980603274191e+05
6.288887407871911786e-06 1.704567860644714328e+00 6.209735495516251540e+05
6.289599653007635371e-06 1.704691147743875757e+00 6.208467222173913615e+05
6.290294401817843408e-06 1.704701485752428969e+00 6.206861743938711006e+05
6.296182967770582829e-06 1.704489451725321514e+00 6.204530931269153953e+05
6.300130693532574818e-06 1.704109217748869698e+00 6.201681377777403686e+05
6.303494959179833468e-06 1.703585654277929962e+00 6.198403552123161498e+05
6.318566599756031556e-06 1.702678813705159611e+00 6.193824633977133781e+05
6.327908569316649787e-06 1.701544769320832096e+00 6.188512722065428970e+05
6.335671297767600448e-06 1.700246688268712614e+00 6.182678229401385179e+05
6.357774487386398455e-06 1.698502746105206018e+00 6.175281087654659059e+05
6.370617130381426272e-06 1.696560794594593746e+00 6.167208529103724286e+05
6.381107815186515660e-06 1.694511423311317211e+00 6.158752207349670352e+05
6.408388726161877628e-06 1.692030607951748644e+00 6.148705460001440952e+05
6.422041474897765965e-06 1.689467915226191996e+00 6.138312942789419321e+05
6.432980537823530416e-06 1.686924077303662894e+00 6.127888250690110726e+05
6.463842503402558731e-06 1.684011834070070046e+00 6.115987433670694008e+05
6.476953552713250082e-06 1.681168701834699242e+00 6.104168030495533021e+05
6.487249513729352806e-06 1.678494186880324257e+00 6.092729723641554592e+05
6.522072766546981145e-06 1.675503701485288932e+00 6.079873529436133103e+05
6.534877819703078856e-06 1.672721964256121296e+00 6.067471906172019662e+05
6.544782753418296222e-06 1.670245711737664562e+00 6.055808296127803624e+05
6.581688464449650507e-06 1.667537604813953855e+00 6.042894823665365111e+05
6.593044106504697733e-06 1.665187729804271433e+00 6.030840889587434940e+05
6.601670789465074938e-06 1.663280423918661599e+00 6.019883800399992615e+05
6.638242921025139492e-06 1.661253746922953578e+00 6.007954544946908718e+05
6.645901069007166468e-06 1.659753063488851765e+00 5.997364221308145206e+05
6.651473582190912610e-06 1.658835023736907610e+00 5.988253599515306996e+05
6.685688862098945137e-06 1.657912361172533489e+00 5.978476771222368116e+05
6.686851122078327492e-06 1.657697243063991577e+00 5.970589199382687220e+05
6.687162433949655751e-06 1.658201473098566581e+00 5.964577240750966594e+05
6.716254652318774714e-06 1.658817081655491021e+00 5.958242112919035135e+05
6.710843866583478506e-06 1.660265465936389351e+00 5.954176799368109787e+05
6.705956731695068139e-06 1.662510923488560888e+00 5.952210297097455477e+05
6.728711315051638640e-06 1.664949592913063325e+00 5.950185080897575244e+05
6.717518892478873444e-06 1.668274061703685529e+00 5.950594241461304482e+05
6.708181059524196083e-06 1.672404225123855559e+00 5.953126046209426131e+05
6.725984179051611364e-06 1.676727967296880228e+00 5.955624126409584424e+05
6.710836097241784020e-06 1.681907404537610784e+00 5.960476074864072725e+05
6.698593659011852203e-06 1.687828237303194978e+00 5.967268849255794194e+05
6.711137681613433753e-06 1.693910858986871437e+00 5.973993851115286816e+05
6.692841573375821356e-06 1.700767913183909741e+00 5.982864316756404005e+05
6.678349981920020942e-06 1.708255559417823033e+00 5.993386063335596118e+05
6.685791180952540417e-06 1.715838971463066187e+00 6.003741493246736936e+05
6.665849260954892593e-06 1.724056095514720166e+00 6.015882008188337786e+05
6.650314322576995196e-06 1.732742431984994669e+00 6.029266423705423949e+05
6.653791178167634290e-06 1.741413724070475899e+00 6.042285736520511564e+05
6.632424098734341332e-06 1.750556083012964503e+00 6.056710400885044364e+05
6.615949429179002725e-06 1.759988443464325591e+00 6.071965331864400068e+05
6.614189150200750146e-06 1.769310293548270074e+00 6.086759533442634856e+05
6.591882659430787650e-06 1.778916435323820933e+00 6.102546262935412815e+05
6.574794531004418857e-06 1.788613920299622739e+00 6.118733088813864160e+05
6.568892286404811532e-06 1.798074811816474217e+00 6.134300666125208372e+05
6.546851717010524415e-06 1.807600958312918005e+00 6.150382119828484720e+05
6.530071229925552993e-06 1.816998158660007467e+00 6.166399958759008441e+05
6.521945397098744146e-06 1.825996172332307044e+00 6.181545844762835186e+05
6.501494958293845104e-06 1.834819734812930703e+00 6.196686706057202537e+05
6.486034484546512829e-06 1.843286617578070219e+00 6.211296334927801508e+05
6.476770936009997531e-06 1.851190540230346571e+00 6.224786316471408354e+05
6.460649863935857651e-06 1.858642900663524777e+00 6.237631859576161951e+05
6.448686517847967953e-06 1.865495721063429091e+00 6.249422985700274585e+05
6.440193415877515247e-06 1.871624193206948394e+00 6.259834326072692638e+05
6.434561671716714137e-06 1.876930760784645935e+00 6.268623181527447887e+05
6.431252928625193404e-06 1.881342844741354270e+00 6.275619846209556563e+05
6.429792449676098174e-06 1.884810625208099166e+00 6.280718631530824350e+05
6.429763137850045257e-06 1.887304859607607410e+00 6.283869501067913370e+05
6.430800353640673086e-06 1.888814729501811174e+00 6.285070260000140406e+05
6.432587086108530327e-06 1.889345726080501775e+00 6.284359291566673201e+05
6.434849753737652357e-06 1.888917581123004341e+00 6.281808815463734791e+05
6.437354307580249685e-06 1.887562259952055621e+00 6.277518671143709216e+05
6.439902623689526159e-06 1.885322033118938645e+00 6.271610626990533201e+05
6.442329198086245278e-06 1.882247641856445775e+00 6.264223210363000399e+05
6.444498001159601056e-06 1.878396573429231386e+00 6.255507058934218949e+05
6.446299621159361428e-06 1.873831456550613339e+00 6.245620776743462775e+05
6.447648513477144684e-06 1.868618588099044686e+00 6.234727286788688507e+05
6.448480441807755878e-06 1.862826596931373313e+00 6.222990658921588911e+05
6.448750076526196080e-06 1.856525248080356016e+00 6.210573389481790364e+05
6.448428728916492174e-06 1.849784388032395643e+00 6.197634106576491613e+05
6.447502264375794906e-06 1.842673028025954007e+00 6.184325668263763655e+05
6.445969127661196584e-06 1.835258561496704077e+00 6.170793624099754961e+05
6.443838554628553423e-06 1.827606108087922010e+00 6.157175003176585305e+05
6.441128885521320514e-06 1.819777977165379479e+00 6.143597398334775353e+05
6.437866036315933816e-06 1.811833241280746298e+00 6.130178311732851434e+05
6.434082104715066308e-06 1.803827409809366067e+00 6.117024729703068733e+05
6.429814093738892277e-06 1.795812192943998076e+00 6.104232897374879103e+05
6.425102767567714608e-06 1.787835345668269404e+00 6.091888263814769452e+05
6.419991645658909916e-06 1.779940581300880620e+00 6.080065569809424924e+05
6.414526080791641977e-06 1.772167545747276529e+00 6.068829056625737576e+05
6.408752451975290618e-06 1.764551843205829362e+00 6.058232773320277920e+05
6.402717450582011694e-06 1.757125105072237847e+00 6.048320963759088190e+05
6.396467468133682786e-06 1.749915094164455232e+00 6.039128515608948655e+05
6.390048090481934194e-06 1.742945836943468052e+00 6.030681454964330187e+05
6.383503644410002106e-06 1.736237778194756221e+00 6.022997475960409502e+05
6.376876800460006232e-06 1.729807953086977879e+00 6.016086495596301975e+05
6.370208389044289927e-06 1.723670168871296093e+00 6.009951213421092834e+05
6.363536995470268228e-06 1.717835198124541218e+00 6.004587689934067894e+05
6.356898836785558346e-06 1.712310975231875698e+00 5.999985919375030790e+05
6.350327591152833361e-06 1.707102795256564942e+00 5.996130399072794244e+05
6.343854299459523708e-06 1.702213512247881866e+00 5.993000688763804501e+05
6.337507304522323836e-06 1.697643735087175587e+00 5.990571956463445676e+05
6.331312194738538857e-06 1.693392019971482698e+00 5.988815510349005926e+05
6.325291860304879279e-06 1.689455056599864946e+00 5.987699308093133150e+05
6.319466498828620605e-06 1.685827848830575348e+00 5.987188448031217558e+05
6.313853608100531032e-06 1.682503889885973658e+00 5.987245643452154472e+05
6.308468092697034122e-06 1.679475329574174669e+00 5.987831671537508955e+05
6.303322350609569206e-06 1.676733134026770378e+00 5.988905799188516103e+05
6.298426390427641451e-06 1.674267237446656509e+00 5.990426183972491417e+05
6.293787907080679104e-06 1.672066686948382896e+00 5.992350254021921428e+05
6.289412418889403466e-06 1.670119779332897014e+00 5.994635062456965679e+05
6.285303380722029273e-06 1.668414190541335440e+00 5.997237618745887885e+05
6.281462310456801257e-06 1.666937097717296812e+00 6.000115196339489194e+05
6.277888910176618511e-06 1.665675294224250091e+00 6.003225617384181824e+05
6.274581244936679705e-06 1.664615296435268732e+00 6.006527510121709201e+05
6.271535831459600149e-06 1.663743444717793230e+00 6.009980546907115495e+05
6.268747785611624518e-06 1.663045997281531463e+00 6.013545657996111549e+05
6.266210964244299332e-06 1.662509217186171062e+00 6.017185221930918051e+05
6.263918053796366422e-06 1.662119453741293107e+00 6.020863236879026517e+05
6.261860796512151496e-06 1.661863215434518759e+00 6.024545462393085472e+05
6.260030006793988351e-06 1.661727238992093181e+00 6.028199548497635406e+05
6.258415733732849816e-06 1.661698551423881343e+00 6.031795140571782831e+05
6.257007369121958690e-06 1.661764526255235630e+00 6.035303964722810779e+05
6.255793795054957971e-06 1.661912933234728218e+00 6.038699891044088872e+05
6.254763488720042730e-06 1.662131982473272096e+00 6.041958978605379816e+05
6.253904627288658147e-06 1.662410363070325303e+00 6.045059502621495631e+05
6.253869485228514786e-06 1.662723319725340154e+00 6.047931199152881745e+05
6.253216559284552399e-06 1.663077879335497666e+00 6.050619717051093467e+05
6.252710725949369900e-06 1.663464279751579511e+00 6.053108783228053944e+05
6.262170524633893371e-06 1.663666344494949545e+00 6.054631908570887754e+05
6.267859621204160046e-06 1.663774957242435848e+00 6.055540996518227039e+05
6.272718195223894664e-06 1.663817890523883181e+00 6.055943832226597006e+05
6.293144381510299969e-06 1.663475731949316083e+00 6.054687672295582015e+05
6.306413783765752519e-06 1.662934203046553483e+00 6.052460179850655841e+05
6.317528728525874578e-06 1.662269405898756158e+00 6.049526224371131975e+05
6.349613416263191469e-06 1.661067457291575122e+00 6.044373408595738001e+05
6.369892913674851277e-06 1.659636134609386637e+00 6.038119177474189783e+05
6.386644746910764001e-06 1.658099212036483250e+00 6.031178896589743672e+05
6.430557013462713475e-06 1.655932754179023636e+00 6.021623055311653297e+05
6.456546078087551445e-06 1.653593268479951695e+00 6.011094701495362679e+05
6.477724615931614134e-06 1.651245100505800201e+00 6.000132796498721000e+05
6.530814462272218131e-06 1.648282602840150490e+00 5.986497197012804681e+05
6.558261363212845071e-06 1.645330967542289136e+00 5.972429871859755367e+05
6.580270922357470453e-06 1.642567989255631966e+00 5.958499243725315901e+05
6.638102461932088134e-06 1.639314072365790631e+00 5.942192814607365290e+05
6.662718497304545020e-06 1.636341060210530385e+00 5.926275963994312333e+05
6.682074439154874966e-06 1.633809988272223013e+00 5.911245502620906336e+05
6.740284714195397692e-06 1.630974724861745218e+00 5.894355868942406960e+05
6.757800750225791333e-06 1.628735495015001478e+00 5.878832693343691062e+05
6.771151114646209883e-06 1.627207128994277330e+00 5.865002933846376836e+05
6.825083753251506028e-06 1.625592551269958719e+00 5.849956962401453638e+05
6.833324492366181431e-06 1.624860036969673072e+00 5.837162942744112806e+05
6.839115018890159986e-06 1.625061708997302290e+00 5.826727405624105595e+05
6.886380561910947450e-06 1.625360172604512377e+00 5.815625487163146026e+05
6.884917956412638296e-06 1.626753135430579089e+00 5.807426248165335273e+05
6.883013658882893985e-06 1.629225790734907475e+00 5.802007689771058504e+05
6.920893077438333059e-06 1.631948450082892021e+00 5.796409684120540041e+05
6.909154780320560181e-06 1.635909968057956076e+00 5.794160291489246301e+05
6.899250425249749579e-06 1.641024286976224600e+00 5.794901876509599388e+05
6.927097463782245871e-06 1.646472898479151459e+00 5.795758836104123620e+05
6.906684017743552861e-06 1.653199935747284188e+00 5.800090177470387425e+05
6.890186165279093343e-06 1.661055665016459182e+00 5.807339216276617954e+05
6.907405844060989498e-06 1.669273372344428852e+00 5.814863192230121931e+05
6.879200746222030295e-06 1.678730632087301444e+00 5.825775927395054605e+05
6.856843790460213295e-06 1.689217672468937392e+00 5.839344925681877648e+05
6.863825907533445570e-06 1.700027325809083889e+00 5.853190499985220376e+05
6.830937506820860900e-06 1.711920714956893130e+00 5.870015265318383463e+05
6.805233590317865800e-06 1.724642923483473034e+00 5.888974548403944355e+05
6.804134012849560417e-06 1.737559970817408095e+00 5.907998568451056490e+05
6.768850663773871292e-06 1.751317853613525433e+00 5.929393075564760948e+05
6.741579132136302075e-06 1.765629622189115455e+00 5.952252301558308536e+05
6.734778445141223192e-06 1.779929137671906192e+00 5.974793394222221104e+05
6.700832402687771146e-06 1.794719342811765816e+00 5.998841275577167980e+05
6.674955755107901148e-06 1.809704191895453063e+00 6.023508380258085672e+05
6.665671828111873846e-06 1.824392420354510103e+00 6.047311236323068151e+05
6.635863244249830183e-06 1.839154272295514536e+00 6.071634846849457826e+05
6.613558413165954404e-06 1.853707803137997212e+00 6.095677849656704348e+05
6.604690562878687327e-06 1.867634767918552985e+00 6.118231075372900814e+05
6.581163183276423851e-06 1.881192094456817676e+00 6.140302349828563165e+05
6.564058019745469293e-06 1.894136169235124845e+00 6.161237276493094396e+05
6.557095142785816849e-06 1.906140770221030012e+00 6.180137371626839740e+05
6.539896644732905375e-06 1.917386199234866639e+00 6.197742516312487423e+05
6.527865611961744589e-06 1.927682148261608219e+00 6.213568502234874759e+05
6.523375263969010596e-06 1.936790227589932911e+00 6.226986185405241558e+05
6.511897221936423982e-06 1.944844961726376553e+00 6.238553632861999795e+05
6.504284200250526930e-06 1.951718848102817594e+00 6.247962878605003934e+05
6.502147856236518629e-06 1.957256200557040637e+00 6.254814076645165915e+05
6.497973853584060768e-06 1.961505348915010716e+00 6.259342578973642085e+05
6.495993179300050483e-06 1.964419747921257287e+00 6.261457003054640954e+05
6.495675673642500400e-06 1.965977741053898553e+00 6.261131621304267319e+05
6.496560676940275874e-06 1.966182322020498807e+00 6.258399567094547674e+05
6.498250504495042609e-06 1.965058088614007437e+00 6.253343167038352694e+05
6.500404660065199531e-06 1.962648245010308434e+00 6.246084993604280753e+05
6.502734517072166542e-06 1.959011687117191869e+00 6.236779650553255342e+05
6.504998472763470544e-06 1.954220203510777853e+00 6.225606295406558784e+05
6.506997393428734924e-06 1.948355824893182930e+00 6.212761907108068699e+05
6.508570416143737336e-06 1.941508347898736275e+00 6.198455289764031768e+05
6.509590998240498977e-06 1.933773055397997265e+00 6.182901800167693291e+05
6.509963213274101341e-06 1.925248648826257236e+00 6.166318775658045197e+05
6.509618275313155508e-06 1.916035401866428733e+00 6.148921630452058744e+05
6.508511272525101817e-06 1.906233539134560395e+00 6.130920582009573700e+05
6.506618181012704097e-06 1.895941836399729796e+00 6.112517957439121092e+05
6.503933019239100592e-06 1.885256437336389590e+00 6.093906036537361797e+05
6.500465268846433739e-06 1.874269875068200975e+00 6.075265375638253754e+05
6.496237471210952529e-06 1.863070285758417155e+00 6.056763562515267404e+05
6.491283011723938201e-06 1.851740799012267180e+00 6.038554351798095740e+05
6.485644142950896587e-06 1.840359087258191195e+00 6.020777127782953903e+05
6.479370148415920161e-06 1.828997057665048498e+00 6.003556651235241443e+05
6.472515706606451324e-06 1.817720668600373957e+00 5.987003044765886152e+05
6.465139427814601036e-06 1.806589853440628168e+00 5.971211976529533276e+05
6.457302550822647852e-06 1.795658535484676133e+00 5.956265006282981485e+05
6.449067802809545490e-06 1.784974718463086640e+00 5.942230060773553560e+05
6.440498395802866745e-06 1.774580638861702919e+00 5.929162010771027999e+05
6.431657164000442804e-06 1.764512967189034054e+00 5.917103324528441299e+05
6.422605822959741138e-06 1.754803046961058488e+00 5.906084776730115991e+05
6.413404379936974484e-06 1.745477160611892176e+00 5.896126192174354801e+05
6.404110570793942014e-06 1.736556815842195789e+00 5.887237215605032397e+05
6.394779443647366347e-06 1.728059043708670472e+00 5.879418090949081816e+05
6.385463038020077289e-06 1.719996702265048638e+00 5.872660439351340756e+05
6.376210077458371945e-06 1.712378782199118321e+00 5.866948032844334375e+05
6.367065862367716942e-06 1.705210707636671152e+00 5.862257547406089725e+05
6.358072052428140428e-06 1.698494632716777586e+00 5.858559303683883045e+05
6.349266595322755532e-06 1.692229729472243926e+00 5.855817984381818678e+05
6.340683698723751608e-06 1.686412465340474398e+00 5.853993325933784945e+05
6.332353864641369181e-06 1.681036868712829868e+00 5.853040781059494475e+05
6.324303912009749728e-06 1.676094782707961306e+00 5.852912154443737818e+05
6.316557044483556962e-06 1.671576106435075149e+00 5.853556209490637993e+05
6.309132952224144794e-06 1.667469023409981821e+00 5.854919244989831932e+05
6.302047922782747336e-06 1.663760217436051958e+00 5.856945642352061113e+05
6.295314978778923465e-06 1.660435075995405629e+00 5.859578382633508882e+05
6.288944028595886076e-06 1.657477881513948592e+00 5.862759533487817971e+05
6.282942015253428090e-06 1.654871991184423408e+00 5.866430707140929298e+05
6.277313103643963375e-06 1.652600005206947831e+00 5.870533487303432776e+05
6.272058837093242365e-06 1.650643924689450426e+00 5.875009828049025964e+05
6.267178332903824460e-06 1.648985298968484559e+00 5.879802422186292242e+05
6.262668459013363027e-06 1.647605363255137068e+00 5.884855041013075970e+05
6.258524010721378940e-06 1.646485167082933909e+00 5.890112845766893588e+05
6.254737921563192457e-06 1.645605693125672619e+00 5.895522668222089997e+05
6.251301414570011690e-06 1.644947968159804930e+00 5.901033265500764828e+05
6.248204184499518718e-06 1.644493165670452894e+00 5.906595546586844139e+05
6.245434581786471292e-06 1.644222700261499304e+00 5.912162770502275089e+05
6.242979780254327689e-06 1.644118314419003912e+00 5.917690717588810949e+05
6.240825947563693466e-06 1.644162157657716339e+00 5.923137833766329568e+05
6.238958379452768551e-06 1.644336858889770880e+00 5.928465350708189653e+05
6.237361739440975521e-06 1.644625589842295899e+00 5.933637374024416786e+05
6.236020106163466320e-06 1.645012123658210701e+00 5.938620954820449697e+05
6.234917135105953040e-06 1.645480886159647715e+00 5.943386135698511498e+05
6.234036194621962477e-06 1.646017000305812994e+00 5.947905973684134660e+05
6.233360498861268149e-06 1.646606323941651517e+00 5.952156540887138108e+05
6.232873206894368189e-06 1.647235481520739953e+00 5.956116906065323856e+05
6.232557553885394140e-06 1.647891889196991366e+00 5.959769095303964568e+05
6.232396955577364658e-06 1.648563773861714488e+00 5.963098034671433270e+05
6.232375074967978067e-06 1.649240186916717033e+00 5.966091478490218287e+05
6.232475961515030318e-06 1.649911011452072529e+00 5.968739918575118063e+05
6.232684063537534683e-06 1.650566965367628258e+00 5.971036485023937421e+05
6.232984331760751941e-06 1.651199598781047273e+00 5.972976832405655878e+05
6.233362278414097538e-06 1.651801286684954739e+00 5.974559015751708066e+05
6.233804010946144560e-06 1.652365217523656060e+00 5.975783359226628672e+05
6.234296318596208020e-06 1.652885376783075788e+00 5.976652314352605026e+05
6.234826644630070210e-06 1.653356528084515276e+00 5.977170317571299383e+05
6.235383221865732535e-06 1.653774188659487221e+00 5.977343635347762611e+05
6.235955003539797608e-06 1.654134603623786282e+00 5.977180213803312508e+05
6.236531703864075930e-06 1.654434717022382539e+00 5.976689524909954052e+05
6.237103803466631612e-06 1.654672140559895421e+00 5.975882412787241628e+05
6.237662566388357363e-06 1.654845120012228499e+00 5.974770939915698254e+05
6.238200030628221624e-06 1.654952500137387927e+00 5.973368236062515061e+05
6.238709002555095760e-06 1.654993688229102533e+00 5.971688350155253429e+05
6.239183044383692610e-06 1.654968616689889593e+00 5.969746106168365804e+05
6.239616470138517174e-06 1.654877704672087502e+00 5.967556962825281080e+05
6.240004306202024691e-06 1.654721819771654445e+00 5.965136880299119512e+05
6.240342313873814289e-06 1.654502238672005632e+00 5.962502189378771000e+05
6.240626929101422641e-06 1.654220608737032583e+00 5.959669469984420575e+05
6.240855238730013947e-06 1.653878909945347031e+00 5.956655436225591693e+05
6.244817192922368497e-06 1.653400121338386208e+00 5.953191317003924632e+05
6.245877210829539082e-06 1.652853157823495289e+00 5.949533316314215772e+05
6.246729756454564249e-06 1.652247663601769112e+00 5.945717508917679079e+05
6.257138731616217085e-06 1.651387910170205142e+00 5.941043316639651312e+05
6.262543094922120314e-06 1.650399888920931257e+00 5.935968105490958551e+05
6.266986552823564857e-06 1.649321401284920663e+00 5.930616831596568227e+05
6.283743900966195320e-06 1.647910095445175305e+00 5.924111144735286944e+05
6.293023341820589004e-06 1.646357517793418435e+00 5.917133872374901548e+05
6.300595267432994939e-06 1.644727954739468201e+00 5.909890905788044911e+05
6.323324440853566766e-06 1.642729979937861629e+00 5.901316714237276465e+05
6.335293785590178615e-06 1.640634677822974341e+00 5.892369299468637910e+05
6.344952285404344570e-06 1.638525999960251944e+00 5.883311060665094992e+05
6.373104716906174244e-06 1.636050744225875153e+00 5.872845736763715977e+05
6.386543110277894216e-06 1.633568778824191936e+00 5.862241557529341662e+05
6.397251328737590553e-06 1.631175390407956449e+00 5.851789493640370201e+05
6.430269564755526496e-06 1.628443106159459530e+00 5.839921562023301376e+05
6.444226926930955821e-06 1.625823311880815414e+00 5.828228882042651530e+05
6.455208436416204192e-06 1.623415007151056244e+00 5.817006649938783376e+05
6.492736312637145924e-06 1.620705968878409342e+00 5.804382371497851564e+05
6.506865119415566759e-06 1.618234205951962545e+00 5.792255105304729659e+05
6.517868567084218687e-06 1.616097990114455651e+00 5.780911392219305271e+05
6.558931148964517176e-06 1.613714255480501514e+00 5.768228818855307763e+05
6.572095770163932052e-06 1.611705809544658363e+00 5.756408669416779885e+05
6.582230153478657324e-06 1.610161618180990351e+00 5.745701283310474828e+05
6.625773506292423279e-06 1.608428510243343101e+00 5.733742954815052217e+05
6.636842330417005919e-06 1.607211243614484308e+00 5.723027231770633953e+05
6.645233969856202296e-06 1.606581466214239695e+00 5.713742511565021705e+05
6.685917200578106277e-06 1.605900894404983070e+00 5.703592183933218475e+05
6.690294896468976138e-06 1.605931368864929265e+00 5.695270344677105313e+05
6.693249356626613405e-06 1.606699578078736312e+00 5.688811489324980648e+05
6.727690993044112439e-06 1.607565243102076380e+00 5.681934195122754900e+05
6.723498708527477967e-06 1.609313384761986709e+00 5.677413783187328372e+05
6.719608986453669355e-06 1.611913573315868042e+00 5.675094471276779659e+05
6.745488636998990561e-06 1.614736629058065587e+00 5.672762765290903626e+05
6.731268684906446955e-06 1.618575165382877046e+00 5.673219188782398123e+05
6.719444732184840001e-06 1.623332913480743933e+00 5.676093800735579571e+05
6.733748842947514286e-06 1.628426171731904404e+00 5.679367073563596932e+05
6.711675921273472896e-06 1.634554075608773971e+00 5.685511739696923178e+05
6.693801105711377507e-06 1.641563138266713073e+00 5.693985677116125589e+05
6.699527239400812815e-06 1.648896557271965158e+00 5.702901950193007942e+05
6.672547487429724438e-06 1.657170677851164342e+00 5.714448544007031014e+05
6.651057487431412717e-06 1.666190372536124453e+00 5.727970893030948937e+05
6.649848582849044330e-06 1.675447097245777561e+00 5.741789511225849856e+05
6.620604527862015043e-06 1.685459209645823853e+00 5.757759628901113756e+05
6.597629336750625198e-06 1.696004236772496343e+00 5.775168131146028172e+05
6.591763342152733109e-06 1.706625225638612076e+00 5.792551893640839262e+05
6.564355357256308720e-06 1.717707559589371602e+00 5.811319786591540324e+05
6.543215816633856856e-06 1.729024920424687028e+00 5.830781441177285742e+05
6.535409192484083169e-06 1.740195972207493780e+00 5.849763154356786981e+05
6.510647283535586206e-06 1.751516754026003930e+00 5.869376233266281197e+05
6.491881216099933892e-06 1.762768157816236636e+00 5.888981819050450576e+05
6.482651507170065744e-06 1.773653338410117186e+00 5.907711837603765307e+05
6.461217113902105970e-06 1.784375373077125682e+00 5.926365485313516110e+05
6.445262459436393304e-06 1.794733431124809986e+00 5.944381972766104154e+05
6.435816491898866351e-06 1.804507373837208606e+00 5.961156627999406774e+05
6.418007511200222534e-06 1.813829271696626444e+00 5.977244593519137707e+05
6.404987091561155467e-06 1.822527181544170150e+00 5.992183670934471302e+05
6.396412016426561386e-06 1.830443942719112149e+00 6.005570322645163396e+05
6.389415872953988806e-06 1.837502926020488481e+00 6.017257507208181778e+05
6.385278715323963484e-06 1.843608780132406588e+00 6.027025216447687708e+05
6.383441490023568794e-06 1.848691101869275544e+00 6.034725253465207061e+05
6.383411517196489522e-06 1.852703252350404117e+00 6.040273598167245509e+05
6.384756284366964821e-06 1.855620132777799025e+00 6.043641971050334396e+05
6.387098081259772656e-06 1.857435959786411184e+00 6.044849909492168808e+05
6.390109096429774340e-06 1.858162053886900145e+00 6.043957356112201232e+05
6.393507064964650319e-06 1.857824656682917741e+00 6.041057755522016669e+05
6.397051174384860684e-06 1.856462800281339698e+00 6.036271676904401975e+05
6.400538382323824572e-06 1.854126248560102441e+00 6.029740963065159740e+05
6.403799945424773161e-06 1.850873532374581076e+00 6.021623415333818411e+05
6.406698145025070001e-06 1.846770098188663445e+00 6.012088016644866439e+05
6.409123272238082225e-06 1.841886584425293405e+00 6.001310681899994379e+05
6.410990690192092684e-06 1.836297240009047815e+00 5.989470531154050259e+05
6.412238141052426645e-06 1.830078491543846386e+00 5.976746660590412794e+05
6.412823204319763126e-06 1.823307663694870406e+00 5.963315387689465424e+05
6.412720888868967703e-06 1.816061854357662764e+00 5.949347943737317109e+05
6.411921400983922036e-06 1.808416961646580390e+00 5.935008579440767644e+05
6.410428092607148462e-06 1.800446856867333301e+00 5.920453046723151347e+05
6.408255503901523599e-06 1.792222697846821866e+00 5.905827425634734100e+05
6.405427641321848284e-06 1.783812371218295389e+00 5.891267253029223066e+05
6.401976296041395619e-06 1.775280056160384090e+00 5.876896925927165430e+05
6.397939580355635445e-06 1.766685896542024903e+00 5.862829338896234985e+05
6.398271967533231659e-06 1.757977891855301733e+00 5.848806811079642503e+05
6.394875425578872130e-06 1.749289145413447821e+00 5.835188648280152120e+05
6.390774696597045975e-06 1.740678676320164486e+00 5.822085679119927809e+05
6.395105181883038655e-06 1.732001820788485746e+00 5.808933351234069560e+05
6.393765624166683709e-06 1.723434432346020673e+00 5.796242850399753079e+05
6.391317368845620534e-06 1.715043618638179890e+00 5.784155371442291653e+05
6.399517221327959290e-06 1.706637439748207807e+00 5.771947130789548391e+05
6.399735482153598063e-06 1.698440106498954938e+00 5.760303175210716436e+05
6.398545288304230285e-06 1.690521767651191221e+00 5.749380972272066865e+05
6.408863592463939238e-06 1.682670703386821565e+00 5.738391350717671448e+05
6.409429930703105041e-06 1.675141518442626820e+00 5.728137958165130112e+05
6.408527424721261351e-06 1.667997832015566173e+00 5.718766377481933450e+05
6.420926194533305234e-06 1.660985706791476835e+00 5.709347596498474013e+05
6.420949998707897734e-06 1.654405686523401808e+00 5.700861658611443127e+05
6.419640741567020583e-06 1.648308762857997545e+00 5.693422256857851753e+05
6.432249839459185098e-06 1.642421409642617958e+00 5.686039384851169307e+05
6.430003629699452479e-06 1.637082135246378245e+00 5.679845868479650235e+05
6.426903872043330713e-06 1.632318507719786371e+00 5.674888352012237301e+05
6.437681722324537052e-06 1.627847249216141545e+00 5.670152806353335036e+05
6.432971223943341839e-06 1.624003354725947146e+00 5.666783155973915709e+05
6.428002066292529384e-06 1.620788631329381557e+00 5.664751976465771440e+05
6.438485320848876476e-06 1.617877503414640872e+00 5.662908104828720680e+05
6.431932757951701145e-06 1.615624796893326165e+00 5.662486358941592043e+05
6.425664588608057028e-06 1.614011057880984534e+00 5.663397505152928643e+05
6.434315929855607498e-06 1.612712690859188003e+00 5.664507441346195992e+05
6.426001869571215170e-06 1.612071506406891563e+00 5.667024020344750024e+05
6.418537447075572740e-06 1.612047070219323919e+00 5.670797702018163400e+05
6.426360854127664470e-06 1.612300054127752791e+00 5.674650059543261304e+05
6.418099244095241042e-06 1.613147215012679547e+00 5.679716870846095262e+05
6.410967969047351965e-06 1.614537595732510766e+00 5.685823254383468302e+05
6.418348261683222356e-06 1.616142987009334009e+00 5.691839787239048164e+05
6.408924750980803117e-06 1.618290816674738508e+00 5.698951402015822241e+05
6.401082028064342350e-06 1.620915310674311272e+00 5.706941211500217905e+05
6.407337023557732855e-06 1.623690106830246949e+00 5.714697945267028408e+05
6.398221450360689168e-06 1.626910116607508616e+00 5.723302295237795915e+05
6.390880611963328191e-06 1.630502950766068659e+00 5.732524869038063334e+05
6.397177337259089361e-06 1.634148440868452345e+00 5.741286783793177456e+05
6.388425120813676966e-06 1.638135717480482034e+00 5.750654922577751568e+05
6.381583985218896874e-06 1.642388686682930254e+00 5.760395026225069305e+05
6.388026032618245179e-06 1.646592252021024549e+00 5.769455741778574884e+05
6.380565846680543895e-06 1.651014513244512649e+00 5.778833818518458866e+05
6.374953944096687711e-06 1.655582542409488989e+00 5.788312558510551462e+05
6.382830468480687059e-06 1.659977707941155067e+00 5.796835526826755377e+05
6.377473056181402289e-06 1.664460705945292496e+00 5.805373454196414677e+05
6.373706394425822697e-06 1.668969276699262760e+00 5.813749178167523351e+05
6.383825994530310212e-06 1.673180211731311484e+00 5.820893979718221817e+05
6.381001429214033763e-06 1.677357616235656712e+00 5.827785730703014415e+05
6.379369575537321837e-06 1.681455582485777978e+00 5.834301680714861723e+05
6.392250994940367171e-06 1.685143898956430020e+00 5.839348317727602553e+05
6.392170504251814549e-06 1.688698622755208989e+00 5.843935634907346684e+05
6.392779412177506215e-06 1.692094478392275336e+00 5.848005087050413713e+05
6.408092843086873479e-06 1.695005318111529657e+00 5.850472525822320022e+05
6.409682927851965455e-06 1.697734921047494350e+00 5.852429954215919133e+05
6.411571046394242116e-06 1.700275098383970507e+00 5.853866774726049043e+05
6.428792352685966633e-06 1.702293282538453800e+00 5.853669777290901402e+05
6.431212208866992184e-06 1.704126062128893615e+00 5.853028442220899742e+05
6.433638875797989950e-06 1.705778452220085839e+00 5.851964916640724987e+05
6.451742108544536581e-06 1.706916031112456267e+00 5.849351880176150007e+05
6.453764871127281195e-06 1.707909240682986329e+00 5.846479178204056807e+05
6.455692358270700186e-06 1.708768835315952694e+00 5.843376601591359358e+05
6.473787131248780113e-06 1.709152475875045152e+00 5.838883227318794234e+05
6.475016132348170688e-06 1.709450297184764933e+00 5.834342580793596571e+05
6.476129360875909482e-06 1.709674785550834519e+00 5.829780766241833335e+05
6.493943521223059769e-06 1.709473243162919598e+00 5.823996801266960101e+05
6.493835381663734912e-06 1.709259003602136007e+00 5.818402174316993915e+05
6.493706436671471208e-06 1.709041569281832595e+00 5.813005534684566082e+05
6.510896023583182470e-06 1.708454172051805608e+00 5.806555740258605219e+05
6.509564511675150497e-06 1.707921379620182645e+00 5.800494474291419610e+05
6.508325200356096831e-06 1.707448377855339983e+00 5.794811328432570444e+05
6.524998814313698157e-06 1.706654350630372186e+00 5.788207169885188341e+05
6.522586453764821531e-06 1.705973600328721584e+00 5.782151207349970937e+05
6.520388411121851476e-06 1.705406375119590257e+00 5.776613974409541115e+05
6.535926571855911021e-06 1.704573774655244955e+00 5.770304127389331115e+05
6.531974434201509670e-06 1.703914655753558938e+00 5.764702682625330053e+05
6.528464735743975215e-06 1.703420381450150289e+00 5.759750269977300195e+05
6.541596052578004958e-06 1.702731721594300529e+00 5.754225362726295134e+05
6.535094817026940365e-06 1.702283729727742667e+00 5.749594731760071591e+05
6.529464887030090968e-06 1.702051830572415048e+00 5.745748467878124211e+05
6.538112929760163706e-06 1.701720434229283763e+00 5.741618290773958433e+05
6.527406297237795861e-06 1.701707995211664048e+00 5.738616256911227247e+05
6.518316083398905002e-06 1.701963218269398226e+00 5.736549823615895584e+05
6.521371327482323224e-06 1.702205520036371711e+00 5.734478213979901047e+05
6.506348779534907966e-06 1.702813974469010727e+00 5.733686008743317798e+05
6.493753115609610301e-06 1.703708664704117970e+00 5.733895443611210212e+05
6.491583798700577263e-06 1.704635203973212221e+00 5.734265509358427953e+05
6.473588079830402098e-06 1.705914577621868045e+00 5.735892963652953040e+05
6.458639152149373437e-06 1.707445253292120935e+00 5.738440115723536583e+05
6.452568309707009913e-06 1.708998717126567257e+00 5.741164226530415472e+05
6.434159117763783145e-06 1.710815475279154896e+00 5.744899362031371566e+05
6.419004295794765815e-06 1.712786888049861789e+00 5.749295980755047640e+05
6.411144983055370257e-06 1.714717222861936730e+00 5.753729481529828627e+05
6.394125365015465032e-06 1.716778401214230421e+00 5.758808734869576292e+05
6.380245234618216204e-06 1.718866770156431745e+00 5.764208971926588565e+05
6.372577985074027140e-06 1.720813717949091437e+00 5.769400107525014319e+05
6.358216485587126752e-06 1.722742594020070017e+00 5.774829272318716394e+05
6.346622179320700675e-06 1.724564901431351993e+00 5.780224913082924904e+05
6.340318994309674573e-06 1.726139879026527657e+00 5.785148399230889045e+05
6.331332962578157354e-06 1.727512004414567537e+00 5.789778882310769986e+05
6.324231198164311087e-06 1.728626147121383516e+00 5.793953453379725106e+05
6.319397420492168037e-06 1.729422416428193499e+00 5.797494597275239648e+05
6.315061216128949570e-06 1.729886340454326543e+00 5.800372714224299416e+05
6.311792721217982690e-06 1.729995000596781018e+00 5.802524289525568020e+05
6.309376937813988267e-06 1.729734258217924259e+00 5.803911436705053784e+05
6.307625619176620179e-06 1.729098079287569423e+00 5.804518723299901467e+05
6.306374858537824784e-06 1.728087490557671080e+00 5.804349755780859850e+05
6.305482871077524093e-06 1.726709600265984079e+00 5.803424063932347344e+05
6.304827962404135270e-06 1.724976682601117695e+00 5.801774268272266490e+05
6.304306654869788205e-06 1.722905325810053956e+00 5.799443516525245504e+05
6.303831941131079442e-06 1.720515644220627971e+00 5.796483177089369856e+05
6.303331661031837256e-06 1.717830554122165898e+00 5.792950776992805768e+05
6.302747004661041094e-06 1.714875112823804670e+00 5.788908170767365955e+05
6.302031100269749208e-06 1.711675920461901423e+00 5.784419928852033336e+05
6.301147707944295259e-06 1.708260583055046355e+00 5.779551931667377939e+05
6.300070001053262235e-06 1.704657235093091527e+00 5.774370156134271529e+05
6.299499573284664514e-06 1.700878698517163778e+00 5.768887337730904110e+05
6.297875089499243797e-06 1.696972138980291422e+00 5.763231689537491184e+05
6.296034401221854136e-06 1.692964870735740313e+00 5.757462630029002903e+05
6.298330983598597930e-06 1.688790361354821190e+00 5.751320700590709457e+05
6.296765788900692898e-06 1.684559809260895102e+00 5.745151150183918653e+05
6.294884849511868850e-06 1.680303195962129514e+00 5.739017635312317871e+05
6.301194926147130821e-06 1.675867636360532487e+00 5.732363068375590956e+05
6.302438075034050882e-06 1.671395239221235229e+00 5.725638844648780068e+05
6.302839031670827068e-06 1.666932592313840722e+00 5.718960338650535559e+05
6.313613700605748130e-06 1.662286308966577808e+00 5.711624972263737582e+05
6.317275387351366453e-06 1.657647441570257785e+00 5.704251300756126875e+05
6.319617745430384129e-06 1.653076262070446889e+00 5.696997225669698091e+05
6.334695061378048880e-06 1.648334205108258788e+00 5.688998785646145698e+05
6.340307348026251314e-06 1.643664842255936120e+00 5.681057251983309397e+05
6.344195200670902316e-06 1.639138155907926553e+00 5.673361323141207686e+05
6.361922784123445399e-06 1.634495034359655152e+00 5.664971875935059506e+05
6.367493608725191621e-06 1.630032606457021860e+00 5.656880333468134049e+05
6.371271687935206311e-06 1.625817591920776684e+00 5.649265338770232629e+05
6.388861126973345628e-06 1.621588332022874335e+00 5.641179513913389528e+05
6.391668303043888209e-06 1.617685847576707081e+00 5.633776242258925922e+05
6.393112112928485894e-06 1.614156239229372458e+00 5.627169017071450362e+05
6.407461062052385234e-06 1.610746345952223546e+00 5.620446793571955059e+05
6.404858418481734754e-06 1.607824260599667321e+00 5.614871416095520835e+05
6.401844074154869656e-06 1.605398976106509279e+00 5.610438690538816154e+05
6.409648963071574558e-06 1.603243555354730399e+00 5.606341894043592038e+05
6.400274235686789746e-06 1.601708644063094988e+00 5.603799272544101113e+05
6.391771219872199396e-06 1.600756888307096393e+00 5.602661433125458425e+05
6.392099512426691253e-06 1.600183212404862720e+00 5.602215113344589481e+05
6.376666289137739709e-06 1.600288882834209003e+00 5.603524366682380205e+05
6.363359903506600934e-06 1.600993221450114357e+00 5.606307477196479449e+05
6.356988472741858539e-06 1.602113571034101902e+00 5.609948194209423382e+05
6.337494663794258249e-06 1.603882031979368517e+00 5.615286247919084271e+05
6.321101474568698321e-06 1.606185097132191819e+00 5.621945120523946825e+05
6.310081555494708802e-06 1.608860770249375127e+00 5.629399049915361684e+05
6.289895309615055549e-06 1.612051330526694359e+00 5.638189550308466423e+05
6.273241553580316452e-06 1.615628499053031852e+00 5.647907760344132548e+05
6.260816473969195625e-06 1.619450035831847101e+00 5.658112167777701980e+05
6.246998554326300931e-06 1.623496937202443036e+00 5.668793413153864676e+05
6.235967980314976387e-06 1.627664112989574807e+00 5.679639789131148718e+05
6.227364530999498620e-06 1.631857667366886089e+00 5.690383982718201587e+05
6.220862241740066824e-06 1.635996106266038863e+00 5.700801618947676616e+05
6.216166315204772520e-06 1.640009390841572046e+00 5.710707196797883371e+05
6.213010447032870754e-06 1.643838070325748024e+00 5.719950356980462093e+05
6.211154440085395996e-06 1.647432475244729799e+00 5.728412427037430461e+05
6.210382158512774842e-06 1.650751955347329103e+00 5.736003197019352810e+05
6.210499588591039123e-06 1.653764154085924920e+00 5.742657904987883521e+05
6.211333175952897557e-06 1.656444311263874480e+00 5.748334405169270467e+05
6.212728248743230559e-06 1.658774590731253662e+00 5.753010510293546831e+05
6.214547602277735382e-06 1.660743430424596490e+00 5.756681496917610057e+05
6.216670163014577010e-06 1.662344914492799974e+00 5.759357770416587591e+05
6.218989757086060337e-06 1.663578167668866126e+00 5.761062685287719360e+05
6.221413939990390848e-06 1.664446773203960728e+00 5.761830519803568022e+05
6.223862919863768295e-06 1.664958215420170307e+00 5.761704601338052889e+05
6.226268517563202411e-06 1.665123348892042499e+00 5.760735582279468654e+05
6.228573182912020157e-06 1.664955895897225036e+00 5.758979864101969870e+05
6.230729079716814803e-06 1.664471973251992587e+00 5.756498165208728751e+05
6.232697204084190920e-06 1.663689650002209586e+00 5.753354229920725338e+05
6.234446544386872387e-06 1.662628537015889529e+00 5.749613674399171723e+05
6.235953300889910276e-06 1.661309408682330790e+00 5.745342962890986819e+05
6.237200144450978836e-06 1.659753856997957966e+00 5.740608508614702150e+05
6.238407057610318513e-06 1.657979121259402389e+00 5.735459092111631762e+05
6.239069437602485322e-06 1.656013545289549693e+00 5.729979648057561135e+05
6.239456093659769219e-06 1.653879391622122386e+00 5.724231780509155942e+05
6.239568658553584275e-06 1.651598543853348477e+00 5.718274422045140527e+05
6.239412175356283809e-06 1.649192455439079996e+00 5.712163634650530294e+05
6.238994606587148863e-06 1.646681983511375291e+00 5.705952303378253710e+05
6.238326378545141750e-06 1.644087248071589791e+00 5.699689902665718691e+05
6.237419963507205323e-06 1.641427514865340331e+00 5.693422327951546758e+05
6.236289491722278553e-06 1.638721100273819786e+00 5.687191785965468735e+05
6.234950391499638218e-06 1.635985296523210009e+00 5.681036737377151148e+05
6.233419061411712126e-06 1.633236315411662254e+00 5.674991885439611506e+05
6.231712592554660812e-06 1.630489248474765507e+00 5.669088203321648762e+05
6.229848496032359835e-06 1.627758042275447625e+00 5.663352996438418049e+05
6.227844483795837015e-06 1.625055486790612180e+00 5.657809992854667362e+05
6.225718268831675548e-06 1.622393215437691438e+00 5.652479457702387590e+05
6.223487391535789318e-06 1.619781715288557189e+00 5.647378327337522060e+05
6.221169062117688921e-06 1.617230346172310984e+00 5.642520359929617262e+05
6.218780008625530417e-06 1.614747367629730590e+00 5.637916300133817131e+05
6.216336395274953759e-06 1.612339971859434007e+00 5.633574051215061918e+05
6.213853687311086561e-06 1.610014322518651619e+00 5.629498857034345856e+05
6.211346606004243648e-06 1.607775597454295990e+00 5.625693486219317419e+05
6.208829029113897889e-06 1.605628035410225918e+00 5.622158421437953366e+05
6.206313978593542108e-06 1.603574984891609212e+00 5.618892046642466448e+05
6.203813560569122138e-06 1.601618955305514014e+00 5.615890835090087494e+05
6.201338956883725243e-06 1.599761669229459837e+00 5.613149533843446989e+05
6.198900407378882445e-06 1.598004115498361744e+00 5.610661345018054126e+05
6.196507205491207611e-06 1.596346602603673670e+00 5.608418102476123022e+05
6.194167701141246518e-06 1.594788811986125321e+00 5.606410443183113821e+05
6.191889312664696551e-06 1.593329850825268901e+00 5.604627972385371104e+05
6.189678549633472448e-06 1.591968303930729078e+00 5.603059421701179817e+05
6.187541030072647919e-06 1.590702284656343002e+00 5.601692800483637257e+05
6.185481510840622981e-06 1.589529484468899856e+00 5.600515539439471904e+05
6.183503920663569840e-06 1.588447220986252129e+00 5.599514626326449215e+05
6.181611396577637160e-06 1.587452484329875846e+00 5.598676733523047296e+05
6.179806321206300865e-06 1.586541981687802139e+00 5.597988337475698208e+05
6.178090369521451571e-06 1.585712179859007254e+00 5.597435829413468018e+05
6.176464551827409647e-06 1.584959345782871676e+00 5.597005617739784066e+05
6.174929253486350306e-06 1.584279585072095431e+00 5.596684222460215678e+05
6.173484284220876981e-06 1.583668878359760779e+00 5.596458361058391165e+05
6.172128916453708141e-06 1.583123115596350772e+00 5.596315026780314511e+05
6.170861938155550260e-06 1.582638128061655047e+00 5.596241558395110769e+05
6.169681689910622623e-06 1.582209718312045821e+00 5.596225702771765646e+05
6.183968493894017393e-06 1.581524342554457396e+00 5.595161258989375783e+05
6.195330005792161413e-06 1.580665623983846357e+00 5.593348389568477869e+05
6.204841353948130410e-06 1.579698192107849231e+00 5.591000163602941902e+05
6.242829723900535048e-06 1.578075649098787059e+00 5.586168030662300298e+05
6.271750381018215583e-06 1.576052871483090589e+00 5.579742824205687502e+05
6.295755749498114057e-06 1.573799048755321728e+00 5.572273655397051480e+05
6.361246965111602709e-06 1.570553774504857447e+00 5.561023899175059050e+05
6.407064220104607135e-06 1.566836980004419733e+00 5.547798046340609435e+05
6.444561994022901314e-06 1.562925746455821496e+00 5.533484953331903089e+05
6.539781669094006197e-06 1.557793157157772335e+00 5.514374043869239977e+05
6.601402622696888311e-06 1.552277928502166171e+00 5.493375923396566650e+05
6.651013359788040708e-06 1.546758974104382123e+00 5.471698377901777858e+05
6.775223442113351710e-06 1.539943282749856701e+00 5.444668751410180703e+05
6.846034577908733089e-06 1.533068436596883855e+00 5.416593185903750127e+05
6.901942768963826155e-06 1.526570961010319971e+00 5.388849580614781007e+05
7.046543911170127354e-06 1.518942064310172091e+00 5.356005558208915172e+05
7.117527739465824895e-06 1.511766405699613403e+00 5.323585542668597773e+05
7.172374998665953688e-06 1.505472584422569149e+00 5.292920615119130816e+05
7.328887979752676816e-06 1.498345496887604433e+00 5.257882568390386878e+05
7.390117569061732898e-06 1.492289409892895602e+00 5.225110855916140135e+05
7.436279490343559306e-06 1.487658909844672639e+00 5.195663433768600808e+05
7.594485154310158924e-06 1.482563069880214801e+00 5.162852944756288198e+05
7.637411430187553518e-06 1.479160199982675561e+00 5.134176805270766490e+05
7.668735344572429356e-06 1.477681205248548846e+00 5.110247043675287277e+05
7.818180486492967777e-06 1.476116192059413246e+00 5.084041557856083964e+05
7.838206483431945816e-06 1.476771210895837960e+00 5.063502367607428459e+05
7.851811681105108596e-06 1.479732707486797860e+00 5.048726642019583378e+05
7.985412387094699936e-06 1.482926412913391445e+00 5.032571045493753627e+05
7.979639269906385233e-06 1.488760209243571220e+00 5.023215975518842461e+05
7.973866062651769758e-06 1.497167525758288598e+00 5.020223533797507407e+05
8.082039051170498593e-06 1.506121587131989292e+00 5.016732377765791607e+05
8.047423850201184019e-06 1.518058402607506352e+00 5.020865467540055979e+05
8.020285510369897864e-06 1.532744914277246906e+00 5.031628645087731420e+05
8.099178871335908287e-06 1.548209339152435415e+00 5.042490234796150471e+05
8.038670765432609735e-06 1.566846822407107931e+00 5.061266469534874777e+05
7.992570699945099929e-06 1.588267350719669624e+00 5.086482371736179339e+05
8.037419269685480713e-06 1.610664455401449091e+00 5.112315274784450303e+05
7.952540903184060603e-06 1.636317907219266621e+00 5.146031751304072677e+05
7.888443110974511022e-06 1.664674605346170289e+00 5.185712049591358518e+05
7.900131305816609559e-06 1.694087878303486727e+00 5.226235959167771507e+05
7.800026733439822870e-06 1.726585457968470294e+00 5.273933171920573805e+05
7.724749299113918441e-06 1.761473977077847808e+00 5.326585202761213295e+05
7.710145579935731214e-06 1.797275115278347046e+00 5.379813766755351098e+05
7.602772963458635882e-06 1.835730524981510792e+00 5.438984135350383585e+05
7.522142795344258612e-06 1.876026078121263208e+00 5.501702257605955238e+05
7.488804779209637963e-06 1.916836340622947388e+00 5.564286945936965058e+05
7.386992528635568379e-06 1.959460382186169802e+00 5.630771771977448370e+05
7.310953986047381881e-06 2.003014621867569289e+00 5.698793095451912377e+05
7.269890199443881023e-06 2.046344046018781171e+00 5.765403926896433113e+05
7.182367985289123958e-06 2.090295381511841910e+00 5.833374480241155252e+05
7.117755668802546327e-06 2.133975465232411661e+00 5.900544866079412168e+05
7.078460269237239370e-06 2.176395675660532714e+00 5.964638547975226538e+05
7.011143951028352276e-06 2.217990688019623846e+00 6.027329227321662474e+05
6.962636262456501295e-06 2.257938085287344077e+00 6.086828148772290442e+05
6.931729056487830417e-06 2.295443453016172697e+00 6.141511603386057541e+05
6.886440595123359995e-06 2.330642508303650384e+00 6.192256014998127939e+05
6.855358703539711875e-06 2.362872347755303082e+00 6.237772871296113590e+05
6.836021123310500184e-06 2.391566394072304202e+00 6.277053909064179752e+05
6.815913188071884532e-06 2.416575442000921115e+00 6.310159085207097232e+05
6.804648021335833803e-06 2.437505980650179094e+00 6.336458297681403346e+05
6.800340448542112212e-06 2.454071850121350984e+00 6.355562345882491209e+05
6.801353359792277046e-06 2.466096271445503252e+00 6.367303264263817109e+05
6.806267959648102899e-06 2.473504671748911310e+00 6.371706142592622200e+05
6.813859783982819538e-06 2.476315941708853163e+00 6.368961103079488967e+05
6.823078856959541271e-06 2.474632380985221314e+00 6.359395775382061256e+05
6.833032756536576182e-06 2.468628680365381189e+00 6.343448708413091954e+05
6.842971743809091006e-06 2.458540335380833941e+00 6.321644171245056204e+05
6.852275380776983821e-06 2.444651892189166453e+00 6.294568751098226057e+05
6.860440148846100306e-06 2.427285403624654503e+00 6.262850083917579614e+05
6.867067872360051045e-06 2.406789425106541813e+00 6.227137949647675268e+05
6.871854769100480921e-06 2.383528818849436792e+00 6.188087862516501918e+05
6.874581042203394476e-06 2.357875566725215588e+00 6.146347188056503655e+05
6.876110688185994805e-06 2.330172372990773511e+00 6.102469485029291827e+05
6.874182850543820158e-06 2.300818597441252944e+00 6.057147627155769151e+05
6.869962332075829379e-06 2.270163712621176444e+00 6.010942968135793926e+05
6.870225755404441534e-06 2.238356250826458282e+00 5.963889984861962730e+05
6.864454476375346258e-06 2.205831832060495934e+00 5.916792584280553274e+05
6.856086933338839672e-06 2.172904003775896875e+00 5.870142121606841683e+05
6.852438877698710832e-06 2.139670332038038136e+00 5.823869892854911741e+05
6.840721629223380376e-06 2.106556664767660791e+00 5.778818054109335644e+05
6.826771321006916929e-06 2.073800227823624720e+00 5.735340536724461708e+05
6.818008319991792559e-06 2.041426720009931639e+00 5.693238706420259550e+05
6.800543554612965307e-06 2.009803274461853029e+00 5.653287448958997848e+05
6.781523965263323699e-06 1.979083029073021471e+00 5.615693120029421989e+05
6.768301980898891739e-06 1.949220806481423818e+00 5.580131843346003443e+05
6.745826498787880452e-06 1.920529271062415555e+00 5.547323365007302491e+05
6.722649535888693869e-06 1.893084293008574059e+00 5.517335158751863055e+05
6.706129442229405233e-06 1.866775578527890556e+00 5.489720112010894809e+05
6.680908875687930476e-06 1.841849120662007566e+00 5.465091810972061940e+05
6.655705212876836148e-06 1.818324555276275900e+00 5.443417131910058670e+05
6.638690528763929711e-06 1.796028417535142863e+00 5.424105651442523813e+05
6.613375617229790754e-06 1.775162842385103357e+00 5.407706712499322603e+05
6.588520055352302297e-06 1.755714703086370454e+00 5.394131228134621633e+05
6.574271734307419653e-06 1.737443982430967537e+00 5.382607422579479171e+05
6.551816035831639325e-06 1.720532558951251456e+00 5.373668873296901584e+05
6.529866144587392733e-06 1.704957356521745293e+00 5.367219187708306126e+05
6.521961469447961287e-06 1.690403790156278285e+00 5.362254313004502328e+05
6.505285779055092268e-06 1.677060854363104481e+00 5.359360409240386216e+05
6.488705478462485906e-06 1.664915696543038504e+00 5.358482591886445880e+05
6.491288101983094325e-06 1.653555265694415688e+00 5.358285842140169116e+05
6.483014602251848140e-06 1.643218015619850814e+00 5.359535330528818304e+05
6.473948011545929420e-06 1.633918695301911583e+00 5.362265128107455093e+05
6.490490154860341121e-06 1.625127700378679485e+00 5.364731724062883295e+05
6.492271210050947379e-06 1.617176173641872383e+00 5.368021066672663437e+05
6.491982753282242670e-06 1.610118036417543141e+00 5.372291829721905524e+05
6.524831966267785972e-06 1.603291911040740869e+00 5.375328859362374060e+05
6.537088041666247087e-06 1.597161750815096370e+00 5.378680038060463266e+05
6.545759524833418797e-06 1.591825527455841049e+00 5.382646462106173858e+05
6.595698807335456203e-06 1.586482444642619116e+00 5.384509404160015984e+05
6.616818460779450259e-06 1.581772743250049462e+00 5.386436669231503038e+05
6.632923902822899435e-06 1.577832061200625802e+00 5.388853508633482270e+05
6.698468996571086644e-06 1.573719537827287462e+00 5.388536829580245540e+05
6.725351816133879205e-06 1.570272904315535900e+00 5.388357512690796284e+05
6.746181328048565397e-06 1.567649729082445376e+00 5.388814119969437597e+05
6.822571546264801587e-06 1.564804685624499037e+00 5.386309087895165430e+05
6.849860970775724558e-06 1.562767937736593726e+00 5.384403202202536631e+05
6.870977365216847103e-06 1.561689054180054104e+00 5.383567613495783880e+05
6.955414619735951482e-06 1.560377738385003932e+00 5.379704294394457247e+05
6.980073310530667250e-06 1.560050680478943796e+00 5.377039054349131184e+05
6.999065076697665024e-06 1.560832441607752807e+00 5.375954087209275458e+05
7.086052180810209435e-06 1.561439411732348903e+00 5.372042873684066581e+05
7.103724997434608582e-06 1.563243974929148017e+00 5.370073308303684462e+05
7.117201318645752648e-06 1.566321006279015604e+00 5.370252560375719331e+05
7.202060133536981782e-06 1.569306403948402151e+00 5.367927605305927573e+05
7.211360706036461885e-06 1.573665388997276704e+00 5.368171166134554660e+05
7.218397673941141405e-06 1.579414288747426731e+00 5.370987136653249618e+05
7.298619838721041090e-06 1.585130282648227196e+00 5.371569610988763161e+05
7.296782950156140726e-06 1.592383941858088958e+00 5.375314419258502312e+05
7.295315910723412473e-06 1.601118255859421247e+00 5.381975145003473153e+05
7.367679845297830590e-06 1.609861318669094876e+00 5.386646967565334635e+05
7.355656030261182287e-06 1.620220930761257172e+00 5.394797397402626229e+05
7.346585123851343948e-06 1.632069392233803207e+00 5.405951722182108788e+05
7.409003985655015740e-06 1.643935420483747079e+00 5.415292929369426565e+05
7.387179382098270366e-06 1.657429767525737452e+00 5.428229930221895920e+05
7.370859897772411593e-06 1.672353639495846478e+00 5.444074134967599530e+05
7.420624215998094505e-06 1.687289372913329144e+00 5.458285344183997950e+05
7.388733011177890980e-06 1.703812888936935499e+00 5.476081265239248751e+05
7.364925181213355069e-06 1.721649568751228099e+00 5.496562670929006999e+05
7.402130035875939254e-06 1.739424517763306977e+00 5.515440368648299482e+05
7.361904438621035224e-06 1.758655272719691576e+00 5.537669319414760685e+05
7.331910970238177867e-06 1.778997691450030283e+00 5.562180109744736692e+05
7.356112688841299422e-06 1.799157195597839598e+00 5.585057149366141530e+05
7.310013307880037997e-06 1.820536283102382802e+00 5.610824377418308286e+05
7.275676249935598068e-06 1.842732304318675407e+00 5.638295762434884673e+05
7.287984834634756513e-06 1.864555535271026132e+00 5.663998952565094223e+05
7.239827072882969661e-06 1.887232772574493289e+00 5.691860462622066261e+05
7.204067906405643683e-06 1.910324684241581084e+00 5.720657380038759438e+05
7.205945646778691468e-06 1.932797131934595125e+00 5.747495590128435288e+05
7.156497278071108077e-06 1.955709626027104298e+00 5.775749750050011789e+05
7.119730570168154176e-06 1.978597306274012979e+00 5.804190907194626052e+05
7.112985366732529320e-06 2.000569921532306505e+00 5.830437512589823455e+05
7.065002470547677078e-06 2.022488322568838370e+00 5.857239478537122486e+05
7.029297216104878605e-06 2.043888301199494162e+00 5.883429386550721247e+05
7.016337604334774199e-06 2.064041747687167305e+00 5.907154923313671025e+05
6.971894994076443406e-06 2.083610666175834236e+00 5.930553872875821544e+05
6.938784885924892717e-06 2.102159554915148387e+00 5.952578744712523185e+05
6.922397163220514837e-06 2.119118858837877095e+00 5.971853690447288100e+05
6.884386826727418304e-06 2.134943525254230590e+00 5.989886470077031991e+05
6.856124420936314831e-06 2.149263674687851289e+00 6.005822922808441799e+05
6.839532328369244394e-06 2.161671932434952925e+00 6.018729375022471650e+05
6.808783604154000924e-06 2.172478493174559322e+00 6.029652483896376798e+05
6.785923374771237040e-06 2.181405857802138915e+00 6.037967108913215343e+05
6.770897892349000680e-06 2.188197529099621175e+00 6.043109283423240995e+05
6.748340736408816011e-06 2.193042654045425977e+00 6.045718247641392518e+05
6.731510482070306658e-06 2.195780066069410008e+00 6.045430855152962031e+05
6.719237478671373326e-06 2.196302789837951686e+00 6.042018554195273900e+05
6.710508078718026690e-06 2.194560791442382808e+00 6.035377197598653147e+05
6.704446818532279663e-06 2.190554537112133993e+00 6.025508024713872001e+05
6.700301381416204744e-06 2.184328518878457803e+00 6.012500048140275758e+05
6.697429660397599856e-06 2.175964817185758626e+00 5.996513802765727742e+05
6.695288417737857914e-06 2.165576791681263380e+00 5.977766459197729127e+05
6.693423176016797879e-06 2.153302997996754620e+00 5.956518319636456436e+05
6.691459072922177463e-06 2.139301423988656747e+00 5.933060711621795781e+05
6.689092494234734984e-06 2.123744127123918801e+00 5.907705280510411831e+05
6.686083355050917798e-06 2.106812337956590397e+00 5.880774661171539919e+05
6.682247945657898869e-06 2.088692075815381965e+00 5.852594486981390510e+05
6.677452282612695705e-06 2.069570303473713846e+00 5.823486673358137487e+05
6.671605926914925498e-06 2.049631628406935580e+00 5.793763895100600785e+05
6.664656250853208896e-06 2.029055542842742810e+00 5.763725162584921345e+05
6.656583135387670308e-06 2.008014180513912450e+00 5.733652392566528870e+05
6.647394087302018410e-06 1.986670557162447448e+00 5.703807864173676353e+05
6.637119768809957550e-06 1.965177253934354384e+00 5.674432449378819438e+05
6.625809928274318145e-06 1.943675497800050112e+00 5.645744509592107497e+05
6.613529718814384795e-06 1.922294590535598369e+00 5.617939355102535337e+05
6.600356391662868756e-06 1.901151637237167735e+00 5.591189171057544881e+05
6.586376350326713447e-06 1.880351526434461462e+00 5.565643321947151562e+05
6.571682543769317675e-06 1.859987116625834158e+00 5.541428956018668832e+05
6.556372179937555790e-06 1.840139587416173672e+00 5.518651840484699933e+05
6.540544738723555630e-06 1.820878917465528435e+00 5.497397367813201854e+05
6.524300261679318243e-06 1.802264455873967108e+00 5.477731682487643557e+05
6.507737894224359542e-06 1.784345558073097582e+00 5.459702886196778854e+05
6.490954657885453870e-06 1.767162261734804618e+00 5.443342287106810836e+05
6.474044438555529761e-06 1.750745982343240081e+00 5.428665665218650829e+05
6.457097156953779252e-06 1.735120211702412041e+00 5.415674532713786466e+05
6.440198109105057073e-06 1.720301206392462090e+00 5.404357372796786949e+05
6.423427446657169685e-06 1.706298656082657406e+00 5.394690845648095710e+05
6.406859804855451504e-06 1.693116324402949457e+00 5.386640952002723934e+05
6.390564029978161398e-06 1.680752656973419468e+00 5.380164149960661307e+05
6.374603015346332665e-06 1.669201353559243817e+00 5.375208421314550797e+05
6.359033614226595481e-06 1.658451902442907633e+00 5.371714286674069008e+05
6.343906653760383001e-06 1.648490076791335968e+00 5.369615767613450298e+05
6.329266983613399969e-06 1.639298392927241110e+00 5.368841298685272923e+05
6.315153592973771430e-06 1.630856532395664305e+00 5.369314589859063271e+05
6.301599760040532985e-06 1.623141729171523329e+00 5.370955442078058841e+05
6.288633232810517015e-06 1.616129124339729994e+00 5.373680518324044533e+05
6.276276433412888653e-06 1.609792090574159173e+00 5.377404072605192196e+05
6.264546679146549763e-06 1.604102528923384563e+00 5.382038639196724398e+05
6.253456419494318179e-06 1.599031140328490919e+00 5.387495683943127515e+05
6.243013502907700247e-06 1.594547673957865230e+00 5.393686217982552480e+05
6.233221446846208749e-06 1.590621154736065579e+00 5.400521375531388912e+05
6.224079715619863419e-06 1.587220092141710781e+00 5.407912956529912772e+05
6.215584035123873534e-06 1.584312671595630384e+00 5.415773932575887302e+05
6.207726657367414422e-06 1.581866931077706928e+00 5.424018920013208408e+05
6.200496704921292409e-06 1.579850922986455020e+00 5.432564614937122678e+05
6.193880452147316742e-06 1.578232863596664259e+00 5.441330194332157262e+05
6.187861609021601507e-06 1.576981271179890953e+00 5.450237682749200612e+05
6.182421601865945703e-06 1.576065093500272241e+00 5.459212284148636973e+05
6.177539835871034807e-06 1.575453825583072343e+00 5.468182679447018309e+05
6.173193945676456593e-06 1.575117618471844949e+00 5.477081289776295889e+05
6.169360036833239910e-06 1.575027379301148889e+00 5.485844505275391275e+05
6.166012929204785163e-06 1.575154863143405803e+00 5.494412878559564706e+05
6.163126400474191453e-06 1.575472756718867773e+00 5.502731282356044976e+05
6.160673412681972329e-06 1.575954753932409913e+00 5.510749032138895709e+05
6.158626333527762000e-06 1.576575623553361005e+00 5.518419973911985289e+05
6.156957144711587356e-06 1.577311268934665334e+00 5.525702538013892481e+05
6.162222835481936322e-06 1.578006465015454829e+00 5.532095896690662485e+05
6.164980990694833114e-06 1.578707678076793908e+00 5.537806707412175601e+05
6.167447182873143448e-06 1.579416150497082727e+00 5.542874788098228164e+05
6.180575953413380106e-06 1.579911409232108932e+00 5.546564030229680939e+05
6.188154546737938036e-06 1.580317216774761446e+00 5.549347626572286244e+05
6.194642820703242176e-06 1.580663877656127481e+00 5.551356165034428705e+05
6.213190438904237647e-06 1.580713631830090060e+00 5.551783321988858515e+05
6.223181927826322316e-06 1.580662827979445018e+00 5.551348961701705121e+05
6.231581041117807801e-06 1.580559650424590679e+00 5.550234877506454941e+05
6.253072423658590904e-06 1.580151915841275345e+00 5.547575642469599843e+05
6.263060465779822008e-06 1.579701053374294784e+00 5.544311493109595031e+05
6.271311826696222872e-06 1.579259813120865052e+00 5.540630180547611089e+05
6.292991021501247069e-06 1.578570243356049341e+00 5.535640516260631848e+05
6.300179087385364729e-06 1.577952203267499076e+00 5.530480999643864343e+05
6.305961936471482516e-06 1.577446294155707474e+00 5.525290144412042573e+05
6.325293305638704335e-06 1.576786602980219110e+00 5.519148208165349206e+05
6.328365409771740649e-06 1.576320359985851960e+00 5.513285916648946004e+05
6.330648773647816517e-06 1.576066189932691097e+00 5.507763098977055633e+05
6.346288161426786291e-06 1.575753058616506941e+00 5.501645828296579421e+05
6.344806327820220528e-06 1.575734588099872546e+00 5.496185981969670393e+05
6.343304326643527061e-06 1.576002930936193813e+00 5.491353323359075002e+05
6.354938248013985961e-06 1.576281204862898688e+00 5.486200852629069705e+05
6.349703574944378211e-06 1.576907441666099530e+00 5.481926901679572184e+05
6.345156999373444347e-06 1.577850029949686483e+00 5.478424049151297659e+05
6.353346139221590159e-06 1.578831265058608935e+00 5.474751743149532704e+05
6.345499027488192125e-06 1.580164589032019284e+00 5.472024392172573134e+05
6.338901711578949934e-06 1.581800171805365141e+00 5.470078481090707937e+05
6.343584972823099012e-06 1.583482769419741754e+00 5.468061050348149147e+05
6.333651003991471816e-06 1.585491170701354147e+00 5.466967660365621559e+05
6.325455119833679658e-06 1.587760147333969085e+00 5.466589901850124588e+05
6.326907507480493584e-06 1.590061975433762154e+00 5.466179503037660616e+05
6.315278572474784945e-06 1.592640175669717273e+00 5.466611558053877670e+05
6.305804165270489396e-06 1.595416905104706906e+00 5.467642741508900654e+05
6.303676126091398560e-06 1.598207012772101310e+00 5.468679813405328896e+05
6.290169075953304331e-06 1.601215876773139923e+00 5.470467637891100021e+05
6.279241436515086577e-06 1.604353029829917787e+00 5.472728251622475218e+05
6.273637120510049712e-06 1.607471196452273654e+00 5.475005734602207085e+05
6.259245557965145040e-06 1.610720276644811655e+00 5.477856643315248657e+05
6.247677319461057729e-06 1.614003183080789938e+00 5.480988769513634034e+05
6.239688676667440527e-06 1.617208163621011607e+00 5.484072498269720236e+05
6.228292230310995900e-06 1.620374844277032711e+00 5.487290531830837717e+05
6.219304599731931505e-06 1.623420881090409607e+00 5.490407278703001793e+05
6.212374672352155260e-06 1.626274613783969203e+00 5.493227859377876157e+05
6.207187431896629568e-06 1.628876979956019433e+00 5.495597301933807321e+05
6.203460759792662369e-06 1.631180441644922485e+00 5.497396112069145311e+05
6.200942610620276704e-06 1.633147972364192624e+00 5.498536198214885080e+05
6.199408492719933310e-06 1.634752093037269649e+00 5.498957108639582293e+05
6.198659198875394207e-06 1.635973949617407719e+00 5.498622549771521008e+05
6.198518742933040292e-06 1.636802428454642522e+00 5.497517163867665222e+05
6.198832469136613488e-06 1.637233307952764783e+00 5.495643550261231139e+05
6.199465306507835888e-06 1.637268446285369494e+00 5.493019518584567122e+05
6.200300148695757800e-06 1.636915006859050115e+00 5.489675564819183201e+05
6.201236340113760891e-06 1.636184722733273977e+00 5.485652562605737476e+05
6.202188251461062414e-06 1.635093202392315925e+00 5.480999663085989887e+05
6.203083938508416201e-06 1.633659278256595515e+00 5.475772396240789676e+05
6.203863878536269746e-06 1.631904399609231726e+00 5.470030966189360479e+05
6.204479781115981556e-06 1.629852071060171603e+00 5.463838732201592065e+05
6.204893477050343016e-06 1.627527336877521158e+00 5.457260866025150754e+05
6.205075871479284624e-06 1.624956311665067821e+00 5.450363176305639790e+05
6.205005968057740898e-06 1.622165756659375235e+00 5.443211089699364966e+05
6.204669950287412377e-06 1.619182701128779822e+00 5.435868778690673644e+05
6.204060323117276571e-06 1.616034107505095241e+00 5.428398425487045897e+05
6.203175114321801688e-06 1.612746578394099961e+00 5.420859611157776089e+05
6.202017128928358654e-06 1.609346103769220049e+00 5.413308819538259413e+05
6.200593259127657799e-06 1.605857845883064350e+00 5.405799045287556946e+05
6.198913846391228948e-06 1.602305959402734681e+00 5.398379495865472127e+05
6.196992095239768705e-06 1.598713444436445030e+00 5.391095377478072187e+05
6.194843535952765127e-06 1.595102029332581495e+00 5.383987755565413972e+05
6.192485538919688315e-06 1.591492081194509023e+00 5.377093480608533137e+05
