8.723676096801673182e-06
8.723675190444711789e-06
8.723674483054388713e-06
8.723674472332625338e-06
8.723674467212536482e-06
8.723674467468747008e-06
8.723674471052121586e-06
8.723674471308745463e-06
8.723674472368420950e-06
8.723674472335791547e-06
8.723674471305442035e-06
8.723674471055287795e-06
8.723674467471913217e-06
8.723674471055287795e-06
8.723674467471913217e-06
8.723674467471913217e-06
8.723674467471913217e-06
8.723674467471913217e-06
8.723674467471913217e-06
8.723674467471913217e-06
8.723674467471913217e-06
8.723674467471913217e-06
8.723674467471913217e-06
8.723674467471913217e-06
8.723674467471913217e-06
8.723674469782080384e-06
8.723674467471913217e-06
8.723674467475079426e-06
8.723674467471913217e-06
8.723674467475079426e-06
8.723674467471913217e-06
8.723674467478384549e-06
8.723674467471913217e-06
8.723674467478384549e-06
8.723674467471913217e-06
8.723674467478384549e-06
8.723674467471913217e-06
8.723674469782080384e-06
8.723674467471913217e-06
8.723674469782080384e-06
8.723674469782080384e-06
8.723674469782080384e-06
8.723674467478384549e-06
8.723674469785246594e-06
8.723674467478384549e-06
8.723674469782080384e-06
8.723674469785246594e-06
8.723674469782080384e-06
8.723674469782080384e-06
8.723674469782080384e-06
8.723674469782080384e-06
8.723674469782080384e-06
8.723674471055287795e-06
8.723674471055287795e-06
8.723674471052121586e-06
8.723674469785246594e-06
8.723674469785246594e-06
8.723674469785246594e-06
8.723674469785246594e-06
8.723674469785246594e-06
8.723674469785246594e-06
8.723674469785246594e-06
8.723674469785246594e-06
8.723674469785246594e-06
8.723674469785246594e-06
8.723674469782080384e-06
8.723674469782080384e-06
8.723674469782080384e-06
8.723674469782080384e-06
8.723674469782080384e-06
8.723674469778776956e-06
8.723674467478384549e-06
8.723674467478384549e-06
8.723674467478384549e-06
8.723674467478384549e-06
8.723674467475079426e-06
8.723674467475079426e-06
8.723674467471913217e-06
8.723674467471913217e-06
8.723674467471913217e-06
8.723674467471913217e-06
8.723674467471913217e-06
8.723674467471913217e-06
8.723674467471913217e-06
8.723674467471913217e-06
8.723674467471913217e-06
8.723674467471913217e-06
8.723674467471913217e-06
8.723674467471913217e-06
8.723674467471913217e-06
8.723674467471913217e-06
8.723674467471913217e-06
8.723674467471913217e-06
8.723674467471913217e-06
8.723674467471913217e-06
8.723674467471913217e-06
8.723674467471913217e-06
8.723674467471913217e-06
8.723674467471913217e-06
8.723674467471913217e-06
8.723674467471913217e-06
8.723674467471913217e-06
8.723674467471913217e-06
8.723674467471913217e-06
8.723674467471913217e-06
8.723674467471913217e-06
8.723674467471913217e-06
8.723674467471913217e-06
8.723674467471913217e-06
8.723674467471913217e-06
8.723674467471913217e-06
8.723674467471913217e-06
8.723674467471913217e-06
8.723674467471913217e-06
8.723674467471913217e-06
8.723674467471913217e-06
8.723674467471913217e-06
8.723674467471913217e-06
8.723674467471913217e-06
8.723674467471913217e-06
8.723674467471913217e-06
8.723674467471913217e-06
8.723674467471913217e-06
8.723674467471913217e-06
8.723674467471913217e-06
8.723674467471913217e-06
8.723674467471913217e-06
8.723674467471913217e-06
8.723674467471913217e-06
8.723674467471913217e-06
8.723674467471913217e-06
8.723674467471913217e-06
8.723674467471913217e-06
8.723674467471913217e-06
8.723674467471913217e-06
8.723674467471913217e-06
8.723674467471913217e-06
8.723674467471913217e-06
8.723674467471913217e-06
8.723674467471913217e-06
8.723674467471913217e-06
8.723674467471913217e-06
8.723674467471913217e-06
8.723674467471913217e-06
8.723674467471913217e-06
8.723674467471913217e-06
8.723674467471913217e-06
8.723674467471913217e-06
8.723674467471913217e-06
8.723674467471913217e-06
8.723674467471913217e-06
8.723674467471913217e-06
8.723674467471913217e-06
8.723674467471913217e-06
8.723674467471913217e-06
8.723674467471913217e-06
8.723674467471913217e-06
8.723674467471913217e-06
8.723674467471913217e-06
8.723674467471913217e-06
8.723674467471913217e-06
8.723674467471913217e-06
8.723674467471913217e-06
8.723674467471913217e-06
8.723674467471913217e-06
8.723674467471913217e-06
8.723674467471913217e-06
8.723674467471913217e-06
8.723674467471913217e-06
8.723674467471913217e-06
8.723674467471913217e-06
8.723674467471913217e-06
8.723674467471913217e-06
8.723674467471913217e-06
8.723674467471913217e-06
8.723674467471913217e-06
8.723674467471913217e-06
8.723674467471913217e-06
8.723674467471913217e-06
8.723674467471913217e-06
8.723674467471913217e-06
8.723674467471913217e-06
8.723674467471913217e-06
8.723674467471913217e-06
8.723674467471913217e-06
8.723674467471913217e-06
8.723674467471913217e-06
8.723674467471913217e-06
8.723674467471913217e-06
8.723674467471913217e-06
8.723674467471913217e-06
8.723674467471913217e-06
8.723674467471913217e-06
8.723674467471913217e-06
8.723674467471913217e-06
8.723674467471913217e-06
8.723674467471913217e-06
8.723674467471913217e-06
8.723674467471913217e-06
8.723674467471913217e-06
8.723674467471913217e-06
8.723674467471913217e-06
8.723674467471913217e-06
8.723674467471913217e-06
8.723674467471913217e-06
8.723674467471913217e-06
8.723674467471913217e-06
8.723674467471913217e-06
8.723674467471913217e-06
8.723674467471913217e-06
8.723674467471913217e-06
8.723674467471913217e-06
8.723674467471913217e-06
8.723674467471913217e-06
8.723674467471913217e-06
8.723674467471913217e-06
8.723674467471913217e-06
8.723674467471913217e-06
8.723674467471913217e-06
8.723674467471913217e-06
8.723674467471913217e-06
8.723674467471913217e-06
8.723674467471913217e-06
8.723674467471913217e-06
8.723674467471913217e-06
8.723674467471913217e-06
8.723674467471913217e-06
8.723674467471913217e-06
8.723674467471913217e-06
8.723674467471913217e-06
8.723674467471913217e-06
8.723674467471913217e-06
8.723674467471913217e-06
8.723674467471913217e-06
8.723674467471913217e-06
8.723674467471913217e-06
8.723674467471913217e-06
8.723674467471913217e-06
8.723674467471913217e-06
8.723674467471913217e-06
8.723674467471913217e-06
8.723674467471913217e-06
8.723674467471913217e-06
8.723674467471913217e-06
8.723674467471913217e-06
8.723674467471913217e-06
8.723674467471913217e-06
8.723674467471913217e-06
8.723674467471913217e-06
8.723674467471913217e-06
8.723674467471913217e-06
8.723674467471913217e-06
8.723674467471913217e-06
8.723674467471913217e-06
8.723674467471913217e-06
8.723674467471913217e-06
8.723674467471913217e-06
8.723674467471913217e-06
8.723674467471913217e-06
8.723674467471913217e-06
8.723674467471913217e-06
8.723674467471913217e-06
8.723674467471913217e-06
8.723674467471913217e-06
8.723674467471913217e-06
8.723674467471913217e-06
8.723674467471913217e-06
8.723674467471913217e-06
8.723674467471913217e-06
8.723674467471913217e-06
8.723674467471913217e-06
8.723674467471913217e-06
8.723674467471913217e-06
8.723674467471913217e-06
8.723674467471913217e-06
8.723674467471913217e-06
8.723674467471913217e-06
8.723674467471913217e-06
8.723674467471913217e-06
8.723674467471913217e-06
8.723674467471913217e-06
8.723674467471913217e-06
8.723674467471913217e-06
8.723674467471913217e-06
8.723674467471913217e-06
8.723674467471913217e-06
8.723674467471913217e-06
8.723674467471913217e-06
8.723674467471913217e-06
8.723674467471913217e-06
8.723674467471913217e-06
8.723674467471913217e-06
8.723674467471913217e-06
8.723674467471913217e-06
8.723674467471913217e-06
8.723674467471913217e-06
8.723674467471913217e-06
8.723674467471913217e-06
8.723674467471913217e-06
8.723674467471913217e-06
8.723674467471913217e-06
8.723674467471913217e-06
8.723674467471913217e-06
8.723674467471913217e-06
8.723674467471913217e-06
8.723674467471913217e-06
8.723674467471913217e-06
8.723674467471913217e-06
8.723674467471913217e-06
8.723674467471913217e-06
8.723674467471913217e-06
8.723674467471913217e-06
8.723674467471913217e-06
8.723674467471913217e-06
8.723674467471913217e-06
8.723674467471913217e-06
8.723674467471913217e-06
8.723674467471913217e-06
8.723674467471913217e-06
8.723674467471913217e-06
8.723674467471913217e-06
8.723674467471913217e-06
8.723674467471913217e-06
8.723674467471913217e-06
8.723674467471913217e-06
8.723674467471913217e-06
8.723674467471913217e-06
8.723674467471913217e-06
8.723674467471913217e-06
8.723674467471913217e-06
8.723674467471913217e-06
8.723674467471913217e-06
8.723674467471913217e-06
8.723674467471913217e-06
8.723674467471913217e-06
8.723674467471913217e-06
8.723674467471913217e-06
8.723674467471913217e-06
8.723674467471913217e-06
8.723674467471913217e-06
8.723674467471913217e-06
8.723674467471913217e-06
8.723674467471913217e-06
8.723674467471913217e-06
8.723674467471913217e-06
8.723674467471913217e-06
8.723674467471913217e-06
8.723674467471913217e-06
8.723674467471913217e-06
8.723674467471913217e-06
8.723674467471913217e-06
8.723674467471913217e-06
8.723674467471913217e-06
8.723674467471913217e-06
8.723674467471913217e-06
8.723674467471913217e-06
8.723674467471913217e-06
8.723674467471913217e-06
8.723674467471913217e-06
8.723674467471913217e-06
8.723674467471913217e-06
8.723674467471913217e-06
8.723674467471913217e-06
8.723674467471913217e-06
8.723674467471913217e-06
8.723674467471913217e-06
8.723674467471913217e-06
8.723674467471913217e-06
8.723674467471913217e-06
8.723674467471913217e-06
8.723674467471913217e-06
8.723674467471913217e-06
8.723674467471913217e-06
8.723674467471913217e-06
8.723674467471913217e-06
8.723674467471913217e-06
8.723674467471913217e-06
8.723674467471913217e-06
8.723674467471913217e-06
8.723674467471913217e-06
8.723674467471913217e-06
8.723674467471913217e-06
8.723674467471913217e-06
8.723674467471913217e-06
8.723674467471913217e-06
8.723674467471913217e-06
8.723674467471913217e-06
8.723674467471913217e-06
8.723674467471913217e-06
8.723674467471913217e-06
8.723674467471913217e-06
8.723674467471913217e-06
8.723674467471913217e-06
8.723674467471913217e-06
8.723674467471913217e-06
8.723674467471913217e-06
8.723674467471913217e-06
8.723674467471913217e-06
8.723674467471913217e-06
8.723674467471913217e-06
8.723674467471913217e-06
8.723674467471913217e-06
8.723674467471913217e-06
8.723674467471913217e-06
8.723674467471913217e-06
8.723674467471913217e-06
8.723674467471913217e-06
8.723674467471913217e-06
8.723674467471913217e-06
8.723674467471913217e-06
8.723674467471913217e-06
8.723674467471913217e-06
8.723674467471913217e-06
8.723674467471913217e-06
8.723674467471913217e-06
8.723674467471913217e-06
8.723674467471913217e-06
8.723674467471913217e-06
8.723674467471913217e-06
8.723674467471913217e-06
8.723674467471913217e-06
8.723674467471913217e-06
8.723674467471913217e-06
8.723674467471913217e-06
8.723674467471913217e-06
8.723674467471913217e-06
8.723674467471913217e-06
8.723674467471913217e-06
8.723674467471913217e-06
8.723674467471913217e-06
8.723674467471913217e-06
8.723674467471913217e-06
8.723674467471913217e-06
8.723674467471913217e-06
8.723674467471913217e-06
8.723674467471913217e-06
8.723674467471913217e-06
8.723674467471913217e-06
8.723674467471913217e-06
8.723674467471913217e-06
8.723674467471913217e-06
8.723674467471913217e-06
8.723674467471913217e-06
8.723674467471913217e-06
8.723674467471913217e-06
8.723674467471913217e-06
8.723674467471913217e-06
8.723674467471913217e-06
8.723674467471913217e-06
8.723674467471913217e-06
8.723674467471913217e-06
8.723674467471913217e-06
8.723674467471913217e-06
8.723674467471913217e-06
8.723674467471913217e-06
8.723674467471913217e-06
8.723674467471913217e-06
8.723674467471913217e-06
8.723674467471913217e-06
8.723674467471913217e-06
8.723674467471913217e-06
8.723674467471913217e-06
8.723674467471913217e-06
8.723674467471913217e-06
8.723674467471913217e-06
8.723674467471913217e-06
8.723674467471913217e-06
8.723674467471913217e-06
8.723674467471913217e-06
8.723674467471913217e-06
8.723674467475079426e-06
8.723674467475079426e-06
8.723674467475079426e-06
8.723674467475079426e-06
8.723674467478384549e-06
8.723674467478384549e-06
8.723674467478384549e-06
8.723674467478384549e-06
8.723674467478384549e-06
8.723674467478384549e-06
8.723674467478384549e-06
8.723674467478384549e-06
8.723674467478384549e-06
8.723674467478384549e-06
8.723674467478384549e-06
8.723674467478384549e-06
8.723674467478384549e-06
8.723674467478384549e-06
8.723674467478384549e-06
8.723674467478384549e-06
8.723674467478384549e-06
8.723674467478384549e-06
8.723674467478384549e-06
8.723674467478384549e-06
8.723674467478384549e-06
8.723674467478384549e-06
8.723674467478384549e-06
8.723674467478384549e-06
8.723674467478384549e-06
8.723674467478384549e-06
8.723674467478384549e-06
8.723674467478384549e-06
8.723674467478384549e-06
8.723674467478384549e-06
8.723674467478384549e-06
8.723674469782080384e-06
8.723674469782080384e-06
8.723674469782080384e-06
8.723674469782080384e-06
8.723674469782080384e-06
8.723674469782080384e-06
8.723674469782080384e-06
8.723674469782080384e-06
8.723674469785246594e-06
8.723674469785246594e-06
8.723674469785246594e-06
8.723674469785246594e-06
8.723674469785246594e-06
8.723674469785246594e-06
8.723674469785246594e-06
8.723674469785246594e-06
8.723674469785246594e-06
8.723674469785246594e-06
8.723674469785246594e-06
8.723674469788551716e-06
8.723674471052121586e-06
8.723674471052121586e-06
8.723674471052121586e-06
8.723674471052121586e-06
8.723674471052121586e-06
8.723674471052121586e-06
8.723674471052121586e-06
8.723674471052121586e-06
8.723674471052121586e-06
8.723674471052121586e-06
8.723674471052121586e-06
8.723674471052121586e-06
8.723674471052121586e-06
8.723674471052121586e-06
8.723674471052121586e-06
8.723674471052121586e-06
8.723674471052121586e-06
8.723674471052121586e-06
8.723674471052121586e-06
8.723674471052121586e-06
8.723674471052121586e-06
8.723674471052121586e-06
8.723674471052121586e-06
8.723674471052121586e-06
8.723674471052121586e-06
8.723674471052121586e-06
8.723674471052121586e-06
8.723674471052121586e-06
8.723674471052121586e-06
8.723674471052121586e-06
8.723674471052121586e-06
8.723674471052121586e-06
8.723674471052121586e-06
8.723674471052121586e-06
8.723674471052121586e-06
8.723674471052121586e-06
8.723674471052121586e-06
8.723674471052121586e-06
8.723674471055287795e-06
8.723674471055287795e-06
8.723674471055287795e-06
8.723674471055287795e-06
8.723674471055287795e-06
8.723674471055287795e-06
8.723674471055287795e-06
8.723674471055287795e-06
8.723674471055287795e-06
8.723674471055287795e-06
8.723674471055287795e-06
8.723674471058592917e-06
8.723674471058592917e-06
8.723674471058592917e-06
8.723674471058592917e-06
8.723674471058592917e-06
8.723674471058592917e-06
8.723674471058592917e-06
8.723674471058592917e-06
8.723674471442014239e-06
8.723674471305442035e-06
8.723674471305442035e-06
8.723674471305442035e-06
8.723674471305442035e-06
8.723674471305442035e-06
8.723674471305442035e-06
8.723674471305442035e-06
8.723674471305442035e-06
8.723674471308745463e-06
8.723674472332625338e-06
8.723674472332625338e-06
8.723674472332625338e-06
8.723674472332625338e-06
8.723674472332625338e-06
8.723674472332625338e-06
8.723674472335791547e-06
8.723674472700215614e-06
8.723674472368420950e-06
8.723674472368420950e-06
8.723674472368420950e-06
8.723674472368420950e-06
8.723674472368420950e-06
8.723674472371587159e-06
8.723674472371587159e-06
8.723674472371587159e-06
8.723674472371587159e-06
8.723674472371587159e-06
8.723674472371587159e-06
8.723674472335791547e-06
8.723674472335791547e-06
8.723674472335791547e-06
8.723674472335791547e-06
8.723674472335791547e-06
8.723674472339096669e-06
8.723674472339096669e-06
8.723674472339096669e-06
8.723674472339096669e-06
8.723674472339096669e-06
8.723674472339096669e-06
8.723674472339096669e-06
8.723674472339096669e-06
8.723674472339096669e-06
8.723674472339096669e-06
8.723674472342539011e-06
8.723674472342539011e-06
8.723674472345705220e-06
8.723674472349008649e-06
8.723674472349008649e-06
8.723674472349008649e-06
8.723674472349008649e-06
8.723674472349008649e-06
8.723674473539474493e-06
8.723674473539474493e-06
8.723674473539474493e-06
8.723674473539474493e-06
8.723674473542640702e-06
8.723674473545945824e-06
8.723674473715145738e-06
8.723674473718450860e-06
8.723674473718450860e-06
8.723674473721754289e-06
8.723674473861494396e-06
8.723674473861494396e-06
8.723674473864797825e-06
8.723674473864797825e-06
8.723674473868240167e-06
8.723674473868240167e-06
8.723674474405167576e-06
8.723674474408472698e-06
8.723674474408472698e-06
8.723674474532102239e-06
8.723674474532102239e-06
8.723674474535544581e-06
8.723674474535544581e-06
8.723674474535544581e-06
8.723674474535544581e-06
8.723674474538710790e-06
8.723674474538710790e-06
8.723674474538710790e-06
8.723674474542015913e-06
8.723674474542015913e-06
8.723674474542015913e-06
8.723674474542015913e-06
8.723674474542015913e-06
8.723674474542015913e-06
8.723674474545182122e-06
8.723674474545182122e-06
8.723674475212762669e-06
8.723674475212762669e-06
8.723674475216066098e-06
8.723674475216066098e-06
8.723674475219232307e-06
8.723674475219232307e-06
8.723674475219232307e-06
8.723674475219232307e-06
8.723674475222537429e-06
8.723674475225840858e-06
8.723674475225840858e-06
8.723674475225840858e-06
8.723674475225840858e-06
8.723674475225840858e-06
8.723674475225840858e-06
8.723674475225840858e-06
8.723674475229008761e-06
8.723674474880554653e-06
8.723674474883722556e-06
8.723674474883722556e-06
8.723674474883722556e-06
8.723674474883722556e-06
8.723674474887163204e-06
8.723674474890468327e-06
8.723674474890468327e-06
8.723674474893634536e-06
8.723674474893634536e-06
8.723674474896937964e-06
8.723674474900105868e-06
8.723674474900105868e-06
8.723674474932733577e-06
8.723674474936038699e-06
8.723674474936038699e-06
8.723674476053261604e-06
8.723674476059731242e-06
8.723674476098969196e-06
8.723674476102272625e-06
8.723674476209796681e-06
8.723674476209796681e-06
8.723674476216266319e-06
8.723674476219571441e-06
8.723674476222874870e-06
8.723674476226041079e-06
8.723674477093248657e-06
8.723674477096416560e-06
8.723674477099719988e-06
8.723674477103023417e-06
8.723674477106191320e-06
8.723674477109494749e-06
8.723674477112660958e-06
8.723674477468135275e-06
8.723674477471438703e-06
8.723674477093248657e-06
8.723674477093248657e-06
8.723674477099719988e-06
8.723674477103023417e-06
8.723674477103023417e-06
8.723674477109494749e-06
8.723674477494293346e-06
8.723674477497596775e-06
8.723674477500764678e-06
8.723674477500764678e-06
8.723674477504068107e-06
8.723674477504068107e-06
8.723674477510539438e-06
8.723674477513980086e-06
8.723674477513980086e-06
8.723674477517146295e-06
8.723674478192436536e-06
8.723674478198907868e-06
8.723674478198907868e-06
8.723674478205516419e-06
8.723674478205516419e-06
8.723674478205516419e-06
8.723674478238144128e-06
8.723674478241312031e-06
8.723674478381738235e-06
8.723674478388209567e-06
8.723674478388209567e-06
8.723674478394680899e-06
8.723674479801844876e-06
8.723674479808314513e-06
8.723674479808314513e-06
8.723674480089170310e-06
8.723674480092473738e-06
8.723674480131572779e-06
8.723674480138181330e-06
8.723674480144789881e-06
8.723674480262363137e-06
8.723674480268971688e-06
8.723674480272137897e-06
8.723674480412565795e-06
8.723674480866751638e-06
8.723674481223050965e-06
8.723674481229522296e-06
8.723674481236130847e-06
8.723674481239297057e-06
8.723674481131635781e-06
8.723674481105340490e-06
8.723674481108643919e-06
8.723674482073187441e-06
8.723674482432929110e-06
8.723674482439400441e-06
8.723674482475470492e-06
8.723674482481940130e-06
8.723674482609427059e-06
8.723674483051085284e-06
8.723674483057831055e-06
8.723674483067605815e-06
8.723674483453779994e-06
8.723674483460251326e-06
8.723674483470026086e-06
8.723674484681555945e-06
8.723674484688025583e-06
8.723674486146130121e-06
8.723674487034676153e-06
8.723674487044589827e-06
8.723674487051059464e-06
8.723674487057668015e-06
8.723674487070747898e-06
8.723674487484044072e-06
8.723674487490652623e-06
8.723674487838417246e-06
8.723674487845025797e-06
8.723674487854800558e-06
8.723674488183013966e-06
8.723674488589977722e-06
8.723674489506059101e-06
8.723674489630930392e-06
8.723674490672431940e-06
8.723674490800606659e-06
8.723674490846590384e-06
8.723674490859807486e-06
8.723674490869719466e-06
8.723674491260713262e-06
8.723674491274067584e-06
8.723674491691632804e-06
8.723674491668640941e-06
8.723674491819944743e-06
8.723674492484357387e-06
8.723674492790268418e-06
8.723674492790268418e-06
8.723674497294543992e-06
8.723674497304455971e-06
8.723674497317673073e-06
8.723674497363794017e-06
8.723674497373844910e-06
8.723674497413357303e-06
8.723674498974715158e-06
8.723674498987932260e-06
8.723674498997844239e-06
8.723674500028608797e-06
8.723674500960660135e-06
8.723674501195394988e-06
8.723674501635262586e-06
8.723674501648479688e-06
8.723674501900009510e-06
8.723674501919696249e-06
8.723674501932913351e-06
8.723674502412706694e-06
8.723674502452356306e-06
8.723674502502056812e-06
8.723674502869370955e-06
8.723674502882588057e-06
8.723674503246734297e-06
8.723674503627539982e-06
8.723674503230213767e-06
8.723674503611019451e-06
8.723674503624236553e-06
8.723674503634148533e-06
8.723674505018872913e-06
8.723674505032088321e-06
8.723674505042001994e-06
8.723674505211201908e-06
8.723674506471054997e-06
8.723674506484409318e-06
8.723674506816066763e-06
8.723674506885730140e-06
8.723674506898945548e-06
8.723674506908859222e-06
8.723674509129813491e-06
8.723674509757881645e-06
8.723674510512194978e-06
8.723674510931274693e-06
8.723674511649656888e-06
8.723674511662873990e-06
8.723674512524711379e-06
8.723674514949422812e-06
8.723674515002840098e-06
8.723674515476026583e-06
8.723674515492821553e-06
8.723674516129700543e-06
8.723674517520894561e-06
8.723674518739859675e-06
8.723674519130577339e-06
8.723674519110614467e-06
8.723674519802288019e-06
8.723674519959373667e-06
8.723674520454035826e-06
8.723674520470832490e-06
8.723674520520946347e-06
8.723674520654626781e-06
8.723674521199816149e-06
8.723674522297350620e-06
8.723674522618682733e-06
8.723674522672237238e-06
8.723674523017110091e-06
8.723674523174471872e-06
8.723674523187826193e-06
8.723674524883003395e-06
8.723674525553612932e-06
8.723674525607306350e-06
8.723674525540258610e-06
8.723674527425701435e-06
8.723674528305436630e-06
8.723674529343497530e-06
8.723674530607343532e-06
8.723674531629985044e-06
8.723674531764629401e-06
8.723674532319867969e-06
8.723674533350219174e-06
8.723674533370458180e-06
8.723674534300307232e-06
8.723674534684555258e-06
8.723674535136262683e-06
8.723674535736521051e-06
8.723674535722890597e-06
8.723674535743266821e-06
8.723674537096049589e-06
8.723674537426880329e-06
8.723674538389357091e-06
8.723674539470509945e-06
8.723674540599572676e-06
8.723674540619948901e-06
8.723674541347279152e-06
8.723674541472424882e-06
8.723674542193148276e-06
8.723674542338807450e-06
8.723674542792442721e-06
8.723674543185362670e-06
8.723674543093947487e-06
8.723674543524040324e-06
8.723674544513364642e-06
8.723674545530498746e-06
8.723674546276829640e-06
8.723674549404090528e-06
8.723674550175751095e-06
8.723674551808562955e-06
8.723674551978728486e-06
8.723674551999241930e-06
8.723674553184200366e-06
8.723674555522040099e-06
8.723674556750090489e-06
8.723674558071483910e-06
8.723674558126002338e-06
8.723674558583767742e-06
8.723674558607723528e-06
8.723674559632843458e-06
8.723674561192275160e-06
8.723674562010056671e-06
8.723674562229233223e-06
8.723674562766712897e-06
8.723674562900118892e-06
8.723674563547597653e-06
8.723674563574858562e-06
8.723674563934600231e-06
8.723674565717199703e-06
8.723674566605747429e-06
8.723674566763659781e-06
8.723674567474193369e-06
8.723674568394404881e-06
8.723674569036930193e-06
8.723674568957905407e-06
8.723674571371464804e-06
8.723674571433418488e-06
8.723674573240661537e-06
8.723674575949808327e-06
8.723674577941260713e-06
8.723674578289987566e-06
8.723674578314217790e-06
8.723674578448863842e-06
8.723674579461178328e-06
8.723674579620191823e-06
8.723674580716076274e-06
8.723674581491041964e-06
8.723674582363067465e-06
8.723674582809682528e-06
8.723674583997669953e-06
8.723674584645700980e-06
8.723674586778543493e-06
8.723674587666952306e-06
8.723674587691321444e-06
8.723674588392630843e-06
8.723674588416999981e-06
8.723674589368876972e-06
8.723674589466211222e-06
8.723674589949309687e-06
8.723674590241315826e-06
8.723674590592383877e-06
8.723674590189136902e-06
8.723674592178800355e-06
8.723674595585538069e-06
8.723674599540356923e-06
8.723674599571885183e-06
8.723674599481018877e-06
8.723674600351255445e-06
8.723674601225347706e-06
8.723674604982191243e-06
8.723674605998774776e-06
8.723674607352795905e-06
8.723674607454538115e-06
8.723674609361044955e-06
8.723674609800361981e-06
8.723674610671836911e-06
8.723674611723389351e-06
8.723674613007748797e-06
8.723674614472599106e-06
8.723674614469156764e-06
8.723674616742703309e-06
8.723674616912042136e-06
8.723674619743166753e-06
8.723674620813992581e-06
8.723674622232034155e-06
8.723674622589297405e-06
8.723674623658059861e-06
8.723674624628385230e-06
8.723674626315302167e-06
8.723674626847135519e-06
8.723674628436580987e-06
8.723674629245965013e-06
8.723674631612578456e-06
8.723674633145575954e-06
8.723674634330810522e-06
8.723674636589625470e-06
8.723674639001119800e-06
8.723674638451525860e-06
8.723674638929667489e-06
8.723674643654495196e-06
8.723674644334466141e-06
8.723674644184263482e-06
8.723674645011270876e-06
8.723674647713256850e-06
8.723674647892646570e-06
8.723674648333754224e-06
8.723674652528400292e-06
8.723674653093000268e-06
8.723674653761958090e-06
8.723674656015678982e-06
8.723674658289774404e-06
8.723674661538327022e-06
8.723674661574534292e-06
8.723674662983902248e-06
8.723674665175943895e-06
8.723674665932737340e-06
8.723674667414245399e-06
8.723674669089048070e-06
8.723674670729293491e-06
8.723674673497363281e-06
8.723674675108560554e-06
8.723674676174844592e-06
8.723674676801122118e-06
8.723674677770071906e-06
8.723674678564587116e-06
8.723674680942489814e-06
8.723674682812099899e-06
8.723674682822975802e-06
8.723674687988086152e-06
8.723674690561209616e-06
8.723674691548192735e-06
8.723674693619083259e-06
8.723674694096811535e-06
8.723674696280731830e-06
8.723674696641298509e-06
8.723674699911465713e-06
8.723674700530723031e-06
8.723674703578408561e-06
8.723674703947924990e-06
8.723674705632776860e-06
8.723674708662703498e-06
8.723674710166651154e-06
8.723674711493414763e-06
8.723674711715894743e-06
8.723674712242498514e-06
8.723674715654330285e-06
8.723674718882369459e-06
8.723674720800028335e-06
8.723674723566446411e-06
8.723674724689727295e-06
8.723674725836137262e-06
8.723674726101434757e-06
8.723674728164476674e-06
8.723674728800391741e-06
8.723674731132173495e-06
8.723674735365093594e-06
8.723674736833384550e-06
8.723674736746926203e-06
8.723674737708715174e-06
8.723674739912047770e-06
8.723674740408636082e-06
8.723674742144154075e-06
8.723674743127420413e-06
8.723674748292942422e-06
8.723674752721771077e-06
8.723674752888494266e-06
8.723674754369588973e-06
8.723674754555311111e-06
8.723674754642458942e-06
8.723674756508077808e-06
8.723674759294595976e-06
8.723674759655576007e-06
8.723674762849884635e-06
8.723674765302268634e-06
8.723674767265635101e-06
8.723674768150740485e-06
8.723674769704390340e-06
8.723674769983179376e-06
8.723674770953504745e-06
8.723674773094607524e-06
8.723674775360444375e-06
8.723674777433398271e-06
8.723674777901077349e-06
8.723674779627506678e-06
8.723674783265125246e-06
8.723674784130404977e-06
8.723674788388932576e-06
8.723674790459958625e-06
8.723674790637283278e-06
8.723674792594591766e-06
8.723674793289982099e-06
8.723674793892856105e-06
8.723674796267316461e-06
8.723674800194876100e-06
8.723674801819978266e-06
8.723674801781153664e-06
8.723674805661077865e-06
8.723674809560001014e-06
8.723674809855861152e-06
8.723674813232175137e-06
8.723674817004988633e-06
8.723674819864473608e-06
8.723674820710205512e-06
8.723674821489714687e-06
8.723674821901083014e-06
8.723674823798504579e-06
8.723674824653596197e-06
8.723674828848381179e-06
8.723674831370152423e-06
8.723674832732709951e-06
8.723674834237897662e-06
8.723674836336047401e-06
8.723674839989222575e-06
8.723674842627465931e-06
8.723674844718319328e-06
8.723674845950911508e-06
8.723674848426150150e-06
8.723674848636378646e-06
8.723674849652823265e-06
8.723674851826418227e-06
8.723674855534801315e-06
8.723674857108412348e-06
8.723674861281582743e-06
8.723674864230831187e-06
8.723674865851113736e-06
8.723674866563714084e-06
8.723674869740951610e-06
8.723674873372786636e-06
8.723674874260644877e-06
8.723674874964021037e-06
8.723674878085500078e-06
8.723674881586683660e-06
8.723674885602353360e-06
8.723674888788401723e-06
8.723674890127967388e-06
8.723674890638186155e-06
8.723674892210008254e-06
8.723674894391450130e-06
8.723674895267744678e-06
8.723674903453005212e-06
8.723674906082300512e-06
8.723674906502479676e-06
8.723674910034364815e-06
8.723674914943813517e-06
8.723674916623847463e-06
8.723674918748155273e-06
8.723674919737203458e-06
8.723674923155369342e-06
8.723674925557915616e-06
8.723674929174881826e-06
8.723674932133080020e-06
8.723674937374597825e-06
8.723674940538755468e-06
8.723674942798947691e-06
8.723674945065472332e-06
8.723674949817835386e-06
8.723674949734541554e-06
8.723674952787597274e-06
8.723674955836660080e-06
8.723674959278505616e-06
8.723674963722753659e-06
8.723674970090720252e-06
8.723674972894585654e-06
8.723674975221961143e-06
8.723674977644470290e-06
8.723674981568311455e-06
8.723674985727714176e-06
8.723674990721556159e-06
8.723674991938869559e-06
8.723674993632395046e-06
8.723674999584722571e-06
8.723675004323870217e-06
8.723675006658818180e-06
8.723675012384672812e-06
8.723675018202493200e-06
8.723675020582047612e-06
8.723675021433009098e-06
8.723675027782940665e-06
8.723675030198427908e-06
8.723675038144686238e-06
8.723675042241032439e-06
8.723675044989002137e-06
8.723675047418670407e-06
8.723675052594931099e-06
8.723675057761142592e-06
8.723675059893708973e-06
8.723675063258596484e-06
8.723675068962560397e-06
8.723675077789517845e-06
8.723675079918782492e-06
8.723675083105379732e-06
8.723675085040799194e-06
8.723675089983565090e-06
8.723675095780460375e-06
8.723675097082028143e-06
8.723675108845982550e-06
8.723675110954869278e-06
8.723675113396651813e-06
8.723675119691651599e-06
8.723675122156012644e-06
8.723675127704544317e-06
8.723675134186779042e-06
8.723675136856274526e-06
8.723675142466482055e-06
8.723675145870881959e-06
8.723675152230036021e-06
8.723675158975777614e-06
8.723675162020296935e-06
8.723675166235044789e-06
8.723675170328638133e-06
8.723675171841398319e-06
8.723675179236134862e-06
8.723675187368803120e-06
8.723675191369055127e-06
8.723675194463962744e-06
8.723675196918411810e-06
8.723675199733015896e-06
8.723675206426991917e-06
8.723675216990980160e-06
8.723675219075638357e-06
8.723675223493867242e-06
8.723675225011858704e-06
8.723675230502016254e-06
8.723675234884173394e-06
8.723675238067468899e-06
8.723675246961472393e-06
8.723675248754537805e-06
8.723675254904703427e-06
8.723675260224144875e-06
8.723675265211791659e-06
8.723675268286324745e-06
8.723675271990576007e-06
8.723675275403510614e-06
8.723675280426402439e-06
8.723675284806082855e-06
8.723675289429446179e-06
8.723675293757359329e-06
8.723675301198355729e-06
8.723675303925398632e-06
8.723675307968053108e-06
8.723675310503729245e-06
8.723675314386958567e-06
8.723675318290562421e-06
8.723675319779917393e-06
8.723675331186745769e-06
8.723675333872761784e-06
8.723675335699142695e-06
8.723675340464585632e-06
8.723675345657090722e-06
8.723675348978610146e-06
8.723675353029250448e-06
8.723675360214446287e-06
8.723675364970802254e-06
8.723675368222934433e-06
8.723675370515754365e-06
8.723675376933282550e-06
8.723675383007176243e-06
8.723675387056163138e-06
8.723675390515906480e-06
8.723675394907426722e-06
8.723675399481777332e-06
8.723675407959181224e-06
8.723675409938931003e-06
8.723675414908131103e-06
8.723675419825840070e-06
8.723675423435098280e-06
8.723675429419779076e-06
8.723675437891675560e-06
8.723675441474499566e-06
8.723675444837596449e-06
8.723675454573064496e-06
8.723675458024547573e-06
8.723675461835082834e-06
8.723675469203937439e-06
8.723675475436156837e-06
8.723675478500776250e-06
8.723675488171812195e-06
8.723675492056142661e-06
8.723675498726439029e-06
8.723675506974754390e-06
8.723675512073918143e-06
8.723675520000350819e-06
8.723675526744166259e-06
8.723675531195160073e-06
8.723675539885408098e-06
8.723675546317530659e-06
8.723675550024810910e-06
8.723675562050069900e-06
8.723675568314779788e-06
8.723675573174941337e-06
8.723675579700405236e-06
8.723675590696139723e-06
8.723675595784014222e-06
8.723675602919097897e-06
8.723675607991002436e-06
8.723675618401347372e-06
8.723675624922955577e-06
8.723675629843142962e-06
8.723675640651366378e-06
8.723675647234928267e-06
8.723675656576647966e-06
8.723675662180799210e-06
8.723675670623784765e-06
8.723675677514636654e-06
8.723675685762950321e-06
8.723675693555014773e-06
8.723675700203559335e-06
8.723675711255187833e-06
8.723675717556243905e-06
8.723675724744746560e-06
8.723675732702568583e-06
8.723675738952961920e-06
8.723675744512506715e-06
8.723675757144630930e-06
8.723675762920873858e-06
8.723675770036684146e-06
8.723675775705816370e-06
8.723675784986410783e-06
8.723675794001018217e-06
8.723675799466943848e-06
8.723675804189706489e-06
8.723675816388985009e-06
8.723675821265668783e-06
8.723675831557613759e-06
8.723675834451793203e-06
8.723675841063441010e-06
8.723675853981652296e-06
8.723675856390393770e-06
8.723675864141705773e-06
8.723675872510072807e-06
8.723675876646619191e-06
8.723675884145713582e-06
8.723675895651390703e-06
8.723675902729753664e-06
8.723675908475708388e-06
8.723675915961311237e-06
8.723675924223118138e-06
8.723675934439067319e-06
8.723675940818321472e-06
8.723675947131217371e-06
8.723675951925845674e-06
8.723675962389884029e-06
8.723675971751429381e-06
8.723675978965263404e-06
8.723675982685210185e-06
8.723675993521241693e-06
8.723676003597313547e-06
8.723676007518815206e-06
8.723676019058636226e-06
8.723676025160891971e-06
8.723676028561160048e-06
8.723676042623716234e-06
8.723676051744057097e-06
8.723676061455569358e-06
8.723676068279234594e-06
8.723676075394768748e-06
8.723676090318337314e-06
8.723676095614649680e-06
8.723676104914241349e-06
8.723676114629609304e-06
8.723676126364927221e-06
8.723676136026876197e-06
8.723676141801192972e-06
8.723676156067780761e-06
8.723676164415495438e-06
8.723676176195145366e-06
8.723676183589055205e-06
8.723676197044195595e-06
8.723676206955609326e-06
8.723676222769101199e-06
8.723676229200671495e-06
8.723676247903387670e-06
8.723676254774412212e-06
8.723676266119837475e-06
8.723676277623037872e-06
8.723676296223874618e-06
8.723676301922744474e-06
8.723676317150296224e-06
8.723676334477098855e-06
8.723676343721347085e-06
8.723676357821074466e-06
8.723676370560034946e-06
8.723676385158691838e-06
8.723676390040330754e-06
8.723676408132876580e-06
8.723676419120625242e-06
8.723676431574323660e-06
8.723676440712562329e-06
8.723676460649937444e-06
8.723676469825621745e-06
8.723676478458046218e-06
8.723676498813123773e-06
8.723676505523622019e-06
8.723676514231766156e-06
8.723676532132945216e-06
8.723676541629961630e-06
8.723676554494479499e-06
8.723676566243012824e-06
8.723676579292565040e-06
8.723676588252930178e-06
8.723676601231992311e-06
8.723676615480683988e-06
8.723676626225576445e-06
8.723676635650725502e-06
8.723676647376958144e-06
8.723676661032274442e-06
8.723676673223016565e-06
8.723676682911950315e-06
8.723676691479668248e-06
8.723676706814881274e-06
8.723676722210120136e-06
8.723676729140896076e-06
8.723676737749090326e-06
8.723676756809483102e-06
8.723676766324671761e-06
8.723676774019813621e-06
8.723676786985934785e-06
8.723676800071282614e-06
8.723676816525783610e-06
8.723676824643306920e-06
8.723676843335284410e-06
8.723676853851362775e-06
8.723676869837222465e-06
8.723676875137939402e-06
8.723676893543555382e-06
8.723676908254554254e-06
8.723676919714249344e-06
8.723676938470657243e-06
8.723676951921115235e-06
8.723676968074109772e-06
8.723676981620114774e-06
8.723677004848719415e-06
8.723677011626677059e-06
8.723677034483562985e-06
8.723677043510560817e-06
8.723677071281025577e-06
8.723677081249986727e-06
8.723677101529893495e-06
8.723677116136261775e-06
8.723677132814896160e-06
8.723677154190135114e-06
8.723677174283079688e-06
8.723677189387826907e-06
8.723677211845733210e-06
8.723677226432826408e-06
8.723677251121875092e-06
8.723677268550281019e-06
8.723677288554841094e-06
8.723677308604830933e-06
8.723677330336094776e-06
8.723677348010938163e-06
8.723677365999951152e-06
8.723677385151482980e-06
8.723677407505583701e-06
8.723677423259325870e-06
8.723677443736931823e-06
8.723677460176838442e-06
8.723677480467207762e-06
8.723677504619605169e-06
8.723677520140401420e-06
8.723677540780463209e-06
8.723677555406381009e-06
8.723677576924250147e-06
8.723677595572996770e-06
8.723677613147336310e-06
8.723677628931366683e-06
8.723677654078317991e-06
8.723677665901197092e-06
8.723677689361368682e-06
8.723677703961402850e-06
8.723677729411237892e-06
8.723677741663657566e-06
8.723677767908145038e-06
8.723677783239504064e-06
8.723677801189968584e-06
8.723677829534808080e-06
8.723677842024027672e-06
8.723677857116935065e-06
8.723677882692327496e-06
8.723677902928178387e-06
8.723677923519227462e-06
8.723677942238464167e-06
8.723677963542113590e-06
8.723677978429059839e-06
8.723678005113553823e-06
8.723678031232482213e-06
8.723678047652564874e-06
8.723678080496035316e-06
8.723678094427525013e-06
8.723678115123756946e-06
8.723678141964648786e-06
8.723678155040357380e-06
8.723678185057109471e-06
8.723678207734192325e-06
8.723678226402214030e-06
8.723678252327297236e-06
8.723678283632674431e-06
8.723678296547031718e-06
8.723678322910469722e-06
8.723678345568277494e-06
8.723678363962604219e-06
8.723678393339997207e-06
8.723678409878479826e-06
8.723678440547254163e-06
8.723678458363899336e-06
8.723678482119244968e-06
8.723678508228811950e-06
8.723678521229627584e-06
8.723678556565543296e-06
8.723678580619915275e-06
8.723678601502282698e-06
8.723678629588846602e-06
8.723678649356056186e-06
8.723678682059649302e-06
8.723678707315639161e-06
8.723678731575420017e-06
8.723678753696300381e-06
8.723678784902002127e-06
8.723678806978828307e-06
8.723678840419251995e-06
8.723678868119777246e-06
8.723678901267230873e-06
8.723678922479465112e-06
8.723678957362709477e-06
8.723678984303827338e-06
8.723679015948432758e-06
8.723679041517218332e-06
8.723679075895475205e-06
8.723679107764764585e-06
8.723679147591052672e-06
8.723679176374795843e-06
8.723679206442210669e-06
8.723679238008618007e-06
8.723679281982191162e-06
8.723679315892357301e-06
8.723679344469590451e-06
8.723679377178690975e-06
8.723679412331776319e-06
8.723679454580571859e-06
8.723679493107768903e-06
8.723679527484924634e-06
8.723679550771627265e-06
8.723679595763987932e-06
8.723679638039766554e-06
8.723679671931760447e-06
8.723679711751438289e-06
8.723679736896187311e-06
8.723679781329592630e-06
8.723679815042059585e-06
8.723679857728657656e-06
8.723679891617896998e-06
8.723679921056418660e-06
8.723679956427579413e-06
8.723680003833636696e-06
8.723680039212507143e-06
8.723680069190709071e-06
8.723680114957345943e-06
8.723680147162560120e-06
8.723680193829584545e-06
8.723680226792005518e-06
8.723680266763674952e-06
8.723680304074385300e-06
8.723680337902497663e-06
8.723680383697771025e-06
8.723680421955127089e-06
8.723680458438142252e-06
8.723680507044165701e-06
8.723680541916396943e-06
8.723680589646813635e-06
8.723680624501423204e-06
8.723680669618790687e-06
8.723680704799411379e-06
8.723680746222163448e-06
8.723680796095334634e-06
8.723680833931959268e-06
8.723680881922304961e-06
8.723680924174954501e-06
8.723680968462975085e-06
8.723681011010798667e-06
8.723681061905510221e-06
8.723681085130535301e-06
8.723681138079892981e-06
8.723681183240213506e-06
8.723681231145200300e-06
8.723681272638442451e-06
8.723681309070242614e-06
8.723681367462672977e-06
8.723681411122899846e-06
8.723681449456251706e-06
8.723681481591526372e-06
8.723681537699671507e-06
8.723681583822609400e-06
8.723681639844845065e-06
8.723681664332064433e-06
8.723681724999415228e-06
8.723681764654987213e-06
8.723681828218995870e-06
8.723681871457942432e-06
8.723681927786915833e-06
8.723681971694405171e-06
8.723682027125194999e-06
8.723682077330987552e-06
8.723682133612051075e-06
8.723682189893114597e-06
8.723682248500313552e-06
8.723682298888938168e-06
8.723682355942075610e-06
8.723682411388284825e-06
8.723682474798650176e-06
8.723682527970487836e-06
8.723682583157869194e-06
8.723682650937450715e-06
8.723682702592674190e-06
8.723682774643448147e-06
8.723682820585757958e-06
8.723682886416979048e-06
8.723682957312394983e-06
8.723683024047859319e-06
8.723683074781217873e-06
8.723683131883918602e-06
8.723683194440705135e-06
8.723683265972725622e-06
8.723683312210207781e-06
8.723683380551497507e-06
8.723683444487226573e-06
8.723683501251800219e-06
8.723683567790114249e-06
8.723683632056260703e-06
8.723683694890597910e-06
8.723683753615647947e-06
8.723683817648297912e-06
8.723683893244450242e-06
8.723683968544327389e-06
8.723684023564297766e-06
8.723684100124166915e-06
8.723684176684034369e-06
8.723684250626998615e-06
8.723684322726234716e-06
8.723684396274901737e-06
8.723684460016785619e-06
8.723684533866130701e-06
8.723684616971563840e-06
8.723684694292493786e-06
8.723684787570370799e-06
8.723684860755577677e-06
8.723684935906766659e-06
8.723685018626713410e-06
8.723685092454032248e-06
8.723685181777917112e-06
8.723685253731768477e-06
8.723685345254029099e-06
8.723685422692806739e-06
8.723685505027267101e-06
8.723685612962451261e-06
8.723685686478075527e-06
8.723685761208534775e-06
8.723685844499000567e-06
8.723685937790094682e-06
8.723686008340774984e-06
8.723686108091525314e-06
8.723686180679778945e-06
8.723686284539818140e-06
8.723686350288436576e-06
8.723686443952901121e-06
8.723686534561008211e-06
8.723686620640196151e-06
8.723686706130138845e-06
8.723686804136285907e-06
8.723686893518544893e-06
8.723686986236915987e-06
8.723687073859152317e-06
8.723687175343491099e-06
8.723687287155570470e-06
8.723687363763900067e-06
8.723687469295850162e-06
8.723687571129330843e-06
8.723687678359624348e-06
8.723687751973272349e-06
8.723687853203191233e-06
8.723687975189916763e-06
8.723688051843403381e-06
8.723688166005850103e-06
8.723688270268999053e-06
8.723688379347426970e-06
8.723688473938161005e-06
8.723688567879076775e-06
8.723688664203399262e-06
8.723688789127535104e-06
8.723688888782463985e-06
8.723688991810953994e-06
8.723689102321189465e-06
8.723689238948701612e-06
8.723689352580278904e-06
8.723689443234644157e-06
8.723689571988314209e-06
8.723689701268449119e-06
8.723689806758547316e-06
8.723689918517759973e-06
8.723690068552500938e-06
8.723690180517673043e-06
8.723690322394414383e-06
8.723690438967804863e-06
8.723690581388632734e-06
8.723690731276889516e-06
8.723690868612595745e-06
8.723690998667010249e-06
8.723691148035409029e-06
8.723691279674723821e-06
8.723691407795094443e-06
8.723691585942833517e-06
8.723691730916684759e-06
8.723691867057381660e-06
8.723692029014677176e-06
8.723692180788515695e-06
8.723692344900131092e-06
8.723692500121320862e-06
8.723692662702002134e-06
8.723692799417626036e-06
8.723692950255281390e-06
8.723693122347573453e-06
8.723693274011272279e-06
8.723693415597245842e-06
8.723693580261760301e-06
8.723693722063605293e-06
8.723693890823090372e-06
8.723694067646955912e-06
8.723694251907413282e-06
8.723694380635751966e-06
8.723694567149652400e-06
8.723694718586464980e-06
8.723694888619155775e-06
8.723695064817433274e-06
8.723695231277213736e-06
8.723695397618043667e-06
8.723695579567783298e-06
8.723695736941090663e-06
8.723695917315840291e-06
8.723696106268221526e-06
8.723696270190396310e-06
8.723696426552627551e-06
8.723696623278623166e-06
8.723696793353167552e-06
8.723696959537601320e-06
8.723697165281783930e-06
8.723697348288857848e-06
8.723697505900066275e-06
8.723697708963464145e-06
8.723697923908664117e-06
8.723698082315075545e-06
8.723698316459718916e-06
8.723698512397118387e-06
8.723698670184548630e-06
8.723698907549658701e-06
8.723699114752081374e-06
8.723699315751473404e-06
8.723699532773898012e-06
8.723699747406302269e-06
8.723699939491038447e-06
8.723700169873330873e-06
8.723700377681519323e-06
8.723700598450873794e-06
8.723700828183346260e-06
8.723701010315914565e-06
8.723701245240343243e-06
8.723701476314307528e-06
8.723701715776464500e-06
8.723701932748224679e-06
8.723702177646845782e-06
8.723702386838381336e-06
8.723702651445287330e-06
8.723702899385949336e-06
8.723703147071088608e-06
8.723703383500015513e-06
8.723703651946369391e-06
8.723703901389327339e-06
8.723704170813716279e-06
8.723704478172203018e-06
8.723704734745565631e-06
8.723705002616992507e-06
8.723705284172097733e-06
8.723705554678052879e-06
8.723705863745897845e-06
8.723706155625438538e-06
8.723706455701529019e-06
8.723706713929180859e-06
8.723707015824769262e-06
8.723707317037494949e-06
8.723707634669754420e-06
8.723707929523049913e-06
8.723708241617516394e-06
8.723708534030130495e-06
8.723708833258151261e-06
8.723709180451735229e-06
8.723709523764017722e-06
8.723709771935972239e-06
8.723710122781767458e-06
8.723710429950815278e-06
8.723710779386829189e-06
8.723711143960358636e-06
8.723711432815481792e-06
8.723711774074771567e-06
8.723712146120134495e-06
8.723712481396671321e-06
8.723712824801471835e-06
8.723713213654057220e-06
8.723713553591679135e-06
8.723713935540746101e-06
8.723714210615270010e-06
8.723714565064814337e-06
8.723714967477721275e-06
8.723715349351895282e-06
8.723715668631833734e-06
8.723715999749518410e-06
8.723716435292257302e-06
8.723716863737634284e-06
8.723717198701375395e-06
8.723717597554587409e-06
8.723718018329879460e-06
8.723718419883700172e-06
8.723718810683544846e-06
8.723719276007885931e-06
8.723719632017000873e-06
8.723720130845647177e-06
8.723720478426919819e-06
8.723721002120562185e-06
8.723721364209352668e-06
8.723721852200314056e-06
8.723722317352839589e-06
8.723722756005903792e-06
8.723723204655191746e-06
8.723723620112968502e-06
8.723724152956963802e-06
8.723724609448152238e-06
8.723725136670650753e-06
8.723725575905248814e-06
8.723726057741640008e-06
8.723726675212088898e-06
8.723727069835960374e-06
8.723727594886515640e-06
8.723728086591365830e-06
8.723728660050243666e-06
8.723729220014883766e-06
8.723729702401970042e-06
8.723730240955573882e-06
8.723730766182350964e-06
8.723731318261033010e-06
8.723731877062603700e-06
8.723732499498122557e-06
8.723732951046268965e-06
8.723733520042311468e-06
8.723734079500310669e-06
8.723734699847591768e-06
8.723735294501632742e-06
8.723735864519766185e-06
8.723736368978720111e-06
8.723737035284831551e-06
8.723737647036859370e-06
8.723738245127238473e-06
8.723738918222322374e-06
8.723739531723359727e-06
8.723740183310484776e-06
8.723740882424821619e-06
8.723741580922379562e-06
8.723742205349211892e-06
8.723742853072660527e-06
8.723743575082706204e-06
8.723744254746483177e-06
8.723744890085893383e-06
8.723745674161507470e-06
8.723746307809181121e-06
8.723746983684174639e-06
8.723747643628653600e-06
8.723748427765945238e-06
8.723749130770392700e-06
8.723749856269644913e-06
8.723750538418159156e-06
8.723751362311247105e-06
8.723752058777840270e-06
8.723752941661412971e-06
8.723753654895578981e-06
8.723754431155723401e-06
8.723755218791030719e-06
8.723756139324541993e-06
8.723756982707839424e-06
8.723757830972501333e-06
8.723758546788325509e-06
8.723759448906584957e-06
8.723760399283377669e-06
8.723761237899856582e-06
8.723762197739797942e-06
8.723763066922070620e-06
8.723763874576254563e-06
8.723764861968585276e-06
8.723765795013894652e-06
8.723766635207565854e-06
8.723767635420084118e-06
8.723768492064124490e-06
8.723769570378457457e-06
8.723770461368265906e-06
8.723771422803021228e-06
8.723772454920624485e-06
8.723773551835243626e-06
8.723774556981991389e-06
8.723775706666439577e-06
8.723776721716893070e-06
8.723777758389847988e-06
8.723778933097892381e-06
8.723779931812519276e-06
8.723780910622813811e-06
8.723782134681972491e-06
8.723783190898003605e-06
8.723784357508623086e-06
8.723785526225103694e-06
8.723786699796512881e-06
8.723787832792690838e-06
8.723788979710444817e-06
8.723790250274722656e-06
8.723791558973552029e-06
8.723792699450374304e-06
8.723793983046306552e-06
8.723795293128481335e-06
8.723796714477546121e-06
8.723798026956348112e-06
8.723799543844446057e-06
8.723800732430013984e-06
8.723802193799210346e-06
8.723803617192458707e-06
8.723805083998119201e-06
8.723806457811164743e-06
8.723808020032503295e-06
8.723809357623011552e-06
8.723810842024490647e-06
8.723812285198712877e-06
8.723813860883452084e-06
8.723815424840581373e-06
8.723817040924328301e-06
8.723818518030195730e-06
8.723820082736271551e-06
8.723821780164329513e-06
8.723823534230299202e-06
8.723825090028327722e-06
8.723826626653347047e-06
8.723828346778862393e-06
8.723830218984403423e-06
8.723831930104948877e-06
8.723833621911508359e-06
8.723835358390471978e-06
8.723837189465678734e-06
8.723838798112837221e-06
8.723840659286848150e-06
8.723842533078390610e-06
8.723844233572718005e-06
8.723846144600076161e-06
8.723848217100118566e-06
8.723850176253842353e-06
8.723852213386027433e-06
8.723854092957668516e-06
8.723856276759845964e-06
8.723858178729365818e-06
8.723860281839257867e-06
8.723862411875947837e-06
8.723864496975898406e-06
8.723866684143925595e-06
8.723868705380839465e-06
8.723870710123328288e-06
8.723873130909532296e-06
8.723875049532080729e-06
8.723877474952937316e-06
8.723879480276959997e-06
8.723882064985340483e-06
8.723884233068470231e-06
8.723886913130849530e-06
8.723889216640976383e-06
8.723891883169468332e-06
8.723894294844969019e-06
8.723896863834303499e-06
8.723899367268864727e-06
8.723902110542256785e-06
8.723904792049662433e-06
8.723907697289160843e-06
8.723909923138028382e-06
8.723912867675147735e-06
8.723915662458380226e-06
8.723918412216761560e-06
8.723921041527059488e-06
8.723923920438917201e-06
8.723926647182639170e-06
8.723929743976004329e-06
8.723932586727002308e-06
8.723935544886122459e-06
8.723938628462798861e-06
8.723941669763696642e-06
8.723944792778970763e-06
8.723948026902536438e-06
8.723951194026304204e-06
8.723954496189378706e-06
8.723957662202945471e-06
8.723961108427919970e-06
8.723964484199136759e-06
8.723967985652245064e-06
8.723971416034816760e-06
8.723974686372107189e-06
8.723978556852769438e-06
8.723982253789504723e-06
8.723985900150382149e-06
8.723989594866713736e-06
8.723993544224569729e-06
8.723997377416547875e-06
8.724001331003744406e-06
8.724005232570055033e-06
8.724009411158148859e-06
8.724013488277321596e-06
8.724017771612072801e-06
8.724021729252386359e-06
8.724026195083166012e-06
8.724030567903707346e-06
8.724034749276115359e-06
8.724039213979072337e-06
8.724044013645768732e-06
8.724048363240183843e-06
8.724052616017952119e-06
8.724057679701209813e-06
8.724061939986058306e-06
8.724067283299189875e-06
8.724072030451581651e-06
8.724076824655381404e-06
8.724082035378700160e-06
8.724086965168097161e-06
8.724091623433854339e-06
8.724096830844190069e-06
8.724102112021266535e-06
8.724107542670272924e-06
8.724113009691605904e-06
8.724118245050832191e-06
8.724123945179296520e-06
8.724129250428368332e-06
8.724135151344757834e-06
8.724140711587797685e-06
8.724146568131359970e-06
8.724152300367567006e-06
8.724158357981011403e-06
8.724163977470057046e-06
8.724169775754459438e-06
8.724175959578462495e-06
8.724181928481495804e-06
8.724188036424087856e-06
8.724194259898155490e-06
8.724201151361260281e-06
8.724207399154033465e-06
8.724213784259385492e-06
8.724220412269841169e-06
8.724227613285400498e-06
8.724234107578217299e-06
8.724241272362430200e-06
8.724248215670195691e-06
8.724255159964807081e-06
8.724262441584541749e-06
8.724269449319256123e-06
8.724277367278465692e-06
8.724284603749994101e-06
8.724292203310377689e-06
8.724299721455961855e-06
8.724306710793046076e-06
8.724314156053000283e-06
8.724321450396001605e-06
8.724329614079874055e-06
8.724337207930647409e-06
8.724344947129745271e-06
8.724353100240268071e-06
8.724361051540774757e-06
8.724369054580210408e-06
8.724376755785735206e-06
8.724385773866813514e-06
8.724393739053652876e-06
8.724402523604664426e-06
8.724410967341346160e-06
8.724420072264875490e-06
8.724429155407301560e-06
8.724438811907278302e-06
8.724447234356282266e-06
8.724457353616563599e-06
8.724466882954379129e-06
8.724476926791426519e-06
8.724487252936930239e-06
8.724497385237676818e-06
8.724507841999304939e-06
8.724517306910171586e-06
8.724528299247242481e-06
8.724538848067508063e-06
8.724549327103659854e-06
8.724561486809107600e-06
8.724572466317180106e-06
8.724583439833688827e-06
8.724594905927347677e-06
8.724606988517826620e-06
8.724618295658785226e-06
8.724630235227078480e-06
8.724641624135280141e-06
8.724653413139062450e-06
8.724664340767227522e-06
8.724674807115359395e-06
8.724687382001034916e-06
8.724699446687307503e-06
8.724711723263523750e-06
8.724724024228933935e-06
8.724736398925841510e-06
8.724748549820164547e-06
8.724760871720808870e-06
8.724774335402321653e-06
8.724787301220007787e-06
8.724800607852023737e-06
8.724814188756748655e-06
8.724827447385752381e-06
8.724841088417597257e-06
8.724853494764067089e-06
8.724868552554381743e-06
8.724882005662544876e-06
8.724896067231780741e-06
8.724910306574282413e-06
8.724923676787378122e-06
8.724937599211323510e-06
8.724950852412673941e-06
8.724965430948257263e-06
8.724979975226185955e-06
8.724994607333411571e-06
8.725009184177258338e-06
8.725024040157558573e-06
8.725039603424513521e-06
8.725054784500094177e-06
8.725071371408347939e-06
8.725084835230839192e-06
8.725100913631428267e-06
8.725115743107862600e-06
8.725133358168712654e-06
8.725148742675555895e-06
8.725165387807727897e-06
8.725182724577995301e-06
8.725198357065150161e-06
8.725215554408170148e-06
8.725231742348669325e-06
8.725250207788851555e-06
8.725267708093606764e-06
8.725283892932588078e-06
8.725302778769184522e-06
8.725321310328052190e-06
8.725340165572420664e-06
8.725359260620378315e-06
8.725378938612388696e-06
8.725398470974119323e-06
8.725418345207514053e-06
8.725437872494036713e-06
8.725459053734524261e-06
8.725478676463157489e-06
8.725498913432960376e-06
8.725520545098176229e-06
8.725542930854746261e-06
8.725565212005633996e-06
8.725586044607512920e-06
8.725609101842323259e-06
8.725631286000344036e-06
8.725654716403937101e-06
8.725677382988693766e-06
8.725702262646186296e-06
8.725725952590286530e-06
8.725749857948780308e-06
8.725774740707789007e-06
8.725798895597352487e-06
8.725826102660743706e-06
8.725849240534974425e-06
8.725874791106796771e-06
8.725902108274008581e-06
8.725926980459667629e-06
8.725950885113270753e-06
8.725978508202757178e-06
8.726003917373638613e-06
8.726030654134401678e-06
8.726056978816454829e-06
8.726082916795836210e-06
8.726107237475536234e-06
8.726135201308860698e-06
8.726164329902471334e-06
8.726191212716449561e-06
8.726218412167027134e-06
8.726246224308019671e-06
8.726276032979530159e-06
8.726304841271109708e-06
8.726332042695380775e-06
8.726362676088224968e-06
8.726391605620892027e-06
8.726422801797935550e-06
8.726454748823838614e-06
8.726484258058063765e-06
8.726516992023196023e-06
8.726549097508377230e-06
8.726579710318432614e-06
8.726611234410317481e-06
8.726646748461725471e-06
8.726678010616475961e-06
8.726710499279877360e-06
8.726746843691737514e-06
8.726780337528320880e-06
8.726813758338295817e-06
8.726848935452269202e-06
8.726884530425051123e-06
8.726920116093284539e-06
8.726954871401064096e-06
8.726993179918502596e-06
8.727030241062544438e-06
8.727069309451435740e-06
8.727107262986254810e-06
8.727143343205331848e-06
8.727184105867896534e-06
8.727223849823390211e-06
8.727263400357060461e-06
8.727304610201858814e-06
8.727344436488507730e-06
8.727391304062636688e-06
8.727435061380001526e-06
8.727477156848632584e-06
8.727520086061188914e-06
8.727566172053253586e-06
8.727609816306256744e-06
8.727658292157477188e-06
8.727704560857037165e-06
8.727749846375983599e-06
8.727799794319541056e-06
8.727844676923347613e-06
8.727891576358505686e-06
8.727944572246546954e-06
8.727992463039042705e-06
8.728045066162361726e-06
8.728099348615685473e-06
8.728142370873726857e-06
8.728191293625224028e-06
8.728244874853946929e-06
8.728295325243116899e-06
8.728347598195944143e-06
8.728403082627746390e-06
8.728453609708951448e-06
8.728505556720629147e-06
8.728557965012343433e-06
8.728613377827318560e-06
8.728664423143672220e-06
8.728716543840255352e-06
8.728764836138111366e-06
8.728818328832644997e-06
8.728869022831809273e-06
8.728924371924724477e-06
8.728975301075201984e-06
8.729030447723702197e-06
8.729086643812476471e-06
8.729138052852085882e-06
8.729194523002103962e-06
8.729255329635581825e-06
8.729309318572697326e-06
8.729366565229571725e-06
8.729430935787038345e-06
8.729486900107970803e-06
8.729543531536827948e-06
8.729606330471484919e-06
8.729669738431126806e-06
8.729730565365438234e-06
8.729788018414112917e-06
8.729854464731736559e-06
8.729917069680656226e-06
8.729978425564446069e-06
8.730043835411770815e-06
8.730106424571154394e-06
8.730170125201135403e-06
8.730236928475070275e-06
8.730309492674235048e-06
8.730378585994896118e-06
8.730444018398701472e-06
8.730513990294295481e-06
8.730586530809155275e-06
8.730656563043334405e-06
8.730732938159953654e-06
8.730809657826819458e-06
8.730883270338435617e-06
8.730956843376209015e-06
8.731037366065760405e-06
8.731114916938947497e-06
8.731186223050389186e-06
8.731264523362654512e-06
8.731343675745988569e-06
8.731420616466366376e-06
8.731504935975571013e-06
8.731580900000324554e-06
8.731659107267106520e-06
8.731742804781347688e-06
8.731831214908369066e-06
8.731905347346872074e-06
8.731994165182286051e-06
8.732079994847887459e-06
8.732165737671037845e-06
8.732252012263225875e-06
8.732333709581522433e-06
8.732419362178748688e-06
8.732498620577542963e-06
8.732575149642144571e-06
8.732657181360268362e-06
8.732742806889718225e-06
8.732825222068019147e-06
8.732913788398671622e-06
8.732993117286468648e-06
8.733081450157541059e-06
8.733168818175143387e-06
8.733263241859982230e-06
8.733343034283461194e-06
8.733430466587033936e-06
8.733528253443179710e-06
8.733619580123184843e-06
8.733703226321434151e-06
8.733804984246047403e-06
8.733901410946391780e-06
8.733991393260134991e-06
8.734089265830907419e-06
8.734183285754737260e-06
8.734286339549179802e-06
8.734388551986885121e-06
8.734478233171606441e-06
8.734590799034060423e-06
8.734684093767027500e-06
8.734780504677835790e-06
8.734891135194224372e-06
8.734993116428000059e-06
8.735096089019111731e-06
8.735202198088898179e-06
8.735307316929171318e-06
8.735418365868280620e-06
8.735532782489996025e-06
8.735632152811102243e-06
8.735751035616040933e-06
8.735866600362635604e-06
8.735977283886754295e-06
8.736100213324372876e-06
8.736215158895565001e-06
8.736333172148164013e-06
8.736462389204842171e-06
8.736578346434203845e-06
8.736701253315341817e-06
8.736827464720936458e-06
8.736949350921311620e-06
8.737083578900229261e-06
8.737208355713636156e-06
8.737333615235735878e-06
8.737470767662407859e-06
8.737600275697690280e-06
8.737729483731776871e-06
8.737858253042309178e-06
8.738006137842609477e-06
8.738141222967802123e-06
8.738271133636270869e-06
8.738418795127408733e-06
8.738540630575702525e-06
8.738694843596727836e-06
8.738846689315079677e-06
8.738972526283090447e-06
8.739121314470453032e-06
8.739282056464885181e-06
8.739423426953490359e-06
8.739570684683620915e-06
8.739732809390335071e-06
8.739878817491420230e-06
8.740045879811810195e-06
8.740193884161459755e-06
8.740353673144572616e-06
8.740504622242806692e-06
8.740681295879723794e-06
8.740833015281781852e-06
8.740998096015322523e-06
8.741150156020243540e-06
8.741310397260798035e-06
8.741464487349002671e-06
8.741642374524593822e-06
8.741800557486263936e-06
8.741957168261213910e-06
8.742131039255372977e-06
8.742295795175588472e-06
8.742465571040633322e-06
8.742624549118256766e-06
8.742795899425673882e-06
8.742984079123513003e-06
8.743147794062133818e-06
8.743335797819422155e-06
8.743505386465677610e-06
8.743690428557019279e-06
8.743876848849347171e-06
8.744053612712186709e-06
8.744247772133122382e-06
8.744426631493042016e-06
8.744627821769084856e-06
8.744834955677854597e-06
8.745020428597983353e-06
8.745213566210331848e-06
8.745412451214024587e-06
8.745626376879202973e-06
8.745827995728384162e-06
8.746050984587602073e-06
8.746236956005959745e-06
8.746450110239489779e-06
8.746678395360431283e-06
8.746887527773410773e-06
8.747086543604693079e-06
8.747307342229612673e-06
8.747542739408992215e-06
8.747744619913350842e-06
8.747979340398303640e-06
8.748183812642322540e-06
8.748398351843783319e-06
8.748610633141500566e-06
8.748821637742399413e-06
8.749048655189112388e-06
8.749257927452273011e-06
8.749473576432596360e-06
8.749699005903051414e-06
8.749914266911900155e-06
8.750136809152796584e-06
8.750368087518756930e-06
8.750587904936756476e-06
8.750843196932319557e-06
8.751055751163457934e-06
8.751306439381261948e-06
8.751540602721135569e-06
8.751771468303495347e-06
8.752005275250969923e-06
8.752258607088339950e-06
8.752512360731903805e-06
8.752751664693782105e-06
8.753017770266304374e-06
8.753257062949942370e-06
8.753514714353411724e-06
8.753782304142380434e-06
8.754019844187448335e-06
8.754288092625660657e-06
8.754568740361443044e-06
8.754822259417604160e-06
8.755088358223183601e-06
8.755354596878944174e-06
8.755617318979327642e-06
8.755922408917849419e-06
8.756176631736217058e-06
8.756457283983295228e-06
8.756746196413690703e-06
8.757042169022618476e-06
8.757357849228938700e-06
8.757612981073488779e-06
8.757865967796700065e-06
8.758151275701443042e-06
8.758407677475868694e-06
8.758701414737536932e-06
8.758966367673884151e-06
8.759229103308156661e-06
8.759479705811334022e-06
8.759711329291453109e-06
8.759961160362982117e-06
8.760183934935630853e-06
8.760410735840127609e-06
8.760630241978689328e-06
8.760868790298455364e-06
8.761105829589647305e-06
8.761329183863855827e-06
8.761588854072368496e-06
8.761816164753334472e-06
8.762067421394457967e-06
8.762303826848535644e-06
8.762553878973578349e-06
8.762798634836899155e-06
8.763025765066015176e-06
8.763269181074368150e-06
8.763543756605481115e-06
8.763785309448507993e-06
8.764033963071732604e-06
8.764286794155226671e-06
8.764541479381453574e-06
8.764822127117235961e-06
8.765080150702640448e-06
8.765327717103483097e-06
8.765590671535620565e-06
8.765861678631450685e-06
8.766097060021294139e-06
8.766415183094500245e-06
8.766678606701439804e-06
8.766917349006941450e-06
8.767228014907550777e-06
8.767475635443949599e-06
8.767763753886216114e-06
8.768068239311048757e-06
8.768325834323314894e-06
8.768607907628691767e-06
8.768872102667281371e-06
8.769153679730076374e-06
8.769460470427260811e-06
8.769738136196262966e-06
8.770042594553319217e-06
8.770342031837718356e-06
8.770632496154002100e-06
8.770971023819860966e-06
8.771249181320147514e-06
8.771554172010153594e-06
8.771840693453570621e-06
8.772149685663293680e-06
8.772481369692836466e-06
8.772795455155954248e-06
8.773121319613416872e-06
8.773436248688922309e-06
8.773756334175968513e-06
8.774055311308157128e-06
8.774316411597561760e-06
8.774581143480395283e-06
8.774840358047994904e-06
8.775123870456853612e-06
8.775364074422321091e-06
8.775633114593013636e-06
8.775926605989038830e-06
8.776188008535288029e-06
8.776479316463959429e-06
8.776726914443875948e-06
8.777004553145101710e-06
8.777285327197176186e-06
8.777576585501588891e-06
8.777866084400488673e-06
8.778136202770971613e-06
8.778415524185673516e-06
8.778727349489402415e-06
8.779023110067409752e-06
8.779302792385808177e-06
8.779554513690439674e-06
8.779754558097250291e-06
8.780017106512731713e-06
8.780217272724540330e-06
8.780468091769933910e-06
8.780698700208412034e-06
8.780911633388430065e-06
8.781205846591844916e-06
8.781438236992316571e-06
8.781652577696744263e-06
8.781890580149671427e-06
8.782121332949626466e-06
8.782347858665055047e-06
8.782620607121214957e-06
8.782826836515098042e-06
8.783068159282019657e-06
8.783359282247547013e-06
8.783567122174168628e-06
8.783827640506364735e-06
8.784089286662608240e-06
8.784309099569310308e-06
8.784591777388376315e-06
8.784812009845623473e-06
8.785081045505020234e-06
8.785337237504174188e-06
8.785570584299436545e-06
8.785857904242278316e-06
8.786137081295503304e-06
8.786364576939611630e-06
8.786636296820239840e-06
8.786886921879897809e-06
8.787145410128810298e-06
8.787439158668718841e-06
8.787706195823904157e-06
8.787933492970981090e-06
8.788248061142791699e-06
8.788490786922825498e-06
8.788798804692573029e-06
8.789028389066816930e-06
8.789282808126567224e-06
8.789587546183987433e-06
8.789824452391941070e-06
8.790086400805029141e-06
8.790385066657779929e-06
8.790615747276997357e-06
8.790875223499774416e-06
8.791105732689735150e-06
8.791338321587238198e-06
8.791592081997746575e-06
8.791822022764389521e-06
8.792068984651543037e-06
8.792310230726429565e-06
8.792535114330045747e-06
8.792763967874306732e-06
8.793027039600144723e-06
8.793268948835570646e-06
8.793524076168823247e-06
8.793767383906065570e-06
8.794038769950777038e-06
8.794287707785661390e-06
8.794540701275817198e-06
8.794746321644715366e-06
8.795049201048106956e-06
8.795211937035453073e-06
8.795417313794358629e-06
8.795640334232648715e-06
8.795762089605434312e-06
8.796011397366606751e-06
8.796209249283472008e-06
8.796344958095362983e-06
8.796598330534400139e-06
8.796744279988635037e-06
8.796953216160231873e-06
8.797166122272471819e-06
8.797321387553333808e-06
8.797563120848207253e-06
8.797770410396695906e-06
8.797965519445479453e-06
8.798178096233098439e-06
8.798352593169604573e-06
8.798544499198094192e-06
8.798761086528023416e-06
8.798962222668511778e-06
8.799184706262557946e-06
8.799372534079295498e-06
8.799607924491730518e-06
8.799817826080711316e-06
8.800029360758911253e-06
8.800219584073923037e-06
8.800388252415755749e-06
8.800532956752244422e-06
8.800692800998736131e-06
8.800839968502942556e-06
8.800991863845551399e-06
8.801168291616825456e-06
8.801356241238561008e-06
8.801451573949580596e-06
8.801644928104147004e-06
8.801781503084906243e-06
8.801948339840488423e-06
8.802153973743275634e-06
8.802262506506937075e-06
8.802402708569831115e-06
8.802570925782044869e-06
8.802761934062594047e-06
8.802921236953542667e-06
8.803080603002639025e-06
8.803218630620770837e-06
8.803340778476325131e-06
8.803556779337748354e-06
8.803717146894598326e-06
8.803912043912459742e-06
8.804053662522356703e-06
8.804227166973702484e-06
8.804400274430982090e-06
8.804554714144641249e-06
8.804708432050910752e-06
8.804887765096929954e-06
8.805052445452933037e-06
8.805186313655980219e-06
8.805244365015311699e-06
8.805359782016954653e-06
8.805400645337816345e-06
8.805431132677445376e-06
8.805511244275131058e-06
8.805511090891060883e-06
8.805574871596550087e-06
8.805630198132984683e-06
8.805652781681697148e-06
8.805709569878095882e-06
8.805728345892825285e-06
8.805847426066972693e-06
8.805936298601853334e-06
8.805936722663694206e-06
8.805972388971348001e-06
8.806008425205288191e-06
8.806077637511386337e-06
8.806113944423097224e-06
8.806166600272189414e-06
8.806185439445066555e-06
8.806317394858530640e-06
8.806376610132277474e-06
8.806390766579711723e-06
8.806464598453106718e-06
8.806513843762280326e-06
8.806508511410188775e-06
8.806604033595648190e-06
8.806618668240477789e-06
8.806660596227237445e-06
8.806752771030927710e-06
8.806731982978097819e-06
8.806813881049074509e-06
8.806888849769106773e-06
8.806908609246404964e-06
8.806994937410235288e-06
8.807006585576988871e-06
8.807051851922927804e-06
8.807150035773138059e-06
8.807161025290649725e-06
8.807197900625680093e-06
8.807224264640595840e-06
8.807327519187720208e-06
8.807396993148995792e-06
8.807397669843424230e-06
8.807492389018163118e-06
8.807558795298031816e-06
8.807590248055046503e-06
8.807606533834281762e-06
8.807681042402103501e-06
8.807718305708605089e-06
8.807733301257131210e-06
8.807886956005252975e-06
8.807889689850743119e-06
8.807917082441188872e-06
8.808007515884549348e-06
8.807982983455885827e-06
8.808057392775191870e-06
8.808118574974076279e-06
8.808141934465732879e-06
8.808264587586458916e-06
8.808235507771239545e-06
8.808298440353045310e-06
8.808417565640153937e-06
8.808421075428588215e-06
8.808477150840188859e-06
8.808510155483091815e-06
8.808551343617278682e-06
8.808646351514973094e-06
8.808660535030183735e-06
8.808694820881202568e-06
8.808753061714975568e-06
8.808870057670283184e-06
8.808909757076727827e-06
8.808937564706422886e-06
8.808979005473195625e-06
8.809064837394445772e-06
8.809111060135175407e-06
8.809135339931253056e-06
8.809192254443945572e-06
8.809254384015030812e-06
8.809312796278057119e-06
8.809361734819092071e-06
8.809422104984664388e-06
8.809442721608237584e-06
8.809506583517057659e-06
8.809557146124720185e-06
8.809553825810727428e-06
8.809646794602544960e-06
8.809659832248525072e-06
8.809797011742973445e-06
8.809842530721498249e-06
8.809866449613881070e-06
8.809912239270176572e-06
8.809919646818514655e-06
8.810007779500820814e-06
8.810071488025570714e-06
8.810093701647995091e-06
8.810151987594729310e-06
8.810252255663775968e-06
8.810329326647832850e-06
8.810347010928884509e-06
8.810353543285762761e-06
8.810452927140758022e-06
8.810546283904048469e-06
8.810513071741520860e-06
8.810566458420595966e-06
8.810626350388771238e-06
8.810716828945094626e-06
8.810772092323383177e-06
8.810772507362632484e-06
8.810856029500235053e-06
8.810868002480315507e-06
8.810898273277728318e-06
8.810952823871218779e-06
8.810935969668665734e-06
8.810985575881535864e-06
8.811094099622605738e-06
8.811110656079611695e-06
8.811103943270885182e-06
8.811126752384405432e-06
8.811166920965653860e-06
8.811238921252794934e-06
8.811239327269450980e-06
8.811291207175599036e-06
8.811300401197228127e-06
8.811361556328336145e-06
8.811422828753146379e-06
8.811438690470539071e-06
8.811468239460562227e-06
8.811522717873315077e-06
8.811547187143832553e-06
8.811548865346012911e-06
8.811561524043113369e-06
8.811629807022197206e-06
8.811674369605931309e-06
8.811724309654718181e-06
8.811761067696048026e-06
8.811776108357535366e-06
8.811772652704655566e-06
8.811849317672054707e-06
8.811818839355017242e-06
8.811866514733119449e-06
8.811966782802167802e-06
8.811967964761767983e-06
8.811978232471889992e-06
8.812049294409423497e-06
8.812142777489007727e-06
8.812110043523875468e-06
8.812123884180576107e-06
8.812133078202205198e-06
8.812226723688451168e-06
8.812234618456777862e-06
8.812246780911298143e-06
8.812314802235202848e-06
8.812308928527568208e-06
8.812418092872696868e-06
8.812395319849544576e-06
8.812460580260182745e-06
8.812522836147561767e-06
8.812502039072140310e-06
8.812573137100045161e-06
8.812597985319440598e-06
8.812604770308906415e-06
8.812637856155140241e-06
8.812702701526529104e-06
8.812711922615936282e-06
8.812711065469659583e-06
8.812770659692287765e-06
8.812803664335190721e-06
8.812858945758664098e-06
8.812884714282482278e-06
8.812917520428353841e-06
8.812975752239533581e-06
8.812981030456070654e-06
8.813015063674505310e-06
8.813015577962270313e-06
8.813072763152733527e-06
8.813098044456564790e-06
8.813129271648769997e-06
8.813132339330176883e-06
8.813184354575210287e-06
8.813265873697307323e-06
8.813300736994238898e-06
8.813309759586611294e-06
8.813361747763868306e-06
8.813370256068477394e-06
8.813398361443721237e-06
8.813437690923877791e-06
8.813473952722627460e-06
8.813459444394089950e-06
8.813560199683126913e-06
8.813595306590052793e-06
8.813589252430569892e-06
8.813685478378234137e-06
8.813688094930022065e-06
8.813693463372484962e-06
8.813780774998884073e-06
8.813811027751113753e-06
8.813807157058984646e-06
8.813811839784427540e-06
8.813883091196400872e-06
8.813904862711799550e-06
8.813950354622546269e-06
8.813993924721120018e-06
8.814020631594545767e-06
8.814009596964072883e-06
8.814027091770684715e-06
8.814063155072401296e-06
8.814122361323558258e-06
8.814152550917640200e-06
8.814187468350126253e-06
8.814205333083026172e-06
8.814259486682452153e-06
8.814274473208385014e-06
8.814325559126404109e-06
8.814361911151077908e-06
8.814354693077177958e-06
8.814443854335014122e-06
8.814450431804855287e-06
8.814450955115213550e-06
8.814502519230627995e-06
8.814598375252005846e-06
8.814607921154736506e-06
8.814686264324317699e-06
8.814635277654814301e-06
8.814694556086708873e-06
8.814732017890243549e-06
8.814765798476090639e-06
8.814792568507662433e-06
8.814855410863545762e-06
8.814859236442711956e-06
8.814876893655987223e-06
8.814910430631840008e-06
8.814945411222472105e-06
8.814974445924730258e-06
8.814982854980823649e-06
8.814997652032314989e-06
8.815065177113639517e-06
8.815065655311034868e-06
8.815098217846912125e-06
8.815158055679534613e-06
8.815203349093249938e-06
8.815225824370851753e-06
8.815288621613772170e-06
8.815271586959370863e-06
8.815309418689193626e-06
8.815385352826609852e-06
8.815397163400026870e-06
8.815411770977080077e-06
8.815462838849914346e-06
8.815502321714142769e-06
8.815489536700748529e-06
8.815613389826261267e-06
8.815603744675013217e-06
8.815585076931392770e-06
8.815652683216048169e-06
8.815658511810721591e-06
8.815684749509343555e-06
8.815747853520406016e-06
8.815761829515992003e-06
8.815764987423323020e-06
8.815853381760806615e-06
8.815861420890611918e-06
8.815887324753317141e-06
8.815956645330524244e-06
8.815955454348330803e-06
8.815986437930541705e-06
8.816027526816211181e-06
8.816055758507747113e-06
8.816064916439006553e-06
8.816100122594448129e-06
8.816138919741654855e-06
8.816139803955707946e-06
8.816224850911422392e-06
8.816232132143466692e-06
8.816189816185235817e-06
8.816284535359973011e-06
8.816282947383715090e-06
8.816345934101075334e-06
8.816394863619518720e-06
8.816436520928507678e-06
8.816475498527560971e-06
8.816473594760571134e-06
8.816544692788474291e-06
8.816552091314220808e-06
8.816523832554906790e-06
8.816568783110112113e-06
8.816607859957682796e-06
8.816652765399925207e-06
8.816699421225090668e-06
8.816733580759815718e-06
8.816746095095439261e-06
8.816794573484261995e-06
8.816817265304081723e-06
8.816822372091365488e-06
8.816865473015133759e-06
8.816924634153327809e-06
8.816914276217283362e-06
8.816947668831657539e-06
8.816993088561666646e-06
8.816988685536587711e-06
8.817019308215103785e-06
8.817080842295093150e-06
8.817127660526918658e-06
8.817104670961551841e-06
8.817185702863658572e-06
8.817217011259194650e-06
8.817210316495654657e-06
8.817236951188341102e-06
8.817238106080164890e-06
8.817246451978110543e-06
8.817298449177959121e-06
8.817323550029943817e-06
8.817402127786924361e-06
8.817386617950634931e-06
8.817477737111015411e-06
8.817493797325441190e-06
8.817541950900938748e-06
8.817582597679582526e-06
8.817575253289390488e-06
8.817595942093702988e-06
8.817605081979777601e-06
8.817705602681411825e-06
8.817689226676254130e-06
8.817738471985429432e-06
8.817727383219402070e-06
8.817759413422327804e-06
8.817750038948852145e-06
8.817811157989590510e-06
8.817840111488517793e-06
8.817901826020353725e-06
8.817926141906801027e-06
8.817887137239969648e-06
8.817993495558868860e-06
8.817970424790169478e-06
8.818028133290992649e-06
8.818072280835475752e-06
8.818089162105806884e-06
8.818113378743738489e-06
8.818124999842715680e-06
8.818159736823353472e-06
8.818160133817417952e-06
8.818202630227497089e-06
8.818241183764709509e-06
8.818258597367992165e-06
8.818265174837831635e-06
8.818301626111021131e-06
8.818346666892150584e-06
8.818389027963344373e-06
8.818374889561094950e-06
8.818446402628249108e-06
8.818480850885931376e-06
8.818499383290666474e-06
8.818515614934347254e-06
8.818564336933164293e-06
8.818568821161574099e-06
8.818580171582780593e-06
8.818576147506581312e-06
8.818623904088014389e-06
8.818665110267384389e-06
8.818649663589241003e-06
8.818748091049445563e-06
8.818758015901055877e-06
8.818796560415676731e-06
8.818792067164673665e-06
8.818860449392274892e-06
8.818866070467323661e-06
8.818895493141053034e-06
8.818884232945770670e-06
8.818935634654523375e-06
8.818973439316569747e-06
8.818966446807479276e-06
8.819037174909096039e-06
8.818997619864130005e-06
8.819094892432510776e-06
8.819071460760116566e-06
8.819158384415042763e-06
8.819124612851788933e-06
8.819192092820152243e-06
8.819178333366782475e-06
8.819251506590932165e-06
8.819268640493849168e-06
8.819258426919281637e-06
8.819279404446551355e-06
8.819293344351767690e-06
8.819340694916544721e-06
8.819320249722226526e-06
8.819342968609822646e-06
8.819418821543908001e-06
8.819457041245203679e-06
8.819442839684806518e-06
8.819498436899013505e-06
8.819548891235567075e-06
8.819611499004047665e-06
8.819587715450550192e-06
8.819625682519258305e-06
8.819618680987576268e-06
8.819622434386003158e-06
8.819674693241032562e-06
8.819647002905038025e-06
8.819750392791046048e-06
8.819747144657792595e-06
8.819795298233290153e-06
8.819797950875447732e-06
8.819832895375711871e-06
8.819866549645265179e-06
8.819907376875755524e-06
8.819889764775441476e-06
8.819939010084616778e-06
8.819898850525961610e-06
8.819946670265542426e-06
8.820017398367159189e-06
8.819984646356843799e-06
8.820049924812666794e-06
8.820027323218769503e-06
8.820045007499822856e-06
8.820042300722110798e-06
8.820136316134643162e-06
8.820119534112829421e-06
8.820178090737334337e-06
8.820183621586458975e-06
8.820212755537232824e-06
8.820215281863098315e-06
8.820250136137436630e-06
8.820252761711817817e-06
8.820249215833015580e-06
8.820330491345116617e-06
8.820299246107726583e-06
8.820321080781271306e-06
8.820373087003713144e-06
8.820385168254900860e-06
8.820436326353659260e-06
8.820443057207570599e-06
8.820444166986431475e-06
8.820461382092681043e-06
8.820495496514444876e-06
8.820531325228760412e-06
8.820585569054110523e-06
8.820585884844844133e-06
8.820633361725914947e-06
8.820671509246469626e-06
8.820651488113992304e-06
8.820668874649496873e-06
8.820690014583428332e-06
8.820707500367448598e-06
8.820721106436748191e-06
8.820804114286585757e-06
8.820717542512761128e-06
8.820814391019299333e-06
8.820827320394170488e-06
8.820883296557255435e-06
8.820933597509738829e-06
8.820894971791787105e-06
8.820944226123555667e-06
8.820950623141548570e-06
8.820990439841693736e-06
8.820995257906020284e-06
8.821000788755144922e-06
8.821016424907729829e-06
8.821016235433290002e-06
8.821060572452212931e-06
8.821050313764684182e-06
8.821052731819440716e-06
8.821118596743768018e-06
8.821079943958039902e-06
8.821144996849053418e-06
8.821188548902440647e-06
8.821140945705077744e-06
8.821190362443508048e-06
8.821190362443508048e-06
8.821265962745005837e-06
8.821297000462771217e-06
8.821295511735030687e-06
8.821319773485923510e-06
8.821306780952904616e-06
8.821346029229730300e-06
8.821317120843764236e-06
8.821351948050327853e-06
8.821374306034229144e-06
8.821408925721166414e-06
8.821445521355834518e-06
8.821458667272921893e-06
8.821454561993391741e-06
8.821477786146161298e-06
8.821470604162632694e-06
8.821512162223105956e-06
8.821544688668611867e-06
8.821545852583028915e-06
8.821531199893014490e-06
8.821583242205824287e-06
8.821579786552946181e-06
8.821650965784181902e-06
8.821691946398742422e-06
8.821670165860752178e-06
8.821643955229906605e-06
8.821667504196003032e-06
8.821734244311790166e-06
8.821756791770131285e-06
8.821787991894560100e-06
8.821811712289909834e-06
8.821789255057491152e-06
8.821791736270395424e-06
8.821810079200690695e-06
8.821835297346374219e-06
8.821857023748809986e-06
8.821884226864815912e-06
8.821867886950027869e-06
8.821900241966280473e-06
8.821927697714872270e-06
8.821902163778455136e-06
8.821965087337669336e-06
8.821999824318307127e-06
8.821960449725189355e-06
8.821975355047789651e-06
8.822020224399664104e-06
8.822014693550539466e-06
8.821981824246521859e-06
8.822044053066122794e-06
8.822081208101517120e-06
8.822038801917362114e-06
8.822085105861422619e-06
8.822095563045984456e-06
8.822114618761077817e-06
8.822171767861171379e-06
8.822177028032525319e-06
8.822194973968756109e-06
8.822178065630648585e-06
8.822197464204251948e-06
8.822269599830278371e-06
8.822229322977922681e-06
8.822264339658924431e-06
8.822297822499224431e-06
8.822283097628470702e-06
8.822282294617748481e-06
8.822313341358107121e-06
8.822380577716474432e-06
8.822354646785992817e-06
8.822371816779279473e-06
8.822379016807994597e-06
8.822376625821014455e-06
8.822333371513176010e-06
8.822365230286846743e-06
8.822401239453010540e-06
8.822435994478833158e-06
8.822428641066049553e-06
8.822429065127890426e-06
8.822446262188955168e-06
8.822472066803143000e-06
8.822521456473796911e-06
8.822534042990158064e-06
8.822496048853671865e-06
8.822538193382649434e-06
8.822567841621189980e-06
8.822570909302596866e-06
8.822571856674796002e-06
8.822579634149422173e-06
8.822573173973281531e-06
8.822617086930363588e-06
8.822586139438522339e-06
8.822634455420683331e-06
8.822650497589924285e-06
8.822647005846674832e-06
8.822684909757236901e-06
8.822682645086550541e-06
8.822697099279533573e-06
8.822671781885332658e-06
8.822689448121201185e-06
8.822678070632218299e-06
8.822717634699775899e-06
8.822748049858667319e-06
8.822778392836819436e-06
8.822803719253613611e-06
8.822760997278723301e-06
8.822809060628298422e-06
8.822815159900742541e-06
8.822810901237142215e-06
8.822832979520681243e-06
8.822808068143136374e-06
8.822839277290156756e-06
8.822849445751763069e-06
8.822854742013484967e-06
8.822888080492306359e-06
8.822893854951425303e-06
8.822924288155501550e-06
8.822869448839055565e-06
8.822921725739268101e-06
8.822954622111062100e-06
8.822957509340620725e-06
8.822994826782678486e-06
8.822987292918046620e-06
8.823006619310910678e-06
8.823007142621268941e-06
8.823012772718909276e-06
8.823050108206151863e-06
8.823031918659926767e-06
8.823030493090332281e-06
8.823037557780160362e-06
8.823076084249594696e-06
8.823042294641156039e-06
8.823084475260503261e-06
8.823100733971960433e-06
8.823138574724374763e-06
8.823091630176255472e-06
8.823099552012358558e-06
8.823129516041632714e-06
8.823112300935383146e-06
8.823088219636338584e-06
8.823135164184457875e-06
8.823152523652184358e-06
8.823142030377254563e-06
8.823108601672510735e-06
8.823133215304505126e-06
8.823123019775122420e-06
8.823141994286884911e-06
8.823137104041819058e-06
8.823150295071869345e-06
8.823179943310408197e-06
8.823178896689693365e-06
8.823180791434091636e-06
8.823188956880189028e-06
8.823201579486919833e-06
8.823193323814898311e-06
8.823185347843240747e-06
8.823193224566382615e-06
8.823175720737177523e-06
8.823183832047722130e-06
8.823192042606780740e-06
8.823230532985847115e-06
8.823203059192068798e-06
8.823209699820056006e-06
8.823230054788451765e-06
8.823243543564050835e-06
8.823251564648669617e-06
8.823262445895072327e-06
8.823231859306925905e-06
8.823215772024723734e-06
8.823232716453200910e-06
8.823246060867323066e-06
8.823218857751315445e-06
8.823211549451493059e-06
8.823242596191850005e-06
8.823258791745161134e-06
8.823265820344621256e-06
8.823285236963407751e-06
8.823291083603265999e-06
8.823312602486077112e-06
8.823319207023694669e-06
8.823309228036529877e-06
8.823258593248129740e-06
8.823277639940629841e-06
8.823232247278398819e-06
8.823246863878043592e-06
8.823255696995977856e-06
8.823255696995977856e-06
8.823270277505252976e-06
8.823294169329857711e-06
8.823299203936402172e-06
8.823313459632353811e-06
8.823353754529894327e-06
8.823357372589435868e-06
8.823365826758490478e-06
8.823378900494838547e-06
8.823382130582908868e-06
8.823397216357357426e-06
8.823400067496548093e-06
8.823403153223139804e-06
8.823423842027452305e-06
8.823400347196912050e-06
8.823364689911851515e-06
8.823366304955885828e-06
8.823367820751404445e-06
8.823379189217795765e-06
8.823344542463080410e-06
8.823350046244428656e-06
8.823359889892708099e-06
8.823360891400461713e-06
8.823361559072296891e-06
8.823361938021176545e-06
8.823362028247100675e-06
8.823361938021176545e-06
8.823361504936742412e-06
8.823360891400461713e-06
8.823359889892708099e-06
8.823350100379983134e-06
8.823344677801965759e-06
8.823379712528152334e-06
8.823368398197315492e-06
8.823367306463639442e-06
8.823366115481446001e-06
8.823364879386291342e-06
8.823363453816695162e-06
8.823425556320002315e-06
8.823423842027452305e-06
8.823417607416122836e-06
8.823402160737977757e-06
8.823400825394307401e-06
8.823398542678436216e-06
8.823397306583281556e-06
8.823394166721135366e-06
8.823382184718463347e-06
8.823380470425911643e-06
8.823379189217795765e-06
8.823377908009678194e-06
8.823376572666006144e-06
8.823364969612213779e-06
8.823358319961635004e-06
8.823356614691676560e-06
8.823354990625048987e-06
8.823329050671974112e-06
8.823316500245982611e-06
8.823312981434956766e-06
8.823300584393035440e-06
8.823298446038642864e-06
8.823295170837611325e-06
8.823273507593323297e-06
8.823270891041533676e-06
8.823259017309970613e-06
8.823255128572658374e-06
8.823256463916328730e-06
8.823249191706875996e-06
8.823236803687546236e-06
8.823232247278398819e-06
8.823250193214629610e-06
8.823274698575516738e-06
8.823256274441888903e-06
8.823293267070621488e-06
8.823317357392259310e-06
8.823312079175720543e-06
8.823290939241789084e-06
8.823285191850446533e-06
8.823265666960549387e-06
8.823258358660727001e-06
8.823241829271499131e-06
8.823223513408980252e-06
8.823250905999427700e-06
8.823235378117951749e-06
8.823218713389838531e-06
8.823231823216556253e-06
8.823256509029291642e-06
8.823247811250242728e-06
8.823230244262891592e-06
8.823207462217147733e-06
8.823232202165435907e-06
8.823190571924225035e-06
8.823178472627850799e-06
8.823191808019379694e-06
8.823201011063600352e-06
8.823201155425078961e-06
8.823184680171403875e-06
8.823178707215253538e-06
8.823176054573095959e-06
8.823137717578099758e-06
8.823138998786217329e-06
8.823137482990698713e-06
8.823099028702001989e-06
8.823138331114380457e-06
8.823140523604327512e-06
8.823101970067115092e-06
8.823109594157671089e-06
8.823110785139864529e-06
8.823098649753122335e-06
8.823086938428221013e-06
8.823117515993775869e-06
8.823097278319080633e-06
8.823058643578537342e-06
8.823075615074792605e-06
8.823035473561322264e-06
8.823016805817700123e-06
8.823017374241019605e-06
8.823010029850827566e-06
8.823021452452773364e-06
8.823011879482264619e-06
8.822995963629317448e-06
8.822955668731776932e-06
8.823003966668753099e-06
8.822974841740570815e-06
8.822949984498582119e-06
8.822894612849184611e-06
8.822873139079334716e-06
8.822905548231141799e-06
8.822896173757666140e-06
8.822888324102300665e-06
8.822842588581557947e-06
8.822846513409241532e-06
8.822815683211100805e-06
8.822836444196152609e-06
8.822819039615463214e-06
8.822809295215699467e-06
8.822820645636905961e-06
8.822784248499270944e-06
8.822760997278723301e-06
8.822801589921812601e-06
8.822785574820349734e-06
8.822723724949628452e-06
8.822694166937012036e-06
8.822671168349051959e-06
8.822692371441129462e-06
8.822703234642347345e-06
8.822684864644275682e-06
8.822653808881325476e-06
8.822646861485197918e-06
8.822648900591073103e-06
8.822621101983971304e-06
8.822617844828124591e-06
8.822596713916784698e-06
8.822571378477398957e-06
8.822577324365774595e-06
8.822579543923498042e-06
8.822567895756742765e-06
8.822534467051998936e-06
8.822473203649781962e-06
8.822531444483553269e-06
8.822501706019090286e-06
8.822473627711624529e-06
8.822437032076956424e-06
8.822433441085191275e-06
8.822420638026613903e-06
8.822401852989291240e-06
8.822364192688723477e-06
8.822352950538625939e-06
8.822441173446856228e-06
8.822380902529799608e-06
8.822352337002345240e-06
8.822368099471222236e-06
8.822351064816820929e-06
8.822289251036469299e-06
8.822285497638040716e-06
8.822298093176995129e-06
8.822262363711195289e-06
8.822214805626793605e-06
8.822244120029415715e-06
8.822250706521848445e-06
8.822174772384432220e-06
8.822191121321813523e-06
8.822159695632575228e-06
8.822129460925532069e-06
8.822118805243938839e-06
8.822069614070318015e-06
8.822034380847098352e-06
8.822081162988555902e-06
8.822040678616575559e-06
8.821976952046640833e-06
8.822022480047757203e-06
8.822009956689543788e-06
8.821954404588298019e-06
8.822013565726492069e-06
8.821956515874914204e-06
8.821919685652845054e-06
8.821922266114263329e-06
8.821884885514059524e-06
8.821879399777896104e-06
8.821855941037725501e-06
8.821815781479070334e-06
8.821786169330899440e-06
8.821780412916965322e-06
8.821813588989123279e-06
8.821808491224432774e-06
8.821744539089688568e-06
8.821758334633427988e-06
8.821666286146031505e-06
8.821629095020267527e-06
8.821724626228320202e-06
8.821689095259551756e-06
8.821592300888568029e-06
8.821580815128476187e-06
8.821537687136929830e-06
8.821516547202998371e-06
8.821543894680482906e-06
8.821494532077607081e-06
8.821455211620043787e-06
8.821457449222952060e-06
8.821450366487939152e-06
8.821435172442381638e-06
8.821404270063501607e-06
8.821377987251916730e-06
8.821351063836274761e-06
8.821343151022763241e-06
8.821322047179201435e-06
8.821337972054740171e-06
8.821309108781737020e-06
8.821276898126963024e-06
8.821272377808183566e-06
8.821192410571976493e-06
8.821214317426260521e-06
8.821132302061583308e-06
8.821148524682670828e-06
8.821096662821707599e-06
8.821097032747995687e-06
8.821077534925874934e-06
8.821027423447833061e-06
8.821076037175541143e-06
8.821021206881686725e-06
8.821018644465453276e-06
8.821000319580342831e-06
8.820989690966525993e-06
8.820984999218491534e-06
8.820944181010592755e-06
8.820947564482733251e-06
8.820883991296868699e-06
8.820927065152860577e-06
8.820846412199633501e-06
8.820876439387052007e-06
8.820759335160635435e-06
8.820795037558657188e-06
8.820728838798411450e-06
8.820716062807610469e-06
8.820690195035276593e-06
8.820656062568326241e-06
8.820612005249765575e-06
8.820662486654097230e-06
8.820630997806712891e-06
8.820592823218380125e-06
8.820537749314531401e-06
8.820497382236251581e-06
8.820495307040005048e-06
8.820437481245483048e-06
8.820437147409564612e-06
8.820396554766477007e-06
8.820362665909520960e-06
8.820322659734935967e-06
8.820330906384365923e-06
8.820324310869339933e-06
8.820262253478993998e-06
8.820252346672568511e-06
8.820245715067174562e-06
8.820206313406278703e-06
8.820194935917295817e-06
8.820196280283559433e-06
8.820162770375483040e-06
8.820165350836901315e-06
8.820048598491588005e-06
8.820055997017334522e-06
8.820011560749894201e-06
8.820034442044153756e-06
8.819954204130174292e-06
8.819969722989056982e-06
8.819920143843963244e-06
8.819939100310540908e-06
8.819872928618073256e-06
8.819902892647345718e-06
8.819864447381242254e-06
8.819801343370179794e-06
8.819846925506852337e-06
8.819731111511144902e-06
8.819692548951339221e-06
8.819641742733684084e-06
8.819616984740209390e-06
8.819616344136152299e-06
8.819588175602760717e-06
8.819604768150136325e-06
8.819550858160704650e-06
8.819486418805971834e-06
8.819462752546174884e-06
8.819437768987892405e-06
8.819387052996161398e-06
8.819328649755726657e-06
8.819342057327993163e-06
8.819291251110338025e-06
8.819282039043524108e-06
8.819207449272371498e-06
8.819250550196139769e-06
8.819200104882179460e-06
8.819197371036689316e-06
8.819128023391705821e-06
8.819140501636959711e-06
8.819081566063575141e-06
8.819090164594106665e-06
8.819056997544541968e-06
8.818944539953196943e-06
8.818924058668507402e-06
8.818935733903039071e-06
8.818878882548492599e-06
8.818871249435345037e-06
8.818867712579134366e-06
8.818832578604432094e-06
8.818814019131918910e-06
8.818746683525034209e-06
8.818748406840179173e-06
8.818643013938662228e-06
8.818644773344175151e-06
8.818640379341689475e-06
8.818567954992705834e-06
8.818581985123846300e-06
8.818566141451638434e-06
8.818530863115457553e-06
8.818533975909827351e-06
8.818448080830429466e-06
8.818392736248810044e-06
8.818336336023882530e-06
8.818345367638848187e-06
8.818309656218233173e-06
8.818216299454944421e-06
8.818246326642362927e-06
8.818239514585120718e-06
8.818192579059592993e-06
8.818162344352549833e-06
8.818112530620055050e-06
8.818091553092785332e-06
8.818077270329058995e-06
8.817969883434628083e-06
8.818001814389038120e-06
8.817996996324709878e-06
8.817871013867397824e-06
8.817908295219085933e-06
8.817863461957581132e-06
8.817834634774947633e-06
8.817768481127663112e-06
8.817750129174776276e-06
8.817756995367571270e-06
8.817693124436159629e-06
8.817698601149729788e-06
8.817618697071668760e-06
8.817607454921571223e-06
8.817611569223694635e-06
8.817511779352041633e-06
8.817517689150045925e-06
8.817490531147001217e-06
8.817411556395956192e-06
8.817370981798051718e-06
8.817306172517030814e-06
8.817246722655881240e-06
8.817242797828199350e-06
8.817240388796036076e-06
8.817202475862880747e-06
8.817161540361281445e-06
8.817102270951980133e-06
8.817112962723943015e-06
8.817034393989552342e-06
8.817021311230611012e-06
8.816992601341678036e-06
8.816926005587369511e-06
8.816913473206561142e-06
8.816916495775006809e-06
8.816829842797851310e-06
8.816831475887070449e-06
8.816796919358279224e-06
8.816720182210140779e-06
8.816746852993198570e-06
8.816638888652854916e-06
8.816616241945998101e-06
8.816581586168691179e-06
8.816568295890123502e-06
8.816504452026488253e-06
8.816485062475478150e-06
8.816474262432406311e-06
8.816454755587693992e-06
8.816373209397822258e-06
8.816307145976461868e-06
8.816301804601777057e-06
8.816221097512993808e-06
8.816180901863970683e-06
8.816163524351057680e-06
8.816151443099869964e-06
8.816098669957077251e-06
8.816086859383660232e-06
8.816027779448797053e-06
8.815973012313088679e-06
8.815863577290189321e-06
8.815955851342395283e-06
8.815883941281176645e-06
8.815857378769229505e-06
8.815832539572423940e-06
8.815747853520406016e-06
8.815734509106285555e-06
8.815704797709598964e-06
8.815647901242091273e-06
8.815602391286158035e-06
8.815602914596516298e-06
8.815608129654907326e-06
8.815518914261516684e-06
8.815463136595463130e-06
8.815417500323237802e-06
8.815387581406926559e-06
8.815381455066704353e-06
8.815255075615327819e-06
8.815266299720240530e-06
8.815213598758185428e-06
8.815199803214446007e-06
8.815186368574403109e-06
8.815070229765368804e-06
8.815068623743926057e-06
8.814984984312622965e-06
8.814972921106620075e-06
8.814941062332947648e-06
8.814895254631467320e-06
8.814874195900866731e-06
8.814836282967713097e-06
8.814824156603562468e-06
8.814768622547503220e-06
8.814728625395511487e-06
8.814674724428671378e-06
8.814604366253341009e-06
8.814625695661712295e-06
8.814551268297223121e-06
8.814545367521810394e-06
8.814483039453693762e-06
8.814449186687107367e-06
8.814386434557149863e-06
8.814341718589345585e-06
8.814275474716138628e-06
8.814260046083180068e-06
8.814213886500596478e-06
8.814163080282939647e-06
8.814149059174390747e-06
8.814071302473315555e-06
8.814068631785973150e-06
8.814018042110534232e-06
8.813996893154009513e-06
8.813955650884269861e-06
8.813850276027939437e-06
8.813813256331430460e-06
8.813792847227480223e-06
8.813760365894935531e-06
8.813700762649715782e-06
8.813672088851152458e-06
8.813672170054483328e-06
8.813619875109085966e-06
8.813517252143428818e-06
8.813463675989913884e-06
8.813426349525264558e-06
8.813386983954738351e-06
8.813369570351457390e-06
8.813348962750475760e-06
8.813306042278554056e-06
8.813255705235701010e-06
8.813201335094058810e-06
8.813114420461722485e-06
8.813091223376731014e-06
8.813058742044184627e-06
8.813042501377912281e-06
8.813011571931255857e-06
8.812985370323003545e-06
8.812927643776997242e-06
8.812907523396004223e-06
8.812855372812083776e-06
8.812767213062001225e-06
8.812710000803759925e-06
8.812688644327612247e-06
8.812639678718799208e-06
8.812603714665598323e-06
8.812567380686109350e-06
8.812528809103712104e-06
8.812523900813461425e-06
8.812418174076027739e-06
8.812420122955980488e-06
8.812315397726298722e-06
8.812289196118046409e-06
8.812239012459263538e-06
8.812221111635995660e-06
8.812154416633169744e-06
8.812143706816022036e-06
8.812118524760706470e-06
8.812045504920626955e-06
8.811998073152519054e-06
8.811969769280243817e-06
8.811879678695391650e-06
8.811867308721248410e-06
8.811789678336465307e-06
8.811803753580568684e-06
8.811755184965821820e-06
8.811696357663544512e-06
8.811621091197963465e-06
8.811596892605218380e-06
8.811545220218694978e-06
8.811533617164902613e-06
8.811449030361398691e-06
8.811408266289054390e-06
8.811346371305371890e-06
8.811280181567719412e-06
8.811249441595502815e-06
8.811208352709833338e-06
8.811139681759276587e-06
8.811122791466353889e-06
8.811086430419088524e-06
8.811067049890669987e-06
8.811000237594141855e-06
8.810979747286862442e-06
8.810910922952235516e-06
8.810865719764444321e-06
8.810823187263995532e-06
8.810790453298863274e-06
8.810723018443462876e-06
8.810647499345295957e-06
8.810561198249242026e-06
8.810520235679866332e-06
8.810417802188647316e-06
8.810354364341669808e-06
8.810295122000143193e-06
8.810161966581894102e-06
8.810094315184275791e-06
8.810026311905555911e-06
8.809971896650950799e-06
8.809905499393673667e-06
8.809804157636132396e-06
8.809737083684426827e-06
8.809683453395359109e-06
8.809648229194732706e-06
8.809532126476068054e-06
8.809512312863215384e-06
8.809443416347850848e-06
8.809403337992526551e-06
8.809314681999863824e-06
8.809243980966023453e-06
8.809145210647310585e-06
8.809084299126195179e-06
8.809019444732214750e-06
8.808939071479349937e-06
8.808856000471366327e-06
8.808785678386405610e-06
8.808684246402941902e-06
8.808645575572028960e-06
8.808565635403598279e-06
8.808484107258909677e-06
8.808456850007349273e-06
8.808417565640153937e-06
8.808293920034265852e-06
8.808234019043497320e-06
8.808150514951079577e-06
8.808122923863600736e-06
8.808033618244287658e-06
8.808008724911927615e-06
8.807895148519128453e-06
8.807861061165141013e-06
8.807752465243331834e-06
8.807725244082141081e-06
8.807604972925800233e-06
8.807548518565318240e-06
8.807475913764488033e-06
8.807409408236101944e-06
8.807325678578874722e-06
8.807219924773664643e-06
8.807163181690225433e-06
8.807131963520613486e-06
8.807065214382233092e-06
8.807014732977903131e-06
8.806907652851612568e-06
8.806861511314213804e-06
8.806761721442562496e-06
8.806708370853857042e-06
8.806636984102996667e-06
8.806604466680082322e-06
8.806526953588999742e-06
8.806476796997994957e-06
8.806371638683880751e-06
8.806319560280699609e-06
8.806184176282133810e-06
8.806124401607659061e-06
8.806076130738459286e-06
8.806024720007115015e-06
8.805943787353522287e-06
8.805929666996457691e-06
8.805787137104732941e-06
8.805726081222140620e-06
8.805612730394149243e-06
8.805597256648229465e-06
8.805507734486698473e-06
8.805468251622471744e-06
8.805424889043524342e-06
8.805344082706225396e-06
8.805235730394410522e-06
8.804951888660929161e-06
8.804771211248646343e-06
8.804516882414818485e-06
8.804294953710204449e-06
8.804036871477949702e-06
8.803804106639894175e-06
8.803556310162946263e-06
8.803309939255591143e-06
8.803126058823017785e-06
8.802855326916254146e-06
8.802604038696056781e-06
8.802370389643948164e-06
8.802161164749397498e-06
8.801947221039032592e-06
8.801756663888102373e-06
8.801471450720579310e-06
8.801258734082779192e-06
8.801000525534230661e-06
8.800817998490512484e-06
8.800570644120588577e-06
8.800356799658742756e-06
8.800084506843497588e-06
8.799815976449274263e-06
8.799527406877388790e-06
8.799200333392547899e-06
8.798925184926817975e-06
8.798616291965612307e-06
8.798283439510356689e-06
8.798032683623107459e-06
8.797741614793134582e-06
8.797439375993803472e-06
8.797151050031912304e-06
8.796833603653134636e-06
8.796598993694939534e-06
8.796281362353017822e-06
8.796023952303894035e-06
8.795724009754321459e-06
8.795448112413425487e-06
8.795151106717670231e-06
8.794779439070023061e-06
8.794415571453484366e-06
8.794054545953541383e-06
8.793679801601895761e-06
8.793317147524029422e-06
8.792932094860596355e-06
8.792541028639347516e-06
8.792211649882154830e-06
8.791847466474882525e-06
8.791474292054309999e-06
8.791114931222660024e-06
8.790756183927292443e-06
8.790389970436734824e-06
8.789986971837070967e-06
8.789610806427126642e-06
8.789219140203482759e-06
8.788814264904605458e-06
8.788425670873665937e-06
8.787969872063431282e-06
8.787600451041285645e-06
8.787179172669472562e-06
8.786793393687354056e-06
8.786397410153259585e-06
8.786013710878683394e-06
8.785599253586704087e-06
8.785271147015037406e-06
8.784854997986988698e-06
8.784467779901384968e-06
8.784113146908140800e-06
8.783706052051538357e-06
8.783364091289281995e-06
8.782979656673427105e-06
8.782615775522997672e-06
8.782245939461602729e-06
8.781846847644437631e-06
8.781493274805795643e-06
8.781126754547097674e-06
8.780729386045074152e-06
8.780379056828391528e-06
8.780036640425220424e-06
8.779652787766572365e-06
8.779287142699335921e-06
8.778816100219285056e-06
8.778377214258455401e-06
8.777963203584799269e-06
8.777489878388878913e-06
8.777025255483303254e-06
8.776635461447577033e-06
8.776206166502440950e-06
8.775791334772877771e-06
8.775343250279123242e-06
8.774944104326401972e-06
8.774526457548019473e-06
8.774097424258060828e-06
8.773647219455098548e-06
8.773157761864013108e-06
8.772691794592173833e-06
8.772160251118962779e-06
8.771714255355342132e-06
8.771222442867647896e-06
8.770734622877079072e-06
8.770277583460393974e-06
8.769819434264846306e-06
8.769382858087662534e-06
8.768887792955419063e-06
8.768418721911801556e-06
8.768004589433149118e-06
8.767517243128679862e-06
8.767091715115858018e-06
8.766653532917233194e-06
8.766195392744278786e-06
8.765762055677756901e-06
8.765337488571024930e-06
8.764923044812934666e-06
8.764498689737121437e-06
8.764114566400702680e-06
8.763680092487543527e-06
8.763267615654590838e-06
8.762891653252973689e-06
8.762464586888152619e-06
8.762109277200480012e-06
8.761700084591152123e-06
8.761312397330744609e-06
8.760959426750144710e-06
8.760566801876061387e-06
8.760195339492391826e-06
8.759823234249014740e-06
8.759447005680922677e-06
8.759010876122063776e-06
8.758580358615658689e-06
8.758157821592210337e-06
8.757731621396257533e-06
8.757246607431916463e-06
8.756787637180463442e-06
8.756309092414854580e-06
8.755847774033735591e-06
8.755382889472980800e-06
8.754924663585396350e-06
8.754493390436882388e-06
8.754029496105640907e-06
8.753618244089602572e-06
8.753186375449991042e-06
8.752747949641371912e-06
8.752330284817804587e-06
8.751931283226561925e-06
8.751523333479331522e-06
8.751130433416181719e-06
8.750728161135203301e-06
8.750368798047906282e-06
8.749968603218823135e-06
8.749594943833909042e-06
8.749222525055447085e-06
8.748870876284630193e-06
8.748519852328334306e-06
8.748149007992241227e-06
8.747780525319703160e-06
8.747417909587855211e-06
8.747036623856738077e-06
8.746689499915994733e-06
8.746342818082278780e-06
8.745957596245239451e-06
8.745626440037349017e-06
8.745288677036195676e-06
8.744950325310887594e-06
8.744616412701028101e-06
8.744277224130278579e-06
8.743967419887241734e-06
8.743638550906519962e-06
8.743339005351011866e-06
8.743020153703471583e-06
8.742717312646098384e-06
8.742421499060360938e-06
8.742129031728569966e-06
8.741827962482774363e-06
8.741545589176201661e-06
8.741254591399143719e-06
8.740988168908063471e-06
8.740693904952565556e-06
8.740412830899293558e-06
8.740136034682632776e-06
8.739870118584548641e-06
8.739589162952801535e-06
8.739328809282917600e-06
8.739066136806791134e-06
8.738812850082382325e-06
8.738551537762057257e-06
8.738308226641341826e-06
8.738062773782762405e-06
8.737823999898186890e-06
8.737595255752859231e-06
8.737354685244576771e-06
8.737120797093771325e-06
8.736902939833964834e-06
8.736682826926066937e-06
8.736463767405826700e-06
8.736245505257188531e-06
8.736035789759176147e-06
8.735827507725527140e-06
8.735618338094353627e-06
8.735418410981243533e-06
8.735224066597163816e-06
8.735026275582797559e-06
8.734836343246388344e-06
8.734645349627550884e-06
8.734456388347645783e-06
8.734280945166764882e-06
8.734097424510061983e-06
8.733914686563246045e-06
8.733745876115583463e-06
8.733578666050243475e-06
8.733403452945467837e-06
8.733246683147327536e-06
8.733080830418228022e-06
8.732918759847068345e-06
8.732769183874610831e-06
8.732613871225138884e-06
8.732465344129044941e-06
8.732317123237179162e-06
8.732153241380600822e-06
8.731993736609147702e-06
8.731835798949206753e-06
8.731678942308615429e-06
8.731530223482432919e-06
8.731380098259665119e-06
8.731235135087558237e-06
8.731089318152647765e-06
8.730943629225765935e-06
8.730806942590426325e-06
8.730664352924025250e-06
8.730525038458657408e-06
8.730391682851638675e-06
8.730254373093512921e-06
8.730130195154675007e-06
8.730000908172904590e-06
8.729869675130742346e-06
8.729749294575469865e-06
8.729632031325861271e-06
8.729510318246477664e-06
8.729396547304030707e-06
8.729283211701664927e-06
8.729170027791634463e-06
8.729062621724194355e-06
8.728954477495916319e-06
8.728851075203841929e-06
8.728749339271797101e-06
8.728647490557347533e-06
8.728548419109612773e-06
8.728439901007663051e-06
8.728336203507645554e-06
8.728237433470886238e-06
8.728135364548792098e-06
8.728035989716388402e-06
8.727936814508842163e-06
8.727839301150028010e-06
8.727742189860486304e-06
8.727648668434885378e-06
8.727561002953691205e-06
8.727468144124719184e-06
8.727384271233837722e-06
8.727301016672489681e-06
8.727218368034612083e-06
8.727135454921994430e-06
8.727057790984445659e-06
8.726981048479144000e-06
8.726904202777941352e-06
8.726830096561349000e-06
8.726759611223859113e-06
8.726684707353707753e-06
8.726615904165783516e-06
8.726550368002164987e-06
8.726484134561330905e-06
8.726421621812025474e-06
8.726356621082874637e-06
8.726296385410320239e-06
8.726236191467255646e-06
8.726178278830280929e-06
8.726120698337489788e-06
8.726065002438679289e-06
8.726011421491911634e-06
8.725955728553638833e-06
8.725905071772670273e-06
8.725847027039304845e-06
8.725794506247141065e-06
8.725745067798097582e-06
8.725692134504290173e-06
8.725641452488256856e-06
8.725594154085342504e-06
8.725546395812172872e-06
8.725498899476137618e-06
8.725455107619162906e-06
8.725410057956418662e-06
8.725367908352233125e-06
8.725324654608306865e-06
8.725283776202799740e-06
8.725246859561213282e-06
8.725204623255553498e-06
8.725168070619178037e-06
8.725130359425550434e-06
8.725093939590456338e-06
8.725059070654404611e-06
8.725025850738086581e-06
8.724991897313204875e-06
8.724960482338296394e-06
8.724928481881729506e-06
8.724896314507203399e-06
8.724864442904532583e-06
8.724834170908807014e-06
8.724802250386769851e-06
8.724773274824784063e-06
8.724744117612638950e-06
8.724716118887255897e-06
8.724687611372251218e-06
8.724660195308967344e-06
8.724634769502679003e-06
8.724607887887015227e-06
8.724581352654311336e-06
8.724556150650609226e-06
8.724530869910690148e-06
8.724505826295777793e-06
8.724482521574076244e-06
8.724459923504630530e-06
8.724437664275822832e-06
8.724416159984235049e-06
8.724394008674089286e-06
8.724374278731683084e-06
8.724354039083297743e-06
8.724335177565406850e-06
8.724316196145723062e-06
8.724298050161702795e-06
8.724279514866918386e-06
8.724261607029992394e-06
8.724244597434432333e-06
8.724227618607320364e-06
8.724210651234672211e-06
8.724195089130786673e-06
8.724179724889531955e-06
8.724164266615946285e-06
8.724149877202357463e-06
8.724135686567756974e-06
8.724121466715464783e-06
8.724107543093208333e-06
8.724093886060358817e-06
8.724081417225388555e-06
8.724068509843085824e-06
8.724056122775358617e-06
8.724044271846986368e-06
8.724033024233992189e-06
8.724021869384524430e-06
8.724011332970323522e-06
8.724001030332901270e-06
8.723990730867485269e-06
8.723980850882124275e-06
8.723971744302103432e-06
8.723962142025792923e-06
8.723953242366239507e-06
8.723944694217722353e-06
8.723936367140340569e-06
8.723928366708998984e-06
8.723920326328014210e-06
8.723912838140255747e-06
8.723905400017311368e-06
8.723898221593477689e-06
8.723891778704766199e-06
8.723884942522661928e-06
8.723878322794665510e-06
8.723871972510880297e-06
8.723866005881117399e-06
8.723860212636679628e-06
8.723854247980608530e-06
8.723848809895010312e-06
8.723843529422824501e-06
8.723838355353787582e-06
8.723833137123390303e-06
8.723828195509462487e-06
8.723823701676925563e-06
8.723818813009051999e-06
8.723814376105196272e-06
8.723809993733396229e-06
8.723805848883100725e-06
8.723801874880528058e-06
8.723797911971161348e-06
8.723793924337777046e-06
8.723790169529570542e-06
8.723786492453110045e-06
8.723783104355129501e-06
8.723779675188493929e-06
8.723776238752679201e-06
8.723773037582721970e-06
8.723769982721502636e-06
8.723766989115227629e-06
8.723764004566787535e-06
8.723761238490201276e-06
8.723758523641498511e-06
8.723755898921797285e-06
8.723753387046178349e-06
8.723750919314298099e-06
8.723748464217571054e-06
8.723746198903671592e-06
8.723743844152445837e-06
8.723741713745688866e-06
8.723739563566765474e-06
8.723737575120455332e-06
8.723735521445383060e-06
8.723733520619440755e-06
8.723731660207591766e-06
8.723729902405703642e-06
8.723728065704593835e-06
8.723726380105472955e-06
8.723724796666945021e-06
8.723723181473119707e-06
8.723721598254869467e-06
8.723720135312887082e-06
8.723718626019979415e-06
8.723717263322169462e-06
8.723715906915501908e-06
8.723714512361069106e-06
8.723713238505836180e-06
8.723711972774460675e-06
8.723710723599189463e-06
8.723709553008143628e-06
8.723708377540137886e-06
8.723707283645533404e-06
8.723706231205068643e-06
8.723705151505186287e-06
8.723704136241063650e-06
8.723703156342594358e-06
8.723702207166318383e-06
8.723701289516247868e-06
8.723700381501141554e-06
8.723699532723233583e-06
8.723698662010026780e-06
8.723697887516513566e-06
8.723697088805621965e-06
8.723696318675817514e-06
8.723695585854521125e-06
8.723694875078659875e-06
8.723694179297131711e-06
8.723693486134710735e-06
8.723692865952636637e-06
8.723692227423598508e-06
8.723691617700331488e-06
8.723691020396346244e-06
8.723690439355495231e-06
8.723689889901427782e-06
8.723689365568978578e-06
8.723688829974811295e-06
8.723688338131184921e-06
8.723687850785638923e-06
8.723687363681295720e-06
8.723686931006579894e-06
8.723686490097865259e-06
8.723686057223798535e-06
8.723685645405014234e-06
8.723685233457369116e-06
8.723684860895453309e-06
8.723684492912019939e-06
8.723684124890036405e-06
8.723683765356471579e-06
8.723683435307136007e-06
8.723683103426186554e-06
8.723682787191592433e-06
8.723682474927512686e-06
8.723682172780807814e-06
8.723681872429919515e-06
8.723681591291690025e-06
8.723681320873296062e-06
8.723681065418946982e-06
8.723680798499671536e-06
8.723680543429157129e-06
8.723680308186977593e-06
8.723680067826086477e-06
8.723679852902363873e-06
8.723679622619746895e-06
8.723679409100847069e-06
8.723679206454877199e-06
8.723679011993339466e-06
8.723678814920405932e-06
8.723678632831891811e-06
8.723678452830512612e-06
8.723678283748321534e-06
8.723678104373633213e-06
8.723677943896607394e-06
8.723677789308166482e-06
8.723677634599673897e-06
8.723677483173325562e-06
8.723677346613272813e-06
8.723677207431634458e-06
8.723677072373328773e-06
8.723676946114858541e-06
8.723676814086203361e-06
8.723676687305672843e-06
8.723676571521152945e-06
8.723676455940390211e-06
8.723676343366699472e-06
8.723676229187456087e-06
8.723676128133484581e-06
8.723676025017985654e-06
8.723675924235232404e-06
8.723675831557613759e-06
8.723675737117494040e-06
8.723675647344791828e-06
8.723675553556145478e-06
8.723675473247142486e-06
8.723675390480937572e-06
8.723675309625921896e-06
8.723675230736886632e-06
8.723675159058107522e-06
8.723675083485360406e-06
8.723675016069925125e-06
8.723674947683476684e-06
8.723674879938176280e-06
8.723674819884162041e-06
8.723674754619743213e-06
8.723674696280731830e-06
8.723674639019154826e-06
8.723674581428676622e-06
8.723674527439192976e-06
8.723674476229346201e-06
8.723674424034029109e-06
8.723674375142884206e-06
8.723674325132037979e-06
8.723674280302272062e-06
8.723674234474919868e-06
8.723674190689960622e-06
8.723674147790655637e-06
8.723674106388828669e-06
8.723674065394243285e-06
8.723674027035558363e-06
8.723673989015690009e-06
8.723673951366440920e-06
8.723673916546593584e-06
8.723673881466681722e-06
8.723673848814096930e-06
8.723673815880105770e-06
8.723673784193509539e-06
8.723673754232241494e-06
8.723673724836193452e-06
8.723673696634809150e-06
8.723673668964915999e-06
8.723673642419474332e-06
8.723673615690993928e-06
8.723673590403477503e-06
8.723673567484087322e-06
8.723673544304769834e-06
8.723673521614332658e-06
8.723673499910671925e-06
8.723673478491309331e-06
8.723673457723348955e-06
8.723673436674395562e-06
8.723673418410378080e-06
8.723673398807071065e-06
8.723673380494247545e-06
8.723673362806808778e-06
8.723673345208720129e-06
8.723673328514803575e-06
8.723673311788223737e-06
8.723673295764848958e-06
8.723673280040121055e-06
8.723673265258908235e-06
8.723673250909543304e-06
8.723673236678405538e-06
8.723673222311659491e-06
8.723673209807398287e-06
8.723673196830572320e-06
8.723673184467428500e-06
8.723673172282742663e-06
8.723673159943312377e-06
8.723673149022128647e-06
8.723673137921282453e-06
8.723673127722163817e-06
8.723673117059118460e-06
8.723673106907084692e-06
8.723673096678125085e-06
8.723673087853439379e-06
8.723673078522422788e-06
8.723673068969476789e-06
8.723673060658347159e-06
8.723673052210182845e-06
8.723673044099351096e-06
8.723673036616589195e-06
8.723673028581807452e-06
8.723673021173182957e-06
8.723673014472183338e-06
8.723673007167606676e-06
8.723673000620870392e-06
8.723672993695808536e-06
8.723672987402152144e-06
8.723672981031021037e-06
8.723672975001130705e-06
8.723672969280764846e-06
8.723672963263627442e-06
8.723672957690555531e-06
8.723672952057786432e-06
8.723672946907717692e-06
8.723672942202663122e-06
8.723672937164816084e-06
8.723672932015108180e-06
8.723672927599564390e-06
8.723672922906986616e-06
8.723672918522659377e-06
8.723672914395044108e-06
8.723672910191834537e-06
8.723672906014303617e-06
8.723672902061446491e-06
8.723672898445718643e-06
8.723672894884639667e-06
8.723672891387826775e-06
8.723672887837528834e-06
8.723672884419086818e-06
8.723672881159951371e-06
8.723672877976940468e-06
8.723672874895990260e-06
8.723672872109221370e-06
8.723672869241416838e-06
8.723672866566646033e-06
8.723672863817737822e-06
8.723672861191739174e-06
8.723672858550509179e-06
8.723672856128637001e-06
8.723672853635097365e-06
8.723672851181724032e-06
8.723672848866178206e-06
8.723672846739419082e-06
8.723672844634730250e-06
8.723672842502111353e-06
8.723672840474658372e-06
8.723672838526116676e-06
8.723672836521233735e-06
8.723672834592397413e-06
8.723672832737503678e-06
8.723672830988968483e-06
8.723672829368182797e-06
8.723672827545932019e-06
8.723672825989537777e-06
8.723672824405001713e-06
8.723672822777968312e-06
8.723672821417733348e-06
8.723672819986003722e-06
8.723672818513667336e-06
8.723672817124074211e-06
8.723672815759554955e-06
8.723672814517203261e-06
8.723672813251602206e-06
8.723672811994376614e-06
8.723672810910940159e-06
8.723672809761302997e-06
8.723672808580611914e-06
8.723672807561778662e-06
8.723672806428241902e-06
8.723672805421087541e-06
8.723672804537657588e-06
8.723672803537447202e-06
8.723672802526853887e-06
8.723672801621736503e-06
8.723672800743185459e-06
8.723672799850873519e-06
8.723672798992668207e-06
8.723672798161862717e-06
8.723672797376896956e-06
8.723672796556281272e-06
8.723672795826696219e-06
8.723672795039765342e-06
8.723672794361441029e-06
8.723672793668552832e-06
8.723672792972478096e-06
8.723672792284113055e-06
8.723672791638553670e-06
8.723672791025328921e-06
8.723672790381390758e-06
8.723672789814369962e-06
8.723672789221938178e-06
8.723672788718214461e-06
8.723672788136069045e-06
8.723672787579324453e-06
8.723672787083080037e-06
8.723672786580853874e-06
8.723672786066997948e-06
8.723672785607169172e-06
8.723672785155243213e-06
8.723672784700909987e-06
8.723672784255158898e-06
8.723672783870909178e-06
8.723672783452767976e-06
8.723672783068523338e-06
8.723672782700114827e-06
8.723672782274616297e-06
8.723672781908933539e-06
8.723672781561844848e-06
8.723672781214978080e-06
8.723672780860211882e-06
8.723672780531873113e-06
8.723672780208130344e-06
8.723672779874760199e-06
8.723672779578864485e-06
8.723672779283907284e-06
8.723672779000279996e-06
8.723672778704943324e-06
8.723672778428702163e-06
8.723672778141488537e-06
8.723672777881161431e-06
8.723672777616795672e-06
8.723672777377129394e-06
8.723672777127203853e-06
8.723672776906173993e-06
8.723672776668957334e-06
8.723672776453960043e-06
8.723672776230051966e-06
8.723672776000302749e-06
8.723672775819578105e-06
8.723672775596977847e-06
8.723672775419080599e-06
8.723672775217373255e-06
8.723672775038673020e-06
8.723672774848332859e-06
8.723672774678639972e-06
8.723672774498438795e-06
8.723672774333135233e-06
8.723672774171761904e-06
8.723672774011945422e-06
8.723672773865871202e-06
8.723672773700066196e-06
8.723672773571803385e-06
8.723672773425246357e-06
8.723672773296629486e-06
8.723672773154739609e-06
8.723672773025116463e-06
8.723672772898249562e-06
8.723672772766640971e-06
8.723672772648383313e-06
8.723672772526068367e-06
8.723672772411098891e-06
8.723672772292990311e-06
8.723672772172117015e-06
8.723672772071940123e-06
8.723672771963508047e-06
8.723672771858328578e-06
8.723672771750992563e-06
8.723672771659052218e-06
8.723672771566857764e-06
8.723672771473265706e-06
8.723672771376004301e-06
8.723672771289766182e-06
8.723672771201083527e-06
8.723672771118279280e-06
8.723672771040640240e-06
8.723672770950876770e-06
8.723672770876019387e-06
8.723672770798287173e-06
8.723672770725986135e-06
8.723672770652209565e-06
8.723672770579461293e-06
8.723672770511978178e-06
8.723672770444461182e-06
8.723672770374191329e-06
8.723672770317533295e-06
8.723672770254148126e-06
8.723672770187596747e-06
8.723672770131279220e-06
8.723672770077424865e-06
8.723672770013656837e-06
8.723672769962736604e-06
8.723672769912268687e-06
8.723672769857614733e-06
8.723672769805503572e-06
8.723672769761224078e-06
8.723672769708072761e-06
8.723672769663422266e-06
8.723672769619949147e-06
8.723672769569272860e-06
8.723672769528986279e-06
8.723672769482782326e-06
8.723672769438553653e-06
8.723672769400079723e-06
8.723672769358012678e-06
8.723672769315398451e-06
8.723672769281257941e-06
8.723672769236522743e-06
8.723672769201060861e-06
8.723672769167791101e-06
8.723672769128207558e-06
8.723672769099284771e-06
8.723672769062940281e-06
8.723672769029062351e-06
8.723672768997913561e-06
8.723672768962782023e-06
8.723672768932790280e-06
8.723672768903389767e-06
8.723672768872991448e-06
8.723672768846557244e-06
8.723672768818449303e-06
8.723672768790539567e-06
8.723672768763592061e-06
8.723672768739070457e-06
8.723672768713971177e-06
8.723672768687133785e-06
8.723672768663782781e-06
8.723672768639061277e-06
8.723672768614780231e-06
8.723672768595039281e-06
8.723672768571762815e-06
8.723672768551500093e-06
8.723672768529128259e-06
8.723672768510149639e-06
8.723672768489851341e-06
8.723672768469490363e-06
8.723672768450938648e-06
8.723672768433179755e-06
8.723672768414401034e-06
8.723672768397431576e-06
8.723672768379449067e-06
8.723672768364895347e-06
8.723672768345596548e-06
8.723672768330785330e-06
8.723672768314879745e-06
8.723672768299983824e-06
8.723672768282582379e-06
8.723672768268755413e-06
8.723672768253535925e-06
8.723672768240017279e-06
8.723672768225085783e-06
8.723672768212185471e-06
8.723672768196613617e-06
8.723672768184472247e-06
8.723672768172471484e-06
8.723672768159710086e-06
8.723672768147509423e-06
8.723672768135310455e-06
8.723672768122877705e-06
8.723672768111417349e-06
8.723672768100634620e-06
8.723672768089895936e-06
8.723672768079853513e-06
8.723672768067537654e-06
8.723672768057158113e-06
8.723672768048049120e-06
8.723672768037444268e-06
8.723672768028226855e-06
8.723672768018091259e-06
8.723672768009183861e-06
8.723672767999878357e-06
8.723672767991635032e-06
8.723672767982693752e-06
8.723672767973637276e-06
8.723672767964872179e-06
8.723672767957033736e-06
8.723672767949490061e-06
8.723672767941643147e-06
8.723672767933769129e-06
8.723672767926796354e-06
8.723672767918580134e-06
8.723672767912357830e-06
8.723672767905078429e-06
8.723672767897749900e-06
8.723672767891476774e-06
8.723672767885623776e-06
8.723672767879362509e-06
8.723672767873180862e-06
8.723672767867014463e-06
8.723672767861173323e-06
8.723672767855684550e-06
8.723672767849799365e-06
8.723672767844393601e-06
8.723672767839236864e-06
8.723672767833109428e-06
8.723672767828308445e-06
8.723672767822882352e-06
8.723672767817810319e-06
8.723672767813100816e-06
8.723672767807923750e-06
8.723672767803009265e-06
8.723672767798374301e-06
8.723672767793910437e-06
8.723672767789629533e-06
8.723672767784799751e-06
8.723672767780278289e-06
8.723672767776566590e-06
8.723672767771996001e-06
8.723672767767686297e-06
8.723672767763823827e-06
8.723672767759675059e-06
8.723672767756019265e-06
8.723672767752143242e-06
8.723672767748629750e-06
8.723672767744941768e-06
8.723672767740926832e-06
8.723672767737520066e-06
8.723672767733793121e-06
8.723672767730213559e-06
8.723672767727076149e-06
8.723672767724001420e-06
8.723672767720609900e-06
8.723672767717154005e-06
8.723672767714340162e-06
8.723672767711409428e-06
8.723672767708371968e-06
8.723672767705432764e-06
8.723672767702881500e-06
8.723672767700023611e-06
8.723672767697172498e-06
8.723672767694267175e-06
8.723672767691798921e-06
8.723672767688663205e-06
8.723672767686806509e-06
8.723672767684179013e-06
8.723672767681968257e-06
8.723672767679730396e-06
8.723672767677197767e-06
8.723672767674768477e-06
8.723672767672808443e-06
8.723672767670389316e-06
8.723672767667934615e-06
8.723672767666113494e-06
8.723672767664167012e-06
8.723672767661910517e-06
8.723672767660082620e-06
8.723672767658312321e-06
8.723672767656364145e-06
8.723672767654490508e-06
8.723672767652677857e-06
8.723672767651231125e-06
8.723672767649269397e-06
8.723672767647285646e-06
8.723672767645840608e-06
8.723672767644124519e-06
8.723672767642416900e-06
8.723672767640807538e-06
8.723672767639355723e-06
8.723672767637663351e-06
8.723672767636077706e-06
8.723672767634719065e-06
8.723672767633124949e-06
8.723672767631383449e-06
8.723672767629972292e-06
8.723672767628613651e-06
8.723672767627244846e-06
8.723672767625950580e-06
8.723672767624629208e-06
8.723672767623243463e-06
8.723672767621825529e-06
8.723672767620526181e-06
8.723672767619130271e-06
8.723672767618066397e-06
8.723672767616970337e-06
8.723672767615669294e-06
8.723672767614347923e-06
8.723672767613175629e-06
8.723672767612135473e-06
8.723672767610883558e-06
8.723672767609956904e-06
8.723672767608733788e-06
8.723672767607590294e-06
8.723672767606538279e-06
8.723672767605452383e-06
8.723672767604466436e-06
8.723672767603599074e-06
8.723672767602536895e-06
8.723672767601681392e-06
8.723672767600637847e-06
8.723672767599724746e-06
8.723672767598769293e-06
8.723672767597898543e-06
8.723672767596880409e-06
8.723672767596123162e-06
8.723672767595282905e-06
8.723672767594552763e-06
8.723672767593546487e-06
8.723672767592672349e-06
8.723672767591896467e-06
8.723672767591184960e-06
8.723672767590310822e-06
8.723672767589540022e-06
8.723672767588975898e-06
8.723672767588111924e-06
8.723672767587419051e-06
8.723672767586819352e-06
8.723672767586084127e-06
8.723672767585331962e-06
8.723672767584667888e-06
8.723672767584203714e-06
8.723672767583314329e-06
8.723672767582782393e-06
8.723672767582152200e-06
8.723672767581660921e-06
8.723672767580908756e-06
8.723672767580332773e-06
8.723672767579910951e-06
8.723672767579251959e-06
8.723672767578626849e-06
8.723672767578113547e-06
8.723672767577698501e-06
8.723672767577137765e-06
8.723672767576580418e-06
8.723672767576253463e-06
8.723672767575594471e-06
8.723672767575204836e-06
8.723672767574701698e-06
8.723672767574296817e-06
8.723672767573783515e-06
8.723672767573273601e-06
8.723672767572955116e-06
8.723672767572360499e-06
8.723672767572075896e-06
8.723672767571533795e-06
8.723672767571001859e-06
8.723672767570762995e-06
8.723672767570210730e-06
8.723672767569846506e-06
8.723672767569495834e-06
8.723672767568997779e-06
8.723672767568621696e-06
8.723672767568232061e-06
8.723672767567764499e-06
8.723672767567442626e-06
8.723672767567085178e-06
8.723672767566634557e-06
8.723672767566343177e-06
8.723672767565885780e-06
8.723672767565502921e-06
8.723672767565189518e-06
8.723672767564781249e-06
8.723672767564447518e-06
8.723672767564188325e-06
8.723672767563761421e-06
8.723672767563478512e-06
8.723672767563082100e-06
8.723672767562780557e-06
8.723672767562455296e-06
8.723672767562150364e-06
8.723672767561720071e-06
8.723672767561552359e-06
8.723672767561137313e-06
8.723672767560932331e-06
8.723672767560596906e-06
8.723672767560407170e-06
8.723672767559959937e-06
8.723672767559783754e-06
8.723672767559511010e-06
8.723672767559212854e-06
8.723672767559043447e-06
8.723672767558752068e-06
8.723672767558574191e-06
8.723672767558323469e-06
8.723672767558089688e-06
8.723672767557894871e-06
8.723672767557642455e-06
8.723672767557461190e-06
8.723672767557159646e-06
8.723672767557049532e-06
8.723672767556836080e-06
8.723672767556590440e-06
8.723672767556368517e-06
8.723672767556187252e-06
8.723672767556011069e-06
8.723672767555821334e-06
8.723672767555585859e-06
8.723672767555394429e-06
8.723672767555247046e-06
8.723672767555035287e-06
8.723672767554892986e-06
8.723672767554674451e-06
8.723672767554472858e-06
8.723672767554345803e-06
8.723672767554183172e-06
8.723672767553993437e-06
8.723672767553844359e-06
8.723672767553696975e-06
8.723672767553544509e-06
8.723672767553292094e-06
8.723672767553175203e-06
8.723672767553109135e-06
8.723672767552880436e-06
8.723672767552677148e-06
8.723672767552665289e-06
8.723672767552556869e-06
8.723672767552384074e-06
8.723672767552257019e-06
8.723672767552019850e-06
8.723672767551999521e-06
8.723672767551877549e-06
8.723672767551733553e-06
8.723672767551645462e-06
8.723672767551548900e-06
8.723672767551354082e-06
8.723672767551249050e-06
8.723672767551206699e-06
8.723672767551111831e-06
8.723672767550978000e-06
8.723672767550876356e-06
8.723672767550810287e-06
8.723672767550673068e-06
8.723672767550590059e-06
8.723672767550447757e-06
8.723672767550408794e-06
8.723672767550366442e-06
8.723672767550264798e-06
8.723672767550085227e-06
8.723672767550007300e-06
8.723672767549924291e-06
8.723672767549895492e-06
8.723672767549795542e-06
8.723672767549726085e-06
8.723672767549665099e-06
8.723672767549637994e-06
8.723672767549443176e-06
8.723672767549380496e-06
8.723672767549300874e-06
8.723672767549265299e-06
8.723672767549217865e-06
8.723672767549151797e-06
8.723672767549128080e-06
8.723672767549056929e-06
8.723672767548929874e-06
8.723672767548872276e-06
8.723672767548799431e-06
8.723672767548709645e-06
8.723672767548709645e-06
8.723672767548701175e-06
8.723672767548680846e-06
8.723672767548653741e-06
8.723672767548597837e-06
8.723672767548535157e-06
8.723672767548484335e-06
8.723672767548453841e-06
8.723672767548457230e-06
8.723672767548411490e-06
8.723672767548389467e-06
8.723672767548389467e-06
8.723672767548369138e-06
8.723672767548369138e-06
8.723672767548365750e-06
8.723672767548333563e-06
8.723672767548320010e-06
8.723672767548311540e-06
8.723672767548306458e-06
8.723672767548306458e-06
8.723672767548306458e-06
8.723672767548306458e-06
8.723672767548306458e-06
8.723672767548306458e-06
8.723672767548311540e-06
8.723672767548320010e-06
8.723672767548333563e-06
8.723672767548365750e-06
8.723672767548365750e-06
8.723672767548367444e-06
8.723672767548369138e-06
8.723672767548369138e-06
8.723672767548389467e-06
8.723672767548389467e-06
8.723672767548411490e-06
8.723672767548409796e-06
8.723672767548409796e-06
8.723672767548455536e-06
8.723672767548453841e-06
8.723672767548474170e-06
8.723672767548484335e-06
8.723672767548509746e-06
8.723672767548535157e-06
8.723672767548597837e-06
8.723672767548597837e-06
8.723672767548602919e-06
8.723672767548624942e-06
8.723672767548653741e-06
8.723672767548680846e-06
8.723672767548680846e-06
8.723672767548701175e-06
8.723672767548701175e-06
8.723672767548709645e-06
8.723672767548709645e-06
8.723672767548709645e-06
8.723672767548763856e-06
8.723672767548799431e-06
8.723672767548826536e-06
8.723672767548872276e-06
8.723672767548929874e-06
8.723672767548985778e-06
8.723672767549084034e-06
8.723672767549114527e-06
8.723672767549124692e-06
8.723672767549151797e-06
8.723672767549217865e-06
8.723672767549246664e-06
8.723672767549270381e-06
8.723672767549300874e-06
8.723672767549380496e-06
8.723672767549443176e-06
8.723672767549549902e-06
8.723672767549637994e-06
8.723672767549715921e-06
8.723672767549743026e-06
8.723672767549809094e-06
8.723672767549895492e-06
8.723672767549924291e-06
8.723672767550027629e-06
8.723672767550085227e-06
8.723672767550264798e-06
8.723672767550366442e-06
8.723672767550408794e-06
8.723672767550449451e-06
8.723672767550590059e-06
8.723672767550730666e-06
8.723672767550811981e-06
8.723672767550903461e-06
8.723672767551094890e-06
8.723672767551166041e-06
8.723672767551249050e-06
8.723672767551308342e-06
8.723672767551533653e-06
8.723672767551645462e-06
8.723672767551769128e-06
8.723672767551882631e-06
8.723672767552021544e-06
8.723672767552202809e-06
8.723672767552309535e-06
8.723672767552495883e-06
8.723672767552665289e-06
8.723672767552677148e-06
8.723672767552919399e-06
8.723672767553159957e-06
8.723672767553253130e-06
8.723672767553476747e-06
8.723672767553664788e-06
8.723672767553844359e-06
8.723672767554008684e-06
8.723672767554196725e-06
8.723672767554396625e-06
8.723672767554557561e-06
8.723672767554816753e-06
8.723672767555033593e-06
8.723672767555228411e-06
8.723672767555394429e-06
8.723672767555611270e-06
8.723672767555838275e-06
8.723672767556087302e-06
8.723672767556278732e-06
8.723672767556492184e-06
8.723672767556661591e-06
8.723672767556961440e-06
8.723672767557125765e-06
8.723672767557439167e-06
8.723672767557683112e-06
8.723672767557923670e-06
8.723672767558104935e-06
8.723672767558382762e-06
8.723672767558574191e-06
8.723672767558933333e-06
8.723672767559112904e-06
8.723672767559363626e-06
8.723672767559693969e-06
8.723672767559871846e-06
8.723672767560176777e-06
8.723672767560449522e-06
8.723672767560688385e-06
8.723672767560996705e-06
8.723672767561299943e-06
8.723672767561582852e-06
8.723672767561899642e-06
8.723672767562207962e-06
8.723672767562477319e-06
8.723672767562780557e-06
8.723672767563171886e-06
8.723672767563478512e-06
8.723672767563761421e-06
8.723672767564188325e-06
8.723672767564447518e-06
8.723672767564781249e-06
8.723672767565189518e-06
8.723672767565502921e-06
8.723672767565885780e-06
8.723672767566343177e-06
8.723672767566658274e-06
8.723672767567095343e-06
8.723672767567532412e-06
8.723672767567772969e-06
8.723672767568276106e-06
8.723672767568730116e-06
8.723672767569109587e-06
8.723672767569539880e-06
8.723672767570090451e-06
8.723672767570403853e-06
8.723672767570908685e-06
8.723672767571430457e-06
8.723672767571725225e-06
8.723672767572206339e-06
8.723672767572670513e-06
8.723672767573227861e-06
8.723672767573714058e-06
8.723672767574244301e-06
8.723672767574694922e-06
8.723672767575204836e-06
8.723672767575641905e-06
8.723672767576278874e-06
8.723672767576665121e-06
8.723672767577263126e-06
8.723672767577749323e-06
8.723672767578323611e-06
8.723672767578992767e-06
8.723672767579423060e-06
8.723672767580002431e-06
8.723672767580636011e-06
8.723672767581134067e-06
8.723672767581826940e-06
8.723672767582441886e-06
8.723672767583202521e-06
8.723672767583775115e-06
8.723672767584369732e-06
8.723672767585101569e-06
8.723672767585824935e-06
8.723672767586529667e-06
8.723672767587251339e-06
8.723672767588010280e-06
8.723672767588753975e-06
8.723672767589370615e-06
8.723672767590214260e-06
8.723672767591071457e-06
8.723672767591896467e-06
8.723672767592679126e-06
8.723672767593549876e-06
8.723672767594595114e-06
8.723672767595379467e-06
8.723672767596206171e-06
8.723672767597105720e-06
8.723672767598049315e-06
8.723672767599006462e-06
8.723672767600039842e-06
8.723672767600803866e-06
8.723672767601881292e-06
8.723672767602943471e-06
8.723672767604034449e-06
8.723672767605108487e-06
8.723672767606170666e-06
8.723672767607139672e-06
8.723672767608245897e-06
8.723672767609231844e-06
8.723672767610388891e-06
8.723672767611413800e-06
8.723672767612636916e-06
8.723672767613604228e-06
8.723672767614908658e-06
8.723672767616030130e-06
8.723672767617226141e-06
8.723672767618659320e-06
8.723672767619897682e-06
8.723672767621112328e-06
8.723672767622445558e-06
8.723672767623694084e-06
8.723672767625176392e-06
8.723672767626516398e-06
8.723672767627937719e-06
8.723672767629369205e-06
8.723672767630885394e-06
8.723672767632418523e-06
8.723672767633651803e-06
8.723672767635286577e-06
8.723672767636885775e-06
8.723672767638595088e-06
8.723672767640268825e-06
8.723672767641752827e-06
8.723672767643648486e-06
8.723672767645423867e-06
8.723672767647033230e-06
8.723672767649149118e-06
8.723672767650775421e-06
8.723672767652655835e-06
8.723672767654436298e-06
8.723672767656364145e-06
8.723672767658390248e-06
8.723672767660462090e-06
8.723672767662334033e-06
8.723672767664334725e-06
8.723672767666743687e-06
8.723672767668973077e-06
8.723672767670975463e-06
8.723672767673130315e-06
8.723672767675403751e-06
8.723672767677563685e-06
8.723672767679874391e-06
8.723672767682239307e-06
8.723672767685004023e-06
8.723672767687900876e-06
8.723672767690032010e-06
8.723672767692451137e-06
8.723672767695417446e-06
8.723672767698102540e-06
8.723672767701004475e-06
8.723672767703792908e-06
8.723672767706461062e-06
8.723672767709423983e-06
8.723672767712883265e-06
8.723672767716303584e-06
8.723672767719200437e-06
8.723672767722461514e-06
8.723672767725792047e-06
8.723672767729368221e-06
8.723672767732780069e-06
8.723672767736186836e-06
8.723672767739576662e-06
8.723672767743957516e-06
8.723672767747626863e-06
8.723672767751391077e-06
8.723672767755189173e-06
8.723672767759578498e-06
8.723672767763822133e-06
8.723672767767726955e-06
8.723672767772336508e-06
8.723672767776725833e-06
8.723672767781137180e-06
8.723672767785902588e-06
8.723672767790303771e-06
8.723672767794630415e-06
8.723672767799422927e-06
8.723672767804117184e-06
8.723672767809241733e-06
8.723672767814667826e-06
8.723672767820083755e-06
8.723672767825057533e-06
8.723672767830221045e-06
8.723672767836151970e-06
8.723672767841284990e-06
8.723672767847261654e-06
8.723672767853331492e-06
8.723672767858428937e-06
8.723672767865118803e-06
8.723672767872032286e-06
8.723672767877358429e-06
8.723672767884360003e-06
8.723672767891009212e-06
8.723672767897685526e-06
8.723672767904246643e-06
8.723672767911864857e-06
8.723672767917753430e-06
8.723672767926193266e-06
8.723672767933293097e-06
8.723672767940699553e-06
8.723672767948463457e-06
8.723672767955913959e-06
8.723672767963511844e-06
8.723672767973078234e-06
8.723672767981394404e-06
8.723672767990169665e-06
8.723672767998834812e-06
8.723672768007286507e-06
8.723672768016122754e-06
8.723672768026129602e-06
8.723672768036556577e-06
8.723672768045850223e-06
8.723672768056937884e-06
8.723672768067144631e-06
8.723672768079845043e-06
8.723672768089892548e-06
8.723672768100627844e-06
8.723672768112482917e-06
8.723672768124932607e-06
8.723672768136525100e-06
8.723672768149769307e-06
8.723672768163447195e-06
8.723672768175912132e-06
8.723672768189867847e-06
8.723672768203947228e-06
8.723672768215744703e-06
8.723672768231028566e-06
8.723672768245360363e-06
8.723672768261647113e-06
8.723672768276929281e-06
8.723672768291650714e-06
8.723672768307786691e-06
8.723672768324420724e-06
8.723672768341161484e-06
8.723672768355996419e-06
8.723672768375498505e-06
8.723672768391851323e-06
8.723672768411673588e-06
8.723672768429959336e-06
8.723672768450569341e-06
8.723672768469234559e-06
8.723672768489861506e-06
8.723672768511211818e-06
8.723672768531366120e-06
8.723672768552547026e-06
8.723672768575616815e-06
8.723672768597714211e-06
8.723672768620255452e-06
8.723672768643757228e-06
8.723672768667570712e-06
8.723672768694182793e-06
8.723672768720230750e-06
8.723672768744806564e-06
8.723672768773319387e-06
8.723672768798520312e-06
8.723672768828178323e-06
8.723672768854776852e-06
8.723672768886676113e-06
8.723672768916035969e-06
8.723672768946490191e-06
8.723672768978619845e-06
8.723672769007327486e-06
8.723672769044793447e-06
8.723672769076660521e-06
8.723672769113462408e-06
8.723672769148729472e-06
8.723672769186727370e-06
8.723672769225384259e-06
8.723672769262474138e-06
8.723672769305344170e-06
8.723672769343154026e-06
8.723672769387965457e-06
8.723672769429110930e-06
8.723672769473891868e-06
8.723672769517837631e-06
8.723672769563853543e-06
8.723672769613359231e-06
8.723672769661264026e-06
8.723672769711079728e-06
8.723672769761744156e-06
8.723672769815222429e-06
8.723672769869068313e-06
8.723672769920035979e-06
8.723672769974222371e-06
8.723672770038122537e-06
8.723672770091404297e-06
8.723672770151340349e-06
8.723672770218164472e-06
8.723672770284478681e-06
8.723672770340752162e-06
8.723672770407935427e-06
8.723672770477676732e-06
8.723672770551502430e-06
8.723672770614753768e-06
8.723672770690425998e-06
8.723672770769875994e-06
8.723672770838958307e-06
8.723672770930227801e-06
8.723672770999432087e-06
8.723672771095131563e-06
8.723672771169546796e-06
8.723672771267612883e-06
8.723672771355968583e-06
8.723672771450234880e-06
8.723672771543657532e-06
8.723672771644157991e-06
8.723672771748880063e-06
8.723672771853220969e-06
8.723672771958715535e-06
8.723672772071975698e-06
8.723672772178222429e-06
8.723672772299017797e-06
8.723672772421861292e-06
8.723672772535411140e-06
8.723672772673611342e-06
8.723672772796856330e-06
8.723672772923213317e-06
8.723672773073619263e-06
8.723672773203464332e-06
8.723672773348681354e-06
8.723672773494269377e-06
8.723672773651124633e-06
8.723672773793593880e-06
8.723672773957820016e-06
8.723672774112318826e-06
8.723672774285730187e-06
8.723672774469626122e-06
8.723672774625630956e-06
8.723672774807268701e-06
8.723672774983695500e-06
8.723672775177262857e-06
8.723672775382805566e-06
8.723672775597623286e-06
8.723672775792986353e-06
8.723672776000189247e-06
8.723672776217090668e-06
8.723672776447232908e-06
8.723672776668923453e-06
8.723672776907785050e-06
8.723672777150349875e-06
8.723672777404346257e-06
8.723672777660131572e-06
8.723672777909691195e-06
8.723672778189437378e-06
8.723672778483423880e-06
8.723672778760042817e-06
8.723672779077842803e-06
8.723672779374978573e-06
8.723672779687662479e-06
8.723672780009216515e-06
8.723672780367365762e-06
8.723672780699417924e-06
8.723672781044848124e-06
8.723672781408738560e-06
8.723672781795288822e-06
8.723672782142989071e-06
8.723672782553989786e-06
8.723672782942628831e-06
8.723672783387817489e-06
8.723672783785165727e-06
8.723672784205698951e-06
8.723672784674587591e-06
8.723672785158204440e-06
8.723672785612654557e-06
8.723672786073647157e-06
8.723672786634875941e-06
8.723672787137551032e-06
8.723672787702269592e-06
8.723672788216001850e-06
8.723672788766622394e-06
8.723672789377993835e-06
8.723672789963554487e-06
8.723672790619147824e-06
8.723672791263987231e-06
8.723672791862958109e-06
8.723672792554026880e-06
8.723672793263588074e-06
8.723672793975043233e-06
8.723672794684389281e-06
8.723672795468089575e-06
8.723672796291734248e-06
8.723672797021148200e-06
8.723672797882284246e-06
8.723672798751995654e-06
8.723672799646494633e-06
8.723672800533419444e-06
8.723672801464184986e-06
8.723672802428847093e-06
8.723672803484524584e-06
8.723672804520013892e-06
8.723672805518797874e-06
8.723672806583572498e-06
8.723672807740956623e-06
8.723672808928530697e-06
8.723672810046249963e-06
8.723672811276021524e-06
8.723672812472191287e-06
8.723672813854669336e-06
8.723672815072612929e-06
8.723672816451003196e-06
8.723672817834506155e-06
8.723672819382011632e-06
8.723672820769310993e-06
8.723672822332283292e-06
8.723672823853601899e-06
8.723672825495495646e-06
8.723672827197535509e-06
8.723672828898714786e-06
8.723672830711036644e-06
8.723672832496394056e-06
8.723672834389809155e-06
8.723672836356260516e-06
8.723672838232845070e-06
8.723672840474658372e-06
8.723672842497542457e-06
8.723672844729657232e-06
8.723672846912915147e-06
8.723672849348871789e-06
8.723672851707706081e-06
8.723672854318432725e-06
8.723672856784076178e-06
8.723672859370555657e-06
8.723672862282873464e-06
8.723672865076308503e-06
8.723672867999795287e-06
8.723672870981097151e-06
8.723672874149435749e-06
8.723672877440607676e-06
8.723672880521695104e-06
8.723672883950686068e-06
8.723672887274544997e-06
8.723672891013456847e-06
8.723672894744066079e-06
8.723672898435977765e-06
8.723672902340933483e-06
8.723672906254630581e-06
8.723672910473489933e-06
8.723672914622978980e-06
8.723672919071736627e-06
8.723672923543418373e-06
8.723672928460439550e-06
8.723672933220202283e-06
8.723672938141233314e-06
8.723672943432726062e-06
8.723672948818818839e-06
8.723672954247281897e-06
8.723672959896967938e-06
8.723672965895726421e-06
8.723672971908786209e-06
8.723672978183220035e-06
8.723672984788672643e-06
8.723672991440159798e-06
8.723672998296163057e-06
8.723673005176618464e-06
8.723673012794954764e-06
8.723673020362179403e-06
8.723673028342891645e-06
8.723673036616589195e-06
8.723673044327340178e-06
8.723673053367502595e-06
8.723673062238188966e-06
8.723673071209773902e-06
8.723673080762032111e-06
8.723673090255021730e-06
8.723673100784935531e-06
8.723673110871642730e-06
8.723673121905891806e-06
8.723673132801845813e-06
8.723673144379044702e-06
8.723673155897835587e-06
8.723673168413453809e-06
8.723673180775565943e-06
8.723673193419014988e-06
8.723673206826106587e-06
8.723673220721802366e-06
8.723673234840425357e-06
8.723673249411755272e-06
8.723673264486730977e-06
8.723673280042048902e-06
8.723673297044939358e-06
8.723673313374674096e-06
8.723673330439792674e-06
8.723673348840761831e-06
8.723673367029540765e-06
8.723673385339540277e-06
8.723673406342372726e-06
8.723673426740059426e-06
8.723673447978587262e-06
8.723673468627185450e-06
8.723673491871209478e-06
8.723673514837406700e-06
8.723673538767115758e-06
8.723673563138276366e-06
8.723673588154300096e-06
8.723673614436578791e-06
8.723673641333777994e-06
8.723673669580663212e-06
8.723673699959908135e-06
8.723673728936808699e-06
8.723673760365886586e-06
8.723673791606626697e-06
8.723673824213364983e-06
8.723673858353310831e-06
8.723673893295549346e-06
8.723673929066995847e-06
8.723673966313138568e-06
8.723674005639118174e-06
8.723674046101456854e-06
8.723674086982326372e-06
8.723674130399283684e-06
8.723674175094542463e-06
8.723674220490561763e-06
8.723674266452697228e-06
8.723674315890268168e-06
8.723674365817959476e-06
8.723674421612346666e-06
8.723674476095664073e-06
8.723674531757746412e-06
8.723674587736478464e-06
8.723674647727575095e-06
8.723674710570448700e-06
8.723674772666166401e-06
8.723674840005055315e-06
8.723674907836952979e-06
8.723674978863159272e-06
8.723675052520863150e-06
8.723675126003446354e-06
8.723675201129578409e-06
8.723675284220418864e-06
8.723675368054420616e-06
8.723675454988288517e-06
8.723675543705857033e-06
8.723675630706083188e-06
8.723675728689927873e-06
8.723675827971484630e-06
8.723675927657253981e-06
8.723676028069940231e-06
8.723676139755359376e-06
8.723676252952161433e-06
8.723676371219766886e-06
8.723676496045878993e-06
8.723676616126373816e-06
8.723676740294404003e-06
8.723676874088314809e-06
8.723677011351330365e-06
8.723677156801532608e-06
8.723677304492238641e-06
8.723677455301533638e-06
8.723677613138525473e-06
8.723677778315186546e-06
8.723677942218087942e-06
8.723678115103382415e-06
8.723678295576706349e-06
8.723678475169468384e-06
8.723678669517012424e-06
8.723678868771250614e-06
8.723679072335229710e-06
8.723679282739948531e-06
8.723679505858016945e-06
8.723679731421725281e-06
8.723679959965796970e-06
8.723680207807884670e-06
8.723680453701611938e-06
8.723680714069815986e-06
8.723680984606057643e-06
8.723681264968357520e-06
8.723681542870700923e-06
8.723681852913826401e-06
8.723682161396832386e-06
8.723682486747637237e-06
8.723682810103823492e-06
8.723683148413588690e-06
8.723683502008456445e-06
8.723683882087362754e-06
8.723684251985014352e-06
8.723684640895972166e-06
8.723685050448092912e-06
8.723685471895232862e-06
8.723685900326291599e-06
8.723686340059820865e-06
8.723686813443038392e-06
8.723687288457414370e-06
8.723687790263118903e-06
8.723688309719711037e-06
8.723688843628752012e-06
8.723689378728394355e-06
8.723689933669590365e-06
8.723690541272681402e-06
8.723691154258267019e-06
8.723691771469889745e-06
8.723692398015796916e-06
8.723693124541544641e-06
8.723693816701700329e-06
8.723694521336206793e-06
8.723695279207533592e-06
8.723696079107927113e-06
8.723696864899506284e-06
8.723697695742369123e-06
8.723698566517253477e-06
8.723699472450730584e-06
8.723700375784924462e-06
8.723701335386966455e-06
8.723702310553860576e-06
8.723703336353885536e-06
8.723704381514158019e-06
8.723705513587369913e-06
8.723706637323053547e-06
8.723707834821075040e-06
8.723709011899312437e-06
8.723710278967775189e-06
8.723711532504552877e-06
8.723712943020340706e-06
8.723714317903937638e-06
8.723715669120851265e-06
8.723717118220556852e-06
8.723718623134334675e-06
8.723720166812660033e-06
8.723721804708348997e-06
8.723723450851250484e-06
8.723725138067213265e-06
8.723726928589215036e-06
8.723728769585749196e-06
8.723730660633880339e-06
8.723732627691185547e-06
8.723734665484203710e-06
8.723736777590253120e-06
8.723738957912036563e-06
8.723741232543699939e-06
8.723743601494054085e-06
8.723746022637109685e-06
8.723748479302216488e-06
8.723751082558016433e-06
8.723753816817629456e-06
8.723756606552086489e-06
8.723759344970549967e-06
8.723762456707583783e-06
8.723765394865447289e-06
8.723768617666716782e-06
8.723771883572010652e-06
8.723775251184124978e-06
8.723778817434250861e-06
8.723782292806428674e-06
8.723786093820177419e-06
8.723790009193521498e-06
8.723793947211459635e-06
8.723798027308793439e-06
8.723802270967047557e-06
8.723806687252869433e-06
8.723811306714431159e-06
8.723815919955337181e-06
8.723820653820551813e-06
8.723825711565110741e-06
8.723830911521234663e-06
8.723836362206741044e-06
8.723841891381752496e-06
8.723847753881635219e-06
8.723853962623501053e-06
8.723859746299058440e-06
8.723866235833867559e-06
8.723872972749832766e-06
8.723879479677802771e-06
8.723886868211733496e-06
8.723893912600728012e-06
8.723901390761425642e-06
8.723909438737600694e-06
8.723917283564470101e-06
8.723925577089086217e-06
8.723934425802711383e-06
8.723943124392382687e-06
8.723952511219056305e-06
8.723961955793846040e-06
8.723971922286836097e-06
8.723981664043262431e-06
8.723991880049698823e-06
8.724003166643113660e-06
8.724014366394075779e-06
8.724025902976739074e-06
8.724037751191283829e-06
8.724050509242633412e-06
8.724063557074274500e-06
8.724076771118984152e-06
8.724090478974403425e-06
8.724104919351540475e-06
8.724119538418300844e-06
8.724134923841501596e-06
8.724150631751890399e-06
8.724166290989621364e-06
8.724182796906012808e-06
8.724199501636635930e-06
8.724217270927425282e-06
8.724234872031454271e-06
8.724253798575449579e-06
8.724273291886272856e-06
8.724292216350842936e-06
8.724312097985582759e-06
8.724332147807084640e-06
8.724353387694422449e-06
8.724374519592606548e-06
8.724396703750627325e-06
8.724419129262993668e-06
8.724443244467249226e-06
8.724467063970137880e-06
8.724491894778750757e-06
8.724517274696697144e-06
8.724544134601747741e-06
8.724572311029906520e-06
8.724599983532184782e-06
8.724629227727759387e-06
8.724657114164159803e-06
8.724686383947242798e-06
8.724716810666331463e-06
8.724747460765069256e-06
8.724779513031053496e-06
8.724812565817945451e-06
8.724846192596786957e-06
8.724880591512167470e-06
8.724916404295968449e-06
8.724949125150145379e-06
8.724985694844859766e-06
8.725020377548966304e-06
8.725058260453805848e-06
8.725095524888131805e-06
8.725135310996050695e-06
8.725174175107808594e-06
8.725216918934288859e-06
8.725257940996383938e-06
8.725302680789471664e-06
8.725344670101664035e-06
8.725391833306669814e-06
8.725439056286351917e-06
8.725486306474788882e-06
8.725537173594943020e-06
8.725586887796965167e-06
8.725639063897903922e-06
8.725693369189665218e-06
8.725749511142886708e-06
8.725807656816504386e-06
8.725865907236779443e-06
8.725925117294341534e-06
8.725983232093775997e-06
8.726044098783885430e-06
8.726105083895518061e-06
8.726165589681932666e-06
8.726231477444695823e-06
8.726296435598489425e-06
8.726364644423142158e-06
8.726431199011874758e-06
8.726502018185283081e-06
8.726575790284001751e-06
8.726650642274245677e-06
8.726726067199104867e-06
8.726804384710687589e-06
8.726884163036368713e-06
8.726968304913284319e-06
8.727049759185497062e-06
8.727135636219710121e-06
8.727225177554248615e-06
8.727312446323335247e-06
8.727408105257461319e-06
8.727503665225025246e-06
8.727601216365945606e-06
8.727702446750861752e-06
8.727806542090811158e-06
8.727913516201641503e-06
8.728019737771875751e-06
8.728131327502617652e-06
8.728239732540205695e-06
8.728348280529492733e-06
8.728463340010913967e-06
8.728581118676110239e-06
8.728687856507802984e-06
8.728801123876813058e-06
8.728913370001149832e-06
8.729029155237344321e-06
8.729144206260084480e-06
8.729265571969662302e-06
8.729390654987297362e-06
8.729515509056651529e-06
8.729645635139512126e-06
8.729781478726377958e-06
8.729915628885437837e-06
8.730054659703058122e-06
8.730193005367570589e-06
8.730332596713743159e-06
8.730484278333696706e-06
8.730634286826676168e-06
8.730787259805163221e-06
8.730943629225765935e-06
8.731109262029177815e-06
8.731265921300560421e-06
8.731425842239087218e-06
8.731594841597277443e-06
8.731766158069971951e-06
8.731931707414402528e-06
8.732110888204174231e-06
8.732290585537359675e-06
8.732458327935649491e-06
8.732624194198638048e-06
8.732798378163971495e-06
8.732971134867973902e-06
8.733148191401154256e-06
8.733325637597540690e-06
8.733509220284566959e-06
8.733694783430619846e-06
8.733886477428189028e-06
8.734081957531085032e-06
8.734281087272594753e-06
8.734475450829683665e-06
8.734683526471532388e-06
8.734892762644323359e-06
8.735099324746302204e-06
8.735311744766377908e-06
8.735544551333923239e-06
8.735757050301682768e-06
8.735984444441626659e-06
8.736222661181122998e-06
8.736465340720372903e-06
8.736698632252256412e-06
8.736944199021066636e-06
8.737192809786977073e-06
8.737452121347443653e-06
8.737719177675638165e-06
8.737986305056747612e-06
8.738247290308098766e-06
8.738524672993265550e-06
8.738806425996613030e-06
8.739094935793823872e-06
8.739378727903048232e-06
8.739679261432420899e-06
8.739970385525772624e-06
8.740287880400984618e-06
8.740589333106955658e-06
8.740896976439119318e-06
8.741220686752651585e-06
8.741529813173435623e-06
8.741835894469295078e-06
8.742151997609633499e-06
8.742496369659701874e-06
8.742813687466537021e-06
8.743157770793649872e-06
8.743498881176575750e-06
8.743859187124776122e-06
8.744206802796802166e-06
8.744577042619206111e-06
8.744954040363297788e-06
8.745327032076375009e-06
8.745707361412701441e-06
8.746094735138022389e-06
8.746487240462754757e-06
8.746909588011764976e-06
8.747310542994256170e-06
8.747727407062750012e-06
8.748145601963620122e-06
8.748566291611280159e-06
8.748950182615946610e-06
8.749365048180229008e-06
8.749781366381885673e-06
8.750214175626751817e-06
8.750627410357463814e-06
8.751061338403784095e-06
8.751518472557690801e-06
8.751962966059681875e-06
8.752415241547593209e-06
8.752884747931291893e-06
8.753353967847682097e-06
8.753838059251953379e-06
8.754324054423214498e-06
8.754818070679094399e-06
8.755303077876490947e-06
8.755834889771825654e-06
8.756326666169150238e-06
8.756861805145422224e-06
8.757411991550126070e-06
8.757884461855418466e-06
8.758384466856988180e-06
8.758888448566145524e-06
8.759372950498368635e-06
8.759799662726439398e-06
8.760213630542781357e-06
8.760629554006020586e-06
8.761063709872799084e-06
8.761501091316350426e-06
8.761937856967974024e-06
8.762371803059479131e-06
8.762833538735496165e-06
8.763267538962555750e-06
8.763727050569551861e-06
8.764175956119213436e-06
8.764649547481608707e-06
8.765124974941551988e-06
8.765609163338690228e-06
8.766076614826975944e-06
8.766581983759711078e-06
8.767084988773244156e-06
8.767577013291858828e-06
8.768106594351228090e-06
8.768590124099124412e-06
8.769106622399552343e-06
8.769603027386763648e-06
8.770166934898818872e-06
8.770667129374828413e-06
8.771217363148142216e-06
8.771761835996224425e-06
8.772313387068023758e-06
8.772849545597234184e-06
8.773429932874260277e-06
8.773961512437840983e-06
8.774428535352988350e-06
8.774939164457077424e-06
8.775413590409267091e-06
8.775894174280752833e-06
8.776397995838895481e-06
8.776860908963216913e-06
8.777376468914038969e-06
8.777869517496887864e-06
8.778359872835913744e-06
8.778865345528460358e-06
8.779358579074453297e-06
8.779769558157072195e-06
8.780184412443115983e-06
8.780599375000267034e-06
8.781017139072350055e-06
8.781435624951824427e-06
8.781822694164652070e-06
8.782262139526209640e-06
8.782679078031091526e-06
8.783077678116973924e-06
8.783523728016149050e-06
8.783944234956313782e-06
8.784361308800081017e-06
8.784805364706340481e-06
8.785273610182755158e-06
8.785664396703641733e-06
8.786163684409117574e-06
8.786564107058658939e-06
8.787035190140373545e-06
8.787504378477691575e-06
8.787911220701706452e-06
8.788465018399007318e-06
8.788907211139942381e-06
8.789348036958133218e-06
8.789814739571251193e-06
8.790315759614461869e-06
8.790708287495676540e-06
8.791125636528511949e-06
8.791591396280726571e-06
8.791953139076761733e-06
8.792398719801133074e-06
8.792827455345544630e-06
8.793251223952851858e-06
8.793680902358165071e-06
8.794073204674570263e-06
8.794540092250832281e-06
8.794971367654994983e-06
8.795287636585468252e-06
8.795647642532471101e-06
8.795949610654031514e-06
8.796280396935633861e-06
8.796632837438932669e-06
8.796906587402844498e-06
8.797272909164509380e-06
8.797583949502702579e-06
8.797936475720628040e-06
8.798237383687584578e-06
8.798629370213257854e-06
8.798957986561393755e-06
8.799273118645226368e-06
8.799634468958494527e-06
8.800045826989993079e-06
8.800347957518215233e-06
8.800575047145667512e-06
8.800858915946926960e-06
8.801164005885448737e-06
8.801384842856385028e-06
8.801683977883939601e-06
8.801915506626840468e-06
8.802189991932030997e-06
8.802482486331598361e-06
8.802757639308624068e-06
8.802993715438080786e-06
8.803282682004030739e-06
8.803530911565414478e-06
8.803813201413007570e-06
8.804106796568845938e-06
8.804390421760109386e-06
8.804647403236096518e-06
8.804930884065883051e-06
8.805198331749021891e-06
8.805277198228959653e-06
8.805411517561625794e-06
8.805516702943518085e-06
8.805527593212512361e-06
8.805654586200171289e-06
8.805706709716313649e-06
8.805769245304054935e-06
8.805933862501911973e-06
8.805931047453090959e-06
8.806040076459334271e-06
8.806112843666827914e-06
8.806238582514147356e-06
8.806318928699234083e-06
8.806376763516349343e-06
8.806493894810542308e-06
8.806579438008836931e-06
8.806609329857371783e-06
8.806703787376931540e-06
8.806778927526218804e-06
8.806860518829053450e-06
8.806989577990365650e-06
8.807025496930605317e-06
8.807150153066838582e-06
8.807153103454544945e-06
8.807274917474180803e-06
8.807399627745970239e-06
8.807463688151821708e-06
8.807548798265682198e-06
8.807604124802118488e-06
8.807736350893353270e-06
8.807823292593465987e-06
8.807881334930204207e-06
8.807945088567917019e-06
8.807984354889927529e-06
8.808121913333255557e-06
8.808200274548019882e-06
8.808232764903157835e-06
8.808363024069255042e-06
8.808426858910298725e-06
8.808509054726822504e-06
8.808577003869987905e-06
8.808670261384762655e-06
8.808792138562544557e-06
8.808864328324127153e-06
8.808926629324467393e-06
8.809037192171412453e-06
8.809114163906951945e-06
8.809197884541587601e-06
8.809295409742554244e-06
8.809401831219601194e-06
8.809420760618400772e-06
8.809540562599937837e-06
8.809550956626351935e-06
8.809706876045160059e-06
8.809749101777468498e-06
8.809859330788498511e-06
8.809971689131326146e-06
8.810012967491435450e-06
8.810054850365233887e-06
8.810163987642586155e-06
8.810331934177027517e-06
8.810400875805354966e-06
8.810438481970368251e-06
8.810506773972043653e-06
8.810645676781636991e-06
8.810719490609845466e-06
8.810779987091709871e-06
8.810857482137607625e-06
8.810899184559557802e-06
8.810980703681653143e-06
8.811003774450352526e-06
8.811091266528599898e-06
8.811146349455041882e-06
8.811177766121686917e-06
8.811213441451932278e-06
8.811297802690625026e-06
8.811349971319728605e-06
8.811475349263353220e-06
8.811476062048151310e-06
8.811497003485049682e-06
8.811587418883225331e-06
8.811630817552542385e-06
8.811677175632159063e-06
8.811761735367884898e-06
8.811767789527367799e-06
8.811826111564469976e-06
8.811898987043072576e-06
8.811971673047233654e-06
8.812028280791785821e-06
8.812141631619775504e-06
8.812146530887434616e-06
8.812170323463523655e-06
8.812218061999773600e-06
8.812295069825681049e-06
8.812322038354285930e-06
8.812454444897368974e-06
8.812491536774617255e-06
8.812514282729991461e-06
8.812544075330008923e-06
8.812608045509937954e-06
8.812673757050195082e-06
8.812708981250821485e-06
8.812726647486690011e-06
8.812854172807298769e-06
8.812891733859349141e-06
8.812945400238788205e-06
8.812986660553712682e-06
8.813041138966463839e-06
8.813048041249630179e-06
8.813129650597649651e-06
8.813203265928826733e-06
8.813266000013599412e-06
8.813326767173236209e-06
8.813357344738791065e-06
8.813401916345116734e-06
8.813425194633440769e-06
8.813474214377806592e-06
8.813582566689621465e-06
8.813612025453720491e-06
8.813714242402721593e-06
8.813766681709597563e-06
8.813820952602724067e-06
8.813814122500297031e-06
8.813875006953634351e-06
8.813987635974234377e-06
8.814008821021128748e-06
8.814040751975538786e-06
8.814083113046732574e-06
8.814157603569369487e-06
8.814193594690348458e-06
8.814264891215284702e-06
8.814279354430859301e-06
8.814367667565012026e-06
8.814445198701277738e-06
8.814502438027297125e-06
8.814563999175062883e-06
8.814525653157473422e-06
8.814631677640455892e-06
8.814680625204084104e-06
8.814708486969333642e-06
8.814791431661023470e-06
8.814822550582121415e-06
8.814895254631467320e-06
8.814963997762761681e-06
8.815004491157335284e-06
8.814995612926439803e-06
8.815070762098318633e-06
8.815137592440029898e-06
8.815191340022799832e-06
8.815234116133242927e-06
8.815267571905764841e-06
8.815396414524860822e-06
8.815438243263104781e-06
8.815464228329140874e-06
8.815457317023382968e-06
8.815545242186062779e-06
8.815586132574700862e-06
8.815673164500736016e-06
8.815713315036799618e-06
8.815752427974738259e-06
8.815820774111969834e-06
8.815859580281768125e-06
8.815943138509740347e-06
8.815956645330524244e-06
8.816035980985264097e-06
8.816086904496621450e-06
8.816112420387853759e-06
8.816140634034206559e-06
8.816184249245739832e-06
8.816236228400405278e-06
8.816290806061673825e-06
8.816361182282187326e-06
8.816422635158844127e-06
8.816483600815512318e-06
8.816523967893792138e-06
8.816531537848793656e-06
8.816611712604625382e-06
8.816640972871693014e-06
8.816737307090466216e-06
8.816761099666555254e-06
8.816831475887070449e-06
8.816880224953665575e-06
8.816911831094750436e-06
8.816926195061809338e-06
8.816990426896915807e-06
8.817037425580591270e-06
8.817127434962109179e-06
8.817188247234708889e-06
8.817231727107356813e-06
8.817244584301488664e-06
8.817301444678628396e-06
8.817305098828539590e-06
8.817398202959242471e-06
8.817495448459845156e-06
8.817546516332679425e-06
8.817581388652204259e-06
8.817610549670756195e-06
8.817629903131396645e-06
8.817701686876321500e-06
8.817722998239507960e-06
8.817809768510365676e-06
8.817841149086641059e-06
8.817901925268869422e-06
8.817862298043164084e-06
8.817917732850707636e-06
8.817979375201804264e-06
8.818089523009501712e-06
8.818117700565484860e-06
8.818161676680714655e-06
8.818196007644694707e-06
8.818248131160838762e-06
8.818261701139768703e-06
8.818344952599598880e-06
8.818370242926023403e-06
8.818466288421839387e-06
8.818520279614603627e-06
8.818559807591793269e-06
8.818611723588310977e-06
8.818606246874739123e-06
8.818668602010633841e-06
8.818725471410365140e-06
8.818797291245657953e-06
8.818810807089035110e-06
8.818856768174585613e-06
8.818903983400477295e-06
8.818919971434162076e-06
8.818967087411538062e-06
8.819061914857384213e-06
8.819079698386953262e-06
8.819189719878356927e-06
8.819202288349533254e-06
8.819208586119010461e-06
8.819205031217614964e-06
8.819278168351395001e-06
8.819319167011142042e-06
8.819366878479613901e-06
8.819423116297877980e-06
8.819493041388774216e-06
8.819551868691049830e-06
8.819587895902398453e-06
8.819617905044632134e-06
8.819644990866937537e-06
8.819734540096246616e-06
8.819831325444638776e-06
8.819827987085459499e-06
8.819896784352308338e-06
8.819904814459520381e-06
8.819908946806828619e-06
8.820016117159041618e-06
8.820042399970626495e-06
8.820054806035141081e-06
8.820053425578507813e-06
8.820148505656939835e-06
8.820154027483472907e-06
8.820213026215003522e-06
8.820284358830309419e-06
8.820278142264164776e-06
8.820335462793515034e-06
8.820371426846715919e-06
8.820441992541669247e-06
8.820446422634524574e-06
8.820495767192217267e-06
8.820608721026142470e-06
8.820620414305858965e-06
8.820623734619851723e-06
8.820674603995654598e-06
8.820692883767803825e-06
8.820770306632960580e-06
8.820876719087415965e-06
8.820910283131045142e-06
8.820922887692591121e-06
8.820958184073956828e-06
8.820982220260040172e-06
8.821012382786345721e-06
8.821073998069665957e-06
8.821061736366629980e-06
8.821073907843741827e-06
8.821172227032837430e-06
8.821240970164131792e-06
8.821296395949082084e-06
8.821285081618246936e-06
8.821319863711845946e-06
8.821347292392663046e-06
8.821375984236411196e-06
8.821454895829310177e-06
8.821483055340108498e-06
8.821575401573052071e-06
8.821533861557763636e-06
8.821590478324909063e-06
8.821723678856121067e-06
8.821666195920107375e-06
8.821745197738932180e-06
8.821816674715714991e-06
8.821808996489606211e-06
8.821870268914414751e-06
8.821900666028121345e-06
8.821955812112709374e-06
8.821973009173772422e-06
8.822023364261810294e-06
8.822026693598396312e-06
8.822056675672853600e-06
8.822106218727577686e-06
8.822160164807379013e-06
8.822190137859244735e-06
8.822275148724589529e-06
8.822309290214129754e-06
8.822291236006791701e-06
8.822353509939353855e-06
8.822427747829403202e-06
8.822366637811258097e-06
8.822429254602330253e-06
8.822478662318168990e-06
8.822473672824585747e-06
8.822568031095629807e-06
8.822572939385880486e-06
8.822637947163932784e-06
8.822648287054792404e-06
8.822671411959046264e-06
8.822736013720440822e-06
8.822761141640201910e-06
8.822814925313341496e-06
8.822845042726684133e-06
8.822905972292982671e-06
8.822917232488265035e-06
8.822994871895639704e-06
8.823014198288505456e-06
8.823029834441088669e-06
8.823081434646872767e-06
8.823098505391643726e-06
8.823146640921956458e-06
8.823141227366532342e-06
8.823191898245303825e-06
8.823213588557369939e-06
8.823234096909834178e-06
8.823277829415069668e-06
8.823255227821174071e-06
8.823425177371122660e-06
8.823427171364038322e-06
8.823375390706405963e-06
8.823450052658297877e-06
8.823517974733686886e-06
8.823488362585515992e-06
8.823567400494708755e-06
8.823628158631752292e-06
8.823582549427305051e-06
8.823673443022876051e-06
8.823679208459403429e-06
8.823713169497097086e-06
8.823736646282454208e-06
8.823753536575376907e-06
8.823829064696137085e-06
8.823884517548865464e-06
8.823867275374839504e-06
8.823978704390652829e-06
8.823919552275052039e-06
8.824019847411876784e-06
8.824064788944490541e-06
8.824049757305594768e-06
8.824099354495873332e-06
8.824174178854426987e-06
8.824128714011456661e-06
8.824166554763872685e-06
8.824182660091257988e-06
8.824253189695843358e-06
8.824263601767442283e-06
8.824296462048866630e-06
8.824330774967663549e-06
8.824322465160087549e-06
8.824371006707058021e-06
8.824371530017416284e-06
8.824469768003179323e-06
8.824444585947865450e-06
8.824519671961598237e-06
8.824482553016573563e-06
8.824552144271551363e-06
8.824539250987049861e-06
8.824551178854167402e-06
8.824642469443802882e-06
8.824629855859665337e-06
8.824695874168062815e-06
8.824720929907084598e-06
8.824768830849996285e-06
8.824766954150782840e-06
8.824824482199756056e-06
8.824835002542463937e-06
8.824851207118366631e-06
8.824817634052145888e-06
8.824907381778486360e-06
8.824909069003259978e-06
8.825002082908038728e-06
8.824949192471545493e-06
8.825047367299162487e-06
8.825085659181195776e-06
8.825135382687766429e-06
8.825105301364793444e-06
8.825178988876708136e-06
8.825187650565387398e-06
8.825249726000918159e-06
8.825234613158691515e-06
8.825260381682511389e-06
8.825264640346111716e-06
8.825310583386477393e-06
8.825343154944946216e-06
8.825334330849605213e-06
8.825392418299306344e-06
8.825385876919836526e-06
8.825389413776047197e-06
8.825431810937610637e-06
8.825452833577839879e-06
8.825506184166545333e-06
8.825460060674331395e-06
8.825572816011225205e-06
8.825539008357601722e-06
8.825614130461704161e-06
8.825539883549061553e-06
8.825647198262753161e-06
8.825637462885582674e-06
8.825712079724511676e-06
8.825675204389481308e-06
8.825725270754561963e-06
8.825775210803350529e-06
8.825770293490506590e-06
8.825816886157524313e-06
8.825788446946362034e-06
8.825810904178780716e-06
8.825864335970817041e-06
8.825876038273125103e-06
8.825904107557999294e-06
8.825904883500943428e-06
8.825903232366539463e-06
8.825939990407869308e-06
8.825944086664807894e-06
8.826011115503550552e-06
8.825931653532516916e-06
8.826077458625274899e-06
8.826081212023701789e-06
8.826162740168390391e-06
8.826152824339371643e-06
8.826097236147757916e-06
8.826172863517033792e-06
8.826218617082959642e-06
8.826223660712097363e-06
8.826282794782513327e-06
8.826207672678410888e-06
8.826249384122954324e-06
8.826281423348473319e-06
8.826298061008810145e-06
8.826331976933542584e-06
8.826344518336940825e-06
8.826306479087493408e-06
8.826338103273763096e-06
8.826348334893515453e-06
8.826377613205767912e-06
8.826471727866817666e-06
8.826482663248773160e-06
8.826453159371712917e-06
8.826458500746397728e-06
8.826463842121082539e-06
8.826503009194575658e-06
8.826522777694467109e-06
8.826581496725635460e-06
8.826607851717957947e-06
8.826585719298866135e-06
8.826595337382336099e-06
8.826601274248116783e-06
8.826640937564191774e-06
8.826669322639799575e-06
8.826666958720597519e-06
8.826592341881668517e-06
8.826662104565901319e-06
8.826697319743934461e-06
8.826668979781289573e-06
8.826714616053514900e-06
8.826794727651200581e-06
8.826764050837130029e-06
8.826699719753506169e-06
8.826732986051588257e-06
8.826749452282670082e-06
8.826814893145154819e-06
8.826851741412408795e-06
8.826878069336954890e-06
8.826889094944836208e-06
8.826918084534133142e-06
8.826854646687153940e-06
8.826869452761238540e-06
8.826898830322006694e-06
8.826962998998968813e-06
8.826978409586742547e-06
8.826974665210907223e-06
8.826996535974821598e-06
8.827041973750015532e-06
8.826974863707940310e-06
8.827012108969258767e-06
8.827016836807662878e-06
8.827037245911611421e-06
8.827035224850919367e-06
8.827076331781773670e-06
8.827098274726425655e-06
8.827069384385646112e-06
8.827095811558707903e-06
8.827053603871584290e-06
8.827072785902971433e-06
8.827124124453576400e-06
8.827119098869625198e-06
8.827150966665889192e-06
8.827195033007041424e-06
8.827197550310313654e-06
8.827209649606686197e-06
8.827286098031867425e-06
8.827228263214753859e-06
8.827208512760047234e-06
8.827216560912444103e-06
8.827207818020433970e-06
8.827271174664082302e-06
8.827331914755941013e-06
8.827351981001381248e-06
8.827337544853583042e-06
8.827348326851468360e-06
8.827347577976302312e-06
8.827375169063781152e-06
8.827411024845873081e-06
8.827382486386195105e-06
8.827338483203188917e-06
8.827359587046750724e-06
8.827408850401110852e-06
8.827384462333925940e-06
8.827416366220557892e-06
8.827427148218444905e-06
8.827415969226493412e-06
8.827438182848917789e-06
8.827415382757989104e-06
8.827435268551581078e-06
8.827439473079626926e-06
8.827443433997680163e-06
8.827432597864238672e-06
8.827435710658608470e-06
8.827462832571283526e-06
8.827478964966446916e-06
8.827472829603633144e-06
8.827474210060266412e-06
8.827476835634645905e-06
8.827481085275654666e-06
8.827550414875453335e-06
8.827546354708886095e-06
8.827554971284602445e-06
8.827551650970607994e-06
8.827573503689337543e-06
8.827556162266795886e-06
8.827558733705622595e-06
8.827552787817248651e-06
8.827533280972536331e-06
8.827539217838318710e-06
8.827561007398900520e-06
8.827583807489827511e-06
8.827554673539053662e-06
8.827523969657206717e-06
8.827538126104640965e-06
8.827543684021541996e-06
8.827557542723429154e-06
8.827579639052151315e-06
8.827592766924055557e-06
8.827601798539021213e-06
8.827618941464531477e-06
8.827625428708448511e-06
8.827628361050970048e-06
8.827596682729145882e-06
8.827598775970575546e-06
8.827601049663855165e-06
8.827611407599899611e-06
8.827612851214678924e-06
8.827613942948356668e-06
8.827614926410925456e-06
8.827617506872343731e-06
8.827618246724918213e-06
8.827618499357504084e-06
8.827618499357504084e-06
8.827618400108988388e-06
8.827618003114923908e-06
8.827615323404989936e-06
8.827614529416860975e-06
8.827613690315769103e-06
8.827612742943569967e-06
8.827611560983969786e-06
8.827601600041989820e-06
8.827599858681661724e-06
8.827598577473544153e-06
8.827597133858764840e-06
8.827617254239757859e-06
8.827628162553936961e-06
8.827626475329163343e-06
8.827623353512201979e-06
8.827619879814137353e-06
8.827618003114923908e-06
8.827610866244356522e-06
8.827600057178693117e-06
8.827593416550705909e-06
8.827582769891705939e-06
8.827580387927319057e-06
8.827561007398900520e-06
8.827558832954138292e-06
8.827556757757891760e-06
8.827545416359278526e-06
8.827543187778961819e-06
8.827540905063092328e-06
8.827537927607607878e-06
8.827526044853451555e-06
8.827523771160173630e-06
8.827557542723429154e-06
8.827554375793504878e-06
8.827568748783157039e-06
8.827569136754628260e-06
8.827565960802114111e-06
8.827558832954138292e-06
8.827540165210517845e-06
8.827536646399492001e-06
8.827533172701427375e-06
8.827524610261265503e-06
8.827581723270989413e-06
8.827559076564132597e-06
8.827558733705622595e-06
8.827552896088355913e-06
8.827573350305267368e-06
8.827553879550924701e-06
8.827573305192306150e-06
8.827552941201318826e-06
8.827546354708886095e-06
8.827529509528924615e-06
8.827501485357011643e-06
8.827495349994197871e-06
8.827475247658389678e-06
8.827474264195820890e-06
8.827475049161356591e-06
8.827496288343803746e-06
8.827468868685579907e-06
8.827459611505804771e-06
8.827434023433833158e-06
8.827432291096098322e-06
8.827444814454313431e-06
8.827442243015486722e-06
8.827430757255394880e-06
8.827421310601179917e-06
8.827409833863679640e-06
8.827425867010327333e-06
8.827413298539151006e-06
8.827441701659943633e-06
8.827415572232428931e-06
8.827384805192435942e-06
8.827410041383304293e-06
8.827361923898176388e-06
8.827341009529054408e-06
8.827390696945255409e-06
8.827420218867502172e-06
8.827368790090973075e-06
8.827351629120277986e-06
8.827351881752863857e-06
8.827340711783505624e-06
8.827354552440206263e-06
8.827333638071084283e-06
8.827272022787765741e-06
8.827207574410441359e-06
8.827215171433219269e-06
8.827199824003591580e-06
8.827261006202477683e-06
8.827243971548076376e-06
8.827259282887334413e-06
8.827200960850230542e-06
8.827154124573218514e-06
8.827121165043278470e-06
8.827123528962480526e-06
8.827060704651782023e-06
8.827047098582482430e-06
8.827093943882087718e-06
8.827072397931498519e-06
8.827076530278806757e-06
8.827059567805143060e-06
8.827055670045237562e-06
8.827025363157455098e-06
8.826976442661604971e-06
8.826990572041262828e-06
8.827057402382974092e-06
8.827018668393913411e-06
8.826993684835630932e-06
8.826980872754460299e-06
8.826976334390497709e-06
8.826901491986757534e-06
8.826872060290434901e-06
8.826858382040396003e-06
8.826920646950366591e-06
8.826886379144532584e-06
8.826880324985049683e-06
8.826853257207927412e-06
8.826816075104756693e-06
8.826749605666740257e-06
8.826732354470121037e-06
8.826744886850929406e-06
8.826761100449423666e-06
8.826768868901458271e-06
8.826713731839461809e-06
8.826661608323319448e-06
8.826673346715998856e-06
8.826643987200413833e-06
8.826656844394547378e-06
8.826665433902485642e-06
8.826656411310113246e-06
8.826607508859447945e-06
8.826603773506205882e-06
8.826595680240846101e-06
8.826615214153334812e-06
8.826592044136119734e-06
8.826539595806652197e-06
8.826508161094822336e-06
8.826465213555122547e-06
8.826458843604907730e-06
8.826509541551455604e-06
8.826480019629208841e-06
8.826453457117260006e-06
8.826371288368514313e-06
8.826355381538158708e-06
8.826333348367582592e-06
8.826347504815016841e-06
8.826349697304963895e-06
8.826327086688475038e-06
8.826297230930311532e-06
8.826281369212918840e-06
8.826196132782764567e-06
8.826284509075065030e-06
8.826221603561035657e-06
8.826188653053687179e-06
8.826181660544596709e-06
8.826094348918197597e-06
8.826167928159005027e-06
8.826173395849983621e-06
8.826078333816734730e-06
8.826089178972767787e-06
8.826016926053039147e-06
8.826009022262120888e-06
8.826016339584534840e-06
8.825963837119512825e-06
8.825913617370361995e-06
8.825897620314083954e-06
8.825928387354076943e-06
8.825888119524314513e-06
8.825879548061559381e-06
8.825846895299757993e-06
8.825808459056247790e-06
8.825821947831845166e-06
8.825816696683084486e-06
8.825760792700737149e-06
8.825760946084807324e-06
8.825712323334505981e-06
8.825671947233634595e-06
8.825710275206037536e-06
8.825632022262380473e-06
8.825647775708665902e-06
8.825542797846398264e-06
8.825621907936330332e-06
8.825574954365617781e-06
8.825558244524541650e-06
8.825522551149111463e-06
8.825495104423111231e-06
8.825471510344053586e-06
8.825408189790776600e-06
8.825417645467583129e-06
8.825362355021518186e-06
8.825394114546673222e-06
8.825385146089853610e-06
8.825334619572560736e-06
8.825322114259532148e-06
8.825294441968722437e-06
8.825263629815766536e-06
8.825261301986934132e-06
8.825237617681952357e-06
8.825202853633536479e-06
8.825198396472904759e-06
8.825100654729720203e-06
8.825087445654486784e-06
8.825051093629812985e-06
8.825058050048532109e-06
8.825031848440279797e-06
8.824971505342485566e-06
8.824950590973363587e-06
8.824925769821742849e-06
8.824907571252926187e-06
8.824860563546659158e-06
8.824833504792130146e-06
8.824854004122002820e-06
8.824801808425121154e-06
8.824785657984772938e-06
8.824775146664658317e-06
8.824773170716927482e-06
8.824736926963362639e-06
8.824696171913611598e-06
8.824650698048048012e-06
8.824625813738281229e-06
8.824567293204145965e-06
8.824540739714790391e-06
8.824510008765167055e-06
8.824504956113437767e-06
8.824425512187587264e-06
8.824450883717342657e-06
8.824444306247501493e-06
8.824441563379419783e-06
8.824386507520755885e-06
8.824360296889910313e-06
8.824351463771977743e-06
8.824354251753020671e-06
8.824292519175999913e-06
8.824229496368270016e-06
8.824255679931339197e-06
8.824179781884290930e-06
8.824187216500407099e-06
8.824182326255341246e-06
8.824151902073856566e-06
8.824080722842620844e-06
8.824030800839018798e-06
8.824025964729505730e-06
8.824000277409018420e-06
8.823944409517040736e-06
8.823976836714030950e-06
8.823867753572234854e-06
8.823887774704712177e-06
8.823836129385965167e-06
8.823787281070854345e-06
8.823770336642377168e-06
8.823713034158211737e-06
8.823725810149012717e-06
8.823720044712485340e-06
8.823641746655867059e-06
8.823652032411173895e-06
8.823537968798386122e-06
8.823556257593126914e-06
8.823499884435977487e-06
8.823485412197809628e-06
8.823473033201073129e-06
8.823391694530824354e-06
8.823398831401391739e-06
8.823417950274632838e-06
8.823255038346734244e-06
8.823279823407983636e-06
8.823210782531142185e-06
8.823198782483283645e-06
8.823212307349252367e-06
8.823136346144059750e-06
8.823135867946662705e-06
8.823111597173178316e-06
8.823090114380736855e-06
8.823034860025039870e-06
8.823020450945019750e-06
8.822984459824040779e-06
8.822951635632986085e-06
8.822894946685103047e-06
8.822838609618321578e-06
8.822833836666956248e-06
8.822807319267970326e-06
8.822760482990958298e-06
8.822706302323754231e-06
8.822674660092299717e-06
8.822615110982634447e-06
8.822608885393896545e-06
8.822576999552447725e-06
8.822529468535824127e-06
8.822519056464225203e-06
8.822473627711624529e-06
8.822421016975493557e-06
8.822353374600468506e-06
8.822381606292004438e-06
8.822333660236131533e-06
8.822289350284984996e-06
8.822324439146726050e-06
8.822235665860361106e-06
8.822190137859244735e-06
8.822179843081346334e-06
8.822113969134425771e-06
8.822068684743303706e-06
8.822056017023609988e-06
8.821984359594978916e-06
8.821996269416911631e-06
8.822010895039149664e-06
8.821919405952481096e-06
8.821896217890081191e-06
8.821870602750333187e-06
8.821815546891669289e-06
8.821792295671121645e-06
8.821785230981293564e-06
8.821736454846922047e-06
8.821653293613014306e-06
8.821687038108491744e-06
8.821556679693877146e-06
8.821536983374725000e-06
8.821501389247812203e-06
8.821487160619638650e-06
8.821449527386847280e-06
8.821376309049736372e-06
8.821352832264379250e-06
8.821351289401084241e-06
8.821320648677383341e-06
8.821278477080629380e-06
8.821198924883669919e-06
8.821149959274858575e-06
8.821177812017516547e-06
8.821094533489908283e-06
8.821037591909437680e-06
8.821049844589880397e-06
8.821003423352119369e-06
8.820990755632425652e-06
8.820953681800362196e-06
8.820922797466668685e-06
8.820913982393919247e-06
8.820852430268746750e-06
8.820701897337584655e-06
8.820724390660371296e-06
8.820699172514687771e-06
8.820670119767244792e-06
8.820661936275960881e-06
8.820560657676567348e-06
8.820535015469041257e-06
8.820464332480387406e-06
8.820464612180749670e-06
8.820411090162790909e-06
8.820363405762095442e-06
8.820299607011421411e-06
8.820275751277186329e-06
8.820270861032118782e-06
8.820212845763156955e-06
8.820168797467189549e-06
8.820168012501652154e-06
8.820121690512406823e-06
8.820062015086446076e-06
8.820027774348388462e-06
8.819967701928364928e-06
8.819956450755675825e-06
8.819953789090924986e-06
8.819893256518690928e-06
8.819868200779669144e-06
8.819830784089095687e-06
8.819820056226763152e-06
8.819784389919111051e-06
8.819676299262473615e-06
8.819589357562362592e-06
8.819593886903733616e-06
8.819608295983753736e-06
8.819496921103494889e-06
8.819446403608795275e-06
8.819409465115617168e-06
8.819332709922293896e-06
8.819342328005763860e-06
8.819280126253941011e-06
8.819231864407334496e-06
8.819234778704671207e-06
8.819173650641339582e-06
8.819153611463677434e-06
8.819072561516385877e-06
8.819076017169263983e-06
8.819019256040641641e-06
8.818961168590940509e-06
8.818956359549205527e-06
8.818895348779574425e-06
8.818869165216506939e-06
8.818798779973400178e-06
8.818795522817553465e-06
8.818732626326117351e-06
8.818643059051623447e-06
8.818646045529699462e-06
8.818596475407198984e-06
8.818586018222637147e-06
8.818524845046344304e-06
8.818482023822939991e-06
8.818397482132398982e-06
8.818388035478184019e-06
8.818294462172677353e-06
8.818250702599663777e-06
8.818253860506994793e-06
8.818199210664988635e-06
8.818154458606814705e-06
8.818123420889049325e-06
8.818084028250746726e-06
8.817968448842440336e-06
8.817998800843185713e-06
8.817937826163924262e-06
8.817907401982439582e-06
8.817848331070169662e-06
8.817770141284660338e-06
8.817761344257095727e-06
8.817729494506016560e-06
8.817686186062623636e-06
8.817635091122011281e-06
8.817606336120117086e-06
8.817609331620784668e-06
8.817551298306638014e-06
8.817463517505435118e-06
8.817399899206609349e-06
8.817341279423956694e-06
8.817257883602647907e-06
8.817254482085322585e-06
8.817241859478591780e-06
8.817222181204626154e-06
8.817187669788796147e-06
8.817087347584193316e-06
8.817042541390466602e-06
8.817004258531024879e-06
8.816975070444696552e-06
8.816923921368529718e-06
8.816923434148542802e-06
8.816873999364927672e-06
8.816812113403836739e-06
8.816776853112840684e-06
8.816702921990931686e-06
8.816641414978720407e-06
8.816595462915761470e-06
8.816562900379884213e-06
8.816543673235535851e-06
8.816492758746771757e-06
8.816467666917380321e-06
8.816429366012755467e-06
8.816332553596585220e-06
8.816282324824841130e-06
8.816190962054466345e-06
8.816194661317340451e-06
8.816118636954000095e-06
8.816112727155994109e-06
8.816078305966089927e-06
8.816069499915932055e-06
8.816013081645821410e-06
8.815921403084713015e-06
8.815892160862828515e-06
8.815861294574319829e-06
8.815838692980422538e-06
8.815749928716650854e-06
8.815708659379134810e-06
8.815687375083724743e-06
8.815612126663328521e-06
8.815587007766160693e-06
8.815520015017785994e-06
8.815479296058404606e-06
8.815472114074874308e-06
8.815399040099240315e-06
8.815381978377062616e-06
8.815275818555194797e-06
8.815283641142782187e-06
8.815193442286822756e-06
8.815146533829073118e-06
8.815080831311407556e-06
8.815064960571423298e-06
8.815017167899620568e-06
8.814984470024857962e-06
8.814962915051677197e-06
8.814919263749774271e-06
8.814853507096554231e-06
8.814825031795023994e-06
8.814768712773427350e-06
8.814725720120766342e-06
8.814668643201412085e-06
8.814667777032543820e-06
8.814627482135003304e-06
8.814559975098863601e-06
8.814499920724024894e-06
8.814449791200796501e-06
8.814385875156421948e-06
8.814302172566971117e-06
8.814281086768594137e-06
8.814192602205186410e-06
8.814147335859247477e-06
8.814123308695757394e-06
8.814067855843029015e-06
8.814033380517568661e-06
8.813983927688768706e-06
8.813987590861273159e-06
8.813880898706455511e-06
8.813865794886822127e-06
8.813805740511981726e-06
8.813762774927098805e-06
8.813669643728619531e-06
8.813684964090469134e-06
8.813583387745526818e-06
8.813565504967442072e-06
8.813476181302944167e-06
8.813440469882329154e-06
8.813401230628095036e-06
8.813373341795069106e-06
8.813315317503514018e-06
8.813299843757592546e-06
8.813244129249686731e-06
8.813187855341051306e-06
8.813106706145244052e-06
8.813062964617416996e-06
8.813026062214608541e-06
8.813008414023924841e-06
8.812985586865219764e-06
8.812903652703875116e-06
8.812884966915069844e-06
8.812839718614315737e-06
8.812752046084221797e-06
8.812705841388675295e-06
8.812660214139041533e-06
8.812620162851495323e-06
8.812580689009861853e-06
8.812534745969494482e-06
8.812521825617214893e-06
8.812417578584930171e-06
8.812381704757653417e-06
8.812299508941129637e-06
8.812284378053718167e-06
8.812216293571667418e-06
8.812162094859278525e-06
8.812125309750172287e-06
8.812110305179054600e-06
8.812067971175637204e-06
8.811998118265480272e-06
8.811970617403925562e-06
8.811857474095560533e-06
8.811826237880763759e-06
8.811770090288422117e-06
8.811801813723207501e-06
8.811705930634053258e-06
8.811650955978720230e-06
8.811562687957530418e-06
8.811533274306390917e-06
8.811469367284609623e-06
8.811468871042029446e-06
8.811423460334611904e-06
8.811358208946566995e-06
8.811336266001913316e-06
8.811246473162611626e-06
8.811238749823539933e-06
8.811198752671546507e-06
8.811142929892531734e-06
8.811087314633139921e-06
8.811022721894336930e-06
8.810937629825661265e-06
8.810915659813232888e-06
8.810863797952267964e-06
8.810834745204824985e-06
8.810809021793968024e-06
8.810714302619230829e-06
8.810644350460558201e-06
8.810544461340389502e-06
8.810493736326065236e-06
8.810379014064033851e-06
8.810333287565884393e-06
8.810242096224764609e-06
8.810137804079516975e-06
8.810031499896170547e-06
8.810006669721958243e-06
8.809986910244660052e-06
8.809908503916934509e-06
8.809851697675349255e-06
8.809723865586600148e-06
8.809649095363599277e-06
8.809551290462270371e-06
8.809533768587880453e-06
8.809427383201203155e-06
8.809381674748238523e-06
8.809314519593200389e-06
8.809243565926774147e-06
8.809146022680624372e-06
8.809093664577079272e-06
8.809021321431428195e-06
8.808938097039372716e-06
8.808852671134780309e-06
8.808765512892451373e-06
8.808683353166297245e-06
8.808630462729802316e-06
8.808553202271307301e-06
8.808539605224599274e-06
8.808442855966576766e-06
8.808409400194056545e-06
8.808288064371816038e-06
8.808228569397703552e-06
8.808148376596687000e-06
8.808089224481086211e-06
8.808003004588363150e-06
8.807954444996207851e-06
8.807893506407317747e-06
8.807820170776504623e-06
8.807718711725262830e-06
8.807655255833098801e-06
8.807599081172980766e-06
8.807537799725578966e-06
8.807463688151821708e-06
8.807403029263293867e-06
8.807287278425732476e-06
8.807219293192197423e-06
8.807145461318804122e-06
8.807101088209511540e-06
8.807007614152520571e-06
8.806985490756020325e-06
8.806889364056871776e-06
8.806782969647601218e-06
8.806783357619074132e-06
8.806653242814453840e-06
8.806606090746709896e-06
8.806501085816664172e-06
8.806491837659482296e-06
8.806376483815985386e-06
8.806324297141695286e-06
8.806218579426854860e-06
8.806157713018702366e-06
8.806074723214049626e-06
8.806025622266351239e-06
8.805961643063830641e-06
8.805923666972529268e-06
8.805806878536846306e-06
8.805740824138079176e-06
8.805639301928689644e-06
8.805603626598444282e-06
8.805527863890283058e-06
8.805490600583779776e-06
8.805412185233460972e-06
8.805363318873165324e-06
8.805260939517502481e-06
8.805045967231607570e-06
8.804779367672152168e-06
8.804556130691644169e-06
8.804353374995824017e-06
8.804088778451875843e-06
8.803871577585664225e-06
8.803593275723900762e-06
8.803327479175165887e-06
8.803156293530060945e-06
8.802922184325741802e-06
8.802692045062069157e-06
8.802447541831335916e-06
8.802210392013387974e-06
8.802001401706236659e-06
8.801773527113248679e-06
8.801562912739471485e-06
8.801359128468119633e-06
8.801141025342673486e-06
8.800880858891578946e-06
8.800639459432622243e-06
8.800443290229234821e-06
8.800204913338723786e-06
8.799900076032789574e-06
8.799610965105361012e-06
8.799301819511567779e-06
8.799001218312751591e-06
8.798744764658420199e-06
8.798472341015587159e-06
8.798156572838989849e-06
8.797881473997518621e-06
8.797579221664298467e-06
8.797299268668129344e-06
8.797073523406940681e-06
8.796757173273138234e-06
8.796507522653455792e-06
8.796231868922552432e-06
8.795928172974552966e-06
8.795641263559663024e-06
8.795350632325420063e-06
8.795102998255133891e-06
8.794728632852367924e-06
8.794388291645441658e-06
8.794013479624352515e-06
8.793666452676477822e-06
8.793289191021559970e-06
8.792932130950966007e-06
8.792562046768280976e-06
8.792231883045552589e-06
8.791857386815197056e-06
8.791586668442322460e-06
8.791195922523101320e-06
8.790834409803171420e-06
8.790537936440365993e-06
8.790097421901612982e-06
8.789730585852183098e-06
8.789329626358394426e-06
8.788944984222914883e-06
8.788582528642081631e-06
8.788206877519902309e-06
8.787819271462827360e-06
8.787425904480520816e-06
8.787046305974178994e-06
8.786649541985844605e-06
8.786278063812637262e-06
8.785923647361609313e-06
8.785575722665794180e-06
8.785166345093320552e-06
8.784806645914458053e-06
8.784438100083772247e-06
8.784112483747601405e-06
8.783706372353567750e-06
8.783380146992410297e-06
8.783024101963458991e-06
8.782687374304778483e-06
8.782306047971995914e-06
8.781980314342122855e-06
8.781636851318236919e-06
8.781274968672018931e-06
8.780904153659352678e-06
8.780593050163013435e-06
8.780221856201465833e-06
8.779913734671906822e-06
8.779598336421597600e-06
8.779209706300288428e-06
8.778766115057535271e-06
8.778361095397179360e-06
8.777984433744654859e-06
8.777550474119260709e-06
8.777182609494299124e-06
8.776728051290514911e-06
8.776343368553369932e-06
8.775926930802365700e-06
8.775528195377597953e-06
8.775164043549397823e-06
8.774738763657867762e-06
8.774368742633328774e-06
8.773966213208467008e-06
8.773527543789855267e-06
8.773070932946306825e-06
8.772598482941846299e-06
8.772134802897172298e-06
8.771714052347013261e-06
8.771262949796108848e-06
8.770805274286660747e-06
8.770372216920504515e-06
8.769934530964459867e-06
8.769476760717791853e-06
8.769095163707236893e-06
8.768676831211834390e-06
8.768221199319558952e-06
8.767832199271961691e-06
8.767425348025355248e-06
8.767002017013776242e-06
8.766579425854773412e-06
8.766155932436532665e-06
8.765762218084420336e-06
8.765383327851579128e-06
8.764989897711126539e-06
8.764596805917888170e-06
8.764215258531591905e-06
8.763832348733848892e-06
8.763494222573350290e-06
8.763087326213780934e-06
8.762749673739383594e-06
8.762355679686907307e-06
8.761989394015612078e-06
8.761655030276133626e-06
8.761300643148530807e-06
8.760964623763352606e-06
8.760587779403331105e-06
8.760258682602151115e-06
8.759922144417910434e-06
8.759562167794332716e-06
8.759202121245662738e-06
8.758795646692287210e-06
8.758397211268715291e-06
8.758008716486291467e-06
8.757615730708515010e-06
8.757205378696065855e-06
8.756778508572629133e-06
8.756328037603190246e-06
8.755947329317985853e-06
8.755517323843698725e-06
8.755114478628105043e-06
8.754693466422766874e-06
8.754298985150303671e-06
8.753927863369495373e-06
8.753519112867193182e-06
8.753132763206106456e-06
8.752751583490449541e-06
8.752370708287285931e-06
8.751991606023522591e-06
8.751637509874524035e-06
8.751293555119353705e-06
8.750924425075810636e-06
8.750578510162447253e-06
8.750249532910616524e-06
8.749891128473758945e-06
8.749568751248248296e-06
8.749228346883175986e-06
8.748898864366173514e-06
8.748594773679756612e-06
8.748282235591229623e-06
8.747961450853274372e-06
8.747602660700592618e-06
8.747282200775962542e-06
8.746961434083192117e-06
8.746632585403302216e-06
8.746326543581285520e-06
8.745987880576541306e-06
8.745683713198089317e-06
8.745375390915850175e-06
8.745080938613736802e-06
8.744773329116294056e-06
8.744495485151092379e-06
8.744198305770435077e-06
8.743923725728024635e-06
8.743631716292795449e-06
8.743359721223100759e-06
8.743074327603731128e-06
8.742797721989332849e-06
8.742560512396710276e-06
8.742280350753092131e-06
8.742023654616590803e-06
8.741762633274869997e-06
8.741511345054670939e-06
8.741254256435400914e-06
8.741017438197722669e-06
8.740770386084645023e-06
8.740509855346384241e-06
8.740271062288799530e-06
8.740021991370676874e-06
8.739782217106172114e-06
8.739553562058944216e-06
8.739320105864748533e-06
8.739095274141038091e-06
8.738880617645876790e-06
8.738638146754075907e-06
8.738429515094972376e-06
8.738207342780365729e-06
8.738010540867686718e-06
8.737803434026695064e-06
8.737593503114289136e-06
8.737387147404112269e-06
8.737179393192117307e-06
8.736986933402019926e-06
8.736785842374492783e-06
8.736601196149389531e-06
8.736407267932383490e-06
8.736226263451128451e-06
8.736042984148771119e-06
8.735861252221004578e-06
8.735678296604149746e-06
8.735505679750328470e-06
8.735327582799465621e-06
8.735163514851920563e-06
8.734993116428000059e-06
8.734825307488091090e-06
8.734662429394913409e-06
8.734499534384376965e-06
8.734345015723033980e-06
8.734178905286138934e-06
8.734035028772501829e-06
8.733881657108213742e-06
8.733733941481521400e-06
8.733588127366171850e-06
8.733437932782223975e-06
8.733301603667106085e-06
8.733160571525713431e-06
8.733026678510536902e-06
8.732886438101626164e-06
8.732757098676037822e-06
8.732624177281277591e-06
8.732498587306732540e-06
8.732366960653978924e-06
8.732231785866772638e-06
8.732096222544182947e-06
8.731966428041592048e-06
8.731831347427695185e-06
8.731696637303996901e-06
8.731568201829381336e-06
8.731434572161120492e-06
8.731317159474827016e-06
8.731186208952587959e-06
8.731064659971602646e-06
8.730939851015209697e-06
8.730822833631244148e-06
8.730701369800974998e-06
8.730586484568369688e-06
8.730469127145453365e-06
8.730358974826460134e-06
8.730243529629214724e-06
8.730140061923347244e-06
8.730023367660970317e-06
8.729918391490439232e-06
8.729816649919274252e-06
8.729714237856713171e-06
8.729609686875847328e-06
8.729510306968237359e-06
8.729417152085451414e-06
8.729320117487944795e-06
8.729228137797816203e-06
8.729134342874883656e-06
8.729045157932742514e-06
8.728953998734607090e-06
8.728867477148953341e-06
8.728781758574020118e-06
8.728698269707226278e-06
8.728613071623090395e-06
8.728527660380209707e-06
8.728439896496367268e-06
8.728355259504694160e-06
8.728271181631792029e-06
8.728184860234906227e-06
8.728107685491037865e-06
8.728020094164274796e-06
8.727937558872712428e-06
8.727856989096508021e-06
8.727777973179885377e-06
8.727695938078288478e-06
8.727622889196739078e-06
8.727548763525180592e-06
8.727472954012321596e-06
8.727402096774851821e-06
8.727332006175777675e-06
8.727261849317039622e-06
8.727194307036399392e-06
8.727128309592745969e-06
8.727059786669096180e-06
8.726994861786111307e-06
8.726931576195379604e-06
8.726872021164637242e-06
8.726810106162078117e-06
8.726750836188862926e-06
8.726691404654853424e-06
8.726633157336094535e-06
8.726578363414565014e-06
8.726523063663951566e-06
8.726469949918295896e-06
8.726416195568581440e-06
8.726365514821350961e-06
8.726317510118626101e-06
8.726267105688288167e-06
8.726219704089472826e-06
8.726169917706711374e-06
8.726125163956802584e-06
8.726079132100292391e-06
8.726032872282345510e-06
8.725989966613115689e-06
8.725946756572369338e-06
8.725905052599661077e-06
8.725858711437406551e-06
8.725815632224249765e-06
8.725772268517477994e-06
8.725730378735758260e-06
8.725688943890062612e-06
8.725650379497543603e-06
8.725609240282724776e-06
8.725572330831016555e-06
8.725533202103540132e-06
8.725496887438038824e-06
8.725461081985094551e-06
8.725424413464798182e-06
8.725390211072757264e-06
8.725355230059191451e-06
8.725322547973964933e-06
8.725289901133242331e-06
8.725257484509601767e-06
8.725226439179024435e-06
8.725195821857671574e-06
8.725165198474266540e-06
8.725135750424493940e-06
8.725106842320484816e-06
8.725079497803539674e-06
8.725050752106192290e-06
8.725023908766056823e-06
8.724997045125087791e-06
8.724972008559075202e-06
8.724946740366199268e-06
8.724920971701402618e-06
8.724896071884054993e-06
8.724870884612554684e-06
8.724846034842399469e-06
8.724821225955866629e-06
8.724795860417676715e-06
8.724773613876888936e-06
8.724750232674619157e-06
8.724727176003721003e-06
8.724705287124133414e-06
8.724683813001839886e-06
8.724661313687486072e-06
8.724641623289411017e-06
8.724620409835450721e-06
8.724599930453964591e-06
8.724579192448328805e-06
8.724558276176003414e-06
8.724538635049740033e-06
8.724519077452946343e-06
8.724499789688055921e-06
8.724481229087720062e-06
8.724463020932397955e-06
8.724445776291256399e-06
8.724428404065019915e-06
8.724411145467055601e-06
8.724394427660723885e-06
8.724378257835897923e-06
8.724362622106248425e-06
8.724347527802630404e-06
8.724332708335635230e-06
8.724317570187857136e-06
8.724303402744139522e-06
8.724289618337661937e-06
8.724275321546622760e-06
8.724261412762299845e-06
8.724247908443876585e-06
8.724234205557931850e-06
8.724221947238368981e-06
8.724209165714179583e-06
8.724196917967968058e-06
8.724185043672491116e-06
8.724173485661171581e-06
8.724162172105713782e-06
8.724150436285885092e-06
8.724139058409211838e-06
8.724128339322760665e-06
8.724117153246664365e-06
8.724106587156594693e-06
8.724096390675611129e-06
8.724086435795685030e-06
8.724076776123702038e-06
8.724067285554838613e-06
8.724057776623590077e-06
8.724048926059628213e-06
8.724039699013900597e-06
8.724031329643116824e-06
8.724022530571372026e-06
8.724014487917116839e-06
8.724006426195585887e-06
8.723998840345314852e-06
8.723990942898405705e-06
8.723983626915281285e-06
8.723976353190315508e-06
8.723969121300571269e-06
8.723962152229075573e-06
8.723955532219122215e-06
8.723949058103782183e-06
8.723942425282452110e-06
8.723935987063636546e-06
8.723929821179084886e-06
8.723923935752652859e-06
8.723918402365924237e-06
8.723912618919457074e-06
8.723907120847717369e-06
8.723901732456867928e-06
8.723896435314031864e-06
8.723891297388231312e-06
8.723886349412671016e-06
8.723881394634922851e-06
8.723876665580584309e-06
8.723871847340034251e-06
8.723867300957945973e-06
8.723863008001445977e-06
8.723858567969639878e-06
8.723854246764672405e-06
8.723850218388644199e-06
8.723846140952271175e-06
8.723842070177107550e-06
8.723838418212355014e-06
8.723834362239883271e-06
8.723830857086101572e-06
8.723827152994731397e-06
8.723823757980017025e-06
8.723820264782933774e-06
8.723817041056495934e-06
8.723813617405623718e-06
8.723810376541547726e-06
8.723807282699909429e-06
8.723804281251732246e-06
8.723801266472322040e-06
8.723798359840663995e-06
8.723795616276504162e-06
8.723792610836885808e-06
8.723789934968602006e-06
8.723787272096727573e-06
8.723784682982783039e-06
8.723782134576239062e-06
8.723779688237770012e-06
8.723777258243938396e-06
8.723774797331869382e-06
8.723772450074505048e-06
8.723770280141040297e-06
8.723768068504518251e-06
8.723765925603584851e-06
8.723763787557581724e-06
8.723761766637868140e-06
8.723759746361365965e-06
8.723757860754103525e-06
8.723755899556197857e-06
8.723754124651916624e-06
8.723752266843755435e-06
8.723750448359646005e-06
8.723748675155912162e-06
8.723747001597193526e-06
8.723745331496840958e-06
8.723743768341523221e-06
8.723742173166576226e-06
8.723740642114594931e-06
8.723739113569377150e-06
8.723737614378423275e-06
8.723736147251156230e-06
8.723734749361710769e-06
8.723733363521480084e-06
8.723732078198567934e-06
8.723730710676666484e-06
8.723729439720293705e-06
8.723728141696144534e-06
8.723726928844737771e-06
8.723725715896408416e-06
8.723724570802556929e-06
8.723723385014521987e-06
8.723722305541525875e-06
8.723721173730445268e-06
8.723720140238305743e-06
8.723719071413555629e-06
8.723718042155161214e-06
8.723717012561946533e-06
8.723716011336148164e-06
8.723715158630680554e-06
8.723714167837255060e-06
8.723713270318403151e-06
8.723712341396700883e-06
8.723711431048850585e-06
8.723710590626090853e-06
8.723709758877883625e-06
8.723708982357811898e-06
8.723708175304985773e-06
8.723707413219739518e-06
8.723706654218387759e-06
8.723705905561295425e-06
8.723705190564906168e-06
8.723704505037323389e-06
8.723703791607111604e-06
8.723703115132962554e-06
8.723702415833591364e-06
8.723701785926239025e-06
8.723701147584437529e-06
8.723700551884077084e-06
8.723699923302798869e-06
8.723699325652976849e-06
8.723698765465855075e-06
8.723698191066391196e-06
8.723697639558228192e-06
8.723697127363105519e-06
8.723696578300031866e-06
8.723696089758375396e-06
8.723695575913368067e-06
8.723695070815607304e-06
8.723694576881540886e-06
8.723694127778482135e-06
8.723693652156136401e-06
8.723693200746764483e-06
8.723692761686185952e-06
8.723692345404568011e-06
8.723691909326553425e-06
8.723691505321036504e-06
8.723691116457437997e-06
8.723690723911890605e-06
8.723690324337267406e-06
8.723689926681267007e-06
8.723689581767562001e-06
8.723689238963019856e-06
8.723688883403272833e-06
8.723688530960461366e-06
8.723688207975443255e-06
8.723687860037319019e-06
8.723687561532913418e-06
8.723687259515071056e-06
8.723686962852189621e-06
8.723686651801842019e-06
8.723686358840735121e-06
8.723686090089295223e-06
8.723685811542087001e-06
8.723685519783699126e-06
8.723685266681919682e-06
8.723685002886738914e-06
8.723684753665159804e-06
8.723684514625936547e-06
8.723684258164915914e-06
8.723684014980059303e-06
8.723683798759447941e-06
8.723683560292949400e-06
8.723683339900270480e-06
8.723683103800658126e-06
8.723682895047477369e-06
8.723682696227736587e-06
8.723682494574120025e-06
8.723682290094332296e-06
8.723682082873185112e-06
8.723681890509246546e-06
8.723681713713465229e-06
8.723681534288114174e-06
8.723681347588628821e-06
8.723681179613333622e-06
8.723680996526409908e-06
8.723680822046853738e-06
8.723680669618790687e-06
8.723680508240276173e-06
8.723680347713136496e-06
8.723680198703239328e-06
8.723680055193686129e-06
8.723679900088141768e-06
8.723679747432091329e-06
8.723679606294935113e-06
8.723679471821190582e-06
8.723679330772146122e-06
8.723679205189377789e-06
8.723679072310999485e-06
8.723678952487955244e-06
8.723678822122398434e-06
8.723678711327453167e-06
8.723678589763661352e-06
8.723678470240195723e-06
8.723678361497140337e-06
8.723678247422805371e-06
8.723678143215277686e-06
8.723678036958062407e-06
8.723677935511169257e-06
8.723677839672559179e-06
8.723677733406533062e-06
8.723677643194376605e-06
8.723677549209406652e-06
8.723677452664252511e-06
8.723677365289554783e-06
8.723677274546527203e-06
8.723677179396561687e-06
8.723677101513372965e-06
8.723677012023178264e-06
8.723676932643473754e-06
8.723676850509467126e-06
8.723676770971989177e-06
8.723676691674064004e-06
8.723676619813279537e-06
8.723676545173410463e-06
8.723676472976425066e-06
8.723676403414242379e-06
8.723676334538227529e-06
8.723676263411519083e-06
8.723676197011703411e-06
8.723676133451274315e-06
8.723676066416507499e-06
8.723676004572595752e-06
8.723675942277113801e-06
8.723675877228154744e-06
8.723675825263991248e-06
8.723675763463584808e-06
8.723675706469646499e-06
8.723675653866676166e-06
8.723675597089988255e-06
8.723675546057601659e-06
8.723675488742607369e-06
8.723675440194959737e-06
8.723675390480937572e-06
8.723675339821923100e-06
8.723675290685030222e-06
8.723675246966154791e-06
8.723675196923366953e-06
8.723675155981097711e-06
8.723675109873303072e-06
8.723675064695359180e-06
8.723675023755705576e-06
8.723674982789065503e-06
8.723674943832188973e-06
8.723674903990759325e-06
8.723674865835143776e-06
8.723674824665436024e-06
8.723674790486806181e-06
8.723674754487163922e-06
8.723674718871080204e-06
8.723674681690884081e-06
8.723674647885487448e-06
8.723674614465577203e-06
8.723674581421791938e-06
8.723674550169005325e-06
8.723674519110614467e-06
8.723674487037981276e-06
8.723674454854107247e-06
8.723674424258299716e-06
8.723674397459537600e-06
8.723674365756971409e-06
8.723674337273631862e-06
8.723674310901383022e-06
8.723674283467944200e-06
8.723674256340416410e-06
8.723674227396419688e-06
8.723674203667094909e-06
8.723674177346198288e-06
8.723674153356808983e-06
8.723674128679600125e-06
8.723674105548882000e-06
8.723674080552819448e-06
8.723674056780954979e-06
8.723674034594128019e-06
8.723674012470906456e-06
8.723673991317322472e-06
8.723673968968590246e-06
8.723673949200831784e-06
8.723673927415323952e-06
8.723673908257320792e-06
8.723673887551383556e-06
8.723673868627495221e-06
8.723673848826417871e-06
8.723673830114960317e-06
8.723673810998605767e-06
8.723673794199987471e-06
8.723673775404756664e-06
8.723673760358314111e-06
8.723673743464358869e-06
8.723673725082698675e-06
8.723673708880484747e-06
8.723673693484005828e-06
8.723673678499105301e-06
8.723673662647889968e-06
8.723673649249404224e-06
8.723673633338989758e-06
8.723673619450866455e-06
8.723673603647356017e-06
8.723673589982952750e-06
8.723673576373687939e-06
8.723673563839655221e-06
8.723673550279194755e-06
8.723673538631851373e-06
8.723673525156543128e-06
8.723673513281073445e-06
8.723673501359276142e-06
8.723673489621342587e-06
8.723673478438442617e-06
8.723673466340216821e-06
8.723673454146582928e-06
8.723673443305525127e-06
8.723673432963052941e-06
8.723673421797154616e-06
8.723673411168459833e-06
8.723673400582030300e-06
8.723673390864873412e-06
8.723673380498928249e-06
8.723673370393876010e-06
8.723673361061998834e-06
8.723673351431025853e-06
8.723673342167883706e-06
8.723673332455510860e-06
8.723673323287705659e-06
8.723673315222635712e-06
8.723673306208131617e-06
8.723673297664403351e-06
8.723673289618606792e-06
8.723673280742499410e-06
8.723673273313171735e-06
8.723673265017807082e-06
8.723673257241368694e-06
8.723673249499074204e-06
8.723673242713234072e-06
8.723673234745981184e-06
8.723673227344463295e-06
8.723673220353730975e-06
8.723673213290719639e-06
8.723673206396460983e-06
8.723673199371549189e-06
8.723673192335109277e-06
8.723673186138444934e-06
8.723673179046727652e-06
8.723673172937932812e-06
8.723673167396251942e-06
8.723673160157464329e-06
8.723673154405831096e-06
8.723673148997383427e-06
8.723673143093170761e-06
8.723673137170374193e-06
8.723673131788118476e-06
8.723673125792698996e-06
8.723673120667721067e-06
8.723673115359191097e-06
8.723673110382144084e-06
8.723673105241126739e-06
8.723673100296468571e-06
8.723673095804722308e-06
8.723673090330121365e-06
8.723673085466690269e-06
8.723673081091382238e-06
8.723673076891296524e-06
8.723673072285590449e-06
8.723673068490337356e-06
8.723673063827668315e-06
8.723673059703854530e-06
8.723673055670390361e-06
8.723673051563132682e-06
8.723673047465253352e-06
8.723673043758798111e-06
8.723673039282230679e-06
8.723673035627834083e-06
8.723673031724074375e-06
8.723673027960622287e-06
8.723673024124462585e-06
8.723673020450928127e-06
8.723673017124968556e-06
8.723673013244924077e-06
8.723673010035489135e-06
8.723673006480217417e-06
8.723673003519749174e-06
8.723673000187336907e-06
8.723672996571900438e-06
8.723672993238110895e-06
8.723672990414507931e-06
8.723672987260038650e-06
8.723672984126633386e-06
8.723672981031829106e-06
8.723672978141452840e-06
8.723672975306455589e-06
8.723672972211891867e-06
8.723672969403948848e-06
8.723672966714680226e-06
8.723672964206727478e-06
8.723672961450151925e-06
8.723672958760659687e-06
8.723672956387800223e-06
8.723672953675109447e-06
8.723672951164524120e-06
8.723672948621843021e-06
8.723672946183501134e-06
8.723672943636845756e-06
8.723672941043086876e-06
8.723672938926678496e-06
8.723672936467669005e-06
8.723672934235908289e-06
8.723672932023902076e-06
8.723672930064597979e-06
8.723672927774908680e-06
8.723672925571731939e-06
8.723672923459816221e-06
8.723672921364075445e-06
8.723672919258578542e-06
8.723672917538291896e-06
8.723672915438886855e-06
8.723672913524153631e-06
8.723672911708751961e-06
8.723672909789122887e-06
8.723672907910037891e-06
8.723672906132686635e-06
8.723672904499547821e-06
8.723672902729775815e-06
8.723672901112271535e-06
8.723672899383002951e-06
8.723672897647822077e-06
8.723672896109247715e-06
8.723672894580620908e-06
8.723672893060366174e-06
8.723672891453522650e-06
8.723672889814989930e-06
8.723672888425972787e-06
8.723672887025390256e-06
8.723672885612400387e-06
8.723672884104898581e-06
8.723672882837696634e-06
8.723672881465759064e-06
8.723672880172864914e-06
8.723672878746469901e-06
8.723672877560383217e-06
8.723672876185304848e-06
8.723672874748223668e-06
8.723672873534189979e-06
8.723672872371481405e-06
8.723672870981097151e-06
8.723672869722336735e-06
8.723672868410562220e-06
8.723672867454900686e-06
8.723672866241305760e-06
8.723672865075190420e-06
8.723672863838303782e-06
8.723672862685517352e-06
8.723672861607513766e-06
8.723672860542081844e-06
8.723672859286677372e-06
8.723672858221743505e-06
8.723672857119424992e-06
8.723672856219433851e-06
8.723672855089156474e-06
8.723672854135688755e-06
8.723672853122693254e-06
8.723672852163347126e-06
8.723672851084440604e-06
8.723672850194283515e-06
8.723672849247492110e-06
8.723672848440474693e-06
8.723672847475931171e-06
8.723672846611847450e-06
8.723672845626798955e-06
8.723672844770460503e-06
8.723672843939261990e-06
8.723672842994252742e-06
8.723672842203522074e-06
8.723672841408120868e-06
8.723672840492047959e-06
8.723672839764450045e-06
8.723672838826994637e-06
8.723672838088271793e-06
8.723672837294766245e-06
8.723672836537681421e-06
8.723672835730503068e-06
8.723672835093554620e-06
8.723672834327348945e-06
8.723672833470256634e-06
8.723672832890184755e-06
8.723672832256046763e-06
8.723672831532750083e-06
8.723672830797752489e-06
8.723672830208058316e-06
8.723672829445967527e-06
8.723672828834950146e-06
8.723672828295879743e-06
8.723672827531505353e-06
8.723672826948895763e-06
8.723672826266976643e-06
8.723672825765485704e-06
8.723672825065307941e-06
8.723672824515012658e-06
8.723672823860694953e-06
8.723672823336713595e-06
8.723672822748256090e-06
8.723672822202909174e-06
8.723672821607004555e-06
8.723672821081813634e-06
8.723672820662278215e-06
8.723672820142947069e-06
8.723672819539127774e-06
8.723672819055925971e-06
8.723672818559207216e-06
8.723672818087523366e-06
8.723672817686746339e-06
8.723672817124543467e-06
8.723672816713103989e-06
8.723672816245753561e-06
8.723672815697674116e-06
8.723672815422249495e-06
8.723672814853905634e-06
8.723672814488709072e-06
8.723672814077635513e-06
8.723672813522879754e-06
8.723672813242621963e-06
8.723672812776464157e-06
8.723672812410505266e-06
8.723672811964359460e-06
8.723672811599506794e-06
8.723672811203307133e-06
8.723672810795892756e-06
8.723672810455373653e-06
8.723672810028411449e-06
8.723672809637417653e-06
8.723672809232119164e-06
8.723672808955076709e-06
8.723672808493619936e-06
8.723672808118992510e-06
8.723672807786703179e-06
8.723672807335907162e-06
8.723672807081272117e-06
8.723672806655312801e-06
8.723672806348996888e-06
8.723672805957159447e-06
8.723672805544539205e-06
8.723672805263761335e-06
8.723672804801723497e-06
8.723672804558984183e-06
8.723672804231112976e-06
8.723672803944402488e-06
8.723672803556685015e-06
8.723672803232306971e-06
8.723672802979557422e-06
8.723672802616368329e-06
8.723672802350239047e-06
8.723672802030728055e-06
8.723672801748601709e-06
8.723672801444576173e-06
8.723672801163386646e-06
8.723672800826677497e-06
8.723672800573489185e-06
8.723672800295022021e-06
8.723672799950425301e-06
8.723672799775180961e-06
8.723672799442070007e-06
8.723672799200616490e-06
8.723672798911918862e-06
8.723672798693555462e-06
8.723672798429750439e-06
8.723672798151230759e-06
8.723672797919250458e-06
8.723672797719940217e-06
8.723672797430985092e-06
8.723672797220883651e-06
8.723672796985384775e-06
8.723672796729126815e-06
8.723672796526831631e-06
8.723672796319073084e-06
8.723672796079664303e-06
8.723672795841061898e-06
8.723672795635961340e-06
8.723672795425107735e-06
8.723672795168707473e-06
8.723672795001579403e-06
8.723672794744452387e-06
8.723672794586030121e-06
8.723672794333405933e-06
8.723672794157050285e-06
8.723672793904549763e-06
8.723672793730816529e-06
8.723672793546759658e-06
8.723672793323951029e-06
8.723672793196071077e-06
8.723672792975683269e-06
8.723672792822488890e-06
8.723672792620478308e-06
8.723672792458052964e-06
8.723672792284492525e-06
8.723672792098777164e-06
8.723672791956453606e-06
8.723672791788093949e-06
8.723672791559476368e-06
8.723672791431081420e-06
8.723672791293621525e-06
8.723672791118217943e-06
8.723672791003284042e-06
8.723672790792042495e-06
8.723672790684440512e-06
8.723672790470461355e-06
8.723672790356899647e-06
8.723672790192986914e-06
8.723672790028923408e-06
8.723672789864001011e-06
8.723672789737967591e-06
8.723672789601017610e-06
8.723672789460059469e-06
8.723672789262658440e-06
8.723672789149462651e-06
8.723672789022372134e-06
8.723672788907245110e-06
8.723672788731924536e-06
8.723672788641661317e-06
8.723672788512912309e-06
8.723672788396850161e-06
8.723672788206215232e-06
8.723672788127541117e-06
8.723672787974172250e-06
8.723672787861010342e-06
8.723672787738175318e-06
8.723672787597083346e-06
8.723672787544160728e-06
8.723672787383878377e-06
8.723672787277597765e-06
8.723672787146197544e-06
8.723672787042419067e-06
8.723672786924601866e-06
8.723672786823466132e-06
8.723672786730553394e-06
8.723672786613125829e-06
8.723672786529450832e-06
8.723672786388948395e-06
8.723672786309159585e-06
8.723672786235237326e-06
8.723672786073470974e-06
8.723672786026823175e-06
8.723672785879212438e-06
8.723672785799486308e-06
8.723672785749635031e-06
8.723672785603787816e-06
8.723672785506760192e-06
8.723672785411072574e-06
8.723672785340785780e-06
8.723672785240944313e-06
8.723672785155444807e-06
8.723672785030808991e-06
8.723672784953837413e-06
8.723672784859040874e-06
8.723672784782067602e-06
8.723672784668504200e-06
8.723672784590162123e-06
8.723672784502848273e-06
8.723672784414595910e-06
8.723672784360199454e-06
8.723672784205698951e-06
8.723672784167081024e-06
8.723672784069806067e-06
8.723672783985688919e-06
8.723672783916625240e-06
8.723672783795591008e-06
8.723672783717994320e-06
8.723672783647224717e-06
8.723672783569170631e-06
8.723672783474052219e-06
8.723672783426992763e-06
8.723672783303493665e-06
8.723672783229200405e-06
8.723672783182086739e-06
8.723672783088491292e-06
8.723672782980438687e-06
8.723672782926372574e-06
8.723672782841491403e-06
8.723672782782146580e-06
8.723672782703531758e-06
8.723672782602091093e-06
8.723672782547599769e-06
8.723672782479034146e-06
8.723672782388987767e-06
8.723672782335546765e-06
8.723672782260553856e-06
8.723672782167632647e-06
8.723672782125235260e-06
8.723672782053689775e-06
8.723672782003445475e-06
8.723672781917688471e-06
8.723672781868050646e-06
8.723672781804519787e-06
8.723672781740592517e-06
8.723672781684349529e-06
8.723672781637857585e-06
8.723672781564924660e-06
8.723672781504895435e-06
8.723672781452082930e-06
8.723672781406063630e-06
8.723672781337540359e-06
8.723672781292029279e-06
8.723672781227597177e-06
8.723672781183153358e-06
8.723672781142229808e-06
8.723672781064077466e-06
8.723672781034587167e-06
8.723672780998761061e-06
8.723672780934295078e-06
8.723672780863876147e-06
8.723672780846329012e-06
8.723672780790360463e-06
8.723672780739440231e-06
8.723672780705675803e-06
8.723672780652475358e-06
8.723672780613142536e-06
8.723672780567702606e-06
8.723672780531673213e-06
8.723672780485455707e-06
8.723672780447434092e-06
8.723672780410164643e-06
8.723672780367902781e-06
8.723672780328322625e-06
8.723672780281120867e-06
8.723672780258218790e-06
8.723672780235792746e-06
8.723672780187289945e-06
8.723672780150144163e-06
8.723672780121417887e-06
8.723672780062176403e-06
8.723672780041291959e-06
8.723672780009169081e-06
8.723672779987037804e-06
8.723672779953798537e-06
8.723672779894142007e-06
8.723672779873442216e-06
8.723672779851224541e-06
8.723672779836299821e-06
8.723672779809787690e-06
8.723672779750566534e-06
8.723672779710261318e-06
8.723672779690425501e-06
8.723672779664250489e-06
8.723672779649344403e-06
8.723672779592762602e-06
8.723672779564132888e-06
8.723672779541622141e-06
8.723672779516956541e-06
8.723672779490288556e-06
8.723672779460740659e-06
8.723672779416647512e-06
8.723672779380675716e-06
8.723672779343731527e-06
8.723672779317244807e-06
8.723672779308227294e-06
8.723672779283748042e-06
8.723672779274039351e-06
8.723672779209752938e-06
8.723672779175961406e-06
8.723672779157972120e-06
8.723672779147900898e-06
8.723672779115815290e-06
8.723672779099794509e-06
8.723672779041972652e-06
8.723672779015418169e-06
8.723672779000213927e-06
8.723672778969126124e-06
8.723672778933659161e-06
8.723672778915348002e-06
8.723672778896499825e-06
8.723672778876167646e-06
8.723672778849672456e-06
8.723672778811430612e-06
8.723672778773597039e-06
8.723672778759871717e-06
8.723672778745992235e-06
8.723672778738372327e-06
8.723672778704921301e-06
8.723672778673357466e-06
8.723672778646484498e-06
8.723672778627892125e-06
8.723672778611678220e-06
8.723672778594580013e-06
8.723672778584110686e-06
8.723672778568298275e-06
8.723672778524582905e-06
8.723672778491099692e-06
8.723672778488213004e-06
8.723672778470762431e-06
8.723672778435693573e-06
8.723672778428348103e-06
8.723672778426144124e-06
8.723672778400800898e-06
8.723672778379326919e-06
8.723672778352108362e-06
8.723672778342548748e-06
8.723672778324032608e-06
8.723672778298103235e-06
8.723672778298269254e-06
8.723672778276935882e-06
8.723672778267379656e-06
8.723672778259964730e-06
8.723672778242570061e-06
8.723672778238829564e-06
8.723672778217265799e-06
8.723672778193120278e-06
8.723672778189437378e-06
8.723672778173924817e-06
8.723672778156547089e-06
8.723672778149694593e-06
8.723672778141427551e-06
8.723672778136567276e-06
8.723672778129968889e-06
8.723672778110078862e-06
8.723672778109877268e-06
8.723672778102326816e-06
8.723672778097263253e-06
8.723672778089641651e-06
8.723672778089501043e-06
8.723672778087747685e-06
8.723672778069204440e-06
8.723672778066407537e-06
8.723672778063070227e-06
8.723672778062949948e-06
8.723672778054850619e-06
8.723672778039915735e-06
8.723672778039112747e-06
8.723672778039033126e-06
8.723672778035323122e-06
8.723672778024479406e-06
8.723672778022678614e-06
8.723672778022917477e-06
8.723672778015929456e-06
8.723672778010127280e-06
8.723672778010027330e-06
8.723672778001009817e-06
8.723672778000950525e-06
8.723672777995314368e-06
8.723672777995255075e-06
8.723672777995255075e-06
8.723672777992658072e-06
8.723672777992637744e-06
8.723672777992598780e-06
8.723672777992598780e-06
8.723672777992598780e-06
8.723672777992598780e-06
8.723672777992658072e-06
8.723672777992658072e-06
8.723672777995273710e-06
8.723672777995255075e-06
8.723672777995314368e-06
8.723672778000930196e-06
8.723672778000989488e-06
8.723672778001030146e-06
8.723672778010045965e-06
8.723672778010106951e-06
8.723672778013988056e-06
8.723672778015929456e-06
8.723672778019713999e-06
8.723672778022597299e-06
8.723672778022678614e-06
8.723672778022717578e-06
8.723672778024479406e-06
8.723672778026342879e-06
8.723672778035301099e-06
8.723672778036766466e-06
8.723672778038992469e-06
8.723672778038992469e-06
8.723672778039051761e-06
8.723672778039112747e-06
8.723672778039151711e-06
8.723672778039212697e-06
8.723672778039915735e-06
8.723672778054730341e-06
8.723672778054789633e-06
8.723672778054850619e-06
8.723672778062888962e-06
8.723672778062929620e-06
8.723672778062988912e-06
8.723672778063070227e-06
8.723672778063070227e-06
8.723672778062467140e-06
8.723672778066388902e-06
8.723672778069143453e-06
8.723672778069184111e-06
8.723672778085831697e-06
8.723672778085853719e-06
8.723672778087827306e-06
8.723672778089460386e-06
8.723672778089541701e-06
8.723672778089641651e-06
8.723672778097202267e-06
8.723672778094318967e-06
8.723672778102286159e-06
8.723672778106646684e-06
8.723672778109916231e-06
8.723672778110038204e-06
8.723672778130151848e-06
8.723672778130050204e-06
8.723672778136567276e-06
8.723672778139968960e-06
8.723672778148883135e-06
8.723672778149775908e-06
8.723672778156547089e-06
8.723672778173924817e-06
8.723672778185835794e-06
8.723672778189579680e-06
8.723672778215002527e-06
8.723672778236090259e-06
8.723672778238766883e-06
8.723672778242529404e-06
8.723672778256564740e-06
8.723672778263752661e-06
8.723672778271787616e-06
8.723672778278082765e-06
8.723672778299214543e-06
8.723672778300344484e-06
8.723672778324052937e-06
8.723672778342570771e-06
8.723672778352108362e-06
8.723672778379264238e-06
8.723672778400758546e-06
8.723672778426061114e-06
8.723672778427850048e-06
8.723672778428348103e-06
8.723672778440919766e-06
8.723672778483423880e-06
8.723672778490828642e-06
8.723672778499849543e-06
8.723672778524708266e-06
8.723672778583034954e-06
8.723672778584153038e-06
8.723672778592785998e-06
8.723672778611298750e-06
8.723672778627807422e-06
8.723672778643258997e-06
8.723672778665574927e-06
8.723672778693367772e-06
8.723672778738157180e-06
8.723672778746910419e-06
8.723672778747874342e-06
8.723672778762680478e-06
8.723672778792370677e-06
8.723672778852459194e-06
8.723672778858857681e-06
8.723672778894743079e-06
8.723672778901404146e-06
8.723672778915087116e-06
8.723672778933071320e-06
8.723672778983434205e-06
8.723672779007923621e-06
8.723672779023464982e-06
8.723672779052084531e-06
8.723672779099970692e-06
8.723672779115925404e-06
8.723672779149696608e-06
8.723672779158082234e-06
8.723672779178161997e-06
8.723672779231686009e-06
8.723672779273905519e-06
8.723672779304608770e-06
8.723672779308789724e-06
8.723672779325527095e-06
8.723672779380721456e-06
8.723672779407328455e-06
8.723672779433312038e-06
8.723672779461880765e-06
8.723672779502872077e-06
8.723672779532455550e-06
8.723672779560138281e-06
8.723672779592647405e-06
8.723672779649252923e-06
8.723672779664250489e-06
8.723672779692653197e-06
8.723672779710376515e-06
8.723672779764569683e-06
8.723672779819916510e-06
8.723672779836511579e-06
8.723672779867555337e-06
8.723672779882090422e-06
8.723672779904530019e-06
8.723672779973232861e-06
8.723672779993578593e-06
8.723672780039452203e-06
8.723672780057034913e-06
8.723672780102688295e-06
8.723672780129086924e-06
8.723672780169282025e-06
8.723672780208032088e-06
8.723672780242680818e-06
8.723672780269372520e-06
8.723672780310138522e-06
8.723672780367487735e-06
8.723672780400532184e-06
8.723672780444994637e-06
8.723672780474950805e-06
8.723672780501684859e-06
8.723672780546223545e-06
8.723672780567082578e-06
8.723672780628055398e-06
8.723672780661796108e-06
8.723672780707839125e-06
8.723672780764043150e-06
8.723672780790462107e-06
8.723672780846303601e-06
8.723672780861992346e-06
8.723672780911597983e-06
8.723672780995471185e-06
8.723672781027658437e-06
8.723672781063664114e-06
8.723672781097879163e-06
8.723672781149763319e-06
8.723672781210043266e-06
8.723672781232277881e-06
8.723672781292056384e-06
8.723672781337540359e-06
8.723672781385290994e-06
8.723672781422357156e-06
8.723672781485013877e-06
8.723672781529561034e-06
8.723672781573845611e-06
8.723672781652782305e-06
8.723672781695267784e-06
8.723672781726660519e-06
8.723672781801797423e-06
8.723672781834897777e-06
8.723672781880588428e-06
8.723672781971771525e-06
8.723672782002781401e-06
8.723672782051362129e-06
8.723672782107337454e-06
8.723672782142933167e-06
8.723672782210462021e-06
8.723672782260580961e-06
8.723672782324052528e-06
8.723672782370483486e-06
8.723672782440258672e-06
8.723672782478976548e-06
8.723672782510047410e-06
8.723672782560901574e-06
8.723672782616422890e-06
8.723672782700346914e-06
8.723672782742236082e-06
8.723672782805360365e-06
8.723672782841549001e-06
8.723672782906494405e-06
8.723672782942569538e-06
8.723672783016039482e-06
8.723672783069500814e-06
8.723672783122999414e-06
8.723672783189615168e-06
8.723672783224887314e-06
8.723672783287007016e-06
8.723672783332777288e-06
8.723672783427902476e-06
8.723672783466630517e-06
8.723672783523142861e-06
8.723672783568252448e-06
8.723672783617573482e-06
8.723672783684636469e-06
8.723672783736230940e-06
8.723672783778530071e-06
8.723672783867915764e-06
8.723672783926728649e-06
8.723672783977652270e-06
8.723672784029329750e-06
8.723672784082120232e-06
8.723672784151690436e-06
8.723672784204457200e-06
8.723672784254423674e-06
8.723672784360231641e-06
8.723672784404351894e-06
8.723672784431871994e-06
8.723672784524367992e-06
8.723672784588828893e-06
8.723672784656439063e-06
8.723672784729112796e-06
8.723672784793428008e-06
8.723672784846909668e-06
8.723672784914714655e-06
8.723672784981120344e-06
8.723672785035718394e-06
8.723672785147914684e-06
8.723672785201919811e-06
8.723672785277752976e-06
8.723672785344490702e-06
8.723672785411001423e-06
8.723672785502301411e-06
8.723672785577700896e-06
8.723672785642697122e-06
8.723672785750956403e-06
8.723672785799486308e-06
8.723672785865983477e-06
8.723672785999069294e-06
8.723672786052535707e-06
8.723672786073752189e-06
8.723672786242091517e-06
8.723672786299018907e-06
8.723672786342798652e-06
8.723672786482381211e-06
8.723672786580382923e-06
8.723672786634147493e-06
8.723672786747705812e-06
8.723672786823356018e-06
8.723672786919495952e-06
8.723672787014438181e-06
8.723672787104208427e-06
8.723672787183585578e-06
8.723672787281141751e-06
8.723672787383917340e-06
8.723672787541411259e-06
8.723672787566092105e-06
8.723672787702538948e-06
8.723672787802476977e-06
8.723672787880764844e-06
8.723672788004619696e-06
8.723672788117600339e-06
8.723672788204992116e-06
8.723672788315904304e-06
8.723672788436660709e-06
8.723672788519319267e-06
8.723672788665158011e-06
8.723672788742566658e-06
8.723672788886819757e-06
8.723672788987584491e-06
8.723672789149792994e-06
8.723672789220034048e-06
8.723672789357698925e-06
8.723672789485262087e-06
8.723672789600934600e-06
8.723672789720347611e-06
8.723672789823555188e-06
8.723672789939895163e-06
8.723672790089706492e-06
8.723672790196491936e-06
8.723672790332173062e-06
8.723672790419178592e-06
8.723672790538715269e-06
8.723672790708484389e-06
8.723672790771191932e-06
8.723672790917626988e-06
8.723672791025374661e-06
8.723672791117316699e-06
8.723672791278754403e-06
8.723672791349456243e-06
8.723672791466719484e-06
8.723672791559566154e-06
8.723672791752437250e-06
8.723672791850798104e-06
8.723672791973470498e-06
8.723672792092634481e-06
8.723672792208003756e-06
8.723672792349187208e-06
8.723672792456199656e-06
8.723672792578292679e-06
8.723672792649409566e-06
8.723672792825722862e-06
8.723672792956901160e-06
8.723672793009347746e-06
8.723672793204886996e-06
8.723672793300339139e-06
8.723672793426863839e-06
8.723672793587691678e-06
8.723672793693352262e-06
8.723672793795380769e-06
8.723672793904449813e-06
8.723672794085514964e-06
8.723672794199451060e-06
8.723672794310300568e-06
8.723672794451280732e-06
8.723672794610251875e-06
8.723672794706523946e-06
8.723672794824369946e-06
8.723672795001579403e-06
8.723672795082154259e-06
8.723672795252463785e-06
8.723672795372627267e-06
8.723672795467876122e-06
8.723672795670943801e-06
8.723672795794105780e-06
8.723672795907032212e-06
8.723672796079830322e-06
8.723672796258115510e-06
8.723672796333465867e-06
8.723672796526447078e-06
8.723672796687264753e-06
8.723672796833374548e-06
8.723672796968754130e-06
8.723672797077467421e-06
8.723672797285756211e-06
8.723672797408347289e-06
8.723672797580474549e-06
8.723672797728871333e-06
8.723672797887959367e-06
8.723672798052134681e-06
8.723672798218017613e-06
8.723672798401288438e-06
8.723672798555333238e-06
8.723672798751575525e-06
8.723672798900068871e-06
8.723672799099634916e-06
8.723672799242820753e-06
8.723672799436774358e-06
8.723672799615262834e-06
8.723672799813097543e-06
8.723672799949745981e-06
8.723672800170928306e-06
8.723672800374819301e-06
8.723672800528762457e-06
8.723672800741664188e-06
8.723672800925919265e-06
8.723672801138116265e-06
8.723672801277024586e-06
8.723672801462822957e-06
8.723672801631817889e-06
8.723672801922165536e-06
8.723672802032442450e-06
8.723672802327662231e-06
8.723672802429113061e-06
8.723672802616502160e-06
8.723672802883315845e-06
8.723672803047591108e-06
8.723672803232035921e-06
8.723672803531814433e-06
8.723672803680336578e-06
8.723672803931763062e-06
8.723672804060388403e-06
8.723672804327020823e-06
8.723672804540268143e-06
8.723672804769526081e-06
8.723672804964411421e-06
8.723672805238067438e-06
8.723672805386333779e-06
8.723672805658563392e-06
8.723672805849039079e-06
8.723672806145949538e-06
8.723672806362627342e-06
8.723672806554974972e-06
8.723672806789970711e-06
8.723672807081719351e-06
8.723672807310248840e-06
8.723672807482203305e-06
8.723672807744717450e-06
8.723672808001388761e-06
8.723672808212403303e-06
8.723672808445821867e-06
8.723672808633978377e-06
8.723672808976420246e-06
8.723672809134857758e-06
8.723672809342607835e-06
8.723672809612924848e-06
8.723672809877556575e-06
8.723672810103797381e-06
8.723672810301776086e-06
8.723672810577144803e-06
8.723672810795809747e-06
8.723672811086491125e-06
8.723672811275599701e-06
8.723672811553123270e-06
8.723672811831900448e-06
8.723672811994122504e-06
8.723672812302078272e-06
8.723672812569351049e-06
8.723672812776464157e-06
8.723672813092786917e-06
8.723672813271668417e-06
8.723672813505244528e-06
8.723672813855817913e-06
8.723672814108548827e-06
8.723672814361850642e-06
8.723672814716704931e-06
8.723672814827915275e-06
8.723672815129972306e-06
8.723672815447198003e-06
8.723672815624861470e-06
8.723672815962116108e-06
8.723672816204137138e-06
8.723672816464259262e-06
8.723672816757878151e-06
8.723672817084919266e-06
8.723672817339964274e-06
8.723672817686746339e-06
8.723672817883469741e-06
8.723672818228046132e-06
8.723672818513667336e-06
8.723672818788090765e-06
8.723672819056124176e-06
8.723672819402880830e-06
8.723672819692237449e-06
8.723672820139733426e-06
8.723672820244209858e-06
8.723672820719576606e-06
8.723672820967721684e-06
8.723672821371083856e-06
8.723672821595351075e-06
8.723672821997623963e-06
8.723672822331763214e-06
8.723672822711294960e-06
8.723672823039110264e-06
8.723672823384000057e-06
8.723672823748410571e-06
8.723672824087237303e-06
8.723672824416282498e-06
8.723672824780103477e-06
8.723672825159769055e-06
8.723672825529897042e-06
8.723672825968018058e-06
8.723672826345235711e-06
8.723672826647709482e-06
8.723672827056900935e-06
8.723672827516172363e-06
8.723672827842954286e-06
8.723672828336462786e-06
8.723672828604303074e-06
8.723672829156922616e-06
8.723672829419043737e-06
8.723672829895941921e-06
8.723672830306297197e-06
8.723672830707186033e-06
8.723672831132821783e-06
8.723672831508829872e-06
8.723672831817370094e-06
8.723672832294212374e-06
8.723672832540028111e-06
8.723672833046220083e-06
8.723672833391064136e-06
8.723672833876913764e-06
8.723672834249919969e-06
8.723672834595594115e-06
8.723672835055802362e-06
8.723672835518524602e-06
8.723672835869330074e-06
8.723672836271635148e-06
8.723672836697150620e-06
8.723672837113480866e-06
8.723672837606601425e-06
8.723672837884389268e-06
8.723672838424208448e-06
8.723672838790829718e-06
8.723672839307612990e-06
8.723672839616756298e-06
8.723672840050106825e-06
8.723672840491350004e-06
8.723672841063376764e-06
8.723672841406709711e-06
8.723672841888258106e-06
8.723672842255108075e-06
8.723672842597131509e-06
8.723672843020609019e-06
8.723672843633213740e-06
8.723672844044282217e-06
8.723672844475459257e-06
8.723672844955588024e-06
8.723672845419704481e-06
8.723672845744717799e-06
8.723672846220457242e-06
8.723672846725522660e-06
8.723672847167722986e-06
8.723672847708987204e-06
8.723672847940881108e-06
8.723672848641977055e-06
8.723672849028617102e-06
8.723672849602570015e-06
8.723672849987351672e-06
8.723672850562354906e-06
8.723672850940329806e-06
8.723672851506591660e-06
8.723672852143014947e-06
8.723672852540995072e-06
8.723672853122047815e-06
8.723672853585999948e-06
8.723672854135851385e-06
8.723672854646337814e-06
8.723672855132765119e-06
8.723672855599556505e-06
8.723672856296271598e-06
8.723672856720076063e-06
8.723672857344081847e-06
8.723672857792863619e-06
8.723672858351578410e-06
8.723672859020149985e-06
8.723672859419619193e-06
8.723672860175885784e-06
8.723672860694254701e-06
8.723672861368416694e-06
8.723672861921358108e-06
8.723672862457270772e-06
8.723672863104088847e-06
8.723672863802309964e-06
8.723672864530802344e-06
8.723672865075190420e-06
8.723672865584291102e-06
8.723672866334741965e-06
8.723672866858747039e-06
8.723672867569522878e-06
8.723672868118686525e-06
8.723672869045842013e-06
8.723672869508330473e-06
8.723672870084970174e-06
8.723672870790445281e-06
8.723672871546412022e-06
8.723672872328690995e-06
8.723672872867202355e-06
8.723672873534584697e-06
8.723672874238150592e-06
8.723672874765406578e-06
8.723672875603013743e-06
8.723672876216394346e-06
8.723672876928366196e-06
8.723672877633453361e-06
8.723672878229202126e-06
8.723672879039395917e-06
8.723672879535245616e-06
8.723672880362751066e-06
8.723672881044270387e-06
8.723672881690263452e-06
8.723672882304245448e-06
8.723672883193015097e-06
8.723672883788687629e-06
8.723672884418863201e-06
8.723672884923171371e-06
8.723672885677520280e-06
8.723672886422429853e-06
8.723672887202620042e-06
8.723672887842106200e-06
8.723672888497484390e-06
8.723672889330549764e-06
8.723672889815686191e-06
8.723672890529430034e-06
8.723672891451389821e-06
8.723672892039945582e-06
8.723672892802744491e-06
8.723672893448141245e-06
8.723672894317474876e-06
8.723672894901890340e-06
8.723672895646052830e-06
8.723672896625826005e-06
8.723672897145948280e-06
8.723672897861198147e-06
8.723672898807809982e-06
8.723672899501014970e-06
8.723672900276583747e-06
8.723672901207095179e-06
8.723672901820191179e-06
8.723672902730033313e-06
8.723672903457692213e-06
8.723672904198635978e-06
8.723672905265091116e-06
8.723672905950130706e-06
8.723672907059523639e-06
8.723672907660693415e-06
8.723672908565192465e-06
8.723672909393490738e-06
8.723672910328227170e-06
8.723672911069386081e-06
8.723672912062298431e-06
8.723672913070415022e-06
8.723672913850905061e-06
8.723672914624390137e-06
8.723672915699244454e-06
8.723672916816690976e-06
8.723672917594961788e-06
8.723672918663277011e-06
8.723672919338480854e-06
8.723672920616489247e-06
8.723672921395190353e-06
8.723672922718613264e-06
8.723672923542230833e-06
8.723672924722112153e-06
8.723672925571731939e-06
8.723672926737828645e-06
8.723672927901809462e-06
8.723672928784299209e-06
8.723672930064597979e-06
8.723672931012929290e-06
8.723672932011030564e-06
8.723672933026890730e-06
8.723672934067136975e-06
8.723672935316698613e-06
8.723672935920433205e-06
8.723672937340607608e-06
8.723672938141233314e-06
8.723672939525009017e-06
8.723672940429233629e-06
8.723672941269939240e-06
8.723672942378334367e-06
8.723672943433396912e-06
8.723672944601526498e-06
8.723672945530066037e-06
8.723672946561811459e-06
8.723672947657230042e-06
8.723672948819162734e-06
8.723672949917955896e-06
8.723672951091675898e-06
8.723672951901922205e-06
8.723672953413615130e-06
8.723672954248349158e-06
8.723672955477878468e-06
8.723672956416607814e-06
8.723672957702154800e-06
8.723672958915370255e-06
8.723672959895487325e-06
8.723672961088741601e-06
8.723672962356270502e-06
8.723672963429850882e-06
8.723672964698790940e-06
8.723672965611773872e-06
8.723672966650471741e-06
8.723672968127695507e-06
8.723672969221118480e-06
8.723672970571732843e-06
8.723672971533315138e-06
8.723672972416579073e-06
8.723672973683177932e-06
8.723672975007049771e-06
8.723672975961405181e-06
8.723672977344321992e-06
8.723672978324713501e-06
8.723672979531562656e-06
8.723672980632281971e-06
8.723672981739542074e-06
8.723672983172313551e-06
8.723672984409001983e-06
8.723672985595767987e-06
8.723672986962662323e-06
8.723672987802197335e-06
8.723672989012609111e-06
8.723672990427259165e-06
8.723672991648236829e-06
8.723672992953282514e-06
8.723672994279356639e-06
8.723672995496221111e-06
8.723672996878362041e-06
8.723672998291756792e-06
8.723672999403197850e-06
8.723673000931841598e-06
8.723673002136522349e-06
8.723673003845880576e-06
8.723673004951436449e-06
8.723673006385893522e-06
8.723673007896847834e-06
8.723673009099685441e-06
8.723673010876452244e-06
8.723673011953854436e-06
8.723673013246335234e-06
8.723673015010677758e-06
8.723673016724442251e-06
8.723673018172650056e-06
8.723673019856331327e-06
8.723673020931392320e-06
8.723673023171845287e-06
8.723673023963004553e-06
8.723673025780644084e-06
8.723673027150687689e-06
8.723673028584285870e-06
8.723673030263733670e-06
8.723673031912102137e-06
8.723673033647980966e-06
8.723673035149106308e-06
8.723673036777273039e-06
8.723673038445861876e-06
8.723673040004690490e-06
8.723673041044025328e-06
8.723673042954370921e-06
8.723673044327873808e-06
8.723673046441957930e-06
8.723673048212719270e-06
8.723673049526386056e-06
8.723673051380610634e-06
8.723673052613394244e-06
8.723673055019863975e-06
8.723673056170971586e-06
8.723673057473228839e-06
8.723673059681516577e-06
8.723673061018639399e-06
8.723673062842508011e-06
8.723673064566667292e-06
8.723673066346444450e-06
8.723673068116861895e-06
8.723673069112105279e-06
8.723673070743265425e-06
8.723673072677033173e-06
8.723673074827634579e-06
8.723673075875676915e-06
8.723673077781221526e-06
8.723673079342718294e-06
8.723673080772770795e-06
8.723673083165782866e-06
8.723673084158307275e-06
8.723673085467310297e-06
8.723673087838157211e-06
8.723673089387607476e-06
8.723673091051291993e-06
8.723673092932087995e-06
8.723673094127166780e-06
8.723673096022694379e-06
8.723673097670925627e-06
8.723673098983955444e-06
8.723673101456232859e-06
8.723673102747854765e-06
8.723673104514657073e-06
8.723673106546722995e-06
8.723673108180188764e-06
8.723673110076233053e-06
8.723673111785108471e-06
8.723673114333693390e-06
8.723673115355198184e-06
8.723673118115385486e-06
8.723673119547985862e-06
8.723673120820642701e-06
8.723673123172111195e-06
8.723673125689547324e-06
8.723673127965467255e-06
8.723673129454203893e-06
8.723673130876993933e-06
8.723673133643032539e-06
8.723673135115936437e-06
8.723673137618364836e-06
8.723673139456104459e-06
8.723673141890211181e-06
8.723673144108893708e-06
8.723673146001290673e-06
8.723673148380878966e-06
8.723673150012279669e-06
8.723673152649111869e-06
8.723673154408033382e-06
8.723673157194861564e-06
8.723673158863984032e-06
8.723673161857357810e-06
8.723673164027166536e-06
8.723673165286089583e-06
8.723673168722463286e-06
8.723673170913956055e-06
8.723673172937932812e-06
8.723673175552255958e-06
8.723673177612028328e-06
8.723673180463563051e-06
8.723673182294900799e-06
8.723673184618559507e-06
8.723673187333005335e-06
8.723673190042563783e-06
8.723673192115588830e-06
8.723673194924444951e-06
8.723673196872356456e-06
8.723673199677219663e-06
8.723673201802457515e-06
8.723673204239593227e-06
8.723673206676110605e-06
8.723673209331838415e-06
8.723673211737517018e-06
8.723673214226934991e-06
8.723673215574349264e-06
8.723673218338873374e-06
8.723673220816073744e-06
8.723673222311659491e-06
8.723673225354388184e-06
8.723673227422490276e-06
8.723673229745047841e-06
8.723673232045577467e-06
8.723673234062086782e-06
8.723673236672176457e-06
8.723673238271257771e-06
8.723673240736996092e-06
8.723673243396234007e-06
8.723673244781542839e-06
8.723673248158785173e-06
8.723673250166964765e-06
8.723673251798228249e-06
8.723673255226065555e-06
8.723673256503987550e-06
8.723673259030544530e-06
8.723673262067938611e-06
8.723673263956169868e-06
8.723673266056039083e-06
8.723673268293722253e-06
8.723673271453749763e-06
8.723673273779334624e-06
8.723673275734579739e-06
8.723673278843048354e-06
8.723673280716031324e-06
8.723673283543852513e-06
8.723673286214069669e-06
8.723673288606807302e-06
8.723673291152397112e-06
8.723673293461564780e-06
8.723673296179075174e-06
8.723673298242117091e-06
8.723673301921243661e-06
8.723673303869570211e-06
8.723673306213259554e-06
8.723673309393387157e-06
8.723673311683384775e-06
8.723673314075778513e-06
8.723673316920774141e-06
8.723673319610989745e-06
8.723673321954748545e-06
8.723673325195899789e-06
8.723673327361441163e-06
8.723673330270179408e-06
8.723673332443635458e-06
8.723673335170885036e-06
8.723673337792746776e-06
8.723673339775799983e-06
8.723673343471482659e-06
8.723673346018034699e-06
8.723673348353052118e-06
8.723673351187136269e-06
8.723673354066446896e-06
8.723673356603639222e-06
8.723673360154728291e-06
8.723673362583156504e-06
8.723673364981642103e-06
8.723673367746959036e-06
8.723673371080799401e-06
8.723673373965617437e-06
8.723673376794607531e-06
8.723673380025606238e-06
8.723673383283106912e-06
8.723673385327769907e-06
8.723673389758870305e-06
8.723673392276511416e-06
8.723673395226793240e-06
8.723673399149189367e-06
8.723673402219041749e-06
8.723673405245456589e-06
8.723673409220649973e-06
8.723673411937437000e-06
8.723673415822041905e-06
8.723673419394333903e-06
8.723673422585062970e-06
8.723673426007426748e-06
8.723673429085469940e-06
8.723673432203232200e-06
8.723673435810906459e-06
8.723673439215167449e-06
8.723673442670367307e-06
8.723673446200255142e-06
8.723673449853980888e-06
8.723673452098752029e-06
8.723673456433068748e-06
8.723673459926679856e-06
8.723673462140957811e-06
8.723673466028385030e-06
8.723673468637924134e-06
8.723673472373427522e-06
8.723673475033631055e-06
8.723673478757087941e-06
8.723673481863698166e-06
8.723673484708727676e-06
8.723673487826146041e-06
8.723673491720593468e-06
8.723673494598045705e-06
8.723673497259968714e-06
8.723673501352323696e-06
8.723673503701933799e-06
8.723673507165739512e-06
8.723673510220653621e-06
8.723673513494468150e-06
8.723673516342663869e-06
8.723673520509086799e-06
8.723673523904674172e-06
8.723673526147038046e-06
8.723673530014502392e-06
8.723673533026529529e-06
8.723673536710406260e-06
8.723673539058434106e-06
8.723673542737354000e-06
8.723673546317906263e-06
8.723673549601632771e-06
8.723673551381755519e-06
8.723673556258920408e-06
8.723673559060514068e-06
8.723673562560252612e-06
8.723673565530427852e-06
8.723673568662850558e-06
8.723673572083838755e-06
8.723673574593702410e-06
8.723673577210261723e-06
8.723673583139048509e-06
8.723673583707021369e-06
8.723673587672372230e-06
8.723673589990869120e-06
8.723673594268876782e-06
8.723673597071021014e-06
8.723673600705471678e-06
8.723673603593181484e-06
8.723673607650291425e-06
8.723673610841984415e-06
8.723673613335532521e-06
8.723673616344806801e-06
8.723673620776183332e-06
8.723673623824970005e-06
8.723673627466718705e-06
8.723673631122302841e-06
8.723673633566839927e-06
8.723673638187792596e-06
8.723673641167124261e-06
8.723673644829110273e-06
8.723673649437809762e-06
8.723673652104621846e-06
8.723673655956460128e-06
8.723673659445597208e-06
8.723673663353331194e-06
8.723673666585087148e-06
8.723673671971918537e-06
8.723673675317944318e-06
8.723673679187404274e-06
8.723673682502454060e-06
8.723673686705773746e-06
8.723673690997066273e-06
8.723673694747645154e-06
8.723673700468751320e-06
8.723673702239236527e-06
8.723673707235489165e-06
8.723673710881022408e-06
8.723673715686597766e-06
8.723673719895216490e-06
8.723673722793321084e-06
8.723673728302545346e-06
8.723673732506485060e-06
8.723673735548182067e-06
8.723673739003312468e-06
8.723673744402949301e-06
8.723673747446641919e-06
8.723673752158598113e-06
8.723673754601207352e-06
8.723673760381029841e-06
8.723673763174432692e-06
8.723673767416438067e-06
8.723673772406495506e-06
8.723673775693251004e-06
8.723673779928649521e-06
8.723673783761214416e-06
8.723673787857353940e-06
8.723673792667816678e-06
8.723673795614793379e-06
8.723673800308231739e-06
8.723673805773262904e-06
8.723673808440212207e-06
8.723673812528160923e-06
8.723673815952110347e-06
8.723673821192457552e-06
8.723673825015798258e-06
8.723673829885941243e-06
8.723673834880333797e-06
8.723673837815884024e-06
8.723673842829140002e-06
8.723673845798901889e-06
8.723673851413861274e-06
8.723673855635283747e-06
8.723673860229529467e-06
8.723673863305851487e-06
8.723673868383949532e-06
8.723673872831641611e-06
8.723673877032896230e-06
8.723673880411273587e-06
8.723673885506651104e-06
8.723673889719608330e-06
8.723673893619839298e-06
8.723673897637023494e-06
8.723673902666249431e-06
8.723673906639653881e-06
8.723673910060298183e-06
8.723673913425597352e-06
8.723673918781935555e-06
8.723673921708398812e-06
8.723673925123467943e-06
8.723673929565513700e-06
8.723673932021614480e-06
8.723673937835304734e-06
8.723673941428042414e-06
8.723673945476478737e-06
8.723673949092619937e-06
8.723673953049915515e-06
8.723673957161132226e-06
8.723673961389095488e-06
8.723673963750477655e-06
8.723673966761540870e-06
8.723673972546320196e-06
8.723673976353965380e-06
8.723673978638663961e-06
8.723673982801644549e-06
8.723673986271852137e-06
8.723673991088645599e-06
8.723673993873649272e-06
8.723673998530192571e-06
8.723674001544010336e-06
8.723674007094605381e-06
8.723674010184007284e-06
8.723674013055055952e-06
8.723674017927609593e-06
8.723674021464724313e-06
8.723674026929687715e-06
8.723674029180105178e-06
8.723674034241269340e-06
8.723674037255363238e-06
8.723674042390322603e-06
8.723674046691666024e-06
8.723674051715382859e-06
8.723674055353001426e-06
8.723674059360686994e-06
8.723674062310899361e-06
8.723674069986903359e-06
8.723674072281927271e-06
8.723674078495835511e-06
8.723674080898519004e-06
8.723674085676902910e-06
8.723674089566876310e-06
8.723674095404798483e-06
8.723674096859321766e-06
8.723674102843865342e-06
8.723674108006221142e-06
8.723674111803266556e-06
8.723674115094358863e-06
8.723674120229179315e-06
8.723674125992481274e-06
8.723674130453941026e-06
8.723674132563791678e-06
8.723674138120720835e-06
8.723674142517059000e-06
8.723674147793271274e-06
8.723674152796476359e-06
8.723674156169485222e-06
8.723674160626262577e-06
8.723674164130061797e-06
8.723674170085831664e-06
8.723674174458352957e-06
8.723674177381167196e-06
8.723674180889372682e-06
8.723674187238614764e-06
8.723674192594126263e-06
8.723674195758834477e-06
8.723674198228979063e-06
8.723674204258816879e-06
8.723674209012970561e-06
8.723674213501550614e-06
8.723674216444603859e-06
8.723674221993409970e-06
8.723674226803457662e-06
8.723674228009068455e-06
8.723674234491716532e-06
8.723674238725737774e-06
8.723674243543220720e-06
8.723674246349838980e-06
8.723674249710181312e-06
8.723674256343306487e-06
8.723674261417826663e-06
8.723674261882476751e-06
8.723674267957058236e-06
8.723674271355124027e-06
8.723674277033619353e-06
8.723674281601224192e-06
8.723674284474476840e-06
8.723674288078088728e-06
8.723674290978188932e-06
8.723674297568084933e-06
8.723674301656308088e-06
8.723674304541263343e-06
8.723674309733082336e-06
8.723674312818902984e-06
8.723674316306869464e-06
8.723674319618888567e-06
8.723674323846164038e-06
8.723674329710932074e-06
8.723674335206044766e-06
8.723674337273631862e-06
8.723674341578966502e-06
8.723674346447113877e-06
8.723674353304235220e-06
8.723674355580395709e-06
8.723674361276101050e-06
8.723674363073569339e-06
8.723674368295125965e-06
8.723674375149079405e-06
8.723674378869715671e-06
8.723674384670464956e-06
8.723674388079406651e-06
8.723674394040407793e-06
8.723674397804684891e-06
8.723674404856615342e-06
8.723674408458299384e-06
8.723674411964439803e-06
8.723674418472969819e-06
8.723674424034029109e-06
8.723674429493071751e-06
8.723674433098199828e-06
8.723674440028425197e-06
8.723674444190167423e-06
8.723674451198867006e-06
8.723674453914620654e-06
8.723674460043583348e-06
8.723674463084111450e-06
8.723674467154162360e-06
8.723674476059731242e-06
8.723674478388209567e-06
8.723674482609427059e-06
8.723674487838417246e-06
8.723674491274067584e-06
8.723674498667565764e-06
8.723674502455798648e-06
8.723674505042001994e-06
8.723674510921225494e-06
8.723674517520894561e-06
8.723674520644714801e-06
8.723674524879699966e-06
8.723674530610785874e-06
8.723674535122632228e-06
8.723674538382611321e-06
8.723674542189843153e-06
8.723674544509922300e-06
8.723674551815447639e-06
8.723674557914261042e-06
8.723674560631253052e-06
8.723674563211948990e-06
8.723674566749892108e-06
8.723674568923487071e-06
8.723674575515172005e-06
8.723674579471505354e-06
8.723674582376835139e-06
8.723674587660069316e-06
8.723674588983251670e-06
8.723674590588941535e-06
8.723674597783639389e-06
8.723674600347814797e-06
8.723674606002215423e-06
8.723674609368204077e-06
8.723674611730411254e-06
8.723674615681374414e-06
8.723674619743166753e-06
8.723674622702603309e-06
8.723674625025160874e-06
8.723674628436580987e-06
8.723674632142346743e-06
8.723674638205364533e-06
8.723674638476582789e-06
8.723674644334466141e-06
8.723674645874485541e-06
8.723674648405480974e-06
8.723674653093000268e-06
8.723674656148946063e-06
8.723674661415520797e-06
8.723674665168784772e-06
8.723674667845578292e-06
8.723674673137484393e-06
8.723674675526813565e-06
8.723674677770071906e-06
8.723674681690884081e-06
8.723674686362433415e-06
8.723674691551911209e-06
8.723674694508318776e-06
8.723674698489295701e-06
8.723674703593414597e-06
8.723674707518909170e-06
8.723674711493414763e-06
8.723674713248067230e-06
8.723674720643630477e-06
8.723674725384290924e-06
8.723674728142035383e-06
8.723674731132173495e-06
8.723674737284129745e-06
8.723674739912047770e-06
8.723674743259311913e-06
8.723674752718054296e-06
8.723674754494734702e-06
8.723674756508077808e-06
8.723674761320466699e-06
8.723674767437315127e-06
8.723674769627981192e-06
8.723674773549894510e-06
8.723674777053969863e-06
8.723674783265125246e-06
8.723674788400496269e-06
8.723674790452111712e-06
8.723674793355791477e-06
8.723674798148905286e-06
8.723674801746184756e-06
8.723674806201310396e-06
8.723674809875549586e-06
8.723674817016691241e-06
8.723674820710205512e-06
8.723674821885389188e-06
8.723674823872848660e-06
8.723674829906266038e-06
8.723674832768092211e-06
8.723674835586413078e-06
8.723674840005055315e-06
8.723674844702623807e-06
8.723674848426150150e-06
8.723674848628530038e-06
8.723674850304296633e-06
8.723674855490882657e-06
8.723674857132505354e-06
8.723674864358866993e-06
8.723674865871215521e-06
8.723674868490321015e-06
8.723674873296377488e-06
8.723674874264637791e-06
8.723674878125700261e-06
8.723674882421536273e-06
8.723674888274601702e-06
8.723674890136227654e-06
8.723674891051207890e-06
8.723674893608637527e-06
8.723674895251498586e-06
8.723674903453005212e-06
8.723674906090560777e-06
8.723674907836952979e-06
8.723674912508088962e-06
8.723674916521280244e-06
8.723674917936016695e-06
8.723674919207709611e-06
8.723674921289613257e-06
8.723674924064291598e-06
8.723674928267887417e-06
8.723674932042352627e-06
8.723674932768995087e-06
8.723674937978986326e-06
8.723674941363835015e-06
8.723674943852978550e-06
8.723674947687606816e-06
8.723674949647256503e-06
8.723674952116713298e-06
8.723674952837572218e-06
8.723674957632063302e-06
8.723674962700664413e-06
8.723674966438783440e-06
8.723674971439786239e-06
8.723674974859879969e-06
8.723674976940680778e-06
8.723674979478974247e-06
8.723674985520377451e-06
8.723674990653683409e-06
8.723674991866864982e-06
8.723674992477862034e-06
8.723674999478301352e-06
8.723675004255582421e-06
8.723675006590393165e-06
8.723675010424472554e-06
8.723675016069925125e-06
8.723675020564700377e-06
8.723675021304146587e-06
8.723675026675216387e-06
8.723675029378579637e-06
8.723675034769061738e-06
8.723675041160982422e-06
8.723675044172596207e-06
8.723675045923257455e-06
8.723675049937826013e-06
8.723675054879904118e-06
8.723675058591314502e-06
8.723675060357257918e-06
8.723675064691091828e-06
8.723675068993261953e-06
8.723675079124955072e-06
8.723675079927593328e-06
8.723675083100975160e-06
8.723675084041837335e-06
8.723675088168197301e-06
8.723675095744939202e-06
8.723675096873039704e-06
8.723675102201566427e-06
8.723675109364185449e-06
8.723675111629746167e-06
8.723675113409868915e-06
8.723675116503951522e-06
8.723675121931328684e-06
8.723675126003446354e-06
8.723675131317654833e-06
8.723675134864134349e-06
8.723675136856274526e-06
8.723675141601615676e-06
8.723675144496896263e-06
8.723675147436508860e-06
8.723675152239397429e-06
8.723675156937929845e-06
8.723675159094728144e-06
8.723675163404470744e-06
8.723675165452781063e-06
8.723675168592295130e-06
8.723675171135406522e-06
8.723675171832311349e-06
8.723675177047671083e-06
8.723675181896543376e-06
8.723675186773501589e-06
8.723675190449118054e-06
8.723675191369055127e-06
8.723675193510434039e-06
8.723675195000890153e-06
8.723675195871540073e-06
8.723675196941815330e-06
8.723675199357165355e-06
8.723675200038926927e-06
8.723675204027887985e-06
8.723675207357391541e-06
8.723675208902918350e-06
8.723675217056238966e-06
8.723675218776335877e-06
8.723675219089406031e-06
8.723675221447483075e-06
8.723675223493867242e-06
8.723675223559398793e-06
8.723675225110156877e-06
8.723675227352037942e-06
8.723675230332951866e-06
8.723675231949243195e-06
8.723675234856089169e-06
8.723675236291750722e-06
8.723675238034702277e-06
8.723675239245956003e-06
8.723675242028894610e-06
8.723675246980196904e-06
8.723675248432655120e-06
8.723675248806303376e-06
8.723675251875052922e-06
8.723675253581382160e-06
8.723675256190851807e-06
8.723675258460817096e-06
8.723675260519041090e-06
8.723675263083079278e-06
8.723675265235747444e-06
8.723675266875167855e-06
8.723675268300641296e-06
8.723675269212043665e-06
8.723675271990576007e-06
8.723675272879123733e-06
8.723675275394149206e-06
8.723675279415326315e-06
8.723675280397765949e-06
8.723675283179052842e-06
8.723675283160053893e-06
8.723675284825356242e-06
8.723675289184109862e-06
8.723675289280481883e-06
8.723675290680349518e-06
8.723675293752678625e-06
8.723675297793681387e-06
8.723675301183761351e-06
8.723675301652678791e-06
8.723675301986125169e-06
8.723675304244526765e-06
8.723675306243826064e-06
8.723675307968053108e-06
8.723675309044111905e-06
8.723675309533680008e-06
8.723675313444442984e-06
8.723675313905925169e-06
8.723675313799090597e-06
8.723675317254429368e-06
8.723675318271287339e-06
8.723675318558199421e-06
8.723675319740818352e-06
8.723675321479363641e-06
8.723675325935590424e-06
8.723675331118459667e-06
8.723675331685399147e-06
8.723675333554460355e-06
8.723675335145694755e-06
8.723675335410302766e-06
8.723675335463996184e-06
8.723675337531857718e-06
8.723675339777867222e-06
8.723675340454948091e-06
8.723675340852550438e-06
8.723675342349889543e-06
8.723675345603122865e-06
8.723675347300090694e-06
8.723675348722536839e-06
8.723675348988247687e-06
8.723675349628430106e-06
8.723675352733251397e-06
8.723675355782175290e-06
8.723675356246412025e-06
8.723675356917985486e-06
8.723675360214446287e-06
8.723675361406426626e-06
8.723675364421208314e-06
8.723675363841602303e-06
8.723675366403162073e-06
8.723675366631149461e-06
8.723675367935195647e-06
8.723675368227889576e-06
8.723675367985033371e-06
8.723675367895546035e-06
8.723675370436453447e-06
8.723675370520709508e-06
8.723675372124886572e-06
8.723675373963657881e-06
8.723675376326141192e-06
8.723675376948151366e-06
8.723675377137314152e-06
8.723675380902970220e-06
8.723675382777811580e-06
8.723675384718736756e-06
8.723675386232047514e-06
8.723675386266741984e-06
8.723675387051207995e-06
8.723675389245453621e-06
8.723675389875724061e-06
8.723675390480937572e-06
8.723675390515906480e-06
8.723675391276692839e-06
8.723675391581777166e-06
8.723675394265867028e-06
8.723675396065264857e-06
8.723675397474217768e-06
8.723675398507872402e-06
8.723675399471590914e-06
8.723675401018217171e-06
8.723675401108807345e-06
8.723675405165503933e-06
8.723675407969094897e-06
8.723675408235906888e-06
8.723675409359599430e-06
8.723675409929019023e-06
8.723675410866577770e-06
8.723675411355595301e-06
8.723675414080159785e-06
8.723675416474032442e-06
8.723675417737327873e-06
8.723675417666563352e-06
8.723675419744887437e-06
8.723675420928883644e-06
8.723675423237673535e-06
8.723675423298524382e-06
8.723675423161677739e-06
8.723675423430141444e-06
8.723675423992676353e-06
8.723675426719719255e-06
8.723675427475824910e-06
8.723675428881474392e-06
8.723675429429691056e-06
8.723675432284497020e-06
8.723675432101664958e-06
8.723675434308300982e-06
8.723675437860836784e-06
8.723675437891675560e-06
8.723675438762601612e-06
8.723675439751373665e-06
8.723675439990926441e-06
8.723675440179540349e-06
8.723675441454125035e-06
8.723675442556065772e-06
8.723675442637568976e-06
8.723675442893091711e-06
8.723675442918423078e-06
8.723675442938799303e-06
8.723675444082043060e-06
8.723675444301494050e-06
8.723675444832639612e-06
8.723675444853015837e-06
8.723675444919650225e-06
8.723675444934793480e-06
8.723675447279929555e-06
8.723675448112857710e-06
8.723675449483538283e-06
8.723675451581686327e-06
8.723675451044208347e-06
8.723675452912993422e-06
8.723675454573064496e-06
8.723675454588483884e-06
8.723675454978100405e-06
8.723675454988288517e-06
8.723675454998476629e-06
8.723675455008664741e-06
8.723675456936923387e-06
8.723675457198504102e-06
8.723675457254950378e-06
8.723675457973332573e-06
8.723675457983795124e-06
8.723675457993983236e-06
8.723675458009128185e-06
8.723675458019314603e-06
8.723675457726896807e-06
8.723675457737359358e-06
8.723675457988751961e-06
8.723675458240144563e-06
8.723675458301822114e-06
8.723675459020204309e-06
8.723675459821190852e-06
8.723675459826422127e-06
8.723675459836884678e-06
8.723675459847072790e-06
8.723675460067626617e-06
8.723675460078089168e-06
8.723675460083322138e-06
8.723675460093508556e-06
8.723675461763217171e-06
8.723675461814432171e-06
8.723675461814432171e-06
8.723675461824894722e-06
8.723675461835082834e-06
8.723675461835082834e-06
8.723675461845270947e-06
8.723675462595593060e-06
8.723675462600824336e-06
8.723675461896760385e-06
8.723675461896760385e-06
8.723675461901717222e-06
8.723675461906948498e-06
8.723675461906948498e-06
8.723675461906948498e-06
8.723675461912181467e-06
8.723675461912181467e-06
8.723675461917136610e-06
8.723675461917136610e-06
8.723675461917136610e-06
8.723675461912181467e-06
8.723675461912181467e-06
8.723675461912181467e-06
8.723675461912181467e-06
8.723675461906948498e-06
8.723675461906948498e-06
8.723675461906948498e-06
8.723675461906948498e-06
8.723675461901717222e-06
8.723675461896760385e-06
8.723675461896760385e-06
8.723675461896760385e-06
8.723675461896760385e-06
8.723675461891529110e-06
8.723675462600824336e-06
8.723675462600824336e-06
8.723675462595593060e-06
8.723675462595593060e-06
8.723675461845270947e-06
8.723675461845270947e-06
8.723675461845270947e-06
8.723675461835082834e-06
8.723675461835082834e-06
8.723675461835082834e-06
8.723675461835082834e-06
8.723675461835082834e-06
8.723675461835082834e-06
8.723675461835082834e-06
8.723675461829851559e-06
8.723675461824894722e-06
8.723675461824894722e-06
8.723675461824894722e-06
8.723675461824894722e-06
8.723675461824894722e-06
8.723675461824894722e-06
8.723675461824894722e-06
8.723675461824894722e-06
8.723675461824894722e-06
8.723675461824894722e-06
8.723675461824894722e-06
8.723675461814432171e-06
8.723675461814432171e-06
8.723675461814432171e-06
8.723675461814432171e-06
8.723675461814432171e-06
8.723675461814432171e-06
8.723675461814432171e-06
8.723675461763217171e-06
8.723675461763217171e-06
8.723675461763217171e-06
8.723675461757985896e-06
8.723675460093508556e-06
8.723675460093508556e-06
8.723675460093508556e-06
8.723675460088277280e-06
8.723675460083322138e-06
8.723675460083322138e-06
8.723675460078089168e-06
8.723675460078089168e-06
8.723675460072857893e-06
8.723675460072857893e-06
8.723675460067626617e-06
8.723675459847072790e-06
8.723675459847072790e-06
8.723675459836884678e-06
8.723675459836884678e-06
8.723675459831653402e-06
8.723675459826422127e-06
8.723675459826422127e-06
8.723675459821190852e-06
8.723675459816234015e-06
8.723675459020204309e-06
8.723675458307053390e-06
8.723675458296590839e-06
8.723675458240144563e-06
8.723675458235187726e-06
8.723675457988751961e-06
8.723675457742590634e-06
8.723675457737359358e-06
8.723675457849975777e-06
8.723675458024547573e-06
8.723675458014359461e-06
8.723675458009128185e-06
8.723675457993983236e-06
8.723675457988751961e-06
8.723675457978563848e-06
8.723675457439708592e-06
8.723675457254950378e-06
8.723675457249993541e-06
8.723675457137100990e-06
8.723675456875521969e-06
8.723675455008664741e-06
8.723675454998476629e-06
8.723675454993243660e-06
8.723675454988288517e-06
8.723675454004195474e-06
8.723675453994007362e-06
8.723675454578019639e-06
8.723675454567831526e-06
8.723675452907760452e-06
8.723675452902805309e-06
8.723675451034020235e-06
8.723675450890839479e-06
8.723675449478581446e-06
8.723675447949575168e-06
8.723675447279929555e-06
8.723675444934793480e-06
8.723675444919650225e-06
8.723675444858247112e-06
8.723675444847784561e-06
8.723675444368128438e-06
8.723675444296538907e-06
8.723675444082043060e-06
8.723675444061666835e-06
8.723675442923379915e-06
8.723675442908234966e-06
8.723675442648031527e-06
8.723675442632612139e-06
8.723675442556065772e-06
8.723675441469544423e-06
8.723675440194959737e-06
8.723675440179540349e-06
8.723675439995883278e-06
8.723675439756330502e-06
8.723675439741187247e-06
8.723675438757644775e-06
8.723675438543699500e-06
8.723675437876532305e-06
8.723675437723439570e-06
8.723675434303069707e-06
8.723675433169189052e-06
8.723675432294959571e-06
8.723675432269352071e-06
8.723675429424735913e-06
8.723675428881474392e-06
8.723675428693687187e-06
8.723675427531720614e-06
8.723675426714764112e-06
8.723675426243093816e-06
8.723675423247861648e-06
8.723675423247861648e-06
8.723675423161677739e-06
8.723675423308712494e-06
8.723675423490993985e-06
8.723675421976580390e-06
8.723675420933838786e-06
8.723675419810696815e-06
8.723675419729744182e-06
8.723675417671796322e-06
8.723675417646188822e-06
8.723675417727415893e-06
8.723675416474032442e-06
8.723675414888031011e-06
8.723675411380926668e-06
8.723675411118797076e-06
8.723675411088232739e-06
8.723675409949119115e-06
8.723675409550966196e-06
8.723675409359599430e-06
8.723675408251326275e-06
8.723675408160461663e-06
8.723675407959181224e-06
8.723675404088894564e-06
8.723675401892172214e-06
8.723675401038318957e-06
8.723675399687462343e-06
8.723675399461402802e-06
8.723675398613331392e-06
8.723675397474217768e-06
8.723675395674271061e-06
8.723675394902195447e-06
8.723675391832068625e-06
8.723675391511564911e-06
8.723675391271461563e-06
8.723675390510951338e-06
8.723675390480937572e-06
8.723675389880680898e-06
8.723675389255641734e-06
8.723675387061119975e-06
8.723675387031107903e-06
8.723675386251873167e-06
8.723675386216904259e-06
8.723675383057290101e-06
8.723675382877487029e-06
8.723675380893056546e-06
8.723675377132359009e-06
8.723675376943194529e-06
8.723675376320908222e-06
8.723675373963657881e-06
8.723675371931041388e-06
8.723675370515754365e-06
8.723675370431498304e-06
8.723675368094071923e-06
8.723675368133721535e-06
8.723675368054420616e-06
8.723675367692339442e-06
8.723675366611323808e-06
8.723675364980990366e-06
8.723675364445990804e-06
8.723675361421295442e-06
8.723675360243909481e-06
8.723675360150015879e-06
8.723675356675954291e-06
8.723675356043756004e-06
8.723675353029250448e-06
8.723675352723337723e-06
8.723675349628430106e-06
8.723675348993478962e-06
8.723675348899861493e-06
8.723675348082628858e-06
8.723675347098535816e-06
8.723675345657090722e-06
8.723675340896604622e-06
8.723675340857505581e-06
8.723675340464585632e-06
8.723675339821923100e-06
8.723675339713987385e-06
8.723675337531857718e-06
8.723675335679593174e-06
8.723675335439489827e-06
8.723675335405347623e-06
8.723675335199386480e-06
8.723675333618065753e-06
8.723675333534910834e-06
8.723675331685399147e-06
8.723675331186745769e-06
8.723675329876641604e-06
8.723675325925676750e-06
8.723675322707137898e-06
8.723675319760367872e-06
8.723675319721543270e-06
8.723675318378398044e-06
8.723675318280924880e-06
8.723675317911132318e-06
8.723675316092737234e-06
8.723675313847827179e-06
8.723675314362726649e-06
8.723675313682618485e-06
8.723675312090282941e-06
8.723675310498774102e-06
8.723675309635559437e-06
8.723675309034474365e-06
8.723675307982645791e-06
8.723675307948778026e-06
8.723675306243826064e-06
8.723675304438095816e-06
8.723675303925398632e-06
8.723675301971532486e-06
8.723675301666997036e-06
8.723675301580262556e-06
8.723675301183761351e-06
8.723675299193549022e-06
8.723675295781991689e-06
8.723675294884909259e-06
8.723675293829501125e-06
8.723675290670711977e-06
8.723675289626594791e-06
8.723675289371622628e-06
8.723675289184109862e-06
8.723675285901140601e-06
8.723675284806082855e-06
8.723675283160053893e-06
8.723675283289466975e-06
8.723675281097425328e-06
8.723675280397765949e-06
8.723675279673878040e-06
8.723675278462072048e-06
8.723675275394149206e-06
8.723675273514901581e-06
8.723675272869760631e-06
8.723675272000213548e-06
8.723675269445812900e-06
8.723675268725502858e-06
8.723675268353233572e-06
8.723675268272280939e-06
8.723675266817894876e-06
8.723675266779620845e-06
8.723675265211791659e-06
8.723675263078398573e-06
8.723675260538040039e-06
8.723675260252779671e-06
8.723675258460817096e-06
8.723675256323844450e-06
8.723675254990335070e-06
8.723675254909384131e-06
8.723675252495961954e-06
8.723675251875052922e-06
8.723675251585936860e-06
8.723675248522418590e-06
8.723675248484696825e-06
8.723675248238535498e-06
8.723675246970835496e-06
8.723675242887979142e-06
8.723675242954339091e-06
8.723675239245956003e-06
8.723675238053425093e-06
8.723675238689479074e-06
8.723675236880169264e-06
8.723675234893534802e-06
8.723675234686474210e-06
8.723675231953923899e-06
8.723675230718163815e-06
8.723675229252762935e-06
8.723675227370486320e-06
8.723675225114839275e-06
8.723675225096114765e-06
8.723675223568485762e-06
8.723675223526357732e-06
8.723675222641115128e-06
8.723675221461250749e-06
8.723675220094974746e-06
8.723675219075638357e-06
8.723675218785697285e-06
8.723675218748249958e-06
8.723675217046875864e-06
8.723675208921642860e-06
8.723675207343625562e-06
8.723675207357391541e-06
8.723675206403588397e-06
8.723675204009165169e-06
8.723675201129578409e-06
8.723675199718972090e-06
8.723675199347803946e-06
8.723675199329355569e-06
8.723675196914005544e-06
8.723675195871540073e-06
8.723675195038061347e-06
8.723675194463962744e-06
8.723675195065872827e-06
8.723675191799147964e-06
8.723675191378416535e-06
8.723675191433761668e-06
8.723675190449118054e-06
8.723675187433509661e-06
8.723675185389603913e-06
8.723675183812963890e-06
8.723675180718056272e-06
8.723675179204194943e-06
8.723675177029222705e-06
8.723675173952212894e-06
8.723675171772836084e-06
8.723675171153854899e-06
8.723675170333318837e-06
8.723675169306823325e-06
8.723675168065830272e-06
8.723675166230362391e-06
8.723675163907254254e-06
8.723675163418236723e-06
8.723675162111712119e-06
8.723675160832997300e-06
8.723675159062512093e-06
8.723675158821033164e-06
8.723675156910670631e-06
8.723675153130972451e-06
8.723675152230036021e-06
8.723675149979894690e-06
8.723675148249333534e-06
8.723675146501702970e-06
8.723675144691566457e-06
8.723675144682481182e-06
8.723675144451464804e-06
8.723675141601615676e-06
8.723675141465594044e-06
8.723675137954635701e-06
8.723675136670965740e-06
8.723675136349909759e-06
8.723675134868538920e-06
8.723675134132535052e-06
8.723675131876886313e-06
8.723675131308569557e-06
8.723675127605417745e-06
8.723675127659661735e-06
8.723675125747096915e-06
8.723675123458683248e-06
8.723675121931328684e-06
8.723675121662038276e-06
8.723675119839513058e-06
8.723675116476966747e-06
8.723675115518481204e-06
8.723675115473600316e-06
8.723675113289266670e-06
8.723675112600347669e-06
8.723675111115673401e-06
8.723675109431095970e-06
8.723675109953981266e-06
8.723675108908485111e-06
8.723675107288065344e-06
8.723675102201566427e-06
8.723675100109750801e-06
8.723675097059724071e-06
8.723675096855141898e-06
8.723675096597691315e-06
8.723675095762562569e-06
8.723675095287587150e-06
8.723675090142991937e-06
8.723675088168197301e-06
8.723675088216659444e-06
8.723675085885291042e-06
8.723675083352642201e-06
8.723675083485360406e-06
8.723675083299775487e-06
8.723675082200037036e-06
8.723675082107520710e-06
8.723675079918782492e-06
8.723675079870320349e-06
8.723675079191313327e-06
8.723675077608889763e-06
8.723675071263916727e-06
8.723675068984451116e-06
8.723675066146028463e-06
8.723675064095102506e-06
8.723675062733232769e-06
8.723675062417958636e-06
8.723675059920005958e-06
8.723675059876363433e-06
8.723675058595583548e-06
8.723675057914098108e-06
8.723675056215202432e-06
8.723675055303113966e-06
8.723675052529536767e-06
8.723675049389333216e-06
8.723675047470849330e-06
8.723675045923257455e-06
8.723675045054122030e-06
8.723675045158479877e-06
8.723675044137903432e-06
8.723675041512324912e-06
8.723675041182597008e-06
8.723675038144686238e-06
8.723675034751851722e-06
8.723675030612825225e-06
8.723675029236362805e-06
8.723675029132831662e-06
8.723675026670949035e-06
8.723675023768509326e-06
8.723675021308415633e-06
8.723675020650747066e-06
8.723675020573236775e-06
8.723675018249852506e-06
8.723675018241041669e-06
8.723675015358014261e-06
8.723675012388940164e-06
8.723675008765089271e-06
8.723675006620269711e-06
8.723675006564785665e-06
8.723675004332404921e-06
8.723675004234243967e-06
8.723674999942399174e-06
8.723674999465360383e-06
8.723674995063652028e-06
8.723674992473594682e-06
8.723674992206093207e-06
8.723674991866864982e-06
8.723674991238935741e-06
8.723674990653683409e-06
8.723674985761581941e-06
8.723674985528774936e-06
8.723674982958267110e-06
8.723674979491777997e-06
8.723674978884360506e-06
8.723674977497022183e-06
8.723674975466194623e-06
8.723674975377671210e-06
8.723674974321161932e-06
8.723674972881919124e-06
8.723674970880691978e-06
8.723674967928140105e-06
8.723674965847474821e-06
8.723674963450298736e-06
8.723674960482739134e-06
8.723674958033245211e-06
8.723674956345777703e-06
8.723674955415101947e-06
8.723674952762677565e-06
8.723674952141631314e-06
8.723674950342235178e-06
8.723674949659646901e-06
8.723674949618069442e-06
8.723674947883103715e-06
8.723674946806357126e-06
8.723674944164396989e-06
8.723674943823928708e-06
8.723674941334647954e-06
8.723674940406313396e-06
8.723674938219089673e-06
8.723674937515301856e-06
8.723674936092029006e-06
8.723674932096046045e-06
8.723674932058735938e-06
8.723674930395498655e-06
8.723674928643048473e-06
8.723674926830021884e-06
8.723674925446811998e-06
8.723674923171889872e-06
8.723674921191038951e-06
8.723674919753586770e-06
8.723674919183203253e-06
8.723674919068384549e-06
8.723674917976906364e-06
8.723674917936016695e-06
8.723674916607464152e-06
8.723674916521280244e-06
8.723674913670329974e-06
8.723674912512356314e-06
8.723674907967604423e-06
8.723674907845213245e-06
8.723674906314692472e-06
8.723674906412716206e-06
8.723674904777427622e-06
8.723674903477511569e-06
8.723674900566398243e-06
8.723674897021709354e-06
8.723674895247368453e-06
8.723674894440049493e-06
8.723674893608637527e-06
8.723674892217994081e-06
8.723674891642655422e-06
8.723674890638186155e-06
8.723674890115851429e-06
8.723674890119844342e-06
8.723674889460249622e-06
8.723674886633117918e-06
8.723674885655082856e-06
8.723674882425529187e-06
8.723674879962269285e-06
8.723674878854545007e-06
8.723674876154210748e-06
8.723674875410221053e-06
8.723674874252660745e-06
8.723674873428956779e-06
8.723674873296377488e-06
8.723674872425039777e-06
8.723674872208341644e-06
8.723674868466228010e-06
8.723674866687758671e-06
8.723674865863092475e-06
8.723674865667045006e-06
8.723674864226838274e-06
8.723674861804742479e-06
8.723674859277739959e-06
8.723674857112405262e-06
8.723674856717969123e-06
8.723674855096722651e-06
8.723674852800599290e-06
8.723674850320129373e-06
8.723674849660946311e-06
8.723674849482108856e-06
8.723674848628530038e-06
8.723674847541181986e-06
8.723674848406187278e-06
8.723674848414034191e-06
8.723674845930950330e-06
8.723674844714463634e-06
8.723674844159775638e-06
8.723674841543284088e-06
8.723674840005055315e-06
8.723674838957770226e-06
8.723674836336047401e-06
8.723674834300952489e-06
8.723674834222064922e-06
8.723674834182691443e-06
8.723674832705037384e-06
8.723674831370152423e-06
8.723674831204943729e-06
8.723674827810731937e-06
8.723674824669291718e-06
8.723674823872848660e-06
8.723674823794511665e-06
8.723674822320437168e-06
8.723674821889243188e-06
8.723674821505271294e-06
8.723674820909969763e-06
8.723674820757151466e-06
8.723674820682807385e-06
8.723674819860482388e-06
8.723674817642143757e-06
8.723674817001134634e-06
8.723674815707550999e-06
8.723674811711017467e-06
8.723674809875549586e-06
8.723674809645634351e-06
8.723674809618375137e-06
8.723674809396444034e-06
8.723674806189745008e-06
8.723674803986275193e-06
8.723674803792018351e-06
8.723674801769451057e-06
8.723674801835534873e-06
8.723674801808275659e-06
8.723674801009079745e-06
8.723674800179319493e-06
8.723674797560212305e-06
8.723674795775959425e-06
8.723674794774244709e-06
8.723674793885146411e-06
8.723674793351935783e-06
8.723674793282272405e-06
8.723674792614004067e-06
8.723674790521637870e-06
8.723674790452111712e-06
8.723674790629573584e-06
8.723674790475240793e-06
8.723674790444402018e-06
8.723674788847660209e-06
8.723674788377367188e-06
8.723674785554089484e-06
8.723674783722614517e-06
8.723674783438180853e-06
8.723674783245850164e-06
8.723674780571673976e-06
8.723674779473863372e-06
8.723674777908787043e-06
8.723674777046260169e-06
8.723674777433398271e-06
8.723674777444826440e-06
8.723674775356725900e-06
8.723674773549894510e-06
8.723674773083181050e-06
8.723674772650885927e-06
8.723674770777694587e-06
8.723674769987033376e-06
8.723674769731236202e-06
8.723674769574563906e-06
8.723674768207874552e-06
8.723674768139314011e-06
8.723674767273344795e-06
8.723674766857570203e-06
8.723674765302268634e-06
8.723674763222980625e-06
8.723674762842174941e-06
8.723674761305321749e-06
8.723674759507440109e-06
8.723674759332593874e-06
8.723674756910360860e-06
8.723674756504361027e-06
8.723674755237623255e-06
8.723674754634886468e-06
8.723674754608316738e-06
8.723674754506023957e-06
8.723674754373307447e-06
8.723674753630832247e-06
8.723674752888494266e-06
8.723674752740632807e-06
8.723674752714337516e-06
8.723674751245633207e-06
8.723674748288949508e-06
8.723674744541054028e-06
8.723674743564533460e-06
8.723674742822197173e-06
8.723674742008544100e-06
8.723674740419925337e-06
8.723674740393492827e-06
8.723674739919481331e-06
8.723674739385306779e-06
8.723674737712431955e-06
8.723674736806952040e-06
8.723674736746926203e-06
8.723674737284129745e-06
8.723674736829667770e-06
8.723674735808127401e-06
8.723674735361376813e-06
8.723674733980782566e-06
8.723674730967515372e-06
8.723674728822833032e-06
8.723674728833985068e-06
8.723674729335255778e-06
8.723674728157043113e-06
8.723674726123737135e-06
8.723674726063987430e-06
8.723674725895886966e-06
8.723674725832420481e-06
8.723674725354278853e-06
8.723674724682292040e-06
8.723674724652279969e-06
8.723674723525282304e-06
8.723674722305766618e-06
8.723674720651065733e-06
8.723674720584017993e-06
8.723674718874796985e-06
8.723674718521387734e-06
8.723674715788012413e-06
8.723674713084786383e-06
8.723674712231483698e-06
8.723674712183297688e-06
8.723674711704744401e-06
8.723674711512000360e-06
8.723674711485979508e-06
8.723674710577883956e-06
8.723674708729337886e-06
8.723674708703454253e-06
8.723674707526342731e-06
8.723674706057914555e-06
8.723674705444164646e-06
8.723674704638634619e-06
8.723674703969952929e-06
8.723674703947924990e-06
8.723674703231470642e-06
8.723674701371633624e-06
8.723674700560321750e-06
8.723674699926197310e-06
8.723674698489295701e-06
8.723674697119716270e-06
8.723674696751714336e-06
8.723674696295324513e-06
8.723674695512098558e-06
8.723674694107824657e-06
8.723674694081942719e-06
8.723674693534551065e-06
8.723674693189264860e-06
8.723674693082843641e-06
8.723674691049263224e-06
8.723674690572361652e-06
8.723674690205460860e-06
8.723674687991802933e-06
8.723674686358853854e-06
8.723674682822975802e-06
8.723674682472321102e-06
8.723674682815679460e-06
8.723674681555826371e-06
8.723674680946206595e-06
8.723674679249789337e-06
8.723674678571746239e-06
8.723674677802838528e-06
8.723674677777368248e-06
8.723674676793825776e-06
8.723674676808420154e-06
8.723674676866655363e-06
8.723674676185857714e-06
8.723674675526813565e-06
8.723674675505061759e-06
8.723674674959184600e-06
8.723674673511820440e-06
8.723674673119173235e-06
8.723674673133904832e-06
8.723674670721997149e-06
8.723674670286396903e-06
8.723674669081888947e-06
8.723674667928870430e-06
8.723674667410665837e-06
8.723674667251101771e-06
8.723674665244780568e-06
8.723674665067457609e-06
8.723674665168784772e-06
8.723674664488539389e-06
8.723674662947693284e-06
8.723674661747866032e-06
8.723674661567100731e-06
8.723674661559941608e-06
8.723674661534747460e-06
8.723674659141149242e-06
8.723674658286194843e-06
8.723674658693709170e-06
8.723674656011823288e-06
8.723674653823222289e-06
8.723674653761958090e-06
8.723674653118194415e-06
8.723674653093000268e-06
8.723674652664972496e-06
8.723674652524820731e-06
8.723674651464455760e-06
8.723674648330174663e-06
8.723674648434117464e-06
8.723674647892646570e-06
8.723674647734734218e-06
8.723674647709540070e-06
8.723674645878065102e-06
8.723674645004111754e-06
8.723674644706874340e-06
8.723674644176967140e-06
8.723674644262876610e-06
8.723674644327444237e-06
8.723674644277332074e-06
8.723674643647336073e-06
8.723674638936963831e-06
8.723674638483602998e-06
8.723674638458547764e-06
8.723674639019154826e-06
8.723674639001119800e-06
8.723674638219545559e-06
8.723674636311524224e-06
8.723674634341411986e-06
8.723674633177515872e-06
8.723674633149155515e-06
8.723674632142346743e-06
8.723674631616020798e-06
8.723674631438282792e-06
8.723674629242385452e-06
8.723674629217741876e-06
8.723674628429421864e-06
8.723674628404639374e-06
8.723674626797435014e-06
8.723674626318881728e-06
8.723674625028877654e-06
8.723674624621363327e-06
8.723674623672378106e-06
8.723674623651037958e-06
8.723674622596319308e-06
8.723674622702603309e-06
8.723674622302798675e-06
8.723674622253098170e-06
8.723674620813992581e-06
8.723674620382661381e-06
8.723674619739587191e-06
8.723674616926084248e-06
8.723674616908599794e-06
8.723674616739260967e-06
8.723674616848573957e-06
8.723674616679235130e-06
8.723674614458555300e-06
8.723674614476178667e-06
8.723674613032392374e-06
8.723674613011328359e-06
8.723674611744592280e-06
8.723674611723389351e-06
8.723674610805656258e-06
8.723674610527831145e-06
8.723674609810824532e-06
8.723674609262745087e-06
8.723674609368204077e-06
8.723674608184760136e-06
8.723674607454538115e-06
8.723674607430031757e-06
8.723674606801963603e-06
8.723674606002215423e-06
8.723674605865506000e-06
8.723674604982191243e-06
8.723674601795592309e-06
8.723674601487753431e-06
8.723674600351255445e-06
8.723674599494925464e-06
8.723674599550958387e-06
8.723674599571885183e-06
8.723674599547516045e-06
8.723674599393596606e-06
8.723674595108085926e-06
8.723674593717716918e-06
8.723674590203041795e-06
8.723674590185557341e-06
8.723674590592383877e-06
8.723674590251778377e-06
8.723674590084917968e-06
8.723674589942287784e-06
8.723674589466211222e-06
8.723674589382781865e-06
8.723674588510756364e-06
8.723674588416999981e-06
8.723674588399652746e-06
8.723674587736478464e-06
8.723674587684299541e-06
8.723674587666952306e-06
8.723674587642584862e-06
8.723674586365658977e-06
8.723674584642258638e-06
8.723674584004552943e-06
8.723674583983902279e-06
8.723674582809682528e-06
8.723674582369952149e-06
8.723674581546249878e-06
8.723674581491041964e-06
8.723674581591267985e-06
8.723674580422142289e-06
8.723674579623634165e-06
8.723674579471505354e-06
8.723674579419600869e-06
8.723674579402392547e-06
8.723674578434958949e-06
8.723674578310638229e-06
8.723674578296872250e-06
8.723674578020422719e-06
8.723674577937542239e-06
8.723674575956691317e-06
8.723674574449851891e-06
8.723674573240661537e-06
8.723674571574395264e-06
8.723674571392115468e-06
8.723674571378347794e-06
8.723674569054001295e-06
8.723674568961346055e-06
8.723674569047116612e-06
8.723674569036930193e-06
8.723674568549013805e-06
8.723674568387521891e-06
8.723674567481078053e-06
8.723674567467310379e-06
8.723674567535870920e-06
8.723674566753334450e-06
8.723674566609189771e-06
8.723674566561278199e-06
8.723674565720642045e-06
8.723674563944925562e-06
8.723674563934600231e-06
8.723674563585183893e-06
8.723674563574858562e-06
8.723674563561228108e-06
8.723674563547597653e-06
8.723674563211948990e-06
8.723674562896813770e-06
8.723674562883046096e-06
8.723674562759828213e-06
8.723674562239421335e-06
8.723674562105878120e-06
8.723674562020382003e-06
8.723674562006614329e-06
8.723674561199020930e-06
8.723674561185253257e-06
8.723674559636284106e-06
8.723674559345792463e-06
8.723674558652053844e-06
8.723674558604281186e-06
8.723674558590513512e-06
8.723674558573579630e-06
8.723674558126002338e-06
8.723674558081672022e-06
8.723674558068041568e-06
8.723674556753670050e-06
8.723674556739902377e-06
8.723674555522040099e-06
8.723674553156803932e-06
8.723674552853645758e-06
8.723674551999241930e-06
8.723674551944723501e-06
8.723674551968540374e-06
8.723674551805259527e-06
8.723674550577071918e-06
8.723674550169005325e-06
8.723674549268206114e-06
8.723674546276829640e-06
8.723674545533803868e-06
8.723674545516869986e-06
8.723674544509922300e-06
8.723674543554465747e-06
8.723674543103998380e-06
8.723674543090367925e-06
8.723674543185362670e-06
8.723674542802629139e-06
8.723674542785695256e-06
8.723674542338807450e-06
8.723674542196727837e-06
8.723674541861490831e-06
8.723674541472424882e-06
8.723674541347279152e-06
8.723674540670613330e-06
8.723674540623391243e-06
8.723674540609898008e-06
8.723674540599572676e-06
8.723674539477255715e-06
8.723674539325126904e-06
8.723674538389357091e-06
8.723674538382611321e-06
8.723674537426880329e-06
8.723674537237990288e-06
8.723674537227664956e-06
8.723674535780300796e-06
8.723674535743266821e-06
8.723674535733078709e-06
8.723674535722890597e-06
8.723674535712839704e-06
8.723674535739824479e-06
8.723674535621837872e-06
8.723674535136262683e-06
8.723674535132820341e-06
8.723674535122632228e-06
8.723674534677807794e-06
8.723674534306915783e-06
8.723674534300307232e-06
8.723674534290119120e-06
8.723674533370458180e-06
8.723674533363712409e-06
8.723674533356964945e-06
8.723674532693653444e-06
8.723674532828297801e-06
8.723674532319867969e-06
8.723674532313122198e-06
8.723674531892529682e-06
8.723674531764629401e-06
8.723674531757746412e-06
8.723674531633288472e-06
8.723674530620836767e-06
8.723674530617394425e-06
8.723674530607343532e-06
8.723674530637631736e-06
8.723674529383836627e-06
8.723674529340194101e-06
8.723674528312045181e-06
8.723674528305436630e-06
8.723674527435889547e-06
8.723674527425701435e-06
8.723674527418955664e-06
8.723674526164059412e-06
8.723674525540258610e-06
8.723674525533373927e-06
8.723674525607306350e-06
8.723674525593813115e-06
8.723674525553612932e-06
8.723674524464199813e-06
8.723674524883003395e-06
8.723674523194434744e-06
8.723674523184521071e-06
8.723674523177775300e-06
8.723674523167863321e-06
8.723674523020413519e-06
8.723674522682288131e-06
8.723674522672237238e-06
8.723674522632037054e-06
8.723674522618682733e-06
8.723674522303959171e-06
8.723674521240016333e-06
8.723674521206561919e-06
8.723674521196511026e-06
8.723674520658069123e-06
8.723674520648018230e-06
8.723674520520946347e-06
8.723674520514337796e-06
8.723674520470832490e-06
8.723674520457340949e-06
8.723674520454035826e-06
8.723674519962678790e-06
8.723674519952627897e-06
8.723674519802288019e-06
8.723674519795542249e-06
8.723674519110614467e-06
8.723674519137323110e-06
8.723674519093956717e-06
8.723674519053893753e-06
8.723674518739859675e-06
8.723674517520894561e-06
8.723674517370830816e-06
8.723674516126397115e-06
8.723674515496126675e-06
8.723674515486213002e-06
8.723674515479330012e-06
8.723674515112705353e-06
8.723674514959473705e-06
8.723674514956031363e-06
8.723674513563461764e-06
8.723674512524711379e-06
8.723674511796003853e-06
8.723674511662873990e-06
8.723674511656265439e-06
8.723674510971063219e-06
8.723674510961149545e-06
8.723674510927971264e-06
8.723674510512194978e-06
8.723674510120100039e-06
8.723674509757881645e-06
8.723674509571746155e-06
8.723674509126508369e-06
8.723674506908859222e-06
8.723674506905554100e-06
8.723674506898945548e-06
8.723674506885730140e-06
8.723674506879121589e-06
8.723674506816066763e-06
8.723674506109524394e-06
8.723674506477663548e-06
8.723674506474360119e-06
8.723674506467751568e-06
8.723674505211201908e-06
8.723674505204593357e-06
8.723674505042001994e-06
8.723674505035393443e-06
8.723674505032088321e-06
8.723674505025479770e-06
8.723674505018872913e-06
8.723674503637453655e-06
8.723674503630845104e-06
8.723674503624236553e-06
8.723674503620931431e-06
8.723674503614322880e-06
8.723674503240125746e-06
8.723674503236822318e-06
8.723674503226908644e-06
8.723674503627539982e-06
8.723674503620931431e-06
8.723674503250176639e-06
8.723674502889194914e-06
8.723674502882588057e-06
8.723674502875979506e-06
8.723674502869370955e-06
8.723674502505360240e-06
8.723674502498753383e-06
8.723674502455798648e-06
8.723674502449052878e-06
8.723674502416149036e-06
8.723674502412706694e-06
8.723674501932913351e-06
8.723674501926304800e-06
8.723674502038784000e-06
8.723674501906479147e-06
8.723674501655086545e-06
8.723674501648479688e-06
8.723674501641871137e-06
8.723674501635262586e-06
8.723674501202003539e-06
8.723674501192089865e-06
8.723674500967268687e-06
8.723674500038520777e-06
8.723674500031912226e-06
8.723674499004452790e-06
8.723674499001149362e-06
8.723674498994540811e-06
8.723674498987932260e-06
8.723674498981323709e-06
8.723674498974715158e-06
8.723674498664260642e-06
8.723674497413357303e-06
8.723674497380314548e-06
8.723674497373844910e-06
8.723674497363794017e-06
8.723674497324144405e-06
8.723674497320839282e-06
8.723674497311064522e-06
8.723674497307761094e-06
8.723674497304455971e-06
8.723674497297847420e-06
8.723674496417285521e-06
8.723674495395196274e-06
8.723674492787102209e-06
8.723674492365820208e-06
8.723674492790268418e-06
8.723674492787102209e-06
8.723674492490965938e-06
8.723674492484357387e-06
8.723674492477748836e-06
8.723674492474445407e-06
8.723674491711319544e-06
8.723674491708153334e-06
8.723674491668640941e-06
8.723674491665335819e-06
8.723674491698239661e-06
8.723674491694799013e-06
8.723674491280537221e-06
8.723674491280537221e-06
8.723674491274067584e-06
8.723674491274067584e-06
8.723674491267459033e-06
8.723674491267459033e-06
8.723674491260713262e-06
8.723674491227946640e-06
8.723674491227946640e-06
8.723674490869719466e-06
8.723674490866277124e-06
8.723674490859807486e-06
8.723674490859807486e-06
8.723674490853198935e-06
8.723674490853198935e-06
8.723674490846590384e-06
8.723674490843424175e-06
8.723674490840119052e-06
8.723674490836815624e-06
8.723674490797303231e-06
8.723674490675737062e-06
8.723674490675737062e-06
8.723674490669265731e-06
8.723674490777614797e-06
8.723674489630930392e-06
8.723674489765574749e-06
8.723674489506059101e-06
8.723674489506059101e-06
8.723674489499589463e-06
8.723674488589977722e-06
8.723674488915026615e-06
8.723674488186319089e-06
8.723674488183013966e-06
8.723674487858103986e-06
8.723674487851495435e-06
8.723674487845025797e-06
8.723674487845025797e-06
8.723674487838417246e-06
8.723674487838417246e-06
8.723674487493956052e-06
8.723674487490652623e-06
8.723674487523419246e-06
8.723674487490652623e-06
8.723674487484044072e-06
8.723674487070747898e-06
8.723674487070747898e-06
8.723674487064139347e-06
8.723674487060973138e-06
8.723674487057668015e-06
8.723674487051059464e-06
8.723674487051059464e-06
8.723674487044589827e-06
8.723674487041284704e-06
8.723674487037981276e-06
8.723674487034676153e-06
8.723674487031372724e-06
8.723674486146130121e-06
8.723674486146130121e-06
8.723674484691330705e-06
8.723674484688025583e-06
8.723674484684722154e-06
8.723674484681555945e-06
8.723674483473329514e-06
8.723674483470026086e-06
8.723674483466859877e-06
8.723674483466859877e-06
8.723674483460251326e-06
8.723674483460251326e-06
8.723674483453779994e-06
8.723674483453779994e-06
8.723674483067605815e-06
8.723674483060997264e-06
8.723674483060997264e-06
8.723674483057831055e-06
8.723674483054388713e-06
8.723674483051085284e-06
8.723674482616035610e-06
8.723674482609427059e-06
8.723674482609427059e-06
8.723674482481940130e-06
8.723674482478636702e-06
8.723674482475470492e-06
8.723674482472165370e-06
8.723674482468861941e-06
8.723674482436232538e-06
8.723674482436232538e-06
8.723674482432929110e-06
8.723674482073187441e-06
8.723674482073187441e-06
8.723674481111949041e-06
8.723674481108643919e-06
8.723674481105340490e-06
8.723674481105340490e-06
8.723674481098869158e-06
8.723674481131635781e-06
8.723674481128332352e-06
8.723674481239297057e-06
8.723674481236130847e-06
8.723674481236130847e-06
8.723674481232825725e-06
8.723674481229522296e-06
8.723674481229522296e-06
8.723674481223050965e-06
8.723674481223050965e-06
8.723674480866751638e-06
8.723674480863585428e-06
8.723674480412565795e-06
8.723674480412565795e-06
8.723674480272137897e-06
8.723674480268971688e-06
8.723674480268971688e-06
8.723674480262363137e-06
8.723674480262363137e-06
8.723674480144789881e-06
8.723674480141347539e-06
8.723674480138181330e-06
8.723674480138181330e-06
8.723674480131572779e-06
8.723674480131572779e-06
8.723674480128406570e-06
8.723674480092473738e-06
8.723674480092473738e-06
8.723674480125103142e-06
8.723674479808314513e-06
8.723674479808314513e-06
8.723674479808314513e-06
8.723674479805011085e-06
8.723674479338021492e-06
8.723674478394680899e-06
8.723674478394680899e-06
8.723674478388209567e-06
8.723674478388209567e-06
8.723674478385043358e-06
8.723674478381738235e-06
8.723674478244615460e-06
8.723674478241312031e-06
8.723674478238144128e-06
8.723674478238144128e-06
8.723674478208682628e-06
8.723674478205516419e-06
8.723674478205516419e-06
8.723674478205516419e-06
8.723674478205516419e-06
8.723674478198907868e-06
8.723674478198907868e-06
8.723674478198907868e-06
8.723674478195741659e-06
8.723674478192436536e-06
8.723674478192436536e-06
8.723674478192436536e-06
8.723674478192436536e-06
8.723674477513980086e-06
8.723674477513980086e-06
8.723674477513980086e-06
8.723674477513980086e-06
8.723674477510539438e-06
8.723674477510539438e-06
8.723674477504068107e-06
8.723674477504068107e-06
8.723674477504068107e-06
8.723674477504068107e-06
8.723674477500764678e-06
8.723674477500764678e-06
8.723674477500764678e-06
8.723674477500764678e-06
8.723674477497596775e-06
8.723674477494293346e-06
8.723674477494293346e-06
8.723674477491127137e-06
8.723674477109494749e-06
8.723674477106191320e-06
8.723674477103023417e-06
8.723674477103023417e-06
8.723674477103023417e-06
8.723674477099719988e-06
8.723674477099719988e-06
8.723674477099719988e-06
8.723674477096416560e-06
8.723674477096416560e-06
8.723674477093248657e-06
8.723674477093248657e-06
8.723674477093248657e-06
8.723674477471438703e-06
8.723674477471438703e-06
8.723674477468135275e-06
8.723674477468135275e-06
8.723674477468135275e-06
8.723674477115966080e-06
8.723674477112660958e-06
8.723674477109494749e-06
8.723674477109494749e-06
8.723674477109494749e-06
8.723674477109494749e-06
8.723674477106191320e-06
8.723674477103023417e-06
8.723674477103023417e-06
8.723674477103023417e-06
8.723674477099719988e-06
8.723674477099719988e-06
8.723674477099719988e-06
8.723674477096416560e-06
8.723674477096416560e-06
8.723674477093248657e-06
8.723674477093248657e-06
8.723674477093248657e-06
8.723674476229346201e-06
8.723674476226041079e-06
8.723674476222874870e-06
8.723674476222874870e-06
8.723674476222874870e-06
8.723674476219571441e-06
8.723674476219571441e-06
8.723674476216266319e-06
8.723674476216266319e-06
8.723674476216266319e-06
8.723674476212962890e-06
8.723674476209796681e-06
8.723674476209796681e-06
8.723674476209796681e-06
8.723674476206491558e-06
8.723674476102272625e-06
8.723674476102272625e-06
8.723674476098969196e-06
8.723674476098969196e-06
8.723674476098969196e-06
8.723674476095664073e-06
8.723674476095664073e-06
8.723674476059731242e-06
8.723674476059731242e-06
8.723674476053261604e-06
8.723674476053261604e-06
8.723674476053261604e-06
8.723674474936038699e-06
8.723674474936038699e-06
8.723674474936038699e-06
8.723674474936038699e-06
8.723674474932733577e-06
8.723674474932733577e-06
8.723674474932733577e-06
8.723674474929430148e-06
8.723674474900105868e-06
8.723674474900105868e-06
8.723674474896937964e-06
8.723674474896937964e-06
8.723674474896937964e-06
8.723674474896937964e-06
8.723674474893634536e-06
8.723674474893634536e-06
8.723674474893634536e-06
8.723674474890468327e-06
8.723674474890468327e-06
8.723674474890468327e-06
8.723674474887163204e-06
8.723674474883722556e-06
8.723674474883722556e-06
8.723674474883722556e-06
8.723674474883722556e-06
8.723674474883722556e-06
8.723674474883722556e-06
8.723674474883722556e-06
8.723674474880554653e-06
8.723674475232312189e-06
8.723674475229008761e-06
8.723674475229008761e-06
8.723674475225840858e-06
8.723674475225840858e-06
8.723674475225840858e-06
8.723674475225840858e-06
8.723674475225840858e-06
8.723674475225840858e-06
8.723674475225840858e-06
8.723674475225840858e-06
8.723674475222537429e-06
8.723674475219232307e-06
8.723674475219232307e-06
8.723674475219232307e-06
8.723674475219232307e-06
8.723674475219232307e-06
8.723674475219232307e-06
8.723674475216066098e-06
8.723674475216066098e-06
8.723674475212762669e-06
8.723674475212762669e-06
8.723674474545182122e-06
8.723674474545182122e-06
8.723674474542015913e-06
8.723674474542015913e-06
8.723674474542015913e-06
8.723674474542015913e-06
8.723674474542015913e-06
8.723674474538710790e-06
8.723674474538710790e-06
8.723674474535544581e-06
8.723674474535544581e-06
8.723674474532102239e-06
8.723674474532102239e-06
8.723674474532102239e-06
8.723674474532102239e-06
8.723674474408472698e-06
8.723674474408472698e-06
8.723674474408472698e-06
8.723674474408472698e-06
8.723674474405167576e-06
8.723674473871406376e-06
8.723674473868240167e-06
8.723674473868240167e-06
8.723674473868240167e-06
8.723674473868240167e-06
8.723674473868240167e-06
8.723674473868240167e-06
8.723674473868240167e-06
8.723674473864797825e-06
8.723674473864797825e-06
8.723674473864797825e-06
8.723674473864797825e-06
8.723674473864797825e-06
8.723674473861494396e-06
8.723674473861494396e-06
8.723674473861494396e-06
8.723674473861494396e-06
8.723674473861494396e-06
8.723674473861494396e-06
8.723674473861494396e-06
8.723674473861494396e-06
8.723674473721754289e-06
8.723674473721754289e-06
8.723674473721754289e-06
8.723674473721754289e-06
8.723674473721754289e-06
8.723674473721754289e-06
8.723674473718450860e-06
8.723674473718450860e-06
8.723674473718450860e-06
8.723674473718450860e-06
8.723674473718450860e-06
8.723674473718450860e-06
8.723674473718450860e-06
8.723674473718450860e-06
8.723674473715145738e-06
8.723674473715145738e-06
8.723674473715145738e-06
8.723674473715145738e-06
8.723674473715145738e-06
8.723674473715145738e-06
8.723674473682655248e-06
8.723674473682655248e-06
8.723674473682655248e-06
8.723674473682655248e-06
8.723674473545945824e-06
8.723674473545945824e-06
8.723674473545945824e-06
8.723674473542640702e-06
8.723674473542640702e-06
8.723674473542640702e-06
8.723674473542640702e-06
8.723674473542640702e-06
8.723674473542640702e-06
8.723674473542640702e-06
8.723674473539474493e-06
8.723674473539474493e-06
8.723674473539474493e-06
8.723674473539474493e-06
8.723674473539474493e-06
8.723674473539474493e-06
8.723674473539474493e-06
8.723674473539474493e-06
8.723674473539474493e-06
8.723674473539474493e-06
8.723674473539474493e-06
8.723674473539474493e-06
8.723674473539474493e-06
8.723674472349008649e-06
8.723674472349008649e-06
8.723674472349008649e-06
8.723674472349008649e-06
8.723674472349008649e-06
8.723674472349008649e-06
8.723674472349008649e-06
8.723674472349008649e-06
8.723674472349008649e-06
8.723674472349008649e-06
8.723674472349008649e-06
8.723674472345705220e-06
8.723674472345705220e-06
8.723674472342539011e-06
8.723674472342539011e-06
8.723674472342539011e-06
8.723674472339096669e-06
8.723674472339096669e-06
8.723674472339096669e-06
8.723674472339096669e-06
8.723674472339096669e-06
8.723674472339096669e-06
8.723674472339096669e-06
8.723674472339096669e-06
8.723674472339096669e-06
8.723674472339096669e-06
8.723674472339096669e-06
8.723674472339096669e-06
8.723674472339096669e-06
8.723674472335791547e-06
8.723674472335791547e-06
8.723674472335791547e-06
8.723674472335791547e-06
8.723674472335791547e-06
8.723674472335791547e-06
8.723674472335791547e-06
8.723674472335791547e-06
8.723674472335791547e-06
8.723674472371587159e-06
8.723674472371587159e-06
8.723674472371587159e-06
8.723674472371587159e-06
8.723674472371587159e-06
8.723674472371587159e-06
8.723674472371587159e-06
8.723674472368420950e-06
8.723674472368420950e-06
8.723674472368420950e-06
8.723674472368420950e-06
8.723674472368420950e-06
8.723674472368420950e-06
8.723674472368420950e-06
8.723674472368420950e-06
8.723674472368420950e-06
8.723674472700215614e-06
8.723674472700215614e-06
8.723674472700215614e-06
8.723674472700215614e-06
8.723674472700215614e-06
8.723674472335791547e-06
8.723674472335791547e-06
8.723674472332625338e-06
8.723674472332625338e-06
8.723674472332625338e-06
8.723674472332625338e-06
8.723674472332625338e-06
8.723674472332625338e-06
8.723674472332625338e-06
8.723674472332625338e-06
8.723674472332625338e-06
8.723674472332625338e-06
8.723674472332625338e-06
8.723674472332625338e-06
8.723674472332625338e-06
8.723674472332625338e-06
8.723674472332625338e-06
8.723674472332625338e-06
8.723674472332625338e-06
8.723674472332625338e-06
8.723674472332625338e-06
8.723674472329321909e-06
8.723674472329321909e-06
8.723674471308745463e-06
8.723674471308745463e-06
8.723674471305442035e-06
8.723674471305442035e-06
8.723674471305442035e-06
8.723674471305442035e-06
8.723674471305442035e-06
8.723674471305442035e-06
8.723674471305442035e-06
8.723674471305442035e-06
8.723674471305442035e-06
8.723674471305442035e-06
8.723674471305442035e-06
8.723674471305442035e-06
8.723674471305442035e-06
8.723674471305442035e-06
8.723674471305442035e-06
8.723674471305442035e-06
8.723674471305442035e-06
8.723674471305442035e-06
8.723674471305442035e-06
8.723674471305442035e-06
8.723674471305442035e-06
8.723674471305442035e-06
8.723674471305442035e-06
8.723674471302274132e-06
8.723674471442014239e-06
8.723674471442014239e-06
8.723674471442014239e-06
8.723674471058592917e-06
8.723674471058592917e-06
8.723674471058592917e-06
8.723674471058592917e-06
8.723674471058592917e-06
8.723674471058592917e-06
8.723674471058592917e-06
8.723674471058592917e-06
8.723674471058592917e-06
8.723674471058592917e-06
8.723674471058592917e-06
8.723674471058592917e-06
8.723674471058592917e-06
8.723674471058592917e-06
8.723674471058592917e-06
8.723674471058592917e-06
8.723674471058592917e-06
8.723674471058592917e-06
8.723674471058592917e-06
8.723674471058592917e-06
8.723674471058592917e-06
8.723674471058592917e-06
8.723674471058592917e-06
8.723674471058592917e-06
8.723674471058592917e-06
8.723674471058592917e-06
8.723674471058592917e-06
8.723674471058592917e-06
8.723674471058592917e-06
8.723674471058592917e-06
8.723674471058592917e-06
8.723674471058592917e-06
8.723674471058592917e-06
8.723674471058592917e-06
8.723674471055287795e-06
8.723674471055287795e-06
8.723674471055287795e-06
8.723674471055287795e-06
8.723674471055287795e-06
8.723674471055287795e-06
8.723674471055287795e-06
8.723674471055287795e-06
8.723674471055287795e-06
8.723674471055287795e-06
8.723674471055287795e-06
8.723674471055287795e-06
8.723674471055287795e-06
8.723674471055287795e-06
8.723674471055287795e-06
8.723674471055287795e-06
8.723674471055287795e-06
8.723674471055287795e-06
8.723674471055287795e-06
8.723674471055287795e-06
8.723674471055287795e-06
8.723674471055287795e-06
8.723674471055287795e-06
8.723674471055287795e-06
8.723674471052121586e-06
8.723674471052121586e-06
8.723674471052121586e-06
8.723674471052121586e-06
8.723674471052121586e-06
8.723674471052121586e-06
8.723674471052121586e-06
8.723674471052121586e-06
8.723674471052121586e-06
8.723674471052121586e-06
8.723674471052121586e-06
8.723674471052121586e-06
8.723674471052121586e-06
8.723674471052121586e-06
8.723674471052121586e-06
8.723674471052121586e-06
8.723674471052121586e-06
8.723674471052121586e-06
8.723674471052121586e-06
8.723674471052121586e-06
8.723674471052121586e-06
8.723674471052121586e-06
8.723674471052121586e-06
8.723674471052121586e-06
8.723674471052121586e-06
8.723674471052121586e-06
8.723674471052121586e-06
8.723674471052121586e-06
8.723674471052121586e-06
8.723674471052121586e-06
8.723674471052121586e-06
8.723674471052121586e-06
8.723674471052121586e-06
8.723674471052121586e-06
8.723674471052121586e-06
8.723674471052121586e-06
8.723674471052121586e-06
8.723674471052121586e-06
8.723674471052121586e-06
8.723674471052121586e-06
8.723674471052121586e-06
8.723674471052121586e-06
8.723674471052121586e-06
8.723674471052121586e-06
8.723674471052121586e-06
8.723674471052121586e-06
8.723674471052121586e-06
8.723674471052121586e-06
8.723674469788551716e-06
8.723674469788551716e-06
8.723674469785246594e-06
8.723674469785246594e-06
8.723674469785246594e-06
8.723674469785246594e-06
8.723674469785246594e-06
8.723674469785246594e-06
8.723674469785246594e-06
8.723674469785246594e-06
8.723674469785246594e-06
8.723674469785246594e-06
8.723674469785246594e-06
8.723674469785246594e-06
8.723674469785246594e-06
8.723674469785246594e-06
8.723674469785246594e-06
8.723674469785246594e-06
8.723674469785246594e-06
8.723674469785246594e-06
8.723674469785246594e-06
8.723674469785246594e-06
8.723674469785246594e-06
8.723674469785246594e-06
8.723674469785246594e-06
8.723674469785246594e-06
8.723674469785246594e-06
8.723674469785246594e-06
8.723674469785246594e-06
8.723674469785246594e-06
8.723674469785246594e-06
8.723674469785246594e-06
8.723674469785246594e-06
8.723674469785246594e-06
8.723674469785246594e-06
8.723674469785246594e-06
8.723674469785246594e-06
8.723674469785246594e-06
8.723674469785246594e-06
8.723674469785246594e-06
8.723674469785246594e-06
8.723674469785246594e-06
8.723674469785246594e-06
8.723674469785246594e-06
8.723674469782080384e-06
8.723674469782080384e-06
8.723674469782080384e-06
8.723674469782080384e-06
8.723674469782080384e-06
8.723674469782080384e-06
8.723674469782080384e-06
8.723674469782080384e-06
8.723674469782080384e-06
8.723674469782080384e-06
8.723674469782080384e-06
8.723674469782080384e-06
8.723674469782080384e-06
8.723674469782080384e-06
8.723674469782080384e-06
8.723674469782080384e-06
8.723674469782080384e-06
8.723674469782080384e-06
8.723674469782080384e-06
8.723674469782080384e-06
8.723674469782080384e-06
8.723674469782080384e-06
8.723674469782080384e-06
8.723674469782080384e-06
8.723674469782080384e-06
8.723674469782080384e-06
8.723674469782080384e-06
8.723674469782080384e-06
8.723674469782080384e-06
8.723674469782080384e-06
8.723674469782080384e-06
8.723674469782080384e-06
8.723674469782080384e-06
8.723674469782080384e-06
8.723674469782080384e-06
8.723674469782080384e-06
8.723674469782080384e-06
8.723674469782080384e-06
8.723674469782080384e-06
8.723674469782080384e-06
8.723674469782080384e-06
8.723674469782080384e-06
8.723674469782080384e-06
8.723674469782080384e-06
8.723674469782080384e-06
8.723674469782080384e-06
8.723674469782080384e-06
8.723674469782080384e-06
8.723674469778776956e-06
8.723674469778776956e-06
8.723674467478384549e-06
8.723674467478384549e-06
8.723674467478384549e-06
8.723674467478384549e-06
8.723674467478384549e-06
8.723674467478384549e-06
8.723674467478384549e-06
8.723674467478384549e-06
8.723674467478384549e-06
8.723674467478384549e-06
8.723674467478384549e-06
8.723674467478384549e-06
8.723674467478384549e-06
8.723674467478384549e-06
8.723674467478384549e-06
8.723674467478384549e-06
8.723674467478384549e-06
8.723674467478384549e-06
8.723674467478384549e-06
8.723674467478384549e-06
8.723674467478384549e-06
8.723674467478384549e-06
8.723674467478384549e-06
8.723674467478384549e-06
8.723674467478384549e-06
8.723674467478384549e-06
8.723674467478384549e-06
8.723674467478384549e-06
8.723674467478384549e-06
8.723674467478384549e-06
8.723674467478384549e-06
8.723674467478384549e-06
8.723674467478384549e-06
8.723674467478384549e-06
8.723674467478384549e-06
8.723674467478384549e-06
8.723674467478384549e-06
8.723674467478384549e-06
8.723674467478384549e-06
8.723674467478384549e-06
8.723674467478384549e-06
8.723674467478384549e-06
8.723674467478384549e-06
8.723674467478384549e-06
8.723674467478384549e-06
8.723674467478384549e-06
8.723674467478384549e-06
8.723674467478384549e-06
8.723674467478384549e-06
8.723674467478384549e-06
