4.075840757010874748e+08
6.323052496816638857e+06
-4.979305452563355565e+08
-4.363790414238261580e+08
-2.541509581465777457e+08
-1.018306080085832775e+08
-3.996191353017227352e+07
-1.837718168394666910e+07
-8.621071119295569137e+06
-4.108213203860705253e+06
-2.079993556795714423e+06
-1.150331432411958929e+06
-1.076683955241279677e+06
-8.176196476574997650e+05
-7.620704843710967107e+05
-6.124865061879752902e+05
-5.935178864469289547e+05
-5.305024654013259569e+05
-5.184348641362356138e+05
-4.747543570841840701e+05
-4.656817043081514421e+05
-4.993159991007603239e+05
-5.258929118451498216e+05
-5.176884482304661651e+05
-5.006473077766562346e+05
-4.131699835430404637e+05
-4.084220344729261706e+05
-4.072021832113559358e+05
-4.240923880821106141e+05
-3.955909943508663564e+05
-3.701890563223579666e+05
-2.863856688564931974e+05
-2.768018687416004250e+05
-2.680350181436102721e+05
-2.751930160652189516e+05
-2.605777585173375264e+05
-2.666211753807218629e+05
-2.290146031745961518e+05
-2.311323730657492124e+05
-2.134482966038992163e+05
-2.026945617965234560e+05
-1.859558644680781581e+05
-2.033987476299019472e+05
-1.934326837672652618e+05
-1.871342554647153884e+05
-1.507145473046980042e+05
-1.032850424359306344e+05
-8.157450722470060282e+04
-7.675228734237673052e+04
-7.395544375512028637e+04
-6.880656802192474424e+04
-5.958449583123048797e+04
-4.599535796728273999e+04
-3.895641354566000518e+04
-3.824693609116443986e+04
-3.864349287230903428e+04
-3.709961421358060034e+04
-3.320544187747419346e+04
-2.653812145424327900e+04
-2.272785313167392451e+04
-2.231597077369953331e+04
-2.256583084257926384e+04
-2.181207214992341324e+04
-1.984369378943249831e+04
-1.651090602603078150e+04
-1.442888188727845954e+04
-1.441898330181537858e+04
-1.480231034631296097e+04
-1.451438534914342381e+04
-1.337154717864312261e+04
-1.132183608839513727e+04
-9.959593005717106280e+03
-9.988544576290320038e+03
-1.029784376783181870e+04
-9.828360951685721375e+03
-8.757354584101856744e+03
-7.079170060396572808e+03
-6.063866063090093121e+03
-6.128430556927272846e+03
-6.249031774750052136e+03
-6.213007140990431253e+03
-5.866252941002645457e+03
-5.299629703122644969e+03
-4.911112303531219368e+03
-5.261843210361655110e+03
-5.756926286390478708e+03
-6.049030915154512513e+03
-5.886221488315767601e+03
-5.213766635579338981e+03
-4.676564284314663382e+03
-4.678592637315749016e+03
-4.896745694090241159e+03
-4.804204700272660375e+03
-4.394152938017838096e+03
-3.629652881636923212e+03
-3.063686579554968375e+03
-2.988615188255101657e+03
-3.004927581584770905e+03
-2.986913225545026307e+03
-2.844099687508483385e+03
-2.579670055524091367e+03
-2.361839234344446140e+03
-2.436911689563325581e+03
-2.665674445639971509e+03
-2.839039491756345342e+03
-2.828777557022524434e+03
-2.555496740076420792e+03
-2.260367462971427813e+03
-2.163546496848901370e+03
-2.193327509556728728e+03
-2.151658818587658061e+03
-1.993912489988994366e+03
-1.698757797687173934e+03
-1.429554017732649527e+03
-1.343198473898467910e+03
-1.329445059321754570e+03
-1.311742625450845480e+03
-1.253758946419517315e+03
-1.139819794407875179e+03
-1.023684688449237683e+03
-9.963630797174989766e+02
-1.035131200555658779e+03
-1.078130018702006964e+03
-1.084981385567216876e+03
-1.016531553608508148e+03
-9.200590811569695688e+02
-8.695588995513678583e+02
-8.587045452323768586e+02
-8.417153109307896557e+02
-8.074285181887770477e+02
-7.406826273228095943e+02
-6.690428600830085770e+02
-6.375407718285885039e+02
-6.265290696320970483e+02
-6.164637162807097184e+02
-6.018529836416298622e+02
-5.708411736038032132e+02
-5.202245591550685049e+02
-4.772499527576364926e+02
-4.461588312302347390e+02
-4.254126704931322251e+02
-4.195893807106600093e+02
-4.065578527084092002e+02
-3.871549635351245229e+02
-3.748986670744161529e+02
-3.676338346749618609e+02
-3.621561365722528194e+02
-3.722314551527649087e+02
-3.997106735181331487e+02
-4.353615036315129032e+02
-4.732928954010076836e+02
-4.987426015509439026e+02
-5.079319729782710056e+02
-5.088936388749168600e+02
-4.992008622729933336e+02
-4.746811288612885846e+02
-4.410351828377602033e+02
-4.005325058691852291e+02
-3.571447540152901752e+02
-3.214475645154877839e+02
-2.929523956052325389e+02
-2.684425079710298405e+02
-2.494903638461315438e+02
-2.342278139893693378e+02
-2.206592571124425888e+02
-2.127801610129197911e+02
-2.128271533109450218e+02
-2.188428813873245815e+02
-2.288069216379875286e+02
-2.379368857949645530e+02
-2.428134697375440112e+02
-2.444055091279423664e+02
-2.425404633395174585e+02
-2.351104758792363612e+02
-2.224975704712303184e+02
-2.057626885944850699e+02
-1.860738997699137656e+02
-1.671516857196230603e+02
-1.506245796598189770e+02
-1.361552805295828819e+02
-1.247457209686315593e+02
-1.163366487541275660e+02
-1.098751472113681160e+02
-1.062999126161872141e+02
-1.065180609964361906e+02
-1.099325187023780472e+02
-1.162273184983810950e+02
-1.241499099251591076e+02
-1.321185293390061020e+02
-1.398224636133105605e+02
-1.464984057308519994e+02
-1.508204097617986861e+02
-1.526732078360874425e+02
-1.522415216977245223e+02
-1.495276979707311966e+02
-1.454619244898273109e+02
-1.405863195807966406e+02
-1.348434396614720185e+02
-1.288241903132626760e+02
-1.228661090971697405e+02
-1.167717894554949680e+02
-1.110669666847127388e+02
-1.063400046484889145e+02
-1.025470806381229210e+02
-9.980192015333257416e+01
-9.786589438570175048e+01
-9.612975586837933406e+01
-9.451813901334193702e+01
-9.292118360487322093e+01
-9.082507874563977168e+01
-8.818190792810372614e+01
-8.512956313258658270e+01
-8.164677661088848026e+01
-7.818140994781393260e+01
-7.502755155035022483e+01
-7.214126341601618719e+01
-6.982685679568925252e+01
-6.823247043867517903e+01
-6.716827357872237769e+01
-6.678128054968694016e+01
-6.724502224852540166e+01
-6.840643518219117425e+01
-7.016062431437482871e+01
-7.221289704291582723e+01
-7.408716292145351190e+01
-7.553429905769741026e+01
-7.627129400631294232e+01
-7.583903560530451671e+01
-7.405502259156048694e+01
-7.099296352081464079e+01
-6.671612201908689599e+01
-6.160438361023339837e+01
-5.612313425603859685e+01
-5.059029913989250815e+01
-4.550346370370843374e+01
-4.120690522057922323e+01
-3.770475254703303136e+01
-3.510078900310772809e+01
-3.350717434583646792e+01
-3.287254601437631862e+01
-3.324452412659725553e+01
-3.458292517610153283e+01
-3.666856654309658126e+01
-3.928308472682333985e+01
-4.206058358084190019e+01
-4.459568773822748255e+01
-4.671631260882102055e+01
-4.835565950399151092e+01
-4.941996303782102729e+01
-4.987264449870142613e+01
-4.967904058732379724e+01
-4.879911547638968017e+01
-4.733169740112675328e+01
-4.543044530649526536e+01
-4.316403952338767880e+01
-4.061629308537585814e+01
-3.788768087636251636e+01
-3.502943140846880254e+01
-3.217161126931834758e+01
-2.946276014823829570e+01
-2.694541048179827314e+01
-2.466990880534757835e+01
-2.266734801498230922e+01
-2.084561411760756755e+01
-1.915864512016826993e+01
-1.762669022591052581e+01
-1.623590096567012608e+01
-1.506065849821293234e+01
-1.416754436326208300e+01
-1.354038504458273628e+01
-1.323544706195723286e+01
-1.329437107653522609e+01
-1.367220951019299768e+01
-1.439587342569547523e+01
-1.551050142506856488e+01
-1.696836194316453827e+01
-1.871356478849043370e+01
-2.063826930459482156e+01
-2.254727718414908821e+01
-2.427522246289698771e+01
-2.567183128657026359e+01
-2.652162260828588103e+01
-2.667824213757942786e+01
-2.611247019564414273e+01
-2.478848620375785927e+01
-2.279694614414178844e+01
-2.033323866341126518e+01
-1.756947452728156023e+01
-1.479242794719021958e+01
-1.227156325940470083e+01
-1.011351743936304359e+01
-8.446135076924834451e+00
-7.376600274058256801e+00
-6.896775953869663134e+00
-7.036606738179447262e+00
-7.800641639384525483e+00
-9.099717139240372177e+00
-1.085197483616647496e+01
-1.290609801608911589e+01
-1.504762343479802666e+01
-1.713285830197607851e+01
-1.904407384525996250e+01
-2.065097457681880400e+01
-2.189271940692420415e+01
-2.273985408508830730e+01
-2.314329818383012238e+01
-2.311106150511120916e+01
-2.268447966188426079e+01
-2.186916187403742740e+01
-2.071907662257916627e+01
-1.932822886032342780e+01
-1.775284278177915098e+01
-1.608854150635313474e+01
-1.443628633436439657e+01
-1.282568139681120201e+01
-1.131110261984598964e+01
-9.950375349812492942e+00
-8.719122082820879527e+00
-7.617807727476030522e+00
-6.670919800928709620e+00
-5.858104614640221364e+00
-5.210323486368570123e+00
-4.758662708062742830e+00
-4.480795573066157722e+00
-4.408102303909274156e+00
-4.568250133623622311e+00
-4.922493579505090366e+00
-5.472616453002506987e+00
-6.232352320838692172e+00
-7.164667663228699190e+00
-8.255858516664551061e+00
-9.472448071698742922e+00
-1.072131066740683281e+01
-1.193047826035582482e+01
-1.302688963276558631e+01
-1.390543211536105161e+01
-1.451883476929035943e+01
-1.486503312410949285e+01
-1.491868814077326277e+01
-1.469898551736925363e+01
-1.425079131836126400e+01
-1.360860694417180206e+01
-1.287707674998075191e+01
-1.216762994614587079e+01
-1.153684983367366357e+01
-1.105925245831241099e+01
-1.079205370716973356e+01
-1.074158404252404431e+01
-1.091593350708500942e+01
-1.129554182525418504e+01
-1.183594809968116301e+01
-1.248870634997311946e+01
-1.316623902088529441e+01
-1.377717671042451109e+01
-1.426494177009584696e+01
-1.459934064098414730e+01
-1.476992295610423334e+01
-1.478057260139002338e+01
-1.464506456036024318e+01
-1.438344719080971856e+01
-1.401915955601923436e+01
-1.357680602708542850e+01
-1.308050859981796066e+01
-1.255275316224661175e+01
-1.201364438112799604e+01
-1.148048658165494373e+01
-1.096761493950521782e+01
-1.048641041264975371e+01
-1.004544289510541333e+01
-9.650697775496613673e+00
-9.305850969926376948e+00
-9.012566946177422267e+00
-8.770800794533954559e+00
-8.579091556833002841e+00
-8.434838792878732505e+00
-8.334557200791802956e+00
-8.274106920942841725e+00
-8.248898868244365801e+00
-8.254075171624462470e+00
-8.284665475361469689e+00
-8.335720691207795241e+00
-8.402424998335012774e+00
-8.480187803707913474e+00
-8.564717196978213209e+00
-8.652076078668628156e+00
-8.738722759691686548e+00
-8.821537411066428191e+00
-8.897835950190623677e+00
-8.965372894452180219e+00
-9.022334589784314574e+00
-9.067324222590581684e+00
-9.099340081764427879e+00
-9.117748467824334568e+00
-9.122252554578384576e+00
-9.112858260125271670e+00
-9.089838188384225859e+00
-9.053694694117647046e+00
-9.005123047709263417e+00
-8.944975573576774863e+00
-8.874227356463704197e+00
-8.793943875468444915e+00
-8.705250915617734009e+00
-8.609307036249235878e+00
-8.507278918286692360e+00
-8.400319829056936527e+00
-8.289551224094696025e+00
-8.176047436460953222e+00
-8.060823281163171927e+00
-7.944824262667171233e+00
-7.828919228828429944e+00
-7.713895217391837811e+00
-7.600454395237755456e+00
-7.489212942827703223e+00
-7.380701577731361596e+00
-7.275367502679768172e+00
-7.173577423128552510e+00
-7.075621443983769687e+00
-6.981717678068728006e+00
-6.892017399430659275e+00
-6.806610582540519871e+00
-6.725531689870057228e+00
-6.648765567137738586e+00
-6.576253336093849988e+00
-6.507898207966394288e+00
-6.443571121898140852e+00
-6.383116150401985323e+00
-6.326355610841845056e+00
-6.273094855420325189e+00
-6.223126729633714938e+00
-6.176235692118575038e+00
-6.132201558650497653e+00
-6.090802843844561387e+00
-6.051819675617661431e+00
-6.015036283882656321e+00
-5.980243106902507044e+00
-5.947238521146930523e+00
-5.915830246471931453e+00
-5.885836406587446668e+00
-5.857086275620173588e+00
-5.829420768080119331e+00
-5.802692699463224635e+00
-5.776766925484642989e+00
-5.751520409411738477e+00
-5.726842269943665187e+00
-5.702633808856701236e+00
-5.678808368909873394e+00
-5.655290956155558213e+00
-5.632017635137776423e+00
-5.608934773586800482e+00
-5.585998300579788634e+00
-5.563172891688508592e+00
-5.540431142470744419e+00
-5.517752636770397068e+00
-5.495122849457500180e+00
-5.472532050468242204e+00
-5.449974215545091205e+00
-5.427446124503862990e+00
-5.404946764984723373e+00
-5.382476995747026649e+00
-5.360039484429831802e+00
-5.337638798617035718e+00
-5.315281350246430669e+00
-5.292975044629561587e+00
-5.270728495642822864e+00
-5.248550085203826931e+00
-5.226447359172819773e+00
-5.204427088045915362e+00
-5.182495892149185934e+00
-5.160660884151637262e+00
-5.138929982643437810e+00
-5.117311810865239785e+00
-5.095815309376947155e+00
-5.074449344693029218e+00
-5.053222258471765649e+00
-5.032141497623434212e+00
-5.011213316258870343e+00
-4.990442512159332544e+00
-4.969832338652488524e+00
-4.949384498260783083e+00
-4.929099290957121404e+00
-4.908975908916288766e+00
-4.889012842911406587e+00
-4.869208334534205207e+00
-4.849560738540233729e+00
-4.830068572731576637e+00
-4.810730250827165655e+00
-4.791543602641738175e+00
-4.772505452314669938e+00
-4.753611551753199826e+00
-4.734856908910023421e+00
-4.716236368184751448e+00
-4.697745190026573425e+00
-4.679379440882548202e+00
-4.661136117216326369e+00
-4.643013044107048515e+00
-4.625008627739854106e+00
-4.607121550470138160e+00
-4.589350514149390214e+00
-4.571694066943202017e+00
-4.554150538591414055e+00
-4.536718075563754837e+00
-4.519394728484151358e+00
-4.502178564585031850e+00
-4.485067752149801024e+00
-4.468060602142506887e+00
-4.451155557985435607e+00
-4.434351168859731018e+00
-4.417646052110947075e+00
-4.401038852232928456e+00
-4.384528187815253553e+00
-4.368112578410148217e+00
-4.351790401167765943e+00
-4.335559916041486161e+00
-4.319419396587012905e+00
-4.303367335799511473e+00
-4.287402666199919388e+00
-4.271524901315226330e+00
-4.255734156719849892e+00
-4.240030939573018465e+00
-4.224415803445341844e+00
-4.208889029799499859e+00
-4.193450407536888136e+00
-4.178099248441013103e+00
-4.162834497313237847e+00
-4.147654885408685210e+00
-4.132559040181693177e+00
-4.117545436471743869e+00
-4.102612200314486479e+00
-4.087756901132172160e+00
-4.072976519972034026e+00
-4.058267730163492182e+00
-4.043627571503773055e+00
-4.029054352595810684e+00
-4.014548435770828760e+00
-4.000112605266378019e+00
-3.985751573083896826e+00
-3.971470736466897744e+00
-3.957274529882422343e+00
-3.943165061826085616e+00
-3.929141820499328919e+00
-3.915202399620359319e+00
-3.901344069289967464e+00
-3.887565153170448262e+00
-3.873865490657993682e+00
-3.860246198306029886e+00
-3.846708739933589971e+00
-3.833254130274441174e+00
-3.819882442395071909e+00
-3.806592623430796518e+00
-3.793382703333976647e+00
-3.780250130197741587e+00
-3.767192089272644484e+00
-3.754205689181334016e+00
-3.741288114678054555e+00
-3.728436595325390179e+00
-3.715648530754306567e+00
-3.702921614101758241e+00
-3.690254004610529659e+00
-3.677644595277981932e+00
-3.665093111389064795e+00
-3.652600143072985084e+00
-3.640166952167256831e+00
-3.627795124889301892e+00
-3.615486216868303071e+00
-3.603241458746181181e+00
-3.591061605589731531e+00
-3.578946912030481098e+00
-3.566897245214812884e+00
-3.554912240118470290e+00
-3.542991442938431490e+00
-3.531134407046691681e+00
-3.519340741605599288e+00
-3.507610115404530049e+00
-3.495942229364843890e+00
-3.484336766607984082e+00
-3.472793344170036267e+00
-3.461311498995810698e+00
-3.449890705267095292e+00
-3.431142692445858788e+00
-3.393995867029896640e+00
-3.333901938608820892e+00
-3.245451059180706643e+00
-3.129157380917713116e+00
-2.992911418736682982e+00
-2.839912004544169477e+00
-2.681885988674101995e+00
-2.535294799764462592e+00
-2.406498580590556546e+00
-2.305512512024820548e+00
-2.241326980188695472e+00
-2.210903162531882238e+00
-2.215385400950764971e+00
-2.256158637260692768e+00
-2.324073623685774415e+00
-2.414257770689021143e+00
-2.522495825317546903e+00
-2.636094445957680499e+00
-2.749005325615080153e+00
-2.858044534150207205e+00
-2.952999690876539685e+00
-3.031470952907423744e+00
-3.095296904836794649e+00
-3.141043662394455094e+00
-3.174227303740277506e+00
-3.203252562347978394e+00
-3.230781524111078440e+00
-3.265481150281866363e+00
-3.314169706619935152e+00
-3.377962879948193553e+00
-3.457350847641687430e+00
-3.544681192628596378e+00
-3.628379991798479143e+00
-3.700461794718245656e+00
-3.755824030841522276e+00
-3.791652498782354996e+00
-3.806917114930183921e+00
-3.801943973719039249e+00
-3.778053908973690422e+00
-3.737259984989494299e+00
-3.682017593239729880e+00
-3.615021399432921001e+00
-3.539043703813781860e+00
-3.456809020008822841e+00
-3.370900035961583274e+00
-3.283690244730836483e+00
-3.197298882440596568e+00
-3.113564278320642309e+00
-3.034032127335114737e+00
-2.959955768156196321e+00
-2.892305708449869339e+00
-2.831785761577302551e+00
-2.778853592746467260e+00
-2.733743836426981932e+00
-2.696492634713234526e+00
-2.666962856540558313e+00
-2.644869399928527987e+00
-2.629804195238577336e+00
-2.621260463806312391e+00
-2.618655880092460642e+00
-2.621354237325416392e+00
-2.628685381466667970e+00
-2.639963222326547676e+00
-2.654501351371267859e+00
-2.671626130778402164e+00
-2.690687192851425991e+00
-2.711065799466750637e+00
-2.732181696628456002e+00
-2.753498792200997247e+00
-2.774529717882126878e+00
-2.794839292963438471e+00
-2.814046763570561716e+00
-2.831826790313206832e+00
-2.847909302911491025e+00
-2.862078023877387967e+00
-2.874168058364989786e+00
-2.884062867409979969e+00
-2.891690757756546493e+00
-2.897021131142566652e+00
-2.900060398379846305e+00
-2.900847655683034709e+00
-2.899450431128563821e+00
-2.895960573468817412e+00
-2.890490390259336628e+00
-2.883168985841341403e+00
-2.874138622162309531e+00
-2.863551248540973759e+00
-2.851565074843833258e+00
-2.838341482097610946e+00
-2.824042244439130656e+00
-2.808827176847613849e+00
-2.792852267274248401e+00
-2.776267753107651171e+00
-2.759216716293325433e+00
-2.741833779764624612e+00
-2.724244171024308159e+00
-2.706563650793670561e+00
-2.688898311780942851e+00
-2.671344821712412720e+00
-2.653990486387502568e+00
-2.636912891446353768e+00
-2.620179749273320091e+00
-2.603848799417626037e+00
-2.587967851827795762e+00
-2.569770157779323050e+00
-2.546020967527514056e+00
-2.516844177413738226e+00
-2.476317448871962146e+00
-2.415318408583611465e+00
-2.328986509420885920e+00
-2.211278320695544419e+00
-2.064619285199548404e+00
-1.898842930602977264e+00
-1.719903306704226642e+00
-1.541297718164553521e+00
-1.379332316160624572e+00
-1.242396186810040826e+00
-1.143664476546695452e+00
-1.095697657558262872e+00
-1.102476633675870010e+00
-1.168857595911649838e+00
-1.294011888141485267e+00
-1.470386705754138656e+00
-1.688747542017423608e+00
-1.932201093350713217e+00
-2.181520156342850569e+00
-2.422193923225259837e+00
-2.643642318441988603e+00
-2.838560952798738324e+00
-3.002359496061668853e+00
-3.132670868326411284e+00
-3.228918246372364464e+00
-3.291932248029383334e+00
-3.323614016018294315e+00
-3.326641602383050955e+00
-3.304217664992900705e+00
-3.259856421739186327e+00
-3.197207475629674001e+00
-3.119913648249621030e+00
-3.031499518744394273e+00
-2.935287075690936387e+00
-2.834334915415367195e+00
-2.731397575851360671e+00
-2.628901811755034679e+00
-2.528936846449646669e+00
-2.433255845549894492e+00
-2.343286215328140187e+00
-2.260146338862170090e+00
-2.184666798373731567e+00
-2.117414551379393384e+00
-2.058718815550476311e+00
-2.008697981001076993e+00
-1.967286576454541969e+00
-1.934261754627073060e+00
-1.909268888875753634e+00
-1.891845857500223493e+00
-1.881445864249110089e+00
-1.877458461589534666e+00
-1.879228738249693498e+00
-1.886074626776754748e+00
-1.897302334182653816e+00
-1.912219858833760222e+00
-1.930148581605976688e+00
-1.950433052314068494e+00
-1.972449116934774427e+00
-1.995610546504569482e+00
-2.019374278646395293e+00
-2.042889289425013022e+00
-2.065355789647320695e+00
-2.086514922491417234e+00
-2.101943866286225759e+00
-2.105286671051723957e+00
-2.093885447205133588e+00
-2.061903464945586517e+00
-2.004487994623893155e+00
-1.921741372143814797e+00
-1.811390756160909721e+00
-1.678133756863108506e+00
-1.532478754906457796e+00
-1.378683030967235768e+00
-1.224980382867061790e+00
-1.081766333349485354e+00
-9.506209747241445296e-01
-8.373341464182662008e-01
-7.502137130610561089e-01
-6.884512884264915034e-01
-6.543322605885252274e-01
-6.503048267124855730e-01
-6.686788791145014121e-01
-7.056181817950988311e-01
-7.592580149741509077e-01
-8.183240188770821710e-01
-8.765815196949289234e-01
-9.322015757356084675e-01
-9.749849007310535942e-01
-1.001264409720644455e+00
-1.012594166157679165e+00
-1.001745637181954196e+00
-9.695122649863567865e-01
-9.227513844281703959e-01
-8.590706079285967967e-01
-7.848893491872753758e-01
-7.117280095707424481e-01
-6.408030813869693976e-01
-5.815608892490347070e-01
-5.454967655227777046e-01
-5.315421917564333576e-01
-5.451401325040264867e-01
-5.923737108373970939e-01
-6.666862645786156838e-01
-7.673248403439862919e-01
-8.941181318653117494e-01
-1.035629691329662760e+00
-1.186582770484174043e+00
-1.342798850816727452e+00
-1.489284666022917092e+00
-1.617984379734040523e+00
-1.725190157132400870e+00
-1.797439897425912703e+00
-1.829380458639686013e+00
-1.822765738909339683e+00
-1.768596487813894225e+00
-1.665895307495863342e+00
-1.521695691400835937e+00
-1.333905452518379775e+00
-1.112910310764133381e+00
-8.765285218834258929e-01
-6.302371483515801787e-01
-3.898773736314923855e-01
-1.746514014039053930e-01
1.099315823101353930e-02
1.533486179803504601e-01
2.375577348874344796e-01
2.641598203666316036e-01
2.273159219040731815e-01
1.238657179584992385e-01
-3.534030682331210788e-02
-2.467411653253459569e-01
-5.051288217006167924e-01
-7.941345656046607804e-01
-1.104999434579433393e+00
-1.429035504735416406e+00
-1.748792711524032484e+00
-2.054626433639069827e+00
-2.339071799978601263e+00
-2.587839359313230059e+00
-2.794866437960287886e+00
-2.958087198089120573e+00
-3.070550117405549173e+00
-3.134588761803213330e+00
-3.156729656254201988e+00
-3.138661008639650252e+00
-3.090519991085896478e+00
-3.024519848814321676e+00
-2.946883252948142573e+00
-2.870123122328863907e+00
-2.806054213928101060e+00
-2.759487347997135132e+00
-2.737853923190487926e+00
-2.744805091479247228e+00
-2.778444585715016402e+00
-2.834820035123278625e+00
-2.902105156696856092e+00
-2.966270789706213051e+00
-3.017966320329680041e+00
-3.051511555622212324e+00
-3.064071030474584845e+00
-3.054969700719269543e+00
-3.025123431337668034e+00
-2.976566903810825782e+00
-2.912066095970766710e+00
-2.834804981308541194e+00
-2.748137262702885497e+00
-2.655394756855596672e+00
-2.559744656007022279e+00
-2.464088172521674558e+00
-2.370993959976320564e+00
-2.282659794200519787e+00
-2.200896678883293767e+00
-2.127130107915378598e+00
-2.062413930306592036e+00
-2.007453400945056643e+00
-1.962634073632105514e+00
-1.928054268605195798e+00
-1.901934888614946528e+00
-1.881560035638115025e+00
-1.865527904057904030e+00
-1.849295835627642104e+00
-1.827267168977095180e+00
-1.796879108608054443e+00
-1.755552752162060415e+00
-1.706041475126795604e+00
-1.654984872426131792e+00
-1.605791712394595949e+00
-1.564850740229614123e+00
-1.539311992325236966e+00
-1.531315203074327558e+00
-1.544942418408891349e+00
-1.583656334283097378e+00
-1.645212308242190780e+00
-1.727762671781974291e+00
-1.827979726933241178e+00
-1.937456129173556363e+00
-2.049466090248160288e+00
-2.158465573259390258e+00
-2.253833633850554463e+00
-2.326017590554114278e+00
-2.368787022327289105e+00
-2.370762824578451777e+00
-2.323429684636350689e+00
-2.225516933289919841e+00
-2.069478481643497236e+00
-1.852287559944211459e+00
-1.581029691775880375e+00
-1.254434476862795078e+00
-8.777840906014895417e-01
-4.670328777734941705e-01
-2.429015527334510080e-02
4.419023593511156589e-01
9.126828049133510756e-01
1.386671585897664594e+00
1.854007692890734083e+00
2.295309254793995724e+00
2.714273818240185321e+00
3.106341382510044546e+00
3.457693010207993911e+00
3.779812082216871705e+00
4.071941071514072696e+00
4.321747600015031665e+00
4.544515019876581796e+00
4.740881291707761847e+00
4.899447811319273427e+00
5.038277037863176488e+00
5.156249776562916942e+00
5.238858834957458299e+00
5.303268522687314857e+00
5.344904361051348474e+00
5.347038695557673194e+00
5.326647750094815947e+00
5.276391964208649199e+00
5.178757913454941075e+00
5.049878441715995869e+00
4.878875742105369007e+00
4.648274252348465474e+00
4.375330716661445685e+00
4.050367084669369788e+00
3.660066710368866438e+00
3.224127526432296165e+00
2.734909327030309090e+00
2.183563216074316582e+00
1.591696809572605620e+00
9.550524074985350387e-01
2.716406269895783598e-01
-4.336600982676654947e-01
-1.161429197584670447e+00
-1.909408318009589101e+00
-2.653933100401133949e+00
-3.395369708931835095e+00
-4.129875926842166756e+00
-4.836294332718987121e+00
-5.513717687435572223e+00
-6.156099989025924479e+00
-6.745034282697925043e+00
-7.279203641672595815e+00
-7.752916086804209073e+00
-8.152688974826340029e+00
-8.477271736495907817e+00
-8.720956438291150192e+00
-8.874162887378931330e+00
-8.931174180137031016e+00
-8.879319076085947060e+00
-8.708424589994113063e+00
-8.420548644897943191e+00
-8.025910256835549816e+00
-7.540087097600800981e+00
-6.981934081630734035e+00
-6.371626948816405012e+00
-5.729183527696334544e+00
-5.073414545865079894e+00
-4.421241101719907363e+00
-3.785734566609873397e+00
-3.176744218248575002e+00
-2.602997403597798520e+00
-2.068118601223528419e+00
-1.572964053369810822e+00
-1.119663574134444062e+00
-7.061673818435002525e-01
-3.311443691242818010e-01
3.609300215279519219e-03
3.035643233498376281e-01
5.737249082311008941e-01
8.143959886994861508e-01
1.035154446039303400e+00
1.243722903964538551e+00
1.440372313093840173e+00
1.637385738908538668e+00
1.842635919281223611e+00
2.052276178917689986e+00
2.278077227525264092e+00
2.524598087992828255e+00
2.781286441045545565e+00
3.057358888177235112e+00
3.351112363204605149e+00
3.644748876823520334e+00
3.945731834679036876e+00
4.247122451507395979e+00
4.526597224830239519e+00
4.794118423802911977e+00
5.043254984403043650e+00
5.252542478312111740e+00
5.437166923678090846e+00
5.592330430068245484e+00
5.698659099847460219e+00
5.776729016642782710e+00
5.822980018412843073e+00
5.819778434141438694e+00
5.792719821729914287e+00
5.738989453250949779e+00
5.640942517724389482e+00
5.525889327738064516e+00
5.388577715621386766e+00
5.210166510338972046e+00
5.019531315065619559e+00
4.810002619958048342e+00
4.562969219093568896e+00
4.308262845372818894e+00
4.036103361325150907e+00
3.726525628978649696e+00
3.409967324762992025e+00
3.076379278339733681e+00
2.707991830521427001e+00
2.337421110476114006e+00
1.954786357036994104e+00
1.543869263091968813e+00
1.138264296338622250e+00
7.286242951513542954e-01
3.012398457571130450e-01
-1.101518479337940254e-01
-5.163382315431335190e-01
-9.312615381688142957e-01
-1.322641341336084464e+00
-1.701401085227638221e+00
-2.080470091941885258e+00
-2.429847109339011269e+00
-2.762068949979963328e+00
-3.090340556881582046e+00
-3.388408589882655253e+00
-3.670187103850307775e+00
-3.947769237431189460e+00
-4.197834544389430711e+00
-4.435173396837256199e+00
-4.671838813456041350e+00
-4.889026100791032725e+00
-5.101744181754980900e+00
-5.319908933589770683e+00
-5.526638101423475113e+00
-5.733568102327696536e+00
-5.945728421910406070e+00
-6.146800701269585332e+00
-6.344638658618765525e+00
-6.540312613913336293e+00
-6.718602342043608289e+00
-6.883178377823946370e+00
-7.031091432977924605e+00
-7.148580649895899697e+00
-7.237365537655167991e+00
-7.294468365851793479e+00
-7.310596381954143297e+00
-7.287838837123749691e+00
-7.224900063368060898e+00
-7.117241244516120169e+00
-6.965125181818367928e+00
-6.764225816111669509e+00
-6.510659731042620635e+00
-6.207315273159846214e+00
-5.859510969972754779e+00
-5.474727967176298726e+00
-5.063049226860352192e+00
-4.635711415886448528e+00
-4.204048115874225999e+00
-3.778757207637577942e+00
-3.369430192473580110e+00
-2.984285837937694641e+00
-2.630056702039119898e+00
-2.311984409259569606e+00
-2.033519902478389429e+00
-1.796692420862086470e+00
-1.602677739555917302e+00
-1.447602914867033519e+00
-1.323663547174109167e+00
-1.224613822134458685e+00
-1.143108198437204903e+00
-1.074615732153830550e+00
-1.019090322151794403e+00
-9.729939903100123244e-01
-9.354869806735520710e-01
-9.099084499831363582e-01
-8.936891662603103637e-01
-8.864217468165055402e-01
-8.912113178293270543e-01
-9.034169184799670793e-01
-9.214226895515501559e-01
-9.478634299333772439e-01
-9.763665297887501593e-01
-1.004640074838719421e+00
-1.035482113219592604e+00
-1.060995050502713477e+00
-1.078421621012553677e+00
-1.091391104008691215e+00
-1.092398952113348143e+00
-1.081479676803010159e+00
-1.065626181855578114e+00
-1.038797106169534024e+00
-1.003329977098254666e+00
-9.681024479038704555e-01
-9.276792494724560578e-01
-8.865402615029313038e-01
-8.552996812473895316e-01
-8.284728009134337823e-01
-8.101324225443830018e-01
-8.088670005526349405e-01
-8.167612829880931402e-01
-8.368657392416868346e-01
-8.764343881120258972e-01
-9.252548152323533115e-01
-9.835868918893955204e-01
-1.055637453277771254e+00
-1.128990235047391488e+00
-1.203258867746751726e+00
-1.282652805427745513e+00
-1.355125278126385169e+00
-1.420866491269670018e+00
-1.484308198734077155e+00
-1.533618773694872983e+00
-1.569952635383812023e+00
-1.599618605342217892e+00
-1.614050807129344234e+00
-1.618311363815232440e+00
-1.621231585942148667e+00
-1.616176219532980962e+00
-1.609120996089084876e+00
-1.608413678898341859e+00
-1.607211292773384814e+00
-1.610800816511811728e+00
-1.626483651979362177e+00
-1.647399872213776373e+00
-1.677462801293994721e+00
-1.720883621696416288e+00
-1.768774244341928759e+00
-1.822768440859351413e+00
-1.885038183386364308e+00
-1.945952721234928573e+00
-2.005559184130504491e+00
-2.065075836213371652e+00
-2.115650844468374370e+00
-2.157562273885603066e+00
-2.192323884186597294e+00
-2.212446624144022600e+00
-2.219045201292512370e+00
-2.214743662110959299e+00
-2.193835033289380565e+00
-2.158621518531233630e+00
-2.113464682867033595e+00
-2.055445311376372874e+00
-1.989052221673023535e+00
-1.920002398420024070e+00
-1.846751792550600735e+00
-1.774119507594128953e+00
-1.707375065572236617e+00
-1.645246500106926968e+00
-1.592505472432568681e+00
-1.554049265539574121e+00
-1.528905253108632012e+00
-1.520835153807564399e+00
-1.532454680789441914e+00
-1.561350539943766380e+00
-1.609275199257147460e+00
-1.676630896641883695e+00
-1.759932746279862403e+00
-1.858578603526140238e+00
-1.970158509039940942e+00
-2.089894394447095571e+00
-2.213116575572841249e+00
-2.331349431275762552e+00
-2.435480376291607740e+00
-2.519782876771525348e+00
-2.581191755477659999e+00
-2.618700206756076287e+00
-2.632852738886540145e+00
-2.625318758951443954e+00
-2.598536558052098044e+00
-2.555420066241953059e+00
-2.499121933959453479e+00
-2.432846812721787266e+00
-2.359708706738505413e+00
-2.282626306020723028e+00
-2.203785846887076350e+00
-2.124953659102359449e+00
-2.048072473878886690e+00
-1.972585550191292114e+00
-1.896416507393506645e+00
-1.818795003998388005e+00
-1.738455353376402446e+00
-1.656308825441718868e+00
-1.575412046679338429e+00
-1.496300211399094193e+00
-1.420593641810460772e+00
-1.351122843359729098e+00
-1.287515932197768054e+00
-1.230814063871511266e+00
-1.183245454454495693e+00
-1.143126875867323422e+00
-1.109947261733301493e+00
-1.084354377714243922e+00
-1.063177747547907837e+00
-1.045520614300670781e+00
-1.032510186605664293e+00
-1.021411403747948476e+00
-1.011977992476225108e+00
-1.005834267735104648e+00
-1.001050517449306732e+00
-9.993547660897644791e-01
-1.004312847524487129e+00
-1.015659208284705572e+00
-1.036396331697005957e+00
-1.070174182029459686e+00
-1.116344006974231418e+00
-1.176988417065421899e+00
-1.254117532914011957e+00
-1.345701192434935356e+00
-1.451794406161740714e+00
-1.571485872406404916e+00
-1.700386609480368572e+00
-1.836090616046089252e+00
-1.975401607884922139e+00
-2.112682996908724409e+00
-2.243760770666721527e+00
-2.363828633219362985e+00
-2.467619240270602532e+00
-2.552276598094034732e+00
-2.615230179060334947e+00
-2.654224276777047198e+00
-2.668857612294939230e+00
-2.659514366851898348e+00
-2.627076667877318528e+00
-2.573212938913578718e+00
-2.500158037021460888e+00
-2.410523525102246101e+00
-2.307136541877238045e+00
-2.192905846565440076e+00
-2.070713463230277274e+00
-1.943330221818894366e+00
-1.813352766372549274e+00
-1.683159062139963913e+00
-1.554879396494846633e+00
-1.430379953905879686e+00
-1.311256583102720086e+00
-1.198836617608200372e+00
-1.094186933623031432e+00
-9.981268379275566316e-01
-9.112445652673000218e-01
-8.339162839116138759e-01
-7.663265014110828277e-01
-7.084890292002128387e-01
-6.602677098152337498e-01
-6.213966210442690707e-01
-5.914994552235756098e-01
-5.701079262202297659e-01
-5.566791684467957690e-01
-5.506118889390295701e-01
-5.512614092300771595e-01
-5.579534290062998503e-01
-5.699966041036313991e-01
-5.866938621783290841e-01
-6.073524916427807119e-01
-6.312930948923211050e-01
-6.578573769630073897e-01
-6.864147863541947281e-01
-7.163680158364219563e-01
-7.471575013213964667e-01
-7.782650017619396898e-01
-8.092163763800167553e-01
-8.395835269383401522e-01
-8.689855346160909599e-01
-8.970890208655978304e-01
-9.236077897840262452e-01
-9.483018970324291752e-01
-9.709762985261731760e-01
-9.914791815547128184e-01
-1.009699979159210947e+00
-1.025567007184966517e+00
-1.039044672653100410e+00
-1.050130163138552231e+00
-1.058849983779999171e+00
-1.065256545760909557e+00
-1.069424948248070439e+00
-1.071450205657777710e+00
-1.071444400835448230e+00
-1.069533812884913226e+00
-1.065855924431230672e+00
-1.060556149910979240e+00
-1.053784720462130231e+00
-1.045693837194350939e+00
-1.036435564245719920e+00
-1.026160705841362653e+00
-1.015018385534826706e+00
-1.003155779229323530e+00
-9.907171454812304656e-01
-9.778418931945851433e-01
-9.646619015856775503e-01
-9.512990353883721273e-01
-9.378637799879872006e-01
-9.244554067947325926e-01
-9.111634138650867021e-01
-8.980693810533199040e-01
-8.852483673130602249e-01
-8.727689561234738269e-01
-8.606919444772560546e-01
-8.490683419740049365e-01
-8.379378287950749460e-01
-8.273287495068605280e-01
-8.172596831976017828e-01
-8.077420294962609493e-01
-7.987825785004217805e-01
-7.903850473474635097e-01
-7.825501944324069203e-01
-7.752747068506822270e-01
-7.685497150535836042e-01
-7.623601430369094656e-01
-7.566855326136571191e-01
-7.515021465591714689e-01
-7.467853368555911198e-01
-7.425109413545406545e-01
-7.386552518159809066e-01
-7.351941251690446988e-01
-7.321018658017230951e-01
-7.293507233672994472e-01
-7.269113068301742420e-01
-7.247537391444442978e-01
-7.228491226441527973e-01
-7.198745185034038929e-01
-7.132904652032391324e-01
-7.011091142351357774e-01
-6.781657534337278692e-01
-6.372951865712587205e-01
-5.743335264446772781e-01
-4.827552484274874600e-01
-3.575946074027171462e-01
-1.999730530200506951e-01
-6.455316138378917705e-03
2.239046116927565500e-01
4.845915742316609931e-01
7.765001012850328843e-01
1.097169441673715884e+00
1.436099046155215664e+00
1.793163179168773658e+00
2.163128864047791922e+00
2.532313749324536012e+00
2.900136298391023715e+00
3.259447762138841131e+00
3.595721578621767556e+00
3.910633951703330613e+00
4.198265621252335933e+00
4.446130078497362526e+00
4.658905195086701312e+00
4.831575049158776558e+00
4.953455107799197954e+00
5.031555303493783882e+00
5.061843172488608822e+00
5.035996112308906980e+00
4.962783797117281459e+00
4.838160028977026350e+00
4.654882968335533278e+00
4.422306525823125334e+00
4.136933762397210224e+00
3.793925353933674582e+00
3.403653967060118468e+00
2.963397636493676046e+00
2.470729154606536859e+00
1.937010749517644514e+00
1.361641222200090651e+00
7.462168700943603294e-01
1.041850085452924596e-01
-5.617657532913327145e-01
-1.245848275460527343e+00
-1.932953652699231917e+00
-2.616780218374513911e+00
-3.287198962749210196e+00
-3.927641632045804077e+00
-4.528932659316610376e+00
-5.079125381013823493e+00
-5.563360092821235448e+00
-5.971721770048041833e+00
-6.292106435166002321e+00
-6.513464006557608599e+00
-6.631001900235757418e+00
-6.642450895505738195e+00
-6.549330911575581560e+00
-6.358606595709828113e+00
-6.081122025713798784e+00
-5.730203706016404830e+00
-5.320463062988279646e+00
-4.866818179342904394e+00
-4.383738459264305831e+00
-3.884700652449576630e+00
-3.381832854883011663e+00
-2.885478433262307796e+00
-2.404172740340206449e+00
-1.944957380959046578e+00
-1.508483279711978264e+00
-1.089658816444652567e+00
-6.845893096800146349e-01
-2.862295111978823137e-01
1.116101162424290166e-01
5.088855184841055701e-01
9.112007755564384137e-01
1.322170745737131003e+00
1.736907130857667347e+00
2.158413862803856276e+00
2.585191134268893798e+00
3.006082251621764012e+00
3.421072924495178746e+00
3.824012075237345432e+00
4.200346273925805285e+00
4.550257611120263057e+00
4.866388783665391848e+00
5.134555740909229726e+00
5.358108839326228612e+00
5.531962978626314253e+00
5.645469817281587588e+00
5.706114203132007567e+00
5.711005891811758772e+00
5.652531787826371890e+00
5.541023936130611283e+00
5.374767085427563984e+00
5.148278840569131987e+00
4.874160718618592014e+00
4.552126443271347966e+00
4.178559236112556086e+00
3.766892936012867565e+00
3.316745126691132306e+00
2.825607558507873485e+00
2.307825207770725751e+00
1.764337862492862952e+00
1.195195628205557581e+00
6.156287428127164008e-01
2.661377724693845398e-02
-5.715234092422317724e-01
-1.164639642909736983e+00
-1.751411900294395085e+00
-2.329676611234582140e+00
-2.885454522300638480e+00
-3.417218325952222635e+00
-3.922695869125893520e+00
-4.390249765637517676e+00
-4.819028597604731345e+00
-5.206701101297733558e+00
-5.544077754199991048e+00
-5.831614789420060063e+00
-6.068531303432458834e+00
-6.249108482727793401e+00
-6.374939091032177707e+00
-6.446489887897430826e+00
-6.461143252157437011e+00
-6.421807582740515663e+00
-6.330660938226179368e+00
-6.188118312347595129e+00
-5.997853877698107183e+00
-5.762565880543912833e+00
-5.484631676951638113e+00
-5.169392053409601395e+00
-4.822378541315398337e+00
-4.448886380511108740e+00
-4.055880001753949138e+00
-3.651209811609477551e+00
-3.240728554290124297e+00
-2.829023789778842612e+00
-2.420959414708176105e+00
-2.018581132010650148e+00
-1.623160502237885217e+00
-1.237412214376613973e+00
-8.605835199347579012e-01
-4.923265620279777544e-01
-1.353766991435031986e-01
2.120374355279316947e-01
5.503871634516208644e-01
8.758591310633093707e-01
1.190404622611469510e+00
1.493412298046310926e+00
1.779183979640776458e+00
2.049326396585654297e+00
2.301720305603006445e+00
2.529160825824636749e+00
2.733593075827123187e+00
2.912392306168624323e+00
3.058302998694272912e+00
3.174551353511192886e+00
3.258750426923642252e+00
3.304447011467170014e+00
3.316392753746611355e+00
3.292672626182046702e+00
3.228009319889987960e+00
3.128644979985397256e+00
2.993261529535103715e+00
2.817801084343113160e+00
2.609798438886949956e+00
2.368864399674865506e+00
2.092581168561703731e+00
1.789586866565575196e+00
1.460201414392670927e+00
1.103509366611912235e+00
7.293681963157090387e-01
3.396774417991734185e-01
-6.438050042386492255e-02
-4.719908213562218346e-01
-8.804770347073016534e-01
-1.287864280223663727e+00
-1.683623084761071809e+00
-2.064766437649774300e+00
-2.428706522526080214e+00
-2.765304794988248105e+00
-3.071690808842860054e+00
-3.346144345174193013e+00
-3.580872058531963553e+00
-3.774934650779409040e+00
-3.928699499586953525e+00
-4.037011507851000935e+00
-4.100714859329013251e+00
-4.122217210807145094e+00
-4.098991157942257324e+00
-4.034093429618834215e+00
-3.932563459984020682e+00
-3.794659534703808124e+00
-3.625299845556265055e+00
-3.430911288544586935e+00
-3.212872251718592587e+00
-2.976744917794117207e+00
-2.729549976720307747e+00
-2.473615116799011915e+00
-2.215390542377808192e+00
-1.962178904573149474e+00
-1.716271327860443341e+00
-1.483317354343275163e+00
-1.269025399765262074e+00
-1.074610547631155155e+00
-9.046769372487047933e-01
-7.634224951414528837e-01
-6.509733899362809550e-01
-5.699785423549313945e-01
-5.217055657490629050e-01
-5.040888011580684225e-01
-5.173440510012450311e-01
-5.603289227009183859e-01
-6.293053203169872711e-01
-7.204384753895189952e-01
-8.269623030755259840e-01
-9.410126753499985508e-01
-1.056253069470971750e+00
-1.166586187449748735e+00
-1.266849313419257550e+00
-1.353683631770935980e+00
-1.425179985981986253e+00
-1.478318981545977628e+00
-1.508658057896826277e+00
-1.513195372695813390e+00
-1.488350644431078562e+00
-1.431643140658102276e+00
-1.344311520947400584e+00
-1.227062962807590196e+00
-1.083481765855242251e+00
-9.210004869207976119e-01
-7.445075950232667994e-01
-5.610605459200626033e-01
-3.797996298580583741e-01
-2.055873400769196169e-01
-4.507957670814779355e-02
9.433285889755373133e-02
2.100536181939848257e-01
2.975278342566033407e-01
3.523470311110454833e-01
3.751379599656634589e-01
3.648116286263859975e-01
3.207528335240846795e-01
2.466603854909825422e-01
1.442002268863872838e-01
1.538918275484297236e-02
-1.342146950093644486e-01
-3.010800226054730633e-01
-4.813562900831759861e-01
-6.681824901620564416e-01
-8.569136484318549130e-01
-1.043553905101014534e+00
-1.221690909245634726e+00
-1.386976582443493644e+00
-1.536295721396137903e+00
-1.663751114171837298e+00
-1.764963698846296447e+00
-1.837613059415276862e+00
-1.876055888835194363e+00
-1.876350913866902337e+00
-1.838319748835366196e+00
-1.757197204873689689e+00
-1.630032487028848065e+00
-1.459525018501643290e+00
-1.242094528848626478e+00
-9.772033114991518499e-01
-6.722864171617608520e-01
-3.256604880298645255e-01
6.029674838439070400e-02
4.737342635936032109e-01
9.145915148947563189e-01
1.376416782089562529e+00
1.843013786892601757e+00
2.313644410130905271e+00
2.779835030150262565e+00
3.224662447181116054e+00
3.649598018900855667e+00
4.046607204602758578e+00
4.400456418394940172e+00
4.715760514836594197e+00
4.986035792299785996e+00
5.199249345434552971e+00
5.363368680305489633e+00
5.473466049203720374e+00
5.520287174676048458e+00
5.514055188553520281e+00
5.450948113819712226e+00
5.323965151693458964e+00
5.144312888021702612e+00
4.908288771676366125e+00
4.610544028099891278e+00
4.262920079799247475e+00
3.862422347620715790e+00
3.405993177656663207e+00
2.906119823132673474e+00
2.360614408223195682e+00
1.768606086024586688e+00
1.143195253558616509e+00
4.843747258520987864e-01
-2.048021905258944342e-01
-9.093275761477547237e-01
-1.625691291297759911e+00
-2.346648264639445980e+00
-3.055832569310153346e+00
-3.746417455508329830e+00
-4.407634072555077331e+00
-5.022828574917912903e+00
-5.583476113183272638e+00
-6.078590118883702154e+00
-6.494851850436295315e+00
-6.825226475012172500e+00
-7.061816899735315900e+00
-7.197864384343280797e+00
-7.231892646341390396e+00
-7.163462762087507762e+00
-6.995153528872445570e+00
-6.734916096521865292e+00
-6.394397577314531844e+00
-5.987476432699775586e+00
-5.529035818249969481e+00
-5.033988052143282488e+00
-4.516545813357851991e+00
-3.989720315630112424e+00
-3.465015746319067613e+00
-2.952283459240147234e+00
-2.459698341734583238e+00
-1.993822158436219016e+00
-1.559723459930233647e+00
-1.161129549462338373e+00
-8.005919504720753199e-01
-4.796522142215819962e-01
-1.989993571352058066e-01
4.138632454886247841e-02
2.421058306278752459e-01
4.042312546813069396e-01
5.292126087899725606e-01
6.188001308617956386e-01
6.749798560118760449e-01
6.999203549162230642e-01
6.959282221461896567e-01
6.654108768893528536e-01
6.108452572154755567e-01
5.372787390935900298e-01
4.524548245559653625e-01
3.634061191818596659e-01
2.802651689500338938e-01
2.145257197936791260e-01
1.733152002259627233e-01
1.665828967911735237e-01
2.020592186748313424e-01
2.792079722312666434e-01
4.006920046313711126e-01
5.638772239748794934e-01
7.574333522987227729e-01
9.771480620263641725e-01
1.214050035376579961e+00
1.453066866300313897e+00
1.690023233657450774e+00
1.915842901180825120e+00
2.116943192708073074e+00
2.292006078579780670e+00
2.434143677130722772e+00
2.533938821054504853e+00
2.594699799362097270e+00
2.612909625232522792e+00
2.582931808276504704e+00
2.511013888962724483e+00
2.395520784980459172e+00
2.233064955066098811e+00
2.031746035572293163e+00
1.792126585958348173e+00
1.513969267568148425e+00
1.207405445081993101e+00
8.744317703061311731e-01
5.164355098358658358e-01
1.444780144132094268e-01
-2.379021702901349122e-01
-6.275120435130152607e-01
-1.012613560945819557e+00
-1.389034321944227157e+00
-1.753550477632356275e+00
-2.095417411130335861e+00
-2.410696313694825843e+00
-2.696473649155453067e+00
-2.943551530563303320e+00
-3.149855263590088050e+00
-3.315305290672796890e+00
-3.434476395109357316e+00
-3.508574091278729323e+00
-3.540884174540403606e+00
-3.529585877319421972e+00
-3.478781299705987262e+00
-3.394446038105863650e+00
-3.277666220693646437e+00
-3.134693602992237427e+00
-2.972770336901852328e+00
-2.793933121081632276e+00
-2.604362656438631518e+00
-2.410542161497113423e+00
-2.214125491248353228e+00
-2.020519148470365511e+00
-1.835041647389184849e+00
-1.658630990951049489e+00
-1.495250739792510331e+00
-1.348111778158521457e+00
-1.216581057197249294e+00
-1.102695060518410930e+00
-1.007803028131627476e+00
-9.304810066985694794e-01
-8.716916987204511580e-01
-8.315057496237824308e-01
-8.077174778972806557e-01
-7.997661238459143895e-01
-8.061595431186022731e-01
-8.239525479547831210e-01
-8.506929431051214463e-01
-8.824293837554794129e-01
-9.148122037163674003e-01
-9.448811350397470221e-01
-9.700958097964114124e-01
-9.885062438135961971e-01
-9.991912063628396456e-01
-1.002010720258727172e+00
-9.973998523143845496e-01
-9.861977370189413117e-01
-9.695070081910177606e-01
-9.485799816100408677e-01
-9.247280095813840139e-01
-8.992509395998803390e-01
-8.733839253376591838e-01
-8.482589093088227505e-01
-8.248785084191870842e-01
-8.041001585774533167e-01
-7.866285174062876973e-01
-7.730143285264315933e-01
-7.636581460168900826e-01
-7.588175833059740416e-01
-7.586170356543844306e-01
-7.630591686461036804e-01
-7.720376005850757561e-01
-7.853503068910624441e-01
-8.027133344676870008e-01
-8.237744108603571869e-01
-8.481261739627287133e-01
-8.753187651651684886e-01
-9.048716315048926928e-01
-9.362844894748253433e-01
-9.689888082565962790e-01
-1.002411788126952974e+00
-1.036067440857780797e+00
-1.066001102042174908e+00
-1.084645138130931219e+00
-1.085539548292134615e+00
-1.061130034981992099e+00
-1.005363259784929575e+00
-9.171924975940133340e-01
-7.943543227765038628e-01
-6.379878105089253904e-01
-4.548958440285910676e-01
-2.492855753720986667e-01
-2.914508497047182609e-02
1.938219465931513008e-01
4.134158860774042599e-01
6.207937726074782558e-01
8.055781238196956240e-01
9.636350369401588400e-01
1.087934296341957818e+00
1.171459626741557347e+00
1.213663834712506606e+00
1.211477850216599261e+00
1.162920971428536898e+00
1.071312580849871576e+00
9.367395118610828408e-01
7.602271210591747819e-01
5.471671122537951071e-01
3.006781031514074165e-01
2.558482317685945029e-02
-2.700306421720136130e-01
-5.804468641434142873e-01
-8.988776238216605874e-01
-1.216556752861427393e+00
-1.526657037360177327e+00
-1.821788139412533702e+00
-2.093792343749538709e+00
-2.336141757986013090e+00
-2.542468917954856522e+00
-2.707174482170915386e+00
-2.827534545675423505e+00
-2.902885450383585919e+00
-2.932940830086180561e+00
-2.918429596229437095e+00
-2.861714075076086328e+00
-2.765107694660987381e+00
-2.631760985576556688e+00
-2.466230651731557089e+00
-2.272663794454966357e+00
-2.056695316827820808e+00
-1.825296749797616691e+00
-1.584449791216569148e+00
-1.341297301462939240e+00
-1.103156795479638186e+00
-8.756508367138871041e-01
-6.650826483071655693e-01
-4.769441164959805635e-01
-3.143375022713019162e-01
-1.794628698378458731e-01
-7.260228866799488257e-02
8.181219265543474353e-03
6.553341621139054107e-02
1.028170619550718284e-01
1.266757733681608822e-01
1.459642193548806033e-01
1.683349328933524680e-01
2.050647918316617357e-01
2.684969884387108374e-01
3.656679511107103209e-01
5.056919009160716350e-01
6.935489929466400749e-01
9.246240644555587807e-01
1.197534988449112880e+00
1.505084045842439489e+00
1.831786576476122752e+00
2.169918535706117257e+00
2.507148342692429477e+00
2.826669885015857364e+00
3.123300946903795339e+00
3.387975068472322882e+00
3.609272734916793013e+00
3.787874799646596458e+00
3.919403440529324101e+00
3.997664325434505006e+00
4.027976635481795853e+00
4.009578028513064218e+00
3.940014299199785075e+00
3.827643096190133321e+00
3.673937651732852583e+00
3.478448164165368173e+00
3.251107076400947093e+00
2.994801323267507698e+00
2.710544041881004507e+00
2.409309155515785061e+00
2.094556336488884174e+00
1.767605496824895317e+00
1.439727116359856396e+00
1.114639844942160174e+00
7.934161289713302923e-01
4.871014577506442289e-01
1.990839608692462626e-01
-7.061767297265843235e-02
-3.113773401636738547e-01
-5.198877194340452146e-01
-6.970622466642404369e-01
-8.319001196004441878e-01
-9.207941749101237194e-01
-9.665169992926136988e-01
-9.597705417060121702e-01
-9.004959080725594145e-01
-7.967346601429842190e-01
-6.422365116078192493e-01
-4.407849920646195740e-01
-2.051534597314351172e-01
6.878207469712875610e-02
3.738408994933569707e-01
6.935537985392900007e-01
1.030549458166458043e+00
1.375133903778265942e+00
1.710353708987347954e+00
2.040762126119487707e+00
2.357347756759006874e+00
2.645043835367893781e+00
2.909609545295807287e+00
3.141071588611075605e+00
3.325667479840317409e+00
3.471355305825365001e+00
3.570961559869827884e+00
3.615272331128878136e+00
3.614749570684308910e+00
3.563430890870346257e+00
3.454140459455083523e+00
3.297939994469880620e+00
3.090519879391966374e+00
2.828487224685169554e+00
2.524811699565661982e+00
2.176890646007739960e+00
1.783260640775713446e+00
1.356537010416587918e+00
8.950029782099996334e-01
3.995451599055441227e-01
-1.169370028920057175e-01
-6.544120912989586092e-01
-1.209329529015872318e+00
-1.768244960811217181e+00
-2.328562548907084473e+00
-2.884200427344587148e+00
-3.422157945255447142e+00
-3.938132566127560796e+00
-4.424223277610487060e+00
-4.867976133749136736e+00
-5.263241558166587453e+00
-5.601306542307316505e+00
-5.871797576869981050e+00
-6.068450930047616154e+00
-6.183920021079346796e+00
-6.212964788666481830e+00
-6.156369802811466840e+00
-6.017984902299671646e+00
-5.803461232231270195e+00
-5.520564935083260849e+00
-5.179305424834026894e+00
-4.789703441569201914e+00
-4.361834937742061769e+00
-3.906856151499872976e+00
-3.434339817247159310e+00
-2.954069343941664094e+00
-2.476744885854579081e+00
-2.009908685690989572e+00
-1.560754798192282911e+00
-1.136657711677526050e+00
-7.401854036855374241e-01
-3.730103399218329674e-01
-3.734556210519271446e-02
2.695733980795075313e-01
5.499986428196550481e-01
8.037197955246543346e-01
1.036338443841781976e+00
1.252538838973687341e+00
1.453060473736596636e+00
1.644976089698680255e+00
1.832120015845651873e+00
2.012085682792918995e+00
2.190366980018624954e+00
2.368138605836862087e+00
2.539702857898989308e+00
2.708933521159915259e+00
2.873491099475922628e+00
3.024263615892834878e+00
3.164017446740371220e+00
3.288635935420592293e+00
3.388576142873707120e+00
3.467719429162772649e+00
3.521775178075387647e+00
3.541907851094876936e+00
3.533434380519868689e+00
3.492692492327830411e+00
3.412661703839195315e+00
3.301241956854838122e+00
3.156972841888486592e+00
2.975408122119538312e+00
2.766740151307433671e+00
2.531048240899623991e+00
2.265707408869226391e+00
1.982026403542252790e+00
1.680340052948005702e+00
1.358894561079844632e+00
1.029404187969224616e+00
6.918383537584118503e-01
3.440247962878942301e-01
-3.435789913605269853e-03
-3.516349049530557158e-01
-7.031849173532697117e-01
-1.048888373986189171e+00
-1.390783132848393500e+00
-1.731075399002108162e+00
-2.061070079794748100e+00
-2.382639209398571101e+00
-2.697195304797437299e+00
-2.996123593844665756e+00
-3.279780101983078566e+00
-3.547855303509604319e+00
-3.792019763594908888e+00
-4.011997999733955211e+00
-4.206565666537020576e+00
-4.367925247707128200e+00
-4.495275530769260897e+00
-4.587459336394690723e+00
-4.638837308487328670e+00
-4.650780061811547128e+00
-4.625611790634208020e+00
-4.562631873297883445e+00
-4.466698661457503938e+00
-4.342693060738329613e+00
-4.192467011458019144e+00
-4.021930609192541084e+00
-3.836675963234404740e+00
-3.639895265587052453e+00
-3.437651343544779081e+00
-3.234938167205640536e+00
-3.034349737816678605e+00
-2.839720515979811122e+00
-2.653173559649011803e+00
-2.474589850017505199e+00
-2.303388613365323856e+00
-2.137201962836468461e+00
-1.972925728198981155e+00
-1.809036571613290567e+00
-1.645306637660443494e+00
-1.479080023862805904e+00
-1.305559738209335574e+00
-1.121205680382918013e+00
-9.197930612178578658e-01
-6.954085658991759900e-01
-4.473847074722294703e-01
-1.720368434594478080e-01
1.318198750213985804e-01
4.580013986407774351e-01
8.063517511938005367e-01
1.173930715268811875e+00
1.550355058076227976e+00
1.934869722289056737e+00
2.322704773624482133e+00
2.701368520203215162e+00
3.069323240934566321e+00
3.418756144819116383e+00
3.736485596277451471e+00
4.023707080641243827e+00
4.274975301759838864e+00
4.480461380416919326e+00
4.644641389856762004e+00
4.763349835770632090e+00
4.828506994187340418e+00
4.846666015263970451e+00
4.815775016935348596e+00
4.731431442328818626e+00
4.603433614920362515e+00
4.431435449555856110e+00
4.212366177478011231e+00
3.957059171740040071e+00
3.666205312517723858e+00
3.338414338824272853e+00
2.984977343105255088e+00
2.605709760176786016e+00
2.199050639457362788e+00
1.776346009498412704e+00
1.337962305345951730e+00
8.833152951830091082e-01
4.236030107177000126e-01
-4.133657637852224120e-02
-5.124157574128640480e-01
-9.795345289137215028e-01
-1.442347939060588224e+00
-1.899387737934036258e+00
-2.339194009126290830e+00
-2.760044729279578668e+00
-3.160012249567240694e+00
-3.529125602092153979e+00
-3.865979089760601006e+00
-4.168751172319665521e+00
-4.429032120618755286e+00
-4.645932603083505974e+00
-4.818465223097335937e+00
-4.940807706680764966e+00
-5.014209429971149490e+00
-5.040671919774365684e+00
-5.018949658736321595e+00
-4.953947583624580986e+00
-4.850969176268707272e+00
-4.712162293323990170e+00
-4.544001600203774416e+00
-4.352770600293051295e+00
-4.141938953198780915e+00
-3.917991087134391037e+00
-3.686643322378574172e+00
-3.450945467950998324e+00
-3.215517216484114371e+00
-2.983572560244782235e+00
-2.756305770665574251e+00
-2.536325281351972993e+00
-2.325398367942352884e+00
-2.124088890182862066e+00
-1.933280065483467425e+00
-1.752470324572436455e+00
-1.580559089872381584e+00
-1.417178297474614768e+00
-1.261992151910870552e+00
-1.114835250818465573e+00
-9.759967193106822148e-01
-8.460358286060609689e-01
-7.256362309594345250e-01
-6.155104070501742353e-01
-5.163362951975588588e-01
-4.270227667823879303e-01
-3.446290770721784358e-01
-2.665960708744805618e-01
-1.898163339631435409e-01
-1.118960622177097020e-01
-3.254833670464564455e-02
4.918558085589624235e-02
1.325852630353478723e-01
2.145500130454535415e-01
2.937019270958511341e-01
3.675918329133917584e-01
4.325776881787955497e-01
4.875280890806414913e-01
5.297599661426002360e-01
5.555800956939843660e-01
5.636883848668872155e-01
5.510494394252487549e-01
5.147181228480138815e-01
4.546916520246753191e-01
3.696648709464456228e-01
2.588717372401269090e-01
1.238308347249512664e-01
-3.538857044359044329e-02
-2.178824705289042485e-01
-4.206192430080273326e-01
-6.407474905731451731e-01
-8.735784782186050146e-01
-1.113017181590282068e+00
-1.352993588770851741e+00
-1.586148869571477826e+00
-1.805191328246334992e+00
-2.004484965059779800e+00
-2.179871749830210259e+00
-2.328511727145905930e+00
-2.448730837497989477e+00
-2.539871667991833615e+00
-2.602145873554628785e+00
-2.636489229696938441e+00
-2.644421419121622652e+00
-2.627913090068574320e+00
-2.589262640849651298e+00
-2.530984792123785354e+00
-2.455712355335493147e+00
-2.366112030222790708e+00
-2.264814317964223278e+00
-2.154357064415338918e+00
-2.037141774551331164e+00
-1.915401452022907680e+00
-1.789470667413588290e+00
-1.657773089156621360e+00
-1.519138094968994324e+00
-1.372127347958394639e+00
-1.216293737701899413e+00
-1.053139730127208074e+00
-8.839050639999211922e-01
-7.116090440539971640e-01
-5.408800468419250329e-01
-3.753011235786963828e-01
-2.198827966680856894e-01
-8.006450018611750707e-02
4.065237070599352076e-02
1.381625570054861862e-01
2.090871569667900054e-01
2.522832661113164621e-01
2.666154214272538070e-01
2.523258456797795590e-01
2.115468921907380784e-01
1.474380520697032293e-01
6.541252005453784824e-02
-2.841351408971573914e-02
-1.290029922398951145e-01
-2.319954588341833490e-01
-3.329433890513094907e-01
-4.274114988753334732e-01
-5.118690023469567585e-01
-5.819345971904813508e-01
-6.326696935253433018e-01
-6.608176205269907788e-01
-6.632623707567162352e-01
-6.388948021680417311e-01
-5.897258710603293652e-01
-5.179267176433800524e-01
-4.284558173207318466e-01
-3.284406826500073096e-01
-2.230625106358647414e-01
-1.184837184073321420e-01
-2.110928566026008812e-02
6.557929169332556152e-02
1.375012864987402161e-01
1.909527528256364792e-01
2.251210376294429660e-01
2.389961945520681919e-01
2.327573664870108694e-01
2.091907473916632954e-01
1.703020455664699950e-01
1.182808685112856223e-01
5.671040021893032634e-02
-1.222839074233371057e-02
-8.667462783640610124e-02
-1.632060071342477381e-01
-2.390931270332744829e-01
-3.120567481821796552e-01
-3.780540089978121632e-01
-4.336770675977523193e-01
-4.768998748097295626e-01
-5.038720807368530785e-01
-5.114053211669565835e-01
-4.982457737012860322e-01
-4.612261067876830545e-01
-3.990822173576882848e-01
-3.138682304660432854e-01
-2.054324653832020064e-01
-7.613422294163495196e-02
6.826814898742723792e-02
2.255802647800662364e-01
3.913517541503986341e-01
5.585806161100389522e-01
7.246623221430940065e-01
8.843806960440382392e-01
1.030964960002662911e+00
1.162945699238104869e+00
1.276408086786599672e+00
1.366649264736725655e+00
1.433810353095100520e+00
1.474800718057837745e+00
1.486098371228021131e+00
1.468798126734497389e+00
1.421195626920218169e+00
1.342081549219130698e+00
1.234458552683949328e+00
1.098611669469978125e+00
9.353457428003082441e-01
7.491396902792767376e-01
5.426183527381258642e-01
3.194189953937083271e-01
8.576872836806015421e-02
-1.543307016279409083e-01
-3.963008974138507723e-01
-6.336780492273325072e-01
-8.619284579526679257e-01
-1.076616492007389958e+00
-1.272301358788574088e+00
-1.445630755942881596e+00
-1.594289921111935016e+00
-1.715247708832392304e+00
-1.806790761048926663e+00
-1.868038475493136286e+00
-1.897034875620117633e+00
-1.893060771277552012e+00
-1.857081870216644948e+00
-1.788848296873399413e+00
-1.689312499336019124e+00
-1.561543066275476566e+00
-1.406822147430360603e+00
-1.227810592994631023e+00
-1.029520194829900870e+00
-8.146340560198112035e-01
-5.876997493840571130e-01
-3.554534394289618482e-01
-1.208215588254154121e-01
1.119942158021125095e-01
3.371165758091850817e-01
5.521102169047146235e-01
7.519177424402038179e-01
9.304256219044930720e-01
1.086005729208506576e+00
1.215261958758445893e+00
1.314745718607405633e+00
1.384839022790709251e+00
1.423106036759978599e+00
1.426861769755768838e+00
1.397177035548466284e+00
1.333629996979886378e+00
1.237005294621734253e+00
1.110912288713520768e+00
9.564941543640409494e-01
7.755356342416224180e-01
5.720334171308162352e-01
3.486417298493770245e-01
1.093498901452715499e-01
-1.400357834551237135e-01
-3.942934695258079048e-01
-6.470893922897321682e-01
-8.913872219830284438e-01
-1.121168826285418696e+00
-1.330668450928292668e+00
-1.512616438835655774e+00
-1.659172316314896589e+00
-1.764416882734107350e+00
-1.821900997282185131e+00
-1.826399018167015775e+00
-1.777107461365067476e+00
-1.672656885633192481e+00
-1.514494887038706272e+00
-1.309575905537229357e+00
-1.062586709136310592e+00
-7.812913990435002010e-01
-4.780738559857330428e-01
-1.607281170928953340e-01
1.605338466335233527e-01
4.734643616422461454e-01
7.724153154274313593e-01
1.049388828005682006e+00
1.295608194445887706e+00
1.508616853329694196e+00
1.682745566961564965e+00
1.812287461947524214e+00
1.898080981957974700e+00
1.938510348131337269e+00
1.932470901370144656e+00
1.883624600811565131e+00
1.792013601109416321e+00
1.658189997683974903e+00
1.486803866636393634e+00
1.279824538266268297e+00
1.040702756908319149e+00
7.760097977042036410e-01
4.891202158035549141e-01
1.838779955601427818e-01
-1.336437647813686902e-01
-4.590351733674217227e-01
-7.864759068419747701e-01
-1.108605865076821573e+00
-1.419188251026660685e+00
-1.710850597689693497e+00
-1.976066738649434162e+00
-2.208994775135480815e+00
-2.404411253139342897e+00
-2.558363478835558702e+00
-2.669010561746751442e+00
-2.736313829533114639e+00
-2.761725782169635490e+00
-2.747883043392848723e+00
-2.698311611842540092e+00
-2.617153036789825027e+00
-2.508918815638713440e+00
-2.378278091535030558e+00
-2.229881225578750570e+00
-2.068219470036167795e+00
-1.897519030784216687e+00
-1.721666381696098869e+00
-1.544160808873746848e+00
-1.368089737572268705e+00
-1.196122382253243854e+00
-1.030517486619022982e+00
-8.731413676406757363e-01
-7.254930031635558052e-01
-5.887334488636335461e-01
-4.637174566520723129e-01
-3.510256554695689868e-01
-2.509961210953848831e-01
-1.637545286365141295e-01
-8.851657483434668960e-02
-2.376525606327180989e-02
3.174858444519525202e-02
7.998519415566214541e-02
1.230652508121012345e-01
1.622663822200995642e-01
1.996391340625862376e-01
2.367391594039323921e-01
2.738306236111891501e-01
3.130224938040544469e-01
3.563364391040784174e-01
4.039816255337569939e-01
4.578121304487530741e-01
5.182664261301894726e-01
5.833001753792665944e-01
6.537606729070459810e-01
7.295292977722270811e-01
8.082050049068428832e-01
8.910091427799861075e-01
9.771649359106424626e-01
1.062808926606810589e+00
1.147763742972177425e+00
1.229275749290338560e+00
1.302583963313576065e+00
1.368180519723512178e+00
1.424081356029825107e+00
1.466334380994093856e+00
1.496150226187346943e+00
1.511587012028224430e+00
1.508974129361404515e+00
1.490193612505271714e+00
1.454333767544606193e+00
1.399728018321169998e+00
1.330331445360275477e+00
1.246600084923600749e+00
1.147611658247904565e+00
1.037890175352004229e+00
9.187585419750435856e-01
7.903941745092439852e-01
6.583620085689735335e-01
5.247910851339627758e-01
3.903432061994850932e-01
2.612737681360851050e-01
1.404419546984981837e-01
2.854133650939269171e-02
-6.925111555306805167e-02
-1.526186453444732249e-01
-2.237984773177742470e-01
-2.790433560910542399e-01
-3.180634035290869632e-01
-3.430391472748222648e-01
-3.519626802817387712e-01
-3.488524330926671135e-01
-3.401443805029187861e-01
-3.265964543732868264e-01
-3.126194230667465601e-01
-3.027581619412375580e-01
-2.961693502049546622e-01
-2.968653287476518687e-01
-3.098508723900897377e-01
-3.352287973914989672e-01
-3.759262676013592763e-01
-4.332869842776760350e-01
-5.040722708891156589e-01
-5.883370607227896842e-01
-6.854022147791731800e-01
-7.918235290690682771e-01
-9.073468081096016657e-01
-1.030744967010343016e+00
-1.158386175412602137e+00
-1.288562345533531994e+00
-1.418424146565209654e+00
-1.543738232605090577e+00
-1.661464642100977773e+00
-1.767505997337936119e+00
-1.857446106104219563e+00
-1.928052372884929921e+00
-1.976039742885989048e+00
-1.998886668472722672e+00
-1.995802754180694194e+00
-1.967368058704283662e+00
-1.915210797365639372e+00
-1.841721223574874999e+00
-1.749801687178875964e+00
-1.642653252012189702e+00
-1.523598548042991441e+00
-1.395939594976892684e+00
-1.262848202316010582e+00
-1.127285680359233933e+00
-9.919480660201966948e-01
-8.592327259007709328e-01
-7.312223366203549624e-01
-6.096824227537840368e-01
-4.960690573677781212e-01
-3.915437837582573799e-01
-2.969933266369940705e-01
-2.130521758595178838e-01
-1.401265204553058530e-01
-7.841845058096877374e-02
-2.794961614763092489e-02
1.141618642238687205e-02
3.995181497696529554e-02
5.804713842733222329e-02
6.619097113937168209e-02
6.495455091123783498e-02
5.518985931938588663e-02
3.788637641992655125e-02
1.386738177160576520e-02
-1.600145112163896266e-02
-5.110395672233514902e-02
-9.108460900333180399e-02
-1.355923245017920664e-01
-1.843452503670148512e-01
-2.367006151086252230e-01
-2.917150685275576305e-01
-3.485059592343156543e-01
-4.062386630833250134e-01
-4.626009920919701424e-01
-5.139169956208194945e-01
-5.572048748639953919e-01
-5.866127537462908492e-01
-5.940144861730294323e-01
-5.736648445174781230e-01
-5.175297167825989586e-01
-4.190639257113660809e-01
-2.783511228158994100e-01
-9.344553978963003604e-02
1.333999356020370841e-01
3.923559857162762232e-01
6.780234289515940649e-01
9.807771104085181157e-01
1.286119616062741500e+00
1.587864286528369862e+00
1.876765702496843380e+00
2.141147816905636603e+00
2.378289153634674857e+00
2.581429410657513746e+00
2.742674409379812328e+00
2.863022231671760398e+00
2.939094944552524957e+00
2.967045758059136507e+00
2.950236968140937055e+00
2.886356305812511014e+00
2.772824803406571892e+00
2.613398721936725622e+00
2.406845468846207758e+00
2.152922495329729902e+00
1.856688444176384900e+00
1.518299321390027323e+00
1.139248256283182048e+00
7.255468287488805457e-01
2.799889684406354218e-01
-1.919897608632631092e-01
-6.807535287259288692e-01
-1.178310205439564662e+00
-1.674147338911625038e+00
-2.153846598020433323e+00
-2.602961539073202601e+00
-3.006307068563846219e+00
-3.347574805860204172e+00
-3.613242410759167633e+00
-3.793904824829659628e+00
-3.881536152616991586e+00
-3.873239567813113737e+00
-3.773273832679404638e+00
-3.587500273050564292e+00
-3.327365122754938564e+00
-3.009882445615819524e+00
-2.649547042755837190e+00
-2.262656497249898369e+00
-1.865972241215464900e+00
-1.470957191512389572e+00
-1.090235564360975573e+00
-7.353015998951933918e-01
-4.117082031514009421e-01
-1.253871888484513752e-01
1.194034384580657526e-01
3.224200789139285983e-01
4.816149082198790121e-01
5.962496143448282604e-01
6.686578461275147767e-01
6.999199070901236386e-01
6.927256748093840732e-01
6.517994655184711217e-01
5.803050942387016908e-01
4.820417128264070095e-01
3.620787273552442675e-01
2.256702741709251947e-01
7.983545001023359400e-02
-6.822149247898053048e-02
-2.130096313956480469e-01
-3.499697000033165084e-01
-4.746154699441962888e-01
-5.827260411557613207e-01
-6.712588227070700464e-01
-7.376275401083206562e-01
-7.801989200039006755e-01
-7.991046009927222915e-01
-7.952296441895467805e-01
-7.713615112717879807e-01
-7.317998435472713448e-01
-6.803037627899886086e-01
-6.213918696313137646e-01
-5.598921940711383272e-01
-4.996085847171705674e-01
-4.448776780836727340e-01
-3.995380790229017265e-01
-3.658487000211597118e-01
-3.455418279486707767e-01
-3.389137554764852234e-01
-3.448152873970095067e-01
-3.615896593759591604e-01
-3.867473048411034786e-01
-4.165825004553264654e-01
-4.470770098839275120e-01
-4.749171786846176913e-01
-4.955522700193075725e-01
-5.037798462550773237e-01
-4.959669261693341880e-01
-4.675408702284077900e-01
-4.151436767866936162e-01
-3.389861860791528181e-01
-2.380258082121579633e-01
-1.135146712414276671e-01
2.910898339457571038e-02
1.869591161981513372e-01
3.552126255297487489e-01
5.265499301946579003e-01
6.980436866899369930e-01
8.647089724641708885e-01
1.019732077214228871e+00
1.161187228430456742e+00
1.284745285926031766e+00
1.385028381846438172e+00
1.460840114866040151e+00
1.507589368605174673e+00
1.520716714303853134e+00
1.500223328330008599e+00
1.443428634131270982e+00
1.348303989498035982e+00
1.216491422556313484e+00
1.047087554971715795e+00
8.402398936446141553e-01
5.993110239206914658e-01
3.267251373911723711e-01
2.751234134139543194e-02
-2.903280371855544439e-01
-6.192379352709650453e-01
-9.500257152996922638e-01
-1.271829152847826272e+00
-1.574520862420830669e+00
-1.848434256308520318e+00
-2.083269241463907129e+00
-2.269919579202678950e+00
-2.402111680687576634e+00
-2.474604525809403821e+00
-2.485533325354720713e+00
-2.437748050895137908e+00
-2.334879804107797607e+00
-2.183885407983938709e+00
-1.995022539378929149e+00
-1.776639079179853198e+00
-1.538470128594243036e+00
-1.291174371960604583e+00
-1.042565069303034608e+00
-8.018270980848400953e-01
-5.775124354036920149e-01
-3.741293447998192967e-01
-1.963141966303260100e-01
-4.729237152494841778e-02
7.241549047155165786e-02
1.609267238976850589e-01
2.172132517219812209e-01
2.424692644198327973e-01
2.376817028647560393e-01
2.056021419049645083e-01
1.508835942433611188e-01
7.799045779320368244e-02
-7.959975390881963292e-03
-1.009737723824931793e-01
-1.954659847861321409e-01
-2.862393647719642109e-01
-3.669533394561131923e-01
-4.311579193331073201e-01
-4.740526297776325726e-01
-4.915700958302844925e-01
-4.824170194359347352e-01
-4.485054690082050377e-01
-3.917798555911288783e-01
-3.163398213068783771e-01
-2.283065125914591764e-01
-1.321789145289370970e-01
-3.359704417747666483e-02
6.105777170310252439e-02
1.475759817108487360e-01
2.210958541497563823e-01
2.776590092491982298e-01
3.157877193943157690e-01
3.332521833101764197e-01
3.287777255867279647e-01
3.031245587897283822e-01
2.564168114597140113e-01
1.894595678134481098e-01
1.043877100772721556e-01
3.460712572675517153e-03
-1.095517799679646270e-01
-2.300697534681773737e-01
-3.539618480686644864e-01
-4.768114200405363934e-01
-5.944571409807198892e-01
-7.036957675227458742e-01
-8.021581055299366048e-01
-8.882007283550062970e-01
-9.608080264059333242e-01
-1.019501578128689356e+00
-1.062292350703300414e+00
-1.085508210112532845e+00
-1.086373259559333837e+00
-1.060277503431297674e+00
-1.002010876862876376e+00
-9.096853107314373243e-01
-7.790810487454142841e-01
-6.071103998888566222e-01
-3.965472593566281567e-01
-1.469955428614908299e-01
1.389996333323480771e-01
4.521258808982771549e-01
7.893613782469742768e-01
1.144663155866908699e+00
1.505857250821230897e+00
1.867791260009651344e+00
2.220301752224798975e+00
2.549904907260232889e+00
2.853865651379558610e+00
3.125872343520843089e+00
3.357855355689788990e+00
3.551903531469032593e+00
3.704883871860980449e+00
3.811519070093388528e+00
3.874948235214353609e+00
3.892473523611608144e+00
3.861196655093535490e+00
3.786493144510302944e+00
3.667475777937174719e+00
3.502674396322114525e+00
3.297195782361352911e+00
3.049449400323137382e+00
2.757735570718696128e+00
2.426747992815306620e+00
2.056411768004095197e+00
1.648665952473603813e+00
1.211126862399452664e+00
7.464504189047519445e-01
2.587354335321647159e-01
-2.433929063420519623e-01
-7.545813414394818563e-01
-1.267045669543745090e+00
-1.769475377906632563e+00
-2.253490224260348729e+00
-2.709513401595576187e+00
-3.126188615878590760e+00
-3.494885736695843459e+00
-3.807497519188073998e+00
-4.056196376997969644e+00
-4.236602761404295592e+00
-4.346616748273350872e+00
-4.384726165208224558e+00
-4.352013346594833187e+00
-4.252329241811959371e+00
-4.089508441410634632e+00
-3.869354262318631665e+00
-3.600344140171877427e+00
-3.289627560852683708e+00
-2.945397026030869725e+00
-2.577375910863771935e+00
-2.192789137574300273e+00
-1.800162102390580054e+00
-1.409147595323243296e+00
-1.025989828224506351e+00
-6.578954868330142425e-01
-3.122892252905916655e-01
6.720947800244399944e-03
2.935698100305120239e-01
5.432161997375711815e-01
7.538933523616707655e-01
9.226381456153583960e-01
1.047585513469292628e+00
1.129587951089129572e+00
1.168396883188669078e+00
1.164820620010496910e+00
1.122066478209019724e+00
1.043371372704978706e+00
9.334997047455270147e-01
7.998578491272569924e-01
6.506827034211273286e-01
4.947227828865310983e-01
3.431387413366581152e-01
2.073726552633999021e-01
9.640955825989777628e-02
2.014224096062966832e-02
-1.416785737815413719e-02
-5.267126571021995760e-03
4.824799716332155847e-02
1.432459140001398346e-01
2.707147208283330886e-01
4.240699954817011563e-01
5.931161566658805784e-01
7.650305744124464846e-01
9.321452841584386695e-01
1.084405374219433726e+00
1.211773687004226385e+00
1.310139285220135008e+00
1.373292566231516298e+00
1.396017190128701069e+00
1.378054796429864837e+00
1.316846366103061383e+00
1.211237438482702267e+00
1.063940884512987184e+00
8.757104995126082647e-01
6.491734313761639008e-01
3.899094791327607501e-01
1.020438381115768012e-01
-2.084402907917492498e-01
-5.335835842065889123e-01
-8.657946327214628424e-01
-1.195427963678646677e+00
-1.512287346093474039e+00
-1.807851783144892366e+00
-2.074380411164259197e+00
-2.305474497645200405e+00
-2.496820330996182058e+00
-2.645990956332247013e+00
-2.751766871486455823e+00
-2.813886789339228311e+00
-2.833433504079482468e+00
-2.809080600630155189e+00
-2.737077609999643446e+00
-2.615949278588104665e+00
-2.441745567971311370e+00
-2.210751796282832249e+00
-1.925464677273342140e+00
-1.585262390626778650e+00
-1.192531053318262257e+00
-7.582320337123630294e-01
-2.885849150278104736e-01
2.054513715856014222e-01
7.062090620752351500e-01
1.204718550042870540e+00
1.687947617691632374e+00
2.140071478376184722e+00
2.556958129093999776e+00
2.930862520237131896e+00
3.252798583337893401e+00
3.524071619325711335e+00
3.740753479672917159e+00
3.898270358323097984e+00
4.000834668926124493e+00
4.046830659778857253e+00
4.034481613011884349e+00
3.968870469873362783e+00
3.848420821020114513e+00
3.671560742022592194e+00
3.442496031663468070e+00
3.159639610736837856e+00
2.822700281496411723e+00
2.436612112283444542e+00
2.001607077879645313e+00
1.520025734053310984e+00
9.989430150362836880e-01
4.428297495901353242e-01
-1.404248240883263221e-01
-7.387132434418987037e-01
-1.340742096510721959e+00
-1.931759487268106312e+00
-2.495196130838142512e+00
-3.016610732943534767e+00
-3.481438567947254814e+00
-3.876852716414219913e+00
-4.194538382534181764e+00
-4.429971308002606634e+00
-4.581662104509348410e+00
-4.651340496073516739e+00
-4.643887838750958785e+00
-4.563266970465459593e+00
-4.412169205135275440e+00
-4.195431451897746022e+00
-3.914442586110751243e+00
-3.569267471792750168e+00
-3.164849228670304715e+00
-2.703121082590649760e+00
-2.188999186265720098e+00
-1.635368705757974439e+00
-1.050947362378188199e+00
-4.492822835172525786e-01
1.501565118677425648e-01
7.360669991673794987e-01
1.293632597595788303e+00
1.806654251090522578e+00
2.268677557427379643e+00
2.669701521847607228e+00
3.000944088923998887e+00
3.262804330594226698e+00
3.451897608808240037e+00
3.565798691062916248e+00
3.607518464735687047e+00
3.574674955557828326e+00
3.465844187392749465e+00
3.284837605137609806e+00
3.032997972860767888e+00
2.714220949099238833e+00
2.340012731388479761e+00
1.923857825168941327e+00
1.481486504310017382e+00
1.038905392021757468e+00
6.269413660334365312e-01
2.735549343245108345e-01
1.210277726118494553e-02
-1.331283207560618187e-01
-1.583529990741034954e-01
-6.362806186387255647e-02
1.329773687064687571e-01
3.984883507963667970e-01
7.109353914174803002e-01
1.042180354098738659e+00
1.363368481820079303e+00
1.662459130107292182e+00
1.922431394760222734e+00
2.127975338095350555e+00
2.278169300132199648e+00
2.366480223220270851e+00
2.388383046286309597e+00
2.349435409559330612e+00
2.247627261145379585e+00
2.082414981249965269e+00
1.861088576578516118e+00
1.584313400670038341e+00
1.255150048976293897e+00
8.833340103209816885e-01
4.730844325694553154e-01
3.106276528188019886e-02
-4.302471599710068206e-01
-9.020201403167212861e-01
-1.373134158123932691e+00
-1.827012555216313006e+00
-2.249696341657450915e+00
-2.627846434598906544e+00
-2.942951944335866266e+00
-3.179172680280057506e+00
-3.327036258905252009e+00
-3.371531679561496908e+00
-3.302066127483096469e+00
-3.121397382741895488e+00
-2.826955246564500701e+00
-2.425465876703222001e+00
-1.939424324756287454e+00
-1.380403181178197158e+00
-7.694176835515702528e-01
-1.376095384516853037e-01
5.013229368502897243e-01
1.124845133921016149e+00
1.707551800341087889e+00
2.245878630445985902e+00
2.728331065077831852e+00
3.142759132587110482e+00
3.494763333632940228e+00
3.779076559918907563e+00
3.990038092414221360e+00
4.136652326680222203e+00
4.216905625729839180e+00
4.229019579142693885e+00
4.182693689131841808e+00
4.075782342470795072e+00
3.906372892032842437e+00
3.682167299384924597e+00
3.400125705266744625e+00
3.059090934536161654e+00
2.666463603890097733e+00
2.219945551880087020e+00
1.720000736305966393e+00
1.174543298035562566e+00
5.837497842334201659e-01
-4.824917682969455390e-02
-7.101885626923644113e-01
-1.394674342393927624e+00
-2.088774334267458066e+00
-2.773096412483002648e+00
-3.429864467211387602e+00
-4.037943089166526889e+00
-4.573266717438942308e+00
-5.015345912498821335e+00
-5.347124509746007170e+00
-5.554678991040794322e+00
-5.633027803670931810e+00
-5.586884714887616177e+00
-5.425396735799173698e+00
-5.165349462919808232e+00
-4.829135402119662857e+00
-4.436857042976899201e+00
-4.009855109987070954e+00
-3.568685553592999771e+00
-3.128037670072511656e+00
-2.701982956068159414e+00
-2.301852620868714450e+00
-1.933326118370865210e+00
-1.601647997388918165e+00
-1.309545015187329575e+00
-1.055867315863302069e+00
-8.402768647048335371e-01
-6.613946573904999626e-01
-5.155135185332293535e-01
-3.999650029591519940e-01
-3.115751325406227457e-01
-2.454413825003581850e-01
-1.977764057588647650e-01
-1.651475790422200218e-01
-1.426087406751746778e-01
-1.262160783487213667e-01
-1.132447716216614803e-01
-9.973766934545344465e-02
-8.311809839283094969e-02
-6.258984666846090228e-02
-3.458585587185550314e-02
4.027535010069678220e-03
5.377285626520841161e-02
1.176262518942817747e-01
1.963464032670806658e-01
2.870036692643602727e-01
3.912921049463798928e-01
5.095965157729409611e-01
6.385614399494775606e-01
7.791542175608563436e-01
9.280740954803110565e-01
1.077600270161597207e+00
1.226607577072609701e+00
1.371081148108227454e+00
1.504459615007215811e+00
1.627341692167500131e+00
1.735722461456749244e+00
1.822897664749368429e+00
1.889794396074213401e+00
1.933260946744537634e+00
1.949057790593415884e+00
1.940197626815229892e+00
1.904374157794419320e+00
1.838164490505150850e+00
1.744798817616675324e+00
1.622339224783063250e+00
1.468650708867438981e+00
1.287205180793254300e+00
1.075896291092020451e+00
8.331268842320351808e-01
5.629409393669894124e-01
2.653227206397892335e-01
-5.839457903334589750e-02
-4.026759055463768333e-01
-7.660355261128304338e-01
-1.145334189423090399e+00
-1.533838345686084903e+00
-1.926912851463715715e+00
-2.317154180901261906e+00
-2.694617126804373264e+00
-3.051682210505044068e+00
-3.380183799389641752e+00
-3.671586838587642454e+00
-3.918946544898038287e+00
-4.115180929364132822e+00
-4.254529412329664417e+00
-4.334616304842286993e+00
-4.355644667283975480e+00
-4.319650752565260987e+00
-4.230500746953113733e+00
-4.093627389701378405e+00
-3.915579753909852911e+00
-3.704012468942128322e+00
-3.466933308132993830e+00
-3.211644924904723197e+00
-2.944620082017400442e+00
-2.671469354712283195e+00
-2.396073904895734241e+00
-2.121061672177040336e+00
-1.848881287400956142e+00
-1.579241159405190720e+00
-1.309748095740008722e+00
-1.038923291415710937e+00
-7.634059609326270257e-01
-4.805795876547611645e-01
-1.914616497014242635e-01
1.039157598655844617e-01
4.025766921591128478e-01
6.978850220771437574e-01
9.857690534447178798e-01
1.259605904713553493e+00
1.511026181827471948e+00
1.735410562628922904e+00
1.925917360779849874e+00
2.075776390172352492e+00
2.182532659523165552e+00
2.242217342636614763e+00
2.252052928051293978e+00
2.212792887131810993e+00
2.123513051757348613e+00
1.984492875788888888e+00
1.799152249258795688e+00
1.570678712386196940e+00
1.304346518049358084e+00
1.008748994849295144e+00
6.932663961738495528e-01
3.687359132575955267e-01
4.818415200337707732e-02
-2.559022502167758728e-01
-5.325311210227585690e-01
-7.703883207335784356e-01
-9.613230180041202333e-01
-1.102307484686114059e+00
-1.191227084126123215e+00
-1.230314691942498539e+00
-1.226623179380385897e+00
-1.185437383491358077e+00
-1.113986509550463300e+00
-1.021206605587127170e+00
-9.132806925385344998e-01
-7.990246624561679889e-01
-6.874824075724277339e-01
-5.834337490638038526e-01
-4.926723423136215585e-01
-4.199288515196512028e-01
-3.663024622653189843e-01
-3.345282119959210321e-01
-3.267432978429761214e-01
-3.422866807293931113e-01
-3.811903306523011237e-01
-4.416211999331483007e-01
-5.195943966230495148e-01
-6.124804252162631135e-01
-7.169591285373132505e-01
-8.287117387106691657e-01
-9.445352719653664630e-01
-1.060864289241335578e+00
-1.173793726238096635e+00
-1.279901302925087636e+00
-1.375189991623482433e+00
-1.455895883837949878e+00
-1.519530431430835327e+00
-1.564650307700235388e+00
-1.590702736228454706e+00
-1.597896022031585650e+00
-1.587049534162830788e+00
-1.559455084498064581e+00
-1.516750788777096126e+00
-1.460808593896707697e+00
-1.393636333471660826e+00
-1.317294683540453315e+00
-1.233828839544925726e+00
-1.145214229269883477e+00
-1.053315166248067314e+00
-9.598550791397431059e-01
-8.663967792503746157e-01
-7.743311847504973366e-01
-6.848729445100379953e-01
-5.980007608843413980e-01
-5.124305282240422255e-01
-4.270438639598502784e-01
-3.407067459340639148e-01
-2.529840030099277937e-01
-1.644788799237960619e-01
-7.544902960992616592e-02
1.316377934126061744e-02
9.955932645147315407e-02
1.822812009298042657e-01
2.585491306106562637e-01
3.247541372884056310e-01
3.781997316383329255e-01
4.160649322607114509e-01
4.363773257840616870e-01
4.387939699513497827e-01
4.230635233671605211e-01
3.895324584519354594e-01
3.405295436999001280e-01
2.795722678251075233e-01
2.107730191799223884e-01
1.421935670645049221e-01
8.465311279088964802e-02
4.727441306743447591e-02
4.107761213155128321e-02
7.515368423817794796e-02
1.519409519371250628e-01
2.743668251875144293e-01
4.403750615299726889e-01
6.407563628952234192e-01
8.684473513596505656e-01
1.111141424721405757e+00
1.352908655693462192e+00
1.583828585522669474e+00
1.791652463773761195e+00
1.964963933502015037e+00
2.099283127888658562e+00
2.187804737964478718e+00
2.224929240466140268e+00
2.210157587412904689e+00
2.140383835699003257e+00
2.014070186268722029e+00
1.833990298112764927e+00
1.601613304381149128e+00
1.320817411097156668e+00
1.000733686504331255e+00
6.519750030544271269e-01
2.875231651463852622e-01
-7.509311512461913640e-02
-4.177458215662407937e-01
-7.236278107328418807e-01
-9.743495415902853063e-01
-1.156164714409485095e+00
-1.263748083019518242e+00
-1.293729561535535755e+00
-1.251259876354573475e+00
-1.150207007086772482e+00
-1.002298651804481855e+00
-8.232206948389370060e-01
-6.300095816881482458e-01
-4.330359413220897236e-01
-2.447235573443839463e-01
-7.637067426638970147e-02
6.722775841054920432e-02
1.793287990764795004e-01
2.549759529614618603e-01
2.942282852164428419e-01
2.950646447876874023e-01
2.574390051010432834e-01
1.848242039162425188e-01
7.870829708010736170e-02
-5.759372669444163401e-02
-2.183499842960715254e-01
-3.991438344898079471e-01
-5.939232812958143981e-01
-7.950905567980596222e-01
-9.956514866361380056e-01
-1.187608913743438244e+00
-1.363032024376747531e+00
-1.515995861298137459e+00
-1.641944140573365019e+00
-1.737236956534083721e+00
-1.799700382166166568e+00
-1.828759795098378049e+00
-1.825184534704266781e+00
-1.791669635111704295e+00
-1.732338436837818296e+00
-1.651591926278756617e+00
-1.554434242656264731e+00
-1.445949581328886069e+00
-1.330484754591820140e+00
-1.211734240400408336e+00
-1.092329663891535407e+00
-9.740844987529921895e-01
-8.585532247643223869e-01
-7.468692200196591635e-01
-6.389388817135313037e-01
-5.336963434333510392e-01
-4.302686391459947246e-01
-3.270534684990810681e-01
-2.222910311053043486e-01
-1.152565693606306813e-01
-4.810847352526328481e-03
1.091679268054745744e-01
2.250856254137610091e-01
3.415428184377220511e-01
4.553012555568118347e-01
5.618085348147959790e-01
6.577125129301863993e-01
7.388259875137648258e-01
8.011153311838918878e-01
8.422922885467986065e-01
8.595151439631414370e-01
8.506146898050033212e-01
8.154616502836757874e-01
7.544098916882323591e-01
6.691921361391099943e-01
5.633108534248832955e-01
4.406053297100199773e-01
3.056900943001302773e-01
1.649451316424233871e-01
2.544669495319501137e-02
-1.060836271191417518e-01
-2.231254325977323483e-01
-3.213472663568213705e-01
-3.990206789923732011e-01
-4.555198854695302613e-01
-4.928879099710073430e-01
-5.149737708630331978e-01
-5.254221215038420434e-01
-5.295854694596155987e-01
-5.335316503184174275e-01
-5.415815109331262311e-01
-5.573653998109037166e-01
-5.830974818189030850e-01
-6.179882211425502536e-01
-6.595010118391638754e-01
-7.038244424751678441e-01
-7.446596129844160750e-01
-7.750744567378364813e-01
-7.892241774055666070e-01
-7.794436763198127061e-01
-7.390844815521273592e-01
-6.657869516333495552e-01
-5.583303040927825034e-01
-4.205711552909333628e-01
-2.610176015423786855e-01
-8.609508947654176403e-02
9.582078972471540224e-02
2.751393437681861065e-01
4.462599148449172271e-01
6.020182512185903168e-01
7.349397994880884077e-01
8.417711858765483113e-01
9.187340617572535839e-01
9.637005417530715157e-01
9.778596397110137506e-01
9.603554215354999091e-01
9.110578388355459190e-01
8.321921412979532695e-01
7.244603359892046734e-01
5.894958783173080974e-01
4.308640967566669810e-01
2.513257464201625324e-01
5.474656719388689557e-02
-1.529275682036417283e-01
-3.652547870956438514e-01
-5.747609632880410491e-01
-7.718918099357080509e-01
-9.467865857433870325e-01
-1.091037815449933390e+00
-1.195564193016650734e+00
-1.253025554351837156e+00
-1.260637183965941155e+00
-1.216065043699108283e+00
-1.120766483450917894e+00
-9.815910702077819128e-01
-8.045099158803623585e-01
-5.987977649997587859e-01
-3.765957210128668686e-01
-1.464144623892098263e-01
8.149447541051534072e-02
2.967490448244829437e-01
4.937175294660133829e-01
6.654476938216941084e-01
8.059548764793084130e-01
9.134329816062708440e-01
9.846267901439442749e-01
1.017550078100372124e+00
1.013303411343970950e+00
9.715102248269464891e-01
8.931938136266376338e-01
7.818477306798007342e-01
6.402320099244872553e-01
4.726339184988249675e-01
2.852727838078181755e-01
8.416239171496908700e-02
-1.236300896378288577e-01
-3.299817776132914493e-01
-5.273229003128615533e-01
-7.084300396426589375e-01
-8.662951077400972144e-01
-9.957969047370105464e-01
-1.094156322965282424e+00
-1.160342845681040957e+00
-1.196356931582298389e+00
-1.206330032352437520e+00
-1.194557929273453611e+00
-1.166266767275969229e+00
-1.126813841253879955e+00
-1.080458242237056776e+00
-1.031304878230846711e+00
-9.827084039710177743e-01
-9.365082299198661531e-01
-8.934377754631236401e-01
-8.527551917145860250e-01
-8.124660473266583915e-01
-7.705087921125559625e-01
-7.251644981509276500e-01
-6.742705484906561519e-01
-6.159354882306814494e-01
-5.493399405363018628e-01
-4.733709579382902044e-01
-3.878275411607750578e-01
-2.941913456681726213e-01
-1.935630916933279433e-01
-8.824667208798488149e-02
1.817937775580747220e-02
1.233284314141109284e-01
2.240858250509922545e-01
3.169979452652375018e-01
4.002232826499075857e-01
4.711067165632947251e-01
5.269488924757252946e-01
5.666660120257028810e-01
5.885980177229165333e-01
5.916138470132056293e-01
5.760831636412963030e-01
5.418245695232866144e-01
4.892507467476346350e-01
4.198956256337706416e-01
3.348721081992483417e-01
2.359373722963139242e-01
1.256686547842355561e-01
6.825845425408822408e-03
-1.168367351533067255e-01
-2.412967460846552892e-01
-3.631830918060368063e-01
-4.795605056221253215e-01
-5.879835343985596596e-01
-6.865921977118147890e-01
-7.740492642064615847e-01
-8.494816521471422188e-01
-9.124242376251744391e-01
-9.627653770837348857e-01
-1.000344968540567425e+00
-1.024905984475536602e+00
-1.036512501134001729e+00
-1.033820624786141673e+00
-1.014111546075808112e+00
-9.755252481427468814e-01
-9.160745543432555760e-01
-8.349693607664868678e-01
-7.337365968190643351e-01
-6.125324087617493030e-01
-4.722669511109172102e-01
-3.164650254175714328e-01
-1.481092764953048646e-01
2.713825114084017845e-02
2.016875561010902929e-01
3.700720989821454920e-01
5.256011572567718115e-01
6.620707452835834506e-01
7.761395444474705752e-01
8.630586161554275604e-01
9.183737779656323541e-01
9.403152023674697935e-01
9.271520888661720639e-01
8.789123909190265094e-01
7.982899603819715306e-01
6.884042988936616148e-01
5.540053625462243447e-01
4.021140040678589100e-01
2.403689219721677761e-01
7.694590040471850634e-02
-7.849002860510206903e-02
-2.167890826934746606e-01
-3.309826084026822879e-01
-4.144564047736964407e-01
-4.635121985651242116e-01
-4.786252480923054442e-01
-4.604002995577926582e-01
-4.122536852558137399e-01
-3.406557553042536823e-01
-2.504501250097183607e-01
-1.483311053010987479e-01
-4.211868958598007084e-02
6.392674131569826834e-02
1.650683626616005206e-01
2.567555850344474533e-01
3.369728719249954763e-01
4.016375511081219929e-01
4.470433576652669272e-01
4.722646025005796111e-01
4.752830940871114462e-01
4.550966942451095121e-01
4.128249073716899753e-01
3.481722653907396992e-01
2.612653652467877841e-01
1.540480874549075008e-01
2.873895724631488763e-02
-1.105749739802261433e-01
-2.579767955628641807e-01
-4.075968105252280038e-01
-5.532435346719963842e-01
-6.879936660772637547e-01
-8.055118460202725927e-01
-9.007077722166243472e-01
-9.691114726409104652e-01
-1.008426433153865709e+00
-1.018913304807675502e+00
-1.001724369794986247e+00
-9.603150500809283230e-01
-8.999103119869058531e-01
-8.254663642652678712e-01
-7.431678024698303853e-01
-6.593331835967879417e-01
-5.786382055992911333e-01
-5.055114917373647598e-01
-4.432382634716923731e-01
-3.930209703899679718e-01
-3.552772820766305073e-01
-3.292551287330838239e-01
-3.123280632406303381e-01
-3.010749090352517476e-01
-2.917144994181405382e-01
-2.790314067890319327e-01
-2.578518047737419217e-01
-2.245824656606062730e-01
-1.750696039890534406e-01
-1.066824578679091695e-01
-1.994284093479438413e-02
8.485967368396507560e-02
2.049889973820964995e-01
3.350010351921235974e-01
4.711141269300265777e-01
6.078090593486992210e-01
7.384282966003805626e-01
8.590423168628601447e-01
9.644395038721266245e-01
1.049468144018466775e+00
1.111969503948091464e+00
1.148815875842728484e+00
1.157722143300104367e+00
1.138930292269542566e+00
1.091557648047063900e+00
1.015614404088338807e+00
9.130403862707925366e-01
7.849982822143484196e-01
6.337758306501727334e-01
4.634530261566289777e-01
2.780465648933931888e-01
8.255896960238008619e-02
-1.164720904319938577e-01
-3.123142620786877877e-01
-4.982135770312552947e-01
-6.671295585708375553e-01
-8.132263313003260663e-01
-9.323634750562874718e-01
-1.020281416745518532e+00
-1.074206370006273170e+00
-1.094234928224435910e+00
-1.081178221936484718e+00
-1.038540695593586971e+00
-9.722882175844927977e-01
-8.877147070041921939e-01
-7.913821272921683914e-01
-6.899169531446891490e-01
-5.880348159365247351e-01
-4.914676780022647629e-01
-4.057003487195763869e-01
-3.338648038091089343e-01
-2.787004654076644106e-01
-2.415553072270239798e-01
-2.219937899294838202e-01
-2.197342136436559179e-01
-2.333621739502438341e-01
-2.603729343740168733e-01
-2.984723227604251239e-01
-3.445944490951425299e-01
-3.953656457988074524e-01
-4.479622111547427177e-01
-4.996374571499544448e-01
-5.479400936995404425e-01
-5.910595240768192760e-01
-6.277305759184559353e-01
-6.571505094290009952e-01
-6.789051668851138199e-01
-6.929024312388768481e-01
-6.993120094083337124e-01
-6.985110563834816544e-01
-6.910354200276669356e-01
-6.775363975728262433e-01
-6.587429058027786111e-01
-6.354289260149598162e-01
-6.083860123336494174e-01
-5.784005709806140372e-01
-5.462355526586195609e-01
-5.126161406004712262e-01
-4.782189928195906825e-01
-4.436645831093439796e-01
-4.095121780753859797e-01
-3.762570399580252301e-01
-3.443294595717936168e-01
-3.140952849759000021e-01
-2.858576476292448154e-01
-2.598596105654981114e-01
-2.362875217466729738e-01
-2.152748581948241147e-01
-1.969063846118297989e-01
-1.812224726898999938e-01
-1.682234601885871095e-01
-1.578739692683277518e-01
-1.501071281104239818e-01
-1.448286544494606087e-01
-1.419207742290846119e-01
-1.412459524500550567e-01
-1.426504224479105132e-01
-1.459675053957826263e-01
-1.510207156384214544e-01
-1.576266490914339791e-01
-1.655976569970862011e-01
-1.746564481584077233e-01
-1.844485827530050193e-01
-1.946612422679974697e-01
-2.048777987409998447e-01
-2.146791222548268263e-01
-2.238190432542503383e-01
-2.322364711333559650e-01
-2.403373955272959384e-01
-2.487501792796151801e-01
-2.579244674283207028e-01
-2.680528007097607301e-01
-2.789430964886106534e-01
-2.899228117493515278e-01
-3.002401525679791461e-01
-3.094772120286379269e-01
-3.164107828478586737e-01
-3.189011191165607162e-01
-3.149672880666566366e-01
-3.020184012181724165e-01
-2.778608152434751677e-01
-2.418237417757781726e-01
-1.929249888193229068e-01
-1.313295260704643308e-01
-5.909769393141065669e-02
2.240307530153230059e-02
1.105700601345890877e-01
2.014747337871244104e-01
2.923848758465299458e-01
3.793234331118561786e-01
4.578704774512104558e-01
5.256054266244374329e-01
5.795395626728703231e-01
6.170095424718757826e-01
6.372054635832671288e-01
6.386379770318419968e-01
6.203558317849443560e-01
5.829335484277230472e-01
5.265106825699950033e-01
4.521727821409239345e-01
3.622405118694241311e-01
2.585696240374127375e-01
1.435620001925026756e-01
2.041629256755028363e-02
-1.075394222754774282e-01
-2.362535321884431383e-01
-3.614736019986101168e-01
-4.797322343824726443e-01
-5.882033175213042808e-01
-6.841094269338203748e-01
-7.648714814245659577e-01
-8.285671653753906574e-01
-8.736376590090879635e-01
-8.994611794197185928e-01
-9.066130027861950547e-01
-8.964745016784185783e-01
-8.719579373931231059e-01
-8.367439550702515660e-01
-7.940037527467367351e-01
-7.467644827918594741e-01
-6.976236163573897864e-01
-6.477950178368165890e-01
-5.977738566070832649e-01
-5.478767991747371946e-01
-4.965486791853808146e-01
-4.407686198897849406e-01
-3.775694763076887783e-01
-3.019845014899464331e-01
-2.090234847892485093e-01
-9.653967471903868169e-02
3.891063666397822501e-02
1.989834431031524964e-01
3.807209928076721872e-01
5.829788955309863629e-01
8.019884396432348517e-01
1.030000290754503389e+00
1.263325743731983808e+00
1.496241487609066612e+00
1.720664283311990062e+00
1.933990881244085136e+00
2.131520609221219775e+00
2.307198001880877314e+00
2.460691199275952812e+00
2.589141083516661279e+00
2.688867450131157799e+00
2.761323461401809176e+00
2.804718664374266091e+00
2.816644422285064397e+00
2.799007478636394541e+00
2.750116408322732742e+00
2.668155172351944326e+00
2.554970801083252585e+00
2.408833435691114744e+00
2.228426564252772302e+00
2.015688066797759692e+00
1.769642812482920435e+00
1.490361438635407154e+00
1.181061404244870605e+00
8.434963271016331365e-01
4.813513329514375605e-01
1.016968386277065511e-01
-2.880794011733571747e-01
-6.783122214505278302e-01
-1.056441792677767832e+00
-1.409805609223532485e+00
-1.725979209278885929e+00
-1.992377905184713027e+00
-2.199608515112414064e+00
-2.342845477038534518e+00
-2.419561714942028985e+00
-2.432346881389173099e+00
-2.388684272306512479e+00
-2.296598308361071261e+00
-2.166987522864543436e+00
-2.011997941716503036e+00
-1.841293265272619939e+00
-1.664980330205699799e+00
-1.491864304706947753e+00
-1.327374936655696613e+00
-1.176613310452884198e+00
-1.042864425731205413e+00
-9.271134940665323176e-01
-8.305667283445714588e-01
-7.529387744737909838e-01
-6.921707976749518210e-01
-6.461367736074813406e-01
-6.118520266356899384e-01
-5.853682561084774250e-01
-5.630669452576338996e-01
-5.416943149760914400e-01
-5.177698296742362372e-01
-4.883778714855179781e-01
-4.514284853240960182e-01
-4.049474671408710980e-01
-3.483853965334643976e-01
-2.828512734814126461e-01
-2.098286695299569349e-01
-1.323537246167598991e-01
-5.438142891089819270e-02
2.076104693210481175e-02
8.920186979429413354e-02
1.473771357507655255e-01
1.932294313218269055e-01
2.250196069150100231e-01
2.417563560985087068e-01
2.444271054846258173e-01
2.352062002923216988e-01
2.170488521999244524e-01
1.953914339777443887e-01
1.769504485846634390e-01
1.675070056683236330e-01
1.737441260889428241e-01
2.007268546241719465e-01
2.498148204542794404e-01
3.222397186797438251e-01
4.159014308288622175e-01
5.249986731847452459e-01
6.455495449395833862e-01
7.713966048257373531e-01
8.944600075847466414e-01
1.010262991855128689e+00
1.113365145980308668e+00
1.198261243792429820e+00
1.263379271693807482e+00
1.305950122855837225e+00
1.323688489295412829e+00
1.317580788898636390e+00
1.286729481250824980e+00
1.230449994510875111e+00
1.150574967388915182e+00
1.047039001897257737e+00
9.201597408313345605e-01
7.723275789469311592e-01
6.044072370349983236e-01
4.180128032594723209e-01
2.164867584957831104e-01
2.084936929496537805e-03
-2.220512141724268751e-01
-4.515433026232336111e-01
-6.827945149184737605e-01
-9.115009215927453168e-01
-1.132768061347381394e+00
-1.342051147424082824e+00
-1.534190825792207225e+00
-1.704293435363218867e+00
-1.848846741718034536e+00
-1.965530924189402340e+00
-2.053119137277339856e+00
-2.111403151818830093e+00
-2.141049211135737984e+00
-2.143447887777619965e+00
-2.120562997464058519e+00
-2.074784979452588107e+00
-2.008793686570436332e+00
-1.925434545034743872e+00
-1.827610811934163859e+00
-1.718193386861125882e+00
-1.599948471576585263e+00
-1.475482410173120318e+00
-1.347202320468515735e+00
-1.217290658461820829e+00
-1.087691608918151420e+00
-9.601071331421450195e-01
-8.360005929551171944e-01
-7.166060419700860384e-01
-6.029415134625650818e-01
-4.958248921851524105e-01
-3.958912148777200546e-01
-3.036104988077891753e-01
-2.193054190611157250e-01
-1.431683483816829361e-01
-7.467343386638310154e-02
-1.254073736886556108e-02
4.445393356231683996e-02
9.779500404863133989e-02
1.488024609788991814e-01
1.980758855814288566e-01
2.464241017436377690e-01
2.940381389636829712e-01
3.401758844989661856e-01
3.847468902853009021e-01
4.273399751475219221e-01
4.669267273590865797e-01
5.033107479773244464e-01
5.356668991813290370e-01
5.625862984795056976e-01
5.835945058839270283e-01
5.976005933190948749e-01
6.033570125171960896e-01
6.005964682504579821e-01
5.882257102121305481e-01
5.650573628562199913e-01
5.309646616076090231e-01
4.853957966593256401e-01
4.281078826429369211e-01
3.598562754179308598e-01
2.811086341298396629e-01
1.927931387522414663e-01
9.659743644040588717e-02
-6.013572310240770588e-03
-1.131038573630293587e-01
-2.222195203410938236e-01
-3.310708781932567568e-01
-4.371744581523061002e-01
-5.380826866537514741e-01
-6.319066645571405072e-01
-7.170883718956034825e-01
-7.922092679818348859e-01
-8.561993005597066109e-01
-9.084330052643538878e-01
-9.475868757973511247e-01
-9.716926224427034908e-01
-9.793979717834868648e-01
-9.687679815580645393e-01
-9.380531712195721017e-01
-8.870765752686217143e-01
-8.148605032642839419e-01
-7.210680628842954798e-01
-6.074567278300715412e-01
-4.746175110961430854e-01
-3.246141754302065974e-01
-1.621469903033236903e-01
9.796636445853655270e-03
1.867781591279518150e-01
3.628457642338669409e-01
5.348110683288919143e-01
6.981449149997699388e-01
8.477178213758503889e-01
9.813999833568707309e-01
1.095558632912841723e+00
1.186510172454693590e+00
1.253369284709776599e+00
1.293810825685967503e+00
1.305994352014965054e+00
1.290296631997132293e+00
1.245565339561817364e+00
1.171406145011817834e+00
1.069516960777167514e+00
9.409416138312947098e-01
7.878576924981486318e-01
6.139459125898100167e-01
4.226339616115889486e-01
2.186683692158218895e-01
7.648156368374689831e-03
-2.051463624349743886e-01
-4.137235483475573128e-01
-6.117901356978361349e-01
-7.938309379727604975e-01
-9.554647365024174777e-01
-1.093573010640443544e+00
-1.206565010320799214e+00
-1.294085842274511844e+00
-1.356552050424584932e+00
-1.395356486178545463e+00
-1.412596928103659666e+00
-1.410361050871435484e+00
-1.390800976493920427e+00
-1.356172365820287329e+00
-1.307550028014811794e+00
-1.244894916054724243e+00
-1.168180069850910385e+00
-1.074829690352479661e+00
-9.606737250411584439e-01
-8.235029753027250932e-01
-6.589682256568294427e-01
-4.633945546779735247e-01
-2.381437060015947349e-01
1.750607816442325063e-02
3.013084287657778471e-01
6.049129291515901174e-01
9.230253642277781445e-01
1.246580265603003390e+00
1.563268792638305094e+00
1.867305877368291123e+00
2.150654776662086487e+00
2.404558886988013455e+00
2.626982559352213364e+00
2.813072853990411737e+00
2.957876207673328928e+00
3.061963127079072589e+00
3.122733948216738664e+00
3.138093569970093366e+00
3.110159089847630121e+00
3.037426971292952249e+00
2.918814431474806792e+00
2.756432619661226102e+00
2.549319503730002268e+00
2.297541194157143085e+00
2.004294120510870414e+00
1.671405682173420004e+00
1.302878314463051135e+00
9.066864101444238599e-01
4.917769285611501839e-01
6.959713894972922865e-02
-3.443249993110393259e-01
-7.334593766957432370e-01
-1.082157809776508550e+00
-1.374239756981439742e+00
-1.597793416663827237e+00
-1.748058840080561005e+00
-1.823043412915258399e+00
-1.827811858499289954e+00
-1.773931240888643179e+00
-1.672399491703946417e+00
-1.537824412969846399e+00
-1.385715970356699689e+00
-1.227294103747176290e+00
-1.074784927521715394e+00
-9.383950572216264163e-01
-8.234690203989828428e-01
-7.354585602129896094e-01
-6.773861757002219708e-01
-6.481768846858104727e-01
-6.461952997393607401e-01
-6.677205447596158416e-01
-7.051483107367877423e-01
-7.494297161873866298e-01
-7.908338338400699996e-01
-8.171773409447896652e-01
-8.174272187856054250e-01
-7.844639718693579011e-01
-7.112265338415960647e-01
-5.953808283341781582e-01
-4.413527838767128397e-01
-2.535979784942859472e-01
-4.152905543218332607e-02
1.817658059458715780e-01
4.072245206297123721e-01
6.239074753450183364e-01
8.212736341728402722e-01
9.940889600159906747e-01
1.135538546053428188e+00
1.240020958315203981e+00
1.306245563142593769e+00
1.331353858488329323e+00
1.314049156706462496e+00
1.256279787120910818e+00
1.158675198751356605e+00
1.023433576454050309e+00
8.558881579285849694e-01
6.616540461319030397e-01
4.481100540441669278e-01
2.258733249374996477e-01
6.409370231019142355e-03
-1.988600213357200608e-01
-3.768952442326101160e-01
-5.166574714289005055e-01
-6.117402187270194469e-01
-6.574918796677743371e-01
-6.552029622340642678e-01
-6.120658407948705859e-01
-5.351954259885620679e-01
-4.353803988027425964e-01
-3.249938155309315402e-01
-2.129163504890460301e-01
-1.092825521004697764e-01
-2.312079791007859431e-02
4.072172947606658711e-02
7.711163908251422727e-02
8.303371038682164085e-02
5.882842706720091408e-02
4.607926388487137460e-03
-7.751659648479646003e-02
-1.826992699657572772e-01
-3.056761140802167764e-01
-4.396809770056721023e-01
-5.757319604369399713e-01
-7.046242609023426473e-01
-8.177984620950894401e-01
-9.063176525511227322e-01
-9.633991298165729411e-01
-9.859217169387249902e-01
-9.714271131722046482e-01
-9.208467874674191034e-01
-8.392410861833261571e-01
-7.319540191665742102e-01
-6.075954592181486147e-01
-4.762757978974535011e-01
-3.451018375411856742e-01
-2.215421476367737952e-01
-1.121146001436054557e-01
-2.049247269475541408e-02
4.861694262698863789e-02
9.154184033536841292e-02
1.075277945294029341e-01
9.631599019451397847e-02
5.971958021283307882e-02
2.231198455518271749e-03
-7.146365727886730412e-02
-1.562168635304163888e-01
-2.447771078838616443e-01
-3.292241545257030277e-01
-4.020899218145263521e-01
-4.549447846099924364e-01
-4.813723502420278466e-01
-4.787864280987305654e-01
-4.453373374824964315e-01
-3.830394240853884358e-01
-2.978197257092895511e-01
-1.941691645148537204e-01
-7.857617770279921865e-02
4.092094288090794563e-02
1.583317020594921798e-01
2.654954916922901420e-01
3.547498783879339812e-01
4.221373107748329634e-01
4.634007286348811316e-01
4.759472828927310273e-01
4.599867922003121889e-01
4.147249769070525116e-01
3.401550963664857208e-01
2.385860846711171657e-01
1.131536572986632655e-01
-3.064564549132840071e-02
-1.848916859340285490e-01
-3.414474024047850498e-01
-4.922075942345060517e-01
-6.281931441930144189e-01
-7.414711940954492597e-01
-8.265914069559227029e-01
-8.789686591495213808e-01
-8.972464983567156604e-01
-8.838225738135261356e-01
-8.415728998684501860e-01
-7.761566161827886390e-01
-6.951857375931365102e-01
-6.047751715670972583e-01
-5.122448245345847528e-01
-4.247310114686722593e-01
-3.468485038303599222e-01
-2.834884295666350029e-01
-2.382151865581691175e-01
-2.121804023044833454e-01
-2.065809988394943508e-01
-2.211990120332520404e-01
-2.540777103448487728e-01
-3.032373932799302674e-01
-3.655897577421718392e-01
-4.367870588364973217e-01
-5.123734187579609412e-01
-5.875945919003789930e-01
-6.568986321336945933e-01
-7.150025844871203962e-01
-7.578163657334848757e-01
-7.807285769700129663e-01
-7.798445533257775120e-01
-7.538079745799485254e-01
-7.023659492188930598e-01
-6.283143355338571823e-01
-5.369472409135371826e-01
-4.326878856064949597e-01
-3.210991815904278290e-01
-2.083274503495507191e-01
-9.880092855841057786e-02
1.992527582721218080e-03
8.853995061892008800e-02
1.575043405279399067e-01
2.058599144071114606e-01
2.323145824968723128e-01
2.375629163519681897e-01
2.218724575148005307e-01
1.862953081509177711e-01
1.330428876493603974e-01
6.435480710018684491e-02
-1.658742212036785554e-02
-1.059399483037312129e-01
-2.002054311356461502e-01
-2.958026435858511216e-01
-3.889084227198588706e-01
-4.759896111774830074e-01
-5.540315433978139081e-01
-6.196611654263524116e-01
-6.696632261044324075e-01
-7.021063739046538021e-01
-7.153725258061690573e-01
-7.090988040829697692e-01
-6.846367733609045603e-01
-6.432305622532590306e-01
-5.871797681870992713e-01
-5.198123093609263723e-01
-4.431866134225779796e-01
-3.599416407907587989e-01
-2.736772421453734783e-01
-1.867436855344599966e-01
-1.020659890841501688e-01
-2.263281606867592610e-02
4.986134536134469164e-02
1.127512550710785683e-01
1.637136255137222884e-01
2.022928418326697120e-01
2.276583605788468634e-01
2.390504405274736233e-01
2.366952377878068781e-01
2.201662637119032040e-01
1.894660162933814729e-01
1.457277505652612160e-01
9.009605554559468876e-02
2.471205141332980665e-02
-4.759883203964982573e-02
-1.248848327132740660e-01
-2.055362532831583600e-01
-2.878478921089567821e-01
-3.701367777360360378e-01
-4.502285182783758999e-01
-5.258800393697949938e-01
-5.953715208078910193e-01
-6.573364099419904960e-01
-7.107476551523579378e-01
-7.549649487864115160e-01
-7.896828588732763832e-01
-8.148816536822697243e-01
-8.307806529723162914e-01
-8.377942549023876806e-01
-8.360885762995413639e-01
-8.255208271854246327e-01
-8.061400105712795972e-01
-7.775672500728414427e-01
-7.392228986356225162e-01
-6.911465680368203968e-01
-6.331041452797280256e-01
-5.652890058428212683e-01
-4.888912652807993475e-01
-4.043512169188853700e-01
-3.124700198641853222e-01
-2.151095347854977968e-01
-1.133551300734657596e-01
-9.169265297025899764e-03
9.451717191025464648e-02
1.961136152664861299e-01
2.934701555488817282e-01
3.840468306663679110e-01
4.669774495667404768e-01
5.406976961794225378e-01
6.032558803608057962e-01
6.541096980382160586e-01
6.918756079633142653e-01
7.152679787999326466e-01
7.244447187576633640e-01
7.187179902685044697e-01
6.976092789295790242e-01
6.616529708180101110e-01
6.103862877492937100e-01
5.436183775432040788e-01
4.622979088080724774e-01
3.672640149772609663e-01
2.601502470224161812e-01
1.436553125983686952e-01
2.063997591050546060e-02
-1.054302088014243965e-01
-2.310160243976253081e-01
-3.533148473797183553e-01
-4.695924083405147997e-01
-5.772122381695600213e-01
-6.741133048909470071e-01
-7.587808666388692336e-01
-8.302108786238923122e-01
-8.879743766324530441e-01
-9.321481995331277748e-01
-9.628563124358339165e-01
-9.802844431384283297e-01
-9.849455519291772099e-01
-9.762346008389729546e-01
-9.524291604382789656e-01
-9.122918948801722605e-01
-8.534226335664786278e-01
-7.732930356266786154e-01
-6.714340223826130716e-01
-5.460997145676423914e-01
-3.965506499174317190e-01
-2.255446082061793034e-01
-3.422574185658875529e-02
1.743926878219763388e-01
3.939210320891759487e-01
6.208690912155225838e-01
8.498228550784049373e-01
1.073333413505488165e+00
1.288322821148164765e+00
1.490028874791139879e+00
1.672678804601360980e+00
1.834521366301772094e+00
1.971339697393204471e+00
2.078766894277674027e+00
2.157218771237868538e+00
2.205607157276065156e+00
2.222888958189681130e+00
2.210969094898387777e+00
2.168808280535882371e+00
2.095317667504958958e+00
1.992117344802229573e+00
1.858952891210615910e+00
1.696798225901433144e+00
1.508982801922966077e+00
1.296434051863410097e+00
1.060186244131552824e+00
8.029994075439492729e-01
5.269078719202098249e-01
2.356626620289085650e-01
-6.504971905371656482e-02
-3.697745024420796556e-01
-6.717405628224336622e-01
-9.634221968657826762e-01
-1.238249859891702220e+00
-1.489881396374200584e+00
-1.712508461591272235e+00
-1.901838264917215637e+00
-2.054911590154420598e+00
-2.170088855179697074e+00
-2.247563522894604926e+00
-2.289061957436010708e+00
-2.297149580851695738e+00
-2.274902131220490009e+00
-2.225487662556225654e+00
-2.152143964645107932e+00
-2.058294633866990520e+00
-1.947385904868928153e+00
-1.822583826694176956e+00
-1.686767111836863009e+00
-1.542752485454022660e+00
-1.392491198552088250e+00
-1.237079364904785761e+00
-1.077642809438942972e+00
-9.149723037662977898e-01
-7.501448487429442924e-01
-5.848640027193761082e-01
-4.204282820698062584e-01
-2.588268759599473556e-01
-1.028601023650875940e-01
4.526610680000120457e-02
1.829375796751860905e-01
3.075361264483285617e-01
4.176143894950663515e-01
5.116509175582065749e-01
5.884510427773280705e-01
6.477334668338062817e-01
6.889079819311862973e-01
7.117662775125552788e-01
7.169219194758686964e-01
7.049447084982253253e-01
6.769872286212502699e-01
6.348094845565892541e-01
5.802082343673321541e-01
5.154294513383750331e-01
4.428792639578171264e-01
3.646978258098792502e-01
2.829977222255364855e-01
1.999087881769544273e-01
1.174147762212497670e-01
3.720291833929999931e-02
-3.896091424148667715e-02
-1.092785456024821106e-01
-1.723868812408639595e-01
-2.275051396066960219e-01
-2.749201600603124462e-01
-3.156139597235427807e-01
-3.505584902641221134e-01
-3.809403506079984125e-01
-4.079544710960845699e-01
-4.324819799799233255e-01
-4.552346215648429562e-01
-4.765805901158151614e-01
-4.965414086017354012e-01
-5.150135333815550887e-01
-5.316933621618072925e-01
-5.456230298060419370e-01
-5.553274152443345990e-01
-5.594929616608717016e-01
-5.563739783682940532e-01
-5.441872813281594112e-01
-5.220153897504486995e-01
-4.886951243110490561e-01
-4.438214612015030092e-01
-3.885058562539424054e-01
-3.235752053502827241e-01
-2.507742796365049487e-01
-1.728645303446473824e-01
-9.157067732276832905e-02
-9.370434941707415574e-03
7.058517461398076953e-02
1.463453236381026257e-01
2.152033495304679633e-01
2.743541864480094628e-01
3.224443345707510011e-01
3.576296669178896104e-01
3.785026380382245370e-01
3.849804005610633628e-01
3.763907448606803041e-01
3.524412840856607221e-01
3.138800286071490309e-01
2.611760490154213521e-01
1.954519645456060939e-01
1.186568867419732082e-01
3.270918638556633007e-02
-5.978281463051061256e-02
-1.558569246829611121e-01
-2.528171125719345658e-01
-3.478276503507653494e-01
-4.382070713842253218e-01
-5.218268635372580455e-01
-5.970561578231561306e-01
-6.626016028999802687e-01
-7.174645164247717144e-01
-7.610438872089656526e-01
-7.930453609319513264e-01
-8.135720326241429046e-01
-8.231397617686441182e-01
-8.225158637601546197e-01
-8.128504120775161823e-01
-7.954795579048967724e-01
-7.716569964816250016e-01
-7.425087779323612525e-01
-7.088936929269844534e-01
-6.715136309170623985e-01
-6.310773126858906235e-01
-5.882917167874580633e-01
-5.436083467201047181e-01
-4.972035720708383733e-01
-4.492749025832184495e-01
-3.994657696194156005e-01
-3.469461111919584506e-01
-2.911752056410197298e-01
-2.308234596108769687e-01
-1.644435495439826034e-01
-9.174975393879855612e-02
-1.202071651997802665e-02
7.485289735814031065e-02
1.676878121337312677e-01
2.659878494641881308e-01
3.681155290167152372e-01
4.711431049557714967e-01
5.731810229105170906e-01
6.711394734731018774e-01
7.611164212738278367e-01
8.404136105998663009e-01
9.053144588053991804e-01
9.524089147404611877e-01
9.802142067261466751e-01
9.869916025943098470e-01
9.717391225389804266e-01
9.349017964411018289e-01
8.765539169369882533e-01
7.974717829048149076e-01
6.996471933448537017e-01
5.853704365705639789e-01
4.581560674074066086e-01
3.225407400022715088e-01
1.829339472516717247e-01
4.371490271560544982e-02
-9.042098113040393514e-02
-2.151016218820947790e-01
-3.267390733199958541e-01
-4.219399384785688656e-01
-4.983372899935891720e-01
-5.550884138908829257e-01
-5.918272494043921306e-01
-6.095878435431998366e-01
-6.107251687079218172e-01
-5.974137364091104407e-01
-5.726752374790441413e-01
-5.400217175893835542e-01
-5.022954484210473414e-01
-4.628489149590115925e-01
-4.248125636401718364e-01
-3.902710688006155726e-01
-3.613072057556015459e-01
-3.392580733099833101e-01
-3.243192695000024495e-01
-3.164721170953148088e-01
-3.151460100537761266e-01
-3.186316386086837094e-01
-3.246241015331547408e-01
-3.305913501890055395e-01
-3.330268481825253146e-01
-3.282385038608588990e-01
-3.134329696879982752e-01
-2.855540548194527850e-01
-2.425945108514417081e-01
-1.845963133143242174e-01
-1.115728218309285369e-01
-2.524789820983278435e-02
7.066102105422976398e-02
1.732768711862458788e-01
2.785022152612312563e-01
3.813959997490985465e-01
4.783523491625641944e-01
5.646779361956167920e-01
6.359850332500647241e-01
6.902270136718940963e-01
7.253693923279999067e-01
7.401863525740135508e-01
7.349009319387890260e-01
7.090487061042198835e-01
6.627814632466129119e-01
5.974925456076642938e-01
5.146883805959564517e-01
4.171680576691165210e-01
3.085834998530693762e-01
1.922247500378638785e-01
7.159436109641836854e-02
-4.984249553316181386e-02
-1.691112125556630541e-01
-2.834014032063573718e-01
-3.902125262539137274e-01
-4.876046239635402624e-01
-5.741469896312234589e-01
-6.488696246147113156e-01
-7.112152491198246995e-01
-7.609909325162574900e-01
-7.983193030184583261e-01
-8.235898586040110159e-01
-8.374111917674341710e-01
-8.398744791528726106e-01
-8.304541440532328123e-01
-8.088877966438166034e-01
-7.743626370292860939e-01
-7.258554313321552431e-01
-6.632885805554176173e-01
-5.858985708455247687e-01
-4.933020825027045198e-01
-3.868263415956242901e-01
-2.670022220692671033e-01
-1.353707928962583629e-01
4.620045752039149412e-03
1.509106529804006280e-01
3.003910382429144654e-01
4.486902223036886017e-01
5.932244147276664048e-01
7.300289556656288648e-01
8.545722332528211673e-01
9.646207116547592664e-01
1.056924665827388088e+00
1.128408532807309017e+00
1.178175393362052459e+00
1.204284708754514543e+00
1.205211726584660470e+00
1.181237078419381747e+00
1.131901453905820087e+00
1.057623076776263771e+00
9.603547740475675276e-01
8.415744724809214317e-01
7.036534696408363043e-01
5.500466814610673882e-01
3.840123154288510032e-01
2.096269169696083623e-01
3.155554258666226630e-02
-1.459303661918114059e-01
-3.184815311303981766e-01
-4.817564172830796076e-01
-6.320849007697938449e-01
-7.665191196170585419e-01
-8.826305613453566679e-01
-9.788880033032305583e-01
-1.054725487704101017e+00
-1.110257004323446761e+00
-1.146609912140581722e+00
-1.165572767439726487e+00
-1.169008539940832758e+00
-1.159051417890597069e+00
-1.137844348913832127e+00
-1.106938196015534448e+00
-1.067565094804239889e+00
-1.020875877635963214e+00
-9.671401598320638060e-01
-9.059956276344339754e-01
-8.371308757249407151e-01
-7.594439746409302749e-01
-6.718914217943393608e-01
-5.744559817101185795e-01
-4.667388230714076824e-01
-3.492886061572831324e-01
-2.242723305241492437e-01
-9.306484336674401836e-02
4.207586856421200588e-02
1.776264485849205210e-01
3.114188255350452406e-01
4.404866200808958965e-01
5.612643811924692416e-01
6.720471038935933450e-01
7.705033263599095905e-01
8.542759685805827452e-01
9.227834865762574168e-01
9.745101094809636155e-01
1.007998446801920300e+00
1.023489986110658334e+00
1.020553658993380575e+00
9.990695667829734283e-01
9.602591039763638259e-01
9.045676981513146586e-01
8.327624403359744631e-01
7.467131076584520022e-01
6.477776869613649513e-01
5.378037061825465814e-01
4.194720821604176475e-01
2.948660284854259794e-01
1.661810545569789022e-01
3.613954813989062737e-02
-9.293089423071236588e-02
-2.186807650816642301e-01
-3.384302179005452826e-01
-4.499697146860144881e-01
-5.514375765189408751e-01
-6.409471000104710603e-01
-7.172525444149513429e-01
-7.796846324425503738e-01
-8.273973365266961144e-01
-8.599916039504331700e-01
-8.777477249642667845e-01
-8.809253370830163465e-01
-8.705206195586082663e-01
-8.481879145116762997e-01
-8.151704070825165349e-01
-7.730587240100178503e-01
-7.237133225958242155e-01
-6.684050068366774733e-01
-6.088925972441037171e-01
-5.472689471833014352e-01
-4.849526895671641413e-01
-4.235751750584235698e-01
-3.646322352351518137e-01
-3.089253660802521728e-01
-2.576636657112670870e-01
-2.119716440888081421e-01
-1.723597968570914352e-01
-1.395915602637738395e-01
-1.141879901203729647e-01
-9.612741753269395117e-02
-8.554170369973206067e-02
-8.227399219435384270e-02
-8.570326164121935819e-02
-9.496413854807174426e-02
-1.086221632326321990e-01
-1.250406103956431814e-01
-1.429131459132389759e-01
-1.612184282086945031e-01
-1.790973232387052250e-01
-1.958492854049544984e-01
-2.109019536582225074e-01
-2.237589882050542711e-01
-2.341135459128137475e-01
-2.418737049313878229e-01
-2.470944192836297404e-01
-2.501193169425212082e-01
-2.514832881606368642e-01
-2.516775604965732493e-01
-2.510641596827947741e-01
-2.497692719810751250e-01
-2.478017994480516406e-01
-2.452013278308816102e-01
-2.420302644696958327e-01
-2.382092343752362784e-01
-2.335007996643740369e-01
-2.277104887385208720e-01
-2.199330548664774343e-01
-2.085637401229874233e-01
-1.923060097222056286e-01
-1.691851504764391168e-01
-1.370674497595603114e-01
-9.495850598518172647e-02
-4.137567046754039163e-02
2.424426944961088556e-02
1.004580466691382401e-01
1.863739556255354091e-01
2.799150579157148044e-01
3.776054589624099345e-01
4.775167616063747400e-01
5.767207730491821227e-01
6.713262228313562341e-01
7.592270904320330693e-01
8.373151353232813898e-01
9.022686923793883373e-01
9.530512160325828042e-01
9.880464175166906449e-01
1.005912735078531073e+00
1.006789243526890365e+00
9.893365256256321238e-01
9.523900789924747423e-01
8.965366486255103018e-01
8.220024290444709614e-01
7.297762115735342281e-01
6.219412927667256064e-01
4.996246750426444616e-01
3.642417865657415210e-01
2.180791075754847375e-01
6.347062010620350969e-02
-9.610112872558687624e-02
-2.565388014857443721e-01
-4.141610926381629754e-01
-5.652294399407106207e-01
-7.062590662136075670e-01
-8.344659245923113922e-01
-9.476618890954766616e-01
-1.044256479866344955e+00
-1.123271099211993640e+00
-1.184280890003283737e+00
-1.226925697275228488e+00
-1.250798329041219459e+00
-1.255941282209183774e+00
-1.241849178206920090e+00
-1.207595144400341436e+00
-1.153130297111292668e+00
-1.077916112621820854e+00
-9.818633968682376478e-01
-8.666639899560624194e-01
-7.329802768345439201e-01
-5.820509458525244817e-01
-4.171261119148442775e-01
-2.400858248753706126e-01
-5.407687940353747558e-02
1.358617183730286559e-01
3.269122174754841015e-01
5.151466069060349762e-01
6.956316366025818709e-01
8.660949744586206034e-01
1.022868411775246900e+00
1.161823586128704511e+00
1.281428345476443020e+00
1.378700860031451647e+00
1.450889679121125431e+00
1.497591549713953141e+00
1.516938137277432430e+00
1.507528542099776825e+00
1.470057528114497858e+00
1.404306265986176916e+00
1.310807174390757890e+00
1.191586763651889536e+00
1.048026616786458032e+00
8.826452017953455575e-01
6.993643805988516426e-01
5.021193353321286024e-01
2.960325512282738769e-01
8.715310763283803941e-02
-1.188728508735256428e-01
-3.166468299589963453e-01
-5.008636475723309278e-01
-6.670121916509295090e-01
-8.115686774902942657e-01
-9.318376672426623708e-01
-1.026780193561135368e+00
-1.096901458017204734e+00
-1.143430469819372464e+00
-1.168790846846800680e+00
-1.176121122435534350e+00
-1.168393503158647206e+00
-1.148851160836900531e+00
-1.120564400169011154e+00
-1.085836118762161906e+00
-1.046445084690778904e+00
-1.003392884064400414e+00
-9.562670441854863590e-01
-9.037659638031865228e-01
-8.446544900929487953e-01
-7.767939628445678091e-01
-6.979052378294680059e-01
-6.069393867342585125e-01
-5.024687922779953464e-01
-3.840929472405208989e-01
-2.534490039671711270e-01
-1.118623692530355679e-01
3.744423675607373020e-02
1.892805727719791831e-01
3.396308808829399117e-01
4.834282351315891124e-01
6.154247501275049714e-01
7.325856416192705334e-01
8.313260003379241425e-01
9.085424936517271233e-01
9.630180535281004373e-01
9.928914988241442918e-01
9.970569721324202828e-01
9.761099258631802389e-01
9.304784002743173854e-01
8.616075676432987107e-01
7.725982746048659644e-01
6.668393145410287381e-01
5.483884936266741894e-01
4.232224327290081134e-01
2.983179205136419210e-01
1.804860892861820110e-01
7.664470237768593319e-02
-8.198584284265800215e-03
-7.158573634033359168e-02
-1.114647516188291138e-01
-1.281296124132174918e-01
-1.245156275070842117e-01
-1.033598074611630363e-01
-6.950698606255011069e-02
-2.933551155353563561e-02
1.276061042011387460e-02
5.240972184076397866e-02
8.602968924562297282e-02
1.116825289552820649e-01
1.260678763220405840e-01
1.264408672339540907e-01
1.120224811817268629e-01
8.198731429854957953e-02
3.658191983534298669e-02
-2.234939425055156720e-02
-9.315712509718200585e-02
-1.738521266884428262e-01
-2.613306554507019430e-01
-3.519250758050149197e-01
-4.409707951276560789e-01
-5.225699495911020342e-01
-5.912224099070632066e-01
-6.428757414263869263e-01
-6.733600111755723150e-01
-6.798217517756305339e-01
-6.621128154916726682e-01
-6.206238192989553815e-01
-5.579559930288725544e-01
-4.786696489640988039e-01
-3.865004091623668869e-01
-2.866416686684162274e-01
-1.849722565556563558e-01
-8.587789712336457715e-02
5.195048360817048835e-03
8.311543445163009636e-02
1.450300291947312359e-01
1.883333810881654136e-01
2.117292566655993025e-01
2.156407543723778963e-01
2.002384479439592857e-01
1.665906357274735128e-01
1.167980262312711681e-01
5.303170361302541463e-02
-2.137869682477020958e-02
-1.025975021371931944e-01
-1.872803217229908612e-01
-2.721240738130830117e-01
-3.541173934306563464e-01
-4.308925618478508524e-01
-5.006462533916186119e-01
-5.620723849572787367e-01
-6.143020913446877174e-01
-6.568479429307643169e-01
-6.892155257625157683e-01
-7.108144291257006975e-01
-7.213512538982558286e-01
-7.196760352429837360e-01
-7.038718798756479211e-01
-6.727970732426464817e-01
-6.247991156003187552e-01
-5.585743482699614404e-01
-4.745928440063992837e-01
-3.728406999033606617e-01
-2.546737991294761860e-01
-1.237593948064015931e-01
1.725180389065517766e-02
1.644057238507883045e-01
3.123791697960490166e-01
4.575716969524878941e-01
5.951180012796729590e-01
7.198981846818877095e-01
8.292580306885576347e-01
9.198148076759337100e-01
9.886062162998281444e-01
1.034693364185553577e+00
1.056144177951705565e+00
1.051592798873096868e+00
1.021438484540686531e+00
9.656632048845626981e-01
8.853126632450566413e-01
7.830589275779372693e-01
6.614821493158873356e-01
5.239549022960425795e-01
3.753636046996867703e-01
2.211369462927056107e-01
6.720850540370711113e-02
-7.939216536695559157e-02
-2.119816845929043125e-01
-3.253248088140485161e-01
-4.152914877104835201e-01
-4.806955203478290861e-01
-5.229902687415517448e-01
-5.440981635691309881e-01
-5.478049304434267075e-01
-5.391091022045830794e-01
-5.222753456383301129e-01
-5.024166215524089596e-01
-4.845541670593641603e-01
-4.720624870503284942e-01
-4.677065477002647076e-01
-4.726099703840082600e-01
-4.859748625512541054e-01
-5.065196431081002704e-01
-5.321877134456192149e-01
-5.593677446372340434e-01
-5.837873097626118390e-01
-6.013288500576061679e-01
-6.068926667756144866e-01
-5.957953247636772476e-01
-5.653749878999945189e-01
-5.130426062765772732e-01
-4.383023294023821737e-01
-3.436734863780362970e-01
-2.317054099233165076e-01
-1.073535460789013518e-01
2.268031916654748154e-02
1.539568069114616577e-01
2.815149563686560885e-01
4.002035621389081199e-01
5.071396371831224936e-01
5.985083524256181731e-01
6.709288825269434930e-01
7.232542426458330453e-01
7.537294403310719204e-01
7.616549665596169527e-01
7.480497607569503993e-01
7.128376134385292495e-01
6.562569594202770640e-01
5.797666117888479187e-01
4.846463579404995392e-01
3.732156755458047592e-01
2.488658593971295185e-01
1.150031226784085092e-01
-2.412241771963357512e-02
-1.639490284469257153e-01
-3.005800048707140681e-01
-4.303803170214588469e-01
-5.500627955165925398e-01
-6.571821532592357906e-01
-7.501060312812288799e-01
-8.278783498881320257e-01
-8.904269629248328100e-01
-9.383811905704138034e-01
-9.724073457215686167e-01
-9.931982369564896773e-01
-1.001582623507836667e+00
-9.978215543520664310e-01
-9.817662204198827069e-01
-9.534339375090865598e-01
-9.112398030017425654e-01
-8.525244674797161082e-01
-7.757558258144453545e-01
-6.786599464700266982e-01
-5.599884694110239813e-01
-4.213785629710283809e-01
-2.637939217456580221e-01
-8.997928246789017870e-02
9.473370933275970796e-02
2.866904232270738873e-01
4.803322752073537205e-01
6.685047816652210928e-01
8.468723555594710461e-01
1.010058460092521315e+00
1.152849785705259311e+00
1.273263131741100951e+00
1.368258086909306392e+00
1.435289689871724228e+00
1.474294060075376667e+00
1.483877035281761625e+00
1.463212260887503557e+00
1.413378122138996718e+00
1.334428833994335095e+00
1.227314649931568136e+00
1.094550110670975851e+00
9.380583400207336275e-01
7.607680948753620109e-01
5.668305397628224940e-01
3.602683686747802372e-01
1.460924901074513171e-01
-7.001320569201703592e-02
-2.828085796934411422e-01
-4.870363455730696289e-01
-6.778487406372581958e-01
-8.516914884166215671e-01
-1.006059154223884589e+00
-1.139151301637927993e+00
-1.250122186541728464e+00
-1.339014496317759706e+00
-1.405750481891506087e+00
-1.450126160128374808e+00
-1.472396896956877033e+00
-1.471752476037288204e+00
-1.446631514527280782e+00
-1.396341547598604071e+00
-1.319096917103785627e+00
-1.213496509757343134e+00
-1.080683545063625184e+00
-9.213130483399987192e-01
-7.380290309367608659e-01
-5.365712517131011605e-01
-3.215029242866261350e-01
-9.939294535553495902e-02
1.216412383698029231e-01
3.367985379538585566e-01
5.406498996314764716e-01
7.275839156043107936e-01
8.948998502278561196e-01
1.038510389755418872e+00
1.154791754205765075e+00
1.242873056200662241e+00
1.300742564172452598e+00
1.327301193852559402e+00
1.323585384507990348e+00
1.289308320631742388e+00
1.224579016450910940e+00
1.131391372367696491e+00
1.011837828017844387e+00
8.693875979491019201e-01
7.098993572720809775e-01
5.401399617953722698e-01
3.677129262936165710e-01
2.019741135705820367e-01
5.191899044756380366e-02
-7.541088940267959284e-02
-1.733551662231097856e-01
-2.384181345051475109e-01
-2.713013128011924069e-01
-2.736031118037447474e-01
-2.504324278956743810e-01
-2.094088104556794672e-01
-1.562188354581450500e-01
-9.751045020784589179e-02
-3.995244479920849467e-02
1.194560335122110510e-02
5.242223675681759870e-02
7.669686677377064721e-02
8.280628261127759293e-02
6.890270270895233751e-02
3.480361346211847950e-02
-1.754356075989355404e-02
-8.652623638818721097e-02
-1.699073136368618175e-01
-2.639334302173000912e-01
-3.641690923249573109e-01
-4.649071670760574482e-01
-5.591150231281124539e-01
-6.403640378279754630e-01
-7.037308282757779310e-01
-7.448298115423875876e-01
-7.614713071510319509e-01
-7.542281835203054063e-01
-7.242059515436140016e-01
-6.745453912244552264e-01
-6.100324166649364610e-01
-5.347282143279630251e-01
-4.538987268445563439e-01
-3.730892559812379328e-01
-2.961889933480305048e-01
-2.273598024914932625e-01
-1.699342120561122271e-01
-1.254991320150613265e-01
-9.574263860794118841e-02
-8.135789916165869773e-02
-8.167394925280191398e-02
-9.598849941416238984e-02
-1.227182193873538607e-01
-1.594749148097029945e-01
-2.039174297214253473e-01
-2.531935935107060831e-01
-3.043440437374516638e-01
-3.550191460971610646e-01
-4.031486710928846029e-01
-4.469345317414508689e-01
-4.851686208334841099e-01
-5.171525179888067925e-01
-5.425321957277622342e-01
-5.613609537899169055e-01
-5.739792430667451928e-01
-5.805992328091224008e-01
-5.813809803515115338e-01
-5.766357348978358166e-01
-5.657869167161163615e-01
-5.474161445185675712e-01
-5.203503473891162301e-01
-4.823229575419496484e-01
-4.307453510226288973e-01
-3.644774410178033275e-01
-2.815494545420605954e-01
-1.808795366748362776e-01
-6.403623547416438522e-02
6.828618290451463069e-02
2.136746410840976440e-01
3.671732766288619554e-01
5.257288126236613346e-01
6.847937184295969093e-01
8.385129718182782188e-01
9.839057889488401765e-01
1.116743740122647210e+00
1.232511100151965078e+00
1.329757554468003811e+00
1.405753530739164203e+00
1.457932376634202276e+00
1.486103213684626834e+00
1.488386504469479954e+00
1.463304429286304220e+00
1.411569158201976038e+00
1.332750940456341127e+00
1.227122157515592615e+00
1.096619903752277470e+00
9.422423328045778090e-01
7.658193392455208137e-01
5.704777610635664020e-01
3.590901983583370538e-01
1.359452748262341970e-01
-9.363565290081966863e-02
-3.246900008209719912e-01
-5.518076758889244315e-01
-7.696157816395043927e-01
-9.735813104450312672e-01
-1.159728693988762771e+00
-1.324757057477683242e+00
-1.466275516254632594e+00
-1.582761049185201774e+00
-1.672604628640422808e+00
-1.734006864937376102e+00
-1.766093361982311594e+00
-1.767331228807288879e+00
-1.735873319617109667e+00
-1.671586949312384052e+00
-1.573638775351859698e+00
-1.442117296687739136e+00
-1.280148269575493769e+00
-1.090060425870868155e+00
-8.760720015279040984e-01
-6.453132836260246918e-01
-4.030763996130309335e-01
-1.564547693049419541e-01
8.616411954784178318e-02
3.195863522038191462e-01
5.374475898921161621e-01
7.336139510039848544e-01
9.058611213548255492e-01
1.051313685403394871e+00
1.167599455142133813e+00
1.254923383311878471e+00
1.312005130117314344e+00
1.338135390932571278e+00
1.334581473112488537e+00
1.301379063004663328e+00
1.239500982650734828e+00
1.151554309360307782e+00
1.039077048662138347e+00
9.040666468169736847e-01
7.500423842948421571e-01
5.807937131887184190e-01
4.012247912938264882e-01
2.183383926121033325e-01
3.998269633948364765e-02
-1.260715085331643170e-01
-2.720855188725132545e-01
-3.925557743883761885e-01
-4.847967277178749090e-01
-5.469307862767605055e-01
-5.797066711164949870e-01
-5.865800449383670179e-01
-5.710728390261244902e-01
-5.388523483793029589e-01
-4.968829865993457662e-01
-4.505230081801108732e-01
-4.052224018758106561e-01
-3.652634435764976484e-01
-3.328007967640865261e-01
-3.103310901219042406e-01
-2.994921255471562627e-01
-3.004438245283408970e-01
-3.134896456458301506e-01
-3.379488526802524317e-01
-3.721069933908396354e-01
-4.143131011252871865e-01
-4.621720382890742163e-01
-5.128710292229314849e-01
-5.639637489404210058e-01
-6.129775484328791046e-01
-6.574525522040369774e-01
-6.953399713010952610e-01
-7.250669061815799843e-01
-7.453474376236305377e-01
-7.554064482708158224e-01
-7.551156537693476389e-01
-7.446560202235313897e-01
-7.248173273133403649e-01
-6.969345657496696100e-01
-6.623646452689002651e-01
-6.228019210843640519e-01
-5.800709103151407975e-01
-5.356932670677868602e-01
-4.912405572969908429e-01
-4.480899427231548882e-01
-4.072014659474400555e-01
-3.693961570585105880e-01
-3.351190237487886581e-01
-3.044863881427241625e-01
-2.774904249099741649e-01
-2.538386030097021795e-01
-2.331165467798115010e-01
-2.149931098288969666e-01
-1.992036628537059151e-01
-1.855362096330271382e-01
-1.738198857830295929e-01
-1.639154629241312000e-01
-1.556304201214366578e-01
-1.487078280134475072e-01
-1.429202037640212031e-01
-1.373653305638631028e-01
-1.304370816069689298e-01
-1.207509189799352983e-01
-1.061063780605263074e-01
-8.393326129780206979e-02
-5.274615118622454080e-02
-1.034275457590291998e-02
4.494362036044644015e-02
1.127496486468376885e-01
1.936106135032976960e-01
2.869375854362491984e-01
3.899068876964124630e-01
5.009270591078358592e-01
6.167424868150719330e-01
7.324392504036615348e-01
8.456257731470878669e-01
9.530127203924453339e-01
1.050657432521625800e+00
1.137005521275836761e+00
1.208924812255625758e+00
1.263070621637162771e+00
1.299146592509767828e+00
1.316188839647712605e+00
1.313463846761472098e+00
1.292217005171099720e+00
1.251885655721145518e+00
1.191790829426008669e+00
1.113008761374476574e+00
1.015565553542081112e+00
9.003023267228481563e-01
7.695612182167335114e-01
6.241298824013890023e-01
4.647779997394438922e-01
2.933295504051340874e-01
1.110988138355204213e-01
-7.963747790799625970e-02
-2.755082254076843262e-01
-4.733810529315995996e-01
-6.693369553559884721e-01
-8.590521351176511056e-01
-1.038631957991606125e+00
-1.204023102501497577e+00
-1.351481263973407954e+00
-1.478220922477708532e+00
-1.582352306821521282e+00
-1.662816283133097928e+00
-1.719313442561559047e+00
-1.752214666769811080e+00
-1.762462183324653209e+00
-1.751465184515165641e+00
-1.720994511168906227e+00
-1.672997234449840942e+00
-1.609539852155520867e+00
-1.532838357142948693e+00
-1.444562124993236996e+00
-1.345740928740903453e+00
-1.237461278521378327e+00
-1.120372986682467209e+00
-9.951206217271925114e-01
-8.629900456256517360e-01
-7.248326402280097502e-01
-5.819018431427994686e-01
-4.363352013429463438e-01
-2.896121653242803573e-01
-1.436749447941441937e-01
-1.093314747533725420e-03
1.364668392996739033e-01
2.667488032699961709e-01
3.871898606599094572e-01
4.965893575624611977e-01
5.935245359567237200e-01
6.766173890417785941e-01
7.455927431243468684e-01
7.995894835442113324e-01
8.378567865822377225e-01
8.607052615900327996e-01
8.680772319972542839e-01
8.602715561500025032e-01
8.383978556794102754e-01
8.029770086866507839e-01
7.546142841642078380e-01
6.944854261972648324e-01
6.235104609544246390e-01
5.430160887965163052e-01
4.548072029068393474e-01
3.603980051372238091e-01
2.614867642752945476e-01
1.599818488765407387e-01
5.771471224039018827e-02
-4.322558094068944951e-02
-1.407619679244891397e-01
-2.332041852811987115e-01
-3.191816488047832800e-01
-3.976206096697412207e-01
-4.677433035732788125e-01
-5.290406494681045846e-01
-5.811664874890296595e-01
-6.239119907130188381e-01
-6.572812839492649939e-01
-6.810694844260731795e-01
-6.948251895562880254e-01
-6.983345560436533539e-01
-6.912573579702873117e-01
-6.734655737295890399e-01
-6.454962540146421679e-01
-6.077492092250137423e-01
-5.610261016001557577e-01
-5.067928240993323508e-01
-4.461504641462973875e-01
-3.806346847132465183e-01
-3.122708988178694023e-01
-2.424357244013063406e-01
-1.728766242659162955e-01
-1.056162386562508049e-01
-4.207780701595673079e-02
1.581018073065521348e-02
6.620123126783628020e-02
1.082479340774749610e-01
1.410681036333976679e-01
1.640995692971428388e-01
1.774569074599217089e-01
1.809326955196112474e-01
1.745306030716440582e-01
1.587925949468451947e-01
1.342288020163797113e-01
1.018763251305523782e-01
6.323715354835228453e-02
1.970127016871561082e-02
-2.722835148191601190e-02
-7.597429430739123524e-02
-1.251532946931109280e-01
-1.734673356953412293e-01
-2.195568046589780609e-01
-2.621238373223533924e-01
-3.000606135689583009e-01
-3.324063397112253515e-01
-3.585710856052949369e-01
-3.783822041970965055e-01
-3.919022279716865564e-01
-3.996977904428167250e-01
-4.026958142878099278e-01
-4.018016246815770964e-01
-3.980713441165921740e-01
-3.925398473379647091e-01
-3.859105927959198268e-01
-3.786024670007577253e-01
-3.706847111334821143e-01
-3.620672609378110529e-01
-3.527765339443567072e-01
-3.428276867547854767e-01
-3.315464564925931779e-01
-3.175834947400906216e-01
-2.997289855527295321e-01
-2.765107439956047131e-01
-2.466537369747006103e-01
-2.097704929686573239e-01
-1.652687263301170217e-01
-1.130255997338749097e-01
-5.386275492306125817e-02
1.141556659588639257e-02
8.068882397012028251e-02
1.507871573118714226e-01
2.195916206038756868e-01
2.849857497434588050e-01
3.448146417195943059e-01
3.979015500068179834e-01
4.424788414740362108e-01
4.767906975361118627e-01
5.001092403754998639e-01
5.115137853692255376e-01
5.107228327963625469e-01
4.983701401036484957e-01
4.744875929713436857e-01
4.391069324600404000e-01
3.928315613214707347e-01
3.362117479565748801e-01
2.703535579427431279e-01
1.970057640641996455e-01
1.180555642996252569e-01
3.588230902498675684e-02
-4.691557113997093381e-02
-1.280935497192104422e-01
-2.056670854777210289e-01
-2.776673498988712629e-01
-3.423167353126543855e-01
-3.982428122369493506e-01
-4.443848596218387681e-01
-4.803293226228133594e-01
-5.063129507531445306e-01
-5.228296392172178120e-01
-5.309076288492468043e-01
-5.319010604558327415e-01
-5.270709992342185179e-01
-5.178571811822931803e-01
-5.056418852212339887e-01
-4.914231809297832099e-01
-4.759312468673269625e-01
-4.594965780754155515e-01
-4.421542528439713626e-01
-4.239666807638068358e-01
-4.049598497502877592e-01
-3.847871605688907293e-01
-3.628162707451849101e-01
-3.384641326611921297e-01
-3.109167833587996310e-01
-2.794576170181948260e-01
-2.438864057829937815e-01
-2.039948300045463236e-01
-1.600543949602910854e-01
-1.129498674133850994e-01
-6.333396840088530155e-02
-1.226337922378263959e-02
3.879389596398878648e-02
8.877059365281698977e-02
1.362015150391810148e-01
1.794439447206612193e-01
2.174398061890897293e-01
2.489705403352320823e-01
2.730509945104284686e-01
2.893386088575632953e-01
2.973280116034573983e-01
2.967664954270442523e-01
2.879113651384116457e-01
2.709464186041924405e-01
2.463737137535104149e-01
2.150760031933994232e-01
1.780468845527204969e-01
1.367024295566382497e-01
9.260881178412147530e-02
4.712073868508851598e-02
1.466426312023621625e-03
-4.327726791350639673e-02
-8.623048100744704070e-02
-1.266895723423112075e-01
-1.641086663964194114e-01
-1.980828247945174703e-01
-2.283323995331725531e-01
-2.546144829058525905e-01
-2.767044334636638570e-01
-2.944787107808774507e-01
-3.073148170693126846e-01
-3.140482091677236909e-01
-3.137408185591172849e-01
-3.050403626145871128e-01
-2.865787988244981599e-01
-2.578815795931330701e-01
-2.180784397789219953e-01
-1.668022530060661313e-01
-1.050408788849893776e-01
-3.311217805717441703e-02
4.797049128941221346e-02
1.358515654621716695e-01
2.292301770913934555e-01
3.259305230972654455e-01
4.227418846966839450e-01
5.180206143047217937e-01
6.093786898199078372e-01
6.939453133944788465e-01
7.706736734878234518e-01
8.376887882400771979e-01
8.928830389407758084e-01
9.358952084236894509e-01
9.654884931442138107e-01
9.804500199827277385e-01
9.811191059373362000e-01
9.669148460207834805e-01
9.374200565612925695e-01
8.935142829584449276e-01
8.352271467275703687e-01
7.628783560101999317e-01
6.778170275412468415e-01
5.806891488011326485e-01
4.725562676291416020e-01
3.552991833290895518e-01
2.303201440387286636e-01
9.947381977515303009e-02
-3.481507697942685942e-02
-1.703767936217147061e-01
-3.046481672516581085e-01
-4.348653517576838157e-01
-5.585414808077707738e-01
-6.731073084770411441e-01
-7.762078593223504797e-01
-8.660901704540026058e-01
-9.415577717838613525e-01
-1.001922657029377994e+00
-1.046953361898251611e+00
-1.076819223563036054e+00
-1.092031860942252131e+00
-1.093385450448203455e+00
-1.081897574418187125e+00
-1.058752373661867585e+00
-1.025247531765691500e+00
-9.827462962459487805e-01
-9.325048235718632617e-01
-8.756257455174870641e-01
-8.132017210868639490e-01
-7.459109091973958883e-01
-6.740514659077986304e-01
-5.980606399293315611e-01
-5.183296904567535890e-01
-4.355879972156972979e-01
-3.510155926403653592e-01
-2.650664542133383539e-01
-1.779256745480139179e-01
-9.021139747864506675e-02
-2.120495062453048394e-03
8.566162718116188124e-02
1.717845730039893326e-01
2.556021985600090973e-01
3.362046490276188182e-01
4.124448289493121700e-01
4.839728675963455018e-01
5.496717848876802037e-01
6.078273283625027501e-01
6.575149966405420265e-01
6.974221448132803536e-01
7.263579868032289388e-01
7.440866227964585411e-01
7.499259854620830001e-01
7.433793918287728841e-01
7.247363982712647923e-01
6.939155117634178138e-01
6.511373978510133220e-01
5.972758098553323514e-01
5.329829940129851007e-01
4.592936074171711791e-01
3.777276543806583620e-01
2.897774303187537481e-01
1.973730232067359702e-01
1.026638465386032623e-01
7.616303271429018633e-03
-8.575915339370855650e-02
-1.755703588836398099e-01
-2.602669693353548142e-01
-3.386132419059953991e-01
-4.096634272083898853e-01
-4.727380481096733478e-01
-5.274000883080436353e-01
-5.734120465250311938e-01
-6.107270257650202483e-01
-6.394904647799524167e-01
-6.600092887926493068e-01
-6.727222900780180925e-01
-6.781441730764372622e-01
-6.768401128531029709e-01
-6.694272529963406493e-01
-6.565558091289613873e-01
-6.388922691491523143e-01
-6.171048028062786628e-01
-5.918509218669102401e-01
-5.636751807563546990e-01
-5.330046468799569670e-01
-5.002641393354343435e-01
-4.652991910255608876e-01
-4.273635440384921935e-01
-3.858615122940488029e-01
-3.399131118346913616e-01
-2.887479906518701789e-01
-2.322938680265701772e-01
-1.700867496396980538e-01
-1.020898031326607780e-01
-2.932025338913362561e-02
4.784251349525206476e-02
1.285585891806078906e-01
2.110437586652595954e-01
2.945093520023675526e-01
3.776325324819682083e-01
4.583914522709188200e-01
5.360127055962641274e-01
6.090386670818632719e-01
6.755220911172088449e-01
7.348745849886599846e-01
7.857281273807069644e-01
8.264381007608360141e-01
8.569222176428744620e-01
8.765348654023811248e-01
8.845413049021881857e-01
8.815557597835852466e-01
8.674605528652691300e-01
8.421194347313681883e-01
8.066031102662565289e-01
7.612767690328835490e-01
7.065966865283636045e-01
6.441681695228885784e-01
5.749029575946775772e-01
4.995741465790192737e-01
4.198396323832901400e-01
3.367296195215245258e-01
2.512110892467503964e-01
1.650469238593904042e-01
7.937642141518762295e-02
-4.778670085472716197e-03
-8.579924596018606575e-02
-1.628660409533700393e-01
-2.355314787939707943e-01
-3.028749726238813000e-01
-3.646276196800494751e-01
-4.207597047641641885e-01
-4.707803825824093957e-01
-5.147923829243906679e-01
-5.530572776990910766e-01
-5.854901349844771064e-01
-6.125945677102840881e-01
-6.349126788618986161e-01
-6.523614994399132838e-01
-6.649826441575132918e-01
-6.728129217613316726e-01
-6.755887174660810679e-01
-6.734591874142035195e-01
-6.666960761362568100e-01
-6.553266520862194300e-01
-6.396637165670682190e-01
-6.199935720157548902e-01
-5.964446820015343320e-01
-5.696876772724667193e-01
-5.406995726421348625e-01
-5.103453666638440023e-01
-4.796314452813895124e-01
-4.493932146426126706e-01
-4.201330316560809019e-01
-3.921818968726873966e-01
-3.654817330350695892e-01
-3.397836791948139479e-01
-3.149053961663307311e-01
-2.906523413195155059e-01
-2.668611926632760700e-01
-2.434572523634105368e-01
-2.204342383123027438e-01
-1.976531797038876825e-01
-1.748048940917238392e-01
-1.516371920825091979e-01
-1.277735722527898465e-01
-1.028336982129013366e-01
-7.670128779943584385e-02
-4.913468556551525701e-02
-2.005689594109476975e-02
1.021912392981136689e-02
4.155785264788395411e-02
7.357292059616689361e-02
1.055442331513319759e-01
1.371027951194059014e-01
1.676598645762434336e-01
1.963951929406406449e-01
2.229197541092523271e-01
2.465782929989003835e-01
2.665582501885469524e-01
2.825855596631841604e-01
2.942275988744598725e-01
3.010546641033662874e-01
3.031130055238006604e-01
3.001518110599382116e-01
2.919183643778760495e-01
2.786055620723245640e-01
2.601866206777572743e-01
2.367275200551512138e-01
2.086704974062346396e-01
1.762162175758427707e-01
1.396206828485892504e-01
9.942203437400652655e-02
5.602054159557383339e-02
9.977398199275998650e-03
-3.793214285252841794e-02
-8.698102140518715331e-02
-1.362436779849716673e-01
-1.847052172875841558e-01
-2.314827652221705945e-01
-2.757435728214534532e-01
-3.167568877614881373e-01
-3.539638240908109523e-01
-3.869596880937513084e-01
-4.154773092932863010e-01
-4.393711256759498807e-01
-4.586018950406745009e-01
-4.730896909956111007e-01
-4.826966470257682551e-01
-4.873882541161917437e-01
-4.871249120943530464e-01
-4.819634651248632107e-01
-4.721795692516246867e-01
-4.579430885142327656e-01
-4.395032493545248387e-01
-4.173365443237078698e-01
-3.916651015525316470e-01
-3.627407040286273476e-01
-3.310375247407985055e-01
-2.966575443983660576e-01
-2.597550279592256706e-01
-2.207549147181998850e-01
-1.795277538537837780e-01
-1.360150361120102958e-01
-9.060497292593960861e-02
-4.313727573417139305e-02
6.249102819380561967e-03
5.683121528042281434e-02
1.085499044422339326e-01
1.609377367019985128e-01
2.129683138593759795e-01
2.644444481246634449e-01
3.146434503076337430e-01
3.622859586251336306e-01
4.071262819004624056e-01
4.484867618065830897e-01
4.853182751191465472e-01
5.177237422087683782e-01
5.453011614084694036e-01
5.673315514663117565e-01
5.842682946907816754e-01
5.959782930651178479e-01
6.020249915841277000e-01
6.030258480137825616e-01
5.988189365543227227e-01
5.889254928067491068e-01
5.737679720869430788e-01
5.528940965500568350e-01
5.256910196706334748e-01
4.926878254287598291e-01
4.539285143846520931e-01
4.094318096202829160e-01
3.599901616498566992e-01
3.056494164243332423e-01
2.464885862327784449e-01
1.833334105105043355e-01
1.165404897470454088e-01
4.675839643994610800e-02
-2.479106534648794699e-02
-9.755696515208341080e-02
-1.710927154008364537e-01
-2.446098453717147903e-01
-3.175610838923710322e-01
-3.890897732961137168e-01
-4.580193533826049102e-01
-5.233148308684534289e-01
-5.836839358907590647e-01
-6.377866336860305019e-01
-6.845937821735958995e-01
-7.232370037336732782e-01
-7.530802111328540605e-01
-7.738198008384548077e-01
-7.854381920057664779e-01
-7.881588453786957382e-01
-7.824031025597548705e-01
-7.687493425940956637e-01
-7.478949610897623890e-01
-7.206215936617834661e-01
-6.877639128139547697e-01
-6.501822228124265468e-01
-6.087389982257975785e-01
-5.642793857078680642e-01
-5.176155578428399684e-01
-4.695146786910350811e-01
-4.206901121619232575e-01
-3.717954498837535149e-01
-3.234209078594835196e-01
-2.760916871176899989e-01
-2.302679464998856895e-01
-1.863460784502507517e-01
-1.446610053789923467e-01
-1.054892278789777288e-01
-6.905239008847953441e-02
-3.552116134307908846e-02
-4.975898969039213755e-03
2.258433151086328139e-02
4.718116427201301394e-02
6.902412485062500713e-02
8.848212061534971307e-02
1.058687347196991813e-01
1.215156013193177120e-01
1.355920343802183292e-01
1.480647833114728251e-01
1.589968303824238205e-01
1.683209508247129615e-01
1.758162213056548018e-01
1.813875253581336278e-01
1.847879099606688780e-01
1.856925298900636012e-01
1.840105074761362591e-01
1.796162991864604375e-01
1.724255050083104146e-01
1.626354479186363500e-01
1.504084636477638626e-01
1.359018538549931487e-01
1.193363672769130190e-01
1.006940677434139675e-01
7.997312419436441999e-02
5.735179707273273947e-02
3.297643206088613638e-02
7.075643936879870942e-03
-2.001532693366980808e-02
-4.791259356240006040e-02
-7.609389617623826818e-02
-1.040006231451938851e-01
-1.311605232852199043e-01
-1.571800393901967574e-01
-1.813023665562727149e-01
-2.023383390955476868e-01
-2.192249965383462063e-01
-2.308578927368161449e-01
-2.363377387512909100e-01
-2.353064617902923539e-01
-2.270370493539480561e-01
-2.108880488577037360e-01
-1.869831369599406490e-01
-1.552464442265285571e-01
-1.163130443792560059e-01
-7.183062722670693900e-02
-2.283396969752430825e-02
2.935020136102420643e-02
8.303677003456289007e-02
1.376144523582342460e-01
1.919821694151082614e-01
2.444357912810981304e-01
2.942430530141266765e-01
3.401778014586637755e-01
3.808315920288851131e-01
4.160918533097821004e-01
4.454343936889990641e-01
4.681843092569202280e-01
4.847550397670165045e-01
4.948688414488772169e-01
4.979778666369323870e-01
4.944820618778089094e-01
4.841559264358992198e-01
4.667835617968307260e-01
4.430232173426251752e-01
4.127716961394877204e-01
3.758452153388424088e-01
3.327796682309518972e-01
2.835311062157702677e-01
2.281902838737297490e-01
1.675047812253477875e-01
1.018172780727666094e-01
3.174785471820479321e-02
-4.156502675057904134e-02
-1.172760032234320265e-01
-1.942632110989535033e-01
-2.710828930983265050e-01
-3.464157120181272642e-01
-4.186633052966786117e-01
-4.861640435570284691e-01
-5.475562416115661302e-01
-6.016243537578916944e-01
-6.473874617587080937e-01
-6.842180560347789209e-01
-7.118012332152839905e-01
-7.300944111811259463e-01
-7.392875496977900918e-01
-7.397642330327477422e-01
-7.320641607817081065e-01
-7.168476461481325668e-01
-6.948626861156035339e-01
-6.669150649406834219e-01
-6.338418355796375803e-01
-5.964883715401406716e-01
-5.556890375821236239e-01
-5.122513764360051569e-01
-4.669436306282804816e-01
-4.200429766945453780e-01
-3.712811764210103282e-01
-3.204220494975763556e-01
-2.667629297931281007e-01
-2.093782937292964219e-01
-1.478848948190947532e-01
-8.130649920319638069e-02
-8.751057819864559509e-03
6.959499589324436020e-02
1.542432790030436873e-01
2.452057452893728340e-01
3.410995404686915089e-01
4.414673565680193867e-01
5.449968142389255421e-01
6.490978645942948599e-01
7.529545522309438743e-01
8.551866656361685193e-01
9.533846874860442133e-01
1.047097789788543176e+00
1.134954693902008316e+00
1.214733979017089904e+00
1.286365938365868100e+00
1.348740336443779331e+00
1.400212947193102853e+00
1.441238518045321770e+00
1.470845848187133376e+00
1.487483705759846453e+00
1.491502654165122843e+00
1.481839299948739752e+00
1.457253221499672513e+00
1.418330162373040659e+00
1.364305285652022137e+00
1.294486073121767777e+00
1.209737114976814798e+00
1.109646002519522723e+00
9.940873681421258379e-01
8.642736083603946851e-01
7.204664827450739661e-01
5.635372940611252934e-01
3.955366577168259457e-01
2.179238387726251114e-01
3.285976102688120681e-02
-1.565216471632678297e-01
-3.472793190237747907e-01
-5.358466028534730752e-01
-7.180397900537700551e-01
-8.898946727356829012e-01
-1.047443936155728395e+00
-1.186638531293342513e+00
-1.304022158662926367e+00
-1.397067715499690888e+00
-1.463685388368025864e+00
-1.502817940576364419e+00
-1.514874966442534276e+00
-1.500579336620557758e+00
-1.461555630357880942e+00
-1.400607923462566573e+00
-1.320258964260235146e+00
-1.223655418612871415e+00
-1.114630303754813312e+00
-9.961818082334183977e-01
-8.716778269201107543e-01
-7.446712639575646664e-01
-6.175556072935302065e-01
-4.930185298609295330e-01
-3.736834097976337032e-01
-2.609788128525278861e-01
-1.566226906894123139e-01
-6.214692141245645868e-02
2.210357008483517655e-02
9.560439725485120332e-02
1.580369266642912274e-01
2.098549516180389929e-01
2.510200512272831586e-01
2.816241238728945384e-01
3.024826642197405158e-01
3.141117824132992342e-01
3.171690347652258990e-01
3.128366233019388987e-01
3.018705530700755979e-01
2.849102503954720755e-01
2.629086511441841023e-01
2.365321212758894620e-01
2.065486619276256652e-01
1.740439226895008629e-01
1.397343607273487942e-01
1.042096929929697130e-01
6.818509567680015870e-02
3.200808814137232061e-02
-4.099798039197981650e-03
-3.979047897982518345e-02
-7.493132379245447117e-02
-1.093580308683477637e-01
-1.427800590017410942e-01
-1.750714705581253028e-01
-2.060502666294225516e-01
-2.354353816606080674e-01
-2.629505140718096934e-01
-2.881869886022646043e-01
-3.107222279137676901e-01
-3.302756145619633599e-01
-3.466920544235961854e-01
-3.595931952919003693e-01
-3.683190270768950114e-01
-3.723351147481434031e-01
-3.708471004240053714e-01
-3.629683640294442126e-01
-3.482832193331318882e-01
-3.260158323573602579e-01
-2.955255422807134269e-01
-2.570218469537614570e-01
-2.101737991388578641e-01
-1.550017565147038534e-01
-9.262859816150513514e-02
-2.337952337221715915e-02
5.188197140121678791e-02
1.312189950418917450e-01
2.138531460656919181e-01
2.982965605716162427e-01
3.821376141302070817e-01
4.645152746222742657e-01
5.438477914757604559e-01
6.178811118962205251e-01
6.860975757724029345e-01
7.471533467624528191e-01
7.992599284602985854e-01
8.425051647019601297e-01
8.761566472890929269e-01
8.991824564673962517e-01
9.122479776149582387e-01
9.149663285540572399e-01
9.066815350958038477e-01
8.884316472714589574e-01
8.603476330731085753e-01
8.224139360058980719e-01
7.759986183262809201e-01
7.212856919274197587e-01
6.582550627988832392e-01
5.880884063392803895e-01
5.109083245976829835e-01
4.268831401005085402e-01
3.371972734889713830e-01
2.419115790273280442e-01
1.410946973155631223e-01
3.565580283372630360e-02
-7.423590554982993639e-02
-1.880303602476138813e-01
-3.043355072473217238e-01
-4.221332086259276251e-01
-5.399375880592947041e-01
-6.554963970050723399e-01
-7.665764148677546297e-01
-8.706304665761909201e-01
-9.644016054205599708e-01
-1.044534443074969898e+00
-1.108055113216833476e+00
-1.152095006230958951e+00
-1.174738040500608482e+00
-1.175464399464826615e+00
-1.153921558448760321e+00
-1.110787956187281322e+00
-1.048245680246876477e+00
-9.683065987205273784e-01
-8.739977530018269158e-01
-7.694481278822776771e-01
-6.579183498744387570e-01
-5.430738201458304992e-01
-4.285859020940330222e-01
-3.167408574990982495e-01
-2.102344130353010487e-01
-1.116244655071817055e-01
-2.228601236245749892e-02
5.594674797752788309e-02
1.215864378346589586e-01
1.742122678421745008e-01
2.131020241657440306e-01
2.380363520889058615e-01
2.496440820716663844e-01
2.483342223781395131e-01
2.349454135929572030e-01
2.110045030452196990e-01
1.781047667229729570e-01
1.382536240107855863e-01
9.405902967299097084e-02
4.821544297507790455e-02
3.340581752959057103e-03
-3.766353680397439146e-02
-7.217120356507600309e-02
-9.834559345027611699e-02
-1.144379260447091623e-01
-1.195329798531255955e-01
-1.139420261708803256e-01
-9.803750810168726515e-02
-7.315669898582990993e-02
-4.158336952585026808e-02
-5.118731420246365113e-03
3.385616869982756988e-02
7.266890584502522232e-02
1.095515162139184401e-01
1.424323684263165968e-01
1.694224262965579320e-01
1.896136686386707404e-01
2.018824009873024516e-01
2.054904032104559464e-01
2.005105722882204733e-01
1.867650443092492840e-01
1.644268931807692236e-01
1.342568665183915266e-01
9.682590303851733304e-02
5.301045941414081475e-02
4.044409730113957685e-03
-4.894663815529610301e-02
-1.045634118311179750e-01
-1.612702976824028911e-01
-2.176990193557359621e-01
-2.724500962112594293e-01
-3.242246962575107694e-01
-3.720083563597750831e-01
-4.150395050821130138e-01
-4.527810327454172556e-01
-4.848938596882805263e-01
-5.112119197940299120e-01
-5.316244444699431693e-01
-5.460455223749427489e-01
-5.545148242738362487e-01
-5.567596895626796272e-01
-5.521933761610198221e-01
-5.404629990172931109e-01
-5.209066902886969608e-01
-4.928671311152609258e-01
-4.563470421574852831e-01
-4.108945439931486754e-01
-3.562758053402577119e-01
-2.932397969432093965e-01
-2.218793615351971338e-01
-1.427535065134261094e-01
-5.756449381977382651e-02
3.298654477513992406e-02
1.275872234306903441e-01
2.238747216284340813e-01
3.209728568997247677e-01
4.173978115780057063e-01
5.108240820504419410e-01
6.006976608106463500e-01
6.857063871929403032e-01
7.638632414734668474e-01
8.351143636606680465e-01
8.985202737190330913e-01
9.526034053774520283e-01
9.978749264354948023e-01
1.033833302981672642e+00
1.059467975701184450e+00
1.075854482615514085e+00
1.083126838844417517e+00
1.080932111371556870e+00
1.070632291223461374e+00
1.052198139652160247e+00
1.025134035909549768e+00
9.905109857007692309e-01
9.479099819926911641e-01
8.966392570342794910e-01
8.374149985093430892e-01
7.693800463034919934e-01
6.914823734351568385e-01
6.039282224704085600e-01
5.057678886367649174e-01
3.964660370847326587e-01
2.768299843201335042e-01
1.470310759310872462e-01
7.967323794250658411e-03
-1.380423837621383709e-01
-2.886130269690689865e-01
-4.405898959869571363e-01
-5.892988434528894093e-01
-7.295218583529698986e-01
-8.559490365282712565e-01
-9.622305547856181418e-01
-1.042444965852553862e+00
-1.092720964405157202e+00
-1.109390822081276706e+00
-1.090995684172652469e+00
-1.039592417101541155e+00
-9.573429706650035120e-01
-8.487723846881390921e-01
-7.207848023807629234e-01
-5.786274309596769472e-01
-4.287870930529927849e-01
-2.782650018520289592e-01
-1.312610887262518344e-01
7.361824976424024419e-03
1.331446498631565500e-01
2.444281596922238675e-01
3.389046780165134720e-01
4.148215869245805432e-01
4.722774636453677677e-01
5.101633111025138945e-01
5.279184419862464894e-01
5.265185917928850712e-01
5.061018251192547224e-01
4.674526892107664366e-01
4.124585565202359971e-01
3.423029177639424492e-01
2.586248909269073248e-01
1.639912527537439879e-01
6.104080283262567491e-02
-4.675860517109683284e-02
-1.551431839948275437e-01
-2.600255769066517897e-01
-3.575340785269903177e-01
-4.438407510975408976e-01
-5.159618404276821169e-01
-5.720503343031120291e-01
-6.107250421593628520e-01
-6.318413939392993894e-01
-6.366032890463918514e-01
-6.264239614195623584e-01
-6.036701255813557987e-01
-5.713926302303541371e-01
-5.322183514741444244e-01
-4.891659036182325893e-01
-4.450944718292572655e-01
-4.020166050514824563e-01
-3.620184050004181531e-01
-3.267095829500377135e-01
-2.968992685691830835e-01
-2.733575317889397893e-01
-2.563430379966046280e-01
-2.454074805611387300e-01
-2.398988137315197222e-01
-2.387738960231367835e-01
-2.405629655751129470e-01
-2.438021307082145206e-01
-2.470748436960913674e-01
-2.485770501018366163e-01
-2.464751515092257483e-01
-2.394265903418652253e-01
-2.260082485986382728e-01
-2.053437716196677698e-01
-1.775739993301886921e-01
-1.428733529146598846e-01
-1.021727931257522953e-01
-5.716074537323122262e-02
-9.071780930447900793e-03
4.026076956082620673e-02
8.852616202216412322e-02
1.340928157806399179e-01
1.749331608273138328e-01
2.090713358390930698e-01
2.353840351143061671e-01
2.525254400600347449e-01
2.595809072430528275e-01
2.564635716332723803e-01
2.428891840337510377e-01
2.189349271824697907e-01
1.853333940220878162e-01
1.428341913723139289e-01
9.260112506250799125e-02
3.638842945488780095e-02
-2.388885098246022048e-02
-8.607438291678301545e-02
-1.476123653095745558e-01
-2.059965242475673419e-01
-2.590639421173245860e-01
-3.045487379079606649e-01
-3.406068404632334179e-01
-3.662975647740600582e-01
-3.806669783214538527e-01
-3.834216524128720160e-01
-3.753412276379372026e-01
-3.569262760649366539e-01
-3.292816852304388808e-01
-2.943124487842050385e-01
-2.532072517032887271e-01
-2.076276845569862972e-01
-1.596918851210065160e-01
-1.104151807652345302e-01
-6.115805961058064233e-02
-1.354688115106256197e-02
3.196939230047699670e-02
7.449957051240958805e-02
1.129317723638870175e-01
1.472969714308361155e-01
1.770875558386921511e-01
2.016107040564458219e-01
2.211849439581997367e-01
2.354155685002512488e-01
2.436983422366736651e-01
2.462155937102469272e-01
2.423286708795430178e-01
2.313569310309087634e-01
2.135298265846290733e-01
1.885871826232474735e-01
1.564134952241395815e-01
1.175377401601103017e-01
7.193518536736359659e-02
1.980704071545952988e-02
-3.803463337068865857e-02
-1.009545444803855996e-01
-1.678384534110876902e-01
-2.370647370116394925e-01
-3.071862518488249205e-01
-3.766268768128644973e-01
-4.436035465069726458e-01
-5.064571435522615683e-01
-5.635666171928009893e-01
-6.131625190463804165e-01
-6.536225790957160831e-01
-6.837307528146566726e-01
-7.024536293968346445e-01
-7.093285609498910516e-01
-7.046326229516104434e-01
-6.888312308975292897e-01
-6.629959627374073516e-01
-6.287701669777299163e-01
-5.877086820635999409e-01
-5.417632013842629268e-01
-4.930531074604847519e-01
-4.433080444461190428e-01
-3.943751623459068600e-01
-3.478784104415740819e-01
-3.048937555613867589e-01
-2.664325467979337669e-01
-2.331353702397463701e-01
-2.051164802164127110e-01
-1.822712356659696442e-01
-1.641082638114805536e-01
-1.497820815982028875e-01
-1.384263902090835108e-01
-1.291769978504283822e-01
-1.207977329886494727e-01
-1.118431257198967133e-01
-1.010944443353723049e-01
-8.716233839312327591e-02
-6.890831885672096813e-02
-4.590767839185170424e-02
-1.762651136815712380e-02
1.596637046074412050e-02
5.408340861286152490e-02
9.625264403384425904e-02
1.414561087156458730e-01
1.880229426891786015e-01
2.346805099354492274e-01
2.794972221574988369e-01
3.203158360812145555e-01
3.559158644075647859e-01
3.849208137525396145e-01
4.061131505120501028e-01
4.190305920640475246e-01
4.228203569100719705e-01
4.168079273454755596e-01
4.010092847255991022e-01
3.753531967956406645e-01
3.403083896353217286e-01
2.969617562617360429e-01
2.461877651203902007e-01
1.890049595179228159e-01
1.268093916340298777e-01
6.104466698186179069e-02
-6.608117140723450411e-03
-7.401760005988074209e-02
-1.389417808375824626e-01
-1.992754329453308437e-01
-2.526296160811350999e-01
-2.967694484464603599e-01
-3.302148181907655355e-01
-3.513769335565795071e-01
-3.591778403402020592e-01
-3.536896926684385822e-01
-3.348642496401101343e-01
-3.034986180783935117e-01
-2.615610640671495735e-01
-2.105180857641076875e-01
-1.525687667680357962e-01
-9.059831996896873518e-02
-2.653728285460195402e-02
3.711766158825698797e-02
9.767542690658458093e-02
1.536161706181890796e-01
2.029708167624457160e-01
2.439322664888254055e-01
2.758202278924745121e-01
2.975239306002479545e-01
3.082331462562234448e-01
3.080312372456112668e-01
2.965954171901061254e-01
2.739904980453958805e-01
2.410133564178211785e-01
1.982379956179958214e-01
1.466661486825418248e-01
8.788809518701816426e-02
2.344622672702908334e-02
-4.480648086791010065e-02
-1.145515249063788765e-01
-1.834132370669033507e-01
-2.490101774380013289e-01
-3.086359283289374367e-01
-3.596999304532254027e-01
-4.002430336364420915e-01
-4.282141016192119731e-01
-4.420643320891221029e-01
-4.414371621753432340e-01
-4.258134612452587064e-01
-3.953698569440287081e-01
-3.515999685204354575e-01
-2.954380384916033830e-01
-2.285123876686457889e-01
-1.535082348917580775e-01
-7.188848410291286128e-02
1.440625622360361228e-02
1.027127035083173767e-01
1.919702337821596050e-01
2.805579500268113313e-01
3.662561922354801158e-01
4.486481666778991961e-01
5.266660182817771707e-01
5.987253422824864169e-01
6.650455794127124731e-01
7.249396589662645551e-01
7.771609510440679047e-01
8.222273284549256323e-01
8.596434997994482075e-01
8.884451043660464009e-01
9.093266335299531322e-01
9.218082442244281971e-01
9.250297003805679763e-01
9.196917805715912886e-01
9.053098169492458380e-01
8.811982533374183024e-01
8.481200413574047081e-01
8.056904838844726191e-01
7.534779733600169838e-01
6.923593108848454802e-01
6.222179742799561764e-01
5.430962608725133922e-01
4.561650063754876250e-01
3.617419976547292526e-01
2.604312346734819483e-01
1.537708907215902532e-01
4.263676372577186735e-02
-7.176206452973084293e-02
-1.875309854658983311e-01
-3.033092244016259431e-01
-4.174876891593719552e-01
-5.280640947877199842e-01
-6.334979406828613602e-01
-7.321545097994094364e-01
-8.222474307358839107e-01
-9.024186552713168163e-01
-9.714613601196138148e-01
-1.028224531280161003e+00
-1.071966229467181453e+00
-1.102273029598660692e+00
-1.118827019177286219e+00
-1.121633067692323849e+00
-1.111079957944490104e+00
-1.087449600041446196e+00
-1.051171002695498347e+00
-1.003133687668934515e+00
-9.440050988136831078e-01
-8.746412423321534568e-01
-7.964341200624711625e-01
-7.103093938433101551e-01
-6.173749690389027656e-01
-5.192877782260534314e-01
-4.170467388810518150e-01
-3.119926748397119920e-01
-2.060714701027891727e-01
-1.003865054709280891e-01
3.586898361732473658e-03
1.039668915781416930e-01
1.999027791538486309e-01
2.900912856081387936e-01
3.729550759555188000e-01
4.479702859653848512e-01
5.140812705089603529e-01
5.701178419435454225e-01
6.159244989499841338e-01
6.507934783250477473e-01
6.740534856882266501e-01
6.859097726359076885e-01
6.859954373485765977e-01
6.740845010697978923e-01
6.506936421464678544e-01
6.158848782025895252e-01
5.699898934520656324e-01
5.139475313131117717e-01
4.483806501394942967e-01
3.742370222362235155e-01
2.929637723839190189e-01
2.059158499950970722e-01
1.147920398738000308e-01
2.169598284026680313e-02
-7.129424194693452510e-02
-1.620510531492893314e-01
-2.481888776618199344e-01
-3.273695625114050878e-01
-3.976057168379257267e-01
-4.566892930358886771e-01
-5.025906036727137982e-01
-5.341693947333518988e-01
-5.503937871070228027e-01
-5.510427165322714371e-01
-5.371292680570763922e-01
-5.092861285781026259e-01
-4.686420396857426951e-01
-4.172758984841647978e-01
-3.563891123527769822e-01
-2.877061923431522561e-01
-2.138259740514502072e-01
-1.360096139267391868e-01
-5.581135416193244020e-02
2.474357125950578384e-02
1.052538581764167619e-01
1.847138768600593006e-01
2.614395819351009176e-01
3.355140852227544435e-01
4.063756908293816861e-01
4.727577889131688860e-01
5.351937720485189232e-01
5.933216394339415611e-01
6.460244480446017956e-01
6.941732435824482517e-01
7.377039507952375397e-01
7.757740487096181914e-01
8.094408244301258826e-01
8.384595834144112914e-01
8.617347105085176873e-01
8.802332861847983470e-01
8.936915279887246433e-01
9.011561728168547836e-01
9.037956199226461207e-01
9.013837552019537958e-01
8.929598191363880000e-01
8.796729979624866580e-01
8.612916492592775919e-01
8.370563609046942632e-01
8.083329579867423176e-01
7.749951192033726066e-01
7.363823985385199444e-01
6.939311431693707677e-01
6.476139527047662936e-01
5.969216210618347729e-01
5.433849149942548973e-01
4.870894783244933413e-01
4.277127010411935770e-01
3.668328189763135905e-01
3.045091565042341020e-01
2.404330987243494255e-01
1.761068218770704408e-01
1.115412621069345883e-01
4.639814917185777071e-02
-1.795706911209956486e-02
-8.155726820782438491e-02
-1.447206131484563285e-01
-2.062049990848071890e-01
-2.660643158079915027e-01
-3.245060588299297777e-01
-3.803543470738442456e-01
-4.337133607844580463e-01
-4.848253359421150765e-01
-5.327672594529339056e-01
-5.778191602080610112e-01
-6.203504192068046708e-01
-6.597375196501403805e-01
-6.963673743702361030e-01
-7.305812964512377050e-01
-7.618721479851616740e-01
-7.905320141984545357e-01
-8.167046080234768857e-01
-8.398712180508319802e-01
-8.601476944669526059e-01
-8.774736972732449791e-01
-8.913253591140347654e-01
-9.016777544342277073e-01
-9.083687312427705107e-01
-9.109502560533256910e-01
-9.093534831330278845e-01
-9.034512151947798886e-01
-8.929948475334575919e-01
-8.780287166834985779e-01
-8.585939134147861918e-01
-8.346906862581775499e-01
-8.064916942996230853e-01
-7.741749222752425386e-01
-7.379356656123529090e-01
-6.981681587946826362e-01
-6.553997379683672575e-01
-6.100819802582992946e-01
-5.626256570960980197e-01
-5.134877125398860098e-01
-4.630246750603600470e-01
-4.116206527851310470e-01
-3.597671817496267965e-01
-3.077444913272937566e-01
-2.558122307941267937e-01
-2.043773840269278719e-01
-1.537656930576982994e-01
-1.045478805977574782e-01
-5.748226569079854104e-02
-1.311451210541702064e-02
2.790151871620608071e-02
6.489104646329790782e-02
9.743530153063163779e-02
1.249480813859582679e-01
1.468117213784522201e-01
1.626781883527122496e-01
1.722155591677987096e-01
1.753351674824455697e-01
1.722547903487046395e-01
1.632249800090733727e-01
1.487074211630975418e-01
1.293645498638276714e-01
1.058915510475003513e-01
7.908213612873182807e-02
5.000195965369455542e-02
1.987965075110438226e-02
-1.017595936726523043e-02
-3.857664583524608032e-02
-6.335245759476801353e-02
-8.293034835081464218e-02
-9.526467336837916855e-02
-9.840618645437100576e-02
-9.152248235011083144e-02
-7.304780751633109526e-02
-4.175827962026208012e-02
1.869155045791017627e-03
5.834283915509381330e-02
1.273377682562755742e-01
2.065414180558090007e-01
2.952456223803412994e-01
3.917600803061318526e-01
4.927150345360341022e-01
5.970606784395661171e-01
7.025727087114955749e-01
8.056521491171452221e-01
9.055515820290599427e-01
1.000301315983233685e+00
1.086946876253542582e+00
1.165615707434421999e+00
1.235017907442196972e+00
1.293061076725912084e+00
1.340696865102986246e+00
1.377243096363496511e+00
1.401310373868218440e+00
1.414428334880600380e+00
1.416320394688603601e+00
1.406062211028953568e+00
1.385485049714371808e+00
1.354476277456547750e+00
1.312351777903172811e+00
1.261102799790390527e+00
1.200762573944497591e+00
1.130874635643021486e+00
1.053606431032691360e+00
9.692021020123700037e-01
8.774589606295734034e-01
7.805963998387233094e-01
6.788384948209617020e-01
5.720619251249781101e-01
4.627479131759286157e-01
3.517062359019934581e-01
2.393655053432170443e-01
1.283890427327286921e-01
1.946508612167581823e-02
-8.727253797906724120e-02
-1.894729585207845790e-01
-2.864849268710630836e-01
-3.780553316279957610e-01
-4.618639510679066751e-01
-5.375984605655274029e-01
-6.057960244566611419e-01
-6.650307320867603345e-01
-7.155154780807323478e-01
-7.579716034324061047e-01
-7.911394146959707108e-01
-8.154741686342953377e-01
-8.320455909056010402e-01
-8.400913714159432555e-01
-8.405216463279885364e-01
-8.347707334669433044e-01
-8.223412038768466159e-01
-8.041644398519892656e-01
-7.816284358619831618e-01
-7.543036641641422957e-01
-7.231558792737452501e-01
-6.895446314885487205e-01
-6.530530065493344027e-01
-6.145279226265600858e-01
-5.751009748774549291e-01
-5.342195996986781603e-01
-4.926278006534234866e-01
-4.514579699335770080e-01
-4.103736409231755200e-01
-3.702898000776788656e-01
-3.323442594287954188e-01
-2.960097711303147916e-01
-2.616483673930066201e-01
-2.298115378014723709e-01
-1.996346142918527244e-01
-1.712812896266901197e-01
-1.452164608737149254e-01
-1.205610783541242736e-01
-9.731596108885411101e-02
-7.568646926565464339e-02
-5.478531424033343533e-02
-3.496121708381268178e-02
-1.702918933993557982e-02
-1.406734791059416302e-03
9.883736456820184715e-03
1.485828654364091707e-02
1.379889187117248200e-02
7.718708711885404264e-03
-2.163932408284215386e-03
-1.398949133635350554e-02
-2.703325441704716031e-02
-4.098033121184337796e-02
-5.463913111204252854e-02
-6.700153580231969774e-02
-7.656529285187047007e-02
-8.126251295747315140e-02
-8.109383134352032840e-02
-7.801123560443423699e-02
-7.364793628868070152e-02
-6.979455578509215219e-02
-6.781528728433004749e-02
-6.787370474228110462e-02
-7.052060535171868205e-02
-7.615585627585759465e-02
-8.427563306086326145e-02
-9.479864228064192877e-02
-1.076241615444542693e-01
-1.219671675644518477e-01
-1.375391285405257458e-01
-1.541590085817119149e-01
-1.710691709727839294e-01
-1.879756640766618025e-01
-2.047414030059443169e-01
-2.207776603582420338e-01
-2.360279146247778459e-01
-2.506428341509033264e-01
-2.643646887972982418e-01
-2.773947381969253390e-01
-2.900416651734839535e-01
-3.022805683544816935e-01
-3.145810445282560819e-01
-3.274602780053526008e-01
-3.410402107101505598e-01
-3.556833181758489726e-01
-3.716177816738172046e-01
-3.887549969390544646e-01
-4.072338697238216398e-01
-4.270427468842551422e-01
-4.478054395566988255e-01
-4.690822004955636504e-01
-4.902063140321586965e-01
-5.099778721116315916e-01
-5.269542109665210639e-01
-5.398351191804906524e-01
-5.465762900312646222e-01
-5.446959243417938135e-01
-5.324052746972768313e-01
-5.070546115071700166e-01
-4.660914105751087777e-01
-4.088373280906112406e-01
-3.337661438821649118e-01
-2.403272189271259407e-01
-1.307099112011077258e-01
-5.724753545904796154e-03
1.324176911600164763e-01
2.790122891573005304e-01
4.318495781293245628e-01
5.873775561130271106e-01
7.404459950641697485e-01
8.894857749476751119e-01
1.031704690651949363e+00
1.163276171688787164e+00
1.284236837575883694e+00
1.393129762980285236e+00
1.487589425840964985e+00
1.568925642962582634e+00
1.636588316386850428e+00
1.689181920215419019e+00
1.728856549531372133e+00
1.755661681988841094e+00
1.768730385844898167e+00
1.770601219022156503e+00
1.761528287691240369e+00
1.740805019555227373e+00
1.711106701665289442e+00
1.672729611096243740e+00
1.625050172473781807e+00
1.570928867196271117e+00
1.510730819574101824e+00
1.443801066926941434e+00
1.372998033379411842e+00
1.298524160595766475e+00
1.219534902426736789e+00
1.138878149484354951e+00
1.056699523705978416e+00
9.721048415223351169e-01
8.879987017154218343e-01
8.043928459173198542e-01
7.201711722655053105e-01
6.380237813463570662e-01
5.575911247474494292e-01
4.775022283708432735e-01
4.002454614438764602e-01
3.251160587423471693e-01
2.504843320286071484e-01
1.786225176445439822e-01
1.086245112626933879e-01
3.879826005410838552e-02
-2.870427880090956757e-02
-9.483146931597211116e-02
-1.610764639425486255e-01
-2.252383378553408089e-01
-2.881840408792548103e-01
-3.511715179171592260e-01
-4.119393023660372077e-01
-4.711734569091364788e-01
-5.299087274077530774e-01
-5.862579842908968164e-01
-6.414110019100427440e-01
-6.966776481543059951e-01
-7.504844565136526979e-01
-8.037697201637925559e-01
-8.573416458894010939e-01
-9.095522669745900179e-01
-9.611250006782822153e-01
-1.012696101335728072e+00
-1.062764654065687653e+00
-1.111516218328953087e+00
-1.158601344859453208e+00
-1.202105905869069957e+00
-1.242022796370440885e+00
-1.278201596196913536e+00
-1.309344331590018173e+00
-1.335551603496974993e+00
-1.356719424002994057e+00
-1.371946556912807980e+00
-1.381502161859651023e+00
-1.385548814761486947e+00
-1.383700578130257819e+00
-1.376260369704288333e+00
-1.363196836489112940e+00
-1.344110151072122283e+00
-1.319206542590174891e+00
-1.288619610839769392e+00
-1.252366736583929052e+00
-1.210781328474709762e+00
-1.164073696089259924e+00
-1.112440621326208579e+00
-1.056308287768592313e+00
-9.961172134747215967e-01
-9.323853112772468865e-01
-8.658043778559819659e-01
-7.971712748595705111e-01
-7.273327416148369640e-01
-6.571421913382721192e-01
-5.874269243663425843e-01
-5.189642514553445274e-01
-4.524650945119694234e-01
-3.885637222591057927e-01
-3.276870906788960092e-01
-2.700588724162300558e-01
-2.158650716706551898e-01
-1.650918899973726761e-01
-1.176155525681046171e-01
-7.340812711146474379e-02
-3.221649124426780031e-02
6.222507449272885773e-03
4.195338673318566719e-02
7.537791500029222824e-02
1.069206732845937174e-01
1.366937376695596951e-01
1.652943639599031012e-01
1.932217923045153052e-01
2.204408994534644561e-01
2.475524178360890004e-01
2.749778567982533728e-01
3.024794252008076723e-01
3.306770859154848918e-01
3.598470310259376803e-01
3.894228667307599867e-01
4.199318320347256162e-01
4.514023680186819987e-01
4.829187590423844045e-01
5.150090874440008681e-01
5.476091321024700864e-01
5.796367018260115689e-01
6.116558153159821209e-01
6.433576120102235674e-01
6.733731736292719594e-01
7.023530628912895146e-01
7.300092288544914876e-01
7.550035375768524570e-01
7.781115261200605149e-01
7.988078615048688214e-01
8.155076983282145697e-01
8.290142454656801441e-01
8.388265962575719437e-01
8.435593900208980811e-01
8.443171579976095353e-01
8.406457555511555046e-01
8.311872382663209047e-01
8.171544267229696734e-01
7.981866836342423888e-01
7.732089705697647863e-01
7.437482301218786285e-01
7.095866691376736535e-01
6.697934744011880825e-01
6.260253771547960033e-01
5.781599375354706805e-01
5.254477757109896618e-01
4.696744842168886769e-01
4.107680565812851237e-01
3.480832528264263814e-01
2.834772750822670551e-01
2.169665345328349315e-01
1.480565378229619644e-01
7.862829615938653205e-02
8.665906585502820836e-03
-6.232389421060136048e-02
-1.325948087522489105e-01
-2.022657132918638800e-01
-2.718232939961416905e-01
-3.396928576358249074e-01
-4.061659555105711084e-01
-4.718331923111305226e-01
-5.353195403472826852e-01
-5.968797997752833817e-01
-6.569213655643946215e-01
-7.142351797632556787e-01
-7.692737237681089857e-01
-8.225282701361450455e-01
-8.731318594152063239e-01
-9.216780214378501590e-01
-9.685855015178311822e-01
-1.013185765915550984e+00
-1.056110406461651552e+00
-1.097785523923475504e+00
-1.137730150428357678e+00
-1.176197713943195389e+00
-1.212934515896562093e+00
-1.246892468725580905e+00
-1.277380177494912505e+00
-1.303264895472103779e+00
-1.322786822516264005e+00
-1.334285184475526576e+00
-1.336037146464930991e+00
-1.325889668815188882e+00
-1.301893294553075897e+00
-1.262845079463137621e+00
-1.207352830188323844e+00
-1.134606731377976407e+00
-1.045266821327008655e+00
-9.397825711403865467e-01
-8.195201241915925916e-01
-6.874248933301891906e-01
-5.457080631199711096e-01
-3.974493948599272519e-01
-2.467459596775260222e-01
-9.623674120841323176e-02
5.079643385025200270e-02
1.907278974124353710e-01
3.217715452394690478e-01
4.415728772306229954e-01
5.478182691115385250e-01
6.399155200744787164e-01
7.165790984209520209e-01
7.767074503268807106e-01
8.206098136363320084e-01
8.478260058571642777e-01
8.581458049497322493e-01
8.524240490394958680e-01
8.307528171099695102e-01
7.935249735293092854e-01
7.419465408355579994e-01
6.766490991097862118e-01
5.986687122498112190e-01
5.096876713242119994e-01
4.110489501577305194e-01
3.045080335619818612e-01
1.923059240961031702e-01
7.657697639845384430e-02
-4.022379719519768998e-02
-1.554109268833632207e-01
-2.665339202730818147e-01
-3.713001417609963495e-01
-4.674453969101896034e-01
-5.530131634688841835e-01
-6.265614884940571283e-01
-6.868842916573224544e-01
-7.333146524635533181e-01
-7.659213516977534386e-01
-7.848425124902819183e-01
-7.906231563658885353e-01
-7.844133166959608161e-01
-7.670756274168312183e-01
-7.396870735492192539e-01
-7.037525343301179737e-01
-6.601073740334618689e-01
-6.096550337658719343e-01
-5.536850667324951791e-01
-4.924755496193166660e-01
-4.263521904252019490e-01
-3.562527478961405869e-01
-2.818399698560336564e-01
-2.029468491481984938e-01
-1.203889530386780954e-01
-3.339915446790701209e-02
5.836154293381561747e-02
1.537909824886829757e-01
2.536795935178169370e-01
3.579578550989931385e-01
4.647366698758612635e-01
5.743901958958824716e-01
6.860123351947117198e-01
7.968728145827435050e-01
9.071124702553464703e-01
1.015396025711908568e+00
1.118780874639403011e+00
1.217585340072137035e+00
1.310381983966217190e+00
1.394432071137499118e+00
1.470446097049766809e+00
1.537162633579007398e+00
1.592335784538034815e+00
1.637139978455943945e+00
1.670534942804252854e+00
1.690703487039816100e+00
1.699019520205077738e+00
1.694474249851121606e+00
1.675554577892637731e+00
1.643705235260472408e+00
1.597940936180654692e+00
1.537043094601604043e+00
1.462424708702623422e+00
1.373040301485257686e+00
1.267865400533568110e+00
1.148218748247720633e+00
1.013159617845816651e+00
8.621156495611275172e-01
6.965628217398313060e-01
5.160265274673752067e-01
3.207162156402263986e-01
1.126771750872320871e-01
-1.073304981673068870e-01
-3.374611587789623779e-01
-5.741136348249761268e-01
-8.141387372204195172e-01
-1.053193912238189256e+00
-1.285293847694635394e+00
-1.504325508534697375e+00
-1.703745936305258279e+00
-1.876080432457484459e+00
-2.014477766081051335e+00
-2.113895245737433815e+00
-2.169879095673279412e+00
-2.180329324683587089e+00
-2.146702514112764248e+00
-2.071083567667620695e+00
-1.957964796136568708e+00
-1.814513852197872756e+00
-1.646639461587056097e+00
-1.461362360642968206e+00
-1.266550564324648409e+00
-1.067210158892453631e+00
-8.686384222938876576e-01
-6.760261554931660255e-01
-4.914275966002303875e-01
-3.173661704067417544e-01
-1.562968186387829472e-01
-7.864610082348200484e-03
1.274588055379241580e-01
2.489454841728327428e-01
3.583021195523771185e-01
4.560828154969024939e-01
5.422364052807986390e-01
6.190051466594658214e-01
6.873338974462981366e-01
7.472882006826071510e-01
8.012408741628609388e-01
8.501031702658172762e-01
8.936260286438784117e-01
9.339842278266871078e-01
9.717334769497149027e-01
1.006110153774530946e+00
1.039027422381582522e+00
1.070622072137376035e+00
1.099615696594865577e+00
1.127667496315421847e+00
1.154475188770756944e+00
1.178333930183115497e+00
1.200756033610924423e+00
1.221135456362657967e+00
1.237573221370544374e+00
1.251523576895804180e+00
1.262069778161911238e+00
1.267167888071903947e+00
1.268263634258353534e+00
1.264319876424954359e+00
1.253398266320569832e+00
1.237047245914964400e+00
1.214202515787725201e+00
1.183101893759744394e+00
1.145321497992840332e+00
1.099745679649023922e+00
1.044859993709985613e+00
9.823635697339012651e-01
9.112927855320265280e-01
8.304959263669910996e-01
7.417591863288358622e-01
6.442637665805676095e-01
5.372161374577207882e-01
4.224690107329909239e-01
2.994988367114718719e-01
1.681132633044728208e-01
3.044934312142451652e-02
-1.135075594269515098e-01
-2.633251243318462942e-01
-4.166483489416099029e-01
-5.729185308481931083e-01
-7.309955311258528043e-01
-8.882411658932888310e-01
-1.043447410691446420e+00
-1.194806836051804488e+00
-1.339493134152364595e+00
-1.475840614386913163e+00
-1.601805266167050767e+00
-1.714865463322483130e+00
-1.813482061100577525e+00
-1.896054511777222285e+00
-1.960974952229852075e+00
-2.007474154976867098e+00
-2.034982480209655886e+00
-2.043233813417711708e+00
-2.032616906316560001e+00
-2.003784785697626081e+00
-1.957736356861520477e+00
-1.895979593221816417e+00
-1.820362757422584021e+00
-1.732940153567736230e+00
-1.635870634992880213e+00
-1.531323235882946276e+00
-1.421372600824450050e+00
-1.307966239926821927e+00
-1.192925885688699061e+00
-1.077846084562311013e+00
-9.641111760966661892e-01
-8.529411119122327634e-01
-7.453576377430093380e-01
-6.422913618173473616e-01
-5.445611331961417445e-01
-4.527988136549955245e-01
-3.675419011597265695e-01
-2.891887033929287365e-01
-2.179737155994112829e-01
-1.540175795531217307e-01
-9.728380074900486174e-02
-4.762456001418233220e-02
-4.852542208517880533e-03
3.125240879635494962e-02
6.093754840280686536e-02
8.447231984359816759e-02
1.021441799585128402e-01
1.144626204567879141e-01
1.221871488252739973e-01
1.260600020388132070e-01
1.269935460615005118e-01
1.259451348172597462e-01
1.236103756550324118e-01
1.208433640583352620e-01
1.183570051330084805e-01
1.164227153898963613e-01
1.155397470755491346e-01
1.159552285752851741e-01
1.174122061786173066e-01
1.200079890079173567e-01
1.235152641410334623e-01
1.272435511522011786e-01
1.310148946775925305e-01
1.343121980020956230e-01
1.362900014292550421e-01
1.367587857508739124e-01
1.351780530622499754e-01
1.307911495657905765e-01
1.235716060769896235e-01
1.131389718332410921e-01
9.898305033113129203e-02
8.132572604919133252e-02
6.002001467266163820e-02
3.484646480455497880e-02
6.264377374407383361e-03
-2.566380573473881280e-02
-6.092214694750038712e-02
-9.886668614782391507e-02
-1.392322171412566367e-01
-1.817958903495910383e-01
-2.258078725596738556e-01
-2.709106174586877747e-01
-3.167948221860734659e-01
-3.626970535261097583e-01
-4.082076194152327031e-01
-4.529520742384144927e-01
-4.962026685483306720e-01
-5.376109324004048062e-01
-5.769062339536353834e-01
-6.135814069811006410e-01
-6.474938748817953282e-01
-6.785403204138485966e-01
-7.063934464483702103e-01
-7.309920378858563161e-01
-7.522879767530512574e-01
-7.700984165804604098e-01
-7.844806681103125845e-01
-7.954768621495096337e-01
-8.030156181995428133e-01
-8.071003929676626720e-01
-8.076001550628859604e-01
-8.043187120503131338e-01
-7.971578410637073508e-01
-7.860318783830709810e-01
-7.709167596489178154e-01
-7.519144139089716239e-01
-7.292285628159982380e-01
-7.030618330919465864e-01
-6.735859207857710640e-01
-6.410291578261291257e-01
-6.054599683372073882e-01
-5.668124917226007309e-01
-5.251609441397813161e-01
-4.805826056955364578e-01
-4.333694379067519753e-01
-3.841046638734345042e-01
-3.332473814755377295e-01
-2.814006133368959217e-01
-2.293632283916571535e-01
-1.777277706317945960e-01
-1.272668006012194764e-01
-7.889540786598037148e-02
-3.324483307153347500e-02
8.974893468062747695e-03
4.712492123747102912e-02
8.088954419255330042e-02
1.098312705695992791e-01
1.335874038169818090e-01
1.520683994018311447e-01
1.651081863792855098e-01
1.726760135009881847e-01
1.749829453575748317e-01
1.722503749954024388e-01
1.648871907836628736e-01
1.534599039197867276e-01
1.385648812264576868e-01
1.209475957874690671e-01
1.013859539687769901e-01
8.054624245483550660e-02
5.899659912079851382e-02
3.723089658367104843e-02
1.568078697244460959e-02
-5.291575985370769973e-03
-2.530712993520878307e-02
-4.397953976305313956e-02
-6.101867543746739703e-02
-7.619211879014349542e-02
-8.941270456476063666e-02
-1.007438845351155549e-01
-1.102456268716186238e-01
-1.180727802664217480e-01
-1.244526488002707237e-01
-1.295551854586109441e-01
-1.336147197448364909e-01
-1.368797763290779679e-01
-1.394800814171555936e-01
-1.415452670896051035e-01
-1.431841867722856154e-01
-1.443712231257839873e-01
-1.450762456432559966e-01
-1.452799212593657296e-01
-1.448040676279952477e-01
-1.434385345912064236e-01
-1.410287602063843571e-01
-1.371627682189270336e-01
-1.313503332824075553e-01
-1.232975284017432394e-01
-1.123391360386974541e-01
-9.772474513765823378e-02
-7.911337853527802833e-02
-5.566987076131565959e-02
-2.660840014140035750e-02
8.130072299812569209e-03
4.936525116632266980e-02
9.773984279084313442e-02
1.527849498915752335e-01
2.149192309861676364e-01
2.839825468306380052e-01
3.584557157036242780e-01
4.379639047854842482e-01
5.212782181606002707e-01
6.059834430532589078e-01
6.913820404141747256e-01
7.759427612811201636e-01
8.571749904159526867e-01
9.345231781739082866e-01
1.006466487323814718e+00
1.070832379309144988e+00
1.127512107863173352e+00
1.175359330325943086e+00
1.212849532610033032e+00
1.240415693749855608e+00
1.257247875465694387e+00
1.262209514153733503e+00
1.255896442373575672e+00
1.237638411519949466e+00
1.206662608866507780e+00
1.163699261321062606e+00
1.108192928463100690e+00
1.039669599291821012e+00
9.590060284955185255e-01
8.659912270261402867e-01
7.606746898498318865e-01
6.442071776722311238e-01
5.168453358673356091e-01
3.793010706011035182e-01
2.332631072643062131e-01
7.995048535763397968e-02
-7.874236806060729010e-02
-2.400995717349515834e-01
-4.016642260966893363e-01
-5.605488968102771974e-01
-7.133734903508368586e-01
-8.569107419957917582e-01
-9.878943324884410515e-01
-1.103021233372268872e+00
-1.199527289544051856e+00
-1.275395109919452041e+00
-1.329071947201617476e+00
-1.359932573733740435e+00
-1.368472866894453466e+00
-1.355610135882696632e+00
-1.323094584185634748e+00
-1.273488232576200030e+00
-1.209267466925831203e+00
-1.133316647466291904e+00
-1.048747564780474040e+00
-9.581232341638107330e-01
-8.640873542668503493e-01
-7.691031477852191545e-01
-6.749027201576914825e-01
-5.831832602937085941e-01
-4.953514447051968750e-01
-4.121483932190709853e-01
-3.343049109509809158e-01
-2.623279926364185388e-01
-1.962154723050762162e-01
-1.360159830499033107e-01
-8.166407926148314123e-02
-3.269577839185461299e-02
1.126306387509342852e-02
5.055897483968881112e-02
8.589219405376076477e-02
1.178671169873649477e-01
1.469142365734001365e-01
1.738531403672314013e-01
1.994173691935872961e-01
2.240208295911412795e-01
2.485341425974975649e-01
2.736619800405311054e-01
2.995919219490241203e-01
3.271357110626560982e-01
3.568787341969053561e-01
3.886814877823295267e-01
4.230382418138757261e-01
4.598894500039273359e-01
4.983207598080444112e-01
5.383428458765514568e-01
5.794135895374229461e-01
6.202378586083431289e-01
6.606475852487495581e-01
6.997611702102158882e-01
7.360143250549923133e-01
7.691511127567423056e-01
7.982277846852199321e-01
8.219044069675460751e-01
8.402589479466613387e-01
8.525653997656436056e-01
8.577597898364369700e-01
8.561494019160558189e-01
8.472126456426497532e-01
8.302259510066304360e-01
8.058115092943736180e-01
7.737996358280248010e-01
7.339173513091483692e-01
6.870610962971218649e-01
6.332567657832637309e-01
5.724755642276592171e-01
5.057880449044496185e-01
4.335207056178203566e-01
3.560239001387452418e-01
2.746385701519589162e-01
1.900115357729131593e-01
1.027596334192394933e-01
1.431306643668645191e-02
-7.450641307487293474e-02
-1.628479132154733167e-01
-2.491087855299329856e-01
-3.322468662924588090e-01
-4.113497213366886229e-01
-4.849158699313146359e-01
-5.520138768920556105e-01
-6.120167676381131905e-01
-6.637844586987101669e-01
-7.066868123286462744e-01
-7.404563808883425358e-01
-7.642904062200556181e-01
-7.779287439011257632e-01
-7.816574229206153523e-01
-7.751995884021132266e-01
-7.588271199925095134e-01
-7.334195189913479407e-01
-6.991283194465696127e-01
-6.566241027614814207e-01
-6.071901107985908652e-01
-5.512040170220272595e-01
-4.895906631832597777e-01
-4.238882173114982277e-01
-3.546025182675678900e-01
-2.828577204529355571e-01
-2.103126205002239235e-01
-1.374594580250382558e-01
-6.546239320393840155e-02
4.083837669133128997e-03
7.081030746257305220e-02
1.336292944973725971e-01
1.911546883394655838e-01
2.431969196097552577e-01
2.888159220627786183e-01
3.269465648706048055e-01
3.576434834762602377e-01
3.802084393691506636e-01
3.939505510780944020e-01
3.991511899500875260e-01
3.953817956139105694e-01
3.823400464289756218e-01
3.605289579038675196e-01
3.298602608681602821e-01
2.905048077327548883e-01
2.432936566268369405e-01
1.886363407779108048e-01
1.272716755403329181e-01
6.045404635464714238e-02
-1.079546370218680690e-02
-8.513952438896926767e-02
-1.608593360885071932e-01
-2.363132808517636463e-01
-3.096870940200548983e-01
-3.789788002546066181e-01
-4.423478285892295525e-01
-4.981798590491023360e-01
-5.448658519856328653e-01
-5.810817068497288185e-01
-6.060734625062373926e-01
-6.192046366255549161e-01
-6.203150506702118649e-01
-6.099887491621003299e-01
-5.887896165680982508e-01
-5.577353415714580986e-01
-5.184341195944326408e-01
-4.721815568465776436e-01
-4.206141027545438060e-01
-3.656768669220522017e-01
-3.087353945134736488e-01
-2.513875153619138936e-01
-1.953003863351130964e-01
-1.414425505975007435e-01
-9.097963375765139027e-02
-4.502429863254946152e-02
-4.051814687276967912e-03
3.121930221736331570e-02
6.018701209288521842e-02
8.284773526090863371e-02
9.901367298090336944e-02
1.086381096405227287e-01
1.121050870923080561e-01
1.095526208338181567e-01
1.012229049258694946e-01
8.767108286097552439e-02
6.926549068410330079e-02
4.651697947921216991e-02
2.015522284959580038e-02
-9.289789531104108294e-03
-4.124927605051578045e-02
-7.504265298429012299e-02
-1.100271009939287059e-01
-1.454075156189641171e-01
-1.803431470598727548e-01
-2.141233488980596178e-01
-2.461016932521757350e-01
-2.757260411317332682e-01
-3.025830590466362380e-01
-3.263817093750096543e-01
-3.468210992635675782e-01
-3.635591177624089565e-01
-3.763499432627447350e-01
-3.849015553850451687e-01
-3.889433280602447862e-01
-3.884217476753047404e-01
-3.832239044543248596e-01
-3.733476997125896868e-01
-3.590770724576413109e-01
-3.405203494499796646e-01
-3.179211215519919809e-01
-2.918564507249699624e-01
-2.626377333944779902e-01
-2.307287577250001220e-01
-1.968744897638972369e-01
-1.614188999965245619e-01
-1.248914910663085076e-01
-8.808782444934808165e-02
-5.134800295669864068e-02
-1.527233158463390215e-02
1.930307270793401794e-02
5.205337822693854866e-02
8.238282528180491948e-02
1.095588229696595889e-01
1.333669834903883633e-01
1.532708461163878322e-01
1.686641684172452138e-01
1.794455223458504833e-01
1.852233465904369880e-01
1.856439337974491177e-01
1.808143119170625424e-01
1.705794087399530312e-01
1.548863240473574154e-01
1.340576733158396483e-01
1.082078163420245459e-01
7.761918850777731194e-02
4.288553691514737642e-02
4.471700507506761769e-03
-3.698921970715998014e-02
-8.061145411344147749e-02
-1.254893044386820589e-01
-1.705493039480428796e-01
-2.145562059704548552e-01
-2.563521666232749241e-01
-2.949131426214974816e-01
-3.289953759215500373e-01
-3.572318714776058779e-01
-3.785415385088624629e-01
-3.916804225129202899e-01
-3.955784564715818519e-01
-3.898727211113053870e-01
-3.739716633410182234e-01
-3.476266814946601391e-01
-3.115197378746891732e-01
-2.659136620040712384e-01
-2.115552409398986089e-01
-1.501238252512987204e-01
-8.251476875273250355e-02
-1.009873453892451076e-02
6.502079359685461468e-02
1.418646399979134609e-01
2.189454887482000234e-01
2.942293017692730328e-01
3.670487206011859294e-01
4.362192659079544010e-01
5.001701070005543093e-01
5.587422734820775005e-01
6.111303918148256464e-01
6.562104046227642540e-01
6.942405700508333943e-01
7.247633010294083356e-01
7.470743767627774368e-01
7.617631858826685587e-01
7.686232336119476205e-01
7.672300756700404234e-01
7.583630893145302254e-01
7.420192181846103630e-01
7.180519328921749489e-01
6.874038411236048640e-01
6.502200778972661022e-01
6.065401721861136686e-01
5.574047636532946104e-01
5.031270344897367242e-01
4.439661085385243067e-01
3.810732129893409925e-01
3.149134254478775929e-01
2.459015467333969529e-01
1.752377905279609016e-01
1.035212227738512708e-01
3.132409005549161019e-02
-4.011571009834139639e-02
-1.101443920406649096e-01
-1.781977759308541742e-01
-2.431680413312083677e-01
-3.044823786913798958e-01
-3.616967074296790763e-01
-4.139404027889905247e-01
-4.608695292487928752e-01
-5.023151558652627635e-01
-5.377634940933173624e-01
-5.671811698461922679e-01
-5.907008079118393207e-01
-6.081243207388697947e-01
-6.196543799546921916e-01
-6.256471524009930008e-01
-6.261745873739952284e-01
-6.216703516083519343e-01
-6.126760585838677553e-01
-5.994580467079573260e-01
-5.825855334210597869e-01
-5.626777446724201548e-01
-5.400900976621114680e-01
-5.154378490630616705e-01
-4.893610772631255545e-01
-4.622627264693249804e-01
-4.347262163006313518e-01
-4.072749339749208164e-01
-3.802075333573011751e-01
-3.539431514098425602e-01
-3.288011095564042918e-01
-3.049161452786828264e-01
-2.824777891139189645e-01
-2.615537871960743610e-01
-2.420824145343944966e-01
-2.239715008291326692e-01
-2.069814226204294005e-01
-1.908309134746686009e-01
-1.753285947196731309e-01
-1.603550854857166696e-01
-1.457829819198933619e-01
-1.314576799990548051e-01
-1.172697765019829613e-01
-1.029135837473525439e-01
-8.789094951902032271e-02
-7.181825450873859096e-02
-5.419109346713335551e-02
-3.458319589374440201e-02
-1.291967457668948861e-02
1.109720733531664033e-02
3.764228101050774017e-02
6.644172274329679384e-02
9.757898222454579329e-02
1.309415118853495541e-01
1.659047462206010570e-01
2.023774721978826296e-01
2.400344357488845559e-01
2.780643569203069543e-01
3.163762985319890642e-01
3.545616389372951427e-01
3.917177550896926430e-01
4.278064739801668015e-01
4.623965303157343554e-01
4.945888370988520411e-01
5.245036896979451413e-01
5.518252101352423278e-01
5.757899303411589953e-01
5.967450598852410693e-01
6.145169632554238204e-01
6.284790156228216018e-01
6.392049580784571194e-01
6.466953224879031792e-01
6.504878549956792932e-01
6.514121514028414772e-01
6.496620781905908526e-01
6.448968711988788405e-01
6.380710401605942383e-01
6.293655448266191055e-01
6.183780650469840046e-01
6.061045775625208964e-01
5.927197933816015230e-01
5.777771164013469907e-01
5.623196991761820751e-01
5.464887085383992593e-01
5.297327293806544102e-01
5.130589491153284554e-01
4.965116142424897960e-01
4.794679910962326153e-01
4.629779757868856538e-01
4.470379117707314331e-01
4.309318206731191925e-01
4.156320593923775175e-01
4.009191604676893284e-01
3.858635823527831188e-01
3.712966183488285443e-01
3.568309352773429421e-01
3.414686778329192873e-01
3.259747833279862395e-01
3.097972734084385449e-01
2.918535673997216806e-01
2.727933459788963733e-01
2.519519653120930180e-01
2.283164173775996675e-01
2.025368891329184240e-01
1.739477009915806061e-01
1.416734629479324548e-01
1.063687223968138307e-01
6.744918157135408598e-02
2.429909374988770826e-02
-2.233151508582139136e-02
-7.281435945297538848e-02
-1.274002902951388849e-01
-1.851737274216564144e-01
-2.461815070679953532e-01
-3.102398712183148666e-01
-3.762375479908659504e-01
-4.438584474647225275e-01
-5.125023193386767373e-01
-5.808782679066938348e-01
-6.483092870742200864e-01
-7.138580561355301057e-01
-7.761662897030778829e-01
-8.343799340104477436e-01
-8.875026277359723270e-01
-9.343675051211082216e-01
-9.742097247353529443e-01
-1.006245453470099971e+00
-1.029739921689452942e+00
-1.044260584241902823e+00
-1.049415638428279118e+00
-1.044987756816828872e+00
-1.031126271789623239e+00
-1.008273688587385308e+00
-9.770994621462674168e-01
-9.384412311471921342e-01
-8.932507652317630553e-01
-8.424964715943213944e-01
-7.871275710400201797e-01
-7.281071224345707638e-01
-6.661728252530817462e-01
-6.018365468933243312e-01
-5.356395730747199879e-01
-4.678729801950135547e-01
-3.987420408946639738e-01
-3.286673692213340492e-01
-2.577295573322881395e-01
-1.860110139831280263e-01
-1.139662613629947169e-01
-4.161583985407595748e-02
3.088838908109950779e-02
1.028967348900803602e-01
1.742949423869631920e-01
2.446730861248341826e-01
3.130730403529992656e-01
3.791970932327620170e-01
4.423434632843213365e-01
5.013595075833264803e-01
5.558971390483622432e-01
6.051484754326241777e-01
6.480028040838139436e-01
6.842371455616947928e-01
7.131482666357039646e-01
7.338797014916296213e-01
7.464461627202139127e-01
7.503608646281016981e-01
7.451121480351712290e-01
7.310013652653643001e-01
7.078536100295259592e-01
6.755635071567872574e-01
6.347002858227100974e-01
5.853603589056787238e-01
5.277710866948203128e-01
4.627443925787837475e-01
3.907476921416714322e-01
3.124545829582368039e-01
2.289897454102212959e-01
1.411840627034207929e-01
5.004432405790060906e-02
-4.311441387295975730e-02
-1.371759293038222749e-01
-2.308608757799906763e-01
-3.227333183747315704e-01
-4.115294627553783835e-01
-4.959285016471482455e-01
-5.746409884541801016e-01
-6.466047455649437392e-01
-7.108824572920653395e-01
-7.667168093552461094e-01
-8.136152517746704227e-01
-8.513266328345489020e-01
-8.798161074230314016e-01
-8.992386303446717744e-01
-9.099115568187275960e-01
-9.122870311615697281e-01
-9.069248729109631313e-01
-8.944666055603420762e-01
-8.756112079533101555e-01
-8.510930124968841826e-01
-8.216620683273705428e-01
-7.880671480623633318e-01
-7.510414446990482107e-01
-7.112909196600856188e-01
-6.694851652129548691e-01
-6.262505878333975984e-01
-5.821656734841589298e-01
-5.376281259484380071e-01
-4.928404889591668780e-01
-4.479791793074909823e-01
-4.029630134325333235e-01
-3.575258684709789470e-01
-3.115494673210167376e-01
-2.646231829569863359e-01
-2.162821771296446483e-01
-1.664364359989281283e-01
-1.146325306935469523e-01
-6.053103340510630759e-02
-4.381926379451686615e-03
5.410301187110611726e-02
1.149854603702081396e-01
1.775841598448145153e-01
2.419078394824525358e-01
3.075473041048447653e-01
3.733095294045614687e-01
4.389192269215200781e-01
5.035941346878969327e-01
5.659067091013672002e-01
6.255599498503399136e-01
6.816413287795091147e-01
7.327105785466172527e-01
7.785884228472428337e-01
8.184523083813243227e-01
8.511280667425537017e-01
8.767173251034706682e-01
8.946025498762938399e-01
9.039404271232271970e-01
9.051097200614072191e-01
8.977395229814982835e-01
8.813359425772401279e-01
8.565066435848998072e-01
8.230861749516572567e-01
7.808642965395939939e-01
7.306029605644663860e-01
6.723444745842598325e-01
6.061969092743169085e-01
5.331171304087691798e-01
4.534209966004434933e-01
3.675566916606284318e-01
2.766685341251455821e-01
1.813641702180836535e-01
8.244108305751386701e-02
-1.874448286894709464e-02
-1.212450411681359475e-01
-2.239188486174395198e-01
-3.252471578210850978e-01
-4.240607853716419351e-01
-5.190864279502769296e-01
-6.088705608633929733e-01
-6.922712933023987825e-01
-7.681579144000780790e-01
-8.353942846666518873e-01
-8.931624836745631901e-01
-9.408040312321076515e-01
-9.777710614480997764e-01
-1.003811528550125454e+00
-1.018909417391569816e+00
-1.023123496927939469e+00
-1.016690168648391790e+00
-1.000080063828610033e+00
-9.737437599064128202e-01
-9.382362068407513744e-01
-8.943588326934894805e-01
-8.427717750081229475e-01
-7.842059983596676442e-01
-7.196615319410194500e-01
-6.498676426531130312e-01
-5.756420852183602443e-01
-4.981125177967343776e-01
-4.180195030035869230e-01
-3.362391577256501618e-01
-2.539603708566826046e-01
-1.718737461627897756e-01
-9.086175085572535670e-02
-1.207316463971146690e-02
6.391042204790840786e-02
1.362360663969031938e-01
2.038589556594527785e-01
2.663235232896508653e-01
3.228463763152843446e-01
3.725621281927721240e-01
4.151799468850269070e-01
4.500684486554548669e-01
4.766300824047043916e-01
4.947836327385886079e-01
5.041430042298595815e-01
5.044697908733187797e-01
4.959903644380762588e-01
4.787445520177703306e-01
4.530127030889982143e-01
4.195403479133053559e-01
3.790921548459249002e-01
3.326926283651896465e-01
2.819251654176248012e-01
2.286471839030043696e-01
1.748137993221564879e-01
1.230530125515259532e-01
7.629565696022823362e-02
3.695618321984624199e-02
7.991352341946608359e-03
-7.891070306253368180e-03
-9.503855845311066225e-03
4.712037141430520590e-03
3.536228829041152683e-02
8.097865815013424728e-02
1.408528834642742145e-01
2.131333993561584927e-01
2.942651437094855327e-01
3.823739840206656915e-01
4.746939547463093767e-01
5.674544568830893754e-01
6.592017727431931373e-01
7.476351422152661685e-01
8.298584531121052654e-01
9.054477605555012465e-01
9.729969389088057863e-01
1.030668409059620982e+00
1.078939903982693460e+00
1.117079115627537034e+00
1.143968292888567717e+00
1.160616228318084309e+00
1.166714441562336724e+00
1.161625930704236698e+00
1.146635918855416492e+00
1.121632627520281700e+00
1.086233023512967355e+00
1.041841126539519991e+00
9.885077606997612065e-01
9.261089849285931708e-01
8.561909175126770633e-01
7.789983584605860711e-01
6.946457350024209942e-01
6.048164706250080958e-01
5.100192828537382095e-01
4.106935142023300234e-01
3.087647052700719374e-01
2.050930309759197712e-01
1.004304159678709452e-01
-3.111950854691880684e-03
-1.044308803885990178e-01
-2.026493349577856706e-01
-2.956414142862489602e-01
-3.822629347791379750e-01
-4.617885970735276513e-01
-5.323588850273693884e-01
-5.931472551639032087e-01
-6.439723963040194787e-01
-6.836022054565972228e-01
-7.119004118351047738e-01
-7.294819359257120883e-01
-7.358676497347956813e-01
-7.316879585760797111e-01
-7.183162482976455099e-01
-6.959288745074869720e-01
-6.657709293338304191e-01
-6.296865069655444014e-01
-5.882086642773620699e-01
-5.428653557504072857e-01
-4.955549043328727477e-01
-4.467705351172930328e-01
-3.979099519856485467e-01
-3.505653207463485521e-01
-3.049970214719812112e-01
-2.623502199972742588e-01
-2.238246930618422725e-01
-1.894193154716935501e-01
-1.599589434637739283e-01
-1.361873757290978371e-01
-1.178367015854582533e-01
-1.054252201920902465e-01
-9.933115782754087242e-02
-9.912781538655728031e-02
-1.050409266133969510e-01
-1.170545389288454585e-01
-1.345169044839111816e-01
-1.572562776093076042e-01
-1.848084530445943674e-01
-2.162281589568966211e-01
-2.508565016837344119e-01
-2.877568114344380423e-01
-3.256479984138896389e-01
-3.633738362141167855e-01
-3.996227375509601165e-01
-4.329053747012497344e-01
-4.618839353676736925e-01
-4.853824688308931989e-01
-5.022268723297487192e-01
-5.115087621766171155e-01
-5.127721476320863392e-01
-5.056671180211098626e-01
-4.902590021807542442e-01
-4.671861610023158029e-01
-4.370925372733702741e-01
-4.010141829460377449e-01
-3.604000079350082597e-01
-3.164534744668013322e-01
-2.706139726178516947e-01
-2.244427675606460726e-01
-1.790642043086192181e-01
-1.357411655415358132e-01
-9.565888702461849968e-02
-5.951651165520457920e-02
-2.810497152261664730e-02
-2.037520137653422644e-03
1.849909215045328348e-02
3.323052851556219239e-02
4.207077371570050461e-02
4.525236573566476100e-02
4.293095368789798250e-02
3.543194541163222772e-02
2.328936931691251086e-02
7.007874612389757701e-03
-1.274547991762389927e-02
-3.520966084931304724e-02
-5.968455874592985128e-02
-8.543047807892306666e-02
-1.117356943605746916e-01
-1.380101466254901044e-01
-1.637699421021855117e-01
-1.886241553047792729e-01
-2.122633760196067643e-01
-2.344496129794528261e-01
-2.550072767177158362e-01
-2.738150508724898069e-01
-2.907985201431594335e-01
-3.059234572623432680e-01
-3.191897092101816935e-01
-3.306256039102044575e-01
-3.401614607677176938e-01
-3.476090172315308147e-01
-3.528135703242172849e-01
-3.554738324931775995e-01
-3.552036917633729085e-01
-3.517902759312649397e-01
-3.448835508524988325e-01
-3.342044871638819026e-01
-3.198108137742594614e-01
-3.015711492323589482e-01
-2.795286731635380773e-01
-2.541439916834464241e-01
-2.255828324769356685e-01
-1.942426410043040508e-01
-1.609259107126169153e-01
-1.260142578360381183e-01
-9.016619078968460266e-02
-5.437064674399418734e-02
-1.906741103820054975e-02
1.502255238800283624e-02
4.696413359449171099e-02
7.643142673751544824e-02
1.027779744637837833e-01
1.252317848260067756e-01
1.436261400834879243e-01
1.574566411178911218e-01
1.661899770310327484e-01
1.698350835517137558e-01
1.680397287584819987e-01
1.604973972635330981e-01
1.473723499032477680e-01
1.285223723642719695e-01
1.039413560172492840e-01
7.402448393981954367e-02
3.895535119881265301e-02
-8.867369304884726786e-04
-4.474793039331186745e-02
-9.190870837258410808e-02
-1.414310342184847136e-01
-1.919927560801616695e-01
-2.421622925835358042e-01
-2.904436083501046872e-01
-3.349912278138642008e-01
-3.738793576185473477e-01
-4.055061457442142303e-01
-4.280536451215450344e-01
-4.399415200860445907e-01
-4.404608518743030054e-01
-4.288049767458285699e-01
-4.047784764810320457e-01
-3.693366941801163872e-01
-3.231591750388990714e-01
-2.676335542560391856e-01
-2.050695706459681189e-01
-1.370278582203087459e-01
-6.560612774086474475e-02
6.626066106368658573e-03
7.821673530145480113e-02
1.472959261014503973e-01
2.118495998085816179e-01
2.710597945182432467e-01
3.236759139863329415e-01
3.684695313922354831e-01
4.052870696000276385e-01
4.334660912519090470e-01
4.524226239363118851e-01
4.624532483006149608e-01
4.633159447884586668e-01
4.548893605449327859e-01
4.377490962711847455e-01
4.119810884757320046e-01
3.778507836125836183e-01
3.361660845815753751e-01
2.873500132451997646e-01
2.320558855455518710e-01
1.713563561589925843e-01
1.060806117741716487e-01
3.729598328884769359e-02
-3.363214841977228697e-02
-1.054226801211034792e-01
-1.765808610322548156e-01
-2.455176642342486726e-01
-3.108727010212508080e-01
-3.714007706879280946e-01
-4.258794690324545495e-01
-4.732195896718893735e-01
-5.125691382077138814e-01
-5.432275919554646615e-01
-5.647921312116583881e-01
-5.772571163182700360e-01
-5.807567172948059353e-01
-5.757338476844288122e-01
-5.629761409762515934e-01
-5.432613378276893723e-01
-5.175683693412712616e-01
-4.870469727492652279e-01
-4.526687704637038512e-01
-4.154980936763477128e-01
-3.766172469067131656e-01
-3.368268601318039068e-01
-2.969525833310682761e-01
-2.577581260561693233e-01
-2.197114232117309829e-01
-1.833014302332928169e-01
-1.489500602891114800e-01
-1.168128086062727028e-01
-8.707787221895051111e-02
-5.989444442787757866e-02
-3.519137063096009627e-02
-1.295821105021891656e-02
6.806002659007960413e-03
2.429752344612799361e-02
3.965086806534089126e-02
5.295651770234479500e-02
6.448438524058250354e-02
7.442312877500070756e-02
8.287432768713336173e-02
9.011716649696172032e-02
9.633516645919150412e-02
1.015959139094747554e-01
1.061507955094818517e-01
1.101221604091860429e-01
1.134825813377261794e-01
1.164014988680950602e-01
1.188989051470929065e-01
1.208445361663071649e-01
1.223198348894352500e-01
1.232285048479922207e-01
1.233414636262911840e-01
1.226606847353176599e-01
1.210051488196884628e-01
1.181055159148350631e-01
1.139439466151487140e-01
1.083339704032465212e-01
1.010501687270173865e-01
9.212127921747423343e-02
8.143302260203622023e-02
6.888339928386835731e-02
5.460856585106427241e-02
3.862120444696875293e-02
2.097297947717669669e-02
1.917518390763612223e-03
-1.840201678918158140e-02
-3.980550489133055647e-02
-6.196481022177167258e-02
-8.465717140128520279e-02
-1.076373088709659531e-01
-1.305667600211089796e-01
-1.532098108780304280e-01
-1.753249547893568905e-01
-1.966204300347205725e-01
-2.168605873226156222e-01
-2.357750976030186796e-01
-2.530828354627844279e-01
-2.685750462575429709e-01
-2.820656446481305535e-01
-2.934005071608559723e-01
-3.024899599064495570e-01
-3.093003736870429399e-01
-3.138462664703618454e-01
-3.161829041991414679e-01
-3.163994003710154934e-01
-3.146123245531624590e-01
-3.109598318849814413e-01
-3.055963245022084163e-01
-2.985130564541224052e-01
-2.895102789408767197e-01
-2.784193713090086231e-01
-2.649632112127189298e-01
-2.488636139592585172e-01
-2.300643396909695382e-01
-2.083810124368323802e-01
-1.837297759322488455e-01
-1.563494221906386317e-01
-1.262646267075169804e-01
-9.365033092789395996e-02
-5.904146030602692302e-02
-2.265891157110629453e-02
1.507422477261045196e-02
5.339586337162438578e-02
9.198922351940956588e-02
1.303256897932518199e-01
1.676080526547569782e-01
2.036004144373332048e-01
2.378336333919531254e-01
2.696106573252653460e-01
2.988449634531434862e-01
3.251799199895143988e-01
3.480757151127123472e-01
3.676244935999354313e-01
3.836073331816621246e-01
3.956470711063318491e-01
4.039840418658347532e-01
4.085067735379090959e-01
4.089587006262772051e-01
4.056798070580089899e-01
3.986566757867073818e-01
3.877661398297164164e-01
3.734567075806053404e-01
3.558268222498082722e-01
3.348863124817512138e-01
3.111867541688881356e-01
2.849492196908712249e-01
2.563176477133927711e-01
2.259371089531300725e-01
1.941302043894491403e-01
1.611277351688294446e-01
1.276290215617489621e-01
9.403116589587655338e-02
6.061193259066095795e-02
2.808431057728495023e-02
-3.142777298478919776e-03
-3.283281969366143999e-02
-6.034266344888927075e-02
-8.534278551399306079e-02
-1.077235328183818452e-01
-1.269659880639480709e-01
-1.428738202882633146e-01
-1.555212090468796604e-01
-1.645608102932362704e-01
-1.699830706514233458e-01
-1.720766785627886875e-01
-1.706606384598309822e-01
-1.658881215914158047e-01
-1.582108161725431783e-01
-1.475510135695073111e-01
-1.341752429170533778e-01
-1.186536221019842824e-01
-1.009543357577504241e-01
-8.137983358295919345e-02
-6.052577957616924603e-02
-3.832622268054458603e-02
-1.507163451983980530e-02
8.645844972998426373e-03
3.296910352530123267e-02
5.768438389825727985e-02
8.226367714352482430e-02
1.069602360078468622e-01
1.316233721472965246e-01
1.557472885555478692e-01
1.796596975846542210e-01
2.032524254288630428e-01
2.260386911568458002e-01
2.484134215881830532e-01
2.702708632986947634e-01
2.910828484320227005e-01
3.112550991750017704e-01
3.306522935378827799e-01
3.487112207662154129e-01
3.658553485209087297e-01
3.819125818058820010e-01
3.962818604277955070e-01
4.093823655529139627e-01
4.209834611382423097e-01
4.304518259375642031e-01
4.382161942349203088e-01
4.440291041734619193e-01
4.472785691823304433e-01
4.484359760933846473e-01
4.472801576342992358e-01
4.432688257223035277e-01
4.369380255415963310e-01
4.281204287121521124e-01
4.163790905147658483e-01
4.023489267357686638e-01
3.859659395110909830e-01
3.669213702670190425e-01
3.459558766276448760e-01
3.231278397849917106e-01
2.982579962281656782e-01
2.721819677406864812e-01
2.450687727134364391e-01
2.168480224386557242e-01
1.884339718264400887e-01
1.600757500548664336e-01
1.317424699370687569e-01
1.043438095870632826e-01
7.810539106617643557e-02
5.292058441759391746e-02
2.959401543284331457e-02
8.236830679197837402e-03
-1.139736310634265927e-02
-2.866952238193384850e-02
-4.366257262448506454e-02
-5.682288473849006483e-02
-6.772230954516109125e-02
-7.665385530606096121e-02
-8.422818366559306491e-02
-9.019460602857748421e-02
-9.501549499095729434e-02
-9.939677709382158111e-02
-1.031939834349362844e-01
-1.069218992268476526e-01
-1.112348026825843300e-01
-1.159781515247277905e-01
-1.216069923247972279e-01
-1.286303269858051213e-01
-1.368268819973832151e-01
-1.465235350307138029e-01
-1.580226309566473142e-01
-1.709925999019770437e-01
-1.855848364763647007e-01
-2.018858436405701895e-01
-2.194679407148573402e-01
-2.383152216756028730e-01
-2.583245200513711870e-01
-2.789835541218146364e-01
-3.001001816346370310e-01
-3.213934319076961477e-01
-3.422803867918637333e-01
-3.624348471439807762e-01
-3.814857020288188738e-01
-3.988644313747748416e-01
-4.142166497278947923e-01
-4.272020856987486792e-01
-4.373459789494201777e-01
-4.443535736083288334e-01
-4.480253210754046589e-01
-4.480508704716425483e-01
-4.442639105344334816e-01
-4.366604577883449467e-01
-4.251009768033306435e-01
-4.095629969604841492e-01
-3.902364655827022522e-01
-3.671216394354210877e-01
-3.403506700914110117e-01
-3.103284862796201748e-01
-2.772126404436850433e-01
-2.413394758144499219e-01
-2.033516751906108422e-01
-1.635649154776898095e-01
-1.225135277254151556e-01
-8.101766072701625798e-02
-3.947011673711805363e-02
1.503234592500728812e-03
4.105158498102744885e-02
7.883215227510224909e-02
1.142607388353014397e-01
1.466047102682078440e-01
1.756866356463469558e-01
2.010806796136210273e-01
2.222744831862832615e-01
2.393064810659330799e-01
2.519453573047610861e-01
2.599054146621651573e-01
2.634121433028229209e-01
2.624094178656432019e-01
2.568128136984783594e-01
2.469926742943081843e-01
2.330312689230178425e-01
2.149967091613059211e-01
1.933397050717767518e-01
1.682247237457214495e-01
1.398194933981325161e-01
1.086093502511657066e-01
7.481944960708959702e-02
3.869983000037372639e-02
7.499909556655750707e-04
-3.875811460078278092e-02
-7.951015149520081204e-02
-1.210050990736004917e-01
-1.629186166552789861e-01
-2.048649546092997376e-01
-2.463266423630824098e-01
-2.868832256967143723e-01
-3.260273765615888664e-01
-3.631886472712474445e-01
-3.978545042420755240e-01
-4.294642776174230625e-01
-4.574963578175742507e-01
-4.815805378824686844e-01
-5.014812285364542710e-01
-5.170086492139143175e-01
-5.279929459280451320e-01
-5.343631371473698266e-01
-5.359507920451460627e-01
-5.325047283259698450e-01
-5.239373769096871136e-01
-5.100729681933695581e-01
-4.908171954196348108e-01
-4.664067030085664589e-01
-4.368858490233714642e-01
-4.024087643025225369e-01
-3.635242791243954996e-01
-3.204428776554139047e-01
-2.735247897863560818e-01
-2.235697229045318368e-01
-1.708755884085599031e-01
-1.159374915863894545e-01
-5.970227287026427798e-02
-2.449199453034154889e-03
5.528295545802754812e-02
1.125059811916646058e-01
1.690475839914164224e-01
2.244060833361692930e-01
2.776400266057981736e-01
3.287132072219088874e-01
3.771572981708098404e-01
4.220897051286059964e-01
4.636151912977595213e-01
5.013422002550907974e-01
5.345090753011703111e-01
5.633751011122961616e-01
5.876308849184675998e-01
6.066358903004862579e-01
6.207965161159917367e-01
6.299365346071641447e-01
6.336102575897148981e-01
6.323982299642392224e-01
6.262495990340685159e-01
6.148688528377338480e-01
5.989605513361557776e-01
5.785981316685094855e-01
5.536472545869800532e-01
5.249299076373787898e-01
4.926197347037479801e-01
4.566848007715594848e-01
4.179979662370031379e-01
3.767984399546398522e-01
3.331440730618896451e-01
2.879269310676264015e-01
2.413860592357136015e-01
1.935794034465668223e-01
1.453369578767378378e-01
9.686027316799028508e-02
4.819305300954310201e-02
7.785909607099034330e-05
-4.735366423749505504e-02
-9.410450339090645211e-02
-1.395560335659655760e-01
-1.836534017475107972e-01
-2.264184468428636354e-01
-2.673318277444998170e-01
-3.064007214716571448e-01
-3.436769917955585507e-01
-3.787595851888378440e-01
-4.117026990921444085e-01
-4.425566505726609146e-01
-4.710003282060368224e-01
-4.970844171698517999e-01
-5.208165898841262687e-01
-5.419262386097123407e-01
-5.604430845225718549e-01
-5.763348555730747336e-01
-5.893735986305480568e-01
-5.995574528807328107e-01
-6.068288939115964453e-01
-6.110206628719442312e-01
-6.121128019277608523e-01
-6.100260914426951508e-01
-6.046437121940451132e-01
-5.959351161101642536e-01
-5.838320212043304203e-01
-5.683003278866872732e-01
-5.494410742147612936e-01
-5.274618233440936388e-01
-5.026511933209906191e-01
-4.753564094381369509e-01
-4.459637714326954994e-01
-4.148819166851869245e-01
-3.825277298214297406e-01
-3.493147551011610008e-01
-3.156438769801981348e-01
-2.818960708772725310e-01
-2.484269879702632189e-01
-2.155631225363219550e-01
-1.835993669840799147e-01
-1.527976972333199568e-01
-1.233867899875659008e-01
-9.556238252505179498e-02
-6.948820198500581247e-02
-4.529732045370665067e-02
-2.309381051149066513e-02
-2.954599155467287942e-03
1.506856545165777619e-02
3.094709664590027456e-02
4.467355297378194923e-02
5.625966134547830816e-02
6.573440741304517609e-02
7.314221248626456839e-02
7.854120285206948882e-02
8.200157196394110282e-02
8.360404526335266095e-02
8.343843462298114466e-02
8.160228148870279918e-02
7.819958506511555385e-02
7.333960615200087185e-02
6.713575397194901373e-02
5.970454116184328169e-02
5.116460308676899771e-02
4.163577853014159558e-02
3.123824840678059503e-02
2.009172780855302334e-02
8.314709168350730914e-03
-3.976247073321070163e-03
-1.666717545239985998e-02
-2.964732241936091778e-02
-4.280971465659590136e-02
-5.605167772725552083e-02
-6.927530311030799526e-02
-8.238786089488142617e-02
-9.524995330678298622e-02
-1.076753769122805876e-01
-1.194990427821413376e-01
-1.304391990422827663e-01
-1.401194689741503130e-01
-1.482450162072216360e-01
-1.544227491172728561e-01
-1.582873951158685344e-01
-1.596809317088955238e-01
-1.582952561688453497e-01
-1.539002248304302267e-01
-1.465572728301014205e-01
-1.361185694369594634e-01
-1.225833200216885355e-01
-1.063009991276357147e-01
-8.735037008159100835e-02
-6.603783426565895676e-02
-4.301344247568805040e-02
-1.853993668373522113e-02
6.875231028333835155e-03
3.244168985791608117e-02
5.782821340314769909e-02
8.241765624645350230e-02
1.053916343552616514e-01
1.264540574634975267e-01
1.450373997752314459e-01
1.604879031977743675e-01
1.726827227022961486e-01
1.812091277715096038e-01
1.856231173513572252e-01
1.859628803027912336e-01
1.819924530114970518e-01
1.735234618297765152e-01
1.608026592551138612e-01
1.438384698048648935e-01
1.227258653259712812e-01
9.790624254650619196e-02
6.961141715173195521e-02
3.817472468761992643e-02
4.191280708552984000e-03
-3.190440415100298521e-02
-6.957433742177689118e-02
-1.081123860661988567e-01
-1.469599853205224571e-01
-1.855102438753090666e-01
-2.230847352689225849e-01
-2.590726892661939784e-01
-2.927880602703461510e-01
-3.235568151803507875e-01
-3.508605561167308373e-01
-3.742933644237679269e-01
-3.935627325400851695e-01
-4.085036403604212496e-01
-4.190633371045190403e-01
-4.252864765016047266e-01
-4.273006510423925097e-01
-4.253024535253491223e-01
-4.195442063571586111e-01
-4.103215043703385412e-01
-3.979617388366236685e-01
-3.828136653268560119e-01
-3.652381035439222767e-01
-3.455998000270770198e-01
-3.242604433651956053e-01
-3.015728250431269908e-01
-2.778760662072289889e-01
-2.534918432167008739e-01
-2.287215234465306557e-01
-2.038441140549411001e-01
-1.791149247015633439e-01
-1.547648431698774585e-01
-1.310001269130817991e-01
-1.080026212524930751e-01
-8.593032158050438463e-02
-6.491820552259208732e-02
-4.507926939729606231e-02
-2.650571123838013979e-02
-9.270212249415056213e-03
6.572723196492322346e-03
2.098540128802641944e-02
3.394557193014018093e-02
4.544508135093182355e-02
5.548856078650158535e-02
6.409216075360818499e-02
7.128233880983031456e-02
7.709470512118672680e-02
8.157292762397135022e-02
8.476769913065165807e-02
8.673576448796720129e-02
8.753900652251107861e-02
8.724358883703892120e-02
8.591915308872472012e-02
8.363806806326988530e-02
8.047472734888817814e-02
7.650489267876213473e-02
7.180508050921248497e-02
6.645199279501076695e-02
6.052198963290359585e-02
5.409060384454683623e-02
4.723209717012317316e-02
4.001905275787190353e-02
3.252200331686605494e-02
2.480909119324458886e-02
1.694576133496264805e-02
8.994489210629648748e-03
1.047581397583043430e-03
-6.774765045116711883e-03
-1.436780438864832324e-02
-2.155464582897444539e-02
-2.810692484635095995e-02
-3.385313533839801742e-02
-3.858567488232376996e-02
-4.215246012334205455e-02
-4.452655586203797811e-02
-4.560017260118032212e-02
-4.531884862230958766e-02
-4.375992990454494191e-02
-4.088168563458118715e-02
-3.672019386516586770e-02
-3.145847451938792172e-02
-2.510918185785553439e-02
-1.776267524648471319e-02
-9.647619766769765376e-03
-7.750797968749710901e-04
8.739901070221340468e-03
1.862983402435987659e-02
2.888301458825452347e-02
3.936940618180302665e-02
4.981332993980915752e-02
6.024426069803642120e-02
7.056048076185143791e-02
8.050773069680081107e-02
9.016183610287503702e-02
9.943923075699877268e-02
1.080986914192119258e-01
1.162484295876764218e-01
1.238070797611020707e-01
1.305368618370410239e-01
1.365756612523138791e-01
1.418535034667706973e-01
1.461404161754631670e-01
1.495817250183676672e-01
1.520870330667468961e-01
1.534202524423408376e-01
1.537208612838289190e-01
1.528766591330939228e-01
1.506610628568827714e-01
1.472154735570302408e-01
1.424157668162526202e-01
1.360466155594068638e-01
1.282405483367281551e-01
1.188801772370387672e-01
1.078077842997573060e-01
9.518882926553093315e-02
8.096094322286202793e-02
6.506639091675574249e-02
4.772266546303292195e-02
2.893705753015831522e-02
8.752284899378003427e-03
-1.256572414315879765e-02
-3.492503912493055002e-02
-5.817561137868101917e-02
-8.199843537775597380e-02
-1.062058255317379768e-01
-1.305455205469081836e-01
-1.546488923222386902e-01
-1.781743961339525839e-01
-2.006549416810405051e-01
-2.215760094923993340e-01
-2.405148043102831867e-01
-2.570841551893081611e-01
-2.709643846422050140e-01
-2.819470689093602767e-01
-2.899210619122137289e-01
-2.948355888258180069e-01
-2.966844035882606478e-01
-2.955245361607015120e-01
-2.913775577823500829e-01
-2.842354524660181125e-01
-2.741734004532040969e-01
-2.612738667749504584e-01
-2.457121101152968112e-01
-2.278030286409329364e-01
-2.078110056003108497e-01
-1.860721255445406674e-01
-1.630217446155625971e-01
-1.389809073020775720e-01
-1.143229061367209143e-01
-8.948429627606414860e-02
-6.474017883734363432e-02
-4.040546459000839835e-02
-1.683237748748917309e-02
5.814216117679102229e-03
2.732557683850815253e-02
4.746060100098049156e-02
6.617996267507814112e-02
8.339498851999496698e-02
9.897495672722879390e-02
1.129883549367587392e-01
1.254332717484172299e-01
1.362464553942120404e-01
1.455607287162204166e-01
1.534194078361356406e-01
1.597898355320333807e-01
1.648314491060237363e-01
1.685876950486617232e-01
1.710098417394250170e-01
1.722449310411178769e-01
1.723169514487543352e-01
1.711630265804866824e-01
1.689171694471565677e-01
1.655762978301675570e-01
1.610603900771500341e-01
1.554823669260361196e-01
1.488107754681236294e-01
1.409597936891928693e-01
1.320371338794578686e-01
1.220131440691474140e-01
1.108251666698911037e-01
9.858833920102041959e-02
8.528931579444991307e-02
7.090898234213233176e-02
5.558714638507650935e-02
3.935182422923640122e-02
2.225148091787921764e-02
4.469341456900770629e-03
-1.390793884832211731e-02
-3.276837279305738065e-02
-5.190395500552096031e-02
-7.118743768081610412e-02
-9.046109307087042695e-02
-1.095009155686025720e-01
-1.280776017049461146e-01
-1.458590323391157628e-01
-1.624833714104398641e-01
-1.776680096849216628e-01
-1.911976668056939443e-01
-2.029178356019242235e-01
-2.127303308868852827e-01
-2.205863307236219928e-01
-2.264595900035696607e-01
-2.303376854981883104e-01
-2.322420532152143502e-01
-2.320691998596775274e-01
-2.295796980923836828e-01
-2.245969103823197144e-01
-2.168918731672784816e-01
-2.062999234054612163e-01
-1.928733935292980817e-01
-1.765589618077393064e-01
-1.573991552965016971e-01
-1.356955592353721873e-01
-1.115823553728868545e-01
-8.533297252980112657e-02
-5.748138468916937777e-02
-2.829728352713868286e-02
1.803811499442768609e-03
3.218991560742729546e-02
6.259217961672489117e-02
9.258728272564696604e-02
1.215683042896143068e-01
1.493509509482838782e-01
1.755813635007041906e-01
1.997630186669396568e-01
2.218730536767835049e-01
2.417067779799102478e-01
2.589303815386387320e-01
2.736815201317837620e-01
2.858686071144327934e-01
2.952616382114885418e-01
3.021092021700728103e-01
3.064259503889693037e-01
3.080956678319392017e-01
3.074711563794834124e-01
3.046369867922522623e-01
2.995261389068116231e-01
2.925370746014512857e-01
2.838032844070063621e-01
2.733143768659853645e-01
2.615138431775490546e-01
2.485482125150980659e-01
2.343979395987093595e-01
2.194852992211507314e-01
2.039301820088980366e-01
1.876913603041549805e-01
1.711634397407394703e-01
1.544262405253675474e-01
1.373954945080532175e-01
1.204086706951044555e-01
1.034876143984285179e-01
8.651193963012558663e-02
6.978498532173837976e-02
5.330849343967968695e-02
3.695990703201737504e-02
2.101830437473423477e-02
5.459790178313586942e-03
-9.849669696026346066e-03
-2.465628497130237240e-02
-3.898468154967757449e-02
-5.294427163158088590e-02
-6.628170223883445011e-02
-7.901724262345456717e-02
-9.125488682294506659e-02
-1.027599150092475822e-01
-1.135407350317741426e-01
-1.236717435610778376e-01
-1.329218236698635480e-01
-1.413014275632009653e-01
-1.488927315109702387e-01
-1.554994096969965489e-01
-1.611430158862890427e-01
-1.659096821185336024e-01
-1.696367179278846227e-01
-1.723743300868129935e-01
-1.742426381460600304e-01
-1.751290479849157145e-01
-1.751014816545066743e-01
-1.742819646171414327e-01
-1.725809172575159256e-01
-1.700853093846658448e-01
-1.669390900765831409e-01
-1.630881957594798037e-01
-1.586295199919884602e-01
-1.537031066209201269e-01
-1.482689967177426293e-01
-1.424361088035472622e-01
-1.363592875462773524e-01
-1.300277636844774098e-01
-1.235576673910735168e-01
-1.170925776341456975e-01
-1.106205345420986086e-01
-1.042461228123748168e-01
-9.809768994793391372e-02
-9.216116661068531057e-02
-8.651909411756023016e-02
-8.126422871100272283e-02
-7.635398160401418721e-02
-7.182577176173030042e-02
-6.772632693471856979e-02
-6.398276281754458616e-02
-6.059453893179293088e-02
-5.757561495508630584e-02
-5.483695702444628395e-02
-5.236069554634938811e-02
-5.015207361129723346e-02
-4.812400036908949519e-02
-4.625865879849651308e-02
-4.457188807440271017e-02
-4.298772648559053000e-02
-4.148750276732510178e-02
-4.008944468922493592e-02
-3.871409859199511500e-02
-3.733066935037745310e-02
-3.595023548230315280e-02
-3.448014126776352550e-02
-3.287894705249903848e-02
-3.116119599866301951e-02
-2.922946604976399063e-02
-2.704543695931817607e-02
-2.464719989477694162e-02
-2.195337518384158498e-02
-1.895525079900639912e-02
-1.573575142071199570e-02
-1.224172126022487518e-02
-8.501795958948640472e-03
-4.640564082115409758e-03
-6.303715504646480519e-04
3.457930174109980891e-03
7.456492677993004081e-03
1.136257358602139889e-02
1.506176413174680276e-02
1.835629860251221726e-02
2.122804525722909313e-02
2.354141455355953164e-02
2.509719963411141674e-02
2.588586944009568444e-02
2.578573889062699132e-02
2.463789263349129913e-02
2.247262144649025267e-02
1.921410271275993814e-02
1.477337516210460236e-02
9.243945284060037584e-03
2.623608935803569547e-03
-5.089931586967163905e-03
-1.373659734345256470e-02
-2.324740935530076463e-02
-3.355420371207756824e-02
-4.445419815078001380e-02
-5.583186967952281227e-02
-6.757602401182291607e-02
-7.946220059613257058e-02
-9.134662490501241350e-02
-1.031025899134133395e-01
-1.145169810771882180e-01
-1.254586602333679080e-01
-1.358265801956756724e-01
-1.454458400300673304e-01
-1.542133165786254423e-01
-1.620613111941718865e-01
-1.688560484615474200e-01
-1.745349886141073226e-01
-1.790843202371667775e-01
-1.824250883895160991e-01
-1.845398575105420269e-01
-1.854603060856491181e-01
-1.851498136921253812e-01
-1.836367038787133366e-01
-1.810062917103792968e-01
-1.772644217912158204e-01
-1.724743401454778280e-01
-1.667559384611881357e-01
-1.601400569511482741e-01
-1.527189821019784566e-01
-1.446442998851831530e-01
-1.359720977619472693e-01
-1.268247338148915382e-01
-1.173761984091169497e-01
-1.076927069314974755e-01
-9.790946219234301917e-02
-8.820845619716209673e-02
-7.866276101721152159e-02
-6.941844437131132473e-02
-6.065384946212488276e-02
-5.243632069611696422e-02
-4.490210864062890023e-02
-3.819706824603001649e-02
-3.235761875756502232e-02
-2.748437602778575420e-02
-2.367359716642858034e-02
-2.092500242625206994e-02
-1.929264027380001370e-02
-1.880823257845352925e-02
-1.941961826086334789e-02
-2.110282766368163504e-02
-2.378733784117474312e-02
-2.734310278891360219e-02
-3.163438007315055867e-02
-3.645500947911575057e-02
-4.156929559158331622e-02
-4.678086638510809553e-02
-5.192817824664940074e-02
-5.688049812528830906e-02
-6.153429892117555366e-02
-6.581001958093889159e-02
-6.964911025970185743e-02
-7.301132609263071005e-02
-7.587224728293320841e-02
-7.822100679565964498e-02
-8.005821814436475670e-02
-8.139409189730720251e-02
-8.224672725373102788e-02
-8.264057703394213361e-02
-8.260506752162166677e-02
-8.217337758682430326e-02
-8.138137149188456876e-02
-8.026667383292138136e-02
-7.886788225345134351e-02
-7.722386941207942668e-02
-7.537317548387235944e-02
-7.335347038071468595e-02
-7.120108544616422785e-02
-6.895063165790409065e-02
-6.663469630149178313e-02
-6.428363827309394041e-02
-6.192545427035985039e-02
-5.958569852563384839e-02
-5.728743821038635026e-02
-5.505122044401866005e-02
-5.289506481742115018e-02
-5.083447983233071316e-02
-4.888251637373621644e-02
-4.701414757532692418e-02
-4.516766910258727258e-02
-4.329139409546817197e-02
-4.126593054852772946e-02
-3.892892320172250398e-02
-3.617183294291935469e-02
-3.285243413672973845e-02
-2.888280384308714380e-02
-2.428415025518636250e-02
-1.901542745027459333e-02
-1.309966422385368603e-02
-6.664841504961188656e-03
2.601042827031640895e-04
7.574183298948360815e-03
1.507675340363264470e-02
2.269606480722344277e-02
3.028735159494814339e-02
3.763132963106943091e-02
4.467782864229448425e-02
5.131223702235423317e-02
5.736173944222846405e-02
6.283226732543176207e-02
6.764666998097507156e-02
7.166883178503635765e-02
7.495471034667808286e-02
7.748130370993749905e-02
7.917325963010987677e-02
8.015314801901482489e-02
8.045124879465080647e-02
8.002802848028527094e-02
7.904307889220289762e-02
7.756348900349577247e-02
7.558477189396180240e-02
7.331667644670021577e-02
7.087097414987079957e-02
6.826359068815034126e-02
6.573112871803864221e-02
6.339940932680097896e-02
6.127169010124434989e-02
5.958476501366134770e-02
5.844714809281997825e-02
5.781938394943348519e-02
5.791692161689868112e-02
5.880379107334757910e-02
6.036686798043739560e-02
6.277296480886458696e-02
6.601641733167883108e-02
6.990056921184127636e-02
7.454718453775766029e-02
7.989155061111376244e-02
8.567603243521811074e-02
9.198731804701798520e-02
9.869312257648872599e-02
1.054708395680962335e-01
1.123612770151985324e-01
1.191597955054142510e-01
1.254948626828337466e-01
1.313817445447507115e-01
1.365825859810392284e-01
1.407251762889690783e-01
1.438290516222613669e-01
1.456622358635868419e-01
1.459061683933186582e-01
1.446196807652525562e-01
1.416115965108795671e-01
1.366530262240884530e-01
1.298548044536479429e-01
1.210765625947478608e-01
1.101758972118894175e-01
9.731341563958603724e-02
8.243866422962764506e-02
6.554065548558989096e-02
4.685297687233993397e-02
2.642989908165173027e-02
4.396267932155402056e-03
-1.892827947151455928e-02
-4.334719364883216769e-02
-6.857209977276577939e-02
-9.417827312854915034e-02
-1.197903299245401121e-01
-1.449228239293988696e-01
-1.690345788543211603e-01
-1.916545856221124611e-01
-2.123066025484210417e-01
-2.305637424110640599e-01
-2.461201740716971176e-01
-2.587769824628222692e-01
-2.683929841146898698e-01
-2.748664040711462087e-01
-2.781689119405841293e-01
-2.782428822413018366e-01
-2.750125265363285165e-01
-2.685053646028005558e-01
-2.587475660115017284e-01
-2.458574223379487445e-01
-2.301178015807827382e-01
-2.117529610816146213e-01
-1.910731100312091923e-01
-1.685278956157886532e-01
-1.444348515634202024e-01
-1.191784566445307780e-01
-9.324516042096524238e-02
-6.692842385609620859e-02
-4.058490563324010370e-02
-1.465119488205069050e-02
1.067866192200288798e-02
3.515525342568830841e-02
5.846179966348612200e-02
8.054912760449328690e-02
1.012930852302584284e-01
1.204864308576612114e-01
1.381983882288241872e-01
1.543977948295573721e-01
1.689516644389018052e-01
1.820194288901577362e-01
1.936372646808546816e-01
2.037111062848363796e-01
2.124426771437599448e-01
2.198770615199037715e-01
2.259102709143692433e-01
2.307555441096217075e-01
2.344541481503165659e-01
2.368936160866433327e-01
2.382999150220500295e-01
2.387031750430605448e-01
2.379680611087316988e-01
2.363054532030515742e-01
2.337074420443910339e-01
2.300122038758010412e-01
2.254284350766332379e-01
2.199382014333320923e-01
2.133792139699297319e-01
2.059484443761920303e-01
1.975831481753205776e-01
1.880894861804728868e-01
1.776343598746988883e-01
1.661344471367687259e-01
1.534188347259028418e-01
1.396700018824474088e-01
1.248198327607287356e-01
1.087334386589464269e-01
9.160363850332869928e-02
7.339764407197277296e-02
5.406379077010968481e-02
3.385668143543434094e-02
1.282788019518305532e-02
-8.973095699309183854e-03
-3.123888749875230325e-02
-5.385063014137882187e-02
-7.668804065266561498e-02
-9.942304764369594428e-02
-1.218955464858693660e-01
-1.439427349008133850e-01
-1.652377582367966224e-01
-1.856036716833797673e-01
-2.048771268321986638e-01
-2.227766359612866620e-01
-2.391533172104232385e-01
-2.538825348453049302e-01
-2.667538771297596201e-01
-2.776739558461940316e-01
-2.865839294289890815e-01
-2.933654711607879273e-01
-2.980103407516070391e-01
-3.005570088034868470e-01
-3.009941648322770336e-01
-2.993987674222199913e-01
-2.958896667479403719e-01
-2.905369075178522720e-01
-2.834837064325083089e-01
-2.749080391613278884e-01
-2.649372249035314986e-01
-2.537576504818706558e-01
-2.415764433265464028e-01
-2.285438721574790943e-01
-2.148577979010451444e-01
-2.007285068715782272e-01
-1.863046718995978734e-01
-1.717666669988155981e-01
-1.572950852704942670e-01
-1.430131694995395997e-01
-1.290726438918614050e-01
-1.156160163205212921e-01
-1.027313022591897912e-01
-9.050707557499602929e-02
-7.899264311625121826e-02
-6.820352068967321102e-02
-5.817071869972950671e-02
-4.890468445489294658e-02
-4.039374148895667760e-02
-3.262828146542227220e-02
-2.559960667129992234e-02
-1.929899572784447501e-02
-1.371696997861366132e-02
-8.842735007799595176e-03
-4.663777132183959985e-03
-1.165585863349384837e-03
1.668512525821828603e-03
3.857442172348004347e-03
5.422392791603124033e-03
6.386775939607502832e-03
6.785000937126722809e-03
6.663246014936863651e-03
6.068305639015655895e-03
5.159045774464592407e-03
4.209659472835488789e-03
3.463943241666992117e-03
3.216869660966928564e-03
3.731679645290252988e-03
5.129734669885992540e-03
7.624476021354189073e-03
1.137366199725956852e-02
1.635096477786810235e-02
2.266707084487223911e-02
3.034586894859053405e-02
3.920579425512638050e-02
4.928033744638534580e-02
6.050441644503794236e-02
7.259718775656992529e-02
8.556647839564868185e-02
9.929473874282315760e-02
1.134364683184529293e-01
1.280206590690636526e-01
1.429419532276776095e-01
1.578642470284809529e-01
1.728965660096163648e-01
1.879680370876659623e-01
2.027426307130303917e-01
2.173968253956164165e-01
2.318933828324180879e-01
2.459049402070948576e-01
2.596773844622108363e-01
2.731846185934939109e-01
2.860714973568941888e-01
2.986251413486838979e-01
3.108214051925879962e-01
3.222857538736794147e-01
3.333577784548698020e-01
3.440156425424322206e-01
3.538582804766050027e-01
3.632770122290775450e-01
3.722651552281199816e-01
3.804171623803914160e-01
3.881657152592389304e-01
3.954616862585717540e-01
4.018325415934864697e-01
4.077207115152164385e-01
4.130534041072819740e-01
4.173326324927234543e-01
4.210282481930211484e-01
4.240322799671434884e-01
4.258023663475023479e-01
4.268125620006586463e-01
4.269269055370209509e-01
4.256098645577720552e-01
4.234001463642127483e-01
4.201886542533019298e-01
4.154650414037569517e-01
4.097882867065867352e-01
4.030091775578691360e-01
3.946014038179432304e-01
3.851366117394872668e-01
3.744728121824528744e-01
3.621314969645946791e-01
3.487271066356532612e-01
3.341277494667627690e-01
3.178780819472287744e-01
3.006065453277853572e-01
2.822158260771115423e-01
2.623416840622189716e-01
2.416811791260401743e-01
2.201912947290750877e-01
1.975680210741467269e-01
1.745167752251439719e-01
1.510049660701895669e-01
1.267629367043277278e-01
1.024916653030242125e-01
7.817391389702334215e-02
5.357208129723711743e-02
2.935605087408448347e-02
5.487099478062717507e-03
-1.827593701491598416e-02
-4.132528357812693259e-02
-6.372939387842098402e-02
-8.572564081251154988e-02
-1.067560997274704521e-01
-1.269018577526927483e-01
-1.463964817225409942e-01
-1.647574034538938637e-01
-1.821054259987451018e-01
-1.986784852659582157e-01
-2.140621004128474836e-01
-2.283930052564468183e-01
-2.418916972107582053e-01
-2.542050482410335155e-01
-2.654916149172928397e-01
-2.759754891343270677e-01
-2.853731540065668204e-01
-2.938332180660517268e-01
-3.015275028517757083e-01
-3.082001499563152280e-01
-3.139859591050839782e-01
-3.190297184885435566e-01
-3.231253343329356098e-01
-3.263960447076568738e-01
-3.289515137291061375e-01
-3.306201372766006119e-01
-3.315102988387237382e-01
-3.317168196372369260e-01
-3.311189792932220932e-01
-3.298103869687241674e-01
-3.278510045026743480e-01
-3.251399316286447405e-01
-3.217444796449022149e-01
-3.176981056187588859e-01
-3.129276983657499622e-01
-3.074911685571888875e-01
-3.014193190198743988e-01
-2.946760089611784039e-01
-2.872808537822111874e-01
-2.791926831562315803e-01
-2.703406606015543723e-01
-2.607102198672628379e-01
-2.502858121057609520e-01
-2.390696399738650724e-01
-2.271172073533435920e-01
-2.145241449710575399e-01
-2.014149709278772737e-01
-1.879335806902124595e-01
-1.742352828168594603e-01
-1.604802012772652553e-01
-1.468278860853890200e-01
-1.334329825550586157e-01
-1.203853974933472154e-01
-1.077026205482904259e-01
-9.540032812843601828e-02
-8.339993397272395248e-02
-7.156373912049410202e-02
-5.982191728537123582e-02
-4.801851152129679723e-02
-3.601964372901704514e-02
-2.383524445831618557e-02
-1.133567067011395126e-02
1.568332446009130425e-03
1.478477246921042557e-02
2.843278385162689714e-02
4.257036458969982312e-02
5.703582122854349012e-02
7.195862901730723515e-02
8.737255358732855248e-02
1.030461358495404905e-01
1.191215765213682193e-01
1.355988972965840311e-01
1.521724250706399384e-01
1.690019323980307409e-01
1.860510489771792786e-01
2.029388909924136064e-01
2.198251132430329713e-01
2.365962735294624142e-01
2.527709560289522206e-01
2.685104248897520751e-01
2.836640398164463339e-01
2.977156415562425273e-01
3.108585404552910436e-01
3.228989376247343723e-01
3.332814754105142829e-01
3.422341032377002601e-01
3.495674430329014370e-01
3.547678841166829189e-01
3.581371080188756606e-01
3.594863883298158314e-01
3.583151724355855827e-01
3.549726221833932605e-01
3.493114925141180827e-01
3.409244436319908700e-01
3.302589655769830879e-01
3.172295792856655861e-01
3.015102585579238492e-01
2.836247309700782315e-01
2.635706983585229812e-01
2.411471218307226216e-01
2.169819966631342523e-01
1.911605618857032118e-01
1.635688656797641694e-01
1.348752174882057731e-01
1.052006266084277997e-01
7.448218141281207072e-02
4.340613012303642937e-02
1.211895712797691170e-02
-1.941561958996893336e-02
-5.053297396482264031e-02
-8.110184214631514787e-02
-1.111716549629419848e-01
-1.401352253708370299e-01
-1.678977563321973343e-01
-1.945290131345115414e-01
-2.194795897989478550e-01
-2.426935148797493835e-01
-2.642804199622508787e-01
-2.837775195971843911e-01
-3.011919820936406200e-01
-3.166868707988412246e-01
-3.298911182394658748e-01
-3.408754581099642800e-01
-3.498531494365386130e-01
-3.565388609692162758e-01
-3.610625140664612820e-01
-3.636883628967785276e-01
-3.642191309727003112e-01
-3.628422199092155576e-01
-3.598604017851329551e-01
-3.551453918577234248e-01
-3.489209047004565023e-01
-3.415051999123193682e-01
-3.328157579639812180e-01
-3.230894976168660060e-01
-3.126386273231230306e-01
-3.014093569124896566e-01
-2.896364282569193205e-01
-2.776074392100136845e-01
-2.652854189513761396e-01
-2.528993400896180077e-01
-2.407098296852824837e-01
-2.286876780675630716e-01
-2.170338104265978896e-01
-2.059586572962880391e-01
-1.954276395908113584e-01
-1.856077035762209726e-01
-1.766543548413148090e-01
-1.685201339283275701e-01
-1.613207399202190584e-01
-1.551345407799918918e-01
-1.498792705200278352e-01
-1.456059126479799792e-01
-1.423228185028907744e-01
-1.399206533144468911e-01
-1.383834046989743938e-01
-1.376446181907886868e-01
-1.375550039481571452e-01
-1.379647982325802602e-01
-1.386128457994207641e-01
-1.392029588370637394e-01
-1.395152783058384582e-01
-1.393797186240071373e-01
-1.386758592049628369e-01
-1.373377013336826713e-01
-1.353435722883682413e-01
-1.326424914922270382e-01
-1.291360319958078096e-01
-1.247542314057660667e-01
-1.193490075917916365e-01
-1.127260813286005414e-01
-1.047919115301495646e-01
-9.538889226390215303e-02
-8.441651078005432685e-02
-7.196326340560725565e-02
-5.801130445158857868e-02
-4.263741942284383912e-02
-2.612782181784046101e-02
-8.598561961006145546e-03
9.718319781329903123e-03
2.839943709517254306e-02
4.727990973296735538e-02
6.607738151736543275e-02
8.434027853030082178e-02
1.019318366940709236e-01
1.185806848205107483e-01
1.338773186767455992e-01
1.477794811912059858e-01
1.601006635300152026e-01
1.705386696815678893e-01
1.791896841305950505e-01
1.859820737271837554e-01
1.907156261916420348e-01
1.935898049633266171e-01
1.946131040181845184e-01
1.936663989353515081e-01
1.910489974753468712e-01
1.868578726467031992e-01
1.810485519685978428e-01
1.740017708166398669e-01
1.658732182330841243e-01
1.566467351533722685e-01
1.467418882052855811e-01
1.363422140904226865e-01
1.254426463906561373e-01
1.144881029272369066e-01
1.036544014191924518e-01
9.289137118695521556e-02
8.263194885295675751e-02
7.303306687118087115e-02
6.399804061183142490e-02
5.593290385015858845e-02
4.892641097476502915e-02
4.278415595542910121e-02
3.784373732479042601e-02
3.409468330309615297e-02
3.123869578563723270e-02
2.952959835795931562e-02
2.881890276893083608e-02
2.866591135197440673e-02
2.920946118353149462e-02
3.017946954615817468e-02
3.106612980876131275e-02
3.195359954610379333e-02
3.250047428651741538e-02
3.218370092031850455e-02
3.107706889727367486e-02
2.884620057574803498e-02
2.505112485472267558e-02
1.983107634496147909e-02
1.293869540638199062e-02
4.074278503731158969e-03
-6.527036036772659519e-03
-1.897638481489694398e-02
-3.338511242985076760e-02
-4.939920406503522932e-02
-6.698878923219837855e-02
-8.610444047818872904e-02
-1.063052480696989321e-01
-1.274369865708797345e-01
-1.493246070881549814e-01
-1.714853069953537479e-01
-1.936953878020213071e-01
-2.157265276627171602e-01
-2.371120841675248281e-01
-2.576003608194590289e-01
-2.769444536175001415e-01
-2.947186426410277615e-01
-3.106907604387889044e-01
-3.246690972657720331e-01
-3.363348957173529219e-01
-3.455399584998241069e-01
-3.521994248960755858e-01
-3.561323514207458962e-01
-3.573157020535831507e-01
-3.558110796012419752e-01
-3.515934330354010817e-01
-3.447735916278953372e-01
-3.355479172208128413e-01
-3.240221418480860871e-01
-3.104219073886976821e-01
-2.950466760812252565e-01
-2.780887399272694016e-01
-2.598386090201095788e-01
-2.406370996689737030e-01
-2.207083000344061130e-01
-2.003672555960098745e-01
-1.799589619600663049e-01
-1.597057192437189854e-01
-1.399045141289893823e-01
-1.208519180534625148e-01
-1.027221443159007930e-01
-8.575178751106163344e-02
-7.015599608755521133e-02
-5.603512458798526330e-02
-4.353017062577122648e-02
-3.273973448561089128e-02
-2.366610428656189258e-02
-1.633042472891747116e-02
-1.069501549324171352e-02
-6.655218806505793644e-03
-4.094069225227714610e-03
-2.818413073622232090e-03
-2.602532316996287141e-03
-3.256696740115117093e-03
-4.621895084824989910e-03
-6.565301666666328861e-03
-8.976367924575697974e-03
-1.176344202129571588e-02
-1.485083555499566894e-02
-1.817627302589963287e-02
-2.168867891209196042e-02
-2.534626134005502768e-02
-2.911486312185616182e-02
-3.296655310198005201e-02
-3.687843029027147029e-02
-4.083161229783618951e-02
-4.481037923060318673e-02
-4.880144867739099473e-02
-5.279336312501977518e-02
-5.677598025572487550e-02
-6.074005950780696911e-02
-6.467694135418930457e-02
-6.857831249596248180e-02
-7.243604336449085968e-02
-7.624208098047562110e-02
-7.998837528264766961e-02
-8.366682664223895616e-02
-8.726924355191968685e-02
-9.078731602994512262e-02
-9.421261420891136051e-02
-9.753662089481879294e-02
-1.007508017850882315e-01
-1.038467018532074626e-01
-1.068160486944903648e-01
-1.096508458280621573e-01
-1.123434438465087115e-01
-1.148865853148858807e-01
-1.172734302248944344e-01
-1.194975796550018926e-01
-1.215531154011484094e-01
-1.234346661203080397e-01
-1.251374957214712313e-01
-1.266575901095996770e-01
-1.279917279992636159e-01
-1.291250664560686934e-01
-1.300402292092488754e-01
-1.307349940787620179e-01
-1.311786300252590354e-01
-1.313263392875030355e-01
-1.311560024276303693e-01
-1.306377361199231590e-01
-1.297832486048411116e-01
-1.286432652449089886e-01
-1.272449388341616028e-01
-1.256508670637585257e-01
-1.239431746212327629e-01
-1.221657211478993088e-01
-1.203792949060599193e-01
-1.186382857178694544e-01
-1.169594481332237729e-01
-1.153652318846326158e-01
-1.138531750233607587e-01
-1.123984946133632645e-01
-1.109931108917971698e-01
-1.096207710372802263e-01
-1.082537743948828457e-01
-1.068692422338970716e-01
-1.054486659379063884e-01
-1.039774949448522556e-01
-1.024447551775165000e-01
-1.008426833029202885e-01
-9.916636440254725238e-02
-9.741337289428955715e-02
-9.558341924762650543e-02
-9.367801971567096819e-02
-9.170020829703591503e-02
-8.965429610552970441e-02
-8.754567535946862489e-02
-8.538064592475208547e-02
-8.316624604605359072e-02
-8.091008053949523549e-02
-7.862014581106702149e-02
-7.630466277382416673e-02
-7.397192972648179710e-02
-7.163020248549592517e-02
-6.928760453063199931e-02
-6.695206221182410655e-02
-6.463125518282959725e-02
-6.233257345055316645e-02
-6.006307186661195840e-02
-5.782941687625407085e-02
-5.563782935815100167e-02
-5.349402956705672646e-02
-5.140319680909560818e-02
-4.936995247423757449e-02
-4.739836967288139219e-02
-4.549200121461166590e-02
-4.365391286851161290e-02
-4.188671155856073247e-02
-4.019255976427971166e-02
-3.857318435368611853e-02
-3.702987863543558827e-02
-3.556350206707404454e-02
-3.417448385292824048e-02
-3.285596039798266421e-02
-3.159451674114688302e-02
-3.037908103493542483e-02
-2.910201680111833625e-02
-2.755619141725228899e-02
-2.556078177792406661e-02
-2.289431135001363665e-02
-1.936789006897120594e-02
-1.491331224892508169e-02
-9.399691221141487016e-03
-2.759545970998859843e-03
4.928324764329956517e-03
1.367418538556145098e-02
2.339137406793409535e-02
3.384141136873679984e-02
4.490696182329145802e-02
5.635337001022684700e-02
6.782386839714689419e-02
7.912368527963636877e-02
8.994194287642069685e-02
9.989764834487969980e-02
1.088042005723362654e-01
1.163725831861922855e-01
1.222968616172115663e-01
1.264726084822986041e-01
1.287060948447368292e-01
1.288296379157218008e-01
1.268680393334707668e-01
1.227743290328943693e-01
1.165493627296194240e-01
1.083510598493761801e-01
9.826875664394331411e-02
8.643750317186153775e-02
7.310666191504332223e-02
5.846467088265189932e-02
4.273789336124394350e-02
2.622672867993711826e-02
9.191750924829853592e-03
-8.070557302848026943e-03
-2.523962086394091267e-02
-4.203728108141449593e-02
-5.817197726782612210e-02
-7.336169733645220292e-02
-8.738270533063105527e-02
-1.000637919474409304e-01
-1.112809061320726711e-01
-1.209520949383252192e-01
-1.290326992003658912e-01
-1.355107786731308273e-01
-1.404027576951397682e-01
-1.437492987507131281e-01
-1.456114155806156329e-01
-1.460668415525505914e-01
-1.452066652200894314e-01
-1.431322429119903927e-01
-1.399523921856871689e-01
-1.357808662742372718e-01
-1.307341060832608592e-01
-1.249292613710133865e-01
-1.184824716616143941e-01
-1.115073945304855402e-01
-1.041139682670437078e-01
-9.640739464362345357e-02
-8.848732671536184424e-02
-8.044724389587036562e-02
-7.237399596326676843e-02
-6.434749479841334052e-02
-5.644053241608668059e-02
-4.871870624356709756e-02
-4.124043582665314761e-02
-3.405705834182019137e-02
-2.721299281253899277e-02
-2.074596310413253861e-02
-1.468727000686949162e-02
-9.062102686413718231e-03
-3.889878376173639372e-03
8.154000113464339710e-04
5.044777604985738011e-03
8.793979204410915657e-03
1.206304173401051213e-02
1.485594826468613835e-02
1.718026385421645222e-02
1.904677337701471754e-02
2.046912414784817988e-02
2.146347751147762925e-02
2.204817413065390114e-02
2.224341700973685859e-02
2.209072266270126900e-02
2.165484962484634859e-02
2.099855731610057383e-02
2.030128206380334144e-02
1.985887766912966534e-02
1.992691490245532965e-02
2.083649145083101700e-02
2.290389946861714002e-02
2.628367521680941010e-02
3.125355589713798427e-02
3.804626047095687608e-02
4.666573781945235894e-02
5.728429462883461581e-02
6.996511586782933056e-02
8.448391720640610614e-02
1.008463421216473088e-01
1.188938469780270457e-01
1.381726508879334847e-01
1.585310546742258186e-01
1.795995290160991853e-01
2.007421769885692486e-01
2.217057074604587008e-01
2.420073258163913388e-01
2.609740416856028422e-01
2.783779775106852150e-01
2.937573667098983821e-01
3.065352703796228595e-01
3.166034046153517467e-01
3.236229768973136189e-01
3.272064640214389364e-01
3.274156497433658441e-01
3.240748732792687048e-01
3.169987311343592240e-01
3.064067607892791978e-01
2.922883387879113282e-01
2.746504361820615303e-01
2.538460509859146730e-01
2.300108736907804374e-01
2.033113194363024845e-01
1.741933515418265799e-01
1.429068724442423277e-01
1.097413881339993486e-01
7.519540808881441940e-02
3.958688677070364842e-02
3.267136477624315877e-03
-3.326814188464367883e-02
-6.967630796140716898e-02
-1.055895454117537907e-01
-1.405555459820185260e-01
-1.742492016545024447e-01
-2.063319320588017647e-01
-2.364235200658075242e-01
-2.641711992642019613e-01
-2.891435779047534793e-01
-3.109177771549845870e-01
-3.291979083985600019e-01
-3.437999634361857404e-01
-3.546388558976587002e-01
-3.617171977524356596e-01
-3.651130640255773052e-01
-3.648372197195741684e-01
-3.608024535817776490e-01
-3.529820898982500843e-01
-3.412874738492929216e-01
-3.256393531893104210e-01
-3.061459398279014477e-01
-2.828227489138710471e-01
-2.557638231243660742e-01
-2.253255779043391860e-01
-1.917047169121152139e-01
-1.552235304298616170e-01
-1.164910916020124310e-01
-7.586369734825737510e-02
-3.384853600206875340e-02
8.791593848419466950e-03
5.164894581581997574e-02
9.415042250995458994e-02
1.355250398006698775e-01
1.754342041971475585e-01
2.133573764340301049e-01
2.486350570664400683e-01
2.810817744384739858e-01
3.103127148361297105e-01
3.358483789459352220e-01
3.576864675524144555e-01
3.756073298213289391e-01
3.893251510227523915e-01
3.990051694490828749e-01
4.045796180415041632e-01
4.059345516709470525e-01
4.033752021744730909e-01
3.969734975765356610e-01
3.867648047718237891e-01
3.731632137927921034e-01
3.563535914316031672e-01
3.364842382020830081e-01
3.140491839522944750e-01
2.893336104593009495e-01
2.625834812737629087e-01
2.343534550563327046e-01
2.049919407893070755e-01
1.747827264186123664e-01
1.442899590968694523e-01
1.138828549620166525e-01
8.383900117882102376e-02
5.469746176898227646e-02
2.680132463220315231e-02
3.600041917846593113e-04
-2.416151723428978937e-02
-4.649065218261368843e-02
-6.652054409241560384e-02
-8.388176752394171931e-02
-9.841227625480290786e-02
-1.101549811989360889e-01
-1.188753031746173222e-01
-1.245655913443175777e-01
-1.274467632380812676e-01
-1.274217063567346098e-01
-1.246268322316895633e-01
-1.194328104514649769e-01
-1.118440899930240179e-01
-1.021043009511142380e-01
-9.068064099127082223e-02
-7.762451322921842811e-02
-6.323249872872811761e-02
-4.800362789921003293e-02
-3.197904940273230134e-02
-1.545864398093399483e-02
1.068643718618108793e-03
1.760375651673448325e-02
3.388332685944312611e-02
4.947167470492105923e-02
6.442957117906743247e-02
7.853026620965192217e-02
9.139042298994023983e-02
1.031314787668832639e-01
1.135828360675291832e-01
1.224352818446477614e-01
1.298604923513702047e-01
1.357089945832429811e-01
1.397038031486457221e-01
1.420285847876031626e-01
1.425539050106879868e-01
1.410625867936130262e-01
1.377638786984600461e-01
1.325469240505064150e-01
1.252366241501877975e-01
1.160378128204230669e-01
1.048582007031794716e-01
9.159352747280917473e-02
7.647003631149562608e-02
5.944024418593238379e-02
4.048129549841584379e-02
1.984389086011678280e-02
-2.445635470333769584e-03
-2.629493380666036995e-02
-5.139378320053643312e-02
-7.759753060987592543e-02
-1.046711752345495655e-01
-1.322135639801458873e-01
-1.599116044350727683e-01
-1.873518901242799128e-01
-2.140114984834458611e-01
-2.393901069431196849e-01
-2.629141241471424917e-01
-2.839826067544608534e-01
-3.021088607956217698e-01
-3.169393991586240689e-01
-3.280760519858543223e-01
-3.350868131364622138e-01
-3.376767946939781551e-01
-3.355468754135093046e-01
-3.285389016510181781e-01
-3.167862000823499780e-01
-3.003860859850315257e-01
-2.796154771237982506e-01
-2.550480798553685369e-01
-2.271148873852097128e-01
-1.964075492095633257e-01
-1.637413595931745680e-01
-1.296591849590955914e-01
-9.482426754358638799e-02
-6.003104857511461917e-02
-2.570401179859275326e-02
7.631172825318608029e-03
3.937344506084761858e-02
6.933714682834581089e-02
9.722629844245722630e-02
1.226760727655084177e-01
1.457348520578129192e-01
1.663060790161530744e-01
1.842028319557647287e-01
1.996339050344719257e-01
2.126249852574193799e-01
2.230844156481860963e-01
2.312875441818695865e-01
2.372785465167020769e-01
2.409633071409307548e-01
2.425922297611000644e-01
2.421572737397043595e-01
2.395245864023931026e-01
2.348923658601534958e-01
2.281921819745833802e-01
2.192635203631009555e-01
2.082720922610754311e-01
1.951420234128599940e-01
1.797601663117729121e-01
1.623233261674118522e-01
1.428155580788633694e-01
1.212298922944458762e-01
9.784187280921871621e-02
7.275196783097061248e-02
4.609908581429039698e-02
1.825910058672331610e-02
-1.054335154460656239e-02
-4.004900974842012101e-02
-6.981564445659299567e-02
-9.952913833487524176e-02
-1.288589637200818760e-01
-1.573473137422709556e-01
-1.846597929370099589e-01
-2.104853699154917157e-01
-2.344344004679473070e-01
-2.562369201015684550e-01
-2.756804709945802623e-01
-2.925027521791391805e-01
-3.065578118369161609e-01
-3.177822778744402443e-01
-3.260727427699228742e-01
-3.314334799873942528e-01
-3.339558783757335392e-01
-3.336814003198734224e-01
-3.307468009027805245e-01
-3.253674027531795465e-01
-3.176905470289113631e-01
-3.079468011729521448e-01
-2.964293904828841364e-01
-2.833447860350428726e-01
-2.689709380937176930e-01
-2.536267044523561331e-01
-2.375283056657339631e-01
-2.209528802500473343e-01
-2.041973972333288867e-01
-1.874470876149217091e-01
-1.709375431578972759e-01
-1.549061337328354881e-01
-1.394812932010325579e-01
-1.248370271260559050e-01
-1.111363634457713245e-01
-9.844379930814652069e-02
-8.686571233450644802e-02
-7.648991679429670287e-02
-6.732091782164995042e-02
-5.940099924870856363e-02
-5.275198406831213549e-02
-4.733083375076122673e-02
-4.311157972827011492e-02
-4.002953089798090558e-02
-3.797861909720630369e-02
-3.685834587326304590e-02
-3.652641755926622213e-02
-3.682074984845260662e-02
-3.760452974201714677e-02
-3.876290833594545071e-02
-4.020009202657910674e-02
-4.183678190003611852e-02
-4.360791710632000440e-02
-4.546068102642846637e-02
-4.735274139547716865e-02
-4.925069670021394591e-02
-5.112870437457699146e-02
-5.296727265332374507e-02
-5.475219855553578596e-02
-5.647363680566118427e-02
-5.812528737232974807e-02
-5.970369011361383732e-02
-6.120761454649940869e-02
-6.263753673309160885e-02
-6.399519234156234027e-02
-6.528206543740708301e-02
-6.650000365138541980e-02
-6.765260068637017621e-02
-6.874051003653768033e-02
-6.976441937915346669e-02
-7.072901404645115520e-02
-7.164150907871257024e-02
-7.251191241724151693e-02
-7.334587361707210762e-02
-7.414384118060439455e-02
-7.490594055920152261e-02
-7.563197256222592424e-02
-7.632142313544763856e-02
-7.697348284442101507e-02
-7.758707328498083700e-02
-7.816087929161601167e-02
-7.869338552445509505e-02
-7.918291694830077720e-02
-7.962768065533216977e-02
-8.002580687229138290e-02
-8.037538870520669065e-02
-8.067451962914565233e-02
-8.092132931597122159e-02
-8.111401899674697269e-02
-8.125089478237543239e-02
-8.133039886091632253e-02
-8.135113757473995399e-02
-8.131190524523448926e-02
-8.121170538185459864e-02
-8.104976834631599791e-02
-8.082556591123411793e-02
-8.053882188105480899e-02
-8.018951930007615914e-02
-7.977790371690626769e-02
-7.930448355865719889e-02
-7.877002808255177679e-02
-7.817556257520533181e-02
-7.752236152128889890e-02
-7.681193923981155525e-02
-7.604603891871969390e-02
-7.522662016793185691e-02
-7.435584515030663200e-02
-7.343606466089255824e-02
-7.246980124283804170e-02
-7.145973185038659303e-02
-7.040866895552982951e-02
-6.931954052034827729e-02
-6.819537257179648926e-02
-6.703269893449671779e-02
-6.582692872346977697e-02
-6.458185862268607524e-02
-6.323865876575178457e-02
-6.167789338304540542e-02
-5.979904407436332364e-02
-5.747328257121905176e-02
-5.459910717213073417e-02
-5.114969049592122535e-02
-4.705888922001372210e-02
-4.231090453340284607e-02
-3.697518895217440094e-02
-3.106878580115243413e-02
-2.467792596948142209e-02
-1.796997492346307998e-02
-1.104171282283055409e-02
-4.064005961980296511e-03
2.735994490093960913e-03
9.229731157266406194e-03
1.523313490458679323e-02
2.054480087369321001e-02
2.508091042092299924e-02
2.871778865303284065e-02
3.134104853386924378e-02
3.295836286271282972e-02
3.354983148152528016e-02
3.311439287399486203e-02
3.176327561592360432e-02
2.957860653585478450e-02
2.664486733694376719e-02
2.313611778881558695e-02
1.918611886039839690e-02
1.490757505303603840e-02
1.048242507101256743e-02
6.037060759237576797e-03
1.654347535115848790e-03
-2.520123225026323511e-03
-6.400375341871021757e-03
-9.955967944769699568e-03
-1.309202855989211912e-02
-1.577345914480247219e-02
-1.802040222227278485e-02
-1.977322570999743082e-02
-2.102284607225270857e-02
-2.180967418881614786e-02
-2.208166479427516732e-02
-2.184014514029879520e-02
-2.114226806470814388e-02
-1.993691599092652089e-02
-1.822104831235922540e-02
-1.605180903672679543e-02
-1.336945823786253595e-02
-1.017664695263787410e-02
-6.552229601130203467e-03
-2.444478629129007499e-03
2.130786372036438080e-03
7.074142291889390539e-03
1.242526914489967479e-02
1.813365062058625021e-02
2.405272598168579912e-02
3.019054993924348562e-02
3.646099824126594613e-02
4.269113525846749552e-02
4.888827149381625575e-02
5.496508358621163270e-02
6.075155847052999408e-02
6.627019507062405224e-02
7.144433914872083680e-02
7.612509576434489666e-02
8.036674739630300657e-02
8.411625897168770183e-02
8.725144306658129401e-02
8.984528870184024796e-02
9.184033802862748286e-02
9.310735493724023315e-02
9.370140892846048897e-02
9.353967531987508743e-02
9.248626273405620435e-02
9.058482085049426868e-02
8.774533271256725053e-02
8.384783117218835846e-02
7.894282847507191891e-02
7.296556543915437565e-02
6.585321781220714044e-02
5.769065798904265963e-02
4.845693429524240703e-02
3.815609475085740554e-02
2.691553294845928229e-02
1.477732097770676802e-02
1.821683474447050380e-03
-1.177725736572856827e-02
-2.589751908363357655e-02
-4.036638265463259045e-02
-5.494794992227476638e-02
-6.940010976802096776e-02
-8.340036816985181567e-02
-9.661097223438630532e-02
-1.087652283054878211e-01
-1.196597739304599978e-01
-1.291474914624756720e-01
-1.371309442890758235e-01
-1.435562476110809338e-01
-1.483533793100325904e-01
-1.514237367665071943e-01
-1.527043324822862924e-01
-1.521139677808671931e-01
-1.495891545340280460e-01
-1.451578498753994806e-01
-1.388331898289118793e-01
-1.306971652569255959e-01
-1.209467591443607049e-01
-1.097302454848219644e-01
-9.726488412896340530e-02
-8.385596328244857012e-02
-6.971797910600735504e-02
-5.512711833947175899e-02
-4.041402947822691355e-02
-2.578723495280956651e-02
-1.151156684091650569e-02
2.120035574505514490e-03
1.494674852092092721e-02
2.675365619946323825e-02
3.732502602804284308e-02
4.657927712135222914e-02
5.438452694295494577e-02
6.062391568917321200e-02
6.530322672529809136e-02
6.838116287673963456e-02
6.983632586290763888e-02
6.975332477266583953e-02
6.817989133899415855e-02
6.518774838785103276e-02
6.094086831213644390e-02
5.557516481971271766e-02
4.923902516288407999e-02
4.215690921995601109e-02
3.452855738729539853e-02
2.654289801773953433e-02
1.845816250640936254e-02
1.051108311077196197e-02
2.895838791093282433e-03
-4.118075222732707832e-03
-1.028468910874632061e-02
-1.544396121339797548e-02
-1.934222313983514213e-02
-2.175867996252186382e-02
-2.260612516282520246e-02
-2.167964901774730932e-02
-1.884027531158905672e-02
-1.413413808856472942e-02
-7.447935014696985961e-03
1.232416162896605993e-03
1.169855171113706564e-02
2.394992945734713760e-02
3.784486302861921059e-02
5.300495538280705632e-02
6.931789898557783047e-02
8.650095754412474858e-02
1.040593659648747366e-01
1.218240458585175684e-01
1.394308759133947584e-01
1.563421354987114542e-01
1.723824814634067337e-01
1.871638388862694458e-01
2.001803370956450889e-01
2.112990462287259452e-01
2.201609184182748979e-01
2.263494640877064534e-01
2.298128535590444055e-01
2.302803321439667317e-01
2.274800239198003782e-01
2.214661695341419434e-01
2.120888951167981817e-01
1.992476504918065106e-01
1.831212862238159600e-01
1.637245046344543431e-01
1.411664625789226246e-01
1.157831424047214564e-01
8.779112697708833790e-02
5.751325748055251957e-02
2.543881392690976184e-02
-7.991862412575892471e-03
-4.221733257321085009e-02
-7.659007742852384781e-02
-1.104960446484335307e-01
-1.432520525061946881e-01
-1.741918670194114727e-01
-2.027793920441887943e-01
-2.285972579095059409e-01
-2.513362539424546793e-01
-2.707852191705427125e-01
-2.868211583587887414e-01
-2.993994827590088503e-01
-3.085443670677414651e-01
-3.143392745362741381e-01
-3.169177374859332152e-01
-3.164544959620674280e-01
-3.131570981834921330e-01
-3.072580566882367470e-01
-2.990076372603389099e-01
-2.886673372339519927e-01
-2.765040877382971551e-01
-2.627851928535139270e-01
-2.477739990132069858e-01
-2.316867820278342149e-01
-2.146836258253742857e-01
-1.969165746327811162e-01
-1.784051177495001861e-01
-1.590457347426290080e-01
-1.387816489583240664e-01
-1.174636546345926985e-01
-9.496076293138318303e-02
-7.131777562400057335e-02
-4.645236711264161267e-02
-2.035080594978194019e-02
6.769147335866822733e-03
3.486498443910568401e-02
6.377177521672584837e-02
9.307829543189660715e-02
1.226018951185288558e-01
1.519845631312975731e-01
1.806539835028390661e-01
2.083327798431051925e-01
2.345522202869102790e-01
2.587011285830028706e-01
2.805088033958118010e-01
2.995104938575117171e-01
3.151792912278257863e-01
3.273461206836941750e-01
3.356671425869430236e-01
3.398153283880733788e-01
3.398055388243030328e-01
3.354958916672252656e-01
3.268055682095286074e-01
3.139492449287327736e-01
2.970103502249753502e-01
2.761580923492124584e-01
2.517965015660061923e-01
2.242179703765576348e-01
1.937955397778769184e-01
1.610704217284923967e-01
1.264865349020612983e-01
9.053793805360664526e-02
5.382104419528050548e-02
1.684150430073737270e-02
-1.988965996491634178e-02
-5.581408975205000289e-02
-9.046065687144150269e-02
-1.233949449471153786e-01
-1.541678582440351997e-01
-1.824132172399521024e-01
-2.078373721130549467e-01
-2.301379578067443143e-01
-2.490847649490666171e-01
-2.645468692741707595e-01
-2.763617944953044026e-01
-2.844228318303627101e-01
-2.887464199658187902e-01
-2.892729393779083780e-01
-2.859886003812028288e-01
-2.790356228151257278e-01
-2.684239829209268957e-01
-2.542173280611337294e-01
-2.366798360168883564e-01
-2.159082702037005697e-01
-1.921130743922063733e-01
-1.657460825457221232e-01
-1.370260829063849606e-01
-1.063173487956581009e-01
-7.422534801012484196e-02
-4.107612306058868595e-02
-7.397846156293088303e-03
2.607339518865229439e-02
5.893100750097655244e-02
9.055615865043455115e-02
1.202210911405564575e-01
1.475637742240559769e-01
1.720035533711154196e-01
1.929298136321913604e-01
2.100842541983797829e-01
2.230115078646068005e-01
2.313195203768310948e-01
2.349447764612414835e-01
2.336786777445103158e-01
2.274448606734038592e-01
2.164489549754664011e-01
2.008136326571609842e-01
1.808208175132115236e-01
1.569900905909014655e-01
1.298528098437372602e-01
1.001034512691184875e-01
6.861471845616123888e-02
3.625828717973369336e-02
3.916529020535085975e-03
-2.740464023100391486e-02
-5.669439564952268029e-02
-8.308593894441303196e-02
-1.056719489894273611e-01
-1.236914596504583158e-01
-1.367404056332315321e-01
-1.444001954675001032e-01
-1.465005739616966340e-01
-1.433048273607699097e-01
-1.349787082467903132e-01
-1.219528321079419997e-01
-1.050153035829532594e-01
-8.470084000463980189e-02
-6.176961391223362990e-02
-3.720191142479303131e-02
-1.158459425970111319e-02
1.431609845276578946e-02
3.963150950310662807e-02
6.395880052116882653e-02
8.673774244688868540e-02
1.073721382754185827e-01
1.257375903841371212e-01
1.415485593585426027e-01
1.545026558696983854e-01
1.647396180724310377e-01
1.722243460792463321e-01
1.768898569487137584e-01
1.790792350321675497e-01
1.789566592258906852e-01
1.766195242802812704e-01
1.725508128468320468e-01
1.670512496423242066e-01
1.603059250098137212e-01
1.528867424623324978e-01
1.451845130455659272e-01
1.374104519177522243e-01
1.301742804179337465e-01
1.238765562653040830e-01
1.186495585618724535e-01
1.150479576754725453e-01
1.133700801238329697e-01
1.135644014235147881e-01
1.160521059413007344e-01
1.209393406685411732e-01
1.279190366089825448e-01
1.372164231787793287e-01
1.486770870363703090e-01
1.617234014068868186e-01
1.764040174293811658e-01
1.923573511972307137e-01
2.088416889502483498e-01
2.258288817902348589e-01
2.428535356887634999e-01
2.591295567664389510e-01
2.746438755942893217e-01
2.889335100376489995e-01
3.012916030404522716e-01
3.117994418471944362e-01
3.200603202816023618e-01
3.254919305985416456e-01
3.282725178052400272e-01
3.280845428725714941e-01
3.244836614498768368e-01
3.177353336892345670e-01
3.076104688432049206e-01
2.938103908060920033e-01
2.766630304005212038e-01
2.560104367889954879e-01
2.316869386593695401e-01
2.040746879964117078e-01
1.731221200707225016e-01
1.388344609936474072e-01
1.016755618707511077e-01
6.174209650843035663e-02
1.923222058942292492e-02
-2.529312838167881161e-02
-7.154902639643498374e-02
-1.191069043049369641e-01
-1.672706142016165687e-01
-2.155472004437794242e-01
-2.633183072855658780e-01
-3.098092400622510789e-01
-3.543691545303360169e-01
-3.962488290057570861e-01
-4.346708189026382563e-01
-4.689936191575114210e-01
-4.985972574975561789e-01
-5.229606577936222189e-01
-5.417650007480081520e-01
-5.548697924676160298e-01
-5.622893207502247526e-01
-5.641695166698255104e-01
-5.607654180684595868e-01
-5.524195414809942584e-01
-5.395414986396456225e-01
-5.225891656771082250e-01
-5.020516561446736192e-01
-4.784342681667444475e-01
-4.522454950928558870e-01
-4.239861084007234826e-01
-3.941402535003162844e-01
-3.631684427376596358e-01
-3.315022869376140768e-01
-2.995407800782273200e-01
-2.676479356723312497e-01
-2.361515716008932564e-01
-2.053430446473862026e-01
-1.754777487998874230e-01
-1.467762075601165839e-01
-1.194256100366049428e-01
-9.358166049376565043e-02
-6.937063219948130799e-02
-4.689153525850899701e-02
-2.621832634211196042e-02
-7.402104920668378836e-03
9.526747148199713258e-03
2.455651250243341341e-02
3.769219225274811347e-02
4.895367949094324433e-02
5.837405727915849496e-02
6.600035982231010345e-02
7.189093361544421357e-02
7.611138064603140130e-02
7.881974121792553745e-02
8.027163180846995372e-02
8.071124489296656324e-02
8.042011686459786535e-02
7.965549638672157762e-02
7.857665570902602759e-02
7.739155000208883251e-02
7.624971735728716671e-02
7.517734546598243972e-02
7.425920404433070110e-02
7.348248810397753350e-02
7.271006883132050125e-02
7.188557960035571459e-02
7.084043709442305881e-02
6.931967486910479981e-02
6.718532083333006444e-02
6.420397728995280717e-02
6.011430850364005152e-02
5.478949595753632856e-02
4.802684859204957302e-02
3.965386737196646000e-02
2.964223480281966139e-02
1.792319581196806164e-02
4.498375618365394249e-03
-1.050673542837343363e-02
-2.697640297843612381e-02
-4.470597913404439350e-02
-6.340565369248550576e-02
-8.276730404803546437e-02
-1.023986436419999646e-01
-1.218860713367967558e-01
-1.408762451013775840e-01
-1.590710043924838668e-01
-1.762228374964039945e-01
-1.921307393406385400e-01
-2.066363458419792076e-01
-2.196202593071804876e-01
-2.309985151072956600e-01
-2.407191578728483106e-01
-2.487589155824051768e-01
-2.551199757552357616e-01
-2.598268657267823745e-01
-2.629234534733513318e-01
-2.644700798571180123e-01
-2.645408386279924917e-01
-2.632210193242690011e-01
-2.606047224357994074e-01
-2.567926591981313234e-01
-2.518901414716959164e-01
-2.460052646506568630e-01
-2.392472839740968360e-01
-2.317251807638190664e-01
-2.235464135783077622e-01
-2.148158467951381267e-01
-2.055643600200873500e-01
-1.957367190376841926e-01
-1.852810746361837901e-01
-1.740946675117872045e-01
-1.620696631233629337e-01
-1.491845542983644690e-01
-1.353920725304631201e-01
-1.207239393162066882e-01
-1.053423109529013219e-01
-8.936217918184596876e-02
-7.299268370932451844e-02
-5.654633320123694101e-02
-4.025451535576783646e-02
-2.443600950055532101e-02
-9.451042699347936976e-03
4.459312220101191611e-03
1.699138908049349292e-02
2.785862125749588233e-02
3.690612767535864785e-02
4.394130667705048454e-02
4.882951044568006188e-02
5.156074352948654405e-02
5.212178522690197324e-02
5.058696369222880074e-02
4.712813192671182205e-02
4.195966334453286872e-02
3.540813546076632123e-02
2.784141885523718288e-02
1.957840355033482749e-02
1.089415795017427240e-02
2.024394995114054633e-03
-6.830620652509350292e-03
-1.550260424557947485e-02
-2.381156317924875906e-02
-3.155811287878666077e-02
-3.857267284275550656e-02
-4.467913314778067940e-02
-4.972666252785164914e-02
-5.364107614694130222e-02
-5.635747394483846262e-02
-5.788643313868142848e-02
-5.832619874373962815e-02
-5.775556002554067120e-02
-5.631567493895037191e-02
-5.419825932725509665e-02
-5.154033162479927654e-02
-4.851989953771573827e-02
-4.533071838841032375e-02
-4.208884950111468209e-02
-3.893048083551063632e-02
-3.598169577269527686e-02
-3.328348934331691600e-02
-3.088960078724808933e-02
-2.884066037280530112e-02
-2.709241712023292489e-02
-2.560899897357519703e-02
-2.435723676028030138e-02
-2.322503092284593576e-02
-2.211288460281376350e-02
-2.095148189914922132e-02
-1.959124868907774139e-02
-1.790028844469766095e-02
-1.580686247963587407e-02
-1.314784863753853429e-02
-9.792338814309490755e-03
-5.709147017632995244e-03
-7.661038371671161952e-04
5.107926234999054550e-03
1.185208721045845522e-02
1.952515266333241378e-02
2.809248753888736808e-02
3.737191238057665371e-02
4.732567005294210233e-02
5.779352182176075714e-02
6.847499523320138559e-02
7.925427848851915313e-02
8.989411683011276633e-02
1.000543921150130605e-01
1.095971906352163489e-01
1.182466463108580862e-01
1.256659341403178198e-01
1.317348096081194242e-01
1.362057114803362223e-01
1.388213488566238663e-01
1.395258472703510555e-01
1.381318534054440661e-01
1.344724024512267413e-01
1.285597448807705712e-01
1.203105491042203712e-01
1.097114084690296587e-01
9.690840411430540202e-02
8.198865942884257796e-02
6.512229933314928054e-02
4.661592903125243853e-02
2.680764516757478191e-02
6.158126778148265319e-03
-1.479575425405880822e-02
-3.557953302080273106e-02
-5.576706172063444766e-02
-7.484589839835770197e-02
-9.223161583217513726e-02
-1.073967007749173780e-01
-1.197788658620523305e-01
-1.288979482594646564e-01
-1.344998405195611535e-01
-1.363248694614853096e-01
-1.342843854214688382e-01
-1.285765091808032667e-01
-1.193496869642765718e-01
-1.069444251812990410e-01
-9.194092989186355980e-02
-7.478161249812838307e-02
-5.608058778371897979e-02
-3.658530002536690418e-02
-1.681212588296970151e-02
2.604443523586380104e-03
2.101377445703985283e-02
3.803506551595892127e-02
5.319066751109803592e-02
6.605125677474940615e-02
7.644733304517187245e-02
8.413680121781222376e-02
8.896402876539932780e-02
9.098668032953642626e-02
9.019206101118441843e-02
8.665099348577472160e-02
8.058798667315557329e-02
7.216871023493781623e-02
6.163187115607571959e-02
4.931266542664129032e-02
3.551765269281570436e-02
2.062612407253200386e-02
5.059234457810949000e-03
-1.080153153034335914e-02
-2.656638605867574568e-02
-4.186883973587449126e-02
-5.641092863180369177e-02
-6.995600482693917210e-02
-8.232222366674507574e-02
-9.337656938885922908e-02
-1.030293072304135499e-01
-1.112287905462502752e-01
-1.179565822630077587e-01
-1.232228701419189054e-01
-1.270621679869405052e-01
-1.295293039927168655e-01
-1.306956999551696919e-01
-1.306459468381855338e-01
-1.294746809887035166e-01
-1.272837625852230314e-01
-1.241539834106981655e-01
-1.201482850230797539e-01
-1.153442305166949011e-01
-1.097516273081422244e-01
-1.033208858351067627e-01
-9.603200374746076462e-02
-8.778359214138624356e-02
-7.846043506604991058e-02
-6.804374721463626874e-02
-5.639562234173701311e-02
-4.338446132110616860e-02
-2.903344837966264497e-02
-1.319832613894195671e-02
4.222986193674871033e-03
2.310984797710025074e-02
4.354578432175571640e-02
6.549518469405869736e-02
8.864050618700267115e-02
1.129288750699608962e-01
1.381375437331229528e-01
1.637633136439229919e-01
1.896483853380599160e-01
2.154277404189438305e-01
2.404879940631555746e-01
2.646268290816169433e-01
2.874131851737226628e-01
3.082371980858236715e-01
3.269481099997350038e-01
3.431510605082291887e-01
3.563364831146725309e-01
3.664526074323962157e-01
3.731817692912344220e-01
3.761448542231820569e-01
3.753876743387284387e-01
3.706868589098373246e-01
3.618169518132216544e-01
3.489384146766944528e-01
3.319671528177450814e-01
3.108643360568621450e-01
2.859118118990406354e-01
2.571784983551790305e-01
2.248200345608981077e-01
1.892535754998019015e-01
1.507415873030188980e-01
1.096642096428691732e-01
6.659837663120631024e-02
2.201023801263837787e-02
-2.353604622178216352e-02
-6.935060940610303371e-02
-1.147636499270566490e-01
-1.589890606938141604e-01
-2.012239562850542951e-01
-2.407986888997334651e-01
-2.771241475926624620e-01
-3.096806150746925224e-01
-3.380489917732744654e-01
-3.619338523072821445e-01
-3.810852881055074581e-01
-3.953003674189353722e-01
-4.045067459816815703e-01
-4.087023210045527266e-01
-4.080247598266689146e-01
-4.027785616546612490e-01
-3.932722226822712996e-01
-3.799068235931774007e-01
-3.631908956811119582e-01
-3.435660137285406757e-01
-3.215297599986095545e-01
-2.976322306952641772e-01
-2.722964582886064910e-01
-2.459648162536863525e-01
-2.190878462645436953e-01
-1.919641368570603468e-01
-1.649189817897918076e-01
-1.382899910974115520e-01
-1.122567046468984225e-01
-8.702369900759694687e-02
-6.280998667463026652e-02
-3.967727076619621818e-02
-1.772657067337804482e-02
2.908135406161460861e-03
2.224995742236435953e-02
4.027713749427876827e-02
5.692341052918659799e-02
7.227909088911750601e-02
8.637010914075698986e-02
9.915568246920893059e-02
1.107567385381743041e-01
1.212204080294765896e-01
1.305144196679412782e-01
1.387688973459025865e-01
1.460149960948581571e-01
1.521911760718794859e-01
1.574076387973209479e-01
1.616666961385603840e-01
1.648826034650183736e-01
1.671345052545943344e-01
1.683615172000271776e-01
1.684211663858957153e-01
1.673365013678110302e-01
1.649923763298354884e-01
1.612306548339494938e-01
1.560513530432378337e-01
1.493138225685475273e-01
1.408683763184316040e-01
1.307182388375886517e-01
1.187670817616065799e-01
1.049675821789417124e-01
8.941823947771249115e-02
7.215694619947643496e-02
5.329565149134539437e-02
3.306999559258824023e-02
1.173781703177641765e-02
-1.031658425338577607e-02
-3.264600503114144930e-02
-5.484712663456901838e-02
-7.651336184644011440e-02
-9.725859048463042500e-02
-1.167636378512415113e-01
-1.347774518407664768e-01
-1.510299131332202005e-01
-1.652158037128869106e-01
-1.770874144154264973e-01
-1.864326097152212147e-01
-1.931423416486240663e-01
-1.972467020915154856e-01
-1.987889675023151725e-01
-1.979102111428873434e-01
-1.948623258027803729e-01
-1.898636635053566613e-01
-1.832072116089582814e-01
-1.752464990924721133e-01
-1.662563548628367138e-01
-1.565547508563681078e-01
-1.464648748121515631e-01
-1.362071608443169712e-01
-1.260337282845995222e-01
-1.161779015197374337e-01
-1.067702139985023391e-01
-9.796443292513520862e-02
-8.988645512497019097e-02
-8.257098136976175062e-02
-7.607125146349584532e-02
-7.041583362737538487e-02
-6.555926366144446127e-02
-6.147252760792676352e-02
-5.811138858415232367e-02
-5.537112676597523431e-02
-5.316279973097959299e-02
-5.140040429619811141e-02
-4.993723859873612503e-02
-4.863198735106959852e-02
-4.736956580633767955e-02
-4.596327703952564347e-02
-4.422517179193475451e-02
-4.202688819725346192e-02
-3.915035957560505236e-02
-3.538596889751666891e-02
-3.063190357644831469e-02
-2.467634325023949568e-02
-1.735224813610045103e-02
-8.662783353009309573e-03
1.518274650406874204e-03
1.321835783039960674e-02
2.625070140410690547e-02
4.059574357530560534e-02
5.609185979093658098e-02
7.236208030013527304e-02
8.924184256906335377e-02
1.063904046472986670e-01
1.232921264939337708e-01
1.397068623114832708e-01
1.552281015553831633e-01
1.693460933914927025e-01
1.818589294829708325e-01
1.923979499283464123e-01
2.005520093677551352e-01
2.062327233037576923e-01
2.092123627562160748e-01
2.092782061525666759e-01
2.065145463693734973e-01
2.008630387413844198e-01
1.922936937172824157e-01
1.810299897444966333e-01
1.671697959856360272e-01
1.508541069933954093e-01
1.324301280027197769e-01
1.121235075760637773e-01
9.018379645724501625e-02
6.702007547382322905e-02
4.294197582394021495e-02
1.827036092027765901e-02
-6.553754014906905748e-03
-3.118191514654514163e-02
-5.528549131252359639e-02
-7.844597221567635448e-02
-1.003301896398087895e-01
-1.206584380347962282e-01
-1.390703065677061645e-01
-1.552840591780889345e-01
-1.691135745705939220e-01
-1.802897966524612261e-01
-1.886230100046948355e-01
-1.940561815053198635e-01
-1.964268747668863058e-01
-1.956618289536956878e-01
-1.918566453809971428e-01
-1.849701429355712912e-01
-1.750763976937099453e-01
-1.624506814137886557e-01
-1.471910847366807440e-01
-1.295353519358093952e-01
-1.099235213310830045e-01
-8.856231710733707130e-02
-6.581348487872787367e-02
-4.221720997251562912e-02
-1.803615436161175659e-02
6.293093792374455583e-03
3.019910178738957965e-02
5.343084107023204216e-02
7.556798926946491080e-02
9.611122982227582323e-02
1.149016919510335993e-01
1.316155520040679927e-01
1.458912736543754862e-01
1.576987591993365967e-01
1.668523678408224409e-01
1.731664333792283239e-01
1.767606003860722197e-01
1.776020205467621349e-01
1.756687879207928515e-01
1.712093314245046460e-01
1.643332223989839025e-01
1.551578120085856660e-01
1.440289856503719768e-01
1.311632005904942722e-01
1.167709847585668842e-01
1.012564643494732186e-01
8.490382918517595801e-02
6.796821153430662732e-02
5.087449967353623037e-02
3.393253100147415602e-02
1.738358403487901688e-02
1.620883323752270264e-03
-1.307697390501965339e-02
-2.653545958201723384e-02
-3.842683686754679029e-02
-4.854278474522681630e-02
-5.681393880112649286e-02
-6.300269237299821468e-02
-6.700431323670434647e-02
-6.888782995832685996e-02
-6.853242220624944370e-02
-6.596979633085399419e-02
-6.142174659848729373e-02
-5.488636715744387579e-02
-4.653430107584869552e-02
-3.672316615067021395e-02
-2.555802385637177473e-02
-1.334237224305219981e-02
-5.424239382131486580e-04
1.265545724769365568e-02
2.585794912084122404e-02
3.856229763812617922e-02
5.056357156494304533e-02
6.145378283223549426e-02
7.077715704613433967e-02
7.837615339487422061e-02
8.391373582961039745e-02
8.707072426866366288e-02
8.780407929706188219e-02
8.591917346208025053e-02
8.128760524861244896e-02
7.401885727734228149e-02
6.410915458577970405e-02
5.164836702590430706e-02
3.690828188866784876e-02
2.007605823286347929e-02
1.429523684117980182e-03
-1.863334110427769877e-02
-3.974636883137393217e-02
-6.144361718404129508e-02
-8.320787984463799691e-02
-1.045770885320693178e-01
-1.250839391616425378e-01
-1.442980656749235646e-01
-1.618830267835023595e-01
-1.775862626336093264e-01
-1.912298768499310353e-01
-2.027020334642725685e-01
-2.119488378141166363e-01
-2.189666386269963072e-01
-2.237947332512392196e-01
-2.265084855334251468e-01
-2.272128790997966497e-01
-2.260365321609378308e-01
-2.231261971098677521e-01
-2.186417625663916176e-01
-2.127517693188220871e-01
-2.056294428042269584e-01
-1.974492358611344145e-01
-1.883838687258181932e-01
-1.786018427530803310e-01
-1.682653996376205496e-01
-1.575288901177515910e-01
-1.465375134048254036e-01
-1.354263870470261422e-01
-1.243199059665788392e-01
-1.133313532994280060e-01
-1.025543099716207246e-01
-9.206962108676955414e-02
-8.195773159206384828e-02
-7.222680734558631355e-02
-6.281265649637299275e-02
-5.365578305370053563e-02
-4.462394644906604591e-02
-3.556161797125226287e-02
-2.638057327364357746e-02
-1.689207590899918440e-02
-6.904893586506499238e-03
3.649195076708065290e-03
1.496980403260897430e-02
2.722011674612389090e-02
4.037672887535150718e-02
5.457756840195054915e-02
6.986229639905486288e-02
8.603255277282530200e-02
1.030996402847283305e-01
1.209290624916205675e-01
1.391420976369498741e-01
1.576292092267597700e-01
1.760974067599015702e-01
1.940413339950530780e-01
2.112907368800486518e-01
2.274830590305209344e-01
2.421049369234923032e-01
2.550169253761440658e-01
2.658727594371511072e-01
2.742317049161695497e-01
2.800445841842726935e-01
2.830634360030187535e-01
2.830004740806610353e-01
2.799497764136870681e-01
2.738120456834866601e-01
2.644770508678599419e-01
2.521867442439517659e-01
2.370069883424358870e-01
2.190139109624691105e-01
1.986000169965823625e-01
1.759936410273616469e-01
1.514235387520239950e-01
1.253880865537841949e-01
9.822649528488439086e-02
7.025082415438500816e-02
4.201478738446016992e-02
1.393031720803832377e-02
-1.365712965311158440e-02
-4.019199410299515579e-02
-6.527215815703706070e-02
-8.861829067993215459e-02
-1.097287389535744340e-01
-1.282347320916416011e-01
-1.439393168653797517e-01
-1.563940059777457758e-01
-1.652978106420664728e-01
-1.706056182851116987e-01
-1.719849951195737692e-01
-1.692797610728143942e-01
-1.626527699853299036e-01
-1.519080677926768486e-01
-1.370776700708237483e-01
-1.185857798931782975e-01
-9.641118077219303084e-02
-7.080641650657619468e-02
-4.244470749765910655e-02
-1.146947597842015026e-02
2.163853979575091138e-02
5.600715773772049766e-02
9.139778730360209602e-02
1.271985817582152456e-01
1.624722547773643777e-01
1.969918697038650079e-01
2.301314564088362546e-01
2.610164955438674661e-01
2.895159627544443004e-01
3.150918064289721099e-01
3.370513235957094400e-01
3.554327721800621953e-01
3.698490721173440243e-01
3.798211122995737155e-01
3.855450559460000814e-01
3.867874114544509467e-01
3.832730714909102776e-01
3.753320241389677681e-01
3.628876694883140797e-01
3.458679913767954694e-01
3.247264495660960870e-01
2.995467342796837018e-01
2.704518788962046449e-01
2.380053358121092810e-01
2.024456563451743629e-01
1.640700188831629713e-01
1.235359590975451394e-01
8.122878944357496411e-02
3.758704285742062862e-02
-6.686162986437617188e-03
-5.112983431378631538e-02
-9.525553614215676035e-02
-1.383899791598908191e-01
-1.800637366949376927e-01
-2.198104381274005037e-01
-2.570550756613639853e-01
-2.914152205366125625e-01
-3.225608504571421120e-01
-3.501137862546344071e-01
-3.738640047162544722e-01
-3.936678212346623740e-01
-4.093659756656466420e-01
-4.209560128594827533e-01
-4.285147777772884137e-01
-4.321187520440515906e-01
-4.319745225871764460e-01
-4.283475727979256797e-01
-4.214928457873136636e-01
-4.117575839407346949e-01
-3.995113822049686236e-01
-3.850944596753060889e-01
-3.688758901926326161e-01
-3.511842902986987425e-01
-3.322966633082426458e-01
-3.124723724346961662e-01
-2.919184148652809174e-01
-2.707951148789647378e-01
-2.492663997082582295e-01
-2.275215754800509749e-01
-2.055823839584554613e-01
-1.832700556593898911e-01
-1.604052679560727390e-01
-1.366529055973614848e-01
-1.116398062769371202e-01
-8.519729536056966368e-02
-5.699273781599200478e-02
-2.676867177399438330e-02
5.374510639931790595e-03
3.951938585212442373e-02
7.553860377568963336e-02
1.128818923713535843e-01
1.512891213294924042e-01
1.902515289528967923e-01
2.289140562290487568e-01
2.668576199176414532e-01
3.034155821083430737e-01
3.376936854396319632e-01
3.693340278689510314e-01
3.977389755847102193e-01
4.221992278633167062e-01
4.425634556231279881e-01
4.584144480571749614e-01
4.692871771360225819e-01
4.752378299853894372e-01
4.760402715355303016e-01
4.714634755163429891e-01
4.617316454604117881e-01
4.467858524331625447e-01
4.265979022811052790e-01
4.015237929441871079e-01
3.716630923677143317e-01
3.371838920624735114e-01
2.985746832798090722e-01
2.561143519220240861e-01
2.101711679811754108e-01
1.613620774634746957e-01
1.101415965035308919e-01
5.705607739186208810e-02
2.826478768946356131e-03
-5.195204653191885097e-02
-1.066172001895020482e-01
-1.604105047813455809e-01
-2.126881051844742576e-01
-2.627998176546241238e-01
-3.100784836669802091e-01
-3.539510069546126236e-01
-3.938714134684606072e-01
-4.293437519524329060e-01
-4.600228528641797099e-01
-4.856937494994317817e-01
-5.061717611247485982e-01
-5.213171254964763524e-01
-5.310951156418306507e-01
-5.354793489759136493e-01
-5.345068093691394129e-01
-5.283569281555671182e-01
-5.171730911923730911e-01
-5.011660738454695174e-01
-4.807145055490723573e-01
-4.561141696251903022e-01
-4.277466938291637488e-01
-3.961721063588447556e-01
-3.617996768357363835e-01
-3.251260036965089584e-01
-2.868049459272001278e-01
-2.472693392026300563e-01
-2.070445589328548941e-01
-1.667816480420206138e-01
-1.268587296118300345e-01
-8.775526085788783182e-02
-5.003500714934312754e-02
-1.394901224181891407e-02
2.014379262496083026e-02
5.182607174608274553e-02
8.099640837307076069e-02
1.074277920150858434e-01
1.308500354680054156e-01
1.513006571395730804e-01
1.686865879411070801e-01
1.828866753224199782e-01
1.940807104583725518e-01
2.023206836466030500e-01
2.076230040610737571e-01
2.102829980497853413e-01
2.104669135729299034e-01
2.082925980842020020e-01
2.041497606793661601e-01
1.983045188734673114e-01
1.909482503876845372e-01
1.825464209392487214e-01
1.734365605773924013e-01
1.638262563748971168e-01
1.542183868673557556e-01
1.449933129342461102e-01
1.363444724552380083e-01
1.287917152071322291e-01
1.226997904960790559e-01
1.181626883991850341e-01
1.156527986904096472e-01
1.154451995815326260e-01
1.174586477507724575e-01
1.220364940187832897e-01
1.292368384568287620e-01
1.386922790531643079e-01
1.505441717271225055e-01
1.645966899054201737e-01
1.802304788951143155e-01
1.974313372122840915e-01
2.157934860295121771e-01
2.345223928841497774e-01
2.535183666079429132e-01
2.722687307397217982e-01
2.899574321695844170e-01
3.065293741512912784e-01
3.214937055118182729e-01
3.341277717854701512e-01
3.444820079260873524e-01
3.521525397846742012e-01
3.565718568341414429e-01
3.579147419402856634e-01
3.558845252970158635e-01
3.500809875604933841e-01
3.407895619070236970e-01
3.278227146311618045e-01
3.109404078523247406e-01
2.905169512494914508e-01
2.664779885634290246e-01
2.387461077370520157e-01
2.077756268531281425e-01
1.736149905426550843e-01
1.363580786275508938e-01
9.654230593119844661e-02
5.435268655891119932e-02
1.005307292511939746e-02
-3.573957940655908549e-02
-8.269778821626895537e-02
-1.304053660932531500e-01
-1.781932227009225822e-01
-2.256257968574337247e-01
-2.721897796525092339e-01
-3.172163594865700653e-01
-3.602239525414586141e-01
-4.006860580097733049e-01
-4.380150346759581481e-01
-4.717604481119520021e-01
-5.014517668751149460e-01
-5.266397981139171458e-01
-5.470069402741377651e-01
-5.622892874549109132e-01
-5.723171294114391960e-01
-5.770720180599415716e-01
-5.766645889750058318e-01
-5.713129876354902104e-01
-5.613221627689312099e-01
-5.470643191055400978e-01
-5.289608096027379469e-01
-5.074657051581494827e-01
-4.830512095792460769e-01
-4.561915196583761212e-01
-4.273551133650271283e-01
-3.970009980769068636e-01
-3.655032653353526562e-01
-3.331469746479615579e-01
-3.002070439072756503e-01
-2.668912470018818817e-01
-2.333887116050233912e-01
-1.999320580444047257e-01
-1.666578192512943313e-01
-1.336942297759105558e-01
-1.012353834626986554e-01
-6.933909859680348342e-02
-3.806325946275312261e-02
-7.563192173154303227e-03
2.217634993306196595e-02
5.114159504664606698e-02
7.918126232649207175e-02
1.063560783312054309e-01
1.326689754922103504e-01
1.579566360806446967e-01
1.823123140120045393e-01
2.057249202791277265e-01
2.279826257847195337e-01
2.491754525956887401e-01
2.692498956039461877e-01
2.879410075803203184e-01
3.053328440270433597e-01
3.213255735815334080e-01
3.356110370714001645e-01
3.482654689682554427e-01
3.591414711925476344e-01
3.679041852299538840e-01
3.746218598880610706e-01
3.791015820827045579e-01
3.809988989403523263e-01
3.803957471020771863e-01
3.771138093300748784e-01
3.708710703757185367e-01
3.617969638143163635e-01
3.497488819490646161e-01
3.345270498057335007e-01
3.163270525503626418e-01
2.950975108839172245e-01
2.707851315060764708e-01
2.436954539393881292e-01
2.138975419571470526e-01
1.814740819418848294e-01
1.468048064923735685e-01
1.100604285692970558e-01
7.145730191529006681e-02
3.146208267885070020e-02
-9.633549599642852665e-03
-5.149154194750655417e-02
-9.359452071007864915e-02
-1.355826826863587575e-01
-1.770665729066528138e-01
-2.175448811448515429e-01
-2.566500859655487798e-01
-2.939957649560590025e-01
-3.291402814091339279e-01
-3.617671287563564708e-01
-3.915767152241984572e-01
-4.182664672493225377e-01
-4.415966963468501150e-01
-4.613067372908970509e-01
-4.771636162325944008e-01
-4.890417537278112237e-01
-4.969013784185894456e-01
-5.007807278767048009e-01
-5.007928309832173630e-01
-4.971132352175138269e-01
-4.899682328687085531e-01
-4.796237407871749014e-01
-4.663749718262582000e-01
-4.505370105904619726e-01
-4.324363755035690593e-01
-4.124036130355225316e-01
-3.907669360848713969e-01
-3.678468861030021464e-01
-3.439519743283905862e-01
-3.193752363791729776e-01
-2.943916219248228772e-01
-2.692561298131770364e-01
-2.442025934061317627e-01
-2.194430262969079559e-01
-1.951674409043589464e-01
-1.715440628824894120e-01
-1.487198664843493445e-01
-1.268213589477863446e-01
-1.059252198740358308e-01
-8.606713995125965522e-02
-6.728351627836423599e-02
-4.957865345754147723e-02
-3.294806887035436893e-02
-1.740474663439145128e-02
-2.931658833807883596e-03
1.046563169321058223e-02
2.275269908403623753e-02
3.393477613955705324e-02
4.399193368785506847e-02
5.287906124317593576e-02
6.059304246007812117e-02
6.710084985275945046e-02
7.235550008156230173e-02
7.635732456145702396e-02
7.908089403462585654e-02
8.050338488543658244e-02
8.065370275424081636e-02
7.954081398619160248e-02
7.718268833428280906e-02
7.364051610596782094e-02
6.897412707321803893e-02
6.327793491563872552e-02
5.667722251936956751e-02
4.929080945416877690e-02
4.125922466138368105e-02
3.273477251937174926e-02
2.385543346651232757e-02
1.474586272021344811e-02
5.518285611111215828e-03
-3.726698638222646250e-03
-1.289938548901243577e-02
-2.192029115861651375e-02
-3.071952653856680274e-02
-3.923620573677401996e-02
-4.741788631502713569e-02
-5.522003396742419107e-02
-6.260550682933177513e-02
-6.954011422577685564e-02
-7.599345399472259843e-02
-8.194371237926015294e-02
-8.732489758883420217e-02
-9.202815646024564700e-02
-9.596600232534641117e-02
-9.904612394001871545e-02
-1.012160639919962718e-01
-1.024888074304639712e-01
-1.028535075724467951e-01
-1.023387427362338759e-01
-1.010309670478798660e-01
-9.897681371724520449e-02
-9.626759667000810150e-02
-9.304160225859585409e-02
-8.937558102970764862e-02
-8.538156968735423347e-02
-8.119974788069130034e-02
-7.689562185299542163e-02
-7.257059412802333020e-02
-6.834626641566592109e-02
-6.426511526194214619e-02
-6.040218927922505476e-02
-5.684091116931713067e-02
-5.358450620141355647e-02
-5.067177498760436910e-02
-4.815159715743910079e-02
-4.600504919379879570e-02
-4.425590994877698359e-02
-4.293687851648395060e-02
-4.202096614678074715e-02
-4.152328686254462553e-02
-4.146255625447132359e-02
-4.180630491096822693e-02
-4.256212674426270576e-02
-4.373710375128531808e-02
-4.529624773736430632e-02
-4.723048729647743443e-02
-4.951332314764842618e-02
-5.208561161879723955e-02
-5.488472252475169733e-02
-5.780161700467000008e-02
-6.070538201914827542e-02
-6.348808745448665525e-02
-6.606238027248043099e-02
-6.835928147509078012e-02
-7.032616939829267055e-02
-7.192491903279622789e-02
-7.313017647591708859e-02
-7.392775156085197585e-02
-7.431311890103581286e-02
-7.429002631867717699e-02
-7.386921359384726604e-02
-7.306724573355909136e-02
-7.190545674932508069e-02
-7.040899759663318824e-02
-6.860596965251887502e-02
-6.648588944218902785e-02
-6.399709010492486694e-02
-6.109869988665612983e-02
-5.770606568783679530e-02
-5.371549512783566072e-02
-4.907523940454847078e-02
-4.368806555741115011e-02
-3.748090375642849220e-02
-3.047327589917668902e-02
-2.261647780681266817e-02
-1.390240371317639362e-02
-4.430240597016976006e-03
5.802781696359163820e-03
1.674388830222863986e-02
2.822280986511689974e-02
4.021067200427832361e-02
5.261261735570226666e-02
6.521304666216949653e-02
7.797634662333188804e-02
9.079011446644130734e-02
1.034259037499439399e-01
1.158752530981274620e-01
1.280410504985114994e-01
1.397094617070424316e-01
1.509205195470793848e-01
1.616113797180319389e-01
1.715944454285602827e-01
1.809543841139691633e-01
1.896470438520599378e-01
1.974965739038210544e-01
2.046118487295301713e-01
2.109422874269954729e-01
2.163016583921164304e-01
2.207900358543543051e-01
2.243142094286900978e-01
2.266510808269337207e-01
2.278732985970624014e-01
2.278568566162846865e-01
2.263791727995568825e-01
2.235069609538742341e-01
2.190999100178953052e-01
2.129549175092624869e-01
2.051513456159992921e-01
1.955793064457261310e-01
1.841130031777088172e-01
1.708868746317398490e-01
1.558585355815162443e-01
1.389954490491581429e-01
1.204882186433419156e-01
1.003804282061619285e-01
7.875911752335644500e-02
5.589239158087682541e-02
3.192211071129505418e-02
7.039827166264960370e-03
-1.843279301248917576e-02
-4.427551576467701755e-02
-7.022234587575064413e-02
-9.592531875100350491e-02
-1.210974364574451817e-01
-1.454014472323106322e-01
-1.684650994254835721e-01
-1.899559862163576751e-01
-2.095183890731266152e-01
-2.268224295740136343e-01
-2.416296974345398529e-01
-2.537838052179846038e-01
-2.632012946013355115e-01
-2.698628230550922935e-01
-2.738046142431539431e-01
-2.750952933284729340e-01
-2.738281284180416608e-01
-2.701331119461541364e-01
-2.641365361465446981e-01
-2.559702597106346955e-01
-2.458094158068699631e-01
-2.338398391708973179e-01
-2.202983470299793300e-01
-2.054682691254179350e-01
-1.896109997956073878e-01
-1.730158741274701317e-01
-1.559825896923553723e-01
-1.387624663772210054e-01
-1.216145667940335684e-01
-1.047816105155288252e-01
-8.844768793157167797e-02
-7.278390933364961568e-02
-5.792019911894968898e-02
-4.393706367793566436e-02
-3.090188828594437817e-02
-1.884150453503692646e-02
-7.752748482615654316e-03
2.365541098095803266e-03
1.152128189796636573e-02
1.973032324201453441e-02
2.701080747621728909e-02
3.338326092842696519e-02
3.888081651389817261e-02
4.354084526336846062e-02
4.739010507852952497e-02
5.048788158150722960e-02
5.292174066043729697e-02
5.477118826074445224e-02
5.614349044704188690e-02
5.713470179331418819e-02
5.780306660616648523e-02
5.824234496321893662e-02
5.852396357718676195e-02
5.866917939215579580e-02
5.875028106900661434e-02
5.881492387659774390e-02
5.885568192727037851e-02
5.893149777586700194e-02
5.906741025249211824e-02
5.922712546348038454e-02
5.945324777980385417e-02
5.974102932232028262e-02
6.002078631443118900e-02
6.031283739089264573e-02
6.057574799227192358e-02
6.070362876238327710e-02
6.067727068627670056e-02
6.039221997638883482e-02
5.969292585332169887e-02
5.852133256469411321e-02
5.674110080216308860e-02
5.419616885858899447e-02
5.083039612167303267e-02
4.651729351736685197e-02
4.113929309560807740e-02
3.467728856128204223e-02
2.707102666446337472e-02
1.830826525817684167e-02
8.469518838773790539e-03
-2.370326887016439323e-03
-1.406542338927629227e-02
-2.640570860691860561e-02
-3.917101681845282929e-02
-5.208363012835059980e-02
-6.485309496436006405e-02
-7.723427842987720671e-02
-8.902328733041406372e-02
-1.000537670095282966e-01
-1.101934938964640176e-01
-1.193411894462346606e-01
-1.274235110618590905e-01
-1.343921892812931784e-01
-1.402212988886928913e-01
-1.449046575223984501e-01
-1.484533473824022343e-01
-1.508933614344373508e-01
-1.522633771498124178e-01
-1.526126640930607903e-01
-1.519991323162709629e-01
-1.504875279939940080e-01
-1.481477784416776466e-01
-1.450534893448061913e-01
-1.412805877107830010e-01
-1.369061077577819474e-01
-1.320071153948216836e-01
-1.266597690326511927e-01
-1.209385146224380286e-01
-1.149154065516726914e-01
-1.086595462252205047e-01
-1.022366295530345165e-01
-9.570858996992474832e-02
-8.912079598513783507e-02
-8.249992395117836108e-02
-7.586964033003835983e-02
-6.919128764219739658e-02
-6.236815154950977463e-02
-5.532542416669396224e-02
-4.797046679680883746e-02
-4.024879528627506309e-02
-3.218569250576273910e-02
-2.378115847480552839e-02
-1.509454276790667994e-02
-6.262675344559129158e-03
2.614267046788080334e-03
1.136601193497556277e-02
1.977418120406382665e-02
2.768134658793005437e-02
3.487326764043732069e-02
4.112866032627248564e-02
4.630511994259852576e-02
5.022944736933760562e-02
5.276287258893573584e-02
5.385510935812796302e-02
5.347701252092176838e-02
5.168541686498880072e-02
4.861084923569097827e-02
4.440555268187947047e-02
3.928023823127940739e-02
3.346553386345718639e-02
2.716353637076329361e-02
2.055033140920960524e-02
1.386120304983179397e-02
7.408534252060343557e-03
1.479620274414924878e-03
-3.602582494021855548e-03
-7.528226613905699555e-03
-1.010433677409835682e-02
-1.109857788643905940e-02
-1.034804778903941798e-02
-7.861896994405672551e-03
-3.587396772579388559e-03
2.423124798465757079e-03
9.938987039561666265e-03
1.883732657058347776e-02
2.887869955380769141e-02
3.968345995566698037e-02
5.103878327517739205e-02
6.261909393627360099e-02
7.400445828609659993e-02
8.498383378759767626e-02
9.524690203655326870e-02
1.044401660915411367e-01
1.124441244332439610e-01
1.190530397841158411e-01
1.240518775751188602e-01
1.274605447805668978e-01
1.292164342977199787e-01
1.292533822202518445e-01
1.277249132508881668e-01
1.247039874256859193e-01
1.202503027576346112e-01
1.146249932283475714e-01
1.080051455288173340e-01
1.005280559444933774e-01
9.251660878303037683e-02
8.420176188382255678e-02
7.573855306154213263e-02
6.746267323002699823e-02
5.960857616289027411e-02
5.229603412583062882e-02
4.582817933513073233e-02
4.038762672152227534e-02
3.600578640427519461e-02
3.291940067243588619e-02
3.123117292399586742e-02
3.086649115877010408e-02
3.199318404722701487e-02
3.463105858873927884e-02
3.860165680194450194e-02
4.401470154103014065e-02
5.081924494151252025e-02
5.875692386836642994e-02
6.790620314130992041e-02
7.816178545807526967e-02
8.920054191309878533e-02
1.010800140321166385e-01
1.136464283131681241e-01
1.265240248929453137e-01
1.397570218476743287e-01
1.531512409302419886e-01
1.662979774447388148e-01
1.792408020064195084e-01
1.917604898503950939e-01
2.034425572120794612e-01
2.143426648982141858e-01
2.242294923658329220e-01
2.327047900240137857e-01
2.398484336856530341e-01
2.454417708956057043e-01
2.491349708300333310e-01
2.510454736086454863e-01
2.509852705927201888e-01
2.486731655426746013e-01
2.442807468751840294e-01
2.376922449644281454e-01
2.287395214942499200e-01
2.176763983407684622e-01
2.044848917057410231e-01
1.891188526516901780e-01
1.719126730653967594e-01
1.529534481189768202e-01
1.323184450988555694e-01
1.104157305877573464e-01
8.741910865672983255e-02
6.348558048227774531e-02
3.904731708728931272e-02
1.431822650650402262e-02
-1.051397160395738280e-02
-3.503818597571149718e-02
-5.904906634250608327e-02
-8.238019413933703183e-02
-1.046906296223392985e-01
-1.258338785243260094e-01
-1.457078497347585877e-01
-1.640731015888053923e-01
-1.808672357357982152e-01
-1.960682605210611884e-01
-2.095438383718062070e-01
-2.213140948079343751e-01
-2.314264068869054114e-01
-2.398350743242737837e-01
-2.466136726064490914e-01
-2.518430832121524299e-01
-2.555269211847253641e-01
-2.577605616691973078e-01
-2.586339551217040067e-01
-2.581753599313450498e-01
-2.564791075721854496e-01
-2.536280798211665855e-01
-2.496618831569297481e-01
-2.446582190099494680e-01
-2.386722466422394051e-01
-2.317390561538678895e-01
-2.239184237805687261e-01
-2.152490823514808804e-01
-2.057637784949507553e-01
-1.955240089901947864e-01
-1.846133204301428909e-01
-1.731314224321576223e-01
-1.611890700539557186e-01
-1.489036687396043668e-01
-1.363955469781971686e-01
-1.237848466606134845e-01
-1.111889713911048128e-01
-9.872053740606420713e-02
-8.648575973494926350e-02
-7.458322370230421883e-02
-6.310299338415097103e-02
-5.212601190529463774e-02
-4.172376029426366761e-02
-3.191191497513469477e-02
-2.264402769943945140e-02
-1.387035448795422184e-02
-5.447806541213623746e-03
2.838813258845441102e-03
1.114933310190918334e-02
1.973924169049161639e-02
2.887087170775857331e-02
3.866173809536501554e-02
4.937908762447369704e-02
6.127175917679667655e-02
7.436710728511908286e-02
8.889903876892388257e-02
1.050242766151271157e-01
1.225977815618279898e-01
1.417621070551867701e-01
1.625261976783678453e-01
1.845467967759848171e-01
2.078499385758912910e-01
2.322466185312578868e-01
2.571761098700396375e-01
2.825486820226539852e-01
3.080140031148085877e-01
3.328890715148293822e-01
3.570459302370634358e-01
3.800427829155357262e-01
4.011603054734732554e-01
4.202986903728019863e-01
4.370252831471299615e-01
4.507090987933802806e-01
4.613575540307654488e-01
4.686141079429684275e-01
4.719821855228883423e-01
4.715870535181341250e-01
4.671841977751877151e-01
4.584516558814497600e-01
4.456459262075578853e-01
4.286499827695806619e-01
4.073119636622151707e-01
3.819960562836436924e-01
3.527106547270256742e-01
3.194732371023115136e-01
2.827412143551468748e-01
2.426361807344828703e-01
1.993200158415815437e-01
1.533172647638822716e-01
1.048604010007121584e-01
5.425106779666531709e-02
2.078012577130296853e-03
-5.130583580102048707e-02
-1.054634084472731159e-01
-1.597493091917299712e-01
-2.136932884354439122e-01
-2.667376838726154831e-01
-3.181924328981861616e-01
-3.674893894664352789e-01
-4.139997524442114440e-01
-4.570566487939686784e-01
-4.960735078950971322e-01
-5.304326423918248601e-01
-5.595780738692737177e-01
-5.831371281384564176e-01
-6.009019323182112071e-01
-6.128092176546675596e-01
-6.189234327091962529e-01
-6.194219142501207198e-01
-6.145232002837591745e-01
-6.044714472193329913e-01
-5.895899123318562030e-01
-5.702393590089258613e-01
-5.468509869890277875e-01
-5.199396786223988709e-01
-4.899948439178749005e-01
-4.575349620764499470e-01
-4.231160174631477533e-01
-3.872101829289329999e-01
-3.502858300884660325e-01
-3.128196655611569232e-01
-2.751719192494727628e-01
-2.376937517131212374e-01
-2.007431185188708889e-01
-1.645433162615107803e-01
-1.293105335173938830e-01
-9.527770222800269195e-02
-6.253726716139854092e-02
-3.119548003837654265e-02
-1.400893604976879633e-03
2.683732479070296065e-02
5.347106185820309221e-02
7.839092792641055851e-02
1.016371285574820815e-01
1.231925007458979787e-01
1.429634307005626659e-01
1.610144774453559080e-01
1.773341646341684286e-01
1.918292273439665963e-01
2.045842873919337390e-01
2.156040323531440150e-01
2.248166817919390326e-01
2.323383316233935958e-01
2.381852174091919072e-01
2.422930727080843949e-01
2.447992021037055654e-01
2.457394563122782261e-01
2.450749977417005787e-01
2.429750493429555513e-01
2.394925813479203136e-01
2.345998126748987389e-01
2.284796343173423894e-01
2.211941897668254775e-01
2.127311746166476170e-01
2.032882873471246188e-01
1.929266476737413194e-01
1.816283439345625916e-01
1.695788218742324549e-01
1.568200149879634964e-01
1.433229326431010586e-01
1.292591360082378793e-01
1.146563110853384831e-01
9.948257961586542963e-02
8.389423250261016096e-02
6.790214469331538882e-02
5.147414412728429367e-02
3.475249732984028728e-02
1.774036876029732451e-02
4.177878448269466572e-04
-1.708202278035697921e-02
-3.475830702509004333e-02
-5.261724998504218459e-02
-7.053837011605963714e-02
-8.851612388640371643e-02
-1.065279725215485113e-01
-1.244485763678433998e-01
-1.422433136753911975e-01
-1.598441126408789437e-01
-1.770977585696864309e-01
-1.938873002206239204e-01
-2.100370674824598993e-01
-2.253033490735961153e-01
-2.394498998169965198e-01
-2.522116001726807943e-01
-2.632490490733930266e-01
-2.722072201512584222e-01
-2.787991806426868280e-01
-2.826070055499519396e-01
-2.831141977692263056e-01
-2.799485508124155420e-01
-2.725870726320872572e-01
-2.605336178839238181e-01
-2.436537734754569140e-01
-2.216335593606688914e-01
-1.943172590002592015e-01
-1.620668450332403143e-01
-1.249577711312483130e-01
-8.331478462118491191e-02
-3.801769510461067841e-02
1.051705274661239933e-02
6.158040469989401605e-02
1.139829129784418194e-01
1.672040487261358954e-01
2.204292169106318866e-01
2.724856985783069563e-01
3.230114624810092039e-01
3.713165228163695097e-01
4.164341767777949288e-01
4.582564866452606411e-01
4.962948318052964325e-01
5.298408702076362609e-01
5.590267610488933725e-01
5.835404671335229221e-01
6.028864060351153409e-01
6.173703324939715520e-01
6.268232347595745768e-01
6.309262803339416026e-01
6.300986413090869931e-01
6.242631447985484971e-01
6.132283279187705771e-01
5.974830609961250261e-01
5.770328170015698310e-01
5.518143293160365781e-01
5.223831475062813423e-01
4.888284638411611316e-01
4.511981421575330664e-01
4.100886304027243079e-01
3.656678003281303990e-01
3.181010156659271892e-01
2.680372195079152586e-01
2.157422327285375696e-01
1.615017553761185498e-01
1.060030073526079808e-01
4.958913397044711902e-02
-7.368254349355183100e-03
-6.418246932203357236e-02
-1.204671074621392474e-01
-1.758030265447329543e-01
-2.295453759516788705e-01
-2.813159950235909479e-01
-3.307188017324588780e-01
-3.772189195820835339e-01
-4.205056548696896601e-01
-4.602579865194327824e-01
-4.960827287433580146e-01
-5.277635394102789812e-01
-5.550856157286818693e-01
-5.778104815112996562e-01
-5.957838197933650326e-01
-6.088180952826771630e-01
-6.167596826412879985e-01
-6.195922322619874523e-01
-6.173901032971390590e-01
-6.102996615570399630e-01
-5.985482049447462538e-01
-5.824462939403034500e-01
-5.622741591030504527e-01
-5.382625639125961925e-01
-5.106983509910310026e-01
-4.798384379409846856e-01
-4.459794535371486290e-01
-4.095434625765419501e-01
-3.708614639433891469e-01
-3.302922769836867389e-01
-2.883210863485438646e-01
-2.452656932643153820e-01
-2.014670108884178135e-01
-1.573974316922675531e-01
-1.132947042053631809e-01
-6.943466653303556613e-02
-2.623689041920078749e-02
1.616614842234289848e-02
5.756539194521623215e-02
9.758728077601037942e-02
1.361879727025686604e-01
1.732006622955919728e-01
2.082752650544072159e-01
2.414210561416169076e-01
2.724748622250016128e-01
3.010891565787653379e-01
3.273117594427042976e-01
3.509904337520525219e-01
3.718069642047686640e-01
3.898627340102179262e-01
4.050325747038160951e-01
4.170450817180784142e-01
4.260744955223897401e-01
4.320707459965735242e-01
4.348628063627704154e-01
4.347326780892143416e-01
4.317255142199648010e-01
4.257677245390568688e-01
4.172404444972609427e-01
4.062865957560801711e-01
3.929279003563356243e-01
3.776306018109411022e-01
3.605972871872102914e-01
3.418805015218449039e-01
3.219649382743998700e-01
3.010543323588877329e-01
2.791850952822371168e-01
2.568118210689013248e-01
2.340769691494273275e-01
2.109409523359657146e-01
1.877742373020463151e-01
1.646225876113417697e-01
1.413649788637953708e-01
1.182938180411697293e-01
9.537957803030550075e-02
7.245293408889028064e-02
4.975545323146059185e-02
2.722260098062338068e-02
4.690273332503365131e-03
-1.759670432854652453e-02
-3.967216986620708541e-02
-6.163813660528691396e-02
-8.320824114022343232e-02
-1.043577547266579114e-01
-1.251216339012186374e-01
-1.451805668687847217e-01
-1.644621598160814213e-01
-1.829539338396930503e-01
-2.003324972424206374e-01
-2.165232018050482210e-01
-2.315277726965794258e-01
-2.450828398325085589e-01
-2.571721086015180124e-01
-2.678604775195488341e-01
-2.769889094930960138e-01
-2.846413208800063210e-01
-2.909703034922392351e-01
-2.959287400201809914e-01
-2.996835362495280375e-01
-3.024352625570552178e-01
-3.042055817735839218e-01
-3.051948754280279785e-01
-3.055987907492212496e-01
-3.054538707098088390e-01
-3.049265985478211705e-01
-3.041399436234568099e-01
-3.030855193670752845e-01
-3.018477002455759450e-01
-3.004552859475424498e-01
-2.988406796784673913e-01
-2.969777124541781999e-01
-2.947697278729436432e-01
-2.920670569741728451e-01
-2.887403630111010644e-01
-2.846155811392240276e-01
-2.795241698511131134e-01
-2.733678774659662469e-01
-2.661070522501696178e-01
-2.577502225333196395e-01
-2.483448166545652036e-01
-2.379689192478652293e-01
-2.266711036531784962e-01
-2.144596368197103087e-01
-2.013651359613008729e-01
-1.874069865601308005e-01
-1.726302737743707072e-01
-1.571475592693063195e-01
-1.410433789981731245e-01
-1.244390924401544279e-01
-1.075227627203608205e-01
-9.042359380268129299e-02
-7.330543708832724936e-02
-5.638646111422650209e-02
-3.980370549038443617e-02
-2.373163923935796282e-02
-8.381243336194171487e-03
6.139195070361752084e-03
1.968440457374656324e-02
3.208533810663189573e-02
4.328238126741653508e-02
5.317347093780117051e-02
6.164025170582134588e-02
6.867927339132189057e-02
7.425096318167798137e-02
7.831049627391327428e-02
8.092476111030959263e-02
8.211859062279450172e-02
8.190644853176139162e-02
8.040469712333879471e-02
7.768506672914116118e-02
7.380547746657273311e-02
6.891645478605767927e-02
6.311660575019950592e-02
5.647899778698253770e-02
4.915846395321599172e-02
4.125373165423165678e-02
3.283276890555249239e-02
2.404006771263544201e-02
1.496197044313296934e-02
5.651685459720285319e-03
-3.765887363627138697e-03
-1.322671688339958213e-02
-2.269997946826523422e-02
-3.208330254698200934e-02
-4.133094186399908360e-02
-5.042607104725334993e-02
-5.928208838636372241e-02
-6.786810048016013452e-02
