-3.769999999999999914e-03 -1.130973000000000006e+00 0.000000000000000000e+00 -1.452767502756259249e-04 -1.438382961145237603e-07 -7.191911209770582436e-11 0.000000000000000000e+00 0.000000000000000000e+00 0.000000000000000000e+00 -1.452767502756259249e-04 -1.438382961145237603e-07 -7.191911209770582436e-11
-3.769999999999999914e-03 -1.507964000000000082e+00 0.000000000000000000e+00 -2.811799557297172086e-04 -7.767461445059617279e-05 -1.100493943237418207e-03 7.700000000000000139e-05 7.654199999999999893e-02 7.654187500000000455e+01 -1.359030616157591966e-04 -7.753077608256253833e-05 -1.100493871318306048e-03
-3.769999999999999914e-03 -1.130973000000000006e+00 0.000000000000000000e+00 -4.089075856326285664e-04 -3.059816267898625626e-04 -6.361740673383613903e-03 3.060000000000000111e-04 2.296259999999999968e-01 1.530837510000000066e+02 -1.276494050414891696e-04 -2.272065183960289634e-04 -5.261246730146195913e-03
-3.769999999999999914e-03 0.000000000000000000e+00 0.000000000000000000e+00 -5.297182231383928399e-04 -7.630535194658113769e-04 -2.044680254109978654e-02 7.649999999999999465e-04 4.592510000000000203e-01 2.296256260000000111e+02 -1.205014750086376793e-04 -4.507101520025652650e-04 -1.408506186771617263e-02
-3.769999999999999914e-03 0.000000000000000000e+00 0.000000000000000000e+00 -6.449465533415062700e-04 -1.537899826720885666e-03 -4.931370431502192508e-02 1.531000000000000026e-03 7.654189999999999605e-01 3.061675020000000131e+02 -1.144550532823770738e-04 -7.543995047139744970e-04 -2.886690177392213855e-02
-3.769999999999999914e-03 0.000000000000000000e+00 0.000000000000000000e+00 -7.560295754571224594e-04 -2.735091996371376288e-03 -9.992981189470323544e-02 2.678999999999999958e-03 1.148128000000000037e+00 3.827093770000000177e+02 -1.095204654367378384e-04 -1.147878465335468905e-03 -5.061610757968130342e-02
-3.141999999999999828e-03 1.884959999999999969e-01 0.000000000000000000e+00 -8.424878894964635181e-04 -4.134851550721441692e-03 -1.632843318009773448e-01 4.285999999999999879e-03 1.607378999999999891e+00 4.592512530000000197e+02 -8.367325713702232406e-05 -1.299829742455361906e-03 -6.335451990627410934e-02
-1.884999999999999957e-03 6.283189999999999609e-01 2.637600000000000389e+00 -8.836039364794141468e-04 -5.103002069842675625e-03 -2.053581398030304428e-01 6.429999999999999952e-03 2.143172999999999995e+00 5.357931280000000243e+02 -3.689955326632865935e-05 -8.048661873202572889e-04 -4.207380800205309801e-02
6.279999999999999775e-04 1.445133000000000001e+00 7.747666080000000122e+00 -8.335528003710698667e-04 -3.691294933705983536e-03 -1.167147201754721031e-01 9.185000000000000456e-03 2.755507999999999846e+00 6.123350040000000263e+02 5.525681724808847171e-05 1.617065275939722239e-03 8.864341962755833970e-02
5.027000000000000218e-03 2.701769999999999783e+00 1.779378799766400121e+01 -6.152040305724983636e-04 4.564604829839486941e-03 3.564518920995337625e-01 1.262899999999999960e-02 3.444383999999999890e+00 6.888768790000000308e+02 2.220984220923652105e-04 8.372614483720942219e-03 4.731666122750058934e-01
1.068099999999999952e-02 4.209734000000000087e+00 3.508360869067796983e+01 -1.591962939243239108e-04 2.602684940327303770e-02 1.570239650738574078e+00 1.683899999999999980e-02 4.209802999999999962e+00 7.654187540000000354e+02 4.512649058722852189e-04 2.110579268133401867e-02 1.213787758639040426e+00
1.507999999999999965e-02 4.900883999999999574e+00 5.645968898561025640e+01 5.187618137008772560e-04 6.407967421414856313e-02 3.684194483847882395e+00 2.189100000000000074e-02 5.051764000000000365e+00 8.419606300000000374e+02 6.511461383965587695e-04 3.648258516013695024e-02 2.113954833109308318e+00
1.696500000000000091e-02 4.021238999999999564e+00 7.104507376910704863e+01 1.346011640919321127e-03 1.172338448802670990e-01 6.550514993175990064e+00 2.786100000000000035e-02 5.970265999999999629e+00 9.185025050000000419e+02 7.613280557623713094e-04 4.946997618227065574e-02 2.866320509328107669e+00
2.010599999999999887e-02 3.015928999999999860e+00 7.389814615576376866e+01 2.418238051759735024e-03 1.934266476888427677e-01 1.056224559019800324e+01 3.482699999999999685e-02 6.965310999999999808e+00 9.950443810000000440e+02 9.517173084635588767e-04 6.964228781539966162e-02 4.011730597022013178e+00
2.513299999999999909e-02 3.330087999999999937e+00 8.154486198536687880e+01 3.891005576589356453e-03 3.062843488248512269e-01 1.639567261471727733e+01 4.286299999999999832e-02 8.036896999999999736e+00 1.071586256000000049e+03 1.274059754345679583e-03 1.022954555458104597e-01 5.833427024519274084e+00
3.015899999999999831e-02 4.461060999999999943e+00 9.631148644485526233e+01 5.841740227514245938e-03 4.636401540543449995e-01 2.432812659693349389e+01 5.204799999999999705e-02 9.185024999999999551e+00 1.148128132000000051e+03 1.636252465792679099e-03 1.409601326147764677e-01 7.932453982216216559e+00
3.644200000000000217e-02 5.403539000000000314e+00 1.097834051937059883e+02 8.437578874441509919e-03 6.802862300942630336e-01 3.498460788764489848e+01 6.245799999999999963e-02 1.040969499999999925e+01 1.224670006999999941e+03 2.120034429574451339e-03 1.923179494429845537e-01 1.065648129071140104e+01
4.461099999999999788e-02 6.471681000000000239e+00 1.272653185158120550e+02 1.191826104987772986e-02 9.770560571172969277e-01 4.924687270579278220e+01 7.416899999999999882e-02 1.171090700000000062e+01 1.301211882999999943e+03 2.782903641398133589e-03 2.617852191353889912e-01 1.426226481814788016e+01
5.403499999999999970e-02 7.979644999999999655e+00 1.510850027008253562e+02 1.649955284146254961e-02 1.371234527537180004e+00 6.770810377740951935e+01 8.725800000000000223e-02 1.308866100000000010e+01 1.377753758000000062e+03 3.579612298114626546e-03 3.449315977140904321e-01 1.846123107161673715e+01
6.471699999999999675e-02 9.424777999999999878e+00 1.781119488233944139e+02 2.239815402074388576e-02 1.878258135519476513e+00 9.079921227259269756e+01 1.018010000000000026e-01 1.454295600000000022e+01 1.454295634000000064e+03 4.493512599855452490e-03 4.393155042048870751e-01 2.309110849518317465e+01
7.791099999999999415e-02 1.105840599999999974e+01 2.080528079935510561e+02 2.994648200758100176e-02 2.522924343516320889e+00 1.193918388828465140e+02 1.178740000000000065e-01 1.607379399999999947e+01 1.530837508999999955e+03 5.624670245181347464e-03 5.538669957242516872e-01 2.859262661025382002e+01
9.173499999999999710e-02 1.262920199999999937e+01 2.458737938199254245e+02 3.926108697208827852e-02 3.306368934393149495e+00 1.530758173035785603e+02 1.355560000000000098e-01 1.768117300000000114e+01 1.607379384000000073e+03 6.731984701549527557e-03 6.640527519939819490e-01 3.368397842073204629e+01
1.080710000000000004e-01 1.438849399999999967e+01 2.830388505626735878e+02 5.062524514239758605e-02 4.244990322673272587e+00 1.922573842935982498e+02 1.548879999999999979e-01 1.933268800000000098e+01 1.651515151999999944e+03 7.981251327264370088e-03 7.855455709765445382e-01 3.918156699001968946e+01
1.256639999999999979e-01 1.595928999999999931e+01 3.273356407284936722e+02 6.412982607941793145e-02 5.334713295132906374e+00 2.363166290495904036e+02 1.758730000000000016e-01 2.098420399999999830e+01 1.651515151999999944e+03 9.163461922200277429e-03 8.974655881660357215e-01 4.405924475599216095e+01
1.470269999999999910e-01 1.834690099999999902e+01 3.728792137933048139e+02 8.015045711724995414e-02 6.599128962357078798e+00 2.860516607632424098e+02 1.985079999999999900e-01 2.263571900000000170e+01 1.651515151999999944e+03 1.056775942817432187e-02 1.028099038174582036e+00 4.973503171365199194e+01
1.677609999999999935e-01 2.004336100000000087e+01 4.299580797762953921e+02 9.841170630273483877e-02 7.997246968502556896e+00 3.391309964049986547e+02 2.227959999999999940e-01 2.428723400000000154e+01 1.651515151999999944e+03 1.151909439274619029e-02 1.112066345382235477e+00 5.307933564175625207e+01
1.910090000000000121e-01 2.167698899999999895e+01 4.791645898652462847e+02 1.190372126488682958e-01 9.529459039850015856e+00 3.953950989151941826e+02 2.487340000000000106e-01 2.593874900000000139e+01 1.651515151999999944e+03 1.245869387942840321e-02 1.193081074942459852e+00 5.626410251019550657e+01
2.167699999999999905e-01 2.324778500000000037e+01 5.339650180714260159e+02 1.421278015428378561e-01 1.119432993892880290e+01 4.546293943563142079e+02 2.763249999999999873e-01 2.759026400000000123e+01 1.651515151999999944e+03 1.336343230466193778e-02 1.269475800163591517e+00 5.923429544112003242e+01
2.450440000000000118e-01 2.576105899999999949e+01 5.937893675093347383e+02 1.677646793691354998e-01 1.298907956120832807e+01 5.165883501597371605e+02 3.055660000000000043e-01 2.924177900000000108e+01 1.651515151999999944e+03 1.421523319019069899e-02 1.340120227923210949e+00 6.195895580342293840e+01
2.752040000000000042e-01 2.808583799999999897e+01 6.580849406374300088e+02 1.959138684769401451e-01 1.490074079991348732e+01 5.805883079201605597e+02 3.364599999999999813e-01 3.089329400000000092e+01 1.651515151999999944e+03 1.490181537151647091e-02 1.395072888545422884e+00 6.399995776042340623e+01
3.066189999999999749e-01 2.997079300000000046e+01 7.236800226271623160e+02 2.264313862290257828e-01 1.690736080646485817e+01 6.455888700800506967e+02 3.690039999999999987e-01 3.254480999999999824e+01 1.651515151999999944e+03 1.532648279821204745e-02 1.426031698631210709e+00 6.500056215989017971e+01
3.405489999999999906e-01 3.179291699999999921e+01 7.875709436024765182e+02 2.593797900631347741e-01 1.900783515148414438e+01 7.115614462948253731e+02 4.032009999999999761e-01 3.419632500000000164e+01 1.651515151999999944e+03 1.571824859260409837e-02 1.454885474939236589e+00 6.597257621477461953e+01
3.763630000000000031e-01 3.374070499999999839e+01 8.548836113561412731e+02 2.947144953202809892e-01 2.119147264742237979e+01 7.780430834484560592e+02 4.390490000000000226e-01 3.584783999999999793e+01 1.651515151999999944e+03 1.597108938251469087e-02 1.472076049643407769e+00 6.648163715363072868e+01
4.134340000000000237e-01 3.562566000000000344e+01 9.224798078768908454e+02 3.322904805846322862e-01 2.343912332991956760e+01 8.442100025528449123e+02 4.765480000000000271e-01 3.749935500000000133e+01 1.651515151999999944e+03 1.599549107520467639e-02 1.469607599048730728e+00 6.616691910438886737e+01
4.530179999999999763e-01 3.744778399999999863e+01 9.874252174133121116e+02 3.721817595384233068e-01 2.575283904406737534e+01 9.102256351125757874e+02 5.156990000000000185e-01 3.915086999999999762e+01 1.651515151999999944e+03 1.603005062259506633e-02 1.469505711594961017e+00 6.601563255973084665e+01
4.938580000000000192e-01 3.920707600000000070e+01 1.054881316464412066e+03 4.142496624204639599e-01 2.811507395628194317e+01 9.753560720645963329e+02 5.565010000000000234e-01 4.080238500000000101e+01 1.651515151999999944e+03 1.585995102041697427e-02 1.452009277101993900e+00 6.513043695202050287e+01
5.378410000000000135e-01 4.140619000000000227e+01 1.119134748043295986e+03 4.586814433894242371e-01 3.053892001273940338e+01 1.040265636013140465e+03 5.989550000000000152e-01 4.245390100000000189e+01 1.651515151999999944e+03 1.582902897664607150e-02 1.448489984392866248e+00 6.490956394854410405e+01
5.830800000000000427e-01 4.341680999999999813e+01 1.188033207785665127e+03 5.053344701634289171e-01 3.300653682636556141e+01 1.104192305751721278e+03 6.430599999999999650e-01 4.410541599999999818e+01 1.651515151999999944e+03 1.559397394325874250e-02 1.427351177613018995e+00 6.392666973858086976e+01
6.295749999999999957e-01 4.523893300000000295e+01 1.253083220470791730e+03 5.540766168616332310e-01 3.550173939071859763e+01 1.166474573993777994e+03 6.888170000000000126e-01 4.575693100000000157e+01 1.651515151999999944e+03 1.518351371896289013e-02 1.391010258601313554e+00 6.228226824205679435e+01
6.792120000000000379e-01 4.706105699999999814e+01 1.314242482868833577e+03 6.051019881450505622e-01 3.803885998715603023e+01 1.227839341105646781e+03 7.362260000000000471e-01 4.740844599999999787e+01 1.651515151999999944e+03 1.494039460570185419e-02 1.370646022443654077e+00 6.136476711186872990e+01
7.282210000000000072e-01 4.850618999999999659e+01 1.379408771094943859e+03 6.579532541988841743e-01 4.057161291047075480e+01 1.286260693498460569e+03 7.852860000000000396e-01 4.905996100000000126e+01 1.651515151999999944e+03 1.419848639612475427e-02 1.304913582209073830e+00 5.842135239281381587e+01
7.803719999999999546e-01 5.013981799999999822e+01 1.432233965188888760e+03 7.128439246566691256e-01 4.311736800895678812e+01 1.342648585431463289e+03 8.359969999999999901e-01 5.071147599999999755e+01 1.651515151999999944e+03 1.367592720056502210e-02 1.259494404987567373e+00 5.638789193300274860e+01
8.344070000000000098e-01 5.177344599999999986e+01 1.489070664983403049e+03 7.697558663077624930e-01 4.567133795307350397e+01 1.396877059201209477e+03 8.883600000000000385e-01 5.236299100000000095e+01 1.651515151999999944e+03 1.312324934942077533e-02 1.211321358685251814e+00 5.422847376974616651e+01
8.896990000000000176e-01 5.384689699999999846e+01 1.544155865997317505e+03 8.285640253085551077e-01 4.821901332389158057e+01 1.448388815326520216e+03 9.423749999999999627e-01 5.401450700000000182e+01 1.651515151999999944e+03 1.243838251811850253e-02 1.150798311616869629e+00 5.151175612531066861e+01
9.481330000000000036e-01 5.585751599999999684e+01 1.594729900313207736e+03 8.894707550946817642e-01 5.077687258717764962e+01 1.498037910309945801e+03 9.980409999999999560e-01 5.566602199999999812e+01 1.651515151999999944e+03 1.196352205457189115e-02 1.109470447959548745e+00 4.964909498342569094e+01
1.007195000000000062e+00 5.767963999999999913e+01 1.648768026988828524e+03 9.522324854433716901e-01 5.331929055502450865e+01 1.544756114918104686e+03 1.055358000000000018e+00 5.731753700000000151e+01 1.651515151999999944e+03 1.123583880635728102e-02 1.044380057536911544e+00 4.671820460815885667e+01
1.067512999999999934e+00 5.925043600000000055e+01 1.695276640350559774e+03 1.016730432284564500e+00 5.583343234569516511e+01 1.588097076709824705e+03 1.114327000000000067e+00 5.896905199999999780e+01 1.651515151999999944e+03 1.040627822870919192e-02 9.693856757525558532e-01 4.334096179172006202e+01
1.130344999999999933e+00 6.069556899999999899e+01 1.737149775021113783e+03 1.083068769299832868e+00 5.832797300309200494e+01 1.628597738014506149e+03 1.174948000000000103e+00 6.062056700000000120e+01 1.651515151999999944e+03 9.710856131218255360e-03 9.064435806870164702e-01 4.050066130468150760e+01
1.194433999999999996e+00 6.245486100000000107e+01 1.779773292556346860e+03 1.151127313467373403e+00 6.079038668523686795e+01 1.665825026290381174e+03 1.237219999999999986e+00 6.227208199999999749e+01 1.651515151999999944e+03 8.916272295441394699e-03 8.338159441303598651e-01 3.722728827587494749e+01
1.261663999999999897e+00 6.465397600000000011e+01 1.817643751210729306e+03 1.221117487591580453e+00 6.323994364197799456e+01 1.700786245468791094e+03 1.301144000000000078e+00 6.392359700000000089e+01 1.651515151999999944e+03 8.366874925825096981e-03 7.837319304507480711e-01 3.496121917840996218e+01
1.329522000000000093e+00 6.647609900000000493e+01 1.858800078590763405e+03 1.292801562907799129e+00 6.565307011103942614e+01 1.732533122455311513e+03 1.366719000000000017e+00 6.557511300000000176e+01 1.651515151999999944e+03 7.593738551506360596e-03 7.123402235926322712e-01 3.174687698652039813e+01
1.399264999999999981e+00 6.823539100000000701e+01 1.892317665997914446e+03 1.366177343143532896e+00 6.802957727955164557e+01 1.761204759030808418e+03 1.433945000000000025e+00 6.722662800000000516e+01 1.651515151999999944e+03 6.856443563466807327e-03 6.439740460569065572e-01 2.867163657549679812e+01
1.470893999999999924e+00 6.974335600000000568e+01 1.923793463963444538e+03 1.441243410944990533e+00 7.036955818503572857e+01 1.786947267371344878e+03 1.502823999999999938e+00 6.887814299999999434e+01 1.651515151999999944e+03 6.155888142390648736e-03 5.787761464532785727e-01 2.574250834053636083e+01
1.543779000000000012e+00 7.143981599999999332e+01 1.953221981502397284e+03 1.517890632613666080e+00 7.266315597808987548e+01 1.809458514288814740e+03 1.573353000000000002e+00 7.052965799999999774e+01 1.651515151999999944e+03 5.384189849954270322e-03 5.066505256827982251e-01 2.251124691746982265e+01
1.617291999999999952e+00 7.269645300000000532e+01 1.977956455666702823e+03 1.595912104211256510e+00 7.489197798978067055e+01 1.828072342309626492e+03 1.645534000000000052e+00 7.218117300000000114e+01 1.651515151999999944e+03 4.453586362356089408e-03 4.193634974019797013e-01 1.861382802081166687e+01
1.694574999999999942e+00 7.445574499999999318e+01 1.995537044267349756e+03 1.675663188798796499e+00 7.709172264785252082e+01 1.844552832404848687e+03 1.719367000000000090e+00 7.383268800000000454e+01 1.651515151999999944e+03 3.945070426604410825e-03 3.716723157622218721e-01 1.648049009522216579e+01
1.771857999999999933e+00 7.615220499999999504e+01 2.019515541966033652e+03 1.756818442033416083e+00 7.923233134580716808e+01 1.857667757348160421e+03 1.794850999999999974e+00 7.548420400000000541e+01 1.651515151999999944e+03 3.141254170564568120e-03 2.960558655498062852e-01 1.311492494331168501e+01
1.851655000000000051e+00 7.803716000000000008e+01 2.033573364526540900e+03 1.839517505989894053e+00 8.132925300636240706e+01 1.868256788683554305e+03 1.871987000000000068e+00 7.713571899999999459e+01 1.651515151999999944e+03 2.537898731996610265e-03 2.392539032070829241e-01 1.058903133539388897e+01
1.932708000000000093e+00 7.941946099999999831e+01 2.048805509602405891e+03 1.923672055478339527e+00 8.337582424089545441e+01 1.876142046484136699e+03 1.950774000000000008e+00 7.878723399999999799e+01 1.651515151999999944e+03 1.891168087741113566e-03 1.783144458494964335e-01 7.885257800582322396e+00
2.015645999999999827e+00 8.124158500000000060e+01 2.059793942833388428e+03 2.009312567092460533e+00 8.537706102536139952e+01 1.881669572623390877e+03 2.031213000000000157e+00 8.043874900000000139e+01 1.651515151999999944e+03 1.326616349983482162e-03 1.250947379818163618e-01 5.527526139254170801e+00
2.101097000000000214e+00 8.312654000000000565e+01 2.069388935510611191e+03 2.096577720764346786e+00 8.734805547974271178e+01 1.885613772054615310e+03 2.113303000000000154e+00 8.209026400000000478e+01 1.651515151999999944e+03 9.472578602132427196e-04 8.932488175792017981e-02 3.944199431224324925e+00
2.187177000000000149e+00 8.488583199999999351e+01 2.080271395098058747e+03 2.185268776533755286e+00 8.927140603130914087e+01 1.887279021058527405e+03 2.197045000000000137e+00 8.374177899999999397e+01 1.651515151999999944e+03 4.001934036390075483e-04 3.773677951181834966e-02 1.665249003912162795e+00
2.275141000000000080e+00 8.645662799999999493e+01 2.084405567250844797e+03 2.275424367310812546e+00 9.115307898242696183e+01 1.887031772260841080e+03 2.282437999999999967e+00 8.539329399999999737e+01 1.651515151999999944e+03 -5.945476478109898807e-05 -5.606069940704616617e-03 -2.472487976864033710e-01
2.363734000000000002e+00 8.758760200000000395e+01 2.087449985692011069e+03 2.366864003071965872e+00 9.297816968860489339e+01 1.884301233090599908e+03 2.369482999999999784e+00 8.704480999999999824e+01 1.651515151999999944e+03 -6.569591074041866013e-04 -6.194106608291347765e-02 -2.730539170241139235e+00
2.454839999999999911e+00 8.915839800000000537e+01 2.084186249086800217e+03 2.459752865879817119e+00 9.476522840923180979e+01 1.880016227716748972e+03 2.458178999999999892e+00 8.869632500000000164e+01 1.651515151999999944e+03 -1.031457497299038484e-03 -9.724251246367641988e-02 -4.285005373850940380e+00
2.547832000000000097e+00 9.091768999999999323e+01 2.082919354431737247e+03 2.554134584856909029e+00 9.652047794388521140e+01 1.874520200400376325e+03 2.548506999999999856e+00 9.032716299999999876e+01 1.630838702000000012e+03 -1.323517545998328330e-03 -1.247666930633515026e-01 -5.496027316372725124e+00
2.642078999999999844e+00 9.280264499999999828e+01 2.080901412167367198e+03 2.649941051870106534e+00 9.823934642418554120e+01 1.867665531831224826e+03 2.640388000000000179e+00 9.188146000000000413e+01 1.554296826999999894e+03 -1.651271030887905026e-03 -1.556517201000565120e-01 -6.854668569151591839e+00
2.738211999999999868e+00 9.443627399999999739e+01 2.075535760507752912e+03 2.747221689777277209e+00 9.992862950784144971e+01 1.859811516634047621e+03 2.733747000000000149e+00 9.335921500000000606e+01 1.477754950999999892e+03 -1.892541282930821104e-03 -1.783824481753178426e-01 -7.854015197177093732e+00
2.837486000000000175e+00 9.650972500000000309e+01 2.069695997753585289e+03 2.846241014984062456e+00 1.016150944159797831e+02 1.852180470145739037e+03 2.828507999999999800e+00 9.476042800000000454e+01 1.401213076000000001e+03 -1.839210059373424123e-03 -1.733466084957175635e-01 -7.631046488308536269e+00
2.934876000000000040e+00 9.776636200000000088e+01 2.068706097574103296e+03 2.946367883510245367e+00 1.032397324712333528e+02 1.842164811521142838e+03 2.924593000000000220e+00 9.608509899999999959e+01 1.324671199999999999e+03 -2.414316124869892322e-03 -2.275424148921672274e-01 -1.001565862459610656e+01
3.037291999999999881e+00 9.946282200000000273e+01 2.051174225795578423e+03 3.048230524467337332e+00 1.048653051438460864e+02 1.832631918146227008e+03 3.021926000000000112e+00 9.733322900000000288e+01 1.248129325000000108e+03 -2.298173919901540067e-03 -2.165921389084136395e-01 -9.532893374915872187e+00
3.137823000000000029e+00 1.003424679999999967e+02 2.047188534575421727e+03 3.151201274674409802e+00 1.064330262885113001e+02 1.820972943317708086e+03 3.120430999999999955e+00 9.850481600000000526e+01 1.171587449000000106e+03 -2.810870895846809096e-03 -2.649107734810248749e-01 -1.165897482851890565e+01
3.240867000000000164e+00 1.018504319999999979e+02 2.026926792983259475e+03 3.255475365268012844e+00 1.079647173104206388e+02 1.808241665636401649e+03 3.220031000000000088e+00 9.959986200000000167e+01 1.095045573999999988e+03 -3.069422166567196270e-03 -2.892819214083766632e-01 -1.273127768130636817e+01
3.346423999999999843e+00 1.030442369999999954e+02 2.009922263356096664e+03 3.361232610333297899e+00 1.094796942336005827e+02 1.795335138606811370e+03 3.320648999999999962e+00 1.006183659999999946e+02 1.018503697999999986e+03 -3.111593077953769045e-03 -2.932647424564642780e-01 -1.290652702959019571e+01
3.450724999999999820e+00 1.044265379999999936e+02 1.996050932000466673e+03 3.467983491581416278e+00 1.109332227437015774e+02 1.780292098506134835e+03 3.422209000000000056e+00 1.015603270000000009e+02 9.419618229999999812e+02 -3.626480554786064379e-03 -3.418066285058207199e-01 -1.504304010067655462e+01
3.556910999999999934e+00 1.052433520000000016e+02 1.969353266611772597e+03 3.575831090877207075e+00 1.123387669474494857e+02 1.763798904612219758e+03 3.524634999999999962e+00 1.024257470000000012e+02 8.654199479999999767e+02 -3.975769497163710899e-03 -3.747478947582255082e-01 -1.649319389391519053e+01
3.663724999999999898e+00 1.058088390000000061e+02 1.943903177426632283e+03 3.684653726682908914e+00 1.136879909600543925e+02 1.745552295418036010e+03 3.627850000000000019e+00 1.032146249999999981e+02 7.888780719999999747e+02 -4.398030594053551831e-03 -4.145748920073062393e-01 -1.824660919418371208e+01
3.770538999999999863e+00 1.066256529999999998e+02 1.914453300247409061e+03 3.794234762821307783e+00 1.149641030378032838e+02 1.724890176725743913e+03 3.731777000000000122e+00 1.039269620000000032e+02 7.123361969999999701e+02 -4.979730969364572907e-03 -4.694402176691384043e-01 -2.066211869229213960e+01
3.876724999999999977e+00 1.066256529999999998e+02 1.878729711837900140e+03 3.904271948107187917e+00 1.161431890639596247e+02 1.700866062448158345e+03 3.836339999999999861e+00 1.045627559999999932e+02 6.357943209999999681e+02 -5.789362840286079587e-03 -5.458041505694088968e-01 -2.402411427758557139e+01
3.985424000000000078e+00 1.071283080000000041e+02 1.834621273943241249e+03 4.015040842597648485e+00 1.172571617842652927e+02 1.675032434439383451e+03 3.941462000000000021e+00 1.051220079999999939e+02 5.592524459999999635e+02 -6.224727604722974164e-03 -5.868933421424900043e-01 -2.583362800877482357e+01
4.094122999999999735e+00 1.079451219999999978e+02 1.796008532971703062e+03 4.126359744417138486e+00 1.182932970438299947e+02 1.646908776258203261e+03 4.047066000000000052e+00 1.056047190000000029e+02 4.827105700000000184e+02 -6.775776181995125415e-03 -6.388971748746854473e-01 -2.812365818118009031e+01
4.202823000000000420e+00 1.086991040000000055e+02 1.752169320619972495e+03 4.238067954298645468e+00 1.192415917403488237e+02 1.616155511042618400e+03 4.153076999999999686e+00 1.060108879999999942e+02 4.061686950000000138e+02 -7.408541550451965517e-03 -6.986140797393665114e-01 -3.075326521558484316e+01
4.312777999999999778e+00 1.090760949999999951e+02 1.703605549862746557e+03 4.350242089293423930e+00 1.201150422319841340e+02 1.583460507018498674e+03 4.259418000000000148e+00 1.063405139999999989e+02 3.296268190000000118e+02 -7.875534501091739290e-03 -7.427050194073104850e-01 -3.269500402411971152e+01
4.422106000000000314e+00 1.093902539999999988e+02 1.656071462041524683e+03 4.462629587776825169e+00 1.208950337331684892e+02 1.548089845835550250e+03 4.366011000000000308e+00 1.065935989999999975e+02 2.530849440000000072e+02 -8.519274002092337011e-03 -8.034690058341467100e-01 -3.537066118294846717e+01
4.528920000000000279e+00 1.087619360000000057e+02 1.601800519349006208e+03 4.574678243220946960e+00 1.215357438687918261e+02 1.508144155888048772e+03 4.472781000000000340e+00 1.067701420000000070e+02 1.765430680000000052e+02 -9.620423211964374346e-03 -9.073797102122045377e-01 -3.994568994750150637e+01
4.637618999999999936e+00 1.081336170000000010e+02 1.533499471036770046e+03 4.686657307885925050e+00 1.220713392818831267e+02 1.465329064320333146e+03 4.579652000000000278e+00 1.068701439999999963e+02 1.000011930000000007e+02 -1.031075128175800576e-02 -9.725487427967505205e-01 -4.281509156771557656e+01
4.749460000000000015e+00 1.090760949999999951e+02 1.470772787844912273e+03 4.799036659935452143e+00 1.225533221456500428e+02 1.422038373888934302e+03 4.686544999999999739e+00 1.068936029999999988e+02 2.345931799999999967e+01 -1.042465176451665490e-02 -9.833462005534173711e-01 -4.329069043139882211e+01
4.855017000000000138e+00 1.090132629999999949e+02 1.418828859935621040e+03 4.910610417073331568e+00 1.228725460395717164e+02 1.373488154917356269e+03 4.793439000000000227e+00 1.068936029999999988e+02 0.000000000000000000e+00 -1.169058419471450533e-02 -1.102814479967258343e+00 -4.855021897157796218e+01
4.961831000000000103e+00 1.078194579999999974e+02 1.337649686489156920e+03 5.021600214939692108e+00 1.230602576796657104e+02 1.321285745343250255e+03 4.900331999999999688e+00 1.068936029999999988e+02 0.000000000000000000e+00 -1.256949225066945203e-02 -1.185776514823363437e+00 -5.220240957410600657e+01
5.066760999999999626e+00 1.058716710000000063e+02 1.261002534766224926e+03 5.131669926550365801e+00 1.230936735223747576e+02 1.264589119395514672e+03 5.007226000000000177e+00 1.068936029999999988e+02 0.000000000000000000e+00 -1.365118894166354041e-02 -1.287869902634197983e+00 -5.669662594773566155e+01
5.171060999999999908e+00 1.053061840000000018e+02 1.175745201500650182e+03 5.240740562517836487e+00 1.229756159490731591e+02 1.203720598515993515e+03 5.114119999999999777e+00 1.068936029999999988e+02 0.000000000000000000e+00 -1.465533211460233465e-02 -1.382646692697113711e+00 -6.086852087952105705e+01
5.272221000000000046e+00 1.035468919999999997e+02 1.088019178384709448e+03 5.348313155111570794e+00 1.226693263549962012e+02 1.137245841063991975e+03 5.221013000000000126e+00 1.068936029999999988e+02 0.000000000000000000e+00 -1.600488365459711709e-02 -1.510010192592954326e+00 -6.647475745200152630e+01
5.374636999999999887e+00 1.024787510000000026e+02 9.877990361065094476e+02 5.454708441018107479e+00 1.222174845217337236e+02 1.067290740783464798e+03 5.327906999999999726e+00 1.068936029999999988e+02 0.000000000000000000e+00 -1.684266336899203215e-02 -1.589087674326468802e+00 -6.995510028052717644e+01
5.477052999999999727e+00 1.020389279999999985e+02 8.947185464133517598e+02 5.560009337472553881e+00 1.216383342227113502e+02 9.948117951965738257e+02 5.434800000000000075e+00 1.068936029999999988e+02 0.000000000000000000e+00 -1.745023343767944032e-02 -1.646441039805838891e+00 -7.247894558689100108e+01
5.583237999999999701e+00 1.035468919999999997e+02 8.034650682068477181e+02 5.664954906467600360e+00 1.210112189812991375e+02 9.234130001162211556e+02 5.541693999999999676e+00 1.068936029999999988e+02 0.000000000000000000e+00 -1.719017112526360913e-02 -1.621927036608779904e+00 -7.139879508035272693e+01
5.691309000000000395e+00 1.056203430000000054e+02 7.301420454062654244e+02 5.769895599675237463e+00 1.203747659143429587e+02 8.547471696023213781e+02 5.648588000000000164e+00 1.068936029999999988e+02 0.000000000000000000e+00 -1.653223227372007872e-02 -1.559866067072410489e+00 -6.866583051389974912e+01
5.799380000000000202e+00 1.075052989999999937e+02 6.660730073830145557e+02 5.874825770523179003e+00 1.197319330450048085e+02 7.888241218871586398e+02 5.755480999999999625e+00 1.068936029999999988e+02 0.000000000000000000e+00 -1.587196865120219652e-02 -1.497580038940475200e+00 -6.592304771516272410e+01
5.909335999999999700e+00 1.086362720000000053e+02 6.030506050101466826e+02 5.980070831736911785e+00 1.191166443096727789e+02 7.270163167534889226e+02 5.862375000000000114e+00 1.068936029999999988e+02 0.000000000000000000e+00 -1.488128389221528812e-02 -1.404112857219195210e+00 -6.180780513366968876e+01
6.016149999999999665e+00 1.084477770000000021e+02 5.491937342386072487e+02 6.085054457154460472e+00 1.184758465211953080e+02 6.668071296692627357e+02 5.969267999999999574e+00 1.068936029999999988e+02 0.000000000000000000e+00 -1.449652705050133612e-02 -1.367814105230962252e+00 -6.020918708422621535e+01
6.121706999999999788e+00 1.073796349999999933e+02 4.830652620295586530e+02 6.189583236643526831e+00 1.177952230033430538e+02 6.074959070064277284e+02 6.076162000000000063e+00 1.068936029999999988e+02 0.000000000000000000e+00 -1.428047059696307790e-02 -1.347430647521516089e+00 -5.931122266283503563e+01
6.226637000000000199e+00 1.057460070000000059e+02 4.135962240525295783e+02 6.293594755990092438e+00 1.170734997482033037e+02 5.489869622075948428e+02 6.183055999999999663e+00 1.068936029999999988e+02 0.000000000000000000e+00 -1.408745161028075732e-02 -1.329219162146177746e+00 -5.850894479883293542e+01
6.329051999999999900e+00 1.043637059999999934e+02 3.439248242131034203e+02 6.396708172096657208e+00 1.162793859897655295e+02 4.898675709991623535e+02 6.289949000000000012e+00 1.068936029999999988e+02 0.000000000000000000e+00 -1.423457712274263723e-02 -1.343100720645361790e+00 -5.911939120843246798e+01
6.433353000000000321e+00 1.037353880000000004e+02 2.664262241023470779e+02 6.499347399013032600e+00 1.154591296226965795e+02 4.322002268548787924e+02 6.396842999999999613e+00 1.068936029999999988e+02 0.000000000000000000e+00 -1.388509285889067031e-02 -1.310123938068119998e+00 -5.766734414428355393e+01
6.542051999999999978e+00 1.050548569999999984e+02 2.003797498570056632e+02 6.602338384050485232e+00 1.146945132179585158e+02 3.795206981601782559e+02 6.503735999999999962e+00 1.068936029999999988e+02 0.000000000000000000e+00 -1.268424469867234471e-02 -1.196816631592939384e+00 -5.267952869470054367e+01
6.648238000000000092e+00 1.066256529999999998e+02 1.559260691169829443e+02 6.705231214985478694e+00 1.139425880891279093e+02 3.297188783738650386e+02 6.610629999999999562e+00 1.068936029999999988e+02 0.000000000000000000e+00 -1.199144263204613911e-02 -1.131445826990781223e+00 -4.980181978631320305e+01
6.753796000000000355e+00 1.067513170000000002e+02 1.029301197310733187e+02 6.807945484823673787e+00 1.131973117942661418e+02 2.824020522364908743e+02 6.717524000000000051e+00 1.068936029999999988e+02 0.000000000000000000e+00 -1.139317769011998112e-02 -1.074995173235631762e+00 -4.731682613737415721e+01
6.856840000000000046e+00 1.049920249999999982e+02 5.004402080544878118e+01 6.910081762053239984e+00 1.124227364557397095e+02 2.358785004502100833e+02 6.824417000000000399e+00 1.068936029999999988e+02 0.000000000000000000e+00 -1.120223559081887088e-02 -1.056977390762925406e+00 -4.652355178628080523e+01
6.960512999999999728e+00 1.039867150000000038e+02 -1.043789707202267891e+01 7.011825989267557624e+00 1.116399265947815991e+02 1.910404237971312114e+02 6.931311000000000000e+00 1.068936029999999988e+02 0.000000000000000000e+00 -1.079644849164773310e-02 -1.018688361408329524e+00 -4.483807665307886481e+01
7.064185000000000159e+00 1.034840599999999995e+02 -6.460526070914329466e+01 7.113240044261798012e+00 1.108571032028093981e+02 1.481754388380771843e+02 7.038204000000000349e+00 1.068936029999999988e+02 0.000000000000000000e+00 -1.032139181243946907e-02 -9.738638157693325637e-01 -4.286498495905401285e+01
7.170371000000000272e+00 1.044265379999999936e+02 -1.152554404330549005e+02 7.214819139853164032e+00 1.101228724419243861e+02 1.093360740977945795e+02 7.145097999999999949e+00 1.068936029999999988e+02 0.000000000000000000e+00 -9.352095330862481015e-03 -8.824061997230870924e-01 -3.883936474028260477e+01
7.275299999999999656e+00 1.050548569999999984e+02 -1.518237365237173435e+02 7.316357896768421298e+00 1.094171064212774951e+02 7.345916997901937862e+01 7.251992000000000438e+00 1.068936029999999988e+02 0.000000000000000000e+00 -8.638783563716919203e-03 -8.151020947446880882e-01 -3.587690411877520802e+01
7.380228999999999928e+00 1.053061840000000018e+02 -1.908396751555419542e+02 7.417888070953039481e+00 1.087429380914363293e+02 4.055220558580660395e+01 7.358884999999999899e+00 1.068936029999999988e+02 0.000000000000000000e+00 -7.923661821649288783e-03 -7.476274998201860589e-01 -3.290696439321277467e+01
7.483901999999999610e+00 1.045522019999999941e+02 -2.267131308337984592e+02 7.519220157452742193e+00 1.080823351874162910e+02 9.690747654254447951e+00 7.465779000000000387e+00 1.068936029999999988e+02 0.000000000000000000e+00 -7.431127694526634166e-03 -7.011551096058554755e-01 -3.086145793155215600e+01
7.587574000000000041e+00 1.040495470000000040e+02 -2.647571840218624857e+02 7.620400469672257593e+00 1.074403364512695305e+02 -1.899346749746603891e+01 7.572671999999999848e+00 1.068936029999999988e+02 0.000000000000000000e+00 -6.906868341728033059e-03 -6.516894838010165447e-01 -2.868421515172048686e+01
7.689989999999999881e+00 1.032955649999999963e+02 -2.994108138457486348e+02 7.721253329719419689e+00 1.068006850406197970e+02 -4.631182638046885813e+01 7.679566000000000336e+00 1.068936029999999988e+02 0.000000000000000000e+00 -6.577979670359244968e-03 -6.206579431522634138e-01 -2.731835888300281923e+01
7.793662999999999563e+00 1.031699009999999959e+02 -3.360029004620491833e+02 7.822056667934851326e+00 1.061906846461430263e+02 -7.112267516268981637e+01 7.786459999999999937e+00 1.068936029999999988e+02 0.000000000000000000e+00 -5.974190911997687321e-03 -5.636885680962995249e-01 -2.481084878222095469e+01
7.899219999999999686e+00 1.038610510000000033e+02 -3.637088496994338129e+02 7.923172123164371250e+00 1.056440488871180463e+02 -9.205247246696734464e+01 7.893353000000000286e+00 1.068936029999999988e+02 0.000000000000000000e+00 -5.039668079041638438e-03 -4.755130838622960709e-01 -2.092979730427752116e+01
8.004149999999999210e+00 1.048035289999999975e+02 -3.803120648138328761e+02 8.024490401816089857e+00 1.051481848184118206e+02 -1.098263229445919507e+02 8.000246999999999886e+00 1.068936029999999988e+02 0.000000000000000000e+00 -4.279743999164081249e-03 -4.038115962392584413e-01 -1.777385047762460246e+01
8.107193999999999789e+00 1.045522019999999941e+02 -3.969551763491517704e+02 8.125691651881767896e+00 1.046711297001271816e+02 -1.259899811532627325e+02 8.107139999999999347e+00 1.068936029999999988e+02 0.000000000000000000e+00 -3.892021591260585913e-03 -3.672287953400350524e-01 -1.616365820867077829e+01
8.210238000000000369e+00 1.036097239999999999e+02 -4.188536894516828397e+02 8.226812421455656832e+00 1.042160915937668335e+02 -1.404731148867833781e+02 8.214033999999999835e+00 1.068936029999999988e+02 0.000000000000000000e+00 -3.487365135662064998e-03 -3.290481252070839857e-01 -1.448313373352063493e+01
8.312654000000000210e+00 1.028557420000000064e+02 -4.376791062723659707e+02 8.327776418897265387e+00 1.037753959656025131e+02 -1.536874875512958170e+02 8.320928000000000324e+00 1.068936029999999988e+02 0.000000000000000000e+00 -3.181857594715144927e-03 -3.002225132775262484e-01 -1.321437266451242820e+01
8.416327000000000780e+00 1.029814049999999952e+02 -4.561743458374667171e+02 8.428841776165350907e+00 1.033732544487725136e+02 -1.646232605964175377e+02 8.427820999999999785e+00 1.068936029999999988e+02 0.000000000000000000e+00 -2.633194953741362521e-03 -2.484540292787002780e-01 -1.093577304512171544e+01
8.522512000000000754e+00 1.040495470000000040e+02 -4.663645387761398524e+02 8.530460333217888547e+00 1.030508337350438524e+02 -1.715687612239212285e+02 8.534715000000000273e+00 1.068936029999999988e+02 0.000000000000000000e+00 -1.672385765937133353e-03 -1.577974531322498264e-01 -6.945500627503689905e+00
8.626184999999999548e+00 1.046778649999999971e+02 -4.634341890756368230e+02 8.632166773543941574e+00 1.027605091703734814e+02 -1.767958334031667960e+02 8.641607999999999734e+00 1.068936029999999988e+02 0.000000000000000000e+00 -1.258609028377951841e-03 -1.187558034464417517e-01 -5.227072179245555894e+00
8.731113999999999820e+00 1.048035289999999975e+02 -4.692836367630516179e+02 8.734191380625356160e+00 1.025226181479490180e+02 -1.794849567579912843e+02 8.748502000000000223e+00 1.068936029999999988e+02 0.000000000000000000e+00 -6.475041722564840599e-04 -6.109518902130339768e-02 -2.689123354824493717e+00
8.834787000000000390e+00 1.041752110000000044e+02 -4.675359263148084210e+02 8.836304882070001199e+00 1.023129986410831975e+02 -1.808113382360516823e+02 8.855396000000000711e+00 1.068936029999999988e+02 0.000000000000000000e+00 -3.193742249254072200e-04 -3.013455010783531660e-02 -1.326381478060392416e+00
8.939087999999999923e+00 1.042380419999999930e+02 -4.692046276029377623e+02 8.938624912390961796e+00 1.021413810102265955e+02 -1.804066743869204004e+02 8.962289000000000172e+00 1.068936029999999988e+02 0.000000000000000000e+00 9.743734899400945473e-05 9.193707379449881853e-03 4.046638491312914976e-01
9.043388000000000204e+00 1.041123790000000042e+02 -4.661649473778506945e+02 9.041147508039978575e+00 1.020054550432023461e+02 -1.784488425597450600e+02 9.069183000000000661e+00 1.068936029999999988e+02 0.000000000000000000e+00 4.714179759835187915e-04 4.448070736266521163e-02 1.957831827175337658e+00
9.145804000000000045e+00 1.037353880000000004e+02 -4.613539551872818265e+02 9.143540085421054897e+00 1.018719519938947542e+02 -1.764705400904345538e+02 9.176076000000000121e+00 1.068936029999999988e+02 0.000000000000000000e+00 4.763467591535185271e-04 4.494579325215816018e-02 1.978302469310492695e+00
9.249477000000000615e+00 1.033583969999999965e+02 -4.628067359163596848e+02 9.246045763891602931e+00 1.017636023371923386e+02 -1.734721796518805377e+02 9.282970000000000610e+00 1.068936029999999988e+02 0.000000000000000000e+00 7.219617466982142413e-04 6.812088338801887411e-02 2.998360438554003249e+00
9.355033999999999850e+00 1.038610510000000033e+02 -4.569491615108427141e+02 9.348993586478597351e+00 1.017100516231511165e+02 -1.681938026733097615e+02 9.389863999999999322e+00 1.068936029999999988e+02 0.000000000000000000e+00 1.270956339628429499e-03 1.199214656106610405e-01 5.278376978570788580e+00
9.459963999999999373e+00 1.048035289999999975e+02 -4.416110550913163024e+02 9.452243916280538727e+00 1.016951262792183002e+02 -1.614476500298274573e+02 9.496757000000000559e+00 1.068936029999999988e+02 0.000000000000000000e+00 1.624375080125778793e-03 1.532684587404974375e-01 6.746152643482298039e+00
9.564265000000000683e+00 1.049291929999999979e+02 -4.279718686255764624e+02 9.555667344196677959e+00 1.017043698933981517e+02 -1.539346298131054596e+02 9.603650999999999271e+00 1.068936029999999988e+02 0.000000000000000000e+00 1.809025461935407373e-03 1.706912642096805044e-01 7.513020216722003042e+00
9.666679999999999495e+00 1.039238830000000036e+02 -4.159953514995431760e+02 9.658926215139775451e+00 1.017043731028533529e+02 -1.471590177350108206e+02 9.710544000000000509e+00 1.068936029999999988e+02 0.000000000000000000e+00 1.631468364608107012e-03 1.539378392683115604e-01 6.775612078094630952e+00
9.770981000000000805e+00 1.035468919999999997e+02 -4.109114449247836092e+02 9.762369045106192189e+00 1.017281895244126986e+02 -1.396334934964937133e+02 9.817437999999999221e+00 1.068936029999999988e+02 0.000000000000000000e+00 1.812036372431376913e-03 1.709754392943469148e-01 7.525524238517107278e+00
9.876538999999999291e+00 1.041123790000000042e+02 -3.964855446758210746e+02 9.866202347903655578e+00 1.017937724808362532e+02 -1.306008455010091609e+02 9.924331999999999709e+00 1.068936029999999988e+02 0.000000000000000000e+00 2.174930019797691964e-03 2.052164499200514192e-01 9.032647995484563097e+00
9.981467999999999563e+00 1.049920249999999982e+02 -3.759805591541653484e+02 9.970284033960028935e+00 1.018852101696435284e+02 -1.208277721957565660e+02 1.003122499999999917e+01 1.068936029999999988e+02 0.000000000000000000e+00 2.353213998289156034e-03 2.220385343082773022e-01 9.773073305252598431e+00
1.008639699999999984e+01 1.051176880000000011e+02 -3.577685544153555384e+02 1.007459259212974167e+01 1.019987388509266992e+02 -1.105125255626882819e+02 1.013811899999999966e+01 1.068936029999999988e+02 0.000000000000000000e+00 2.483761886168218361e-03 2.343564534789276399e-01 1.031524663306828593e+01
1.019258300000000084e+01 1.053061840000000018e+02 -3.391466420323276907e+02 1.017932556790837495e+01 1.021514302019127740e+02 -9.892755639755358743e+01 1.024501199999999912e+01 1.068936029999999988e+02 0.000000000000000000e+00 2.789493190487065018e-03 2.632038765487521026e-01 1.158496916513468733e+01
1.029562699999999964e+01 1.048663609999999977e+02 -3.149382284957428055e+02 1.028389587771486191e+01 1.022854042921811839e+02 -8.867634782431503027e+01 1.035190599999999961e+01 1.068936029999999988e+02 0.000000000000000000e+00 2.468343382774121440e-03 2.329016466659599993e-01 1.025120857323855894e+01
1.039804299999999948e+01 1.037982200000000006e+02 -3.040559792116819153e+02 1.038820661611559082e+01 1.023920128003082652e+02 -8.008085078046744343e+01 1.045880000000000010e+01 1.068936029999999988e+02 0.000000000000000000e+00 2.069672282461245631e-03 1.952848559514024918e-01 8.595497043847590390e+00
1.050422900000000048e+01 1.037353880000000004e+02 -2.951872297719701237e+02 1.049293496533399939e+01 1.025361560487116890e+02 -7.021158952668382369e+01 1.056569299999999956e+01 1.068936029999999988e+02 0.000000000000000000e+00 2.376376843489698149e-03 2.242240991838914121e-01 9.869261253783625065e+00
1.060915800000000075e+01 1.046778649999999971e+02 -2.697768189335911302e+02 1.059782135783252954e+01 1.026910144878776805e+02 -6.030509597539453637e+01 1.067258700000000005e+01 1.068936029999999988e+02 0.000000000000000000e+00 2.385342244582038147e-03 2.250700286926694549e-01 9.906493551289283772e+00
1.071283099999999955e+01 1.049291929999999979e+02 -2.500373701060034364e+02 1.070262885317338686e+01 1.028332559361550267e+02 -5.138997832149192391e+01 1.077947999999999951e+01 1.068936029999999988e+02 0.000000000000000000e+00 2.146633400967694599e-03 2.025465442527401294e-01 8.915117653902612460e+00
1.081775999999999982e+01 1.044265379999999936e+02 -2.357073312536294907e+02 1.080757866806227341e+01 1.029839992707266987e+02 -4.249305003512828449e+01 1.088637400000000000e+01 1.068936029999999988e+02 0.000000000000000000e+00 2.142253941892943193e-03 2.021333128931726009e-01 8.896928286363641192e+00
1.092394600000000082e+01 1.049291929999999979e+02 -2.159719239411288072e+02 1.091287158790451883e+01 1.031613701561147707e+02 -3.281570654824484734e+01 1.099326800000000048e+01 1.068936029999999988e+02 0.000000000000000000e+00 2.330167096536879361e-03 2.198639354232051757e-01 9.677343486883440704e+00
1.102950300000000006e+01 1.056203430000000054e+02 -1.912341589868219671e+02 1.101836094927648624e+01 1.033497612437441830e+02 -2.307925760308697960e+01 1.110016099999999994e+01 1.068936029999999988e+02 0.000000000000000000e+00 2.344399069124604093e-03 2.212067941776667268e-01 9.736448945157867740e+00
1.113317600000000063e+01 1.051805200000000013e+02 -1.698192764620316666e+02 1.112369423028857085e+01 1.035149266798741650e+02 -1.479364070449982549e+01 1.120705500000000043e+01 1.068936029999999988e+02 0.000000000000000000e+00 1.995059397140356607e-03 1.882446937330693459e-01 8.285616898587154111e+00
1.123873299999999986e+01 1.048035289999999975e+02 -1.568888459275831337e+02 1.122920627801556215e+01 1.036892701881602221e+02 -6.468742594085009401e+00 1.131394899999999915e+01 1.068936029999999988e+02 0.000000000000000000e+00 2.004517867468924748e-03 1.891371489905478709e-01 8.324898110414816088e+00
1.134429100000000012e+01 1.049920249999999982e+02 -1.361625080723142673e+02 1.133487378944267832e+01 1.038697644306271144e+02 1.760459152140265715e+00 1.142084200000000038e+01 1.068936029999999988e+02 0.000000000000000000e+00 1.981475610251722322e-03 1.869629850609669797e-01 8.229201746225275116e+00
1.145236200000000082e+01 1.063114939999999962e+02 -1.161036679544540675e+02 1.144111162578559515e+01 1.040948822801037608e+02 1.159156551491288312e+01 1.152773600000000087e+01 1.068936029999999988e+02 0.000000000000000000e+00 2.367191682714443832e-03 2.233573903245051895e-01 9.831106362772617402e+00
1.155666300000000035e+01 1.061858299999999957e+02 -8.620612283825539635e+01 1.154720282059829728e+01 1.042942899106389234e+02 1.985831545010066890e+01 1.163462900000000033e+01 1.068936029999999988e+02 0.000000000000000000e+00 1.990516749842135332e-03 1.878160650202449766e-01 8.266749935187785780e+00
1.166410499999999928e+01 1.063743249999999989e+02 -7.357436471310847992e+01 1.165369698960348188e+01 1.045207818964852464e+02 2.895332483431703707e+01 1.174152300000000082e+01 1.068936029999999988e+02 0.000000000000000000e+00 2.189949936820268124e-03 2.066336703962302068e-01 9.095009384216369952e+00
1.176966299999999954e+01 1.059345019999999948e+02 -4.819929974367823888e+01 1.176021929795802912e+01 1.047372241632557888e+02 3.720567637001555994e+01 1.184841699999999953e+01 1.068936029999999988e+02 0.000000000000000000e+00 1.987049795646908448e-03 1.874889419362212595e-01 8.252351535698521090e+00
1.187333500000000086e+01 1.055575110000000052e+02 -3.205710161349088594e+01 1.186642835291763731e+01 1.049115497932954355e+02 4.324102999240203360e+01 1.195531000000000077e+01 1.068936029999999988e+02 0.000000000000000000e+00 1.453227958167235953e-03 1.371199536696301458e-01 6.035353622386470995e+00
1.197826399999999936e+01 1.046150339999999943e+02 -2.466999554432732111e+01 1.197256140627254695e+01 1.050680063099064796e+02 4.822422524185031278e+01 1.206220399999999948e+01 1.068936029999999988e+02 0.000000000000000000e+00 1.199883046617884579e-03 1.132154866186365905e-01 4.983195249448277409e+00
1.208507799999999932e+01 1.051176880000000011e+02 -1.234310185804224602e+01 1.207894414869003086e+01 1.052380079256741965e+02 5.358427391469692935e+01 1.216909700000000072e+01 1.068936029999999988e+02 0.000000000000000000e+00 1.290623994955703404e-03 1.217773905258650036e-01 5.360048672846618345e+00
1.219063599999999958e+01 1.058716710000000063e+02 7.213019234873172536e+00 1.218532618684944779e+01 1.053970096901280442e+02 5.822423936871934558e+01 1.227599099999999943e+01 1.068936029999999988e+02 0.000000000000000000e+00 1.117238096786171524e-03 1.054174905391582345e-01 4.639965454022418001e+00
1.229682200000000059e+01 1.061229979999999955e+02 2.029027838143247209e+01 1.229180742557553785e+01 1.055547899509229239e+02 6.260621148509787304e+01 1.238288499999999992e+01 1.068936029999999988e+02 0.000000000000000000e+00 1.055116916278610317e-03 9.955602142617199501e-02 4.381972116378523907e+00
1.240175100000000086e+01 1.056203430000000054e+02 3.513528280999616982e+01 1.239815099576108182e+01 1.056888682521278895e+02 6.575206547048240679e+01 1.248977799999999938e+01 1.068936029999999988e+02 0.000000000000000000e+00 7.574771288793094581e-04 7.147208971986310222e-02 3.145853985384538642e+00
1.250605200000000039e+01 1.051176880000000011e+02 4.366261878504428751e+01 1.250425156888283418e+01 1.057903648809254094e+02 6.732536741592848273e+01 1.259667199999999987e+01 1.068936029999999988e+02 0.000000000000000000e+00 3.788288368876604616e-04 3.574456332704462058e-02 1.573301945446081485e+00
1.261349399999999932e+01 1.054318480000000022e+02 4.885733160269137443e+01 1.261066983021937027e+01 1.059137594412561896e+02 6.979326078513872744e+01 1.270356499999999933e+01 1.068936029999999988e+02 0.000000000000000000e+00 5.942337719025025293e-04 5.606919291485217699e-02 2.467893369210246046e+00
1.271905199999999958e+01 1.059345019999999948e+02 6.672736085854558041e+01 1.271704151301436703e+01 1.060234675782366196e+02 7.155011965244234773e+01 1.281045899999999982e+01 1.068936029999999988e+02 0.000000000000000000e+00 4.230267233480681415e-04 3.991487619529072994e-02 1.756858867303615845e+00
1.282460900000000059e+01 1.061229979999999955e+02 7.533213344344312645e+01 1.282336293937161464e+01 1.061197561607616962e+02 7.263898656490920303e+01 1.291735300000000031e+01 1.068936029999999988e+02 0.000000000000000000e+00 2.621837191844974711e-04 2.473846287263530702e-02 1.088866912466859516e+00
1.293079499999999982e+01 1.057460070000000059e+02 8.310002471278767189e+01 1.292974082423863358e+01 1.062133240558535476e+02 7.356017541039780383e+01 1.302424599999999977e+01 1.068936029999999988e+02 0.000000000000000000e+00 2.218092129735755463e-04 2.092890852694684681e-02 9.211888454886013600e-01
1.303635300000000008e+01 1.058088390000000061e+02 9.269462240217308135e+01 1.303605386863893578e+01 1.062928229877269075e+02 7.382157060958243733e+01 1.313114000000000026e+01 1.068936029999999988e+02 0.000000000000000000e+00 6.294025674430970836e-05 5.938756462963808679e-03 2.613951991846298339e-01
1.314002499999999962e+01 1.051805200000000013e+02 9.868662681610840082e+01 1.314197359777090313e+01 1.063279583839737228e+02 7.211879321663813869e+01 1.323803299999999972e+01 1.068936029999999988e+02 0.000000000000000000e+00 -4.100046410645905720e-04 -3.868617436276952648e-02 -1.702777392944297086e+00
1.324746799999999958e+01 1.053690160000000020e+02 9.598342713258080039e+01 1.324818644703931447e+01 1.063858136032980326e+02 7.149098001136506753e+01 1.334492700000000021e+01 1.068936029999999988e+02 0.000000000000000000e+00 -1.511685121708623619e-04 -1.426357389232332275e-02 -6.278132052730643897e-01
1.335302500000000059e+01 1.057460070000000059e+02 1.088774890361064536e+02 1.335433282627316309e+01 1.064313398619144238e+02 7.034813916064722150e+01 1.345182100000000069e+01 1.068936029999999988e+02 0.000000000000000000e+00 -2.751798594548815740e-04 -2.596472139496574377e-02 -1.142840850717844914e+00
1.345921099999999981e+01 1.063114939999999962e+02 1.126194217714773913e+02 1.346052323309988452e+01 1.064756357887790870e+02 6.920144738943750440e+01 1.355871400000000015e+01 1.068936029999999988e+02 0.000000000000000000e+00 -2.761071047748580513e-04 -2.605221229598396818e-02 -1.146691771209718658e+00
1.356351199999999935e+01 1.054318480000000022e+02 1.183056369712730884e+02 1.356642131940147955e+01 1.064870775222711785e+02 6.665914550640053449e+01 1.366560800000000064e+01 1.068936029999999988e+02 0.000000000000000000e+00 -6.121502108792841942e-04 -5.775971389733500910e-02 -2.542301883036974353e+00
1.367095400000000005e+01 1.058088390000000061e+02 1.152367955838080888e+02 1.367259619257410641e+01 1.065211336558461284e+02 6.522411938389090835e+01 1.377250100000000010e+01 1.068936029999999988e+02 0.000000000000000000e+00 -3.455339223966074724e-04 -3.260301193145723891e-02 -1.435026122509619695e+00
1.377525499999999958e+01 1.055575110000000052e+02 1.250602901381380434e+02 1.377847286660958837e+01 1.065224723655845480e+02 6.241219417081134679e+01 1.387939500000000059e+01 1.068936029999999988e+02 0.000000000000000000e+00 -6.770716800578705950e-04 -6.388540964546078615e-02 -2.811925213079562447e+00
1.388269799999999954e+01 1.061858299999999957e+02 1.205769218006253141e+02 1.388462176537580106e+01 1.065466913852485362e+02 6.073111627745642949e+01 1.398628899999999931e+01 1.068936029999999988e+02 0.000000000000000000e+00 -4.047796964578843329e-04 -3.819317450683614584e-02 -1.681077893354914865e+00
1.398888400000000054e+01 1.061229979999999955e+02 1.290525324918035039e+02 1.399079642809694590e+01 1.065694544094187535e+02 5.905994542504240030e+01 1.409318200000000054e+01 1.068936029999999988e+02 0.000000000000000000e+00 -4.023942222444017928e-04 -3.796809210722913719e-02 -1.671170852414027408e+00
1.409506900000000051e+01 1.065628209999999996e+02 1.311981859050529238e+02 1.409699100349311607e+01 1.065903561586930692e+02 5.738040712437225466e+01 1.420007599999999925e+01 1.068936029999999988e+02 0.000000000000000000e+00 -4.044089859610129557e-04 -3.815819615073592214e-02 -1.679538300670145645e+00
1.419937000000000005e+01 1.056203430000000054e+02 1.326598677326946927e+02 1.420287298611951599e+01 1.065781905774059481e+02 5.431933080346313858e+01 1.430696900000000049e+01 1.068936029999999988e+02 0.000000000000000000e+00 -7.370637358555717214e-04 -6.954598841149568778e-02 -3.061076320909118742e+00
1.430555599999999927e+01 1.054318480000000022e+02 1.255638772062056887e+02 1.430879650194850683e+01 1.065681751078667219e+02 5.148762565943133751e+01 1.441386299999999920e+01 1.068936029999999988e+02 0.000000000000000000e+00 -6.818344138162619420e-04 -6.433480034268668213e-02 -2.831705144031798849e+00
1.441299899999999923e+01 1.059973339999999951e+02 1.262832778270376366e+02 1.441497471122496066e+01 1.065804382584433228e+02 4.976115496470259814e+01 1.452075699999999969e+01 1.068936029999999988e+02 0.000000000000000000e+00 -4.157096442425204969e-04 -3.922447508283851553e-02 -1.726470694728736932e+00
1.451918399999999920e+01 1.066884850000000000e+02 1.317085246437445676e+02 1.452116351918205339e+01 1.065908993374616642e+02 4.803135669347438608e+01 1.462764999999999915e+01 1.068936029999999988e+02 0.000000000000000000e+00 -4.165108788347106068e-04 -3.930007594635705204e-02 -1.729798271228209172e+00
1.463353799999999971e+01 1.090132629999999949e+02 1.309714808479493513e+02 1.462877964109439866e+01 1.067334000323294418e+02 5.218943764928209816e+01 1.473454399999999964e+01 1.068936029999999988e+02 0.000000000000000000e+00 1.001206896536494710e-03 9.446933817431232838e-02 4.158080955807709422e+00
1.473155599999999943e+01 1.070026440000000036e+02 1.640383794603412753e+02 1.473484673242048792e+01 1.067202574257027550e+02 4.931383871293340349e+01 1.484143700000000088e+01 1.068936029999999988e+02 0.000000000000000000e+00 -6.924034250643157406e-04 -6.533204427595951103e-02 -2.875598936348692902e+00
1.483522900000000000e+01 1.046150339999999943e+02 1.258211029622498245e+02 1.484048560404129979e+01 1.066652100934790752e+02 4.472036739630086544e+01 1.494833099999999959e+01 1.068936029999999988e+02 0.000000000000000000e+00 -1.106042724248134127e-03 -1.043611709366143586e-01 -4.593471316632535384e+00
1.494267100000000070e+01 1.031070689999999956e+02 1.131194144216060522e+02 1.494639054448854765e+01 1.066360850626539900e+02 4.147005202635024546e+01 1.505522500000000008e+01 1.068936029999999988e+02 0.000000000000000000e+00 -7.826298299295431299e-04 -7.384539822137983767e-02 -3.250315369950619093e+00
1.504885699999999993e+01 1.059345019999999948e+02 1.165345256528353275e+02 1.505231893780197261e+01 1.066088240706928332e+02 3.844484566715711082e+01 1.516211799999999954e+01 1.068936029999999988e+02 0.000000000000000000e+00 -7.284267752411334495e-04 -6.873104398750980171e-02 -3.025206359193131966e+00
1.515567099999999989e+01 1.067513170000000002e+02 1.139800852024454798e+02 1.515837750767017233e+01 1.065935356870251098e+02 3.607977018692152171e+01 1.526901200000000003e+01 1.068936029999999988e+02 0.000000000000000000e+00 -5.694766253268876768e-04 -5.373322933488050568e-02 -2.365075480235589556e+00
1.526185699999999912e+01 1.064371569999999991e+02 1.137377948212288175e+02 1.526444462147586556e+01 1.065782425164326668e+02 3.381858313451407128e+01 1.537590499999999949e+01 1.068936029999999988e+02 0.000000000000000000e+00 -5.444617664256101415e-04 -5.137294077936607750e-02 -2.261187052407452214e+00
1.536929899999999982e+01 1.067513170000000002e+02 1.103947431246306223e+02 1.537073716814081692e+01 1.065835086519073798e+02 3.256184322570000234e+01 1.548279899999999998e+01 1.068936029999999988e+02 0.000000000000000000e+00 -3.026051430489151142e-04 -2.855244765980260654e-02 -1.256739908814068274e+00
1.547674199999999978e+01 1.070654760000000039e+02 1.120638166087128411e+02 1.547723353398535728e+01 1.066063119015477838e+02 3.213231738779673918e+01 1.558969300000000047e+01 1.068936029999999988e+02 0.000000000000000000e+00 -1.034237289796197400e-04 -9.758593585294079997e-03 -4.295258379032640961e-01
1.558606900000000017e+01 1.080079539999999980e+02 1.131662776539897095e+02 1.558424062141797251e+01 1.066747436489602876e+02 3.373004178877171455e+01 1.569658599999999993e+01 1.068936029999999988e+02 0.000000000000000000e+00 3.847093723738880238e-04 3.629943002471083813e-02 1.597724400974972703e+00
1.569288300000000014e+01 1.080079539999999980e+02 1.216400926704063750e+02 1.569127133973199761e+01 1.067404705374151206e+02 3.513838739157792901e+01 1.580348000000000042e+01 1.068936029999999988e+02 0.000000000000000000e+00 3.391096441689054274e-04 3.199684666605857181e-02 1.408345602806213792e+00
1.579906899999999936e+01 1.073796349999999933e+02 1.185399903966217607e+02 1.579821010059695752e+01 1.067926609506302214e+02 3.588893465128283822e+01 1.591037299999999988e+01 1.068936029999999988e+02 0.000000000000000000e+00 1.807211338477167166e-04 1.705202582351774548e-02 7.505472597049056560e-01
1.590525500000000036e+01 1.063743249999999989e+02 1.124904262995887620e+02 1.590506143421635166e+01 1.068323928134879850e+02 3.605808166433473616e+01 1.601726700000000037e+01 1.068936029999999988e+02 0.000000000000000000e+00 4.072820143860916777e-05 3.842928206484736656e-03 1.691470130518971660e-01
1.600892800000000094e+01 1.054318480000000022e+02 1.063313762579327886e+02 1.601139316118789324e+01 1.068195092005624929e+02 3.390390625196231156e+01 1.612416100000000085e+01 1.068936029999999988e+02 0.000000000000000000e+00 -5.186948827792728497e-04 -4.894169458982571691e-02 -2.154175412372422826e+00
1.611448499999999839e+01 1.049920249999999982e+02 8.954067743848827376e+01 1.611757868060683663e+01 1.067919931995748755e+02 3.120050059494351657e+01 1.623105400000000031e+01 1.068936029999999988e+02 0.000000000000000000e+00 -6.509417347430023751e-04 -6.141990723958315468e-02 -2.703405657018794983e+00
1.622255600000000086e+01 1.057460070000000059e+02 8.129414970295783860e+01 1.622406811065835441e+01 1.067931732461459262e+02 2.987914618572424530e+01 1.633794800000000080e+01 1.068936029999999988e+02 0.000000000000000000e+00 -3.181633983559406238e-04 -3.002045402390423820e-02 -1.321354409219269499e+00
1.633125499999999874e+01 1.075052989999999937e+02 8.375977820282605535e+01 1.633094206761998635e+01 1.068292651467226335e+02 3.015260142402904719e+01 1.644484100000000026e+01 1.068936029999999988e+02 0.000000000000000000e+00 6.584414239493304550e-05 6.212754390991550787e-03 2.734552383048017843e-01
1.643744099999999975e+01 1.077566259999999971e+02 8.836327792422889615e+01 1.643772636531475939e+01 1.068537522921993315e+02 2.990323560189640162e+01 1.655173500000000075e+01 1.068936029999999988e+02 0.000000000000000000e+00 -6.004375266040997745e-05 -5.665455947341469824e-03 -2.493658221326452706e-01
1.654174199999999928e+01 1.063743249999999989e+02 8.176484189508391864e+01 1.654409910950900553e+01 1.068368590202909871e+02 2.784348089223577105e+01 1.665862900000000124e+01 1.068936029999999988e+02 0.000000000000000000e+00 -4.959597157529893477e-04 -4.679650751023389788e-02 -2.059754709660631011e+00
1.664792800000000028e+01 1.054318480000000022e+02 6.730189969171806297e+01 1.665042458375891243e+01 1.068151369632822281e+02 2.566184692907073028e+01 1.676552200000000070e+01 1.068936029999999988e+02 0.000000000000000000e+00 -5.253065108288723813e-04 -4.956553790098856133e-02 -2.181633963165040768e+00
1.675285699999999878e+01 1.052433520000000016e+02 6.134106604185944889e+01 1.675648845642952622e+01 1.067687022539559365e+02 2.248850709594128716e+01 1.687241600000000119e+01 1.068936029999999988e+02 0.000000000000000000e+00 -7.640952161312820424e-04 -7.209655625536422197e-02 -3.173339833129443122e+00
1.686029900000000126e+01 1.060601659999999953e+02 5.020084993360524095e+01 1.686275222049566835e+01 1.067424861288940292e+02 2.034476601694967002e+01 1.697930900000000065e+01 1.068936029999999988e+02 0.000000000000000000e+00 -5.161824413636879058e-04 -4.870463215784387456e-02 -2.143741078991617588e+00
1.696648499999999871e+01 1.063114939999999962e+02 5.007280322214137414e+01 1.696897992212153738e+01 1.067132983459653133e+02 1.816458406659643288e+01 1.708620300000000114e+01 1.068936029999999988e+02 0.000000000000000000e+00 -5.249568860335304329e-04 -4.953254894566901795e-02 -2.180181950353237585e+00
1.707329899999999867e+01 1.067513170000000002e+02 4.446693353980936081e+01 1.707528452763343196e+01 1.066920435654341048e+02 1.642953531535023259e+01 1.719309700000000163e+01 1.068936029999999988e+02 0.000000000000000000e+00 -4.177751261049986262e-04 -3.941936459780560897e-02 -1.735048751246199616e+00
1.718011299999999864e+01 1.066256529999999998e+02 4.164825491755982512e+01 1.718165940639654465e+01 1.066777717614307051e+02 1.507821164509017287e+01 1.729999000000000109e+01 1.068936029999999988e+02 0.000000000000000000e+00 -3.253795699801769782e-04 -3.070133931875156444e-02 -1.351323670260060394e+00
1.728504200000000068e+01 1.062486619999999959e+02 3.882377434199133859e+01 1.728777059354314716e+01 1.066386782647403493e+02 1.269383645637576485e+01 1.740688400000000158e+01 1.068936029999999988e+02 0.000000000000000000e+00 -5.741237206496985039e-04 -5.417170833544196484e-02 -2.384375188714408456e+00
1.739185700000000168e+01 1.060601659999999953e+02 2.808870274873152084e+01 1.739397084444305364e+01 1.066094052186657848e+02 1.084665835313716009e+01 1.751377700000000104e+01 1.068936029999999988e+02 0.000000000000000000e+00 -4.447742830604431343e-04 -4.196688253094037896e-02 -1.847178103238604319e+00
1.749867100000000164e+01 1.062486619999999959e+02 2.580096289951961808e+01 1.750025283820846411e+01 1.065888470976700972e+02 9.464372673347918763e+00 1.762067100000000153e+01 1.068936029999999988e+02 0.000000000000000000e+00 -3.328347824350465006e-04 -3.140477934882494188e-02 -1.382285679789241772e+00
1.760674200000000056e+01 1.071911400000000043e+02 2.353792339707342762e+01 1.760682826620838171e+01 1.065965987975642690e+02 9.388989145560641347e+00 1.772756499999999846e+01 1.068936029999999988e+02 0.000000000000000000e+00 -1.815128408982034247e-05 -1.712672779177538615e-03 -7.538352778727698544e-02
1.771418399999999949e+01 1.075052989999999937e+02 2.659120698650349368e+01 1.771356070672034377e+01 1.066183622431049400e+02 9.933652544660791506e+00 1.783445800000000148e+01 1.068936029999999988e+02 0.000000000000000000e+00 1.311472198202829850e-04 1.237445639511421981e-02 5.446633991001499364e-01
1.781911300000000153e+01 1.068769800000000032e+02 2.670781049122797413e+01 1.781999785362389588e+01 1.066107285915467031e+02 9.160425240002073366e+00 1.794135199999999841e+01 1.068936029999999988e+02 0.000000000000000000e+00 -1.861821658246288092e-04 -1.756730410289918456e-02 -7.732273046587185839e-01
1.792781199999999941e+01 1.068141480000000030e+02 1.615064498161791562e+01 1.792682156085676226e+01 1.066395525466187024e+02 1.002591820817847612e+01 1.804824500000000143e+01 1.068936029999999988e+02 0.000000000000000000e+00 2.083984286981842033e-04 1.966352983200058899e-02 8.654929681764019778e-01
1.803399800000000042e+01 1.068141480000000030e+02 2.199307669364497997e+01 1.803355858395051570e+01 1.066583023431783914e+02 1.040990091282765917e+01 1.815513899999999836e+01 1.068936029999999988e+02 0.000000000000000000e+00 9.245758803204685568e-05 8.723878351512120641e-03 3.839827046491821605e-01
1.814081200000000038e+01 1.071283080000000041e+02 1.683799158085275849e+01 1.814032463729434852e+01 1.066783880239431284e+02 1.083578169281046932e+01 1.826203299999999885e+01 1.068936029999999988e+02 0.000000000000000000e+00 1.025460502009250722e-04 9.675779851905225853e-03 4.258807799828100982e-01
1.824636999999999887e+01 1.062486619999999959e+02 1.455909201018494059e+01 1.824689746023298653e+01 1.066787519557449002e+02 1.037486178068445142e+01 1.836892599999999831e+01 1.068936029999999988e+02 0.000000000000000000e+00 -1.109829761537644985e-04 -1.047184989103025661e-02 -4.609199121260172949e-01
1.835318399999999883e+01 1.063114939999999962e+02 7.080578227301884908e+00 1.835351231815414152e+01 1.066826086039954475e+02 1.008796171636355332e+01 1.847581999999999880e+01 1.068936029999999988e+02 0.000000000000000000e+00 -6.908146547989633859e-05 -6.518213530143163008e-03 -2.869000643208984291e-01
1.846125500000000130e+01 1.068141480000000030e+02 5.296236842837060976e+00 1.846038337043009747e+01 1.067100013281349078e+02 1.084963321253581192e+01 1.858271399999999929e+01 1.068936029999999988e+02 0.000000000000000000e+00 1.833996910988282812e-04 1.730476242310000426e-02 7.616714961722581556e-01
1.856869700000000023e+01 1.075052989999999937e+02 8.876111746710193984e+00 1.856737661826694463e+01 1.067470649552157624e+02 1.200344575504667510e+01 1.868960699999999875e+01 1.068936029999999988e+02 0.000000000000000000e+00 2.778216921049914633e-04 2.621399386831789122e-02 1.153812542510863404e+00
1.867362599999999873e+01 1.068769800000000032e+02 9.562114487002872920e+00 1.867404212750302150e+01 1.067508068781546768e+02 1.163981369299761504e+01 1.879650099999999924e+01 1.068936029999999988e+02 0.000000000000000000e+00 -8.755744201587239235e-05 -8.261522816125081020e-03 -3.636320620490609001e-01
1.878232600000000119e+01 1.068141480000000030e+02 -3.878038179609575309e-01 1.878106424113489936e+01 1.067874968257069099e+02 1.274239877713473845e+01 1.890339399999999870e+01 1.068936029999999988e+02 0.000000000000000000e+00 2.654868468790215529e-04 2.505013385923959487e-02 1.102585084137122973e+00
1.888851100000000116e+01 1.068141480000000030e+02 6.099101751416128536e+00 1.888797160362203087e+01 1.068109480467842189e+02 1.321374906223098833e+01 1.901028799999999919e+01 1.068936029999999988e+02 0.000000000000000000e+00 1.134944620356403326e-04 1.070882230017813908e-02 4.713502850962505986e-01
1.899595400000000112e+01 1.073168029999999931e+02 1.608176759270463663e+00 1.899499164730009682e+01 1.068432677158613160e+02 1.405469875708983274e+01 1.911718199999999968e+01 1.068936029999999988e+02 0.000000000000000000e+00 2.024887567479449779e-04 1.910592001486035446e-02 8.409496948588445209e-01
1.910151099999999857e+01 1.064999889999999994e+02 2.663552924262148736e+00 1.910178441341345135e+01 1.068518942438354316e+02 1.381577707418376555e+01 1.922407499999999914e+01 1.068936029999999988e+02 0.000000000000000000e+00 -5.752895188591034692e-05 -5.428170782983613232e-03 -2.389216829060673009e-01
1.920832499999999854e+01 1.064999889999999994e+02 -4.276780402932672587e+00 1.920858789894467833e+01 1.068604905975009558e+02 1.358604343564976880e+01 1.933096899999999962e+01 1.068936029999999988e+02 0.000000000000000000e+00 -5.531660114551570091e-05 -5.219423408668129663e-03 -2.297336385339971421e-01
1.931639600000000101e+01 1.068141480000000030e+02 -5.503331252798489004e+00 1.931561872838542371e+01 1.068895080823408961e+02 1.426526044947750371e+01 1.943786199999999909e+01 1.068936029999999988e+02 0.000000000000000000e+00 1.635458215270634117e-04 1.543144140428433057e-02 6.792170138277350278e-01
1.942383900000000096e+01 1.075052989999999937e+02 -1.353775060402767849e+00 1.942274546081925379e+01 1.069254837532501057e+02 1.522084714904770486e+01 1.954475599999999957e+01 1.068936029999999988e+02 0.000000000000000000e+00 2.300917212677162644e-04 2.171041045973869793e-02 9.555866995702017030e-01
1.953002499999999841e+01 1.072539710000000071e+02 -8.510638430107064778e-02 1.952973877882974207e+01 1.069463870479949463e+02 1.547096086078645705e+01 1.965165000000000006e+01 1.068936029999999988e+02 0.000000000000000000e+00 6.022383366552536176e-05 5.682447595793420000e-03 2.501137117387520203e-01
1.963683899999999838e+01 1.067513170000000002e+02 -4.171600381971074967e+00 1.963671829823272219e+01 1.069642543426652281e+02 1.557643582268420701e+01 1.975854299999999952e+01 1.068936029999999988e+02 0.000000000000000000e+00 2.539687455419445983e-05 2.396333809501595153e-03 1.054749618977499082e-01
1.974365299999999834e+01 1.066256529999999998e+02 -5.357784018156053207e+00 1.974368384970322765e+01 1.069792183086912445e+02 1.554947788042701795e+01 1.986543700000000001e+01 1.068936029999999988e+02 0.000000000000000000e+00 -6.491090069476378811e-06 -6.124697966582124146e-04 -2.695794225718962239e-02
1.985046699999999831e+01 1.068141480000000030e+02 -6.450293943289580056e+00 1.985063540800138071e+01 1.069914243244450773e+02 1.540231493551254616e+01 1.997232999999999947e+01 1.068936029999999988e+02 0.000000000000000000e+00 -3.543474947836451540e-05 -3.343462126596673852e-03 -1.471629449144714052e-01
1.995728099999999827e+01 1.068141480000000030e+02 -7.450162038360758743e+00 1.995757307743268782e+01 1.070010279253870920e+02 1.514708374231032728e+01 2.007922399999999996e+01 1.068936029999999988e+02 0.000000000000000000e+00 -6.145605060748290135e-05 -5.798713993501218404e-03 -2.552311932022196528e-01
2.006409499999999824e+01 1.068141480000000030e+02 -8.358747367168689379e+00 2.006449707768247137e+01 1.070081924222434537e+02 1.479572908367031125e+01 2.018611800000000045e+01 1.068936029999999988e+02 0.000000000000000000e+00 -8.460121747514878201e-05 -7.982586885945280528e-03 -3.513546586400163596e-01
2.016965300000000028e+01 1.064371569999999991e+02 -9.177710837299855484e+00 2.017118939491526675e+01 1.069924855732510736e+02 1.345315391841629449e+01 2.029301099999999991e+01 1.068936029999999988e+02 0.000000000000000000e+00 -3.232730539895235246e-04 -3.050257807604667484e-02 -1.342575165254017433e+00
2.027646700000000024e+01 1.063114939999999962e+02 -1.518419011369951477e+01 2.027788933365590651e+01 1.069777006466091365e+02 1.221025092246951438e+01 2.039990500000000040e+01 1.068936029999999988e+02 0.000000000000000000e+00 -2.992734095704698981e-04 -2.823808056035035860e-02 -1.242902995946779665e+00
2.038453799999999916e+01 1.068141480000000030e+02 -1.549130703504124540e+01 2.038481488088495297e+01 1.069844138858405813e+02 1.196829919756587834e+01 2.050679799999999986e+01 1.068936029999999988e+02 0.000000000000000000e+00 -5.825854302305286456e-05 -5.497011691025924414e-03 -2.419517249036358675e-01
2.049135199999999912e+01 1.073168029999999931e+02 -1.043553345157397416e+01 2.049172648374656092e+01 1.069889474300773458e+02 1.164105743638485890e+01 2.061369200000000035e+01 1.068936029999999988e+02 0.000000000000000000e+00 -7.879517383122076001e-05 -7.434754960792175869e-03 -3.272417611810197746e-01
2.059879400000000160e+01 1.073796349999999933e+02 -1.091867704260221217e+01 2.059873389781411035e+01 1.070017817169364349e+02 1.169357759338286940e+01 2.072058600000000084e+01 1.068936029999999988e+02 0.000000000000000000e+00 1.264610875252860819e-05 1.193229422712686547e-03 5.252015699801081822e-02
2.070309500000000114e+01 1.063114939999999962e+02 -8.689373574583441950e+00 2.070528147072925407e+01 1.069700665371389903e+02 9.782935172181186800e+00 2.082747900000000030e+01 1.068936029999999988e+02 0.000000000000000000e+00 -4.600555905878794490e-04 -4.340875739082843826e-02 -1.910642421201681929e+00
2.080990900000000110e+01 1.059973339999999951e+02 -1.974953294565239048e+01 2.081184836639789992e+01 1.069413465624240303e+02 8.088224302945070221e+00 2.093437300000000079e+01 1.068936029999999988e+02 0.000000000000000000e+00 -4.080623360830715803e-04 -3.850290988714801660e-02 -1.694710869236116357e+00
2.091798000000000002e+01 1.064371569999999991e+02 -1.950853471608297696e+01 2.091865229863022435e+01 1.069360874101790415e+02 7.500737690168800320e+00 2.104126600000000025e+01 1.068936029999999988e+02 0.000000000000000000e+00 -1.414584422491821402e-04 -1.334737654794036603e-02 -5.874866127762696788e-01
2.102479399999999998e+01 1.073168029999999931e+02 -1.392066053448161256e+01 2.102545339336543861e+01 1.069304969839932653e+02 6.924528313354823439e+00 2.114816000000000074e+01 1.068936029999999988e+02 0.000000000000000000e+00 -1.387430438076089445e-04 -1.309116387594236493e-02 -5.762093768139769923e-01
2.113035199999999847e+01 1.068141480000000030e+02 -1.388899202952416090e+01 2.113203353963931264e+01 1.069040373259678063e+02 5.455118764437184353e+00 2.125505400000000122e+01 1.068936029999999988e+02 0.000000000000000000e+00 -3.538129742742272734e-04 -3.338418633881246739e-02 -1.469409548917639308e+00
2.123716599999999843e+01 1.063114939999999962e+02 -1.907608986834748066e+01 2.123863187051821555e+01 1.068803900118277710e+02 4.174171181273406361e+00 2.136194700000000068e+01 1.068936029999999988e+02 0.000000000000000000e+00 -3.084340064479110612e-04 -2.910243290446124995e-02 -1.280947583163777992e+00
2.134523700000000090e+01 1.068141480000000030e+02 -1.859664225939377502e+01 2.134546613523997749e+01 1.068800150820722905e+02 3.973941878464265276e+00 2.146884100000000117e+01 1.068936029999999988e+02 0.000000000000000000e+00 -4.821237565458893630e-05 -4.549100936757027348e-03 -2.002293028091410854e-01
2.145205100000000087e+01 1.073168029999999931e+02 -1.278845560947593185e+01 2.145229648480354001e+01 1.068791153294904319e+02 3.759425547113545818e+00 2.157573400000000063e+01 1.068936029999999988e+02 0.000000000000000000e+00 -5.165248945071469186e-05 -4.873694460332313530e-03 -2.145163313507193747e-01
2.155823699999999832e+01 1.070026440000000036e+02 -1.255444864499986579e+01 2.155901399270884511e+01 1.068674488508419245e+02 3.080452254317593841e+00 2.168262800000000112e+01 1.068936029999999988e+02 0.000000000000000000e+00 -1.634871369582399170e-04 -1.542590419562902410e-02 -6.789732927959520881e-01
2.166505099999999828e+01 1.065628209999999996e+02 -1.491935341409407556e+01 2.166573835527332292e+01 1.068568830018194689e+02 2.479808428524913122e+00 2.178952200000000161e+01 1.068936029999999988e+02 0.000000000000000000e+00 -1.446265124888714297e-04 -1.364630127677743734e-02 -6.006438257926808300e-01
2.177312200000000075e+01 1.070026440000000036e+02 -1.444210261268926843e+01 2.177268783160734245e+01 1.068679825050710832e+02 2.859205480568180580e+00 2.189641500000000107e+01 1.068936029999999988e+02 0.000000000000000000e+00 9.135342798708354897e-05 8.619694823093031893e-03 3.793970520432674576e-01
2.187993600000000072e+01 1.073168029999999931e+02 -8.653430028393813700e+00 2.187962308433990799e+01 1.068770541330609802e+02 3.132646110945526363e+00 2.200330900000000156e+01 1.068936029999999988e+02 0.000000000000000000e+00 6.584062475273432110e-05 6.212422509336214260e-03 2.734406303773456726e-01
2.198675000000000068e+01 1.071911400000000043e+02 -8.455133393043070100e+00 2.198654486688205978e+01 1.068842593577029021e+02 3.311901214586490116e+00 2.211020200000000102e+01 1.068936029999999988e+02 0.000000000000000000e+00 4.316208603504288435e-05 4.072578530985388780e-03 1.792551036409636700e-01
2.209356400000000065e+01 1.068141480000000030e+02 -8.233222995561845892e+00 2.209345393994158258e+01 1.068897563192116991e+02 3.408076943677889048e+00 2.221709600000000151e+01 1.068936029999999988e+02 0.000000000000000000e+00 2.315775121157969893e-05 2.185060294208105314e-03 9.617572909139911197e-02
2.220037800000000061e+01 1.068141480000000030e+02 -7.990047685345416539e+00 2.220035106722744445e+01 1.068936991017767610e+02 3.431612085075411933e+00 2.232398999999999845e+01 1.068936029999999988e+02 0.000000000000000000e+00 5.666928177847696962e-06 5.347056213891756941e-04 2.353514139752267004e-02
2.230593599999999910e+01 1.064371569999999991e+02 -7.727904693467280595e+00 2.230701867611337974e+01 1.068756359716196869e+02 2.485518051768815795e+00 2.243088300000000146e+01 1.068936029999999988e+02 0.000000000000000000e+00 -2.278060218836964817e-04 -2.149474224215972701e-02 -9.460940333065962493e-01
2.241400700000000157e+01 1.066884850000000000e+02 -1.272423308138968423e+01 2.241391492777323791e+01 1.068799494313407052e+02 2.565975155512011607e+00 2.253777699999999840e+01 1.068936029999999988e+02 0.000000000000000000e+00 1.937292921293722007e-05 1.827941669253476883e-03 8.045710374319590963e-02
2.252144900000000050e+01 1.071283080000000041e+02 -6.812739987080931314e+00 2.252090964578311016e+01 1.068932233917616799e+02 3.037288598317462007e+00 2.264467000000000141e+01 1.068936029999999988e+02 0.000000000000000000e+00 1.134855909519950771e-04 1.070798526547105979e-02 4.713134428054503999e-01
2.262826300000000046e+01 1.074424669999999935e+02 -3.869122970502758108e+00 2.262788411009366385e+01 1.069037829123316214e+02 3.368380672150650401e+00 2.275156399999999834e+01 1.068936029999999988e+02 0.000000000000000000e+00 7.972227449074662680e-05 7.522231971618684697e-03 3.310920738331882829e-01
2.273507700000000042e+01 1.070026440000000036e+02 -3.723472658439277438e+00 2.273483954097969217e+01 1.069118656488222570e+02 3.575883691282878196e+00 2.285845799999999883e+01 1.068936029999999988e+02 0.000000000000000000e+00 4.996378335915457121e-05 4.714355818473138157e-03 2.075030191322277673e-01
2.284063499999999891e+01 1.064371569999999991e+02 -3.570922779931606783e+00 2.284155881461666482e+01 1.068971007223491085e+02 2.768610411753479106e+00 2.296535099999999829e+01 1.068936029999999988e+02 0.000000000000000000e+00 -1.943799536930144295e-04 -1.834081016443720250e-02 -8.072732795293990904e-01
2.294933400000000034e+01 1.068769800000000032e+02 -8.687728018469897506e+00 2.294860969975335863e+01 1.069142491153341865e+02 3.401538517589581367e+00 2.307224499999999878e+01 1.068936029999999988e+02 0.000000000000000000e+00 1.524001091368667982e-04 1.437978257332663684e-02 6.329281058361021506e-01
2.305363499999999988e+01 1.064371569999999991e+02 -2.688364850000652950e-01 2.305519699092432973e+01 1.068866399093745656e+02 2.036596338357917979e+00 2.317913799999999824e+01 1.068936029999999988e+02 0.000000000000000000e+00 -3.286587136240928255e-04 -3.101074447721737307e-02 -1.364942179231663388e+00
2.316044899999999984e+01 1.063743249999999989e+02 -1.082554933031497058e+01 2.316180031811208195e+01 1.068618483212282797e+02 8.557501119097974396e-01 2.328603199999999873e+01 1.068936029999999988e+02 0.000000000000000000e+00 -2.843310197880543591e-04 -2.682818448464429489e-02 -1.180846226448120539e+00
2.326726299999999981e+01 1.060601659999999953e+02 -1.014879209771606838e+01 2.326841929758339234e+01 1.068397476966649435e+02 -1.546778737665324144e-01 2.339292599999999922e+01 1.068936029999999988e+02 0.000000000000000000e+00 -2.432967249716729138e-04 -2.295637467524438979e-02 -1.010427985676329854e+00
2.337596200000000124e+01 1.073796349999999933e+02 -9.470015372268790088e+00 2.337538117863921627e+01 1.068511242655645503e+02 3.528715374268007743e-01 2.349981899999999868e+01 1.068936029999999988e+02 0.000000000000000000e+00 1.222106980954982755e-04 1.153124677337789318e-02 5.075494111933331887e-01
2.348277600000000120e+01 1.075681309999999939e+02 -8.751911857680170215e-01 2.348232696157415589e+01 1.068603920518223163e+02 7.452627338052144612e-01 2.360671299999999917e+01 1.068936029999999988e+02 0.000000000000000000e+00 9.448223360798744077e-05 8.914914720330945411e-03 3.923911963784136869e-01
2.358959099999999864e+01 1.073796349999999933e+02 -7.093806474931625417e-01 2.358925782884369227e+01 1.068677518764172021e+02 1.036403583001528794e+00 2.371360599999999863e+01 1.068936029999999988e+02 0.000000000000000000e+00 7.010258634875493708e-05 6.614561861086942773e-03 2.911408491963143885e-01
2.369640499999999861e+01 1.068141480000000030e+02 -5.463393427944538416e-01 2.369617458134176147e+01 1.068733628610826401e+02 1.237754397920144189e+00 2.382049999999999912e+01 1.068936029999999988e+02 0.000000000000000000e+00 4.848241986033637946e-05 4.574581082443091723e-03 2.013508149186154783e-01
2.380196199999999962e+01 1.064371569999999991e+02 -3.949858911391856964e-01 2.380285968174688094e+01 1.068567786301918687e+02 4.533172665907908572e-01 2.392739399999999961e+01 1.068936029999999988e+02 0.000000000000000000e+00 -1.888813331623828912e-04 -1.782198528869374105e-02 -7.844371313293533321e-01
2.390877599999999958e+01 1.063114939999999962e+02 -5.530454705829470186e+00 2.390955316388214413e+01 1.068418026448992606e+02 -2.258056056310748794e-01 2.403428699999999907e+01 1.068936029999999988e+02 0.000000000000000000e+00 -1.635231535623300064e-04 -1.542930255920531984e-02 -6.791228722218657365e-01
2.401621899999999954e+01 1.066256529999999998e+02 -5.055167481885291636e+00 2.401636428432955483e+01 1.068386924593972651e+02 -3.527619831003590001e-01 2.414118099999999956e+01 1.068936029999999988e+02 0.000000000000000000e+00 -3.056929468552463082e-05 -2.884379896359246225e-03 -1.269563774692841207e-01
2.412366099999999847e+01 1.072539710000000071e+02 -1.945365787942137104e+00 2.412328245096059831e+01 1.068458551620369974e+02 -2.196777505680552744e-02 2.424807399999999902e+01 1.068936029999999988e+02 0.000000000000000000e+00 7.965055263486440910e-05 7.515464622829349205e-03 3.307942080435534726e-01
2.423110399999999842e+01 1.074424669999999935e+02 9.818183406714524608e-01 2.423029790557218632e+01 1.068618368649210026e+02 6.824359880018107116e-01 2.435496799999999951e+01 1.068936029999999988e+02 0.000000000000000000e+00 1.696104334399669124e-04 1.600367065906447422e-02 7.044037630586162946e-01
2.433917500000000089e+01 1.076309619999999967e+02 3.733447784535201208e+00 2.433751034411620751e+01 1.068955682882308196e+02 2.137091706099927269e+00 2.446186199999999999e+01 1.068936029999999988e+02 0.000000000000000000e+00 3.502604611043328548e-04 3.304898732182118271e-02 1.454655718098116557e+00
2.444661699999999982e+01 1.076937939999999969e+02 8.941898981085614651e+00 2.444479115684590909e+01 1.069339544737217835e+02 3.732600549882171492e+00 2.456875499999999946e+01 1.068936029999999988e+02 0.000000000000000000e+00 3.841758956200451956e-04 3.624909378485354633e-02 1.595508843782244446e+00
2.455343099999999978e+01 1.074424669999999935e+02 1.115848713009927451e+01 2.455202319421772827e+01 1.069656367279525853e+02 4.962808397097107971e+00 2.467564899999999994e+01 1.068936029999999988e+02 0.000000000000000000e+00 2.962165978235430271e-04 2.794965368091799698e-02 1.230207847214936034e+00
2.465835999999999828e+01 1.064371569999999991e+02 1.055761434423038736e+01 2.465888156895763927e+01 1.069602446479692333e+02 4.507036562208378783e+00 2.478254199999999940e+01 1.068936029999999988e+02 0.000000000000000000e+00 -1.097433922407150696e-04 -1.035488838044322339e-02 -4.557718348887296322e-01
2.476643100000000075e+01 1.064371569999999991e+02 2.031451945273147430e+00 2.476594609586584994e+01 1.069743786535271823e+02 4.930768925359309662e+00 2.488943599999999989e+01 1.068936029999999988e+02 0.000000000000000000e+00 1.020287419596767960e-04 9.626968995748323710e-03 4.237323631509313238e-01
2.487387400000000071e+01 1.069398120000000034e+02 7.204727192098289379e+00 2.487308826624538227e+01 1.069949088656453142e+02 5.617380560945829160e+00 2.499633000000000038e+01 1.068936029999999988e+02 0.000000000000000000e+00 1.653263415445197534e-04 1.559944319277005442e-02 6.866116355865198306e-01
2.498131599999999963e+01 1.076309619999999967e+02 9.399746069891989464e+00 2.498029980212781354e+01 1.070207011730012283e+02 6.505382735981979359e+00 2.510322299999999984e+01 1.068936029999999988e+02 0.000000000000000000e+00 2.138183265083621004e-04 2.017492679496912106e-02 8.880021750361501987e-01
2.508812999999999960e+01 1.072539710000000071e+02 1.141938488152118225e+01 2.508746390841024976e+01 1.070404307017719105e+02 7.087445340775892610e+00 2.521011700000000033e+01 1.068936029999999988e+02 0.000000000000000000e+00 1.401524180670462552e-04 1.322414603469604204e-02 5.820626047939132519e-01
2.519557299999999955e+01 1.071911400000000043e+02 1.063228394794805354e+01 2.519469303614410549e+01 1.070649883730015546e+02 7.856399733788187234e+00 2.531700999999999979e+01 1.068936029999999988e+02 0.000000000000000000e+00 1.851533094143581427e-04 1.747022588887267927e-02 7.689543930122949567e-01
2.530175799999999953e+01 1.068769800000000032e+02 1.248955347781793535e+01 2.530176126560136396e+01 1.070727799396252777e+02 7.853546095540729688e+00 2.542390400000000028e+01 1.068936029999999988e+02 0.000000000000000000e+00 -6.871156081419811755e-07 -6.483311005339770412e-05 -2.853638247457605543e-03
2.540920099999999948e+01 1.069398120000000034e+02 8.899330711276888906e+00 2.540890107877748960e+01 1.070865879251799555e+02 8.115631566510089101e+00 2.553079800000000077e+01 1.068936029999999988e+02 0.000000000000000000e+00 6.310646345264950957e-05 5.954439459132997853e-03 2.620854709693593576e-01
2.551601499999999945e+01 1.068769800000000032e+02 1.077074412175261386e+01 2.551599577058265922e+01 1.070950853250002552e+02 8.132435148657670254e+00 2.563769100000000023e+01 1.068936029999999988e+02 0.000000000000000000e+00 4.046064204733235194e-06 3.817682537847877215e-04 1.680358214758068472e-02
2.562157300000000149e+01 1.066256529999999998e+02 9.842835602285958885e+00 2.562283036069731068e+01 1.070782549446210794e+02 7.033693393160043605e+00 2.574458500000000072e+01 1.068936029999999988e+02 0.000000000000000000e+00 -2.645614279217444972e-04 -2.496281552782791957e-02 -1.098741755497626871e+00
2.572838700000000145e+01 1.063114939999999962e+02 3.654061684464977589e+00 2.572964701299120449e+01 1.070602731655811084e+02 5.932633936740121072e+00 2.585147900000000121e+01 1.068936029999999988e+02 0.000000000000000000e+00 -2.651194974247979329e-04 -2.501547243313117369e-02 -1.101059456419922089e+00
2.583582900000000038e+01 1.066256529999999998e+02 3.096467142622714164e+00 2.583655706105288630e+01 1.070517513523611512e+02 5.296419459010783370e+00 2.595837200000000067e+01 1.068936029999999988e+02 0.000000000000000000e+00 -1.531914208687770620e-04 -1.445444715669156124e-02 -6.362144777293372577e-01
2.594264300000000034e+01 1.070654760000000039e+02 5.196923111299838638e+00 2.594344310947602139e+01 1.070411629224728358e+02 4.597245632314947983e+00 2.606526600000000116e+01 1.068936029999999988e+02 0.000000000000000000e+00 -1.683511389556214654e-04 -1.588484934732395382e-02 -6.991738266958358317e-01
2.605134200000000178e+01 1.075681309999999939e+02 4.511924644789360173e+00 2.605063527344723440e+01 1.070597910540737274e+02 5.214817006149444545e+00 2.617215900000000062e+01 1.068936029999999988e+02 0.000000000000000000e+00 1.487024259228334204e-04 1.403088596857433173e-02 6.175713738344964510e-01
2.615690000000000026e+01 1.071911400000000043e+02 1.176607600275747245e+01 2.615755900961167413e+01 1.070519223259981345e+02 4.638942971619015587e+00 2.627905300000000111e+01 1.068936029999999988e+02 0.000000000000000000e+00 -1.386622981388240753e-04 -1.308354508174600951e-02 -5.758740345304288466e-01
2.626245700000000127e+01 1.064999889999999994e+02 5.343360760036375723e+00 2.626423842214403948e+01 1.070211940808160307e+02 3.082251325369695483e+00 2.638594700000000159e+01 1.068936029999999988e+02 0.000000000000000000e+00 -3.748292651160178152e-04 -3.536718815372232039e-02 -1.556691646249320105e+00
2.637052800000000019e+01 1.063114939999999962e+02 -7.206336833105524420e-01 2.637113370986005023e+01 1.070122509654091374e+02 2.552953156292211201e+00 2.649284000000000106e+01 1.068936029999999988e+02 0.000000000000000000e+00 -1.274474904651673555e-04 -1.202536673225418351e-02 -5.292981690774841708e-01
2.647797100000000015e+01 1.071283080000000041e+02 4.141038201400078833e+00 2.647811660131119993e+01 1.070119132455231608e+02 2.425719785140989959e+00 2.659973400000000154e+01 1.068936029999999988e+02 0.000000000000000000e+00 -3.063599083463406075e-05 -2.890673042268739144e-03 -1.272333711512212973e-01
2.658667000000000158e+01 1.080079539999999980e+02 6.056017412592154869e+00 2.658539747877346215e+01 1.070396027680510684e+02 3.537709534261542998e+00 2.670662700000000100e+01 1.068936029999999988e+02 0.000000000000000000e+00 2.677513568494134543e-04 2.526380274276956994e-02 1.111989749120553039e+00
2.669348400000000154e+01 1.077566259999999971e+02 1.310586259798856190e+01 2.669262053266961487e+01 1.070602831922644782e+02 4.292248476376092192e+00 2.681352100000000149e+01 1.068936029999999988e+02 0.000000000000000000e+00 1.816822733363089224e-04 1.714271467915651562e-02 7.545389421145491937e-01
2.679966999999999899e+01 1.071911400000000043e+02 1.176067244933710754e+01 2.679968070875548491e+01 1.070643628361252837e+02 4.282890655008529279e+00 2.692040499999999881e+01 1.068840320000000048e+02 -9.570695000000000618e+00 -2.253230634815665025e-06 -2.126046155723689565e-04 -9.357821367562711712e-03
2.690648399999999896e+01 1.065628209999999996e+02 7.809198885317528038e+00 2.690670145772807942e+01 1.070643284635138173e+02 4.092865719116994150e+00 2.702720300000000009e+01 1.067979200000000048e+02 -8.611257000000000517e+01 -4.575530886001683142e-05 -4.317263266471952146e-03 -1.900249358915351572e-01
2.701078499999999849e+01 1.058716710000000063e+02 6.699615099822040065e+00 2.701324931564825960e+01 1.070194964208422448e+02 1.939429153725938271e+00 2.713383800000000079e+01 1.066352650000000040e+02 -1.626544460000000072e+02 -5.185169761939258321e-04 -4.892490839069229408e-02 -2.153436565391055879e+00
2.711822700000000097e+01 1.059973339999999951e+02 -4.926132041960954666e+00 2.711991467736890016e+01 1.069879298091912290e+02 4.646561637750734608e-01 2.724023400000000095e+01 1.063960689999999971e+02 -2.391963210000000117e+02 -3.551044147812850772e-04 -3.350604080474137159e-02 -1.474772989950864810e+00
2.722315700000000049e+01 1.057460070000000059e+02 -2.641444600646536855e+00 2.722625168618361258e+01 1.069269545933410086e+02 -2.239628245125927286e+00 2.734631500000000059e+01 1.060803310000000010e+02 -3.157381970000000138e+02 -6.511533225577688161e-04 -6.143987201398588144e-02 -2.704284408901000969e+00
2.732745699999999900e+01 1.054946800000000025e+02 -1.103314433850664500e+01 2.733218310136060936e+01 1.068308860449750881e+02 -6.369521056896873645e+00 2.745200300000000126e+01 1.056880510000000015e+02 -3.922800720000000183e+02 -9.944196022211328461e-04 -9.382892012079792343e-02 -4.129892811770946359e+00
2.743050200000000061e+01 1.041123790000000042e+02 -2.152100288587371324e+01 2.743753168558619748e+01 1.066849537517697115e+02 -1.251239564977072405e+01 2.755722199999999944e+01 1.052192289999999986e+02 -4.688219480000000203e+02 -1.479117058856686514e-03 -1.395627721484831996e-01 -6.142874592873849515e+00
2.753103300000000075e+01 1.026672460000000058e+02 -3.656020170826650428e+01 2.754191970923374910e+01 1.064563037633917730e+02 -2.202572149229721532e+01 2.766189599999999871e+01 1.046738650000000064e+02 -5.453638230000000249e+02 -2.290673906393430811e-03 -2.161375927281742326e-01 -9.513325842526491272e+00
2.763407700000000133e+01 1.020389279999999985e+02 -6.110229575415178260e+01 2.764588126351441844e+01 1.061999239276161831e+02 -3.234085003413125037e+01 2.776594800000000163e+01 1.040519589999999965e+02 -6.219056980000000294e+02 -2.483736621975990086e-03 -2.343541142832987756e-01 -1.031512854183403860e+01
2.773774900000000088e+01 1.024787510000000026e+02 -7.336063451510653977e+01 2.774957641011566167e+01 1.059327694258420820e+02 -4.267620518026350851e+01 2.786930100000000010e+01 1.033535119999999949e+02 -6.984475740000000314e+02 -2.488606901355469841e-03 -2.348136517399637968e-01 -1.033535514613225637e+01
2.784519200000000083e+01 1.046150339999999943e+02 -8.193775828545312834e+01 2.785369807672784148e+01 1.057212191460408803e+02 -5.010922077901036431e+01 2.797187999999999874e+01 1.025785220000000066e+02 -7.749894490000000360e+02 -1.789764711070116528e-03 -1.688740746209418109e-01 -7.433015598746855801e+00
2.794823600000000141e+01 1.049920249999999982e+02 -7.381791604476620705e+01 2.795745456235822957e+01 1.054880906277183215e+02 -5.816484030833401420e+01 2.807360699999999909e+01 1.017269909999999982e+02 -8.515313250000000380e+02 -1.939678905264443070e-03 -1.830192975435534775e-01 -8.055619529323651662e+00
2.805002400000000051e+01 1.039867150000000038e+02 -8.435102909113720671e+01 2.806067292819805914e+01 1.052185089435828047e+02 -6.747038173932413940e+01 2.817440600000000117e+01 1.007989180000000005e+02 -9.280732000000000426e+02 -2.240642367734985846e-03 -2.114168438271866179e-01 -9.305541430990126983e+00
2.814866999999999919e+01 1.012221140000000048e+02 -9.917308103254890739e+01 2.816286989929293227e+01 1.048691230643079280e+02 -7.987893110022372412e+01 2.827420000000000044e+01 9.979430299999999932e+01 -1.004615076000000045e+03 -2.987802657841078825e-03 -2.819154975355493420e-01 -1.240854936089957938e+01
2.825108600000000081e+01 1.007194590000000005e+02 -1.258856829171400022e+02 2.826481116841883434e+01 1.045167536314278323e+02 -9.187263797788645547e+01 2.837291300000000049e+01 9.871314599999999473e+01 -1.081156950999999935e+03 -2.887914472852584884e-03 -2.724905017798717188e-01 -1.199370687766272781e+01
2.834973199999999949e+01 1.001539719999999960e+02 -1.346328088203963489e+02 2.836588353842889632e+01 1.041042189311201724e+02 -1.059866227122134177e+02 2.847046800000000033e+01 9.755544700000000091e+01 -1.157698826999999937e+03 -3.398447302376161189e-03 -3.206620623297808392e-01 -1.411398473432696221e+01
2.844523600000000130e+01 9.883450299999999800e+01 -1.581236493724118191e+02 2.846564128531128546e+01 1.035931191423062643e+02 -1.238177343831469273e+02 2.856679000000000102e+01 9.632120600000000366e+01 -1.234240702000000056e+03 -4.293478737373861501e-03 -4.051131661016937890e-01 -1.783111167093351668e+01
2.854136899999999955e+01 9.663538800000000606e+01 -1.927373201639366016e+02 2.856433930972779933e+01 1.030132639275248465e+02 -1.438902867451489556e+02 2.866179999999999950e+01 9.501042400000000043e+01 -1.310782576999999947e+03 -4.833185858600329114e-03 -4.560374803982683578e-01 -2.007255236200203541e+01
2.863875799999999927e+01 9.632122900000000243e+01 -2.218228739633022997e+02 2.866232243308125049e+01 1.024015408245603709e+02 -1.644820124340643019e+02 2.875542300000000040e+01 9.362309899999999629e+01 -1.387324452999999949e+03 -4.958195430703866979e-03 -4.678328162193235995e-01 -2.059172568891534993e+01
2.873049299999999917e+01 9.531591899999999384e+01 -2.429564384640498247e+02 2.875870553065384883e+01 1.016769457118893598e+02 -1.891354675038774644e+02 2.884758199999999917e+01 9.215923300000000040e+01 -1.463866328000000067e+03 -5.936202245740439080e-03 -5.601131002369510448e-01 -2.465345506981315893e+01
2.882159899999999908e+01 9.324246800000000235e+01 -2.855483720531938161e+02 2.885356247061993429e+01 1.008532284394803042e+02 -2.170666728421074936e+02 2.893820099999999940e+01 9.061882500000000107e+01 -1.540408204000000069e+03 -6.725438012056074270e-03 -6.345818049051834553e-01 -2.793120533823001850e+01
2.891019199999999856e+01 9.054069900000000359e+01 -3.270272864643720823e+02 2.894663846110059779e+01 9.991257760574917768e+01 -2.489153291084210196e+02 2.902720300000000009e+01 8.900187400000000082e+01 -1.616950078999999960e+03 -7.668704622395847680e-03 -7.235841608890167809e-01 -3.184865626631351176e+01
2.899752799999999908e+01 8.896990200000000470e+01 -3.751985514077359767e+02 2.903792635740400030e+01 9.886161975561840620e+01 -2.842173408766498710e+02 2.911455399999999827e+01 8.735035899999999742e+01 -1.651515151999999944e+03 -8.500223637793825893e-03 -8.020425210223407486e-01 -3.530201176822887277e+01
2.908360800000000168e+01 8.733627400000000307e+01 -4.241831065385713373e+02 2.912742609699837359e+01 9.770746662424605233e+01 -3.225076842296895734e+02 2.920025199999999899e+01 8.569884399999999403e+01 -1.651515151999999944e+03 -9.219771490804145458e-03 -8.699357904957081278e-01 -3.829034335303971659e+01
2.916717399999999927e+01 8.570264600000000144e+01 -4.737222193140851232e+02 2.921492501293561617e+01 9.643694161314206781e+01 -3.642347971353017329e+02 2.928430000000000177e+01 8.404732900000000484e+01 -1.651515151999999944e+03 -1.004729684488940220e-02 -9.480173268742884130e-01 -4.172711290561218789e+01
2.924822699999999998e+01 8.356636299999999551e+01 -5.288581520019824893e+02 2.930023650949099334e+01 9.504014408846474282e+01 -4.096831874683472847e+02 2.936669499999999999e+01 8.239581400000000144e+01 -1.651515151999999944e+03 -1.094332765919909731e-02 -1.032562727542027936e+00 -4.544839033304555898e+01
2.932739499999999921e+01 8.124158500000000060e+01 -5.890193244901829530e+02 2.938330729807314157e+01 9.352041476584591351e+01 -4.585420206339616129e+02 2.944744000000000028e+01 8.074429899999999805e+01 -1.651515151999999944e+03 -1.176451391257954220e-02 -1.110046135150478230e+00 -4.885883316561431400e+01
2.940342199999999906e+01 7.879114199999999357e+01 -6.510139454662403296e+02 2.946387790664524431e+01 9.186162078220405647e+01 -5.113712757075393824e+02 2.952653300000000058e+01 7.909278399999999465e+01 -1.651515151999999944e+03 -1.272053518342558358e-02 -1.200251963007893830e+00 -5.282925507357776240e+01
2.947819199999999995e+01 7.659202799999999911e+01 -7.197468306127639153e+02 2.954204791120447382e+01 9.008249608047370316e+01 -5.671716169508227949e+02 2.960397400000000090e+01 7.744126799999999378e+01 -1.651515151999999944e+03 -1.343593058512283778e-02 -1.267753426022813157e+00 -5.580034124328344092e+01
2.955170499999999834e+01 7.476990399999999681e+01 -7.866122059619228821e+02 2.961791546823928911e+01 8.820082520471255805e+01 -6.250294824474055986e+02 2.967976399999999870e+01 7.578975300000000459e+01 -1.651515151999999944e+03 -1.393135323718166715e-02 -1.314499258810336135e+00 -5.785786549658276101e+01
2.962396199999999880e+01 7.351326699999999903e+01 -8.514412875250955040e+02 2.969157691552869238e+01 8.623341348709094234e+01 -6.841146209799314875e+02 2.975390200000000007e+01 7.413823800000000119e+01 -1.651515151999999944e+03 -1.422686317408387510e-02 -1.342382235174206517e+00 -5.908513853252593861e+01
2.969244799999999884e+01 7.150264799999999354e+01 -9.140797707868723592e+02 2.976268887917806794e+01 8.415478246903523996e+01 -7.454944518120997827e+02 2.982638899999999893e+01 7.248672299999999780e+01 -1.651515151999999944e+03 -1.477939252722507840e-02 -1.394516397075769243e+00 -6.137983083216830238e+01
2.975904999999999845e+01 6.905220500000000072e+01 -9.849590100156374319e+02 2.983127420917190875e+01 8.197539588582303338e+01 -8.086074110010147251e+02 2.989722400000000135e+01 7.083520799999999440e+01 -1.651515151999999944e+03 -1.519670524928943937e-02 -1.433892131400105407e+00 -6.311295918891492107e+01
2.982502399999999909e+01 6.697875399999999502e+01 -1.055361467048614941e+03 2.989757899534187757e+01 7.972632913151699086e+01 -8.720094269242983955e+02 2.996640700000000024e+01 6.918369300000000521e+01 -1.651515151999999944e+03 -1.526630601035302778e-02 -1.440459343305016571e+00 -6.340201592328368463e+01
2.988911200000000079e+01 6.559645299999999679e+01 -1.119744858498002941e+03 2.996161413590960620e+01 7.741490979782535931e+01 -9.353652517541775069e+02 3.003394000000000119e+01 6.753217700000000434e+01 -1.651515151999999944e+03 -1.525518385033022839e-02 -1.439409906767344038e+00 -6.335582482987914688e+01
2.995068699999999851e+01 6.389999300000000204e+01 -1.183483518054725209e+03 3.002328583315189192e+01 7.503821487560638559e+01 -9.988055752469867912e+02 3.009982000000000113e+01 6.588066200000000094e+01 -1.651515151999999944e+03 -1.527552992966179322e-02 -1.441329670464790880e+00 -6.344032349280924876e+01
3.000974899999999934e+01 6.157521500000000003e+01 -1.248981827262228762e+03 3.008251412567813077e+01 7.259477816702475650e+01 -1.062391213081652950e+03 3.016404899999999856e+01 6.422914699999999755e+01 -1.651515151999999944e+03 -1.531051956174487097e-02 -1.444631133334636885e+00 -6.358563783466620123e+01
3.006818300000000121e+01 5.962742800000000187e+01 -1.315859114242778560e+03 3.013955939225675706e+01 7.011532682413142936e+01 -1.124763309407835550e+03 3.022662700000000058e+01 6.257763200000000126e+01 -1.651515151999999944e+03 -1.501831598185882424e-02 -1.417060129811677394e+00 -6.237209632618264976e+01
3.012536000000000058e+01 5.824512699999999654e+01 -1.375834755724670686e+03 3.019455335466752288e+01 6.761684398299729537e+01 -1.185227763354032732e+03 3.028755299999999906e+01 6.092611699999999786e+01 -1.651515151999999944e+03 -1.455898275866268805e-02 -1.373719531726287801e+00 -6.046445394619728830e+01
3.018002299999999849e+01 5.679999399999999810e+01 -1.431712752743621877e+03 3.024740064559283681e+01 6.509394458632876024e+01 -1.244105564098438890e+03 3.034682799999999858e+01 5.927460200000000157e+01 -1.651515151999999944e+03 -1.417693917600818150e-02 -1.337671633314504449e+00 -5.887780074440616573e+01
3.023343099999999950e+01 5.504070200000000312e+01 -1.488783676379916415e+03 3.029823675091493129e+01 6.256322810088101249e+01 -1.300735920589650277e+03 3.040445100000000167e+01 5.762308699999999817e+01 -1.651515151999999944e+03 -1.363578648218852912e-02 -1.286610921349307102e+00 -5.663035649121133730e+01
3.028369599999999906e+01 5.284158800000000156e+01 -1.541448453157212953e+03 3.034685939326099202e+01 6.000848755181709038e+01 -1.355931106619667389e+03 3.046042200000000122e+01 5.597157099999999730e+01 -1.651515151999999944e+03 -1.329021779452849335e-02 -1.254004628474267413e+00 -5.519518603001715462e+01
3.033333299999999966e+01 5.101946399999999926e+01 -1.597679859824619598e+03 3.039352492457732779e+01 5.745754540921876696e+01 -1.408529681569918466e+03 3.051474299999999928e+01 5.432005600000000101e+01 -1.651515151999999944e+03 -1.266499068216746932e-02 -1.195011035978656988e+00 -5.259857495025104157e+01
3.038171399999999878e+01 4.944866799999999785e+01 -1.646464726680716922e+03 3.043835943235379560e+01 5.492441442480120628e+01 -1.458029162441690460e+03 3.056741099999999989e+01 5.266854099999999761e+01 -1.651515151999999944e+03 -1.191877279196375088e-02 -1.124601302847645590e+00 -4.949948087177190104e+01
3.042820899999999895e+01 4.819203000000000259e+01 -1.690682549673400899e+03 3.048136935498751043e+01 5.241097440230294069e+01 -1.504483216466833483e+03 3.061842800000000153e+01 5.101702600000000132e+01 -1.651515151999999944e+03 -1.118547720986373326e-02 -1.055410860056577693e+00 -4.645405402514312954e+01
3.047219199999999972e+01 4.630707499999999754e+01 -1.733067636577882695e+03 3.052245272259971642e+01 4.990864772752032508e+01 -1.548403433394250897e+03 3.066779400000000066e+01 4.936551099999999792e+01 -1.651515151999999944e+03 -1.057536518186337655e-02 -9.978434583157839155e-01 -4.392021692741740679e+01
3.051554600000000050e+01 4.454778300000000257e+01 -1.776181134194477636e+03 3.056184532220182959e+01 4.744104788400900219e+01 -1.588861989688628228e+03 3.071550799999999981e+01 4.771399600000000163e+01 -1.651515151999999944e+03 -9.741846408707535016e-03 -9.191964101170753132e-01 -4.045855629437730272e+01
3.055575800000000086e+01 4.259999599999999731e+01 -1.811889661190449715e+03 3.059932500078674877e+01 4.498723520350517902e+01 -1.626932913194247476e+03 3.076156999999999897e+01 4.606248099999999823e+01 -1.651515151999999944e+03 -9.166938304245421734e-03 -8.649506908151941564e-01 -3.807092350561931937e+01
3.059534199999999871e+01 4.096636800000000278e+01 -1.851042139989663156e+03 3.063512749777098421e+01 4.257042708292905786e+01 -1.661699378980729762e+03 3.080598099999999917e+01 4.441096499999999736e+01 -1.651515151999999944e+03 -8.371271762669524330e-03 -7.898752073818779973e-01 -3.476646578648228569e+01
3.063366900000000115e+01 3.939557099999999679e+01 -1.882708693072978349e+03 3.066935779183151922e+01 4.020018581234261745e+01 -1.692885947697640859e+03 3.084873999999999938e+01 4.275945000000000107e+01 -1.651515151999999944e+03 -7.509283332904635559e-03 -7.085418916057096839e-01 -3.118656871691110410e+01
3.066948400000000063e+01 3.795043900000000292e+01 -1.909847276460377088e+03 3.070189246527473870e+01 3.786388342740034574e+01 -1.721206010592223038e+03 3.088984800000000064e+01 4.110793499999999767e+01 -1.651515151999999944e+03 -6.819069395273958181e-03 -6.434164372446342650e-01 -2.832006289458214709e+01
3.070466899999999910e+01 3.637964199999999693e+01 -1.937886586283405450e+03 3.073294598219412777e+01 3.558128473791572333e+01 -1.745915786492377265e+03 3.092930499999999938e+01 3.945642000000000138e+01 -1.651515151999999944e+03 -5.949763502716466819e-03 -5.613926788923939704e-01 -2.470977590015423075e+01
3.073734200000000172e+01 3.462035000000000196e+01 -1.958750413854666931e+03 3.076238500673353116e+01 3.333818150259522639e+01 -1.767799560369070605e+03 3.096711000000000169e+01 3.780490499999999798e+01 -1.651515151999999944e+03 -5.269302305264412720e-03 -4.971874488281194382e-01 -2.188377387669327589e+01
3.076812999999999931e+01 3.286105899999999735e+01 -1.980686060033441436e+03 3.079019631272444357e+01 3.113229182608127843e+01 -1.787082157027384710e+03 3.100326300000000046e+01 3.615339000000000169e+01 -1.651515151999999944e+03 -4.642975731500809285e-03 -4.380901161448778058e-01 -1.928259665831408398e+01
3.079828900000000047e+01 3.116459899999999905e+01 -2.000903685989370842e+03 3.081658533024462088e+01 2.898196631516941224e+01 -1.803070363160415582e+03 3.103776500000000027e+01 3.450187400000000082e+01 -1.651515151999999944e+03 -3.849733227391204972e-03 -3.632433538844815901e-01 -1.598820613303078808e+01
3.082593500000000120e+01 2.959380200000000016e+01 -2.014146258906775756e+03 3.084140972291597294e+01 2.687167094145896584e+01 -1.816592914214325674e+03 3.107061500000000009e+01 3.285035899999999742e+01 -1.651515151999999944e+03 -3.256038462237643288e-03 -3.072250105500319850e-01 -1.352255105391019363e+01
3.085169600000000045e+01 2.783451000000000164e+01 -2.028689463161739695e+03 3.086464788879395726e+01 2.479793971252497897e+01 -1.827910892469051078e+03 3.110181400000000096e+01 3.119884400000000113e+01 -1.651515151999999944e+03 -2.725208606367135553e-03 -2.571383147196600882e-01 -1.131797825472535735e+01
3.087682900000000075e+01 2.613804999999999978e+01 -2.041756579416125987e+03 3.088649751876821270e+01 2.277807638273625201e+01 -1.836359705373087309e+03 3.113136199999999931e+01 2.954732900000000129e+01 -1.651515151999999944e+03 -2.034354292035546290e-03 -1.919524373196754286e-01 -8.448812904036326898e+00
3.089944799999999958e+01 2.456725399999999837e+01 -2.048101891061697643e+03 3.090680865824020884e+01 2.079558299097773855e+01 -1.842791799658982654e+03 3.115925700000000020e+01 2.789581400000000144e+01 -1.651515151999999944e+03 -1.548757058052184585e-03 -1.461336863854255097e-01 -6.432094285895408881e+00
3.092081100000000049e+01 2.299645800000000051e+01 -2.056023256066076556e+03 3.092566212044691909e+01 1.885648022416432923e+01 -1.847030940111986638e+03 3.118550199999999961e+01 2.624429900000000160e+01 -1.651515151999999944e+03 -1.020724884437911126e-03 -9.631096715442601097e-02 -4.239140453003908959e+00
3.094028899999999993e+01 2.117433400000000177e+01 -2.060109241494717480e+03 3.094302037601774202e+01 1.695522233404981804e+01 -1.849417746767454446e+03 3.121009400000000156e+01 2.459278400000000175e+01 -1.651515151999999944e+03 -5.747091832854220664e-04 -5.422695000252652359e-02 -2.386806655467861749e+00
3.095851000000000042e+01 1.966637000000000057e+01 -2.063214608983355902e+03 3.095895686463286367e+01 1.509693282962366467e+01 -1.849808238399834636e+03 3.123303599999999847e+01 2.294126800000000088e+01 -1.651515151999999944e+03 -9.402484554449990167e-05 -8.871757658698626106e-03 -3.904916323800853295e-01
3.097484599999999944e+01 1.803274199999999894e+01 -2.062747553064950807e+03 3.097342738442996435e+01 1.327528885534909087e+01 -1.848568584444423323e+03 3.125432500000000147e+01 2.128975300000000104e+01 -1.651515151999999944e+03 2.984910866738641703e-04 2.816426412526062267e-02 1.239653955411373465e+00
3.098992600000000053e+01 1.652477700000000027e+01 -2.061561980778782527e+03 3.098649938376165736e+01 1.149475006476221495e+01 -1.845574243720083587e+03 3.127396399999999943e+01 1.963823800000000119e+01 -1.651515151999999944e+03 7.209947685629634635e-04 6.802979385754795438e-02 2.994340724339776827e+00
3.100312100000000015e+01 1.489114900000000041e+01 -2.057064182510509454e+03 3.099812298061390692e+01 9.748403223494515046e+00 -1.841206735966704400e+03 3.129194999999999993e+01 1.798672300000000135e+01 -1.651515151999999944e+03 1.051633909343716814e-03 9.922740245238358126e-02 4.367507753379132218e+00
3.101505900000000082e+01 1.338318399999999997e+01 -2.052113582571786083e+03 3.100836026266390633e+01 8.040188829938609061e+00 -1.835353059741551306e+03 3.130831600000000137e+01 1.636545500000000075e+01 -1.621268006999999898e+03 1.409482194491193862e-03 1.329923424107987417e-01 5.853676225153097157e+00
3.102511200000000002e+01 1.174955600000000011e+01 -2.044120541582581154e+03 3.101715665924693255e+01 6.362775893588060505e+00 -1.828401303508580440e+03 3.132313699999999912e+01 1.482072900000000004e+01 -1.544726132000000007e+03 1.673884282959172201e-03 1.579401233910028013e-01 6.951756232970820015e+00
3.103390800000000027e+01 1.024159200000000070e+01 -2.035938776778083593e+03 3.102457003658576440e+01 4.719764397963784219e+00 -1.820241345640886493e+03 3.133648900000000026e+01 1.335254499999999922e+01 -1.468184256000000005e+03 1.964802096995414173e-03 1.853898078843039254e-01 8.159957867693988121e+00
3.104082000000000008e+01 8.607964000000000837e+00 -2.024976374999382642e+03 3.103054222771474002e+01 3.103571209819224741e+00 -1.811260137951250726e+03 3.134844999999999970e+01 1.196090200000000081e+01 -1.391642380999999887e+03 2.162547403830489788e-03 2.040481574963274314e-01 8.981207689635827052e+00
3.104647500000000093e+01 7.099999000000000393e+00 -2.014079616552416610e+03 3.103512774603814250e+01 1.517592017903359736e+00 -1.801344366156556362e+03 3.135909600000000097e+01 1.064580199999999977e+01 -1.315100505000000112e+03 2.387577182558330100e-03 2.252809460353856486e-01 9.915771794694377306e+00
3.105087299999999928e+01 5.654867000000000310e+00 -2.000656929222736835e+03 3.103837448090251172e+01 -3.561493846328844803e-02 -1.790422563969092153e+03 3.136850300000000047e+01 9.407242999999999356e+00 -1.238558629999999994e+03 2.629815029542948140e-03 2.481374097899082809e-01 1.092180218746425879e+01
3.105464299999999866e+01 4.586725000000000385e+00 -1.984916244030112239e+03 3.104043348135006042e+01 -1.543931028484951007e+00 -1.778005608755182493e+03 3.137674799999999919e+01 8.245226000000000610e+00 -1.162016753999999992e+03 2.989826668000018263e-03 2.821064739474296035e-01 1.241695521390976786e+01
3.105652800000000013e+01 3.392920000000000158e+00 -1.964420951724113820e+03 3.104122124403204808e+01 -3.018046332432932743e+00 -1.764629835232751475e+03 3.138390800000000169e+01 7.159750999999999976e+00 -1.085474879000000101e+03 3.220696514850406988e-03 3.038903048072010282e-01 1.337577352243101103e+01
3.105778400000000161e+01 2.261947000000000152e+00 -1.944821808959232840e+03 3.104087806315356701e+01 -4.447036773396217946e+00 -1.749856621175124474e+03 3.139005900000000082e+01 6.150818000000000119e+00 -1.008933003999999983e+03 3.557180371568594967e-03 3.356393942694666510e-01 1.477321405762706341e+01
3.105841300000000160e+01 1.256637000000000004e+00 -1.920872163162618108e+03 3.103952939901076391e+01 -5.821990752072069952e+00 -1.733355229851657896e+03 3.139527700000000010e+01 5.218427000000000149e+00 -9.323911279999999806e+02 3.973300941178961078e-03 3.749026424992719098e-01 1.650139132346664184e+01
3.105841300000000160e+01 6.283189999999999609e-01 -1.892925233028513958e+03 3.103728605408307217e+01 -7.135905438951562374e+00 -1.714893496719103496e+03 3.139964000000000155e+01 4.362578000000000067e+00 -8.558492529999999761e+02 4.445323439306395237e-03 4.194405429721654310e-01 1.846173313255446047e+01
3.105778400000000161e+01 0.000000000000000000e+00 -1.861346632723746779e+03 3.103424545104425292e+01 -8.383480005921091660e+00 -1.694324389813765265e+03 3.140322300000000055e+01 3.583270999999999873e+00 -7.793073769999999740e+02 4.952749148489487413e-03 4.673189297495741190e-01 2.056910690533827335e+01
3.105715599999999910e+01 -4.398230000000000195e-01 -1.826486892579816413e+03 3.103060203258274896e+01 -9.550619323394016646e+00 -1.671120266416307004e+03 3.140610399999999913e+01 2.880504999999999871e+00 -7.027655019999999695e+02 5.587223739324340133e-03 5.271850723408399997e-01 2.320412339745822550e+01
3.105589900000000014e+01 -8.168140000000000400e-01 -1.786043291895700804e+03 3.102641878830475264e+01 -1.063645878069529616e+01 -1.645359051182031862e+03 3.140835799999999978e+01 2.254281000000000201e+00 -6.262236259999999675e+02 6.202935178605028035e-03 5.852808091150264458e-01 2.576121523427509530e+01
3.105401499999999970e+01 -1.256637000000000004e+00 -1.743166725426648554e+03 3.102174878788738965e+01 -1.164122559571677229e+01 -1.617163295886227615e+03 3.141006300000000095e+01 1.704599999999999893e+00 -5.496817509999999629e+02 6.789137888921693842e-03 6.405922361605557169e-01 2.819575529580434647e+01
3.105275800000000075e+01 -1.507964000000000082e+00 -1.698174852698957693e+03 3.101685362488364817e+01 -1.254556695069899952e+01 -1.585788340211347986e+03 3.141129400000000160e+01 1.231459999999999999e+00 -4.731398750000000177e+02 7.554644239917247643e-03 7.128219409040007504e-01 3.137495567487970760e+01
3.105150099999999824e+01 -1.445133000000000001e+00 -1.646116757953587239e+03 3.101185672154984019e+01 -1.334428375940473188e+01 -1.551145278603801216e+03 3.141212900000000019e+01 8.348619999999999930e-01 -3.965980000000000132e+02 8.341557786999329732e-03 7.870715315056153738e-01 3.464306160754678388e+01
3.105024500000000032e+01 -1.256637000000000004e+00 -1.590268458509549419e+03 3.100686455105754646e+01 -1.403418202529104697e+01 -1.513237372998559977e+03 3.141264400000000023e+01 5.148059999999999858e-01 -3.200561250000000086e+02 9.127685906413966418e-03 8.612470127174864931e-01 3.790790560524122554e+01
3.105024500000000032e+01 -8.796460000000000390e-01 -1.531087729506388996e+03 3.100218587672685544e+01 -1.459328505063164805e+01 -1.471241018582639526e+03 3.141291500000000170e+01 2.712910000000000044e-01 -2.435142490000000066e+02 1.011212638109881649e-02 9.541343476579599026e-01 4.199635441592050711e+01
3.105024500000000032e+01 -3.769910000000000205e-01 -1.463752075779511870e+03 3.099787594982766947e+01 -1.502482525653707945e+01 -1.425478444451553742e+03 3.141301899999999847e+01 1.043189999999999951e-01 -1.669723740000000021e+02 1.101897866074098842e-02 1.039700812677208930e+00 4.576257413108586292e+01
3.105150099999999824e+01 3.769910000000000205e-01 -1.394308802557961826e+03 3.099419594865800320e+01 -1.531260675489696688e+01 -1.375402557042976696e+03 3.141303299999999865e+01 1.388900000000000030e-02 -9.043049800000000005e+01 1.205756330909625411e-02 1.137696946091667272e+00 5.007588740857700316e+01
3.105401499999999970e+01 1.256637000000000004e+00 -1.317900828758976786e+03 3.099137560407208269e+01 -1.544440778322103469e+01 -1.320665264878139851e+03 3.141303299999999865e+01 0.000000000000000000e+00 -1.388862300000000083e+01 1.317996344749698158e-02 1.243601528718908167e+00 5.473729216483689441e+01
