-1.257000000000000088e-03 -3.769910000000000205e-01 0.000000000000000000e+00 -4.843842840754955379e-05 -4.795881650290620536e-08 -2.397939626175496962e-11 0.000000000000000000e+00 0.000000000000000000e+00 0.000000000000000000e+00 -4.843842840754955379e-05 -4.795881650290620536e-08 -2.397939626175496962e-11
-1.257000000000000088e-03 -5.026549999999999629e-01 0.000000000000000000e+00 -9.375151309078370453e-05 -2.589840593220142867e-05 -3.669286171483911825e-04 4.800000000000000122e-05 4.783899999999999958e-02 4.783867200000000253e+01 -4.531303672440565965e-05 -2.585044709171912728e-05 -3.669285931689949144e-04
-1.257000000000000088e-03 -3.769910000000000205e-01 0.000000000000000000e+00 -1.363386830610647767e-04 -1.020209296750284505e-04 -2.121142712584404583e-03 1.910000000000000077e-04 1.435160000000000047e-01 9.567734400000000505e+01 -4.256108810004029870e-05 -7.575559512567863201e-05 -1.754214095436013292e-03
-1.257000000000000088e-03 0.000000000000000000e+00 0.000000000000000000e+00 -1.766195773169654845e-04 -2.544186403099535669e-04 -6.817408698716826213e-03 4.780000000000000178e-04 2.870320000000000094e-01 1.435160160000000076e+02 -4.017781275486938573e-05 -1.502765679223407426e-04 -4.696265986132422063e-03
-1.257000000000000088e-03 0.000000000000000000e+00 0.000000000000000000e+00 -2.150392088992767955e-04 -5.127692525698020372e-04 -1.644226162439856032e-02 9.569999999999999514e-04 4.783870000000000067e-01 1.913546890000000076e+02 -3.816180423765198865e-05 -2.515332035611316202e-04 -9.624852925681734103e-03
-6.279999999999999775e-04 1.884959999999999969e-01 0.000000000000000000e+00 -2.300217746578613076e-04 -6.807825551117484535e-04 -2.312584036964903875e-02 1.673999999999999924e-03 7.175799999999999956e-01 2.391933610000000101e+02 -1.446157537520252122e-05 -1.515710409175478630e-04 -6.683578745250479299e-03
-0.000000000000000000e+00 4.398230000000000195e-01 2.641800000000000370e+00 -2.226137842712623040e-04 -5.780729991142238670e-04 -1.699254393576491232e-02 2.678999999999999958e-03 1.004612000000000060e+00 2.870320330000000126e+02 8.100335861895563422e-06 1.258353963671735975e-04 6.133296433884125563e-03
1.884999999999999957e-03 1.005309999999999926e+00 5.109796440000000217e+00 -1.482779037275595737e-04 1.039169595025410831e-03 6.843593661516922388e-02 4.017999999999999870e-03 1.339482999999999979e+00 3.348707049999999867e+02 7.492244981478482426e-05 1.634235138075399579e-03 8.542848055093413273e-02
3.769999999999999914e-03 1.507964000000000082e+00 1.268765194855199852e+01 -4.502194423397227595e-06 5.283723172420116965e-03 2.973601204150744248e-01 5.740999999999999576e-03 1.722191999999999945e+00 3.827093770000000177e+02 1.427023217408293491e-04 4.176117640779537094e-03 2.289241837999052287e-01
7.539999999999999827e-03 2.450441999999999787e+00 1.975754798840696225e+01 2.864570072960303691e-04 1.634480590724826654e-02 9.056568686807687785e-01 7.893000000000000710e-03 2.152740000000000098e+00 4.305480489999999918e+02 2.855267984867999312e-04 1.076372261441307585e-02 6.082967482656943536e-01
1.193800000000000069e-02 3.392920000000000158e+00 3.423726856431932219e+01 7.682389493447544732e-04 3.899791592558277120e-02 2.156346326934146518e+00 1.052499999999999963e-02 2.631127000000000216e+00 4.783867220000000202e+02 4.649843077071354257e-04 2.174745314965373724e-02 1.250689458253377628e+00
1.696500000000000091e-02 4.398229999999999862e+00 5.034200937770679474e+01 1.499880725801753210e-03 7.990148441275078672e-02 4.401523777919338798e+00 1.368199999999999972e-02 3.157351999999999936e+00 5.262253940000000512e+02 6.915656873679490143e-04 3.874722216023386567e-02 2.245177450985191836e+00
2.199100000000000013e-02 4.838053000000000381e+00 6.791082930290464503e+01 2.530557887285801374e-03 1.459400096199414687e-01 7.972809130458539784e+00 1.741300000000000139e-02 3.731415999999999844e+00 5.740640660000000253e+02 9.485749151823375620e-04 6.163700142927133752e-02 3.571285352539200542e+00
2.827400000000000052e-02 5.403539000000000314e+00 8.413609454951843247e+01 3.987269300089612764e-03 2.495373242388705948e-01 1.348124038001850700e+01 2.176700000000000162e-02 4.353318999999999939e+00 6.219027379999999994e+02 1.306784998618640975e-03 9.562450548847058196e-02 5.508431249559967213e+00
3.518600000000000200e-02 6.094689999999999941e+00 1.043138722842274149e+02 5.994410581641175691e-03 4.035970281160005113e-01 2.149776666316512319e+01 2.679000000000000131e-02 5.023061000000000220e+00 6.697414099999999735e+02 1.750863337122682923e-03 1.405784634971113667e-01 8.016526283146614418e+00
4.084100000000000230e-02 6.346016999999999797e+00 1.254846650912601120e+02 8.579554912343271764e-03 6.121050755611255889e-01 3.202166742139075239e+01 3.253000000000000336e-02 5.740641000000000105e+00 7.175800819999999476e+02 2.170798419254513310e-03 1.870102807819599977e-01 1.052390075822563098e+01
4.398200000000000026e-02 5.277876000000000012e+00 1.395787747364875599e+02 1.165494410058294170e-02 8.661300143313590549e-01 4.432303458164657428e+01 3.903600000000000125e-02 6.506058999999999592e+00 7.654187540000000354e+02 2.447273278967849498e-03 2.220032713488427067e-01 1.230136716025582011e+01
4.649600000000000261e-02 3.707078999999999791e+00 1.416822069491080640e+02 1.520667636765931502e-02 1.161000500938580871e+00 5.797305700118162264e+01 4.635600000000000137e-02 7.319316999999999851e+00 8.132574270000000070e+02 2.663440735454192330e-03 2.505474520255752124e-01 1.365002241953504658e+01
5.089400000000000174e-02 3.267256000000000160e+00 1.404309679597851073e+02 1.940011497877841898e-02 1.508386283801560923e+00 7.346283886694681087e+01 5.453600000000000114e-02 8.180412999999999712e+00 8.610960989999999811e+02 3.003451581679931950e-03 2.894127258617984477e-01 1.548978186576518823e+01
5.591999999999999749e-02 4.021238999999999564e+00 1.465777932443904206e+02 2.430245633812960424e-02 1.910073506252674136e+00 9.071482469390706171e+01 6.362500000000000100e-02 9.089347999999999317e+00 9.089347709999999552e+02 3.357223656116151752e-03 3.282243835841665569e-01 1.725198582696025440e+01
6.157499999999999779e-02 5.026548000000000016e+00 1.543777822802929904e+02 2.996473783099136076e-02 2.365805674483151044e+00 1.095583461360186845e+02 7.367200000000000137e-02 1.004612099999999941e+01 9.567734430000000430e+02 3.706850574262127249e-03 3.650173435365696717e-01 1.884352144211161928e+01
6.848700000000000621e-02 5.843361999999999945e+00 1.637031852884641694e+02 3.649025054466274037e-02 2.880280069463797776e+00 1.300976533078292334e+02 8.472200000000000564e-02 1.105073299999999925e+01 1.004612115000000017e+03 4.104927866120219350e-03 4.049160488446277850e-01 2.053930717181055243e+01
7.665500000000000091e-02 6.911503999999999870e+00 1.770609107379335683e+02 4.397586894904456645e-02 3.457250546082482945e+00 1.523868470980852976e+02 9.682499999999999440e-02 1.210318400000000061e+01 1.052450786999999991e+03 4.540289508264111658e-03 4.468728233108560377e-01 2.228919379025604997e+01
8.545099999999999918e-02 7.979644999999999655e+00 1.941487168353354775e+02 5.242711817042334382e-02 4.091285161264010206e+00 1.760323630710495024e+02 1.100290000000000018e-01 1.320347399999999993e+01 1.100289459999999963e+03 4.917805251747252304e-03 4.816477680834416741e-01 2.364551597296419416e+01
9.613299999999999623e-02 9.173450000000000770e+00 2.120334299561848752e+02 6.200006864089676467e-02 4.792046112083644616e+00 2.014164865685991970e+02 1.243810000000000054e-01 1.435160199999999975e+01 1.148128132000000051e+03 5.393649127673888315e-03 5.247285877485842187e-01 2.538412349754970521e+01
1.080710000000000004e-01 1.049291900000000055e+01 2.358757198839672355e+02 7.275834497624128483e-02 5.559726696300343995e+00 2.284444802002280142e+02 1.399279999999999968e-01 1.554756800000000005e+01 1.195966803999999911e+03 5.865521979976573257e-03 5.662640976481009281e-01 2.702799363162881363e+01
1.212649999999999978e-01 1.193805200000000077e+01 2.625719943925700477e+02 8.475275502327642152e-02 6.393437074273315979e+00 2.569880077386675907e+02 1.567139999999999922e-01 1.678620499999999893e+01 1.238636363999999958e+03 6.320461110634674473e-03 6.052658977727446432e-01 2.854352753843959789e+01
1.357170000000000043e-01 1.319468900000000033e+01 2.918388900542079227e+02 9.802313899136586017e-02 7.291502721125914910e+00 2.869009704521567414e+02 1.747390000000000054e-01 1.802484099999999856e+01 1.238636363999999958e+03 6.748452889946801418e-03 6.410776391139313413e-01 2.991296271348916491e+01
1.514250000000000040e-01 1.445132599999999989e+01 3.234076486379198059e+02 1.125998321828039078e-01 8.251680738006420768e+00 3.180291796187028694e+02 1.940030000000000088e-01 1.926347799999999921e+01 1.238636363999999958e+03 7.141739985086043366e-03 6.732770464283480694e-01 3.112820916654610315e+01
1.690180000000000016e-01 1.589645900000000012e+01 3.569991695823297277e+02 1.286056406288420551e-01 9.280746535144929865e+00 3.506484885172000645e+02 2.145050000000000012e-01 2.050211399999999884e+01 1.238636363999999958e+03 7.595113118222373422e-03 7.110366175198058469e-01 3.261930889849720216e+01
1.878670000000000062e-01 1.740442300000000131e+01 3.949928027578293381e+02 1.460536196844085810e-01 1.037499123450908556e+01 3.845426661651516724e+02 2.362460000000000115e-01 2.174074999999999847e+01 1.238636363999999958e+03 7.991908276162994207e-03 7.435962108469569287e-01 3.389417764795159371e+01
2.086020000000000096e-01 1.903805099999999939e+01 4.343230481712159872e+02 1.650538842450907095e-01 1.154009491786376707e+01 4.199376316685147685e+02 2.592249999999999832e-01 2.297938699999999912e+01 1.238636363999999958e+03 8.433001993090469967e-03 7.805610171895303040e-01 3.539496550336308189e+01
2.299650000000000027e-01 2.035752000000000095e+01 4.773905220574803820e+02 1.855013813337973994e-01 1.276168627700406866e+01 4.561417749568626050e+02 2.834430000000000005e-01 2.421802299999999875e+01 1.238636363999999958e+03 8.697433355008677910e-03 8.016537274717872030e-01 3.620414328834780804e+01
2.538409999999999833e-01 2.192831599999999881e+01 5.185065073179274577e+02 2.076053780936122362e-01 1.405521126863593651e+01 4.938437217846911267e+02 3.089000000000000079e-01 2.545665899999999837e+01 1.238636363999999958e+03 9.114239595332335186e-03 8.373832166750051487e-01 3.770194682782852880e+01
2.783450000000000091e-01 2.331061700000000059e+01 5.655324061320125111e+02 2.312471462187559168e-01 1.540523737520508440e+01 5.323066016987120292e+02 3.355949999999999767e-01 2.669529599999999903e+01 1.238636363999999958e+03 9.339634995615405527e-03 8.561823847844572954e-01 3.846287991402090256e+01
3.047340000000000049e-01 2.488141299999999845e+01 6.099991149114978271e+02 2.565233012256489253e-01 1.681687878032170147e+01 5.717495039424449033e+02 3.635289999999999910e-01 2.793393199999999865e+01 1.238636363999999958e+03 9.604764330838580499e-03 8.793348034179038208e-01 3.944290224373283849e+01
3.323800000000000088e-01 2.620088200000000001e+01 6.571528248815857296e+02 2.834168932674261399e-01 1.828457278854926571e+01 6.118984643921903626e+02 3.927010000000000223e-01 2.917256799999999828e+01 1.238636363999999958e+03 9.790838509484285981e-03 8.959445042851200691e-01 4.014896044974548772e+01
3.625399999999999734e-01 2.802300599999999875e+01 7.039966703889658675e+02 3.121204275765262492e-01 1.982213779897530159e+01 6.533562223038189813e+02 4.231130000000000169e-01 3.041120499999999893e+01 1.238636363999999958e+03 1.011301228835477170e-02 9.256665460338460161e-01 4.145775791162860457e+01
3.926990000000000203e-01 2.940530700000000053e+01 7.556318991502694189e+02 3.423874265954336971e-01 2.140245314044150859e+01 6.948606728656316136e+02 4.547619999999999996e-01 3.164984099999999856e+01 1.238636363999999958e+03 1.011818310878024457e-02 9.269591191623863802e-01 4.150445056181263936e+01
4.247429999999999817e-01 3.072477599999999853e+01 8.009911602094639420e+02 3.743054042883701138e-01 2.303014445539466237e+01 7.366241436445133104e+02 4.876510000000000011e-01 3.288847799999999921e+01 1.238636363999999958e+03 1.016809421606210996e-02 9.328306420875250859e-01 4.176347077888167547e+01
4.574159999999999893e-01 3.166725299999999876e+01 8.481817027322266540e+02 4.077412683551303041e-01 2.468925773366218834e+01 7.779242446988054098e+02 5.217779999999999641e-01 3.412711399999999884e+01 1.238636363999999958e+03 1.003740753954327457e-02 9.224891346230154054e-01 4.130010105429209233e+01
4.919729999999999936e-01 3.304955400000000054e+01 8.916202495521484934e+02 4.427817942002448826e-01 2.638466775245395368e+01 8.190003213171305561e+02 5.571439999999999726e-01 3.536574999999999847e+01 1.238636363999999958e+03 9.962305989102993378e-03 9.174857740929589500e-01 4.107607661832513912e+01
5.284159999999999968e-01 3.455751899999999921e+01 9.366204785147556322e+02 4.795043274531657351e-01 2.812009057499186682e+01 8.600267534964456217e+02 5.937480000000000535e-01 3.660438700000000267e+01 1.238636363999999958e+03 9.928365339808321866e-03 9.164225012207813936e-01 4.102643217931511543e+01
5.661150000000000349e-01 3.625397900000000107e+01 9.829080877298447376e+02 5.178702069627373339e-01 2.988827222103227754e+01 9.006773634916982019e+02 6.315910000000000135e-01 3.784302300000000230e+01 1.238636363999999958e+03 9.815775557831529774e-03 9.081548925439664188e-01 4.065060999525258012e+01
6.050710000000000255e-01 3.769911100000000204e+01 1.027565426423563395e+03 5.578408827523057001e-01 3.168220587610566596e+01 9.406508179868997104e+02 6.706729999999999636e-01 3.908165900000000192e+01 1.238636363999999958e+03 9.632064886790272368e-03 8.932562915816897320e-01 3.997345449520155114e+01
6.452830000000000510e-01 3.895574799999999982e+01 1.070506950004679311e+03 5.993777090234083671e-01 3.349513429671181797e+01 9.796703714724278598e+02 7.109929999999999861e-01 4.032029599999999903e+01 1.238636363999999958e+03 9.384294986003490283e-03 8.722776026192509136e-01 3.901955348552811387e+01
6.873799999999999910e-01 4.040088099999999827e+01 1.111651052980908844e+03 6.425493083231733626e-01 3.533057530564230575e+01 1.017931636754434294e+03 7.525519999999999987e-01 4.155893199999999865e+01 1.238636363999999958e+03 9.186629817316955410e-03 8.557706374580580366e-01 3.826126528200644117e+01
7.301060000000000327e-01 4.172035000000000338e+01 1.153574575356044534e+03 6.872016847132039752e-01 3.717112627138124736e+01 1.054686960015297700e+03 7.953500000000000014e-01 4.279756799999999828e+01 1.238636363999999958e+03 8.812835266011018534e-03 8.226193289845067369e-01 3.675532326086347723e+01
7.747169999999999890e-01 4.310264999999999702e+01 1.190779473172177632e+03 7.334056196787718251e-01 3.902121205646994184e+01 1.090199043423803914e+03 8.393859999999999655e-01 4.403620500000000249e+01 1.238636363999999958e+03 8.505465214178976885e-03 7.953988250733983190e-01 3.551208340850613610e+01
8.205839999999999801e-01 4.442211900000000213e+01 1.228667803332018593e+03 7.811162092520692601e-01 4.087429219610064735e+01 1.124230135146985276e+03 8.846610000000000307e-01 4.527484100000000211e+01 1.238636363999999958e+03 8.144277995115646249e-03 7.628810962069071389e-01 3.403109172318126951e+01
8.677080000000000348e-01 4.586725200000000058e+01 1.264397628908274783e+03 8.302905056086017366e-01 4.272438477820379177e+01 1.156579657256563678e+03 9.311739999999999462e-01 4.651347799999999921e+01 1.238636363999999958e+03 7.737889092858375902e-03 7.258624469561590908e-01 3.234952210957838759e+01
9.154600000000000515e-01 4.693539299999999770e+01 1.297952594908541641e+03 8.807796604219441106e-01 4.455593633490880734e+01 1.186631410301823280e+03 9.789259999999999629e-01 4.775211399999999884e+01 1.238636363999999958e+03 7.186480206510271855e-03 6.749718994484503742e-01 3.005175304525952740e+01
9.663540000000000463e-01 4.850618999999999659e+01 1.326680462050176175e+03 9.328788370708487321e-01 4.639599914133179936e+01 1.215694396514533992e+03 1.027916999999999970e+00 4.899074999999999847e+01 1.238636363999999958e+03 6.949924608844917744e-03 6.534313961211689614e-01 2.906298621271078275e+01
1.017247999999999930e+00 4.995132199999999756e+01 1.361308999222701914e+03 9.863158624050996082e-01 4.821705360320224543e+01 1.242591457139976455e+03 1.078146000000000049e+00 5.022938700000000267e+01 1.238636363999999958e+03 6.433178994661803776e-03 6.053600653559090272e-01 2.689706062544249576e+01
1.069398000000000071e+00 5.127079100000000267e+01 1.388142326368139493e+03 1.041057700376617268e+00 5.001553585068645447e+01 1.267265172506057297e+03 1.129613999999999896e+00 5.146802300000000230e+01 1.238636363999999958e+03 5.903488639745229152e-03 5.558907903442309451e-01 2.467371536608074223e+01
1.122805000000000053e+00 5.215043699999999660e+01 1.412810656114106905e+03 1.097074369055455190e+00 5.178848305900796589e+01 1.289687848151127355e+03 1.182320999999999955e+00 5.270665900000000192e+01 1.238636363999999958e+03 5.367500241898406563e-03 5.056820358154557882e-01 2.242267564507016431e+01
1.178725999999999940e+00 5.378406499999999824e+01 1.435344481319635179e+03 1.154555991927820102e+00 5.355396099860021053e+01 1.310764786878328096e+03 1.236266000000000087e+00 5.394529599999999903e+01 1.238636363999999958e+03 5.048295889281326915e-03 4.757900914411190008e-01 2.107693872720084727e+01
1.235273999999999983e+00 5.535486199999999712e+01 1.461056630191289969e+03 1.213349628746340780e+00 5.529689830753552826e+01 1.329892116953260029e+03 1.291449999999999987e+00 5.518393199999999865e+01 1.238636363999999958e+03 4.584293426481260599e-03 4.321725220569908044e-01 1.912733007493189774e+01
1.293080000000000007e+00 5.673716199999999787e+01 1.481723012283841854e+03 1.273425119704029829e+00 5.701465791081660939e+01 1.347044037021138820e+03 1.347873000000000099e+00 5.642256799999999828e+01 1.238636363999999958e+03 4.113646591676875346e-03 3.878674863278178675e-01 1.715192006787890122e+01
1.351512999999999964e+00 5.761680799999999891e+01 1.500209774799248862e+03 1.334646250288285874e+00 5.869484538941112817e+01 1.361764552936729160e+03 1.405534000000000061e+00 5.766120500000000249e+01 1.238636363999999958e+03 3.532950654928801709e-03 3.331434415733740551e-01 1.472051591559024963e+01
1.411202999999999985e+00 5.862211800000000039e+01 1.513919850509574189e+03 1.396999156722735336e+00 6.033735307750097121e+01 1.374160952374367980e+03 1.464434000000000013e+00 5.889984100000000211e+01 1.238636363999999958e+03 2.977178768569883546e-03 2.807431351531132768e-01 1.239639943763890351e+01
1.473406999999999911e+00 6.006725099999999884e+01 1.525728258305140116e+03 1.460690499870253234e+00 6.196299388537813257e+01 1.385258258087719923e+03 1.524572000000000038e+00 6.013847799999999921e+01 1.238636363999999958e+03 2.666909593829845399e-03 2.514798555027964455e-01 1.109730571335199656e+01
1.536238999999999910e+00 6.163804700000000025e+01 1.540978902948089853e+03 1.525582101926911127e+00 6.355908562237836179e+01 1.394556808538306768e+03 1.585949999999999971e+00 6.137711399999999884e+01 1.238636363999999958e+03 2.235979042235910867e-03 2.108334789125127229e-01 9.298550450586875016e+00
1.600327000000000055e+00 6.302034799999999848e+01 1.551479997520080815e+03 1.591658008277658354e+00 6.512519708335619839e+01 1.402119427781834247e+03 1.648565000000000058e+00 6.261574999999999847e+01 1.238636363999999958e+03 1.819542324099574599e-03 1.715546524395309691e-01 7.562619243527401558e+00
1.665672000000000041e+00 6.408848899999999560e+01 1.560110010428169062e+03 1.658904998779753726e+00 6.666125873887213515e+01 1.408021611416183987e+03 1.712420000000000053e+00 6.385438700000000267e+01 1.238636363999999958e+03 1.420733704848186740e-03 1.339422277340925616e-01 5.902183634349652763e+00
1.732274000000000092e+00 6.534512599999999338e+01 1.566949160517972814e+03 1.727312221840612727e+00 6.816750428010691110e+01 1.412348418420120197e+03 1.777512999999999899e+00 6.509302300000000230e+01 1.238636363999999958e+03 1.041953516278617056e-03 9.822392981859134897e-02 4.326807003936104401e+00
1.800132999999999983e+00 6.660176300000000538e+01 1.572076175128213436e+03 1.796871016499016260e+00 6.964443295712295878e+01 1.415192436260081422e+03 1.843844000000000038e+00 6.633165900000000192e+01 1.238636363999999958e+03 6.851161690867258944e-04 6.458025859593073681e-02 2.844017839961201943e+00
1.868619000000000030e+00 6.766990499999999997e+01 1.575572248926299835e+03 1.867465372329789597e+00 7.108246601644356133e+01 1.416198087894898890e+03 1.911415000000000086e+00 6.757029599999999903e+01 1.238636363999999958e+03 2.423266555204718446e-04 2.284062306051093741e-02 1.005651634817444684e+00
1.937105999999999995e+00 6.829822299999999302e+01 1.574874554851011908e+03 1.938882697586529869e+00 7.246348603765231644e+01 1.414649482677985361e+03 1.980223999999999984e+00 6.880893199999999865e+01 1.238636363999999958e+03 -3.732398036506860196e-04 -3.517806668613789739e-02 -1.548605216913533811e+00
2.007477999999999874e+00 6.905220500000000072e+01 1.567608449289866257e+03 2.011259134351325084e+00 7.380326803315422524e+01 1.411354065452180066e+03 2.050270999999999955e+00 7.004756799999999828e+01 1.238636363999999958e+03 -7.943740141958328038e-04 -7.486748717608195103e-02 -3.295417225805208794e+00
2.080363000000000184e+00 7.056016999999999939e+01 1.562111354575371479e+03 2.084829642037413500e+00 7.512617876646318393e+01 1.407461399451960233e+03 2.121557000000000137e+00 7.128620499999999538e+01 1.238636363999999958e+03 -9.384373797920188796e-04 -8.844333214322996906e-02 -3.892666000219870082e+00
2.153875999999999902e+00 7.231946200000000147e+01 1.560937817854532113e+03 2.159481744595312946e+00 7.642263765080592464e+01 1.402576073300234611e+03 2.194081999999999866e+00 7.252484099999999501e+01 1.238636363999999958e+03 -1.177806908289647913e-03 -1.110025151092210588e-01 -4.885326151725563726e+00
2.228645999999999905e+00 7.370176200000000222e+01 1.555916354501951901e+03 2.235223620153762969e+00 7.769496050538759846e+01 1.396843638005569346e+03 2.267846000000000029e+00 7.376347800000000632e+01 1.238636363999999958e+03 -1.382050129005745224e-03 -1.302532187185611590e-01 -5.732435294665170211e+00
2.305301000000000045e+00 7.495839900000000000e+01 1.549940730261618683e+03 2.312173044775585051e+00 7.895571247807804127e+01 1.390854269006831601e+03 2.342848000000000042e+00 7.500211400000000594e+01 1.238636363999999958e+03 -1.443957702568334292e-03 -1.360916653151206246e-01 -5.989368998737714556e+00
2.383211999999999886e+00 7.646636399999999867e+01 1.545730892408607360e+03 2.390328758920789998e+00 8.020561842833242849e+01 1.384651079734625910e+03 2.419089000000000045e+00 7.624075000000000557e+01 1.238636363999999958e+03 -1.495425467376110349e-03 -1.409483187524559200e-01 -6.203189272205786864e+00
2.463636999999999855e+00 7.828848800000000097e+01 1.540556775078659030e+03 2.469908783022900955e+00 8.146604507915355953e+01 1.379183783930994878e+03 2.496567999999999898e+00 7.747938700000000267e+01 1.238636363999999958e+03 -1.317919866088920495e-03 -1.242244289134975949e-01 -5.467295803631006201e+00
2.544061999999999824e+00 7.967078800000000172e+01 1.539781566333178489e+03 2.550674787378391706e+00 8.271423687036562455e+01 1.373418457219729362e+03 2.575286000000000186e+00 7.871802300000000230e+01 1.238636363999999958e+03 -1.389632615628236777e-03 -1.309919927189328315e-01 -5.765326711265483794e+00
2.625115000000000087e+00 8.061326599999999587e+01 1.532585787533826988e+03 2.632519629776723047e+00 8.394096112574186463e+01 1.366961803324563107e+03 2.655243000000000020e+00 7.995665900000000192e+01 1.238636363999999958e+03 -1.556103700644297658e-03 -1.466942018434831685e-01 -6.456653895166197366e+00
2.708053000000000043e+00 8.143008000000000379e+01 1.522022495154795251e+03 2.715565267437797914e+00 8.515907788344527773e+01 1.360410240127537008e+03 2.736422000000000132e+00 8.117978800000000206e+01 1.223129026000000067e+03 -1.578804366329421933e-03 -1.488450456211382611e-01 -6.551563197026157859e+00
2.794131999999999838e+00 8.331503600000000631e+01 1.513617505838855323e+03 2.800141501829509494e+00 8.640040262005555860e+01 1.355168383765916133e+03 2.818776999999999866e+00 8.235507900000000348e+01 1.175290353999999979e+03 -1.263048611797426644e-03 -1.190855035172601606e-01 -5.241856361620869542e+00
2.878954999999999931e+00 8.476016799999999307e+01 1.512551822357347191e+03 2.885784094966978852e+00 8.762022577711694282e+01 1.349210613029115848e+03 2.902260000000000062e+00 8.348252999999999702e+01 1.127451681999999892e+03 -1.435393674469144683e-03 -1.353452267045366919e-01 -5.957770736800195088e+00
2.965663000000000160e+00 8.576547800000000166e+01 1.499922162230829599e+03 2.972617152833895382e+00 8.883159342285910043e+01 1.343142711659792440e+03 2.986822000000000088e+00 8.456214300000000605e+01 1.079613010000000031e+03 -1.461773216715051699e-03 -1.378429672869606881e-01 -6.067901369323370098e+00
3.052370999999999945e+00 8.614246900000000551e+01 1.489667608630533778e+03 3.060426852144763288e+00 9.001503328476701427e+01 1.336112349431369466e+03 3.072416000000000036e+00 8.559391800000000217e+01 1.031774337999999943e+03 -1.693465467821052414e-03 -1.597028497518855339e-01 -7.030362228422941229e+00
3.142221000000000153e+00 8.765043400000000418e+01 1.473771724290006205e+03 3.149565836583283929e+00 9.120551813990824996e+01 1.329701472693055848e+03 3.158993999999999858e+00 8.657785300000000461e+01 9.839356659999999692e+02 -1.544105020961942078e-03 -1.456274942901359948e-01 -6.410876738313696421e+00
3.231441999999999926e+00 8.871857500000000130e+01 1.465836151767894080e+03 3.239700004637430464e+00 9.237146450909654050e+01 1.322492461384666512e+03 3.246507999999999949e+00 8.751394999999999413e+01 9.360969939999999951e+02 -1.736200822108462712e-03 -1.637551035047752346e-01 -7.209011308389277950e+00
3.322547999999999835e+00 8.997521199999999908e+01 1.449578401759682492e+03 3.330963318042152732e+00 9.352706077575179222e+01 1.315145090970002684e+03 3.334909999999999819e+00 8.840220899999999915e+01 8.882583210000000236e+02 -1.769397335066548753e-03 -1.668961947294192172e-01 -7.347370414663855875e+00
3.414283000000000179e+00 9.072919400000000678e+01 1.436124887464572566e+03 3.423260270391212057e+00 9.466414294876742019e+01 1.307306074910209645e+03 3.424153000000000002e+00 8.924262799999999629e+01 8.404196490000000495e+02 -1.887680972177916815e-03 -1.780629179543822826e-01 -7.839016059793063818e+00
3.505389000000000088e+00 9.135751299999999731e+01 1.420088659499819187e+03 3.516286468255604092e+00 9.575527440409253188e+01 1.297789220255502642e+03 3.514187999999999867e+00 9.003520899999999472e+01 7.925809769999999617e+02 -2.291598121830189325e-03 -2.161746195851098618e-01 -9.516854654706969896e+00
3.598380000000000134e+00 9.186016800000000160e+01 1.396408432843049923e+03 3.610204037062941129e+00 9.681848357383567816e+01 1.287462110786156700e+03 3.604967999999999950e+00 9.077995199999999443e+01 7.447423049999999876e+02 -2.486600206882904739e-03 -2.345800505123526447e-01 -1.032710946934587781e+01
3.693884999999999863e+00 9.317963699999999960e+01 1.376201104367747575e+03 3.705271519078499942e+00 9.788002367363938561e+01 1.277516218173997231e+03 3.696445000000000203e+00 9.147685500000000047e+01 6.969036330000000135e+02 -2.394732613669850723e-03 -2.259220109824440770e-01 -9.945892612159356716e+00
3.788132000000000055e+00 9.437344199999999717e+01 1.361984970962616899e+03 3.801069272982176006e+00 9.890082648755303296e+01 1.266214874678362094e+03 3.788571000000000133e+00 9.212591999999999359e+01 6.490649610000000393e+02 -2.721027879050311703e-03 -2.567134042603470001e-01 -1.130134349563506468e+01
3.882379999999999942e+00 9.462476900000000057e+01 1.337617868683753841e+03 3.897436326513640914e+00 9.986825620540058424e+01 1.253061539073069980e+03 3.881298000000000137e+00 9.272714700000000221e+01 6.012262879999999541e+02 -3.166880393427155393e-03 -2.987851568308176331e-01 -1.315333560529207091e+01
3.977885000000000115e+00 9.462476900000000057e+01 1.309098997493149000e+03 3.994447307457660745e+00 1.007926242889203650e+02 1.238591737301729836e+03 3.974578000000000166e+00 9.328053400000000295e+01 5.533876159999999800e+02 -3.483806030917306357e-03 -3.286934555532959878e-01 -1.446980177134007839e+01
4.073388999999999704e+00 9.512742400000000487e+01 1.282072442784510713e+03 4.091953997970111168e+00 1.016627550322441920e+02 1.222371500021586598e+03 4.068363999999999869e+00 9.378608300000000497e+01 5.055489440000000059e+02 -3.905229645121137579e-03 -3.684609939779046051e-01 -1.622023728014314869e+01
4.168264999999999887e+00 9.531591899999999384e+01 1.251278577098693859e+03 4.189715548224510755e+00 1.024593734583996110e+02 1.203629438393858436e+03 4.162607999999999642e+00 9.424379299999999660e+01 4.577102719999999749e+02 -4.512390527855558546e-03 -4.257530738661603475e-01 -1.874206162772815887e+01
4.264397999999999911e+00 9.544158299999999429e+01 1.214439373330212220e+03 4.287844339186737130e+00 1.031976163163128177e+02 1.183142964116804478e+03 4.257261999999999880e+00 9.465366500000000372e+01 4.098716000000000008e+02 -4.932397215370318624e-03 -4.653865804806608386e-01 -2.048647427705406088e+01
4.362415000000000376e+00 9.632122900000000243e+01 1.179989276419852104e+03 4.386555044441246665e+00 1.039015853195349024e+02 1.162049862535218608e+03 4.352278000000000091e+00 9.501569800000000043e+01 3.620329280000000267e+02 -5.078482543860791086e-03 -4.791739608947316320e-01 -2.109310158158596593e+01
4.458548000000000400e+00 9.688671600000000694e+01 1.150563030363155121e+03 4.485390496192978027e+00 1.045308015964245101e+02 1.138594999729189340e+03 4.447606999999999644e+00 9.532989200000000096e+01 3.141942559999999958e+02 -5.647158499070293984e-03 -5.328335856456047903e-01 -2.345486280602930407e+01
4.555938000000000265e+00 9.707521099999999592e+01 1.110157194342330513e+03 4.584484759302428714e+00 1.051027183050097022e+02 1.113650645728469726e+03 4.543204000000000242e+00 9.559624800000000278e+01 2.663555830000000242e+02 -6.005835986838087108e-03 -5.666782911439988135e-01 -2.494435400071958853e+01
4.652699000000000140e+00 9.682388400000000672e+01 1.072792448266515748e+03 4.683635564137676788e+00 1.056022383402412856e+02 1.086617835208504175e+03 4.639018000000000086e+00 9.581476499999999419e+01 2.185169109999999932e+02 -6.508738792625475694e-03 -6.141306104968853319e-01 -2.703281051996551199e+01
4.749460000000000015e+00 9.694954799999999295e+01 1.030522058672532694e+03 4.782772409431822247e+00 1.060275512631317980e+02 1.057508826166280187e+03 4.735003999999999991e+00 9.598544300000000362e+01 1.706782389999999907e+02 -7.008701963699318256e-03 -6.613049123179924882e-01 -2.910900904222398466e+01
4.846220999999999890e+00 9.676105200000000650e+01 9.864596998077649914e+02 4.881835559884282638e+00 1.063780449040802552e+02 1.026388072016799242e+03 4.831112000000000073e+00 9.610828200000000265e+01 1.228395670000000024e+02 -7.493155223755286476e-03 -7.070151852178238050e-01 -3.112075414948085239e+01
4.942981999999999765e+00 9.676105200000000650e+01 9.408979517356874567e+02 4.980775186156302325e+00 1.066541608527088414e+02 9.933635622859948171e+02 4.927294999999999980e+00 9.618328300000000297e+01 7.500089499999999987e+01 -7.951612668068619785e-03 -7.502721233882125862e-01 -3.302450973080441798e+01
5.039742999999999640e+00 9.676105200000000650e+01 8.941181371506454525e+02 5.079550531169070737e+00 1.068572578213656357e+02 9.585788921898389390e+02 5.023506000000000249e+00 9.621044600000000457e+01 2.716222300000000089e+01 -8.375497621082876945e-03 -7.902665936292041504e-01 -3.478467009615587102e+01
5.135246999999999673e+00 9.638406100000000265e+01 8.463898152646743256e+02 5.177910603674283685e+00 1.069688664846614472e+02 9.212985755387649078e+02 5.119716000000000378e+00 9.621044600000000457e+01 0.000000000000000000e+00 -8.976474762248111763e-03 -8.469702288940254009e-01 -3.728031665107406667e+01
5.230751999999999846e+00 9.588140599999999836e+01 7.926909554677513370e+02 5.275851152706996672e+00 1.069948403560980807e+02 8.818900977937112202e+02 5.215926999999999758e+00 9.621044600000000457e+01 0.000000000000000000e+00 -9.488966739717424187e-03 -8.953247041021316077e-01 -3.940847774505368761e+01
5.327512999999999721e+00 9.588140599999999836e+01 7.388889252456783652e+02 5.373591810289394921e+00 1.069619549319914853e+02 8.416256543553967049e+02 5.312136999999999887e+00 9.621044600000000457e+01 0.000000000000000000e+00 -9.695127822596936312e-03 -9.147755219003093075e-01 -4.026444343831452954e+01
5.422388999999999903e+00 9.581857399999999814e+01 6.904868833508971875e+02 5.470790680100446224e+00 1.068426888336984462e+02 7.993315242830771012e+02 5.408348000000000155e+00 9.621044600000000457e+01 0.000000000000000000e+00 -1.018389794811801370e-02 -9.608917526484392901e-01 -4.229413007231960364e+01
5.514122999999999664e+00 9.449910500000000013e+01 6.341719190597286797e+02 5.566923568509696274e+00 1.065937986328268039e+02 7.531936477597406565e+02 5.504558000000000284e+00 9.621044600000000457e+01 0.000000000000000000e+00 -1.110946618659019135e-02 -1.048221725154719897e+00 -4.613787652333641631e+01
5.607743000000000144e+00 9.324246800000000235e+01 5.653759305659787060e+02 5.662394941348265043e+00 1.062620152257103285e+02 7.054380680931433290e+02 5.600768999999999664e+00 9.621044600000000457e+01 0.000000000000000000e+00 -1.149902261813787012e-02 -1.084977054876224090e+00 -4.775557966659733466e+01
5.700105999999999895e+00 9.267698199999999531e+01 5.062543224734790783e+02 5.757032136336906802e+00 1.058373268960571920e+02 6.556952976163480571e+02 5.696978999999999793e+00 9.621044600000000457e+01 0.000000000000000000e+00 -1.197753927111569992e-02 -1.130126397746279876e+00 -4.974277047679532160e+01
5.790582999999999814e+00 9.217432700000000523e+01 4.432743427121395143e+02 5.850574740715053679e+00 1.053020348967063171e+02 6.032737687353276215e+02 5.793188999999999922e+00 9.621044600000000457e+01 0.000000000000000000e+00 -1.262257016671825167e-02 -1.190987296967218834e+00 -5.242152888102045694e+01
5.883575000000000443e+00 9.179733600000000138e+01 3.742902094970877442e+02 5.943557728256415373e+00 1.047144991940993464e+02 5.508600932149665823e+02 5.889400000000000190e+00 9.621044600000000457e+01 0.000000000000000000e+00 -1.262068423971241318e-02 -1.190809471342308523e+00 -5.241367552036108179e+01
5.976566000000000045e+00 9.223715900000000545e+01 3.184361053950569840e+02 6.036035045765960838e+00 1.040847464427320404e+02 4.988952331295107001e+02 5.985610000000000319e+00 9.621044600000000457e+01 0.000000000000000000e+00 -1.251261173116093375e-02 -1.180612844582277887e+00 -5.196486008545588930e+01
6.071442000000000228e+00 9.355662800000000345e+01 2.645916158964837450e+02 6.128387572445983089e+00 1.034531247992795358e+02 4.491353515417511062e+02 6.081820999999999700e+00 9.621044600000000457e+01 0.000000000000000000e+00 -1.198166737927366596e-02 -1.130516876582020602e+00 -4.975988158775957970e+01
6.175113999999999770e+00 9.694954799999999295e+01 2.207835109810630456e+02 6.222165383440660058e+00 1.029681671333404154e+02 4.080210875368666734e+02 6.178030999999999828e+00 9.621044600000000457e+01 0.000000000000000000e+00 -9.899881480373401779e-03 -9.340930174808778075e-01 -4.111426400488443278e+01
6.267477000000000409e+00 9.764069800000000043e+01 2.156198016144426219e+02 6.315279609870382949e+00 1.024271798060431706e+02 3.662503046990939310e+02 6.274242000000000097e+00 9.621044600000000457e+01 0.000000000000000000e+00 -1.005795124738645234e-02 -9.490084148341081383e-01 -4.177078283777276368e+01
6.361724999999999852e+00 9.632122900000000243e+01 1.623625116430466733e+02 6.408126712815038317e+00 1.018722315085960162e+02 3.257035587234211675e+02 6.370452000000000226e+00 9.621044600000000457e+01 0.000000000000000000e+00 -9.763202013737622489e-03 -9.211986021462450491e-01 -4.054674597567278482e+01
6.455973000000000184e+00 9.368229100000000642e+01 1.195357365210247735e+02 6.500742098013547299e+00 1.013091464774455517e+02 2.865833285868230291e+02 6.466662999999999606e+00 9.621044600000000457e+01 0.000000000000000000e+00 -9.419698089449009618e-03 -8.887885898738796531e-01 -3.912023013659811710e+01
6.548335999999999935e+00 9.368229100000000642e+01 7.877651781294116518e+01 6.592832240310357861e+00 1.007123563204444139e+02 2.477014284989103601e+02 6.562872999999999735e+00 9.621044600000000457e+01 0.000000000000000000e+00 -9.362295844928389052e-03 -8.833734855879690206e-01 -3.888190008791267616e+01
6.645096999999999809e+00 9.424777799999999672e+01 3.221499085252708028e+01 6.685225205751271105e+00 1.001634000934578523e+02 2.126363328447070558e+02 6.659082999999999863e+00 9.621044600000000457e+01 0.000000000000000000e+00 -8.443241593781439583e-03 -7.966576554854718495e-01 -3.506509565420329722e+01
6.739344000000000001e+00 9.468760100000000079e+01 6.783452548155764816e+00 6.777472438408211453e+00 9.961907808941649023e+01 1.793186015894284537e+02 6.755294000000000132e+00 9.621044600000000457e+01 0.000000000000000000e+00 -8.022485602940200577e-03 -7.569583368860709482e-01 -3.331773125527860202e+01
6.836104999999999876e+00 9.575574199999999792e+01 -2.770948395865252678e+01 6.870040835056747675e+00 9.912467199991985467e+01 1.496644140736054283e+02 6.851504000000000261e+00 9.621044600000000457e+01 0.000000000000000000e+00 -7.140340741674880594e-03 -6.737246910860701377e-01 -2.965418751582301127e+01
6.929096999999999618e+00 9.487609700000000146e+01 -4.945766444242690341e+01 6.962262148716192200e+00 9.861591063888185715e+01 1.206836068094262373e+02 6.947714999999999641e+00 9.621044600000000457e+01 0.000000000000000000e+00 -6.978190547512570438e-03 -6.584257751116078250e-01 -2.898080726417919806e+01
7.024600999999999651e+00 9.487609700000000146e+01 -8.552303190651764453e+01 7.054621798058659188e+00 9.814059181529587761e+01 9.445037828877190123e+01 7.043924999999999770e+00 9.621044600000000457e+01 0.000000000000000000e+00 -6.316603099819527271e-03 -5.960024303953980196e-01 -2.623322852065434319e+01
7.116964000000000290e+00 9.380795500000000686e+01 -1.085148805887574781e+02 7.146578494473465604e+00 9.764710490565812506e+01 6.857213799063525528e+01 7.140136000000000038e+00 9.621044600000000457e+01 0.000000000000000000e+00 -6.231120589633654117e-03 -5.879372879265243323e-01 -2.587824029813664595e+01
7.213097000000000314e+00 9.443627399999999739e+01 -1.428636558515872821e+02 7.238842769044015135e+00 9.720454467424478651e+01 4.607449003623831629e+01 7.236346000000000167e+00 9.621044600000000457e+01 0.000000000000000000e+00 -5.417116404103881899e-03 -5.111323694039625609e-01 -2.249764795439693899e+01
7.306715999999999767e+00 9.424777799999999672e+01 -1.587174772440712331e+02 7.330967611918115523e+00 9.676914952633947564e+01 2.488245787508303053e+01 7.332557000000000436e+00 9.621044600000000457e+01 0.000000000000000000e+00 -5.102739045162512851e-03 -4.814696379415422389e-01 -2.119203216115528576e+01
7.402219999999999800e+00 9.493892800000000420e+01 -1.835122559485844249e+02 7.423311394940178332e+00 9.637530175243060171e+01 6.451922076865972855e+00 7.428766999999999676e+00 9.621044600000000457e+01 0.000000000000000000e+00 -4.437807733214579539e-03 -4.187302317839603494e-01 -1.843053579821705767e+01
7.497097000000000122e+00 9.475043300000000102e+01 -1.981315964558416454e+02 7.515762533092365416e+00 9.601118383815953905e+01 -9.858816741627972391e+00 7.524976999999999805e+00 9.621044600000000457e+01 0.000000000000000000e+00 -3.927389561282114416e-03 -3.705698363479280055e-01 -1.631073881849394525e+01
7.590087999999999724e+00 9.449910500000000013e+01 -2.136750238275471929e+02 7.607999954201837056e+00 9.564571562609677358e+01 -2.551106411926246409e+01 7.621188000000000073e+00 9.621044600000000457e+01 0.000000000000000000e+00 -3.768833320317995297e-03 -3.556093953211342806e-01 -1.565224737763448992e+01
7.683079000000000214e+00 9.355662800000000345e+01 -2.353096104568776354e+02 7.700059966210027085e+00 9.528307783984440960e+01 -4.034978792712377071e+01 7.717398000000000202e+00 9.621044600000000457e+01 0.000000000000000000e+00 -3.572948085846593125e-03 -3.371267221331137320e-01 -1.483872380786130485e+01
7.777326999999999657e+00 9.336813200000000279e+01 -2.546578215245244792e+02 7.792194591784583402e+00 9.494755828756325400e+01 -5.334176157747238278e+01 7.813608999999999583e+00 9.621044600000000457e+01 0.000000000000000000e+00 -3.128277371324447807e-03 -2.951697643540253657e-01 -1.299197365034861207e+01
7.871573999999999849e+00 9.387078700000000708e+01 -2.664961770777154015e+02 7.884413854522049014e+00 9.463930366764954272e+01 -6.456181410006344379e+01 7.909818999999999711e+00 9.621044600000000457e+01 0.000000000000000000e+00 -2.701624669309033670e-03 -2.549128583362374467e-01 -1.122005252259105923e+01
7.966451000000000171e+00 9.443627399999999739e+01 -2.765091473539832805e+02 7.976835814550782722e+00 9.436856935825612425e+01 -7.363654505001331074e+01 8.006030000000000868e+00 9.621044600000000457e+01 0.000000000000000000e+00 -2.185062731865989455e-03 -2.061724952933534361e-01 -9.074730949949872283e+00
8.058184999999999931e+00 9.374512300000000664e+01 -2.821140009947894214e+02 8.068910762981603924e+00 9.408199123587016288e+01 -8.300921625852637931e+01 8.102240000000000109e+00 9.621044600000000457e+01 0.000000000000000000e+00 -2.256802654911274977e-03 -2.129415773359542574e-01 -9.372671208513061458e+00
8.153060999999999225e+00 9.361945900000000620e+01 -2.993982846129683821e+02 8.161231993917869687e+00 9.383676089815239152e+01 -9.014941341673782915e+01 8.198451000000000377e+00 9.621044600000000457e+01 0.000000000000000000e+00 -1.719255691473948024e-03 -1.622211214592358675e-01 -7.140197158211451622e+00
8.246052000000000604e+00 9.336813200000000279e+01 -3.011916384186852156e+02 8.253464101976476286e+00 9.359945679886551773e+01 -9.662645663628238424e+01 8.294660999999999618e+00 9.621044600000000457e+01 0.000000000000000000e+00 -1.559578132838480933e-03 -1.471546858701414662e-01 -6.477043219544558639e+00
8.340927999999999898e+00 9.412211399999999628e+01 -3.095293861146928975e+02 8.345957078346533109e+00 9.340298650315642703e+01 -1.010211023844916554e+02 8.390871000000000635e+00 9.621044600000000457e+01 0.000000000000000000e+00 -1.058167200489925491e-03 -9.984383907280966475e-02 -4.394645748209266678e+00
8.435176000000000229e+00 9.412211399999999628e+01 -3.081498455272649153e+02 8.438591003922120137e+00 9.323416625781695188e+01 -1.040052940613977057e+02 8.487081999999999127e+00 9.621044600000000457e+01 0.000000000000000000e+00 -7.185503763770945129e-04 -6.779914295497556365e-02 -2.984191676906053026e+00
8.528166999999999831e+00 9.405928199999999606e+01 -3.081964480238657416e+02 8.531146294546237741e+00 9.307101208209986964e+01 -1.066087424186267469e+02 8.583292000000000144e+00 9.621044600000000457e+01 0.000000000000000000e+00 -6.268729866684094078e-04 -5.914888165569181372e-02 -2.603448357229046994e+00
8.623671999999999116e+00 9.412211399999999628e+01 -3.122252292889716045e+02 8.624078475733659488e+00 9.295633344633350248e+01 -1.069639401249786772e+02 8.679503000000000412e+00 9.621044600000000457e+01 0.000000000000000000e+00 -8.552652346818629910e-05 -8.069893347732899624e-03 -3.551977063519329292e-01
8.717290999999999457e+00 9.418494599999999650e+01 -3.041421377151600609e+02 8.717035158752509005e+00 9.285444880535750656e+01 -1.067403739551214983e+02 8.775712999999999653e+00 9.621044600000000457e+01 0.000000000000000000e+00 5.383154257949641458e-05 5.079299148982652397e-03 2.235661698571803357e-01
8.811538999999999788e+00 9.437344199999999717e+01 -3.031878346573712406e+02 8.810132234794618711e+00 9.277563739927231268e+01 -1.055110760896302793e+02 8.871923999999999921e+00 9.621044600000000457e+01 0.000000000000000000e+00 2.959974237296313440e-04 2.792896786993257982e-02 1.229297865491212116e+00
8.907042999999999822e+00 9.443627399999999739e+01 -2.983756008774871589e+02 8.903583111712629616e+00 9.273881661695212131e+01 -1.024876624380721495e+02 8.968133999999999162e+00 9.621044600000000457e+01 0.000000000000000000e+00 7.279950567827493451e-04 6.869029376943221188e-02 3.023413651558133353e+00
8.998777999999999722e+00 9.399645099999999331e+01 -2.873237236007107640e+02 8.996706540335301483e+00 9.267745432261705218e+01 -1.006775233063808486e+02 9.064344999999999430e+00 9.621044600000000457e+01 0.000000000000000000e+00 4.358558369389110452e-04 4.112536810299393525e-02 1.810139131691298697e+00
9.092397000000000062e+00 9.343096400000000301e+01 -2.915579993214187198e+02 9.089866168245743339e+00 9.262702223373329957e+01 -9.846596326455691894e+01 9.160555000000000447e+00 9.621044600000000457e+01 0.000000000000000000e+00 5.325123494786747997e-04 5.024543442263845749e-02 2.211560041823925182e+00
9.187901999999999347e+00 9.361945900000000620e+01 -2.864008749017330047e+02 9.183392749091837004e+00 9.261807991236327098e+01 -9.452556746696710377e+01 9.256766000000000716e+00 9.621044600000000457e+01 0.000000000000000000e+00 9.487915939939762285e-04 8.952364189452825805e-02 3.940395797589815619e+00
9.282778000000000418e+00 9.475043300000000102e+01 -2.724290942726474896e+02 9.277148144326826440e+00 9.263532572365507178e+01 -8.960593457203570722e+01 9.352975999999999956e+00 9.621044600000000457e+01 0.000000000000000000e+00 1.184578106360328464e-03 1.117713787587816671e-01 4.919632894931397438e+00
9.376397000000000759e+00 9.468760100000000079e+01 -2.607932182853528502e+02 9.370896109623997106e+00 9.265493077878436168e+01 -8.479899769699561318e+01 9.449185999999999197e+00 9.621044600000000457e+01 0.000000000000000000e+00 1.157442540800583414e-03 1.092109897013248260e-01 4.806936875040095813e+00
9.471902000000000044e+00 9.456193700000000035e+01 -2.540395633405005356e+02 9.464967689458745781e+00 9.270780093561302238e+01 -7.873947085954294778e+01 9.545396999999999466e+00 9.621044600000000457e+01 0.000000000000000000e+00 1.459048554811641406e-03 1.376691545256587546e-01 6.059526837452670733e+00
9.564892999999999645e+00 9.418494599999999650e+01 -2.387029615263109008e+02 9.558897610763008146e+00 9.274808990670391040e+01 -7.350041761522523132e+01 9.641607000000000482e+00 9.621044600000000457e+01 0.000000000000000000e+00 1.261490104078284713e-03 1.190284419504398228e-01 5.239053244317715574e+00
9.659140999999999977e+00 9.412211399999999628e+01 -2.338428033825657621e+02 9.652918274428898826e+00 9.279813131655028258e+01 -6.806270711067935508e+01 9.737818000000000751e+00 9.621044600000000457e+01 0.000000000000000000e+00 1.309323967993155291e-03 1.235418274615956852e-01 5.437710504545882451e+00
9.754016999999999271e+00 9.405928199999999606e+01 -2.230127149532290787e+02 9.747131213133792826e+00 9.286677441487540818e+01 -6.204558230440238020e+01 9.834027999999999992e+00 9.621044600000000457e+01 0.000000000000000000e+00 1.448838741899592143e-03 1.367058054358040453e-01 6.017124806276977544e+00
9.848893000000000342e+00 9.468760100000000079e+01 -2.092581784268559204e+02 9.841518610434883740e+00 9.295113503277958955e+01 -5.560149326322832763e+01 9.930239000000000260e+00 9.621044600000000457e+01 0.000000000000000000e+00 1.551645677366336783e-03 1.464062002085908254e-01 6.444089041174053456e+00
9.943141000000000673e+00 9.468760100000000079e+01 -1.954500297426684483e+02 9.935954133648641218e+00 9.303821678333842726e+01 -4.932127061855597816e+01 1.002644899999999950e+01 9.621044600000000457e+01 0.000000000000000000e+00 1.512188927608725973e-03 1.426832438220602961e-01 6.280222644672351251e+00
1.003675999999999924e+01 9.424777799999999672e+01 -1.842870798546146034e+02 1.003032225589211990e+01 9.311670618805474930e+01 -4.369566608107926697e+01 1.012265999999999977e+01 9.621044600000000457e+01 0.000000000000000000e+00 1.354566095449874323e-03 1.278106753348848545e-01 5.625604537476711187e+00
1.013226399999999927e+01 9.437344199999999717e+01 -1.756617012244641955e+02 1.012495500112878943e+01 9.321811851306681262e+01 -3.730871774517010664e+01 1.021887000000000079e+01 9.621044600000000457e+01 0.000000000000000000e+00 1.537886881657002641e-03 1.451079910931473149e-01 6.386948335909159447e+00
1.022714099999999959e+01 9.475043300000000102e+01 -1.588990661669677138e+02 1.021971662788176438e+01 9.332820833547953043e+01 -3.082095051909865902e+01 1.031508000000000003e+01 9.621044600000000457e+01 0.000000000000000000e+00 1.562162598780586064e-03 1.473985401578926102e-01 6.487767226071447624e+00
1.032075999999999993e+01 9.468760100000000079e+01 -1.451082131350221971e+02 1.031437326010392219e+01 9.342418547090019842e+01 -2.523991510294935026e+01 1.041129100000000030e+01 9.621044600000000457e+01 0.000000000000000000e+00 1.343834361937737724e-03 1.267980859397700999e-01 5.581035416149308759e+00
1.041626399999999997e+01 9.456193700000000035e+01 -1.368189567898289170e+02 1.040925879193468973e+01 9.353802230298413178e+01 -1.911843265781696743e+01 1.050750099999999954e+01 9.621044600000000457e+01 0.000000000000000000e+00 1.473966317419268769e-03 1.390767471868769589e-01 6.121482445132381933e+00
1.050925600000000060e+01 9.418494599999999650e+01 -1.205354162068324513e+02 1.050391174096019675e+01 9.362500524324833862e+01 -1.444836588699627455e+01 1.060371199999999980e+01 9.621044600000000457e+01 0.000000000000000000e+00 1.124485938851315855e-03 1.061013729220319501e-01 4.670066770820692881e+00
1.059722000000000008e+01 9.223715900000000545e+01 -1.152730393107376585e+02 1.059747571665846344e+01 9.360548004829627189e+01 -1.467182322949503259e+01 1.069992200000000082e+01 9.621044600000000457e+01 0.000000000000000000e+00 -5.380536203821348579e-05 -5.076829065077774483e-03 -2.234573424987582602e-01
1.069649399999999950e+01 9.286547699999999850e+01 -1.309598582633134356e+02 1.069201606373296087e+01 9.367971020749406819e+01 -1.075879000604163771e+01 1.079613299999999931e+01 9.621044600000000457e+01 0.000000000000000000e+00 9.422029378165524454e-04 8.890198242729366318e-02 3.913033223453394882e+00
1.079576899999999995e+01 9.588140599999999836e+01 -9.765343667402430583e+01 1.078744239600996835e+01 9.383426230741171992e+01 -3.482607990174649615e+00 1.089234300000000033e+01 9.621044600000000457e+01 0.000000000000000000e+00 1.752001464516117404e-03 1.653108899236885310e-01 7.276182015866988095e+00
1.089253000000000071e+01 9.852034399999999437e+01 -6.593105594605913211e+01 1.088323142997383819e+01 9.401538736691105669e+01 4.642924402906364989e+00 1.098855400000000060e+01 9.621044600000000457e+01 0.000000000000000000e+00 1.956512960452245174e-03 1.846076674895149039e-01 8.125532393081014604e+00
1.098740600000000001e+01 9.694954799999999295e+01 -4.639390762679613545e+01 1.097901474381052012e+01 9.418662475473587392e+01 1.197560308662577455e+01 1.108476399999999984e+01 9.621044600000000457e+01 0.000000000000000000e+00 1.765605007570534429e-03 1.665944634219208020e-01 7.332678683719408674e+00
1.108479499999999973e+01 9.619556500000000199e+01 -3.575113379466529295e+01 1.107522167964402904e+01 9.438866274909160836e+01 2.034122589373593115e+01 1.118097400000000086e+01 9.621044600000000457e+01 0.000000000000000000e+00 2.014323277229307808e-03 1.900623912691063455e-01 8.365622807110154824e+00
1.118030000000000079e+01 9.606990199999999902e+01 -1.504217163051907846e+01 1.117147696805667501e+01 9.458417063967793581e+01 2.805121118683836556e+01 1.127718499999999935e+01 9.621044600000000457e+01 0.000000000000000000e+00 1.856455050606989864e-03 1.751666646925908732e-01 7.709985293102434412e+00
1.127391899999999936e+01 9.550441499999999451e+01 -3.425370075373393774e+00 1.126743868753114342e+01 9.474087770949068954e+01 3.371401681455872534e+01 1.137339500000000037e+01 9.621044600000000457e+01 0.000000000000000000e+00 1.363523229196248084e-03 1.286558586259201609e-01 5.662805627720358004e+00
1.136879500000000043e+01 9.456193700000000035e+01 -4.123900592257996323e-01 1.136334347765669861e+01 9.488282266536747045e+01 3.847781673001233571e+01 1.146960600000000063e+01 9.621044600000000457e+01 0.000000000000000000e+00 1.147055407656019524e-03 1.082309390622228223e-01 4.763799915453608591e+00
1.146429999999999971e+01 9.468760100000000079e+01 7.700943194207866327e+00 1.145929800876353077e+01 9.502060672823144216e+01 4.284879501969348325e+01 1.156581599999999987e+01 9.621044600000000457e+01 0.000000000000000000e+00 1.052469533099957728e-03 9.930624613396872580e-02 4.370978289681149320e+00
1.155917600000000078e+01 9.512742400000000487e+01 1.793693249101488618e+01 1.155518069290951821e+01 9.514277572545415751e+01 4.634008477926535363e+01 1.166202700000000014e+01 9.621044600000000457e+01 0.000000000000000000e+00 8.406530202463398859e-04 7.932020220302368751e-02 3.491289759571873041e+00
1.165468000000000082e+01 9.525308800000000531e+01 2.484162731356173026e+01 1.165109992307873199e+01 9.526019230652649128e+01 4.946852665921462489e+01 1.175823699999999938e+01 9.621044600000000457e+01 0.000000000000000000e+00 7.532844013698824321e-04 7.107649629306679595e-02 3.128441879949273918e+00
1.174955600000000011e+01 9.512742400000000487e+01 3.386530561203562684e+01 1.174693610257573262e+01 9.536167455693039585e+01 5.175791794077142072e+01 1.185444799999999965e+01 9.621044600000000457e+01 0.000000000000000000e+00 5.512529271465096449e-04 5.201372374468663656e-02 2.289391281556794056e+00
1.184506099999999940e+01 9.525308800000000531e+01 3.956772892902517924e+01 1.184279949882552785e+01 9.545833083521220885e+01 5.373412550394273524e+01 1.195065800000000067e+01 9.621044600000000457e+01 0.000000000000000000e+00 4.758427338940182856e-04 4.489836034103564938e-02 1.976207563171314519e+00
1.193993700000000047e+01 9.512742400000000487e+01 4.740362238549096219e+01 1.193857192278622570e+01 9.553916630820967271e+01 5.492699507085885813e+01 1.204686799999999991e+01 9.621044600000000457e+01 0.000000000000000000e+00 2.872260627328928457e-04 2.710134749353005496e-02 1.192869566916122670e+00
1.203544100000000050e+01 9.525308800000000531e+01 5.192846702055703645e+01 1.203436496190084881e+01 9.561545625796165382e+01 5.586728847878148230e+01 1.214307900000000018e+01 9.621044600000000457e+01 0.000000000000000000e+00 2.264093088778945683e-04 2.136295468112029208e-02 9.402934079226251685e-01
1.213031699999999979e+01 9.512742400000000487e+01 5.860132141603207856e+01 1.213006200527484246e+01 9.567638604450029050e+01 5.609011503092818884e+01 1.223928899999999942e+01 9.621044600000000457e+01 0.000000000000000000e+00 5.365347179278240927e-05 5.062498059862217091e-03 2.228265521467039378e-01
1.222707800000000056e+01 9.563007899999999495e+01 6.199007899782463937e+01 1.222599443039339384e+01 9.575398864004611710e+01 5.703698983227201325e+01 1.233549999999999969e+01 9.621044600000000457e+01 0.000000000000000000e+00 2.279940165358900340e-04 2.151248051489970323e-02 9.468748013438244016e-01
1.232258299999999984e+01 9.581857399999999814e+01 7.283215279292744526e+01 1.232191705838700813e+01 9.582424679807738244e+01 5.761892137497368083e+01 1.243171000000000070e+01 9.621044600000000457e+01 0.000000000000000000e+00 1.401208586502509243e-04 1.322116819899778715e-02 5.819315427016686915e-01
1.241808699999999988e+01 9.588140599999999836e+01 7.744260711858350987e+01 1.241782520001396684e+01 9.588706332475518934e+01 5.784769468898881684e+01 1.252792099999999920e+01 9.621044600000000457e+01 0.000000000000000000e+00 5.508536819412233182e-05 5.197605302835763517e-03 2.287733140151358424e-01
1.251233500000000021e+01 9.512742400000000487e+01 8.144697523480681411e+01 1.251349674439937765e+01 9.592184650766137111e+01 5.683250702526647302e+01 1.262413100000000021e+01 9.621044600000000457e+01 0.000000000000000000e+00 -2.444427866874578949e-04 -2.306451178280981631e-02 -1.015187663722346922e+00
1.260909599999999919e+01 9.537875099999999406e+01 7.959380396806864155e+01 1.260938599027072549e+01 9.597292173793191239e+01 5.657909969622968305e+01 1.272034200000000048e+01 9.621044600000000457e+01 0.000000000000000000e+00 -6.101688982567188605e-05 -5.757276754723800356e-03 -2.534073290367927500e-01
1.270522899999999922e+01 9.581857399999999814e+01 8.807212900066861039e+01 1.270535970078882748e+01 9.602690598983478765e+01 5.646488711352785117e+01 1.281655199999999972e+01 9.621044600000000457e+01 0.000000000000000000e+00 -2.750076967696466707e-05 -2.594847793358680352e-03 -1.142125827018353329e-01
1.279947699999999955e+01 9.575574199999999792e+01 9.303425158951085905e+01 1.280107797736906150e+01 9.605158612160481368e+01 5.506587673505764968e+01 1.291276200000000074e+01 9.621044600000000457e+01 0.000000000000000000e+00 -3.368618531570677106e-04 -3.178475534350776177e-02 -1.399010378470201932e+00
1.289560900000000032e+01 9.537875099999999406e+01 8.939090296634731203e+01 1.289688798502581157e+01 9.608125986792147444e+01 5.394823862316295049e+01 1.300897299999999923e+01 9.621044600000000457e+01 0.000000000000000000e+00 -2.691114032246458851e-04 -2.539213041840056653e-02 -1.117638111894696973e+00
1.299111399999999961e+01 9.537875099999999406e+01 9.350351346811748954e+01 1.299266902582885841e+01 9.610433564293759900e+01 5.258938289350175666e+01 1.310518300000000025e+01 9.621044600000000457e+01 0.000000000000000000e+00 -3.271931841847782515e-04 -3.087246360703758963e-02 -1.358855729661192058e+00
1.308599000000000068e+01 9.550441499999999451e+01 9.434325258321405272e+01 1.308831124310370875e+01 9.611084058663357155e+01 5.056096996825675660e+01 1.320139400000000052e+01 9.621044600000000457e+01 0.000000000000000000e+00 -4.884130595341352587e-04 -4.608443919753542339e-02 -2.028412925244997389e+00
1.318149400000000071e+01 9.525308800000000531e+01 9.209456569055782893e+01 1.318393396981338128e+01 9.611295999511463606e+01 4.842880798233225903e+01 1.329760399999999976e+01 9.621044600000000457e+01 0.000000000000000000e+00 -5.133943619462350526e-04 -4.844156148719119120e-02 -2.132161985924499348e+00
1.327699900000000000e+01 9.531591899999999384e+01 9.223160283555534988e+01 1.327953710187144409e+01 9.611099899203334473e+01 4.621089352412496254e+01 1.339381500000000003e+01 9.621044600000000457e+01 0.000000000000000000e+00 -5.340423410426454933e-04 -5.038981106362570850e-02 -2.217914458207293826e+00
1.337250300000000003e+01 9.550441499999999451e+01 9.197724501994161983e+01 1.337512046513465336e+01 9.610524444826623380e+01 4.392362766129088669e+01 1.349002499999999927e+01 9.621044600000000457e+01 0.000000000000000000e+00 -5.507411755857601152e-04 -5.196543729122665711e-02 -2.287265862834077623e+00
1.346737899999999932e+01 9.531591899999999384e+01 9.134764424418335693e+01 1.347057516575010361e+01 9.608571349587660393e+01 4.113066560127569460e+01 1.358623599999999954e+01 9.621044600000000457e+01 0.000000000000000000e+00 -6.725056466459184519e-04 -6.345458005091109133e-02 -2.792962060015195203e+00
1.356162699999999965e+01 9.487609700000000146e+01 8.773455940914482198e+01 1.356580281153609668e+01 9.604394033601278124e+01 3.748164233174509974e+01 1.368244600000000055e+01 9.621044600000000457e+01 0.000000000000000000e+00 -8.786330426840786856e-04 -8.290382546510027817e-02 -3.649023269530596636e+00
1.365964499999999937e+01 9.556724699999999473e+01 8.133217451469317893e+01 1.366147949612702739e+01 9.604500109452595780e+01 3.587857212578282429e+01 1.377865599999999979e+01 9.621044600000000457e+01 0.000000000000000000e+00 -3.859965662477158666e-04 -3.642088381856849882e-02 -1.603070205962274564e+00
1.375514899999999940e+01 9.613273399999999924e+01 9.080633758094154473e+01 1.375712637646992853e+01 9.604162213012450877e+01 3.415064626083625399e+01 1.387486700000000006e+01 9.621044600000000457e+01 0.000000000000000000e+00 -4.160600376876631007e-04 -3.925753652723121268e-02 -1.727925864946570744e+00
1.385065299999999944e+01 9.625839700000000221e+01 8.877186424538103893e+01 1.385274491402390318e+01 9.603424128630085477e+01 3.232263201731848312e+01 1.397107699999999930e+01 9.621044600000000457e+01 0.000000000000000000e+00 -4.401598992811699552e-04 -4.153149008449878027e-02 -1.828014243517770421e+00
1.394615800000000050e+01 9.550441499999999451e+01 8.648661748012455064e+01 1.394833686199335077e+01 9.602330622020227224e+01 3.041863848979023643e+01 1.406728799999999957e+01 9.621044600000000457e+01 0.000000000000000000e+00 -4.584546328610970356e-04 -4.325769811588950353e-02 -1.903993527528246021e+00
1.404166200000000053e+01 9.550441499999999451e+01 8.397944172737061308e+01 1.404390370094737861e+01 9.600921959713384979e+01 2.845973328561114357e+01 1.416349800000000059e+01 9.621044600000000457e+01 0.000000000000000000e+00 -4.716765854181673677e-04 -4.450526155821095398e-02 -1.958905204179094417e+00
1.413591000000000086e+01 9.512742400000000487e+01 8.126578286452149769e+01 1.413922883409997588e+01 9.597178937307994318e+01 2.555957775717636338e+01 1.425970900000000086e+01 9.621044600000000457e+01 0.000000000000000000e+00 -6.983163111803318687e-04 -6.588995733952145162e-02 -2.900155528434781083e+00
1.423267099999999985e+01 9.537875099999999406e+01 7.309842724541522330e+01 1.423477144777453951e+01 9.595564803714658808e+01 2.372410630936757059e+01 1.435591900000000010e+01 9.621044600000000457e+01 0.000000000000000000e+00 -4.419554873936025886e-04 -4.170091369053304658e-02 -1.835471447808792789e+00
1.432817599999999914e+01 9.563007899999999495e+01 7.566869956901973637e+01 1.433029342929366301e+01 9.593733408978312127e+01 2.187379559873020085e+01 1.445213000000000036e+01 9.621044600000000457e+01 0.000000000000000000e+00 -4.455285711777477254e-04 -4.203805367283547367e-02 -1.850310710637371292e+00
1.442367999999999917e+01 9.588140599999999836e+01 7.249174701501760865e+01 1.442579639032040895e+01 9.591719045877408689e+01 2.002439279107247572e+01 1.454833999999999961e+01 9.621044600000000457e+01 0.000000000000000000e+00 -4.453099608371525325e-04 -4.201742660777546545e-02 -1.849402807657724024e+00
1.451918399999999920e+01 9.550441499999999451e+01 6.919674627679160039e+01 1.452128212601041390e+01 9.589556003257197858e+01 1.819095020733463386e+01 1.464455000000000062e+01 9.621044600000000457e+01 0.000000000000000000e+00 -4.414669651657892008e-04 -4.165481899318078385e-02 -1.833442583737843412e+00
1.461406000000000027e+01 9.531591899999999384e+01 6.580881924850018549e+01 1.461664324136768123e+01 9.586246500132671144e+01 1.593359068402879331e+01 1.474076099999999911e+01 9.621044600000000457e+01 0.000000000000000000e+00 -5.435401504086420470e-04 -5.128598145260818142e-02 -2.257359523305839666e+00
1.471144999999999925e+01 9.581857399999999814e+01 5.971017080106503272e+01 1.471232877087151181e+01 9.586095205092921390e+01 1.516567878016060078e+01 1.483697100000000013e+01 9.621044600000000457e+01 0.000000000000000000e+00 -1.849022928382797204e-04 -1.744654108151946076e-02 -7.679119038681919696e-01
1.480695399999999928e+01 9.606990199999999902e+01 6.428545854310323193e+01 1.480798117726124552e+01 9.585572482539571126e+01 1.426808229364804603e+01 1.493318200000000040e+01 9.621044600000000457e+01 0.000000000000000000e+00 -2.161285005848866949e-04 -2.039290431367320883e-02 -8.975964865125555248e-01
1.490183000000000035e+01 9.588140599999999836e+01 6.039503009473992279e+01 1.490349392867884148e+01 9.583695835792839546e+01 1.281406204514787817e+01 1.502939199999999964e+01 9.621044600000000457e+01 0.000000000000000000e+00 -3.501074489460771462e-04 -3.303454976096813211e-02 -1.454020248500167423e+00
1.499921999999999933e+01 9.581857399999999814e+01 5.384676822689016262e+01 1.499931690440035048e+01 9.584784854350114358e+01 1.272938235777274585e+01 1.512560299999999991e+01 9.621044600000000457e+01 0.000000000000000000e+00 -2.038966744194496155e-05 -1.923876472402636035e-03 -8.467968737513205391e-02
1.509535200000000010e+01 9.625839700000000221e+01 5.802404564455173386e+01 1.509520256109451708e+01 9.586354478797660761e+01 1.285996920167824875e+01 1.522181299999999915e+01 9.621044600000000457e+01 0.000000000000000000e+00 3.144345948636591097e-05 2.966862117693162305e-03 1.305868439055024310e-01
1.519085699999999939e+01 9.632122900000000243e+01 5.642338542545167002e+01 1.519103506845943841e+01 9.587286950265300334e+01 1.270436448783815209e+01 1.531802399999999942e+01 9.621044600000000457e+01 0.000000000000000000e+00 -3.746740765712837623e-05 -3.535254525291372293e-03 -1.556047138400967755e-01
1.528761800000000015e+01 9.606990199999999902e+01 5.204838660070618062e+01 1.528703661866624053e+01 9.589711623123076834e+01 1.321240322967731906e+01 1.541423400000000044e+01 9.621044600000000457e+01 0.000000000000000000e+00 1.223285219060333629e-04 1.154236408993031433e-02 5.080387418391668630e-01
1.538375100000000018e+01 9.619556500000000199e+01 5.299248448172602366e+01 1.538308126097442674e+01 9.592362519427709344e+01 1.379765313748290367e+01 1.551044399999999968e+01 9.621044600000000457e+01 0.000000000000000000e+00 1.409198753394877261e-04 1.329655981665702445e-02 5.852499078055839465e-01
1.547925500000000021e+01 9.613273399999999924e+01 5.101976805505637458e+01 1.547905406397119421e+01 9.594141209968294959e+01 1.397324062434202219e+01 1.560665499999999994e+01 9.621044600000000457e+01 0.000000000000000000e+00 4.227897592099883682e-05 3.989252268361833179e-03 1.755874868591184301e-01
1.557475900000000024e+01 9.569291099999999517e+01 4.630933158815423667e+01 1.557496014065899459e+01 9.595139202544437751e+01 1.379747432183995137e+01 1.570286499999999918e+01 9.621044600000000457e+01 0.000000000000000000e+00 -4.232203219263251057e-05 -3.993314862908052716e-03 -1.757663025020705372e-01
1.566963600000000056e+01 9.531591899999999384e+01 4.168702211660183821e+01 1.567069550156055513e+01 9.594415484993012910e+01 1.287163131853379383e+01 1.579907599999999945e+01 9.621044600000000457e+01 0.000000000000000000e+00 -2.229298610444368611e-04 -2.103464983607878161e-02 -9.258430033061576525e-01
1.576639699999999955e+01 9.563007899999999495e+01 3.453356572045231587e+01 1.576660279159077938e+01 9.595294082983195949e+01 1.269180080995398718e+01 1.589528600000000047e+01 9.621044600000000457e+01 0.000000000000000000e+00 -4.330063536501676570e-05 -4.085651416703419206e-03 -1.798305085798065639e-01
1.586252900000000032e+01 9.600706999999999880e+01 3.557707573203879292e+01 1.586255632819248262e+01 9.596509007461267515e+01 1.266792013176736198e+01 1.599149700000000074e+01 9.621044600000000457e+01 0.000000000000000000e+00 -5.750128532998434119e-06 -5.425560292430187332e-04 -2.388067818662596709e-02
1.595740499999999962e+01 9.594423799999999858e+01 3.376675142486510595e+01 1.595833257999897192e+01 9.595934242915541290e+01 1.185735648170197720e+01 1.608770700000000176e+01 9.621044600000000457e+01 0.000000000000000000e+00 -1.951722281881692548e-04 -1.841556558902476826e-02 -8.105636500653851106e-01
1.605479499999999859e+01 9.600706999999999880e+01 2.664802622012848587e+01 1.605438427236207488e+01 9.597935410306992310e+01 1.221626988405173897e+01 1.618391799999999847e+01 9.621044600000000457e+01 0.000000000000000000e+00 8.642125570475187881e-05 8.154317432810916783e-03 3.589134023497609904e-01
1.615092800000000040e+01 9.625839700000000221e+01 3.040330281755450414e+01 1.615046677996717506e+01 9.600072713331526586e+01 1.261930594963135022e+01 1.628012800000000126e+01 9.621044600000000457e+01 0.000000000000000000e+00 9.704536708740588613e-05 9.156760361296182107e-03 4.030360655796114688e-01
1.624706000000000117e+01 9.650972500000000309e+01 2.852616894731090724e+01 1.624657571518448407e+01 9.602296111271114398e+01 1.304249712255075977e+01 1.637633800000000051e+01 9.621044600000000457e+01 0.000000000000000000e+00 1.018984310179689348e-04 9.614673446252162622e-03 4.231911729194103300e-01
1.634256500000000045e+01 9.594423799999999858e+01 2.663765319969479606e+01 1.634259820985570144e+01 9.603534428311617432e+01 1.301347676647955964e+01 1.647254900000000077e+01 9.621044600000000457e+01 0.000000000000000000e+00 -6.987690057366663477e-06 -6.593267175311165636e-04 -2.902035607119975852e-02
1.643806899999999871e+01 9.569291099999999517e+01 2.211717025349025789e+01 1.643854079122432310e+01 9.603899112601024513e+01 1.260120308951585955e+01 1.656875900000000001e+01 9.621044600000000457e+01 0.000000000000000000e+00 -9.926965287680903998e-05 -9.366633872399072330e-03 -4.122736769637007082e-01
1.653168900000000008e+01 9.493892800000000420e+01 1.777082416898883821e+01 1.653408247216277616e+01 9.600407390086945725e+01 1.050967294150142273e+01 1.666497000000000028e+01 9.621044600000000457e+01 0.000000000000000000e+00 -5.036107891025179591e-04 -4.751842823031030005e-02 -2.091530148014436374e+00
1.662845000000000084e+01 9.512742400000000487e+01 5.697821388062038750e+00 1.662980640049543268e+01 9.598765448702370406e+01 9.324385486287663838e+00 1.676117999999999952e+01 9.621044600000000457e+01 0.000000000000000000e+00 -2.854004046831436561e-04 -2.692908678725221966e-02 -1.185287455213759777e+00
1.672583900000000057e+01 9.600706999999999880e+01 7.517467924159063841e+00 1.672580571968963170e+01 9.599763959798836765e+01 9.353467409007157229e+00 1.685739099999999979e+01 9.621044600000000457e+01 0.000000000000000000e+00 7.002514433762067524e-06 6.607254783817964432e-04 2.908192271949310709e-02
1.682197199999999881e+01 9.682388400000000672e+01 1.183396230280231975e+01 1.682183653849435245e+01 9.600968242938260744e+01 9.471840134353483265e+00 1.695360099999999903e+01 9.621044600000000457e+01 0.000000000000000000e+00 2.850247302457556295e-05 2.689363985219873302e-03 1.183727253463258133e-01
1.691810399999999959e+01 9.650972500000000309e+01 1.056656437704987184e+01 1.691789494428416774e+01 9.602330472473580869e+01 9.654522991110338737e+00 1.704981199999999930e+01 9.621044600000000457e+01 0.000000000000000000e+00 4.398744036339609549e-05 4.150455218850123730e-03 1.826828567568560269e-01
1.701486600000000138e+01 9.632122900000000243e+01 9.326630756469967309e+00 1.701408698823682641e+01 9.604842523690187761e+01 1.033526062976860338e+01 1.714602199999999854e+01 9.621044600000000457e+01 0.000000000000000000e+00 1.639119664285611027e-04 1.546598917496209806e-02 6.807376386582643102e-01
1.711099799999999860e+01 9.638406100000000265e+01 1.076792130395097047e+01 1.711028962944472909e+01 9.607282402244565844e+01 1.095426861127201512e+01 1.724223200000000134e+01 9.621044600000000457e+01 0.000000000000000000e+00 1.490483406844750021e-04 1.406352491401337106e-02 6.190079815034115196e-01
1.720587400000000144e+01 9.594423799999999858e+01 9.431509149090743449e+00 1.720628206879354494e+01 9.607567676057689710e+01 1.059767863399468446e+01 1.733844300000000160e+01 9.621044600000000457e+01 0.000000000000000000e+00 -8.586180793466209463e-05 -8.101530480032618706e-03 -3.565899772773311049e-01
1.730326399999999865e+01 9.600706999999999880e+01 2.860469385120268271e+00 1.730251966088372484e+01 9.610105206037042080e+01 1.124811765986465772e+01 1.743465300000000084e+01 9.621044600000000457e+01 0.000000000000000000e+00 1.566164902857959500e-04 1.477762115952204955e-02 6.504390258699724869e-01
1.739939599999999942e+01 9.625839700000000221e+01 7.230478035548003390e+00 1.739876013040675673e+01 9.612492431634359491e+01 1.180377084235788665e+01 1.753086400000000111e+01 9.621044600000000457e+01 0.000000000000000000e+00 1.337934038341892311e-04 1.262413831330946520e-02 5.556531824932289254e-01
1.749427299999999974e+01 9.613273399999999924e+01 6.024318159217727953e+00 1.749478353489487148e+01 9.612659226186076467e+01 1.135764109794474308e+01 1.762707400000000035e+01 9.621044600000000457e+01 0.000000000000000000e+00 -1.074217136460104641e-04 -1.013582532519734930e-02 -4.461297444131430145e-01
1.759228999999999843e+01 9.619556500000000199e+01 -4.057742608092667069e-01 1.759115468727536680e+01 9.616048965799215864e+01 1.234973151284514969e+01 1.772328500000000062e+01 9.621044600000000457e+01 0.000000000000000000e+00 2.388812980844558058e-04 2.253975503345071602e-02 9.920904149004067252e-01
1.768905099999999919e+01 9.669822000000000628e+01 6.739643116260594979e+00 1.768762202302940167e+01 9.620120936208374474e+01 1.359843975411322958e+01 1.781949499999999986e+01 9.621044600000000457e+01 0.000000000000000000e+00 3.006712302831263573e-04 2.836997257874376149e-02 1.248708241268079000e+00
1.778392699999999849e+01 9.657255700000000331e+01 8.152828949629110866e+00 1.778384688798984214e+01 9.621639829320207582e+01 1.366844545005311318e+01 1.791570600000000013e+01 9.621044600000000457e+01 0.000000000000000000e+00 1.685637847917297223e-05 1.590491364218363452e-03 7.000569593988427430e-02
1.788131699999999924e+01 9.619556500000000199e+01 1.529981751395098399e+00 1.788028687024213426e+01 9.625051825997483945e+01 1.456862197124617353e+01 1.801191599999999937e+01 9.621044600000000457e+01 0.000000000000000000e+00 2.167497363669736578e-04 2.045152132271706516e-02 9.001765211930607968e-01
1.797619299999999853e+01 9.588140599999999836e+01 5.856879461704920686e+00 1.797648354020975958e+01 9.625931868696893901e+01 1.431473407673854581e+01 1.810812699999999964e+01 9.621044600000000457e+01 0.000000000000000000e+00 -6.113260333414749070e-05 -5.768194977146786154e-03 -2.538878945076269988e-01
1.806855600000000095e+01 9.487609700000000146e+01 -6.592355843476980226e-01 1.807202095469550329e+01 9.620484248058596677e+01 1.128689138006469861e+01 1.820433699999999888e+01 9.621044600000000457e+01 0.000000000000000000e+00 -7.290615682618274912e-04 -6.879094045970252091e-02 -3.027842696673846756e+00
1.817222800000000049e+01 9.650972500000000309e+01 -1.733621493816644943e+01 1.816892617751947014e+01 9.628168159230658318e+01 1.417218136567602826e+01 1.830054700000000167e+01 9.621044600000000457e+01 0.000000000000000000e+00 6.947368976911461871e-04 6.555222034055063762e-02 2.885289985611330543e+00
1.826584799999999831e+01 9.726370699999999658e+01 1.455803657197157008e+01 1.826532499149089972e+01 9.630623724196314583e+01 1.462921114925901556e+01 1.839675799999999839e+01 9.621044600000000457e+01 0.000000000000000000e+00 1.100462884424671461e-04 1.038346829088300678e-02 4.570297835829865707e-01
1.836197999999999908e+01 9.738937099999999703e+01 2.259089237893022073e+00 1.836169790002985636e+01 9.632646708110205225e+01 1.487572355978830529e+01 1.849296800000000118e+01 9.621044600000000457e+01 0.000000000000000000e+00 5.935669141936305345e-05 5.600627989650232806e-03 2.465124105292903489e-01
1.845811300000000088e+01 9.537875099999999406e+01 1.238990569067027536e+00 1.845804591940868278e+01 9.634267457877406571e+01 1.493434178033294124e+01 1.858917900000000145e+01 9.621044600000000457e+01 0.000000000000000000e+00 1.411443594637674297e-05 1.331774112227611081e-03 5.861822054463559917e-02
1.855487400000000164e+01 9.632122900000000243e+01 2.790940599788882537e-01 1.855447914305873169e+01 9.636544815157633082e+01 1.527938661092755623e+01 1.868538900000000069e+01 9.621044600000000457e+01 0.000000000000000000e+00 8.308190038500873787e-05 7.839231021932360766e-03 3.450448305946158811e-01
1.865100699999999989e+01 9.638406100000000265e+01 2.013219146379924496e+00 1.865087913499578676e+01 9.638326608621035518e+01 1.539112115097780453e+01 1.878160000000000096e+01 9.621044600000000457e+01 0.000000000000000000e+00 2.690409217257675958e-05 2.538548023091012022e-03 1.117345400502474939e-01
1.874776800000000065e+01 9.650972500000000309e+01 9.972412071765575092e-01 1.874735664904957133e+01 9.640682389963521359e+01 1.575057923357177714e+01 1.887781000000000020e+01 9.621044600000000457e+01 0.000000000000000000e+00 8.655240699887841393e-05 8.166692273878962613e-03 3.594580825939718283e-01
1.884390099999999890e+01 9.638406100000000265e+01 2.675633531259336451e+00 1.884379388609046302e+01 9.642470104825321187e+01 1.584418047723273126e+01 1.897402100000000047e+01 9.621044600000000457e+01 0.000000000000000000e+00 2.253785164174624116e-05 2.126569384435401510e-03 9.360124366095495807e-02
1.893940500000000071e+01 9.613273399999999924e+01 1.604484655068517895e+00 1.894008370320027979e+01 9.642707070004325942e+01 1.525109724557592727e+01 1.907023099999999971e+01 9.621044600000000457e+01 0.000000000000000000e+00 -1.428060286751156008e-04 -1.347452868717636566e-02 -5.930832316568048768e-01
1.903491000000000000e+01 9.569291099999999517e+01 -2.050934124088598765e+00 1.903623880534368951e+01 9.641594056655941358e+01 1.408992375006321396e+01 1.916644099999999895e+01 9.621044600000000457e+01 0.000000000000000000e+00 -2.795941052550703185e-04 -2.638123072943323114e-02 -1.161173495512713538e+00
1.913167100000000076e+01 9.588140599999999836e+01 -5.474213853197397839e+00 1.913248955798086826e+01 9.641377937643389373e+01 1.337462873981911571e+01 1.926265199999999922e+01 9.621044600000000457e+01 0.000000000000000000e+00 -1.722328912565111931e-04 -1.625111387558549753e-02 -7.152950102440982505e-01
1.922780300000000153e+01 9.619556500000000199e+01 -3.393905100368101557e+00 1.922871758642333972e+01 9.640899640551401717e+01 1.257541949582468455e+01 1.935886199999999846e+01 9.621044600000000457e+01 0.000000000000000000e+00 -1.924382483321792996e-04 -1.815759965969956230e-02 -7.992092439944311622e-01
1.932393599999999978e+01 9.632122900000000243e+01 -4.065960471288235567e+00 1.932492481404643669e+01 9.640194055875114998e+01 1.171134661398602717e+01 1.945507299999999873e+01 9.621044600000000457e+01 0.000000000000000000e+00 -2.080564921664187594e-04 -1.963126625867875688e-02 -8.640728818386576027e-01
1.942069700000000054e+01 9.632122900000000243e+01 -4.676415485983852705e+00 1.942122211976121449e+01 9.640322652165696127e+01 1.125247191755567577e+01 1.955128300000000152e+01 9.621044600000000457e+01 0.000000000000000000e+00 -1.104905172815359862e-04 -1.042538370818752412e-02 -4.588746964303520026e-01
1.951682999999999879e+01 9.638406100000000265e+01 -2.593002254745442769e+00 1.951749173646345170e+01 9.640134131136419171e+01 1.067421502986697313e+01 1.964749399999999824e+01 9.621044600000000457e+01 0.000000000000000000e+00 -1.392360553750670465e-04 -1.313768221033340816e-02 -5.782568876887024256e-01
1.960667899999999975e+01 9.443627399999999739e+01 -3.261303207910714264e+00 1.961264343693152057e+01 9.629360150314199984e+01 5.462205525596372624e+00 1.974370400000000103e+01 9.621044600000000457e+01 0.000000000000000000e+00 -1.254977950808937228e-03 -1.184140232520558139e-01 -5.212009504270600502e+00
1.970720999999999989e+01 9.493892800000000420e+01 -3.026860863041019911e+01 1.970863907721473396e+01 9.627069174590269540e+01 4.213409686014298217e+00 1.983991500000000130e+01 9.621044600000000457e+01 0.000000000000000000e+00 -3.006923226933743819e-04 -2.837196276490864741e-02 -1.248795839582074407e+00
1.980208599999999919e+01 9.563007899999999495e+01 -1.066394757131911319e+01 1.980442064310581785e+01 9.622855468090136810e+01 2.173287173808853279e+00 1.993612500000000054e+01 9.621044600000000457e+01 0.000000000000000000e+00 -4.912325596632623236e-04 -4.635047468734144333e-02 -2.040122512205444938e+00
1.990513100000000080e+01 9.902299899999999866e+01 -1.594177759596732358e+01 1.990142918401365080e+01 9.630422139743276944e+01 5.408110565432382444e+00 2.003233499999999978e+01 9.621044600000000457e+01 0.000000000000000000e+00 7.788995833439415085e-04 7.349342935759418938e-02 3.234823391623529165e+00
2.000063499999999905e+01 9.833184799999999370e+01 1.347381764676811144e+01 1.999824003447425724e+01 9.635717758449071368e+01 7.500945685646753347e+00 2.012854600000000005e+01 9.621044600000000457e+01 0.000000000000000000e+00 5.039250078892052506e-04 4.754807649251579366e-02 2.092835120214370903e+00
2.009802399999999878e+01 9.833184799999999370e+01 9.395687140814516169e+00 2.009519600196590616e+01 9.642082375038954467e+01 9.972185268024514215e+00 2.022475599999999929e+01 9.621044600000000457e+01 0.000000000000000000e+00 5.950394343149856746e-04 5.614522021318090611e-02 2.471239582377760424e+00
2.019227199999999911e+01 9.588140599999999836e+01 1.343978257923390629e+01 2.019173483645939982e+01 9.644146042867131996e+01 1.044158439339067357e+01 2.032096699999999956e+01 9.621044600000000457e+01 0.000000000000000000e+00 1.130246504700666520e-04 1.066449301375137736e-02 4.693991253661590757e-01
2.028714799999999840e+01 9.537875099999999406e+01 3.992585204510760377e+00 2.028800185742778694e+01 9.643495008709588490e+01 9.695443042575716319e+00 2.041717699999999880e+01 9.621044600000000457e+01 0.000000000000000000e+00 -1.796602524800075475e-04 -1.695192596883093872e-02 -7.461413508149564722e-01
2.038202400000000125e+01 9.468760100000000079e+01 -2.266949185585872328e+00 2.038402138516413231e+01 9.640499075367158355e+01 7.950032607581184685e+00 2.051338799999999907e+01 9.621044600000000457e+01 0.000000000000000000e+00 -4.202700722725342432e-04 -3.965477646688182062e-02 -1.745410434994531412e+00
2.047627200000000158e+01 9.468760100000000079e+01 -8.141390325685279095e+00 2.047970748920374362e+01 9.634473483437997743e+01 4.947938262831338641e+00 2.060959799999999831e+01 9.621044600000000457e+01 0.000000000000000000e+00 -7.228617303651500760e-04 -6.820595189919118062e-02 -3.002094344749846044e+00
2.057114800000000088e+01 9.462476900000000057e+01 -1.626677115802522167e+01 2.057520174830000315e+01 9.626920230969737702e+01 1.405579627790702002e+00 2.070580899999999858e+01 9.621044600000000457e+01 0.000000000000000000e+00 -8.529497072529990944e-04 -8.048046294543004242e-02 -3.542358635040636639e+00
2.066728099999999912e+01 9.506459200000000465e+01 -2.119870870156410092e+01 2.067074317641050385e+01 9.620187210710700754e+01 -1.619835271248869724e+00 2.080201900000000137e+01 9.621044600000000457e+01 0.000000000000000000e+00 -7.284769890120633635e-04 -6.873578221815367095e-02 -3.025414899039571726e+00
2.076341400000000093e+01 9.575574199999999792e+01 -2.046629541595029877e+01 2.076633056399111510e+01 9.614234872113557628e+01 -4.168468011611649260e+00 2.089822900000000061e+01 9.621044600000000457e+01 0.000000000000000000e+00 -6.136746088566959970e-04 -5.790355070019174988e-02 -2.548632740362779536e+00
2.086017500000000169e+01 9.632122900000000243e+01 -1.969186848670324252e+01 2.086207173600800857e+01 9.610052369906273384e+01 -5.825926412852227898e+00 2.099444000000000088e+01 9.621044600000000457e+01 0.000000000000000000e+00 -3.990924702367493670e-04 -3.765655406123310373e-02 -1.657458401240578638e+00
2.095819300000000140e+01 9.694954799999999295e+01 -1.624360132556739700e+01 2.095817345847804347e+01 9.609508573722425240e+01 -5.808850098802299300e+00 2.109065000000000012e+01 9.621044600000000457e+01 0.000000000000000000e+00 4.111734177837430715e-06 3.879645743787347068e-04 1.707631404992875079e-02
2.105872400000000155e+01 9.839467999999999392e+01 -7.654607068549012183e+00 2.105504065325755292e+01 9.616240364021487608e+01 -2.590166013518727883e+00 2.118686100000000039e+01 9.621044600000000457e+01 0.000000000000000000e+00 7.750134673341035592e-04 7.312675308942717667e-02 3.218684085283571417e+00
2.115171499999999938e+01 9.751503399999999999e+01 1.100579688274774526e+01 2.115129097993236229e+01 9.616823169082854861e+01 -2.219637051959603813e+00 2.128307099999999963e+01 9.621044600000000457e+01 0.000000000000000000e+00 8.921811760234254921e-05 8.418216627192951287e-03 3.705289615591242369e-01
2.124847600000000014e+01 9.638406100000000265e+01 -3.167647749960451620e+00 2.124763504686352888e+01 9.618270778639980279e+01 -1.484772086455143469e+00 2.137928199999999990e+01 9.621044600000000457e+01 0.000000000000000000e+00 1.769450588648494038e-04 1.669573262322143065e-02 7.348649655044602325e-01
2.134335199999999944e+01 9.506459200000000465e+01 -6.433815841410250869e-01 2.134373617743896645e+01 9.617359580713294065e+01 -1.820484658524673893e+00 2.147549199999999914e+01 9.621044600000000457e+01 0.000000000000000000e+00 -8.083482492014961015e-05 -7.627207180408965108e-03 -3.357125720695303683e-01
2.144074099999999916e+01 9.619556500000000199e+01 -6.184869185627576371e+00 2.144005351649707336e+01 9.618542416953845020e+01 -1.219728779568035826e+00 2.157170299999999941e+01 9.621044600000000457e+01 0.000000000000000000e+00 1.446534933018389787e-04 1.364884706403473105e-02 6.007558789566379565e-01
2.153687400000000096e+01 9.625839700000000221e+01 -8.132910804442872177e-01 2.153634883156166424e+01 9.619463079087090307e+01 -7.608115467444801494e-01 2.166791299999999865e+01 9.621044600000000457e+01 0.000000000000000000e+00 1.105007594426246073e-04 1.042635011202369850e-02 4.589172328235556764e-01
2.163237799999999922e+01 9.632122900000000243e+01 -1.035791839023659122e+00 2.163251438513315250e+01 9.619116227824291343e+01 -8.799913818898500439e-01 2.176412300000000144e+01 9.621044600000000457e+01 0.000000000000000000e+00 -2.869681361229556207e-05 -2.707701081246158964e-03 -1.191798351453698529e-01
2.172976799999999997e+01 9.625839700000000221e+01 -3.882392226375486644e+00 2.172888987401785954e+01 9.620771602480844820e+01 -1.126430106338603965e-01 2.186033400000000171e+01 9.621044600000000457e+01 0.000000000000000000e+00 1.847666021585675283e-04 1.743373794742959781e-02 7.673483712559896475e-01
2.182652900000000074e+01 9.663538800000000606e+01 1.379309456880946527e+00 2.182534637087023555e+01 9.623108252574380117e+01 9.207947363240497340e-01 2.195654400000000095e+01 9.621044600000000457e+01 0.000000000000000000e+00 2.488371490712267334e-04 2.347914394599688245e-02 1.033437746957910131e+00
2.192077700000000107e+01 9.619556500000000199e+01 3.677715939412337320e+00 2.192143868794644135e+01 9.621886660149465342e+01 3.425802451143952210e-01 2.205275500000000122e+01 9.621044600000000457e+01 0.000000000000000000e+00 -1.392258469054355474e-04 -1.313671898547883951e-02 -5.782144912096545131e-01
2.201816600000000079e+01 9.594423799999999858e+01 -4.731828373948701483e+00 2.201774608104088315e+01 9.622754597764530615e+01 7.095254624223772399e-01 2.214896500000000046e+01 9.621044600000000457e+01 0.000000000000000000e+00 8.835520282571465548e-05 8.336795905539630402e-03 3.669452173079819635e-01
2.211429899999999904e+01 9.606990199999999902e+01 5.752736506537985406e-01 2.211403048091654711e+01 9.623358650507100265e+01 9.441702463473115037e-01 2.224517600000000073e+01 9.621044600000000457e+01 0.000000000000000000e+00 5.649913528721793376e-05 5.331001963270574559e-03 2.346447839249342915e-01
2.220980300000000085e+01 9.632122900000000243e+01 2.863334044477596763e-01 2.221018430836421587e+01 9.622696042886742873e+01 6.109648086570909076e-01 2.234138599999999997e+01 9.621044600000000457e+01 0.000000000000000000e+00 -8.023114252783577734e-05 -7.570246449915773133e-03 -3.332054376902205406e-01
2.230719200000000058e+01 9.625839700000000221e+01 -2.628273027264185657e+00 2.230654723860459043e+01 9.624037206400682010e+01 1.174388072152824591e+00 2.243759700000000024e+01 9.621044600000000457e+01 0.000000000000000000e+00 1.356643291009163531e-04 1.280067033072829728e-02 5.634232634957335728e-01
2.240332499999999882e+01 9.644689300000000287e+01 2.560035673630409292e+00 2.240288151219036195e+01 9.625035116850160932e+01 1.561928875315506282e+00 2.253380699999999948e+01 9.621044600000000457e+01 0.000000000000000000e+00 9.331432772954743361e-05 8.804716422627362551e-03 3.875408031626815797e-01
2.249945800000000062e+01 9.650972500000000309e+01 2.151093702630532789e+00 2.249918920212017071e+01 9.625724963438086945e+01 1.796817284816068616e+00 2.263001699999999872e+01 9.621044600000000457e+01 0.000000000000000000e+00 5.655779686972884767e-05 5.336537003940440560e-03 2.348884095005623063e-01
2.259244899999999845e+01 9.519025600000000509e+01 1.757653656351067184e+00 2.259492613571507391e+01 9.620986702206749897e+01 -3.678220664957525532e-01 2.272622799999999899e+01 9.621044600000000457e+01 0.000000000000000000e+00 -5.212144481203871390e-04 -4.917942959817993287e-02 -2.164639351311821169e+00
2.269172299999999964e+01 9.581857399999999814e+01 -1.181596213252487360e+01 2.269123789073060138e+01 9.621913024161756312e+01 5.608955362000372924e-02 2.282243799999999823e+01 9.621044600000000457e+01 0.000000000000000000e+00 1.020719044937196335e-04 9.631041616562804192e-03 4.239116201157562824e-01
2.278848400000000041e+01 9.663538800000000606e+01 1.863066066901410522e+00 2.278763556775587773e+01 9.623603054909789023e+01 7.974901201600272937e-01 2.291864899999999849e+01 9.621044600000000457e+01 0.000000000000000000e+00 1.785187388795738046e-04 1.684421792670025980e-02 7.414005665400235090e-01
2.288335999999999970e+01 9.694954799999999295e+01 4.158927696891623782e+00 2.288378299468361377e+01 9.622843017989339387e+01 4.278571880690735796e-01 2.301485900000000129e+01 9.621044600000000457e+01 0.000000000000000000e+00 -8.900236641736312536e-05 -8.397859324658692864e-03 -3.696329320909537142e-01
2.298075000000000045e+01 9.619556500000000199e+01 -1.617429867256760190e+00 2.298013999088859904e+01 9.624096875833335218e+01 9.609122480563078161e-01 2.311107000000000156e+01 9.621044600000000457e+01 0.000000000000000000e+00 1.283520965008043977e-04 1.211072125188481126e-02 5.330550599872342366e-01
2.307688299999999870e+01 9.625839700000000221e+01 3.518387227889434143e+00 2.307646862814002731e+01 9.625015633801464787e+01 1.323010145523214165e+00 2.320728000000000080e+01 9.621044600000000457e+01 0.000000000000000000e+00 8.718803697224837557e-05 8.226667433229884266e-03 3.620978974669063488e-01
2.317113000000000156e+01 9.594423799999999858e+01 3.051878070958991884e+00 2.317244314662986682e+01 9.622540899527537306e+01 1.755199810762613222e-01 2.330349100000000107e+01 9.621044600000000457e+01 0.000000000000000000e+00 -2.762993532494542972e-04 -2.607035288480335014e-02 -1.147490164446952843e+00
2.326914800000000128e+01 9.594423799999999858e+01 -5.320658424434441258e+00 2.326875197174235055e+01 9.623344700082697045e+01 5.215883638152528645e-01 2.339970100000000031e+01 9.621044600000000457e+01 0.000000000000000000e+00 8.332835722121758465e-05 7.862485570520981806e-03 3.460683827389915423e-01
2.336528099999999952e+01 9.632122900000000243e+01 2.669704035263748665e+00 2.336503701620038242e+01 9.623881248370304320e+01 7.347930463526421985e-01 2.349591099999999955e+01 9.621044600000000457e+01 0.000000000000000000e+00 5.133666302336401275e-05 4.843894512264841287e-03 2.132046825373893895e-01
2.346015699999999882e+01 9.632122900000000243e+01 2.252431990427794517e+00 2.346108164203063495e+01 9.622119003964991180e+01 -7.320326697517665071e-02 2.359212199999999982e+01 9.621044600000000457e+01 0.000000000000000000e+00 -1.945540499756950176e-04 -1.835723709948332630e-02 -8.079963133278188492e-01
2.355817499999999853e+01 9.619556500000000199e+01 -3.428663946073356783e+00 2.355745441405177587e+01 9.623542287770898440e+01 5.564791077264512609e-01 2.368833199999999906e+01 9.621044600000000457e+01 0.000000000000000000e+00 1.516185831244178496e-04 1.430604132604986270e-02 6.296823747016279116e-01
2.365367900000000034e+01 9.632122900000000243e+01 4.441906262185511878e+00 2.365368818297753961e+01 9.623579704399685397e+01 5.484545839097650921e-01 2.378454299999999932e+01 9.621044600000000457e+01 0.000000000000000000e+00 -1.932191498786416067e-06 -1.823128198526806300e-04 -8.024523816686191316e-03
2.375169700000000006e+01 9.701237899999999570e+01 1.262786251667421311e+00 2.375023241728785450e+01 9.626542236423021848e+01 1.828276820805702751e+00 2.388075299999999856e+01 9.621044600000000457e+01 0.000000000000000000e+00 3.081630390262062816e-04 2.907686564945889673e-02 1.279822236895937770e+00
2.384782900000000083e+01 9.669822000000000628e+01 8.827909739511596854e+00 2.384672999547549210e+01 9.628906955687068603e+01 2.788639398657774660e+00 2.397696399999999883e+01 9.621044600000000457e+01 0.000000000000000000e+00 2.312416849981677029e-04 2.181891581966911159e-02 9.603625778520719081e-01
2.394333400000000012e+01 9.650972500000000309e+01 7.980848597188014537e+00 2.394307496329819429e+01 9.629700094123978715e+01 3.014998025175809726e+00 2.407317400000000163e+01 9.621044600000000457e+01 0.000000000000000000e+00 5.450394613144202139e-05 5.142744970445675516e-03 2.263586265180351498e-01
2.404072299999999984e+01 9.625839700000000221e+01 4.517691559290142322e+00 2.403960806529482852e+01 9.632215112245494026e+01 3.989281154788660189e+00 2.416938499999999834e+01 9.621044600000000457e+01 0.000000000000000000e+00 2.345935563845686885e-04 2.213518318996955669e-02 9.742831296128504626e-01
2.413936899999999852e+01 9.720087499999999636e+01 9.156149639110481075e+00 2.413652964096240083e+01 9.638251117774362342e+01 6.470448523972844868e+00 2.426559500000000114e+01 9.621044600000000457e+01 0.000000000000000000e+00 5.974299045428024379e-04 5.637077413389176422e-02 2.481167369184184679e+00
2.423298899999999989e+01 9.676105200000000650e+01 1.875724440565954865e+01 2.423292818372478763e+01 9.639018903275203343e+01 6.523592686290244913e+00 2.436180500000000038e+01 9.621044600000000457e+01 0.000000000000000000e+00 1.279636038044915516e-05 1.207406484438040091e-03 5.314416231740001773e-02
2.432912100000000066e+01 9.588140599999999836e+01 6.594293059726624051e+00 2.432928675749730729e+01 9.639342178468234579e+01 6.378745878234790112e+00 2.445801600000000064e+01 9.621044600000000457e+01 0.000000000000000000e+00 -3.487705657613680621e-05 -3.290840755976098299e-03 -1.448468080554548287e-01
2.442588200000000143e+01 9.556724699999999473e+01 5.683822763687203405e+00 2.442571789748620859e+01 9.640305851435809359e+01 6.522146482748426344e+00 2.455422599999999989e+01 9.621044600000000457e+01 0.000000000000000000e+00 3.452883127917835140e-05 3.257983797505670329e-03 1.434006045136361485e-01
2.452138700000000071e+01 9.619556500000000199e+01 7.445908629803852818e+00 2.452199606386642827e+01 9.639748870586339535e+01 5.989917422909463163e+00 2.465043700000000015e+01 9.621044600000000457e+01 0.000000000000000000e+00 -1.281532073828031411e-04 -1.209195497744317525e-02 -5.322290598389632921e-01
2.461814800000000147e+01 9.625839700000000221e+01 3.795796527703714673e+00 2.461835334158201505e+01 9.639940190604598058e+01 5.810480153411035076e+00 2.474664699999999939e+01 9.621044600000000457e+01 0.000000000000000000e+00 -4.320594898969591180e-05 -4.076717240330389805e-03 -1.794372694984283367e-01
2.471302400000000077e+01 9.581857399999999814e+01 5.623948806322914606e+00 2.471445462973867535e+01 9.637680960064102464e+01 4.560327644346792830e+00 2.484285799999999966e+01 9.621044600000000457e+01 0.000000000000000000e+00 -3.010189894605098471e-04 -2.840278555837662602e-02 -1.250152509064242468e+00
2.480978500000000153e+01 9.600706999999999880e+01 -5.982086367766896728e-01 2.481065141666080720e+01 9.636416865953231081e+01 3.803211436624260422e+00 2.493906799999999890e+01 9.621044600000000457e+01 0.000000000000000000e+00 -1.823028423335336975e-04 -1.720126875305050262e-02 -7.571162077225324083e-01
2.490591799999999978e+01 9.600706999999999880e+01 1.472475842986568750e+00 2.490682635899229780e+01 9.634993790664482560e+01 3.009444018924400943e+00 2.503527899999999917e+01 9.621044600000000457e+01 0.000000000000000000e+00 -1.911279337602891709e-04 -1.803396432410547465e-02 -7.937674176998594788e-01
2.500267900000000054e+01 9.650972500000000309e+01 7.751348554229480214e-01 2.500309109306543576e+01 9.634476592492427471e+01 2.649337440824596435e+00 2.513148899999999841e+01 9.621044600000000457e+01 0.000000000000000000e+00 -8.670855551761693020e-05 -8.181425739476683862e-03 -3.601065780998043975e-01
2.509944000000000131e+01 9.657255700000000331e+01 2.753978760736572440e+00 2.509943767323418129e+01 9.634746145644933790e+01 2.651370679789812446e+00 2.522769900000000121e+01 9.621044600000000457e+01 0.000000000000000000e+00 4.895750992006772757e-07 4.619408424112752030e-05 2.033238965216174060e-03
2.519557299999999955e+01 9.657255700000000331e+01 4.602525320929998998e+00 2.519574935375866431e+01 9.634661161514230798e+01 2.497264353102594203e+00 2.532391000000000147e+01 9.621044600000000457e+01 0.000000000000000000e+00 -3.710661730669966750e-05 -3.501211986817887121e-03 -1.541063266872181037e-01
2.529170500000000033e+01 9.632122900000000243e+01 3.683228481145306432e+00 2.529202903397511903e+01 9.634267572124340973e+01 2.214108008686695328e+00 2.542012000000000072e+01 9.621044600000000457e+01 0.000000000000000000e+00 -6.818003086615814128e-05 -6.433158251994772724e-03 -2.831563444158990972e-01
2.538783799999999857e+01 9.613273399999999924e+01 2.799419892136029375e+00 2.538827984754989942e+01 9.633611767747160570e+01 1.828000542722347799e+00 2.551633100000000098e+01 9.621044600000000457e+01 0.000000000000000000e+00 -9.296920046558248543e-05 -8.772151780491278111e-03 -3.861074659643475848e-01
2.548397100000000037e+01 9.613273399999999924e+01 1.961082254923894652e+00 2.548450460362043657e+01 9.632735186132319427e+01 1.361712245408956967e+00 2.561254100000000022e+01 9.621044600000000457e+01 0.000000000000000000e+00 -1.122756072053953443e-04 -1.059381669112194682e-02 -4.662882973133908315e-01
2.557696200000000175e+01 9.519025600000000509e+01 1.164808330490814114e+00 2.558015978911426913e+01 9.626522676351700625e+01 -1.432668422479212555e+00 2.570875200000000049e+01 9.621044600000000457e+01 0.000000000000000000e+00 -6.728472236121709523e-04 -6.348681005160630719e-02 -2.794380667888169523e+00
2.567875000000000085e+01 9.657255700000000331e+01 -1.278498135347126663e+01 2.567682858477175500e+01 9.630194061422601237e+01 2.463558586526952698e-01 2.580496199999999973e+01 9.621044600000000457e+01 0.000000000000000000e+00 4.042852281793104033e-04 3.814651913148797008e-02 1.679024281131907825e+00
2.577362600000000015e+01 9.707521099999999592e+01 1.110331326528284990e+01 2.577321675736085993e+01 9.631031180532791325e+01 6.039715982855000664e-01 2.590117300000000000e+01 9.621044600000000457e+01 0.000000000000000000e+00 8.610879694991294597e-05 8.124835243256540301e-03 3.576157396328047966e-01
2.587164299999999884e+01 9.789202500000000384e+01 4.481276291196081729e+00 2.586989513884502756e+01 9.634561666719037021e+01 2.131336051373004636e+00 2.599738299999999924e+01 9.621044600000000457e+01 0.000000000000000000e+00 3.677676930396547622e-04 3.470089026418300693e-02 1.527364453087504348e+00
2.596777600000000064e+01 9.650972500000000309e+01 1.142994017512319260e+01 2.596650851323531839e+01 9.637291185507714886e+01 3.238926447571407241e+00 2.609359299999999848e+01 9.621044600000000457e+01 0.000000000000000000e+00 2.666920550752311194e-04 2.516385183539543782e-02 1.107590396198402605e+00
2.606390899999999888e+01 9.669822000000000628e+01 1.000087847728718771e+01 2.606306139023463686e+01 9.639297867049695867e+01 3.979608292936874570e+00 2.618980399999999875e+01 9.621044600000000457e+01 0.000000000000000000e+00 1.783456810165827270e-04 1.682788897223807742e-02 7.406818453654675505e-01
2.615815699999999921e+01 9.556724699999999473e+01 8.615556791708513629e+00 2.615923048631422887e+01 9.637564598479890776e+01 3.041544744486915697e+00 2.628601400000000154e+01 9.621044600000000457e+01 0.000000000000000000e+00 -2.258723950532239748e-04 -2.131229399099235713e-02 -9.380635484499589838e-01
2.625554599999999894e+01 9.575574199999999792e+01 -6.398309312471610610e-01 2.625559693568689212e+01 9.637767628578616552e+01 2.997034711561453513e+00 2.638222499999999826e+01 9.621044600000000457e+01 0.000000000000000000e+00 -1.071738450703517886e-05 -1.011243757231237777e-03 -4.451003292546237139e-02
2.635167900000000074e+01 9.606990199999999902e+01 3.854991899075685069e+00 2.635192446265984145e+01 9.637580006566348345e+01 2.782537730417892874e+00 2.647843500000000105e+01 9.621044600000000457e+01 0.000000000000000000e+00 -5.164783019512743519e-05 -4.873254834244070133e-03 -2.144969811435606388e-01
2.644655500000000004e+01 9.613273399999999924e+01 2.788734393611775886e+00 2.644799802658323173e+01 9.634993369900547577e+01 1.521552267231024214e+00 2.657462299999999900e+01 9.618785300000000404e+01 -2.259253999999999962e+01 -3.036274111364324060e-04 -2.864890438842145753e-02 -1.260985463186868660e+00
2.654394399999999976e+01 9.600706999999999880e+01 -3.504660345980482816e+00 2.654427836687970554e+01 9.634481695030261506e+01 1.229366537890210997e+00 2.667074099999999959e+01 9.611742200000000480e+01 -7.043121200000000215e+01 -7.035417866479752667e-05 -6.638300970092675217e-03 -2.921857293408132161e-01
2.664007700000000156e+01 9.625839700000000221e+01 1.148868172253969533e+00 2.664052874647805425e+01 9.633707763822577874e+01 8.346089163132381916e-01 2.676673999999999864e+01 9.599915199999999516e+01 -1.182698840000000047e+02 -9.505203522558720137e-05 -8.968678614721980677e-03 -3.947576215769728059e-01
2.673558099999999982e+01 9.632122900000000243e+01 2.431597330805743695e-01 2.673664282308687135e+01 9.631683150722591336e+01 -9.326274771635711947e-02 2.686257300000000114e+01 9.583304300000000353e+01 -1.661085559999999930e+02 -2.234183338673504271e-04 -2.108073991616673387e-02 -9.278716640295953111e-01
2.683045699999999911e+01 9.550441499999999451e+01 -3.251027470633744088e+00 2.683252457023959181e+01 9.627569005950451242e+01 -1.900004249599292372e+00 2.695819200000000038e+01 9.561909599999999898e+01 -2.139472289999999930e+02 -4.350377231336645368e-04 -4.104818497369675662e-02 -1.806741501882935363e+00
2.692470499999999944e+01 9.487609700000000146e+01 -9.159509126751800068e+00 2.692808758099061350e+01 9.620663450835624531e+01 -4.855864873916933888e+00 2.705354900000000029e+01 9.535730999999999824e+01 -2.617859010000000239e+02 -7.117293063581362628e-04 -6.715554689866137794e-02 -2.955860624317641516e+00
2.701832500000000081e+01 9.424777799999999672e+01 -1.731261194516991964e+01 2.702325455851746483e+01 9.610391041826376579e+01 -9.163548254590210718e+00 2.714859699999999876e+01 9.504768599999999878e+01 -3.096245729999999980e+02 -1.037229049067503505e-03 -9.786822521855877144e-02 -4.307683380673277718e+00
2.711131599999999864e+01 9.361945900000000620e+01 -2.754141562430868362e+01 2.711795663110644838e+01 9.596290813061354186e+01 -1.496644848451880350e+01 2.724328699999999870e+01 9.469022200000000566e+01 -3.574632449999999722e+02 -1.397256055151780861e-03 -1.318387393956317044e-01 -5.802900229928591891e+00
2.720367900000000105e+01 9.299114099999999894e+01 -3.968261713708398020e+01 2.721213320552771719e+01 9.578009742433206952e+01 -2.235413655425502455e+01 2.733757200000000154e+01 9.428492099999999709e+01 -4.053019170000000031e+02 -1.778850485102780000e-03 -1.678442577969597171e-01 -7.387688069736221941e+00
2.729729800000000139e+01 9.292830899999999872e+01 -5.356627956710417493e+01 2.730605877093205436e+01 9.558381268128867703e+01 -3.000971609797812789e+01 2.743140400000000056e+01 9.383177999999999486e+01 -4.531405889999999772e+02 -1.843354951717798276e-03 -1.739306064891383008e-01 -7.655579543723105118e+00
2.739405899999999860e+01 9.418494599999999650e+01 -6.111674387714538170e+01 2.740031190433960262e+01 9.542966189900590734e+01 -3.547380218382559036e+01 2.752473499999999973e+01 9.333080099999999391e+01 -5.009792610000000082e+02 -1.315674415690396351e-03 -1.241410661847973940e-01 -5.464086085847461582e+00
2.748704999999999998e+01 9.468760100000000079e+01 -5.476109000431915774e+01 2.749421602507010931e+01 9.525191852988245955e+01 -4.173581672136062082e+01 2.761751699999999943e+01 9.278198299999999676e+01 -5.488179340000000366e+02 -1.507804267406296066e-03 -1.422695669396159268e-01 -6.262014537535026903e+00
2.758004100000000136e+01 9.412211399999999628e+01 -6.439077878582156700e+01 2.758781198229567977e+01 9.505590272180116074e+01 -4.852647174006052921e+01 2.770970200000000006e+01 9.218532600000000343e+01 -5.966566060000000107e+02 -1.635093395952122008e-03 -1.542799913599468831e-01 -6.790655018699908396e+00
2.767114799999999875e+01 9.242565399999999443e+01 -7.317224496953531343e+01 2.768081052800652131e+01 9.481554274939915672e+01 -5.697004963076385309e+01 2.780124299999999948e+01 9.154083099999999718e+01 -6.444952779999999848e+02 -2.033093775089102415e-03 -1.918335006619359684e-01 -8.443577890703323874e+00
2.776225399999999865e+01 9.167167200000000093e+01 -8.903229975336489588e+01 2.777327802020531422e+01 9.453970902496962481e+01 -6.660336435020725787e+01 2.789209100000000063e+01 9.084849699999999473e+01 -6.923339499999999589e+02 -2.319565525787221048e-03 -2.188636747987708353e-01 -9.633314719443399454e+00
2.785524500000000003e+01 9.167167200000000093e+01 -1.035710155911992842e+02 2.786560465185364066e+01 9.426743191981563541e+01 -7.565612231248587705e+01 2.798219999999999885e+01 9.010832399999999609e+01 -7.401726220000000467e+02 -2.179775694467347025e-03 -2.056737408037893622e-01 -9.052757962278615622e+00
2.794446599999999847e+01 9.129468099999999708e+01 -1.088854102132663684e+02 2.795716273421424702e+01 9.393970315464518706e+01 -8.675113432416533499e+01 2.807151999999999958e+01 8.932031299999999874e+01 -7.880112940000000208e+02 -2.671521498051272151e-03 -2.520726428579688205e-01 -1.109501201167945972e+01
2.803368700000000047e+01 9.035220300000000293e+01 -1.292576224351250858e+02 2.804803921117992971e+01 9.356801262236778882e+01 -9.929278107745113857e+01 2.816000400000000070e+01 8.848446300000000520e+01 -8.358499669999999924e+02 -3.019850621801737842e-03 -2.849393979532314214e-01 -1.254164675328580358e+01
2.812227999999999994e+01 8.903273400000000493e+01 -1.478646199094373515e+02 2.813820648386867873e+01 9.315252586475521923e+01 -1.132101024015840522e+02 2.824760500000000008e+01 8.760077400000000125e+01 -8.836886389999999665e+02 -3.351093543077692926e-03 -3.161939765351109433e-01 -1.391732132413291367e+01
2.820898800000000151e+01 8.821591999999999700e+01 -1.673717661316723024e+02 2.822742340807124961e+01 9.267331124841578571e+01 -1.293198413737640067e+02 2.833427400000000063e+01 8.666924699999999859e+01 -9.315273110000000543e+02 -3.878996610987765596e-03 -3.660045139378565460e-01 -1.610973897217996154e+01
2.829444000000000159e+01 8.689645099999999900e+01 -1.929225221628121290e+02 2.831558329578236055e+01 9.212422626455318664e+01 -1.477958617986467686e+02 2.841996400000000023e+01 8.568988099999999974e+01 -9.793659830000000284e+02 -4.448763616618851141e-03 -4.197651424888391714e-01 -1.847602042488276552e+01
2.837863400000000169e+01 8.545131899999999803e+01 -2.214051582390156909e+02 2.840259251075144675e+01 9.150077382665007519e+01 -1.687319513539384559e+02 2.850462699999999927e+01 8.466267600000000471e+01 -1.027204655000000002e+03 -5.041113364565174768e-03 -4.756565761044767582e-01 -2.093608955529169791e+01
2.846220100000000031e+01 8.438317700000000343e+01 -2.525325344860411860e+02 2.848847962888044805e+01 9.081032319387769292e+01 -1.916954708038329045e+02 2.858821500000000171e+01 8.358763299999999674e+01 -1.075043327000000090e+03 -5.529289721969871639e-03 -5.217186814184489041e-01 -2.296351944989443439e+01
2.854450999999999894e+01 8.337786800000000653e+01 -2.833650315134136690e+02 2.857316483646905425e+01 9.004973337295726310e+01 -2.167354337936947957e+02 2.867067899999999980e+01 8.246475100000000680e+01 -1.122881998999999951e+03 -6.029267869868521444e-03 -5.688943501165961703e-01 -2.503996298986189828e+01
2.862681999999999860e+01 8.268671700000000158e+01 -3.164410455867846395e+02 2.865679843559164297e+01 8.923782571921958606e+01 -2.429320208347452592e+02 2.875197299999999956e+01 8.129403000000000645e+01 -1.170720671999999922e+03 -6.307766533471654245e-03 -5.951722199439819505e-01 -2.619658704105047420e+01
2.870535999999999888e+01 8.117875300000000038e+01 -3.461992464242821370e+02 2.873886500321457405e+01 8.832970731527656483e+01 -2.722102908878361518e+02 2.883204900000000137e+01 8.007547099999999318e+01 -1.218559344000000010e+03 -7.049792085871144434e-03 -6.651863831082770462e-01 -2.927827005309091035e+01
2.878389999999999915e+01 7.967078800000000172e+01 -3.885519183765381968e+02 2.881955618323131674e+01 8.734960252256799151e+01 -3.033683646544065482e+02 2.891088600000000142e+01 7.883683499999999356e+01 -1.238636363999999958e+03 -7.502422153093297498e-03 -7.078945018207390971e-01 -3.115807376657039995e+01
2.886055500000000151e+01 7.797432799999999986e+01 -4.267315119544764457e+02 2.889872313856901798e+01 8.628846894051903860e+01 -3.367215048194922247e+02 2.898848399999999970e+01 7.759819799999999645e+01 -1.238636363999999958e+03 -8.030963002540823792e-03 -7.577652173945490510e-01 -3.335314016508569068e+01
2.893595300000000137e+01 7.684335500000000252e+01 -4.687450575675229629e+02 2.897634447189927798e+01 8.514984161497693549e+01 -3.720174997052449726e+02 2.906484299999999976e+01 7.635956199999999683e+01 -1.238636363999999958e+03 -8.498774857849198533e-03 -8.019058207226111845e-01 -3.529599488575275501e+01
2.900946599999999975e+01 7.520972700000000088e+01 -5.115484612020136410e+02 2.905229636259742065e+01 8.392749815646085665e+01 -4.094447136221664323e+02 2.913996399999999909e+01 7.512092599999999720e+01 -1.238636363999999958e+03 -9.011942166981420227e-03 -8.503259588108239564e-01 -3.742721391692147392e+01
2.908172300000000021e+01 7.370176200000000222e+01 -5.575521570813953076e+02 2.912658063713157475e+01 8.262747930359029169e+01 -4.486434567313880848e+02 2.921384700000000123e+01 7.388228900000000010e+01 -1.238636363999999958e+03 -9.438501265491035588e-03 -8.905741392484000096e-01 -3.919874310922165250e+01
2.915146599999999921e+01 7.187963899999999740e+01 -6.037291121482703602e+02 2.919898526084867640e+01 8.123541957408687608e+01 -4.901680536084767823e+02 2.928649000000000058e+01 7.264365300000000047e+01 -1.238636363999999958e+03 -9.998533858122708728e-03 -9.434162727720274422e-01 -4.152459687708871172e+01
2.922183800000000176e+01 7.068583399999999983e+01 -6.551585876401086352e+02 2.926986932008689379e+01 7.979166915906510837e+01 -5.321401122739924858e+02 2.935789499999999919e+01 7.140501700000000085e+01 -1.238636363999999958e+03 -1.010627630906199385e-02 -9.535823614133023263e-01 -4.197205866551569642e+01
2.928843900000000033e+01 6.905220500000000072e+01 -6.981088285343303141e+02 2.933879872326507510e+01 7.825972009412532771e+01 -5.761468407052959719e+02 2.942806200000000061e+01 7.016638000000000375e+01 -1.238636363999999958e+03 -1.059619592474289780e-02 -9.998089526657885084e-01 -4.400672843130347900e+01
2.935504099999999994e+01 6.773273600000000272e+01 -7.513881978950739722e+02 2.940603972217113693e+01 7.667107803511179043e+01 -6.207119568620209975e+02 2.949698899999999924e+01 6.892774400000000412e+01 -1.238636363999999958e+03 -1.073064776770993843e-02 -1.012495218308250511e+00 -4.456511615672508242e+01
2.941975800000000163e+01 6.603627600000000086e+01 -7.983107746630130350e+02 2.947151107333381503e+01 7.502289446616885016e+01 -6.659362610484957941e+02 2.956467800000000068e+01 6.768910700000000702e+01 -1.238636363999999958e+03 -1.088937089400133888e-02 -1.027471612080914198e+00 -4.522430418647478945e+01
2.948384700000000080e+01 6.509379900000000418e+01 -8.469820915712834903e+02 2.953536177017426567e+01 7.333421770784545402e+01 -7.109523245667000992e+02 2.963112900000000138e+01 6.645047099999999318e+01 -1.238636363999999958e+03 -1.083922949519371126e-02 -1.022740497274893023e+00 -4.501606351820434782e+01
2.954479299999999853e+01 6.333450700000000211e+01 -8.918134046804598256e+02 2.959729380955106137e+01 7.158094870621795280e+01 -7.568300363280651482e+02 2.969634100000000032e+01 6.521183499999999356e+01 -1.238636363999999958e+03 -1.104670216876439334e-02 -1.042316677060801444e+00 -4.587771176136507023e+01
2.960699699999999979e+01 6.226636500000000041e+01 -9.434098227034428419e+02 2.965780568187486921e+01 6.981539638711933549e+01 -8.012290862086744028e+02 2.976031400000000104e+01 6.397319799999999645e+01 -1.238636363999999958e+03 -1.069066136424523007e-02 -1.008722282770547984e+00 -4.439904988060923330e+01
2.966543100000000166e+01 6.069556899999999899e+01 -9.826645343896789200e+02 2.971647936962413183e+01 6.800068641459704111e+01 -8.458375866780920660e+02 2.982304900000000103e+01 6.273456199999999683e+01 -1.238636363999999958e+03 -1.074109409475442617e-02 -1.013480886313611329e+00 -4.460850046941769875e+01
2.972449299999999894e+01 5.975309099999999773e+01 -1.031270772330297859e+03 2.977370287999310960e+01 6.617786811025798954e+01 -8.888395272089221635e+02 2.988454400000000177e+01 6.149592599999999720e+01 -1.238636363999999958e+03 -1.035425725227722901e-02 -9.769807176609586197e-01 -4.300194053083011880e+01
2.978104099999999832e+01 5.811946300000000321e+01 -1.069991698750711294e+03 2.982928524952080807e+01 6.433121886015494795e+01 -9.309976537708807882e+02 2.994480199999999925e+01 6.025728900000000010e+01 -1.238636363999999958e+03 -1.015107881895753981e-02 -9.578097228941208074e-01 -4.215812656195862473e+01
2.983633299999999977e+01 5.692565799999999854e+01 -1.112454204451130863e+03 2.988327408892553194e+01 6.246828358018635186e+01 -9.720170164417666001e+02 3.000382000000000104e+01 5.901865300000000047e+01 -1.238636363999999958e+03 -9.876880628545201338e-03 -9.319376261977144749e-01 -4.101936267088576926e+01
2.989099699999999871e+01 5.548052500000000009e+01 -1.152971852150830273e+03 2.993582425536373037e+01 6.060629560421040907e+01 -1.011189210512986165e+03 3.006159999999999854e+01 5.778001700000000085e+01 -1.238636363999999958e+03 -9.432108633766039460e-03 -8.899709595341761537e-01 -3.917219407121959307e+01
2.994314699999999974e+01 5.409822499999999934e+01 -1.188853559209527702e+03 2.998675036637110125e+01 5.872943372439532084e+01 -1.049291912000910770e+03 3.011814199999999886e+01 5.654137999999999664e+01 -1.238636363999999958e+03 -9.174589991580609644e-03 -8.656726693021014052e-01 -3.810270148792469058e+01
2.999592600000000076e+01 5.309291499999999786e+01 -1.228147978896013228e+03 3.003643223249067518e+01 5.687595761007524686e+01 -1.084688190165699098e+03 3.017344500000000096e+01 5.530274399999999702e+01 -1.238636363999999958e+03 -8.522921648817636045e-03 -8.041842023191633215e-01 -3.539627816478822808e+01
3.004619200000000134e+01 5.183627800000000008e+01 -1.257284711889944901e+03 3.008466973977342107e+01 5.502735758303713709e+01 -1.118311874631684987e+03 3.022750900000000129e+01 5.406410699999999991e+01 -1.238636363999999958e+03 -8.096106232243421158e-03 -7.639118368724068242e-01 -3.362368446598580363e+01
3.009519999999999840e+01 5.064247300000000251e+01 -1.289947245114303769e+03 3.013150004436180396e+01 5.318836840952387490e+01 -1.150032584967320645e+03 3.028033399999999986e+01 5.282547100000000029e+01 -1.238636363999999958e+03 -7.637897057335461294e-03 -7.206772988815760561e-01 -3.172071033563576492e+01
3.014295299999999855e+01 4.900884500000000088e+01 -1.320515847915728045e+03 3.017695833047005038e+01 5.136321627190614691e+01 -1.179748064842685380e+03 3.033192100000000124e+01 5.158683500000000066e+01 -1.238636363999999958e+03 -7.155066008795599522e-03 -6.751195526504089051e-01 -2.971547987536464319e+01
3.019007699999999872e+01 4.794070299999999918e+01 -1.348975167987810437e+03 3.022118601980469066e+01 4.956585010885287801e+01 -1.206932610299837961e+03 3.038226900000000086e+01 5.034819799999999645e+01 -1.238636363999999958e+03 -6.545652904844587172e-03 -6.176180982105834438e-01 -2.718454545715260906e+01
3.023594399999999993e+01 4.693539299999999770e+01 -1.372703033150028205e+03 3.026420252391465837e+01 4.779789127824832207e+01 -1.231626256474902220e+03 3.043137899999999973e+01 4.910956199999999683e+01 -1.238636363999999958e+03 -5.945879693731819654e-03 -5.610262203047203799e-01 -2.469364617506417758e+01
3.027992599999999968e+01 4.567875599999999991e+01 -1.394521273663271131e+03 3.030591603534585943e+01 4.605027588731938692e+01 -1.254337589127883803e+03 3.047925000000000040e+01 4.787092599999999720e+01 -1.238636363999999958e+03 -5.468566718807014136e-03 -5.159891344540319391e-01 -2.271133265298166393e+01
3.032265200000000149e+01 4.417079199999999872e+01 -1.417090430396338888e+03 3.034635234893536193e+01 4.432540709764953846e+01 -1.275048084573534197e+03 3.052588199999999929e+01 4.663228900000000010e+01 -1.238636363999999958e+03 -4.986793503252174957e-03 -4.705312005419614585e-01 -2.071049544565038758e+01
3.036474899999999977e+01 4.291415500000000094e+01 -1.437628857917759888e+03 3.038564376233012609e+01 4.263552809092173845e+01 -1.293306924612399598e+03 3.057127600000000101e+01 4.539365300000000047e+01 -1.238636363999999958e+03 -4.396469660597005120e-03 -4.148309221542691994e-01 -1.825884003886534046e+01
3.040559000000000012e+01 4.190884499999999946e+01 -1.453538738584655221e+03 3.042380088274984473e+01 4.098067423100544460e+01 -1.309220462648507691e+03 3.061543100000000095e+01 4.415501700000000085e+01 -1.238636363999999958e+03 -3.831754208897340114e-03 -3.615469353038912037e-01 -1.591353803610806139e+01
3.044454599999999900e+01 4.065220800000000168e+01 -1.467664363709459849e+03 3.046072311737728810e+01 3.935028387834375962e+01 -1.323356799488098204e+03 3.065834699999999913e+01 4.291637999999999664e+01 -1.238636363999999958e+03 -3.403829372235479562e-03 -3.211698900131819689e-01 -1.413633683959042564e+01
3.048224499999999892e+01 3.914424400000000048e+01 -1.482695260999204947e+03 3.049642756707275026e+01 3.774535568386441042e+01 -1.335750203128228804e+03 3.070002500000000012e+01 4.167774399999999702e+01 -1.238636363999999958e+03 -2.984155783137730500e-03 -2.815713949912532210e-01 -1.239340364013061979e+01
3.051931499999999886e+01 3.788760700000000270e+01 -1.495876384355361097e+03 3.053103833848008009e+01 3.617685799906675470e+01 -1.345994615514802263e+03 3.074046399999999934e+01 4.043910699999999991e+01 -1.238636363999999958e+03 -2.466709174971931998e-03 -2.327474816694292403e-01 -1.024441238657337472e+01
3.055512999999999835e+01 3.688229700000000122e+01 -1.504625759495861985e+03 3.056455837381103890e+01 3.464367862688160926e+01 -1.354233578299950295e+03 3.077966400000000036e+01 3.920047100000000029e+01 -1.238636363999999958e+03 -1.983825360350855750e-03 -1.871847566703373211e-01 -8.238962785147927903e+00
3.058905899999999889e+01 3.562566000000000344e+01 -1.511801743938057371e+03 3.059687943657208464e+01 3.313418322441771124e+01 -1.361067448824428084e+03 3.081762600000000063e+01 3.796183500000000066e+01 -1.238636363999999958e+03 -1.645499076686244948e-03 -1.552618241639500962e-01 -6.833870524477792863e+00
3.062236000000000047e+01 3.430619099999999833e+01 -1.520118801989178337e+03 3.062812092838171196e+01 3.165874207775969396e+01 -1.366101622850202375e+03 3.085434899999999914e+01 3.672319799999999645e+01 -1.238636363999999958e+03 -1.212157690377421845e-03 -1.143736978335871124e-01 -5.034174025774212247e+00
3.065377600000000058e+01 3.292389000000000010e+01 -1.524189937588862904e+03 3.065817171639039529e+01 3.020537078153650157e+01 -1.369942809515088584e+03 3.088983400000000046e+01 3.548456199999999683e+01 -1.238636363999999958e+03 -9.249032576502920835e-04 -8.726967337298943694e-02 -3.841186664886238056e+00
3.068456300000000070e+01 3.179291699999999921e+01 -1.529532207314705829e+03 3.068714816984394034e+01 2.878410370360697002e+01 -1.372201854241611045e+03 3.092408000000000001e+01 3.424592599999999720e+01 -1.238636363999999958e+03 -5.439459232321170552e-04 -5.132426841444269472e-02 -2.259044726522573043e+00
3.071409399999999934e+01 3.059911200000000164e+01 -1.530771705586277676e+03 3.071504588613492359e+01 2.739300372566822617e+01 -1.373033657752855333e+03 3.095708700000000135e+01 3.300728900000000010e+01 -1.238636363999999958e+03 -2.002864855039809984e-04 -1.889812369713290627e-02 -8.318035112443196155e-01
3.074236900000000006e+01 2.953096999999999994e+01 -1.530782792798088167e+03 3.074185956360902594e+01 2.603008408426587295e+01 -1.372588487933461693e+03 3.098885599999999840e+01 3.176865300000000047e+01 -1.238636363999999958e+03 1.071905773100454806e-04 1.011401635050440326e-02 4.451698193936770021e-01
3.076938600000000079e+01 2.827433299999999861e+01 -1.529639127047443253e+03 3.076758277108083206e+01 2.469329572191291433e+01 -1.371012740486884923e+03 3.101938600000000079e+01 3.053001700000000085e+01 -1.238636363999999958e+03 3.794176315084653696e-04 3.580012558050327948e-02 1.575747446576827748e+00
3.079514700000000005e+01 2.701769600000000082e+01 -1.527423196908227737e+03 3.079220878965375974e+01 2.338061628467956865e+01 -1.368445192128836197e+03 3.104867700000000141e+01 2.929138000000000019e+01 -1.238636363999999958e+03 6.182292212566187998e-04 5.833330325354131596e-02 2.567548358048728829e+00
3.081965200000000138e+01 2.576105899999999949e+01 -1.524200245150357659e+03 3.081573034027531222e+01 2.209002915545974233e+01 -1.365018258791733388e+03 3.107673000000000130e+01 2.805274400000000057e+01 -1.238636363999999958e+03 8.251569329371680151e-04 7.785806290900965099e-02 3.426933337102703980e+00
3.084290000000000020e+01 2.450442200000000170e+01 -1.520044229468320964e+03 3.083813951464444614e+01 2.081952245409783231e+01 -1.360858319605007637e+03 3.110354399999999941e+01 2.681410699999999991e+01 -1.238636363999999958e+03 1.001654343071023889e-03 9.451155742982148000e-02 4.159939186725802429e+00
3.086551899999999904e+01 2.343628100000000103e+01 -1.515032788963446819e+03 3.085953723243120450e+01 1.957742222886450989e+01 -1.355631165763166791e+03 3.112911899999999932e+01 2.557547100000000029e+01 -1.238636363999999958e+03 1.258624492465550831e-03 1.187580943716860377e-01 5.227153841840895154e+00
3.088688199999999995e+01 2.243097099999999955e+01 -1.506600697175223559e+03 3.087990489305690645e+01 1.836030997331643988e+01 -1.349534236896723996e+03 3.115345599999999848e+01 2.433683500000000066e+01 -1.238636363999999958e+03 1.468053979720358856e-03 1.385189102150985452e-01 6.096928866442762995e+00
3.090698799999999835e+01 2.136282999999999888e+01 -1.497622007966144338e+03 3.089922404970380398e+01 1.716491611906894477e+01 -1.342749726774609371e+03 3.117655500000000046e+01 2.309819800000000001e+01 -1.238636363999999958e+03 1.633613792026166996e-03 1.541403826492288298e-01 6.784510122114576269e+00
3.092520899999999884e+01 1.991769700000000043e+01 -1.488171427676171788e+03 3.091736751817134277e+01 1.597784603519444424e+01 -1.335897465901048690e+03 3.119841399999999965e+01 2.185956200000000038e+01 -1.238636363999999958e+03 1.649927211859029920e-03 1.556796429001086890e-01 6.852260873560601873e+00
3.094280200000000036e+01 1.859822799999999887e+01 -1.480954562207343542e+03 3.093443740995360614e+01 1.480801366003554875e+01 -1.328588088113697950e+03 3.121903500000000165e+01 2.062092600000000076e+01 -1.238636363999999958e+03 1.759994480017688327e-03 1.660650907421523104e-01 7.309377787350684663e+00
3.095913799999999938e+01 1.740442300000000131e+01 -1.470588299505367104e+03 3.095041626992870931e+01 1.365258108673890725e+01 -1.320966624336423820e+03 3.123841699999999832e+01 1.938228900000000010e+01 -1.238636363999999958e+03 1.835140359124753668e-03 1.731555148170552116e-01 7.621463777274132489e+00
3.097421800000000047e+01 1.633628200000000064e+01 -1.459946941707601127e+03 3.096528744660509957e+01 1.250891581867652569e+01 -1.313162680777757032e+03 3.125656100000000137e+01 1.814365300000000047e+01 -1.238636363999999958e+03 1.879078901817355990e-03 1.773013562740418381e-01 7.803943558666764702e+00
3.098866900000000157e+01 1.526814000000000071e+01 -1.449087488222519369e+03 3.097914394842469576e+01 1.138485727156262151e+01 -1.304839236350505644e+03 3.127346599999999910e+01 1.690501700000000085e+01 -1.238636363999999958e+03 2.004167341308810482e-03 1.891041336638515369e-01 8.323444427251311950e+00
3.100123599999999868e+01 1.407433499999999960e+01 -1.435435234496010025e+03 3.099185107034740483e+01 1.026634028002298926e+01 -1.296638237143366268e+03 3.128913199999999861e+01 1.566638000000000019e+01 -1.238636363999999958e+03 1.974684269319485971e-03 1.863222448108731999e-01 8.200999207139336278e+00
3.101317399999999935e+01 1.294336200000000048e+01 -1.424486088008216257e+03 3.100350379962747382e+01 9.161687865669639663e+00 -1.288187954773265574e+03 3.130359800000000092e+01 1.446584400000000059e+01 -1.200536487000000079e+03 2.034708118617938478e-03 1.919858227900158310e-01 8.450282370100723028e+00
3.102385500000000107e+01 1.174955600000000011e+01 -1.410852848740051968e+03 3.101407847368894011e+01 8.067596659210931165e+00 -1.279644759726148322e+03 3.131691100000000105e+01 1.331314599999999970e+01 -1.152697814000000108e+03 2.057080173179894663e-03 1.940967483145562833e-01 8.543195047117141172e+00
3.103328000000000131e+01 1.068141499999999944e+01 -1.397391421863253754e+03 3.102355292341762194e+01 6.981066905282967916e+00 -1.271144776210786631e+03 3.132911999999999964e+01 1.220828700000000033e+01 -1.104859142000000020e+03 2.046675449334015278e-03 1.931150057981844970e-01 8.499983515361753561e+00
3.104144799999999904e+01 9.424777999999999878e+00 -1.384143836627253449e+03 3.103190612507855661e+01 5.899360262428455570e+00 -1.262806630741179788e+03 3.134027100000000132e+01 1.115126599999999968e+01 -1.057020469999999932e+03 2.007707143758347742e-03 1.894381333562742964e-01 8.338145469606851989e+00
3.104898800000000136e+01 8.356635999999999953e+00 -1.371157102391587387e+03 3.103922773967132542e+01 4.830327445844170953e+00 -1.254277649685385086e+03 3.135041299999999964e+01 1.014208400000000054e+01 -1.009181797999999958e+03 2.053657645709776845e-03 1.937738141568952355e-01 8.528981055794607968e+00
3.105527100000000118e+01 7.351327000000000389e+00 -1.355828312380001762e+03 3.104548913233952945e+01 3.770252588125121651e+00 -1.245729787112363738e+03 3.135959400000000130e+01 9.180740999999999374e+00 -9.613431259999999838e+02 2.058204047203862890e-03 1.942027919663358859e-01 8.547862573021250299e+00
3.106029799999999952e+01 6.283184999999999576e+00 -1.341004170857122972e+03 3.105066367880938216e+01 2.715796302031321385e+00 -1.237310857682910637e+03 3.136786100000000133e+01 8.267236999999999725e+00 -9.135044540000000097e+02 2.027158775284254588e-03 1.912735010185638573e-01 8.418929429453001489e+00
3.106532400000000038e+01 5.403539000000000314e+00 -1.326712460308021946e+03 3.105494472440996745e+01 1.684548781958085772e+00 -1.228240951563687986e+03 3.137526300000000035e+01 7.401570999999999678e+00 -8.656657810000000381e+02 2.183904727394897754e-03 2.060633376096749070e-01 9.069906119222594043e+00
3.106909399999999977e+01 4.649556999999999718e+00 -1.307710260058561516e+03 3.105828869776528123e+01 6.708292218974191146e-01 -1.218798763040162612e+03 3.138184599999999946e+01 6.583744000000000263e+00 -8.178271089999999504e+02 2.273545049135338239e-03 2.145213915030214358e-01 9.442188523525340216e+00
3.107160700000000020e+01 3.769911000000000012e+00 -1.289631008731832935e+03 3.106065461942707273e+01 -3.305281526708855888e-01 -1.209228050448828981e+03 3.138766000000000034e+01 5.813755999999999702e+00 -7.699884369999999763e+02 2.304491821415132185e-03 2.174413884718579548e-01 9.570712591333695229e+00
3.107412100000000166e+01 2.890264999999999862e+00 -1.272499462248032387e+03 3.106222294793275651e+01 -1.303540072353891910e+00 -1.198830964995664772e+03 3.139275200000000154e+01 5.091605999999999632e+00 -7.221497650000000021e+02 2.503470683579722168e-03 2.362161307658228460e-01 1.039708545316423383e+01
3.107537699999999958e+01 2.136283000000000154e+00 -1.251047110811807443e+03 3.106293740845373108e+01 -2.255403536555300015e+00 -1.187960656513396543e+03 3.139716900000000166e+01 4.417295000000000194e+00 -6.743110930000000280e+02 2.617416075823847648e-03 2.469675007942565004e-01 1.087030848226816637e+01
3.107663399999999854e+01 1.633628000000000080e+00 -1.230911102596356614e+03 3.106296427351686518e+01 -3.171974399157602154e+00 -1.176015397443821939e+03 3.140096000000000132e+01 3.790821999999999914e+00 -6.264724210000000539e+02 2.876248927947770359e-03 2.713897939110947455e-01 1.194525906957467321e+01
3.107726200000000105e+01 1.068141000000000007e+00 -1.206809228242926565e+03 3.106234333059056496e+01 -4.051804308073117866e+00 -1.162978752468594166e+03 3.140417199999999909e+01 3.212188999999999961e+00 -5.786337489999999661e+02 3.139039171577342330e-03 2.961854885283066174e-01 1.303664497522772159e+01
3.107789100000000104e+01 8.168140000000000400e-01 -1.181726667592065496e+03 3.106121816936875746e+01 -4.883771604349736783e+00 -1.148409237741354218e+03 3.140685300000000169e+01 2.681392999999999915e+00 -5.307950759999999946e+02 3.508132462499636856e-03 3.310114561919748066e-01 1.456951472723993746e+01
3.107789100000000104e+01 4.398230000000000195e-01 -1.153181608576377585e+03 3.105960727425791035e+01 -5.669187729741985038e+00 -1.132432046023887779e+03 3.140905199999999908e+01 2.198437000000000197e+00 -4.829564040000000205e+02 3.847081112374348567e-03 3.629931123491056399e-01 1.597719171746653366e+01
3.107789100000000104e+01 1.884959999999999969e-01 -1.124147690345612773e+03 3.105763412269468660e+01 -6.399453004985580229e+00 -1.114730620347878130e+03 3.141081499999999949e+01 1.763319000000000081e+00 -4.351177319999999895e+02 4.262252189527694114e-03 4.021667707802926151e-01 1.770142567600975880e+01
3.107789100000000104e+01 0.000000000000000000e+00 -1.092134386909247951e+03 3.105540796309919571e+01 -7.067820140406851692e+00 -1.095083870225825876e+03 3.141219099999999997e+01 1.376039999999999930e+00 -3.872790600000000154e+02 4.730658719670812092e-03 4.463634849266073235e-01 1.964675012205217186e+01
3.107726200000000105e+01 -1.884959999999999969e-01 -1.057454917254049178e+03 3.105291537711315186e+01 -7.679542110462524107e+00 -1.073808629773025814e+03 3.141322800000000015e+01 1.036599999999999966e+00 -3.394403879999999845e+02 5.122776089474623783e-03 4.833619001701537909e-01 2.127524045279999854e+01
3.107726200000000105e+01 -2.513270000000000226e-01 -1.023056705125689859e+03 3.105035949108831872e+01 -8.219245953410322159e+00 -1.050299934191727061e+03 3.141397299999999859e+01 7.449980000000000491e-01 -2.916017160000000104e+02 5.660560400517822277e-03 5.341047868252284392e-01 2.350869558129866377e+01
3.107726200000000105e+01 -1.884959999999999969e-01 -9.837837475635033115e+02 3.104781173025646268e+01 -8.684859526379902661e+00 -1.024564883663137834e+03 3.141447399999999845e+01 5.012349999999999861e-01 -2.437630430000000104e+02 6.196635088649627386e-03 5.846863612221462336e-01 2.573505052858928366e+01
3.107789100000000104e+01 1.884959999999999969e-01 -9.427352757152776803e+02 3.104544215416290598e+01 -9.065206283568558732e+00 -9.962095343069471483e+02 3.141477899999999934e+01 3.053109999999999991e-01 -1.959243710000000078e+02 6.827565874653902106e-03 6.442181264744806235e-01 2.835534935619072527e+01
3.107789100000000104e+01 2.513270000000000226e-01 -8.975484240199455144e+02 3.104318197382567490e+01 -9.372325551736830462e+00 -9.658791315577370824e+02 3.141493600000000086e+01 1.572250000000000036e-01 -1.480856990000000053e+02 7.303130713492839154e-03 6.890902661386751893e-01 3.033040274921011559e+01
3.107789100000000104e+01 1.884959999999999969e-01 -8.539448800454449611e+02 3.104107348651172416e+01 -9.607253891394591960e+00 -9.337062320152572283e+02 3.141499299999999906e+01 5.697800000000000087e-02 -1.002470270000000028e+02 7.746777803566209063e-03 7.309507918999749165e-01 3.217289954247986827e+01
3.107789100000000104e+01 0.000000000000000000e+00 -8.093709802132232198e+02 3.103915072566733357e+01 -9.771836097396972676e+00 -8.998531323280676588e+02 3.141499800000000064e+01 4.570000000000000277e-03 -5.240835500000000025e+01 8.151346163014184035e-03 7.691240260128776596e-01 3.385309968718953400e+01
3.107789100000000104e+01 0.000000000000000000e+00 -7.640721562540361447e+02 3.103744021742798864e+01 -9.868605893763142234e+00 -8.645053089472601187e+02 3.141499800000000064e+01 -0.000000000000000000e+00 -4.569683000000000384e+00 8.511254424216935233e-03 8.030833359618976264e-01 3.534782338080756858e+01
